threshold,fpr,tpr
0.0,0.0,0.0
0.6156245655614608,9.80392156862745e-4,0.0
0.6122826377153802,0.00196078431372549,0.0
0.6094180672531438,0.00196078431372549,0.0011389521640091116
0.6068142959776358,0.0029411764705882353,0.0011389521640091116
0.6059488467376444,0.0029411764705882353,0.002277904328018223
0.6040984667739657,0.00392156862745098,0.002277904328018223
0.6038521767483125,0.004901960784313725,0.002277904328018223
0.5996097019149016,0.004901960784313725,0.003416856492027335
0.5982848387346638,0.0058823529411764705,0.003416856492027335
0.5945152362887278,0.0058823529411764705,0.004555808656036446
0.5922683351518775,0.0058823529411764705,0.0056947608200455585
0.5902877715466552,0.006862745098039216,0.0056947608200455585
0.5882224134886848,0.00784313725490196,0.0056947608200455585
0.5877657354823743,0.008823529411764706,0.0056947608200455585
0.5865685560770898,0.00980392156862745,0.0056947608200455585
0.5856397325990323,0.00980392156862745,0.00683371298405467
0.5800782097926718,0.010784313725490196,0.00683371298405467
0.5775352168640592,0.010784313725490196,0.007972665148063782
0.5773138591564705,0.011764705882352941,0.007972665148063782
0.5756582225789869,0.012745098039215686,0.007972665148063782
0.5756012164271246,0.013725490196078431,0.007972665148063782
0.5752492446977284,0.013725490196078431,0.009111617312072893
0.573639502646699,0.014705882352941176,0.009111617312072893
0.572835989405623,0.014705882352941176,0.010250569476082005
0.5720465552118644,0.01568627450980392,0.010250569476082005
0.5685657752311379,0.016666666666666666,0.010250569476082005
0.5649047507968841,0.016666666666666666,0.011389521640091117
0.564674439989594,0.01764705882352941,0.011389521640091117
0.5641804279179358,0.01764705882352941,0.012528473804100227
0.5622727244040896,0.01764705882352941,0.01366742596810934
0.5615744187023252,0.01764705882352941,0.014806378132118452
0.5601132242739412,0.018627450980392157,0.014806378132118452
0.5598690606641998,0.018627450980392157,0.015945330296127564
0.5592304413185276,0.018627450980392157,0.017084282460136675
0.557771605463241,0.018627450980392157,0.018223234624145785
0.5561052318682204,0.0196078431372549,0.018223234624145785
0.5555387462639572,0.0196078431372549,0.0193621867881549
0.5542540574120827,0.0196078431372549,0.02050113895216401
0.5530926357534077,0.0196078431372549,0.02164009111617312
0.55301565362276,0.020588235294117647,0.02164009111617312
0.5519627715090117,0.020588235294117647,0.022779043280182234
0.5517007616886062,0.021568627450980392,0.022779043280182234
0.5516694358424776,0.021568627450980392,0.023917995444191344
0.5510956353606639,0.022549019607843137,0.023917995444191344
0.5496562337870056,0.023529411764705882,0.023917995444191344
0.5492711706230039,0.024509803921568627,0.023917995444191344
0.5470264719023795,0.025490196078431372,0.023917995444191344
0.5463651578585967,0.025490196078431372,0.025056947608200455
0.542814582807832,0.025490196078431372,0.02619589977220957
0.5422294346262563,0.025490196078431372,0.02733485193621868
0.5421157972572485,0.026470588235294117,0.02733485193621868
0.5417903727088553,0.026470588235294117,0.02847380410022779
0.5415620034893579,0.027450980392156862,0.02847380410022779
0.5414600273977602,0.027450980392156862,0.029612756264236904
0.5403340943256013,0.028431372549019607,0.029612756264236904
0.5393780524914077,0.028431372549019607,0.030751708428246014
0.5390669251967166,0.029411764705882353,0.030751708428246014
0.5375513481572279,0.029411764705882353,0.03189066059225513
0.5373197715914175,0.029411764705882353,0.03302961275626424
0.5373189355860825,0.030392156862745098,0.03302961275626424
0.5371663141585381,0.03137254901960784,0.03302961275626424
0.5361984668434963,0.03137254901960784,0.03416856492027335
0.5360172955911466,0.03235294117647059,0.03416856492027335
0.5350944251588005,0.03235294117647059,0.03530751708428246
0.5341106560158614,0.03333333333333333,0.03530751708428246
0.533381306668371,0.03333333333333333,0.03644646924829157
0.5332006364540129,0.03333333333333333,0.03758542141230068
0.5327150983021058,0.03333333333333333,0.0387243735763098
0.5320397163813717,0.03431372549019608,0.0387243735763098
0.531299971673185,0.03431372549019608,0.03986332574031891
0.531135630368649,0.03431372549019608,0.04100227790432802
0.531005069998716,0.03431372549019608,0.04214123006833713
0.5305104231442919,0.03529411764705882,0.04214123006833713
0.5285240531872357,0.03529411764705882,0.04328018223234624
0.528400187376623,0.03529411764705882,0.04441913439635535
0.5270675235003499,0.03627450980392157,0.04441913439635535
0.5257149929940177,0.03627450980392157,0.04555808656036447
0.5241829998752171,0.03725490196078431,0.04555808656036447
0.5239692912638119,0.03823529411764706,0.04555808656036447
0.5238397387513135,0.0392156862745098,0.04555808656036447
0.523658563241424,0.04019607843137255,0.04555808656036447
0.5236578943941521,0.04019607843137255,0.04669703872437358
0.5233258794869957,0.041176470588235294,0.04669703872437358
0.522998276613918,0.04215686274509804,0.04669703872437358
0.5228948639082043,0.043137254901960784,0.04669703872437358
0.5225366452906707,0.04411764705882353,0.04669703872437358
0.5218653017974826,0.04411764705882353,0.04783599088838269
0.521717327145013,0.04411764705882353,0.0489749430523918
0.5214314201904199,0.045098039215686274,0.0489749430523918
0.5211052782478787,0.04607843137254902,0.0489749430523918
0.5204236604363526,0.04607843137254902,0.05011389521640091
0.5192804413775863,0.047058823529411764,0.05011389521640091
0.5185634981082595,0.04803921568627451,0.05011389521640091
0.5182180158997852,0.049019607843137254,0.05011389521640091
0.5182043569054419,0.05,0.05011389521640091
0.5178071051849868,0.05,0.05125284738041002
0.5169774558673234,0.050980392156862744,0.05125284738041002
0.5164284187629835,0.05196078431372549,0.05125284738041002
0.5157632080626646,0.05196078431372549,0.05239179954441914
0.5154416035719562,0.052941176470588235,0.05239179954441914
0.5153346354321918,0.052941176470588235,0.05353075170842825
0.5152997267667763,0.052941176470588235,0.05466970387243736
0.5148319867770768,0.05392156862745098,0.05466970387243736
0.5144050289165357,0.054901960784313725,0.05466970387243736
0.5124130276782005,0.05588235294117647,0.05466970387243736
0.5119042804695497,0.056862745098039215,0.05466970387243736
0.5116224721216348,0.056862745098039215,0.05580865603644647
0.5104144493588678,0.05784313725490196,0.05580865603644647
0.509729243051055,0.058823529411764705,0.05580865603644647
0.5097044317276523,0.059803921568627454,0.05580865603644647
0.5087380142339295,0.059803921568627454,0.05694760820045558
0.5080201067901811,0.059803921568627454,0.05808656036446469
0.5074187779102071,0.060784313725490195,0.05808656036446469
0.507385558530847,0.060784313725490195,0.05922551252847381
0.5072989347566204,0.061764705882352944,0.05922551252847381
0.5066818593658188,0.061764705882352944,0.06036446469248292
0.5065419756872407,0.06274509803921569,0.06036446469248292
0.5064643131502642,0.06372549019607843,0.06036446469248292
0.505754881758702,0.06372549019607843,0.06150341685649203
0.5055573186739681,0.06372549019607843,0.06264236902050115
0.5042026154287234,0.06470588235294118,0.06264236902050115
0.5041613343448281,0.06568627450980392,0.06264236902050115
0.5038579536686,0.06666666666666667,0.06264236902050115
0.5024368632209341,0.06764705882352941,0.06264236902050115
0.5012106214015662,0.06764705882352941,0.06378132118451026
0.5011803662201993,0.06764705882352941,0.06492027334851937
0.5008289026724496,0.06764705882352941,0.06605922551252848
0.5006700207794442,0.06764705882352941,0.06719817767653759
0.49961749793532195,0.06764705882352941,0.0683371298405467
0.49920482957781814,0.06862745098039216,0.0683371298405467
0.49898081181132997,0.0696078431372549,0.0683371298405467
0.49764780047701823,0.07058823529411765,0.0683371298405467
0.4972433916662051,0.07058823529411765,0.06947608200455581
0.4972127957030902,0.07058823529411765,0.07061503416856492
0.49594952855996416,0.07058823529411765,0.07175398633257403
0.49560926696162705,0.07058823529411765,0.07289293849658314
0.4950910423246336,0.07058823529411765,0.07403189066059225
0.4947957325494463,0.07058823529411765,0.07517084282460136
0.49437031611327353,0.07156862745098039,0.07517084282460136
0.49409243042048717,0.07156862745098039,0.07630979498861047
0.4932226575828956,0.07254901960784314,0.07630979498861047
0.49267361484511774,0.07254901960784314,0.0774487471526196
0.49208743721656817,0.07352941176470588,0.0774487471526196
0.49181681992243664,0.07450980392156863,0.0774487471526196
0.49143282975879365,0.07450980392156863,0.0785876993166287
0.49131000986698353,0.07549019607843137,0.0785876993166287
0.4906398704176889,0.07549019607843137,0.07972665148063782
0.4905663117947353,0.07549019607843137,0.08086560364464693
0.48978333746258884,0.07647058823529412,0.08086560364464693
0.4880498691247901,0.07745098039215687,0.08086560364464693
0.4871415529973499,0.0784313725490196,0.08086560364464693
0.48713140613412065,0.0784313725490196,0.08200455580865604
0.486770029516589,0.07941176470588235,0.08200455580865604
0.4861119449192831,0.0803921568627451,0.08200455580865604
0.48511905520457044,0.08137254901960785,0.08200455580865604
0.4846179227200524,0.08235294117647059,0.08200455580865604
0.4846000687943653,0.08235294117647059,0.08314350797266515
0.48453167528259167,0.08235294117647059,0.08428246013667426
0.48428329186976354,0.08333333333333333,0.08428246013667426
0.48370707621634024,0.08333333333333333,0.08542141230068337
0.4830915676766373,0.08431372549019608,0.08542141230068337
0.4827931037998371,0.08529411764705883,0.08542141230068337
0.48269368430842,0.08627450980392157,0.08542141230068337
0.482258242956455,0.08725490196078431,0.08542141230068337
0.48215693872605525,0.08725490196078431,0.08656036446469248
0.4821130210542018,0.08725490196078431,0.08769931662870159
0.48166791140505705,0.08725490196078431,0.0888382687927107
0.4815668067651895,0.08823529411764706,0.0888382687927107
0.4812786916235346,0.0892156862745098,0.0888382687927107
0.4809346454611514,0.0892156862745098,0.08997722095671981
0.4808917260318706,0.09019607843137255,0.08997722095671981
0.48046994906230756,0.09117647058823529,0.08997722095671981
0.4804172149865985,0.09117647058823529,0.09111617312072894
0.4801350524703438,0.09117647058823529,0.09225512528473805
0.47933191671296765,0.09117647058823529,0.09339407744874716
0.47835045494102263,0.09117647058823529,0.09453302961275627
0.47782232548853854,0.09117647058823529,0.09567198177676538
0.47776729656971767,0.09215686274509804,0.09567198177676538
0.47725343353285293,0.09215686274509804,0.09681093394077449
0.4767959515733356,0.09215686274509804,0.0979498861047836
0.4765089969420394,0.09215686274509804,0.09908883826879271
0.47586244308854064,0.09313725490196079,0.09908883826879271
0.47539926639094526,0.09411764705882353,0.09908883826879271
0.4736816716312848,0.09509803921568627,0.09908883826879271
0.47361852180190034,0.09607843137254903,0.09908883826879271
0.47328839920356164,0.09607843137254903,0.10022779043280182
0.47313912543092296,0.09705882352941177,0.10022779043280182
0.47282424976974374,0.09803921568627451,0.10022779043280182
0.47229964250477935,0.09803921568627451,0.10136674259681093
0.47183076065031976,0.09901960784313725,0.10136674259681093
0.47144287645436916,0.09901960784313725,0.10250569476082004
0.4710908898590681,0.1,0.10250569476082004
0.4704636181894312,0.10098039215686275,0.10250569476082004
0.470456446491165,0.10098039215686275,0.10364464692482915
0.47013316515392184,0.10196078431372549,0.10364464692482915
0.4697025258552126,0.10294117647058823,0.10364464692482915
0.4695979219762306,0.10392156862745099,0.10364464692482915
0.4692372828629655,0.10392156862745099,0.10478359908883828
0.46922142030728436,0.10392156862745099,0.10592255125284739
0.4691643628324468,0.10490196078431373,0.10592255125284739
0.4691431128844183,0.10588235294117647,0.10592255125284739
0.4687596822615196,0.10588235294117647,0.1070615034168565
0.46838470663649523,0.10686274509803921,0.1070615034168565
0.4676598498898101,0.10686274509803921,0.1082004555808656
0.4675641206304267,0.10784313725490197,0.1082004555808656
0.4675587032751826,0.10882352941176471,0.1082004555808656
0.46665029943117886,0.10882352941176471,0.10933940774487472
0.4656746231967511,0.10980392156862745,0.10933940774487472
0.4654891719709655,0.10980392156862745,0.11047835990888383
0.46537974618264033,0.10980392156862745,0.11161731207289294
0.4644833889473014,0.11078431372549019,0.11161731207289294
0.46438982392913314,0.11078431372549019,0.11275626423690205
0.46306244802811436,0.11176470588235295,0.11275626423690205
0.46306008276038635,0.11176470588235295,0.11389521640091116
0.46251294552339633,0.11274509803921569,0.11389521640091116
0.4621052365874788,0.11372549019607843,0.11389521640091116
0.46197608987701044,0.11470588235294117,0.11389521640091116
0.46180517362969437,0.11470588235294117,0.11503416856492027
0.46077728175310223,0.11568627450980393,0.11503416856492027
0.45953388787005056,0.11568627450980393,0.11617312072892938
0.4594807895994957,0.11666666666666667,0.11617312072892938
0.4590840822186466,0.11666666666666667,0.11731207289293849
0.45816907383503713,0.11666666666666667,0.11845102505694761
0.4581460654571634,0.11666666666666667,0.11958997722095673
0.4577194670458887,0.11666666666666667,0.12072892938496584
0.45759505583913107,0.11764705882352941,0.12072892938496584
0.45757706877626403,0.11862745098039215,0.12072892938496584
0.45725629298253034,0.11960784313725491,0.12072892938496584
0.4571719480419863,0.12058823529411765,0.12072892938496584
0.4567728904355811,0.12058823529411765,0.12186788154897495
0.45625049266004947,0.12058823529411765,0.12300683371298406
0.4558305923514489,0.12156862745098039,0.12300683371298406
0.4556686001091901,0.12156862745098039,0.12414578587699317
0.4556399030007365,0.12254901960784313,0.12414578587699317
0.45547535941463396,0.12352941176470589,0.12414578587699317
0.4550048855532695,0.12450980392156863,0.12414578587699317
0.45480034623367693,0.12549019607843137,0.12414578587699317
0.4541462236405189,0.1264705882352941,0.12414578587699317
0.4538112292163912,0.1264705882352941,0.1252847380410023
0.45374125036351226,0.12745098039215685,0.1252847380410023
0.4533742619435632,0.12745098039215685,0.1264236902050114
0.4531208316088101,0.12745098039215685,0.1275626423690205
0.4520919497721922,0.12745098039215685,0.12870159453302962
0.45177658047862573,0.12745098039215685,0.12984054669703873
0.45076296650183817,0.12745098039215685,0.13097949886104784
0.45060732843422935,0.1284313725490196,0.13097949886104784
0.450584193875653,0.1284313725490196,0.13211845102505695
0.45038950439221975,0.1284313725490196,0.13325740318906606
0.4499690651361558,0.1284313725490196,0.13439635535307518
0.44980040432325474,0.12941176470588237,0.13439635535307518
0.44966209049847206,0.12941176470588237,0.13553530751708429
0.4495702341619555,0.12941176470588237,0.1366742596810934
0.4494046208878963,0.1303921568627451,0.1366742596810934
0.4491047120753908,0.1303921568627451,0.1378132118451025
0.4487618283361525,0.13137254901960785,0.1378132118451025
0.44811847221714124,0.13137254901960785,0.13895216400911162
0.4481063353337826,0.13137254901960785,0.14009111617312073
0.44799095013761236,0.1323529411764706,0.14009111617312073
0.44795673585040324,0.1323529411764706,0.14123006833712984
0.4476175391145405,0.13333333333333333,0.14123006833712984
0.44757095542483766,0.13333333333333333,0.14236902050113895
0.4469559514566508,0.13431372549019607,0.14236902050113895
0.4469399140069602,0.13529411764705881,0.14236902050113895
0.44647519896583865,0.13529411764705881,0.14350797266514806
0.44632593681484806,0.13529411764705881,0.14464692482915717
0.4459401293814756,0.13627450980392156,0.14464692482915717
0.4455802420733917,0.13725490196078433,0.14464692482915717
0.44538483480572605,0.13823529411764707,0.14464692482915717
0.44505075984889386,0.1392156862745098,0.14464692482915717
0.4448957446385702,0.14019607843137255,0.14464692482915717
0.4443717631381536,0.14019607843137255,0.14578587699316628
0.44409982996735314,0.14019607843137255,0.1469248291571754
0.44401739401096035,0.1411764705882353,0.1469248291571754
0.4439778097261654,0.1411764705882353,0.1480637813211845
0.44345870840781226,0.14215686274509803,0.1480637813211845
0.44343582852844565,0.14313725490196078,0.1480637813211845
0.4431400983572952,0.14313725490196078,0.1492027334851936
0.4429236890566571,0.14313725490196078,0.15034168564920272
0.44258611834428035,0.14411764705882352,0.15034168564920272
0.441966412301727,0.1450980392156863,0.15034168564920272
0.44184254091621944,0.1450980392156863,0.15148063781321183
0.4415044572332046,0.14607843137254903,0.15148063781321183
0.44114259494321395,0.14705882352941177,0.15148063781321183
0.4411250202058394,0.14705882352941177,0.15261958997722094
0.4408911103020353,0.1480392156862745,0.15261958997722094
0.44068501318567666,0.14901960784313725,0.15261958997722094
0.440604785312718,0.14901960784313725,0.15375854214123008
0.44029039661285907,0.15,0.15375854214123008
0.44028000401346945,0.15,0.1548974943052392
0.44001675112476857,0.15098039215686274,0.1548974943052392
0.4397544071638045,0.15196078431372548,0.1548974943052392
0.4394170083415795,0.15294117647058825,0.1548974943052392
0.4391888051895119,0.153921568627451,0.1548974943052392
0.4386827563556896,0.153921568627451,0.1560364464692483
0.4382032025151222,0.15490196078431373,0.1560364464692483
0.4366413289801487,0.15588235294117647,0.1560364464692483
0.4364637541505014,0.1568627450980392,0.1560364464692483
0.4361823727308364,0.15784313725490196,0.1560364464692483
0.43592734462585436,0.15784313725490196,0.1571753986332574
0.435818386199024,0.15784313725490196,0.15831435079726652
0.4352486059992945,0.15784313725490196,0.15945330296127563
0.4347911524330157,0.1588235294117647,0.15945330296127563
0.43458350793776124,0.15980392156862744,0.15945330296127563
0.43418336733888857,0.15980392156862744,0.16059225512528474
0.43390853001820157,0.1607843137254902,0.16059225512528474
0.43388395355771303,0.1607843137254902,0.16173120728929385
0.4333056568771714,0.16176470588235295,0.16173120728929385
0.43305171823835065,0.16176470588235295,0.16287015945330297
0.43273917563504694,0.16176470588235295,0.16400911161731208
0.4326052367966489,0.16176470588235295,0.16514806378132119
0.4323299926853537,0.1627450980392157,0.16514806378132119
0.4319653998301126,0.1627450980392157,0.1662870159453303
0.4318579986762377,0.16372549019607843,0.1662870159453303
0.43112497439998815,0.16372549019607843,0.1674259681093394
0.43017873016667185,0.16372549019607843,0.16856492027334852
0.43000702769585425,0.16372549019607843,0.16970387243735763
0.4297640489388937,0.16372549019607843,0.17084282460136674
0.4292333935351377,0.16470588235294117,0.17084282460136674
0.4291771724778738,0.16568627450980392,0.17084282460136674
0.4284575153352908,0.16666666666666666,0.17084282460136674
0.42841198183145096,0.16666666666666666,0.17198177676537585
0.4281963044268932,0.16666666666666666,0.17312072892938496
0.4277612697824556,0.1676470588235294,0.17312072892938496
0.42759910258902933,0.16862745098039217,0.17312072892938496
0.42757975331171266,0.16862745098039217,0.17425968109339407
0.4274369952792419,0.16862745098039217,0.17539863325740318
0.4274039283612068,0.16862745098039217,0.1765375854214123
0.4274018228224756,0.1696078431372549,0.1765375854214123
0.4261649441246449,0.17058823529411765,0.1765375854214123
0.4259117645041905,0.1715686274509804,0.1765375854214123
0.42570857111865856,0.17254901960784313,0.1765375854214123
0.42550765591574663,0.17254901960784313,0.1776765375854214
0.42548101047719705,0.17254901960784313,0.1788154897494305
0.4248319108402153,0.17254901960784313,0.17995444191343962
0.4244502774808456,0.17254901960784313,0.18109339407744876
0.4243757647926835,0.17352941176470588,0.18109339407744876
0.4241755169181662,0.17352941176470588,0.18223234624145787
0.42407865437228026,0.17352941176470588,0.18337129840546698
0.42306226355391097,0.17352941176470588,0.1845102505694761
0.4228986266178549,0.17352941176470588,0.1856492027334852
0.4221616071563151,0.17352941176470588,0.1867881548974943
0.4219270041277014,0.17450980392156862,0.1867881548974943
0.42153042299232213,0.17450980392156862,0.18792710706150342
0.42134392666550546,0.17549019607843136,0.18792710706150342
0.42121364016368423,0.17647058823529413,0.18792710706150342
0.4205582550201796,0.17745098039215687,0.18792710706150342
0.42045802691720524,0.1784313725490196,0.18792710706150342
0.42044754816212265,0.17941176470588235,0.18792710706150342
0.41952351138927263,0.17941176470588235,0.18906605922551253
0.41939961828751143,0.17941176470588235,0.19020501138952164
0.4193902040636667,0.1803921568627451,0.19020501138952164
0.41913767115324985,0.18137254901960784,0.19020501138952164
0.41911952281479625,0.18235294117647058,0.19020501138952164
0.4187404668350771,0.18235294117647058,0.19134396355353075
0.4186233369274847,0.18235294117647058,0.19248291571753987
0.41821706979899137,0.18235294117647058,0.19362186788154898
0.4180777211131885,0.18235294117647058,0.1947608200455581
0.4178028643038231,0.18333333333333332,0.1947608200455581
0.4175174340424232,0.18333333333333332,0.1958997722095672
0.4174075993116295,0.1843137254901961,0.1958997722095672
0.4173503585012223,0.1843137254901961,0.1970387243735763
0.41725493908938055,0.18529411764705883,0.1970387243735763
0.4168541572781405,0.18529411764705883,0.19817767653758542
0.41665312808685545,0.18627450980392157,0.19817767653758542
0.4163693299431136,0.18627450980392157,0.19931662870159453
0.41633537383106234,0.18725490196078431,0.19931662870159453
0.4160412505865931,0.18823529411764706,0.19931662870159453
0.41583237268489,0.1892156862745098,0.19931662870159453
0.4157953336509787,0.1892156862745098,0.20045558086560364
0.4157371700068006,0.1892156862745098,0.20159453302961275
0.4154075499831413,0.19019607843137254,0.20159453302961275
0.41533594716748623,0.19019607843137254,0.20273348519362186
0.41472398847052505,0.19117647058823528,0.20273348519362186
0.41453080162181066,0.19117647058823528,0.20387243735763097
0.41444009680784266,0.19215686274509805,0.20387243735763097
0.4142754019411669,0.1931372549019608,0.20387243735763097
0.4139022450158251,0.1931372549019608,0.20501138952164008
0.41375935852486884,0.19411764705882353,0.20501138952164008
0.41358733274002313,0.19411764705882353,0.2061503416856492
0.4131027566408872,0.19509803921568628,0.2061503416856492
0.41306569133476767,0.19509803921568628,0.2072892938496583
0.4130588819968436,0.19509803921568628,0.20842824601366744
0.41287189597633817,0.19509803921568628,0.20956719817767655
0.4126371495530942,0.19607843137254902,0.20956719817767655
0.41261140077700015,0.19705882352941176,0.20956719817767655
0.41254770657041334,0.19705882352941176,0.21070615034168566
0.4122321764045976,0.1980392156862745,0.21070615034168566
0.4120123286085125,0.1980392156862745,0.21184510250569477
0.4117072167049242,0.1980392156862745,0.21298405466970388
0.4115708037401469,0.1980392156862745,0.214123006833713
0.4110925765983344,0.19901960784313724,0.214123006833713
0.41061402762484944,0.19901960784313724,0.2152619589977221
0.41054687223994,0.2,0.2152619589977221
0.4099415276383502,0.2,0.2164009111617312
0.40953869700059525,0.20098039215686275,0.2164009111617312
0.40911625093687937,0.2019607843137255,0.2164009111617312
0.40872081274691147,0.2019607843137255,0.21753986332574032
0.4087145058542394,0.2019607843137255,0.21867881548974943
0.4087014699236179,0.20294117647058824,0.21867881548974943
0.40823383161132376,0.20392156862745098,0.21867881548974943
0.4082338160893591,0.20490196078431372,0.21867881548974943
0.4082229114294226,0.20588235294117646,0.21867881548974943
0.4077929123723071,0.20588235294117646,0.21981776765375854
0.40775835113156944,0.2068627450980392,0.21981776765375854
0.4073754573072323,0.20784313725490197,0.21981776765375854
0.4071303372507773,0.20784313725490197,0.22095671981776766
0.4071095949990339,0.20784313725490197,0.22209567198177677
0.4065389340764866,0.20784313725490197,0.22323462414578588
0.4065267829569222,0.20784313725490197,0.224373576309795
0.4060544099797259,0.20784313725490197,0.2255125284738041
0.40579276846029394,0.20784313725490197,0.2266514806378132
0.40566706215716214,0.2088235294117647,0.2266514806378132
0.4056492603093931,0.2088235294117647,0.22779043280182232
0.40505860409333,0.2088235294117647,0.22892938496583143
0.4048465160725884,0.20980392156862746,0.22892938496583143
0.40477546188818714,0.2107843137254902,0.22892938496583143
0.40476187804199476,0.21176470588235294,0.22892938496583143
0.40433673924102664,0.21274509803921568,0.22892938496583143
0.4038458606487357,0.21274509803921568,0.23006833712984054
0.40354094173076166,0.21274509803921568,0.23120728929384965
0.40349874111466505,0.21274509803921568,0.23234624145785876
0.40314758376195337,0.21372549019607842,0.23234624145785876
0.4028667649326752,0.21372549019607842,0.23348519362186787
0.40278646554875125,0.21372549019607842,0.23462414578587698
0.402279124416557,0.21372549019607842,0.2357630979498861
0.40202042262244797,0.21470588235294116,0.2357630979498861
0.40193100892271133,0.21470588235294116,0.23690205011389523
0.4014640433444883,0.21568627450980393,0.23690205011389523
0.4014300603101906,0.21666666666666667,0.23690205011389523
0.40094785923303783,0.21666666666666667,0.23804100227790434
0.40089307859819445,0.21764705882352942,0.23804100227790434
0.40088814670510453,0.21862745098039216,0.23804100227790434
0.3997414067997027,0.2196078431372549,0.23804100227790434
0.3997398536124295,0.22058823529411764,0.23804100227790434
0.3997088211183608,0.22156862745098038,0.23804100227790434
0.3994602784591348,0.22156862745098038,0.23917995444191345
0.3988969854883005,0.22156862745098038,0.24031890660592256
0.3987623246589658,0.22254901960784312,0.24031890660592256
0.3983500887273413,0.22254901960784312,0.24145785876993167
0.3970729402577342,0.2235294117647059,0.24145785876993167
0.39698710986570296,0.2235294117647059,0.24259681093394078
0.39695910113627114,0.2235294117647059,0.2437357630979499
0.39676899995012055,0.2235294117647059,0.244874715261959
0.3966001238528098,0.2235294117647059,0.2460136674259681
0.3965515534471947,0.2235294117647059,0.24715261958997722
0.39646168078894817,0.22450980392156863,0.24715261958997722
0.3956270743471816,0.22450980392156863,0.24829157175398633
0.395574149413904,0.22549019607843138,0.24829157175398633
0.3955436327222286,0.22549019607843138,0.24943052391799544
0.3955201156586592,0.22549019607843138,0.2505694760820046
0.3947744809262776,0.22549019607843138,0.2517084282460137
0.39463479056342804,0.22647058823529412,0.2517084282460137
0.39452090070630375,0.22745098039215686,0.2517084282460137
0.39421100234969253,0.2284313725490196,0.2517084282460137
0.39415122211824055,0.2284313725490196,0.2528473804100228
0.3935959542091569,0.2284313725490196,0.2539863325740319
0.3935775120812916,0.2284313725490196,0.255125284738041
0.39317047650358966,0.22941176470588234,0.255125284738041
0.3929108676186046,0.23039215686274508,0.255125284738041
0.3927079364907298,0.23039215686274508,0.25626423690205014
0.39268931837207627,0.23137254901960785,0.25626423690205014
0.3925517087453958,0.23137254901960785,0.25740318906605925
0.39247137510763536,0.23137254901960785,0.25854214123006836
0.3923299568499047,0.23137254901960785,0.25968109339407747
0.39217786798332477,0.2323529411764706,0.25968109339407747
0.3921745391340625,0.23333333333333334,0.25968109339407747
0.3921477485009648,0.23431372549019608,0.25968109339407747
0.39157235648532523,0.23529411764705882,0.25968109339407747
0.39139555133423204,0.23529411764705882,0.2608200455580866
0.39115106920789594,0.23627450980392156,0.2608200455580866
0.3910913360269989,0.2372549019607843,0.2608200455580866
0.3907047470553923,0.2372549019607843,0.2619589977220957
0.390063612370424,0.23823529411764705,0.2619589977220957
0.3897994063748518,0.23921568627450981,0.2619589977220957
0.38940884877204984,0.23921568627450981,0.2630979498861048
0.3893788097437576,0.23921568627450981,0.2642369020501139
0.38917288454854765,0.24019607843137256,0.2642369020501139
0.3890338273498497,0.24019607843137256,0.265375854214123
0.38853137637953783,0.24019607843137256,0.26651480637813213
0.3884024676395187,0.2411764705882353,0.26651480637813213
0.38821693461752893,0.2411764705882353,0.26765375854214124
0.38803062484099615,0.24215686274509804,0.26765375854214124
0.38741230243724106,0.24313725490196078,0.26765375854214124
0.38739278847671416,0.24411764705882352,0.26765375854214124
0.38737296570984975,0.24509803921568626,0.26765375854214124
0.3873540885024435,0.246078431372549,0.26765375854214124
0.3862438927993298,0.246078431372549,0.26879271070615035
0.38576205626337945,0.24705882352941178,0.26879271070615035
0.3853165457906974,0.24705882352941178,0.26993166287015946
0.38507203424728315,0.24803921568627452,0.26993166287015946
0.38478844177617083,0.24803921568627452,0.27107061503416857
0.38458887163274397,0.24803921568627452,0.2722095671981777
0.3843885926625252,0.24901960784313726,0.2722095671981777
0.38408823093197614,0.25,0.2722095671981777
0.3839438288973963,0.25098039215686274,0.2722095671981777
0.38378815384838727,0.2519607843137255,0.2722095671981777
0.3836752980090303,0.2529411764705882,0.2722095671981777
0.3831306892167294,0.2529411764705882,0.2733485193621868
0.3828075584372966,0.2529411764705882,0.2744874715261959
0.38224586937409233,0.25392156862745097,0.2744874715261959
0.38205816760415484,0.2549019607843137,0.2744874715261959
0.382018283757302,0.25588235294117645,0.2744874715261959
0.38185203494347686,0.2568627450980392,0.2744874715261959
0.3817141126547634,0.257843137254902,0.2744874715261959
0.3815884585622541,0.25882352941176473,0.2744874715261959
0.38152376074459876,0.25882352941176473,0.275626423690205
0.38150287484374507,0.25882352941176473,0.2767653758542141
0.38120119009451453,0.25882352941176473,0.27790432801822323
0.38113440572744367,0.25980392156862747,0.27790432801822323
0.381131009833107,0.25980392156862747,0.27904328018223234
0.3808384601942599,0.2607843137254902,0.27904328018223234
0.3808227422476215,0.26176470588235295,0.27904328018223234
0.38065402080568067,0.2627450980392157,0.27904328018223234
0.3805395890978484,0.2627450980392157,0.28018223234624146
0.3805355741215897,0.2627450980392157,0.28132118451025057
0.380494671440788,0.26372549019607844,0.28132118451025057
0.3804367879898069,0.26372549019607844,0.2824601366742597
0.3803192308556981,0.2647058823529412,0.2824601366742597
0.38016713070477764,0.2647058823529412,0.2835990888382688
0.38002055631846765,0.2656862745098039,0.2835990888382688
0.3799283220817771,0.2656862745098039,0.2847380410022779
0.37987340430588984,0.26666666666666666,0.2847380410022779
0.37977949951415363,0.26666666666666666,0.285876993166287
0.37944343545323,0.2676470588235294,0.285876993166287
0.37928198165128374,0.2676470588235294,0.2870159453302961
0.3791124049008411,0.2676470588235294,0.28815489749430523
0.3790843295105892,0.2676470588235294,0.28929384965831434
0.37873187435569144,0.2676470588235294,0.29043280182232345
0.3785941512920455,0.2676470588235294,0.29157175398633256
0.37853192013060855,0.2676470588235294,0.29271070615034167
0.37838834088274825,0.26862745098039215,0.29271070615034167
0.3781932295868243,0.26862745098039215,0.2938496583143508
0.3781186750718441,0.26862745098039215,0.2949886104783599
0.3780710812015427,0.2696078431372549,0.2949886104783599
0.3779708141236394,0.27058823529411763,0.2949886104783599
0.3779701939763245,0.27058823529411763,0.296127562642369
0.3778664755990764,0.27156862745098037,0.296127562642369
0.3777793092668323,0.2725490196078431,0.296127562642369
0.377721015047431,0.2735294117647059,0.296127562642369
0.37741058007726325,0.2735294117647059,0.2972665148063781
0.37713287132554874,0.2735294117647059,0.2984054669703872
0.3769718521961229,0.27450980392156865,0.2984054669703872
0.376876927533332,0.27450980392156865,0.29954441913439633
0.3767553042590493,0.2754901960784314,0.29954441913439633
0.3766857550912498,0.2754901960784314,0.30068337129840544
0.3766590486063271,0.2754901960784314,0.30182232346241455
0.3765164397190783,0.27647058823529413,0.30182232346241455
0.37639382506796637,0.27647058823529413,0.30296127562642367
0.3763836916892368,0.2774509803921569,0.30296127562642367
0.3762078659920955,0.2774509803921569,0.3041002277904328
0.37561816363803,0.2774509803921569,0.3052391799544419
0.37527099925363755,0.2784313725490196,0.3052391799544419
0.3748697247372631,0.2784313725490196,0.30637813211845105
0.37485659066936383,0.2784313725490196,0.30751708428246016
0.3746482966393588,0.27941176470588236,0.30751708428246016
0.3744592482486397,0.27941176470588236,0.3086560364464693
0.37400726292039,0.27941176470588236,0.3097949886104784
0.3739717181636635,0.2803921568627451,0.3097949886104784
0.3739321692907603,0.28137254901960784,0.3097949886104784
0.3738696083030581,0.2823529411764706,0.3097949886104784
0.37379952904929065,0.2833333333333333,0.3097949886104784
0.3737141681035258,0.2833333333333333,0.3109339407744875
0.37299005119601114,0.2833333333333333,0.3120728929384966
0.3728225765660096,0.2833333333333333,0.3132118451025057
0.3726202755079156,0.2833333333333333,0.3143507972665148
0.3723740607131098,0.28431372549019607,0.3143507972665148
0.3715637900490058,0.28431372549019607,0.31548974943052394
0.3713820640572643,0.2852941176470588,0.31548974943052394
0.37132429314603194,0.2852941176470588,0.31662870159453305
0.3712933938339006,0.28627450980392155,0.31662870159453305
0.37094640719133404,0.28627450980392155,0.31776765375854216
0.3707807988721038,0.28627450980392155,0.31890660592255127
0.3705708855140251,0.2872549019607843,0.31890660592255127
0.37043365196564493,0.2872549019607843,0.3200455580865604
0.37040976149707955,0.28823529411764703,0.3200455580865604
0.3701988506496651,0.28921568627450983,0.3200455580865604
0.3698963939417461,0.28921568627450983,0.3211845102505695
0.3698511500138101,0.28921568627450983,0.3223234624145786
0.36979301624102456,0.2901960784313726,0.3223234624145786
0.3697664101279441,0.2911764705882353,0.3223234624145786
0.36970288074700425,0.29215686274509806,0.3223234624145786
0.3694537065254737,0.29215686274509806,0.3234624145785877
0.36930342938894606,0.2931372549019608,0.3234624145785877
0.36908166848593427,0.29411764705882354,0.3234624145785877
0.3687440226516743,0.29411764705882354,0.3246013667425968
0.3685976714900507,0.29411764705882354,0.32574031890660593
0.36834836976975366,0.2950980392156863,0.32574031890660593
0.368219830584646,0.2950980392156863,0.32687927107061504
0.36819174655848996,0.296078431372549,0.32687927107061504
0.36813958973653177,0.29705882352941176,0.32687927107061504
0.36806450569840754,0.29705882352941176,0.32801822323462415
0.36804568635569346,0.29705882352941176,0.32915717539863326
0.367929225707243,0.2980392156862745,0.32915717539863326
0.3675452753421809,0.29901960784313725,0.32915717539863326
0.36752482526590946,0.3,0.32915717539863326
0.36704821062915105,0.30098039215686273,0.32915717539863326
0.3670134978244815,0.30098039215686273,0.33029612756264237
0.3667129956633582,0.30098039215686273,0.3314350797266515
0.36670309444482085,0.30098039215686273,0.3325740318906606
0.36664920075397844,0.30196078431372547,0.3325740318906606
0.36645261648041927,0.30196078431372547,0.3337129840546697
0.3664385581609332,0.3029411764705882,0.3337129840546697
0.36639017605104623,0.30392156862745096,0.3337129840546697
0.3663780378143616,0.30490196078431375,0.3337129840546697
0.3662171079268402,0.3058823529411765,0.3337129840546697
0.36617416236953426,0.3058823529411765,0.3348519362186788
0.3656448735307459,0.3058823529411765,0.3359908883826879
0.36559464545844567,0.3058823529411765,0.33712984054669703
0.3655117430997615,0.30686274509803924,0.33712984054669703
0.36550359509832314,0.30686274509803924,0.33826879271070615
0.3654786841888995,0.30686274509803924,0.33940774487471526
0.36542145017544353,0.30686274509803924,0.34054669703872437
0.36523812816832024,0.307843137254902,0.34054669703872437
0.3652310248160809,0.307843137254902,0.3416856492027335
0.3652033655703023,0.307843137254902,0.3428246013667426
0.36520320198377065,0.3088235294117647,0.3428246013667426
0.3649841911955354,0.3088235294117647,0.3439635535307517
0.3648879791600959,0.3088235294117647,0.3451025056947608
0.36483965711334343,0.30980392156862746,0.3451025056947608
0.364720035124261,0.30980392156862746,0.3462414578587699
0.36452251845380107,0.30980392156862746,0.34738041002277903
0.3644740344078398,0.3107843137254902,0.34738041002277903
0.36439199623363683,0.3107843137254902,0.34851936218678814
0.36432842686806216,0.3107843137254902,0.34965831435079725
0.3637824919023128,0.3107843137254902,0.35079726651480636
0.3637457950100124,0.31176470588235294,0.35079726651480636
0.3636306833602869,0.3127450980392157,0.35079726651480636
0.3634314688055853,0.3137254901960784,0.35079726651480636
0.3634226823196444,0.31470588235294117,0.35079726651480636
0.3634013866327106,0.31470588235294117,0.35193621867881547
0.363234343431184,0.31470588235294117,0.3530751708428246
0.3632160235619868,0.3156862745098039,0.3530751708428246
0.36306831929115013,0.31666666666666665,0.3530751708428246
0.3630668397101201,0.3176470588235294,0.3530751708428246
0.363043256784798,0.3176470588235294,0.3542141230068337
0.36299118815140513,0.3176470588235294,0.3553530751708428
0.36298653009543985,0.3176470588235294,0.3564920273348519
0.36289462890251156,0.31862745098039214,0.3564920273348519
0.36284226383870455,0.31862745098039214,0.357630979498861
0.3628342251047087,0.31862745098039214,0.35876993166287013
0.3625823398501283,0.3196078431372549,0.35876993166287013
0.36244368655043824,0.3205882352941177,0.35876993166287013
0.3623617597992833,0.3215686274509804,0.35876993166287013
0.36208896347697805,0.3215686274509804,0.35990888382687924
0.36176389967751965,0.3215686274509804,0.36104783599088835
0.36153693332470266,0.3215686274509804,0.3621867881548975
0.3614867493140376,0.32254901960784316,0.3621867881548975
0.3614511699858721,0.32254901960784316,0.36332574031890663
0.36144833392643605,0.32254901960784316,0.36446469248291574
0.3612976175879942,0.32254901960784316,0.36560364464692485
0.3611320520527225,0.32254901960784316,0.36674259681093396
0.3607111363715508,0.3235294117647059,0.36674259681093396
0.3606279745253241,0.32450980392156864,0.36674259681093396
0.3605671140101463,0.32450980392156864,0.3678815489749431
0.3604010472359768,0.3254901960784314,0.3678815489749431
0.36035803901770097,0.3254901960784314,0.3690205011389522
0.3602754989587914,0.3264705882352941,0.3690205011389522
0.3600708082086133,0.32745098039215687,0.3690205011389522
0.3600605255565354,0.32745098039215687,0.3701594533029613
0.35981866812926266,0.32745098039215687,0.3712984054669704
0.35937887396760027,0.32745098039215687,0.3724373576309795
0.3590602128777786,0.32745098039215687,0.3735763097949886
0.35903379950541686,0.32745098039215687,0.37471526195899774
0.35884932886943866,0.32745098039215687,0.37585421412300685
0.3588257465426242,0.3284313725490196,0.37585421412300685
0.358765071625232,0.3284313725490196,0.37699316628701596
0.35858713818020294,0.3284313725490196,0.37813211845102507
0.35855855156288735,0.32941176470588235,0.37813211845102507
0.35845542372732014,0.32941176470588235,0.3792710706150342
0.35834854184650083,0.32941176470588235,0.3804100227790433
0.3583410900797974,0.3303921568627451,0.3804100227790433
0.35827322532242967,0.33137254901960783,0.3804100227790433
0.35825102632521416,0.33137254901960783,0.3815489749430524
0.3582122205981389,0.33137254901960783,0.3826879271070615
0.3581699590220864,0.33137254901960783,0.3838268792710706
0.35805424301633665,0.3323529411764706,0.3838268792710706
0.35797278668372995,0.3333333333333333,0.3838268792710706
0.3578329132788989,0.3333333333333333,0.38496583143507973
0.3573083986173779,0.33431372549019606,0.38496583143507973
0.35709213701102477,0.3352941176470588,0.38496583143507973
0.3570191664832436,0.3352941176470588,0.38610478359908884
0.35693387714766667,0.3362745098039216,0.38610478359908884
0.356736634025306,0.33725490196078434,0.38610478359908884
0.35673533659352036,0.33725490196078434,0.38724373576309795
0.3566320179776387,0.33725490196078434,0.38838268792710706
0.3563292547258444,0.3382352941176471,0.38838268792710706
0.35616699626437476,0.3392156862745098,0.38838268792710706
0.35610811390051406,0.3392156862745098,0.3895216400911162
0.3559181682909434,0.3392156862745098,0.3906605922551253
0.3559065152693614,0.3392156862745098,0.3917995444191344
0.3558133396839709,0.34019607843137256,0.3917995444191344
0.3557227644662999,0.3411764705882353,0.3917995444191344
0.35570426873786554,0.3411764705882353,0.3929384965831435
0.3556579447279196,0.3411764705882353,0.3940774487471526
0.3555086464095046,0.3411764705882353,0.3952164009111617
0.3554857775499944,0.3411764705882353,0.39635535307517084
0.35537007867598785,0.34215686274509804,0.39635535307517084
0.35536545838419475,0.34215686274509804,0.39749430523917995
0.3553251622919784,0.34215686274509804,0.39863325740318906
0.35531155890976895,0.3431372549019608,0.39863325740318906
0.3551024492978662,0.34411764705882353,0.39863325740318906
0.3550201214629313,0.34509803921568627,0.39863325740318906
0.3549724315616219,0.346078431372549,0.39863325740318906
0.35479979146436125,0.346078431372549,0.39977220956719817
0.3547873885072901,0.34705882352941175,0.39977220956719817
0.35460401601714936,0.34705882352941175,0.4009111617312073
0.35441366248447065,0.3480392156862745,0.4009111617312073
0.3543230912797886,0.3480392156862745,0.4020501138952164
0.354202976108974,0.3480392156862745,0.4031890660592255
0.3541818641406386,0.34901960784313724,0.4031890660592255
0.3540456412770582,0.34901960784313724,0.4043280182232346
0.35394642310315927,0.35,0.4043280182232346
0.3539122644317105,0.3509803921568627,0.4043280182232346
0.35380595351602595,0.3509803921568627,0.4054669703872437
0.35370721578961783,0.3509803921568627,0.40660592255125283
0.35347248561454603,0.3509803921568627,0.40774487471526194
0.3534129928510479,0.3519607843137255,0.40774487471526194
0.35328100069195867,0.3519607843137255,0.40888382687927105
0.3532218604346109,0.3519607843137255,0.41002277904328016
0.352815239475108,0.3519607843137255,0.41116173120728927
0.35246863980789317,0.35294117647058826,0.41116173120728927
0.35238348311458023,0.353921568627451,0.41116173120728927
0.3522018703095992,0.353921568627451,0.4123006833712984
0.35210683728185516,0.353921568627451,0.4134396355353075
0.3520789863394422,0.353921568627451,0.4145785876993166
0.3519454493816796,0.353921568627451,0.4157175398633257
0.3519341592775027,0.35490196078431374,0.4157175398633257
0.3517921979669493,0.3558823529411765,0.4157175398633257
0.3516771815734624,0.3558823529411765,0.4168564920273349
0.35150486573128953,0.3558823529411765,0.417995444191344
0.35150005701729575,0.3568627450980392,0.417995444191344
0.35145527276026695,0.3568627450980392,0.4191343963553531
0.3514375394983573,0.35784313725490197,0.4191343963553531
0.35081577700804023,0.3588235294117647,0.4191343963553531
0.3507732875445855,0.3588235294117647,0.4202733485193622
0.3507367253308577,0.35980392156862745,0.4202733485193622
0.3505198422789475,0.35980392156862745,0.4214123006833713
0.35046977876331553,0.35980392156862745,0.42255125284738043
0.3504105731056627,0.3607843137254902,0.42255125284738043
0.35033547216215494,0.3607843137254902,0.42369020501138954
0.35029006673850843,0.36176470588235293,0.42369020501138954
0.3502797963127454,0.36176470588235293,0.42482915717539865
0.35026152207192934,0.36176470588235293,0.42596810933940776
0.3501384380920753,0.3627450980392157,0.42596810933940776
0.3498975918997037,0.3637254901960784,0.42596810933940776
0.34989476406254355,0.3637254901960784,0.4271070615034169
0.34972215480425234,0.36470588235294116,0.4271070615034169
0.34970344657528185,0.3656862745098039,0.4271070615034169
0.3495939979609484,0.36666666666666664,0.4271070615034169
0.3494937441432746,0.36666666666666664,0.428246013667426
0.34935429374462834,0.36666666666666664,0.4293849658314351
0.34922724705793234,0.36764705882352944,0.4293849658314351
0.3489549867943501,0.36764705882352944,0.4305239179954442
0.3489005017408989,0.3686274509803922,0.4305239179954442
0.34839936304127456,0.3686274509803922,0.4316628701594533
0.3481503553650419,0.3696078431372549,0.4316628701594533
0.3480328981940732,0.3696078431372549,0.4328018223234624
0.3479774236496437,0.37058823529411766,0.4328018223234624
0.347770061955331,0.3715686274509804,0.4328018223234624
0.3475661856731779,0.3715686274509804,0.43394077448747154
0.34755928678443454,0.3715686274509804,0.43507972665148065
0.3475332836611035,0.3715686274509804,0.43621867881548976
0.3475093006969604,0.3715686274509804,0.43735763097949887
0.3474468658008298,0.37254901960784315,0.43735763097949887
0.34732461257797015,0.37254901960784315,0.438496583143508
0.3473243715256942,0.3735294117647059,0.438496583143508
0.34723841795589055,0.37450980392156863,0.438496583143508
0.3471078792944534,0.37450980392156863,0.4396355353075171
0.3469194571601629,0.37450980392156863,0.4407744874715262
0.3468920055653376,0.37450980392156863,0.4419134396355353
0.3468297943278928,0.37549019607843137,0.4419134396355353
0.34679059962758024,0.37549019607843137,0.4430523917995444
0.34657114884563467,0.37549019607843137,0.44419134396355353
0.34656289764356135,0.37549019607843137,0.44533029612756264
0.3462917439850331,0.3764705882352941,0.44533029612756264
0.3461695205670874,0.3764705882352941,0.44646924829157175
0.3460902889709824,0.37745098039215685,0.44646924829157175
0.3460736983316173,0.3784313725490196,0.44646924829157175
0.34573954197282697,0.37941176470588234,0.44646924829157175
0.345734142467459,0.3803921568627451,0.44646924829157175
0.345109409328694,0.3803921568627451,0.44760820045558086
0.34472969214403765,0.3803921568627451,0.44874715261959
0.34470220517503675,0.3803921568627451,0.4498861047835991
0.34464260336627106,0.3803921568627451,0.4510250569476082
0.3445850357865439,0.3803921568627451,0.4521640091116173
0.3442719762664881,0.3803921568627451,0.4533029612756264
0.3442465044639048,0.3803921568627451,0.4544419134396355
0.3441757028423962,0.3803921568627451,0.45558086560364464
0.3441395283208405,0.3803921568627451,0.45671981776765375
0.3440353941430398,0.3803921568627451,0.45785876993166286
0.34401991410121374,0.3803921568627451,0.45899772209567197
0.3439702660369465,0.3803921568627451,0.4601366742596811
0.34394086418506653,0.3813725490196078,0.4601366742596811
0.34387754039630214,0.3813725490196078,0.4612756264236902
0.34384816141162317,0.38235294117647056,0.4612756264236902
0.34384641829199836,0.38235294117647056,0.4624145785876993
0.3436693303627964,0.38235294117647056,0.4635535307517084
0.34357448838616583,0.38333333333333336,0.4635535307517084
0.34355198364129863,0.38333333333333336,0.4646924829157175
0.34346606748746944,0.38333333333333336,0.46583143507972663
0.3430416324464238,0.3843137254901961,0.46583143507972663
0.3428301028920765,0.38529411764705884,0.46583143507972663
0.34282183039113234,0.38529411764705884,0.46697038724373574
0.3427474923924435,0.3862745098039216,0.46697038724373574
0.3424836250253676,0.3862745098039216,0.46810933940774485
0.3424383574475413,0.3872549019607843,0.46810933940774485
0.34234898544693093,0.38823529411764707,0.46810933940774485
0.34223932694945214,0.38823529411764707,0.46924829157175396
0.3422060815451057,0.38823529411764707,0.47038724373576307
0.34214548565846453,0.3892156862745098,0.47038724373576307
0.34200346782387303,0.3892156862745098,0.4715261958997722
0.34196683922612625,0.3892156862745098,0.47266514806378135
0.3418259775518276,0.3892156862745098,0.47380410022779046
0.3416286201725751,0.3892156862745098,0.47494305239179957
0.34156589208478216,0.3892156862745098,0.4760820045558087
0.3414655585213589,0.39019607843137255,0.4760820045558087
0.34142796889685656,0.3911764705882353,0.4760820045558087
0.3412771632976474,0.3911764705882353,0.4772209567198178
0.34116815980622167,0.39215686274509803,0.4772209567198178
0.3411180068369371,0.39215686274509803,0.4783599088838269
0.3410165234726615,0.3931372549019608,0.4783599088838269
0.34094685486648085,0.3931372549019608,0.479498861047836
0.3407406387729142,0.3931372549019608,0.4806378132118451
0.34070956375630973,0.3941176470588235,0.4806378132118451
0.3406179196335273,0.39509803921568626,0.4806378132118451
0.34031062429156705,0.396078431372549,0.4806378132118451
0.340141676253418,0.39705882352941174,0.4806378132118451
0.34011926008249305,0.3980392156862745,0.4806378132118451
0.33996760700555845,0.3980392156862745,0.48177676537585423
0.33990914489859336,0.3980392156862745,0.48291571753986334
0.3398701357971306,0.3980392156862745,0.48405466970387245
0.33977604143791806,0.3980392156862745,0.48519362186788156
0.339685558891161,0.3980392156862745,0.4863325740318907
0.3396149337816901,0.3990196078431373,0.4863325740318907
0.33952155874570283,0.4,0.4863325740318907
0.3391638474126372,0.4,0.4874715261958998
0.3391426626402197,0.40098039215686276,0.4874715261958998
0.3388782631772305,0.4019607843137255,0.4874715261958998
0.33887558312040617,0.4019607843137255,0.4886104783599089
0.33862020083224753,0.4019607843137255,0.489749430523918
0.33856237314213905,0.40294117647058825,0.489749430523918
0.3385420291079202,0.40294117647058825,0.4908883826879271
0.3385047027653668,0.40294117647058825,0.4920273348519362
0.3383928467494256,0.40294117647058825,0.49316628701594534
0.33824365967004993,0.40294117647058825,0.49430523917995445
0.3382300218111479,0.403921568627451,0.49430523917995445
0.3382136788245329,0.40490196078431373,0.49430523917995445
0.338153801738318,0.40588235294117647,0.49430523917995445
0.33811315967241296,0.40588235294117647,0.49544419134396356
0.33809417121359814,0.40588235294117647,0.49658314350797267
0.33799627838698476,0.4068627450980392,0.49658314350797267
0.3378032241058758,0.4068627450980392,0.4977220956719818
0.3375231920250199,0.4068627450980392,0.4988610478359909
0.3373712419863277,0.40784313725490196,0.4988610478359909
0.33729266469320124,0.40784313725490196,0.5
0.33725763154964755,0.40784313725490196,0.5011389521640092
0.3370587478659511,0.4088235294117647,0.5011389521640092
0.33705263117132195,0.4088235294117647,0.5022779043280182
0.33704664222265907,0.40980392156862744,0.5022779043280182
0.33702012083575655,0.40980392156862744,0.5034168564920274
0.33682602602763523,0.4107843137254902,0.5034168564920274
0.3362900123302914,0.4117647058823529,0.5034168564920274
0.33624388667330135,0.41274509803921566,0.5034168564920274
0.33621500029899165,0.41274509803921566,0.5045558086560364
0.336199570324551,0.41274509803921566,0.5056947608200456
0.3361232649528445,0.4137254901960784,0.5056947608200456
0.3360630461322456,0.4147058823529412,0.5056947608200456
0.33599187798856683,0.41568627450980394,0.5056947608200456
0.33598018804525676,0.41568627450980394,0.5079726651480638
0.3359709487131923,0.4166666666666667,0.5079726651480638
0.3359493283858019,0.4166666666666667,0.5091116173120729
0.3357926652038985,0.4176470588235294,0.5091116173120729
0.33568007216025453,0.4176470588235294,0.510250569476082
0.33567416528645394,0.4176470588235294,0.5113895216400911
0.3355995785565645,0.4176470588235294,0.5125284738041003
0.33559940295869467,0.4176470588235294,0.5136674259681093
0.33550377677533194,0.4176470588235294,0.5148063781321185
0.33546619038666753,0.41862745098039217,0.5148063781321185
0.3354329276806794,0.4196078431372549,0.5148063781321185
0.33535934705240095,0.4196078431372549,0.5159453302961275
0.33535305843871605,0.42058823529411765,0.5159453302961275
0.33529956210101497,0.4215686274509804,0.5159453302961275
0.33525853473030887,0.4215686274509804,0.5170842824601367
0.3351335342415826,0.42254901960784313,0.5170842824601367
0.3349716027310175,0.42254901960784313,0.5182232346241458
0.3349565770802242,0.4235294117647059,0.5182232346241458
0.33495534730249443,0.4245098039215686,0.5182232346241458
0.33492328266522337,0.4245098039215686,0.5193621867881549
0.3345759795258472,0.4245098039215686,0.520501138952164
0.3344394439891803,0.4245098039215686,0.5216400911161732
0.33441558219838485,0.4245098039215686,0.5227790432801822
0.3343264772673394,0.42549019607843136,0.5227790432801822
0.334275344596632,0.4264705882352941,0.5227790432801822
0.33421887628631936,0.4264705882352941,0.5239179954441914
0.3341802920612974,0.4264705882352941,0.5250569476082004
0.33401411444152485,0.42745098039215684,0.5250569476082004
0.33387409957405895,0.42745098039215684,0.5261958997722096
0.33382654620648516,0.4284313725490196,0.5261958997722096
0.33374231738479704,0.4284313725490196,0.5273348519362187
0.33357030579350877,0.4294117647058823,0.5273348519362187
0.3334810128972227,0.4303921568627451,0.5273348519362187
0.3334138755012938,0.43137254901960786,0.5273348519362187
0.33337861451415024,0.4323529411764706,0.5273348519362187
0.33333307028901277,0.43333333333333335,0.5273348519362187
0.33324413886016613,0.4343137254901961,0.5273348519362187
0.3331828634335159,0.43529411764705883,0.5273348519362187
0.3330303659193616,0.4362745098039216,0.5273348519362187
0.3329591916754711,0.4372549019607843,0.5273348519362187
0.33282263032856724,0.4372549019607843,0.5284738041002278
0.33281107922710085,0.4372549019607843,0.5296127562642369
0.3326312636732564,0.4372549019607843,0.530751708428246
0.3325847625842435,0.43823529411764706,0.530751708428246
0.33247560815039373,0.43823529411764706,0.5318906605922551
0.332389150494512,0.43823529411764706,0.5330296127562643
0.3323576527143954,0.43823529411764706,0.5341685649202733
0.33229114025769335,0.4392156862745098,0.5353075170842825
0.3321828189753212,0.44019607843137254,0.5353075170842825
0.3320909950508481,0.44019607843137254,0.5364464692482915
0.331999259986286,0.4411764705882353,0.5364464692482915
0.33195073173946926,0.4411764705882353,0.5375854214123007
0.3317065474993692,0.4411764705882353,0.5387243735763098
0.33117879490285757,0.4411764705882353,0.5398633257403189
0.33092243792860915,0.442156862745098,0.5398633257403189
0.33080391709947343,0.442156862745098,0.541002277904328
0.3306808268604555,0.442156862745098,0.5421412300683371
0.3306564240740708,0.44313725490196076,0.5421412300683371
0.3306494254236269,0.44313725490196076,0.5432801822323462
0.33062348368050193,0.44313725490196076,0.5444191343963554
0.33060682615816145,0.4441176470588235,0.5444191343963554
0.33042359500195434,0.44509803921568625,0.5444191343963554
0.33041939743356336,0.44509803921568625,0.5455580865603644
0.33032036431132317,0.44509803921568625,0.5466970387243736
0.33001734019840917,0.44509803921568625,0.5478359908883826
0.32997866810460236,0.44607843137254904,0.5478359908883826
0.32928189448452927,0.4470588235294118,0.5478359908883826
0.3291697154691867,0.44803921568627453,0.5478359908883826
0.32912311062363664,0.44803921568627453,0.5489749430523918
0.3291154235512727,0.44803921568627453,0.5501138952164009
0.3290606894626283,0.44901960784313727,0.5501138952164009
0.3287095073022072,0.45,0.5501138952164009
0.3285275260129622,0.45098039215686275,0.5501138952164009
0.32838094932380835,0.4519607843137255,0.5501138952164009
0.3283583427510692,0.45294117647058824,0.5501138952164009
0.32819759100172385,0.45294117647058824,0.55125284738041
0.3280511038283964,0.45294117647058824,0.5523917995444191
0.32798118658042175,0.453921568627451,0.5523917995444191
0.327920225031051,0.453921568627451,0.5535307517084282
0.3278966284873719,0.453921568627451,0.5546697038724373
0.32784364055443715,0.453921568627451,0.5558086560364465
0.3278073236163697,0.453921568627451,0.5569476082004556
0.32768246380901234,0.453921568627451,0.5580865603644647
0.327680196237415,0.4549019607843137,0.5580865603644647
0.32756702745704785,0.4549019607843137,0.5592255125284739
0.3275482859283839,0.45588235294117646,0.5592255125284739
0.3273433755438627,0.45588235294117646,0.5603644646924829
0.3265509036542703,0.45588235294117646,0.5615034168564921
0.32654915834490617,0.4568627450980392,0.5615034168564921
0.3264635724579627,0.45784313725490194,0.5615034168564921
0.326262733283992,0.4588235294117647,0.5615034168564921
0.32610527806232864,0.4588235294117647,0.5626423690205011
0.3261019727409441,0.4598039215686274,0.5626423690205011
0.3257353050771013,0.4598039215686274,0.5637813211845103
0.32562962517336513,0.4598039215686274,0.5649202733485194
0.3256235348500922,0.4598039215686274,0.5660592255125285
0.32559822457371135,0.46078431372549017,0.5660592255125285
0.3254738992217372,0.46078431372549017,0.5671981776765376
0.3252628845277378,0.46176470588235297,0.5671981776765376
0.32522397585048257,0.46176470588235297,0.5683371298405467
0.32491409826964357,0.4627450980392157,0.5683371298405467
0.32484800104954004,0.4627450980392157,0.5694760820045558
0.3248225144684366,0.4627450980392157,0.570615034168565
0.3247238029021691,0.46372549019607845,0.570615034168565
0.3247231721650769,0.4647058823529412,0.570615034168565
0.3246977593833989,0.46568627450980393,0.570615034168565
0.3246532027979,0.46568627450980393,0.571753986332574
0.3246176938828601,0.46568627450980393,0.5728929384965832
0.32454310897037403,0.46568627450980393,0.5740318906605922
0.32443990372471737,0.46568627450980393,0.5751708428246014
0.32419902594246724,0.4666666666666667,0.5751708428246014
0.3241569761909425,0.4666666666666667,0.5763097949886105
0.32393903626428605,0.4666666666666667,0.5774487471526196
0.32389701390829473,0.4666666666666667,0.5785876993166287
0.3238789749995551,0.4666666666666667,0.5797266514806378
0.3237276498899524,0.4666666666666667,0.5808656036446469
0.32357669480628976,0.4676470588235294,0.5808656036446469
0.32353143007857954,0.46862745098039216,0.5808656036446469
0.3233055869024594,0.46862745098039216,0.5820045558086561
0.323243278253772,0.46862745098039216,0.5831435079726651
0.32315462045064625,0.46862745098039216,0.5842824601366743
0.32312487954105523,0.46862745098039216,0.5854214123006833
0.323008766803451,0.46862745098039216,0.5865603644646925
0.3229328797615713,0.46862745098039216,0.5876993166287016
0.32272741802873045,0.4696078431372549,0.5876993166287016
0.32253759722752734,0.47058823529411764,0.5876993166287016
0.32250574627789064,0.47058823529411764,0.5888382687927107
0.32246760582528206,0.47058823529411764,0.5899772209567198
0.32229352962214536,0.47058823529411764,0.591116173120729
0.32216442558306746,0.4715686274509804,0.591116173120729
0.3220854198518679,0.4725490196078431,0.591116173120729
0.3220752386191053,0.47352941176470587,0.591116173120729
0.32202782882306213,0.4745098039215686,0.591116173120729
0.3220254534088321,0.47549019607843135,0.591116173120729
0.3219387023690115,0.4764705882352941,0.591116173120729
0.32192886332814136,0.4774509803921569,0.591116173120729
0.3218386678580759,0.4774509803921569,0.592255125284738
0.3215278450860837,0.4774509803921569,0.5933940774487472
0.3215007252150185,0.47843137254901963,0.5933940774487472
0.32147577938794,0.47941176470588237,0.5933940774487472
0.321463334377644,0.47941176470588237,0.5945330296127562
0.3214089486583862,0.4803921568627451,0.5945330296127562
0.3213144034306535,0.4803921568627451,0.5956719817767654
0.3213053529219129,0.48137254901960785,0.5956719817767654
0.32125412102508794,0.48137254901960785,0.5968109339407744
0.32121178573693493,0.48137254901960785,0.5979498861047836
0.3209815790890569,0.4823529411764706,0.5979498861047836
0.3208934554376266,0.48333333333333334,0.5979498861047836
0.3207889098955502,0.4843137254901961,0.5979498861047836
0.3207357677949065,0.4852941176470588,0.5979498861047836
0.32069428831162816,0.4852941176470588,0.5990888382687927
0.32063870334989214,0.48627450980392156,0.5990888382687927
0.32056352827346946,0.48627450980392156,0.6002277904328018
0.3205572181962026,0.4872549019607843,0.6002277904328018
0.32051609837752704,0.48823529411764705,0.6002277904328018
0.32049878766811907,0.4892156862745098,0.6002277904328018
0.3204750342123245,0.49019607843137253,0.6002277904328018
0.3203445866671987,0.49117647058823527,0.6002277904328018
0.320272339190379,0.492156862745098,0.6002277904328018
0.32017807280190963,0.492156862745098,0.6013667425968109
0.32015894646007065,0.4931372549019608,0.6013667425968109
0.3201447034260514,0.4931372549019608,0.60250569476082
0.32012240328945024,0.4931372549019608,0.6036446469248291
0.3200887199317589,0.49411764705882355,0.6036446469248291
0.31996585321548365,0.49411764705882355,0.6047835990888383
0.31992901945662244,0.49411764705882355,0.6059225512528473
0.31982726020809704,0.49411764705882355,0.6070615034168565
0.31978945687626814,0.4950980392156863,0.6070615034168565
0.3196923044523263,0.49607843137254903,0.6070615034168565
0.31958797979613734,0.4970588235294118,0.6070615034168565
0.31929984597985733,0.4970588235294118,0.6082004555808656
0.31929818925291176,0.4980392156862745,0.6082004555808656
0.3192185196224701,0.49901960784313726,0.6082004555808656
0.3191466229729276,0.49901960784313726,0.6093394077448747
0.3190709372110128,0.49901960784313726,0.6104783599088838
0.31903373119661194,0.49901960784313726,0.6116173120728929
0.31888549474883066,0.5,0.6116173120728929
0.3188712531326097,0.5,0.6127562642369021
0.31876964728994,0.5,0.6138952164009112
0.3187370529912243,0.5009803921568627,0.6138952164009112
0.31872693273960717,0.5009803921568627,0.6150341685649203
0.31871394294343486,0.5009803921568627,0.6161731207289294
0.31871155968442083,0.5019607843137255,0.6161731207289294
0.31868950336484786,0.5019607843137255,0.6173120728929385
0.31867542606106924,0.5029411764705882,0.6173120728929385
0.3186335095772439,0.5029411764705882,0.6184510250569476
0.31855967898663273,0.5029411764705882,0.6195899772209568
0.3184916486021375,0.503921568627451,0.6195899772209568
0.3183660269868421,0.503921568627451,0.6207289293849658
0.3183123062618337,0.503921568627451,0.621867881548975
0.3183069165178516,0.503921568627451,0.623006833712984
0.31824542044672954,0.503921568627451,0.6241457858769932
0.3181085318371725,0.5049019607843137,0.6241457858769932
0.3180672077428749,0.5058823529411764,0.6241457858769932
0.3180396292519479,0.5058823529411764,0.6252847380410023
0.31791215154843633,0.5058823529411764,0.6264236902050114
0.3176114949140059,0.5068627450980392,0.6264236902050114
0.31758783138194835,0.5078431372549019,0.6264236902050114
0.3173394039288042,0.5088235294117647,0.6264236902050114
0.31729265527358824,0.5088235294117647,0.6275626423690205
0.31714958411802896,0.5098039215686274,0.6275626423690205
0.317145328482557,0.5098039215686274,0.6287015945330297
0.31708494404818865,0.5098039215686274,0.6298405466970387
0.3170654827130493,0.5107843137254902,0.6298405466970387
0.3169817473092472,0.5107843137254902,0.6309794988610479
0.3169084211854534,0.5107843137254902,0.6321184510250569
0.31680343073078776,0.5117647058823529,0.6321184510250569
0.31673916583625367,0.5117647058823529,0.6332574031890661
0.3167196144237378,0.5117647058823529,0.6343963553530751
0.3167088463814069,0.5127450980392156,0.6343963553530751
0.316708407015829,0.5127450980392156,0.6355353075170843
0.3167048790950126,0.5127450980392156,0.6366742596810934
0.31666849689385174,0.5127450980392156,0.6378132118451025
0.31648760373417123,0.5127450980392156,0.6389521640091116
0.31648190414559124,0.5127450980392156,0.6400911161731208
0.316359196593602,0.5127450980392156,0.6412300683371298
0.3162773772523141,0.5137254901960784,0.6412300683371298
0.3162252691508909,0.5147058823529411,0.6412300683371298
0.31615546508905773,0.515686274509804,0.6412300683371298
0.316087710163959,0.515686274509804,0.642369020501139
0.3160097615157718,0.515686274509804,0.643507972665148
0.3159590187817801,0.515686274509804,0.6446469248291572
0.31579475736607615,0.515686274509804,0.6457858769931663
0.31577016094686006,0.5166666666666667,0.6457858769931663
0.3157010346302227,0.5166666666666667,0.6469248291571754
0.3155208682425863,0.5176470588235295,0.6469248291571754
0.31535708984531685,0.5186274509803922,0.6469248291571754
0.31531622526243974,0.5186274509803922,0.6480637813211845
0.3152396416176482,0.5186274509803922,0.6492027334851936
0.31522637455366126,0.5186274509803922,0.6514806378132119
0.31521603877570814,0.5186274509803922,0.6526195899772209
0.31520280986852933,0.5196078431372549,0.6526195899772209
0.3151917465953061,0.5196078431372549,0.6537585421412301
0.315019636464372,0.5205882352941177,0.6537585421412301
0.31500736079279246,0.5205882352941177,0.6548974943052391
0.3149666543227572,0.5205882352941177,0.6560364464692483
0.3149025547947809,0.5205882352941177,0.6571753986332574
0.3148105632860822,0.5215686274509804,0.6571753986332574
0.31475969195278797,0.5225490196078432,0.6571753986332574
0.3147410953956278,0.5225490196078432,0.6583143507972665
0.3147257836504536,0.5225490196078432,0.6594533029612756
0.3146824052083813,0.5225490196078432,0.6605922551252847
0.31455082645663274,0.5225490196078432,0.6617312072892938
0.3145430680233742,0.5225490196078432,0.662870159453303
0.31452205709362724,0.5225490196078432,0.6651480637813212
0.31442191341915454,0.5225490196078432,0.6662870159453302
0.31437230021688806,0.5225490196078432,0.6674259681093394
0.3143566140743382,0.5225490196078432,0.6685649202733486
0.31416857392354064,0.5235294117647059,0.6685649202733486
0.3141274905279912,0.5235294117647059,0.6697038724373576
0.3140868226291456,0.5235294117647059,0.6708428246013668
0.3140313918783405,0.5235294117647059,0.6719817767653758
0.31396247964214635,0.5235294117647059,0.673120728929385
0.31364968768114854,0.5245098039215687,0.673120728929385
0.3136338951632824,0.5245098039215687,0.6742596810933941
0.31352093995627994,0.5245098039215687,0.6753986332574032
0.31343314208582096,0.5254901960784314,0.6753986332574032
0.3133640856726704,0.5264705882352941,0.6753986332574032
0.3133487349139208,0.5264705882352941,0.6765375854214123
0.313326964822729,0.5264705882352941,0.6776765375854215
0.31331259516708176,0.5274509803921569,0.6776765375854215
0.3132874808143863,0.5274509803921569,0.6788154897494305
0.31325101712475734,0.5284313725490196,0.6788154897494305
0.3132318640533886,0.5284313725490196,0.6799544419134397
0.31322064092275786,0.5294117647058824,0.6799544419134397
0.31305402990090475,0.5294117647058824,0.6810933940774487
0.3129861581527558,0.5294117647058824,0.6822323462414579
0.31295510810897814,0.5303921568627451,0.6822323462414579
0.312950580571079,0.5303921568627451,0.683371298405467
0.3129253219458386,0.5313725490196078,0.683371298405467
0.31282920658725183,0.5323529411764706,0.683371298405467
0.3127820788511227,0.5333333333333333,0.683371298405467
0.3127760236889356,0.5333333333333333,0.6845102505694761
0.31277274974598707,0.5333333333333333,0.6856492027334852
0.3126448567283387,0.5343137254901961,0.6856492027334852
0.31262476696198055,0.5352941176470588,0.6856492027334852
0.3125829847345557,0.5352941176470588,0.6867881548974943
0.312519783550755,0.5352941176470588,0.6879271070615034
0.3125145788119597,0.5362745098039216,0.6879271070615034
0.3124861738347863,0.5372549019607843,0.6879271070615034
0.31247969106254664,0.5372549019607843,0.6890660592255126
0.3123561746841179,0.5372549019607843,0.6902050113895216
0.31221668626423665,0.538235294117647,0.6902050113895216
0.31220559253358465,0.538235294117647,0.6913439635535308
0.31218580338673657,0.5392156862745098,0.693621867881549
0.3121636995980208,0.5401960784313725,0.693621867881549
0.3121613102429535,0.5401960784313725,0.6947608200455581
0.3121219731249852,0.5401960784313725,0.6970387243735763
0.3119858906757139,0.5411764705882353,0.6970387243735763
0.31191054103335675,0.542156862745098,0.6970387243735763
0.3118913065962149,0.5431372549019607,0.6970387243735763
0.3118718039090405,0.5441176470588235,0.6970387243735763
0.31147275363570226,0.5450980392156862,0.6970387243735763
0.31128328115510284,0.546078431372549,0.6970387243735763
0.3112570334531657,0.5470588235294118,0.6970387243735763
0.3111984544770784,0.5480392156862746,0.6970387243735763
0.31107465450258226,0.5490196078431373,0.6970387243735763
0.31091577800602793,0.55,0.6970387243735763
0.31086035661618217,0.5509803921568628,0.6970387243735763
0.31051581786294274,0.5519607843137255,0.6970387243735763
0.3102544561882825,0.5519607843137255,0.6981776765375854
0.3101881904772354,0.5529411764705883,0.6981776765375854
0.3101429515596273,0.5529411764705883,0.6993166287015945
0.3099221717757377,0.553921568627451,0.6993166287015945
0.3098784723876639,0.553921568627451,0.7004555808656037
0.3098123944835209,0.5549019607843138,0.7004555808656037
0.3094217249160669,0.5558823529411765,0.7004555808656037
0.30940257580097796,0.5568627450980392,0.7004555808656037
0.30937064152452315,0.557843137254902,0.7004555808656037
0.30924335964088734,0.557843137254902,0.7015945330296127
0.30921992544922455,0.5588235294117647,0.7015945330296127
0.3091191318359361,0.5588235294117647,0.7027334851936219
0.30906686844706105,0.5588235294117647,0.7038724373576309
0.3089811320604012,0.5588235294117647,0.7050113895216401
0.3088250721726934,0.5588235294117647,0.7061503416856492
0.30873199570498727,0.5598039215686275,0.7061503416856492
0.3086501710527826,0.5598039215686275,0.7072892938496583
0.30863937508321065,0.5598039215686275,0.7084282460136674
0.3084795890985217,0.5607843137254902,0.7084282460136674
0.30790447256171927,0.5617647058823529,0.7084282460136674
0.30772171544333915,0.5627450980392157,0.7084282460136674
0.30767741446369257,0.5627450980392157,0.7095671981776766
0.3074647884763733,0.5637254901960784,0.7095671981776766
0.3073403075931784,0.5647058823529412,0.7095671981776766
0.30718930083547374,0.5656862745098039,0.7095671981776766
0.306865166642381,0.5666666666666667,0.7095671981776766
0.306773106139221,0.5676470588235294,0.7095671981776766
0.30651152613819377,0.5686274509803921,0.7095671981776766
0.3063753949233145,0.5696078431372549,0.7095671981776766
0.3062504861410126,0.5705882352941176,0.7095671981776766
0.30622907893292717,0.5705882352941176,0.7107061503416856
0.30620077240720023,0.5705882352941176,0.7118451025056948
0.3060395769572613,0.5705882352941176,0.7129840546697038
0.3058993922898241,0.5705882352941176,0.714123006833713
0.3058381780322565,0.5705882352941176,0.715261958997722
0.3057220983171283,0.5705882352941176,0.7164009111617312
0.30570686162878546,0.5715686274509804,0.7164009111617312
0.3053313715571002,0.5725490196078431,0.7164009111617312
0.3052159153639226,0.5725490196078431,0.7175398633257403
0.3049971793838046,0.5725490196078431,0.7186788154897494
0.3048792237781305,0.5735294117647058,0.7186788154897494
0.30487314195721993,0.5745098039215686,0.7186788154897494
0.3046060492230182,0.5745098039215686,0.7198177676537585
0.30437957523265635,0.5754901960784313,0.7198177676537585
0.30429660839746503,0.5764705882352941,0.7198177676537585
0.30385443159686343,0.5764705882352941,0.7209567198177677
0.30382696563049827,0.5764705882352941,0.7220956719817767
0.30376868267239876,0.5774509803921568,0.7220956719817767
0.30375836937238465,0.5784313725490197,0.7220956719817767
0.30350474196271515,0.5794117647058824,0.7220956719817767
0.3034845722834411,0.5794117647058824,0.7232346241457859
0.30332361514456596,0.5803921568627451,0.7232346241457859
0.30316261575008774,0.5813725490196079,0.7232346241457859
0.3030993475961006,0.5823529411764706,0.7232346241457859
0.3030722533658985,0.5833333333333334,0.7232346241457859
0.30297694202632325,0.5843137254901961,0.7232346241457859
0.302948743180759,0.5852941176470589,0.7232346241457859
0.30286166154961114,0.5852941176470589,0.724373576309795
0.3025316137238451,0.5862745098039216,0.724373576309795
0.30249600870608845,0.5872549019607843,0.724373576309795
0.3023537960742124,0.5872549019607843,0.7255125284738041
0.30229075211163436,0.5882352941176471,0.7255125284738041
0.30223493787790995,0.5882352941176471,0.7266514806378133
0.3021360642362949,0.5892156862745098,0.7266514806378133
0.3020650173363587,0.5901960784313726,0.7266514806378133
0.3019603457170723,0.5911764705882353,0.7266514806378133
0.3019574548724587,0.5911764705882353,0.7277904328018223
0.3019449544194201,0.592156862745098,0.7277904328018223
0.3018074781167799,0.592156862745098,0.7289293849658315
0.3017010068919645,0.5931372549019608,0.7289293849658315
0.30165388051460745,0.5941176470588235,0.7289293849658315
0.301376480504936,0.5950980392156863,0.7289293849658315
0.3012317315501057,0.596078431372549,0.7289293849658315
0.301128962697104,0.596078431372549,0.7300683371298405
0.3010848647399019,0.5970588235294118,0.7300683371298405
0.3008230633462104,0.5970588235294118,0.7312072892938497
0.30060112177002507,0.5980392156862745,0.7312072892938497
0.30057104406742946,0.5990196078431372,0.7312072892938497
0.3004768484417158,0.6,0.7312072892938497
0.3004669161254462,0.6009803921568627,0.7312072892938497
0.3004228565075026,0.6019607843137255,0.7312072892938497
0.30038161217414355,0.6029411764705882,0.7312072892938497
0.30034570011269734,0.6039215686274509,0.7312072892938497
0.3002644205748336,0.6068627450980392,0.7312072892938497
0.30001232142730055,0.6078431372549019,0.7312072892938497
0.29996694119579376,0.6078431372549019,0.7323462414578588
0.2999179528847625,0.6078431372549019,0.7334851936218679
0.2997366209437957,0.6088235294117647,0.7334851936218679
0.29966511445972144,0.6088235294117647,0.734624145785877
0.299567566120824,0.6098039215686275,0.734624145785877
0.2990398856989109,0.6098039215686275,0.7357630979498861
0.2989719878188015,0.6107843137254902,0.7357630979498861
0.29894743421808617,0.611764705882353,0.7357630979498861
0.2989262912148919,0.6127450980392157,0.7357630979498861
0.298857497353261,0.6127450980392157,0.7369020501138952
0.2987936948476906,0.6127450980392157,0.7380410022779044
0.29866190130867365,0.6137254901960785,0.7380410022779044
0.2986199170965165,0.6137254901960785,0.7391799544419134
0.298519965265451,0.6137254901960785,0.7403189066059226
0.29848197552019085,0.6137254901960785,0.7414578587699316
0.2984450924513833,0.6137254901960785,0.7425968109339408
0.2984399650027706,0.6147058823529412,0.7425968109339408
0.2984263636979907,0.615686274509804,0.7425968109339408
0.2980652027139001,0.6166666666666667,0.7425968109339408
0.2980100071299651,0.6176470588235294,0.7425968109339408
0.2977618891009861,0.6176470588235294,0.7437357630979499
0.2976869443142658,0.6186274509803922,0.7437357630979499
0.2976566241491793,0.6186274509803922,0.744874715261959
0.29765150729342743,0.6196078431372549,0.744874715261959
0.2976381473317796,0.6205882352941177,0.744874715261959
0.29759594375626863,0.6215686274509804,0.744874715261959
0.29738293538375965,0.6215686274509804,0.7460136674259681
0.2971650539386527,0.6225490196078431,0.7460136674259681
0.2966693270691762,0.6225490196078431,0.7471526195899773
0.29658760161830866,0.6235294117647059,0.7471526195899773
0.2963731979572535,0.6245098039215686,0.7471526195899773
0.29594032499128836,0.6245098039215686,0.7482915717539863
0.29591755857509505,0.6254901960784314,0.7482915717539863
0.29582767779562796,0.6264705882352941,0.7482915717539863
0.2957955901286136,0.6274509803921569,0.7482915717539863
0.29577133121078963,0.6274509803921569,0.7494305239179955
0.2956759173744697,0.6284313725490196,0.7494305239179955
0.29558164805698933,0.6294117647058823,0.7494305239179955
0.29557131863148095,0.6294117647058823,0.7505694760820045
0.29549275687663074,0.6294117647058823,0.7517084282460137
0.2954406162371182,0.6294117647058823,0.7528473804100227
0.29539134746714113,0.6294117647058823,0.7539863325740319
0.29534071829406433,0.6303921568627451,0.7539863325740319
0.29521797830246854,0.6313725490196078,0.7539863325740319
0.2951610785572927,0.6313725490196078,0.755125284738041
0.29506265689781835,0.6323529411764706,0.755125284738041
0.2950318091314459,0.6333333333333333,0.755125284738041
0.2949825435964564,0.634313725490196,0.755125284738041
0.2948054768695396,0.634313725490196,0.7562642369020501
0.2945773146962799,0.634313725490196,0.7574031890660592
0.29456017205572277,0.634313725490196,0.7596810933940774
0.294540547346419,0.634313725490196,0.7608200455580866
0.29438936820748374,0.634313725490196,0.7619589977220956
0.29425921485339435,0.634313725490196,0.7630979498861048
0.29422818318231014,0.6352941176470588,0.7630979498861048
0.29421961423805143,0.6362745098039215,0.7630979498861048
0.294074616080908,0.6372549019607843,0.7630979498861048
0.2940309909393456,0.638235294117647,0.7630979498861048
0.2940150746811233,0.6392156862745098,0.7630979498861048
0.2939786114144006,0.6392156862745098,0.7642369020501139
0.2939565925708642,0.6392156862745098,0.765375854214123
0.29380335536747115,0.6401960784313725,0.765375854214123
0.2937199615341443,0.6411764705882353,0.765375854214123
0.29371556596692006,0.6411764705882353,0.7665148063781321
0.29365676588492995,0.6411764705882353,0.7676537585421412
0.2936281001775306,0.6421568627450981,0.7676537585421412
0.2934562233983583,0.6431372549019608,0.7676537585421412
0.29344759663882275,0.6441176470588236,0.7676537585421412
0.29339303782474746,0.6450980392156863,0.7676537585421412
0.2933273381884239,0.6450980392156863,0.7687927107061503
0.2933198180794931,0.6460784313725491,0.7687927107061503
0.29289164564089687,0.6460784313725491,0.7699316628701595
0.29283005888816865,0.6460784313725491,0.7710706150341685
0.29247840454915786,0.6460784313725491,0.7722095671981777
0.2923837293951379,0.6470588235294118,0.7722095671981777
0.29233259581215265,0.6470588235294118,0.7733485193621867
0.2922851890953465,0.6480392156862745,0.7733485193621867
0.29227887848069756,0.6480392156862745,0.7744874715261959
0.29222945843826176,0.6490196078431373,0.7744874715261959
0.29220436988677234,0.6490196078431373,0.775626423690205
0.2921921248963057,0.65,0.775626423690205
0.2921090956653665,0.6509803921568628,0.775626423690205
0.29202639652985257,0.6509803921568628,0.7767653758542141
0.29188615245881044,0.6509803921568628,0.7779043280182233
0.29173419496011965,0.6519607843137255,0.7779043280182233
0.29165987329480836,0.653921568627451,0.7779043280182233
0.29141378792558154,0.653921568627451,0.7790432801822323
0.29096991076146134,0.653921568627451,0.7801822323462415
0.29092064140101326,0.6549019607843137,0.7801822323462415
0.2908594855975409,0.6558823529411765,0.7801822323462415
0.2908566388630882,0.6568627450980392,0.7801822323462415
0.290711944479622,0.6568627450980392,0.7813211845102506
0.29060470995021365,0.6568627450980392,0.7824601366742597
0.2905975747786065,0.657843137254902,0.7824601366742597
0.2905664723751806,0.657843137254902,0.7835990888382688
0.29055359162165817,0.657843137254902,0.784738041002278
0.29047920534063737,0.6588235294117647,0.784738041002278
0.2904573505600495,0.6598039215686274,0.784738041002278
0.2903285400647669,0.6598039215686274,0.785876993166287
0.2902969905848979,0.6607843137254902,0.785876993166287
0.29027295235548484,0.6617647058823529,0.785876993166287
0.29027009824654687,0.6627450980392157,0.785876993166287
0.2900348287536718,0.6627450980392157,0.7870159453302962
0.29001605022338334,0.6627450980392157,0.7881548974943052
0.28988210225064037,0.6627450980392157,0.7892938496583144
0.2898127751272763,0.6637254901960784,0.7892938496583144
0.2897620180134088,0.6637254901960784,0.7904328018223234
0.28959612181808,0.6647058823529411,0.7904328018223234
0.28957108093680206,0.6647058823529411,0.7915717539863326
0.2895643863366526,0.6656862745098039,0.7915717539863326
0.2895400198390188,0.6666666666666666,0.7915717539863326
0.2894356257823273,0.6666666666666666,0.7927107061503417
0.28938477558908854,0.6666666666666666,0.7938496583143508
0.289334524168274,0.6676470588235294,0.7938496583143508
0.28926342744723826,0.6686274509803921,0.7938496583143508
0.289226154091198,0.6686274509803921,0.7949886104783599
0.2890422761495885,0.6686274509803921,0.7961275626423691
0.2889367839904572,0.6696078431372549,0.7961275626423691
0.28882302603414783,0.6705882352941176,0.7961275626423691
0.28881907068146995,0.6715686274509803,0.7961275626423691
0.28867642342828503,0.6725490196078432,0.7961275626423691
0.288628555210556,0.6735294117647059,0.7961275626423691
0.28844837601792933,0.6745098039215687,0.7961275626423691
0.2883940344422479,0.6754901960784314,0.7961275626423691
0.2880822341664794,0.6754901960784314,0.7972665148063781
0.287906076606723,0.6754901960784314,0.7984054669703873
0.28779237974239036,0.6764705882352942,0.7984054669703873
0.28774406736233127,0.6764705882352942,0.7995444191343963
0.2877075454217182,0.6774509803921569,0.7995444191343963
0.28759017593776603,0.6774509803921569,0.8006833712984055
0.28740184823580683,0.6784313725490196,0.8006833712984055
0.28737321141453154,0.6784313725490196,0.8018223234624146
0.28710039274915533,0.6794117647058824,0.8018223234624146
0.2869652943790799,0.6794117647058824,0.8029612756264237
0.2869290687499541,0.6803921568627451,0.8029612756264237
0.2868886150909234,0.6803921568627451,0.8041002277904328
0.286822189773224,0.6813725490196079,0.8041002277904328
0.28671903751305733,0.6823529411764706,0.8041002277904328
0.28664116880973267,0.6823529411764706,0.8052391799544419
0.2866349794664833,0.6833333333333333,0.8052391799544419
0.28662012313386986,0.6843137254901961,0.8052391799544419
0.2865198199837699,0.6843137254901961,0.806378132118451
0.2865089058476787,0.6852941176470588,0.806378132118451
0.28650855981152046,0.6862745098039216,0.806378132118451
0.28635159955632195,0.6862745098039216,0.8075170842824602
0.28613079287267645,0.6872549019607843,0.8075170842824602
0.2858896493094591,0.6872549019607843,0.8086560364464692
0.285822414885879,0.6882352941176471,0.8086560364464692
0.2857199840368067,0.6892156862745098,0.8086560364464692
0.2857195204329069,0.6901960784313725,0.8086560364464692
0.2856954155771407,0.6901960784313725,0.8097949886104784
0.28549989273074816,0.6901960784313725,0.8109339407744874
0.2854287862856383,0.6911764705882353,0.8109339407744874
0.2851417161784905,0.692156862745098,0.8109339407744874
0.28479909536561476,0.692156862745098,0.8120728929384966
0.2846980053830525,0.6931372549019608,0.8120728929384966
0.284606384976355,0.6941176470588235,0.8120728929384966
0.2845162309967525,0.6950980392156862,0.8120728929384966
0.2844588514049707,0.696078431372549,0.8120728929384966
0.2844475973274523,0.6970588235294117,0.8120728929384966
0.2844427919177108,0.6970588235294117,0.8132118451025057
0.2844030894094949,0.6970588235294117,0.8143507972665148
0.2842934185355735,0.6980392156862745,0.8143507972665148
0.28422235280154506,0.6980392156862745,0.8154897494305239
0.284220416746235,0.6980392156862745,0.816628701594533
0.28419025992101304,0.6990196078431372,0.816628701594533
0.284143688255955,0.7,0.816628701594533
0.2841038947433961,0.7009803921568627,0.816628701594533
0.2840378684951249,0.7019607843137254,0.816628701594533
0.28399615894925057,0.7029411764705882,0.816628701594533
0.28399165423825584,0.7029411764705882,0.8177676537585421
0.28398152432463125,0.7029411764705882,0.8189066059225513
0.28388271268135545,0.703921568627451,0.8189066059225513
0.28378806426651376,0.7049019607843138,0.8189066059225513
0.2837162604835724,0.7049019607843138,0.8200455580865603
0.28370371337296035,0.7058823529411765,0.8200455580865603
0.2835782885523382,0.7068627450980393,0.8200455580865603
0.2835746388468492,0.707843137254902,0.8200455580865603
0.28355309107156146,0.7088235294117647,0.8200455580865603
0.28339230502641805,0.7098039215686275,0.8200455580865603
0.28333465753895665,0.7107843137254902,0.8200455580865603
0.28327783982772603,0.711764705882353,0.8200455580865603
0.28322170166838867,0.7127450980392157,0.8200455580865603
0.2831589116759759,0.7137254901960784,0.8200455580865603
0.28297846176414004,0.7137254901960784,0.8211845102505695
0.282965470522541,0.7137254901960784,0.8223234624145785
0.28286229845256755,0.7147058823529412,0.8223234624145785
0.2828067991363312,0.7156862745098039,0.8223234624145785
0.2826065896504687,0.7156862745098039,0.8234624145785877
0.2824802020010264,0.7166666666666667,0.8234624145785877
0.2824344689483178,0.7176470588235294,0.8234624145785877
0.28242682670245084,0.7186274509803922,0.8234624145785877
0.28234078559439646,0.7196078431372549,0.8234624145785877
0.2820661614989734,0.7196078431372549,0.8246013667425968
0.28183186067736354,0.7205882352941176,0.8246013667425968
0.2817542430083818,0.7215686274509804,0.8246013667425968
0.2817492551311169,0.7225490196078431,0.8246013667425968
0.2817386837055922,0.7235294117647059,0.8246013667425968
0.281732608466148,0.7235294117647059,0.8257403189066059
0.28172328901311205,0.7245098039215686,0.8257403189066059
0.28171684825765403,0.7254901960784313,0.8257403189066059
0.28170986938024273,0.7264705882352941,0.8257403189066059
0.28161538106342,0.7264705882352941,0.826879271070615
0.2816104547631224,0.7274509803921568,0.826879271070615
0.2815062689224399,0.7284313725490196,0.826879271070615
0.28130532273119396,0.7294117647058823,0.826879271070615
0.281204144373105,0.7294117647058823,0.8280182232346242
0.28115269758576783,0.7303921568627451,0.8280182232346242
0.28111698255781437,0.7313725490196078,0.8280182232346242
0.28108633940571065,0.7313725490196078,0.8291571753986332
0.28106125464897347,0.7323529411764705,0.8291571753986332
0.2809967267392334,0.7333333333333333,0.8291571753986332
0.28098897035802695,0.7333333333333333,0.8302961275626424
0.2809445838998318,0.734313725490196,0.8302961275626424
0.2809121113495669,0.7352941176470589,0.8302961275626424
0.2808622007011324,0.7362745098039216,0.8302961275626424
0.28084379720933067,0.7362745098039216,0.8314350797266514
0.2808244733154677,0.7372549019607844,0.8314350797266514
0.2807831777934851,0.7382352941176471,0.8314350797266514
0.28077508221762393,0.7392156862745098,0.8314350797266514
0.28074011209138217,0.7392156862745098,0.8325740318906606
0.2807001481292005,0.7392156862745098,0.8337129840546698
0.28059231833379156,0.7392156862745098,0.8348519362186788
0.280567958403166,0.7392156862745098,0.835990888382688
0.28052133815010394,0.7401960784313726,0.835990888382688
0.2805195857269275,0.7411764705882353,0.835990888382688
0.2804472719890556,0.7421568627450981,0.835990888382688
0.2804463251236342,0.7431372549019608,0.835990888382688
0.2804303703342482,0.7441176470588236,0.835990888382688
0.28040443870781356,0.7450980392156863,0.835990888382688
0.28030027062906365,0.746078431372549,0.835990888382688
0.28023078130096024,0.746078431372549,0.837129840546697
0.28019514383988314,0.7470588235294118,0.837129840546697
0.28004756324670116,0.7480392156862745,0.837129840546697
0.2798925265375333,0.7490196078431373,0.837129840546697
0.2798256251257594,0.75,0.837129840546697
0.279812025109943,0.7509803921568627,0.837129840546697
0.2797716766098195,0.7509803921568627,0.8382687927107062
0.2797250905859058,0.7519607843137255,0.8382687927107062
0.2796558027237695,0.7529411764705882,0.8382687927107062
0.27962724703559616,0.7529411764705882,0.8394077448747153
0.27962420952989014,0.753921568627451,0.8394077448747153
0.2795428137884401,0.753921568627451,0.8405466970387244
0.27952538483133055,0.7549019607843137,0.8405466970387244
0.2794311957424496,0.7549019607843137,0.8416856492027335
0.2794011878082606,0.7558823529411764,0.8416856492027335
0.2793697923948343,0.7558823529411764,0.8428246013667426
0.2793584477992887,0.7558823529411764,0.8439635535307517
0.27930334440556975,0.7558823529411764,0.8451025056947609
0.2792518034693957,0.7558823529411764,0.8462414578587699
0.2791295686877665,0.7568627450980392,0.8462414578587699
0.27911523220822876,0.7568627450980392,0.8473804100227791
0.2790822818044776,0.7568627450980392,0.8485193621867881
0.2790693464212459,0.7568627450980392,0.8496583143507973
0.27905860891994505,0.7578431372549019,0.8496583143507973
0.27886405511776335,0.7578431372549019,0.8507972665148064
0.2788527843146039,0.7588235294117647,0.8507972665148064
0.2786537126525682,0.7598039215686274,0.8507972665148064
0.27859607164389727,0.7598039215686274,0.8519362186788155
0.2781778611694302,0.7607843137254902,0.8519362186788155
0.27817356546038924,0.7617647058823529,0.8519362186788155
0.2780568841430673,0.7627450980392156,0.8519362186788155
0.27792720315958164,0.7637254901960784,0.8519362186788155
0.27792041658485983,0.7647058823529411,0.8519362186788155
0.2779183325558353,0.765686274509804,0.8519362186788155
0.2779092470052435,0.7666666666666667,0.8519362186788155
0.27789950780436723,0.7666666666666667,0.8530751708428246
0.27788591269083857,0.7676470588235295,0.8530751708428246
0.2778426197977836,0.7676470588235295,0.8542141230068337
0.2777528248983932,0.7686274509803922,0.8542141230068337
0.2777268732974138,0.7686274509803922,0.8553530751708428
0.27764466997975273,0.7696078431372549,0.8553530751708428
0.2776179284879009,0.7705882352941177,0.8553530751708428
0.27754714471744124,0.7715686274509804,0.8553530751708428
0.27750727981773476,0.7725490196078432,0.8553530751708428
0.2774573971357988,0.7735294117647059,0.8553530751708428
0.2773394005736569,0.7745098039215687,0.8553530751708428
0.27719719282937755,0.7745098039215687,0.856492027334852
0.2771960212813452,0.7754901960784314,0.856492027334852
0.27718647485818426,0.7754901960784314,0.857630979498861
0.2771459486092853,0.7764705882352941,0.857630979498861
0.2770437278451356,0.7774509803921569,0.857630979498861
0.27684258569920983,0.7784313725490196,0.857630979498861
0.27681279442442414,0.7794117647058824,0.857630979498861
0.2767780707503859,0.7803921568627451,0.857630979498861
0.2767613255883373,0.7813725490196078,0.857630979498861
0.27673145031238305,0.7823529411764706,0.857630979498861
0.2766807976817116,0.7823529411764706,0.8587699316628702
0.2765916540612479,0.7833333333333333,0.8587699316628702
0.27656946439099056,0.7843137254901961,0.8587699316628702
0.2765580076031023,0.7843137254901961,0.8599088838268792
0.2765466671179737,0.7843137254901961,0.8610478359908884
0.2765084961418533,0.7843137254901961,0.8621867881548975
0.27642208745427044,0.7852941176470588,0.8621867881548975
0.27641511074668595,0.7862745098039216,0.8621867881548975
0.2763754321252007,0.7862745098039216,0.8633257403189066
0.27628655050496326,0.7862745098039216,0.8644646924829157
0.27621417509860624,0.7872549019607843,0.8644646924829157
0.27611123394764897,0.788235294117647,0.8644646924829157
0.27596157305287705,0.7892156862745098,0.8644646924829157
0.27594977604701343,0.7901960784313725,0.8644646924829157
0.2758902479373452,0.7911764705882353,0.8644646924829157
0.2758605645955747,0.7911764705882353,0.8656036446469249
0.27563033582034163,0.792156862745098,0.8656036446469249
0.27552671103152315,0.7931372549019607,0.8656036446469249
0.2754181928154814,0.7941176470588235,0.8656036446469249
0.2753589968296101,0.7950980392156862,0.8656036446469249
0.27517108571342136,0.796078431372549,0.8656036446469249
0.2751547449492355,0.7970588235294118,0.8656036446469249
0.2750492268068812,0.7980392156862746,0.8656036446469249
0.2750024574582973,0.7990196078431373,0.8656036446469249
0.274918621798763,0.7990196078431373,0.8667425968109339
0.2748929604937922,0.8,0.8667425968109339
0.2747105600575954,0.8009803921568628,0.8667425968109339
0.2746519995656006,0.8019607843137255,0.8667425968109339
0.2745030512355564,0.8029411764705883,0.8667425968109339
0.2744763648476437,0.803921568627451,0.8667425968109339
0.2744669501283449,0.8049019607843138,0.8667425968109339
0.2744542842038877,0.8058823529411765,0.8667425968109339
0.2743520101344203,0.8068627450980392,0.8667425968109339
0.274343690774946,0.8068627450980392,0.8678815489749431
0.2742178852051418,0.807843137254902,0.8678815489749431
0.27416882521602676,0.807843137254902,0.8690205011389521
0.2740786701867377,0.807843137254902,0.8701594533029613
0.27406739688574944,0.807843137254902,0.8712984054669703
0.2739500722268014,0.807843137254902,0.8724373576309795
0.27391144460593186,0.8088235294117647,0.8724373576309795
0.2738781755519122,0.8098039215686275,0.8724373576309795
0.27386718055672743,0.8117647058823529,0.8724373576309795
0.27378351863227085,0.8127450980392157,0.8724373576309795
0.2737788215835391,0.8137254901960784,0.8724373576309795
0.27372294305693856,0.8147058823529412,0.8724373576309795
0.2736722810453939,0.8147058823529412,0.8735763097949886
0.27357232393385306,0.8156862745098039,0.8735763097949886
0.27357144420376417,0.8166666666666667,0.8735763097949886
0.2735327289468599,0.8176470588235294,0.8735763097949886
0.2734831236451072,0.8186274509803921,0.8735763097949886
0.2734799266600709,0.8196078431372549,0.8735763097949886
0.2734226766511899,0.8205882352941176,0.8735763097949886
0.2734116999422677,0.8215686274509804,0.8735763097949886
0.2734061771231677,0.8225490196078431,0.8735763097949886
0.2733936907481877,0.8235294117647058,0.8735763097949886
0.2733614652781021,0.8245098039215686,0.8735763097949886
0.2732901228775081,0.8254901960784313,0.8735763097949886
0.27325666644983876,0.8254901960784313,0.8747152619589977
0.2731887274114012,0.8264705882352941,0.8747152619589977
0.2729572649451195,0.8264705882352941,0.8758542141230068
0.2727463244475284,0.8264705882352941,0.876993166287016
0.27253095054602433,0.8264705882352941,0.878132118451025
0.2725283176502571,0.8274509803921568,0.878132118451025
0.27252101108002785,0.8274509803921568,0.8792710706150342
0.2724949054090357,0.8274509803921568,0.8804100227790432
0.27214568837234276,0.8284313725490197,0.8804100227790432
0.272055910718253,0.8284313725490197,0.8815489749430524
0.27203253060865923,0.8294117647058824,0.8815489749430524
0.27197079145360376,0.8294117647058824,0.8826879271070615
0.27194350389450234,0.8303921568627451,0.8826879271070615
0.2718891979588949,0.8303921568627451,0.8838268792710706
0.2718730746892737,0.8313725490196079,0.8838268792710706
0.27183732508115016,0.8313725490196079,0.8849658314350797
0.2717226034756818,0.8323529411764706,0.8849658314350797
0.2715722057776956,0.8333333333333334,0.8849658314350797
0.2715316932743321,0.8343137254901961,0.8849658314350797
0.27148824135612043,0.8343137254901961,0.8861047835990888
0.27142477796725967,0.8352941176470589,0.8861047835990888
0.27141838892343007,0.8362745098039216,0.8861047835990888
0.2711331378328635,0.8362745098039216,0.8872437357630979
0.27112229995343246,0.8362745098039216,0.8883826879271071
0.27109693583597466,0.8372549019607843,0.8883826879271071
0.27071269859795466,0.8382352941176471,0.8883826879271071
0.2706683441413553,0.8392156862745098,0.8883826879271071
0.27059363635998007,0.8401960784313726,0.8883826879271071
0.2704971420643931,0.8411764705882353,0.8883826879271071
0.27033335404632913,0.8411764705882353,0.8895216400911162
0.27015001585025805,0.842156862745098,0.8895216400911162
0.27009877744921673,0.842156862745098,0.8906605922551253
0.2700436146605121,0.8431372549019608,0.8906605922551253
0.26989889785758864,0.8431372549019608,0.8917995444191344
0.26977775772478746,0.8441176470588235,0.8917995444191344
0.2697215482217726,0.8450980392156863,0.8917995444191344
0.2696533460431414,0.8450980392156863,0.8929384965831435
0.2695351521833247,0.846078431372549,0.8929384965831435
0.2694866745956668,0.846078431372549,0.8940774487471527
0.2694110407276367,0.8470588235294118,0.8940774487471527
0.26935445755592125,0.8480392156862745,0.8940774487471527
0.26929830828741913,0.8490196078431372,0.8940774487471527
0.26924767103351066,0.85,0.8940774487471527
0.26912805648365157,0.85,0.8952164009111617
0.2688575928381276,0.8509803921568627,0.8952164009111617
0.2688466324101157,0.8509803921568627,0.8963553530751709
0.268826013020687,0.8519607843137255,0.8963553530751709
0.26870808697489595,0.8529411764705882,0.8963553530751709
0.2684218312499948,0.8539215686274509,0.8963553530751709
0.2683366773467168,0.8539215686274509,0.89749430523918
0.2681510755882951,0.8539215686274509,0.8986332574031891
0.2680554773529221,0.8539215686274509,0.8997722095671982
0.26803873221163915,0.8539215686274509,0.9009111617312073
0.2679698070355865,0.8539215686274509,0.9020501138952164
0.2679538624815815,0.8549019607843137,0.9020501138952164
0.2676431000960375,0.8549019607843137,0.9031890660592256
0.26757443175800844,0.8558823529411764,0.9031890660592256
0.2675415574312861,0.8568627450980392,0.9031890660592256
0.2674787618232532,0.8578431372549019,0.9031890660592256
0.26746628784066523,0.8588235294117647,0.9031890660592256
0.2673621116894368,0.8598039215686275,0.9031890660592256
0.26728876707281274,0.8607843137254902,0.9031890660592256
0.2671879208588717,0.8607843137254902,0.9043280182232346
0.26716262163008003,0.8607843137254902,0.9054669703872438
0.26714138339175086,0.861764705882353,0.9054669703872438
0.2670481569012823,0.8627450980392157,0.9054669703872438
0.2670170224317089,0.8637254901960785,0.9054669703872438
0.26697951350099464,0.8637254901960785,0.9066059225512528
0.266857391011857,0.8637254901960785,0.907744874715262
0.26682326400971396,0.8637254901960785,0.908883826879271
0.26681512615120523,0.8647058823529412,0.908883826879271
0.2667899934981891,0.8647058823529412,0.9100227790432802
0.26676960956821405,0.8647058823529412,0.9111617312072893
0.2667639829533224,0.8647058823529412,0.9123006833712984
0.2667283931776946,0.865686274509804,0.9123006833712984
0.26662788842893376,0.865686274509804,0.9134396355353075
0.2666082216348958,0.8666666666666667,0.9134396355353075
0.2665619471210737,0.8676470588235294,0.9134396355353075
0.26637092015224434,0.8676470588235294,0.9145785876993167
0.2663530887059412,0.8676470588235294,0.9157175398633257
0.266325097534815,0.8686274509803922,0.9157175398633257
0.266241267673279,0.8696078431372549,0.9157175398633257
0.26609603773125606,0.8696078431372549,0.9168564920273349
0.26588415003222443,0.8705882352941177,0.9168564920273349
0.26586134796652355,0.8715686274509804,0.9168564920273349
0.2657968206326564,0.8715686274509804,0.9179954441913439
0.2657411766787888,0.8725490196078431,0.9179954441913439
0.2654984548371875,0.8735294117647059,0.9179954441913439
0.2653909357223964,0.8745098039215686,0.9179954441913439
0.2653764985260704,0.8754901960784314,0.9179954441913439
0.2653652072429752,0.8754901960784314,0.9191343963553531
0.26528919781062665,0.8754901960784314,0.9202733485193622
0.26525834562981804,0.8764705882352941,0.9202733485193622
0.26519930498088096,0.8764705882352941,0.9214123006833713
0.26511536884535924,0.8764705882352941,0.9225512528473804
0.2650390019146153,0.8774509803921569,0.9225512528473804
0.26498816083062515,0.8774509803921569,0.9236902050113895
0.26488731861357623,0.8774509803921569,0.9248291571753986
0.2648558873913545,0.8774509803921569,0.9259681093394078
0.264827950640247,0.8774509803921569,0.9271070615034168
0.26481739199528,0.8784313725490196,0.9271070615034168
0.2646696950041687,0.8784313725490196,0.928246013667426
0.26466136219551284,0.8794117647058823,0.928246013667426
0.2646344245743543,0.8794117647058823,0.929384965831435
0.2646060017559505,0.8794117647058823,0.9305239179954442
0.26451942724854655,0.8794117647058823,0.9316628701594533
0.26451718981879585,0.8794117647058823,0.9328018223234624
0.264461370843543,0.8794117647058823,0.9339407744874715
0.26436013403054215,0.8794117647058823,0.9350797266514806
0.26425819849720106,0.8794117647058823,0.9362186788154897
0.2642370422500927,0.8794117647058823,0.9373576309794989
0.2642193279096222,0.8794117647058823,0.9384965831435079
0.2641782776758841,0.8794117647058823,0.9396355353075171
0.26410810309182986,0.8794117647058823,0.9407744874715261
0.2640760514266645,0.8803921568627451,0.9407744874715261
0.2638739548376054,0.8803921568627451,0.9419134396355353
0.26373357089710153,0.8813725490196078,0.9419134396355353
0.26360922433187123,0.8823529411764706,0.9419134396355353
0.2635647023859872,0.8833333333333333,0.9419134396355353
0.26356378232822675,0.884313725490196,0.9419134396355353
0.2635596755688825,0.884313725490196,0.9430523917995444
0.2634722800239588,0.8852941176470588,0.9430523917995444
0.2634369666371783,0.8852941176470588,0.9441913439635535
0.263417063619315,0.8852941176470588,0.9453302961275627
0.26329834055736856,0.8862745098039215,0.9453302961275627
0.26327619793631696,0.8872549019607843,0.9453302961275627
0.2631585420811962,0.888235294117647,0.9453302961275627
0.2631076649353477,0.8892156862745098,0.9453302961275627
0.26310300594152836,0.8921568627450981,0.9453302961275627
0.26310133844601824,0.8931372549019608,0.9453302961275627
0.2630729810865002,0.8941176470588236,0.9453302961275627
0.2630474368375641,0.8950980392156863,0.9453302961275627
0.2629819520397459,0.8960784313725491,0.9453302961275627
0.2629773909503841,0.8960784313725491,0.9464692482915718
0.2629124717771001,0.8970588235294118,0.9464692482915718
0.26284158451204354,0.8980392156862745,0.9464692482915718
0.26281441072149514,0.8980392156862745,0.9476082004555809
0.2627328127982369,0.8990196078431373,0.9476082004555809
0.26272838205077104,0.9,0.9476082004555809
0.2627021440751328,0.9009803921568628,0.9476082004555809
0.26266978691683335,0.9009803921568628,0.94874715261959
0.26263837644305355,0.9009803921568628,0.9498861047835991
0.26261366317379914,0.9019607843137255,0.9498861047835991
0.2626134937377619,0.9029411764705882,0.9498861047835991
0.26258054992883634,0.903921568627451,0.9498861047835991
0.2625658165272763,0.9049019607843137,0.9498861047835991
0.2625192108253729,0.9058823529411765,0.9498861047835991
0.2624908977106566,0.9068627450980392,0.9498861047835991
0.2624887993012101,0.9068627450980392,0.9510250569476082
0.2624013374164132,0.907843137254902,0.9510250569476082
0.2623574068634875,0.9088235294117647,0.9510250569476082
0.26235248749715,0.9098039215686274,0.9510250569476082
0.2623460479531592,0.9098039215686274,0.9521640091116174
0.26233121227339196,0.9107843137254902,0.9521640091116174
0.26230049873913525,0.9117647058823529,0.9521640091116174
0.2622402606111905,0.9117647058823529,0.9533029612756264
0.26217913718281893,0.9117647058823529,0.9544419134396356
0.2621520945328688,0.9127450980392157,0.9544419134396356
0.2621226913708389,0.9137254901960784,0.9544419134396356
0.26204263758020074,0.9137254901960784,0.9555808656036446
0.2620243463460732,0.9147058823529411,0.9555808656036446
0.26195430633283284,0.9156862745098039,0.9555808656036446
0.2619249910598841,0.9166666666666666,0.9555808656036446
0.2619068273570502,0.9176470588235294,0.9555808656036446
0.26189473182543344,0.9176470588235294,0.9567198177676538
0.2618605560403371,0.9186274509803921,0.9567198177676538
0.2618443021914197,0.9196078431372549,0.9567198177676538
0.26165738443974607,0.9205882352941176,0.9567198177676538
0.26164606873939006,0.9205882352941176,0.9601366742596811
0.26163868839368376,0.9215686274509803,0.9601366742596811
0.2616190789866021,0.9215686274509803,0.9612756264236902
0.26157506286554744,0.9215686274509803,0.9624145785876993
0.26154846174819374,0.9215686274509803,0.9635535307517085
0.26149745699158217,0.9215686274509803,0.9646924829157175
0.2614675503261892,0.9225490196078432,0.9646924829157175
0.26145270277470695,0.9235294117647059,0.9646924829157175
0.2614194089390153,0.9245098039215687,0.9646924829157175
0.2614181927062142,0.9254901960784314,0.9646924829157175
0.2613935755061778,0.9264705882352942,0.9646924829157175
0.26138597730598406,0.9264705882352942,0.9658314350797267
0.2613567853096996,0.9264705882352942,0.9669703872437357
0.2613303322633644,0.9274509803921569,0.9669703872437357
0.2612734778817047,0.9284313725490196,0.9669703872437357
0.2612263664172114,0.9284313725490196,0.9681093394077449
0.26118032698578975,0.9294117647058824,0.9681093394077449
0.26113472921968556,0.9294117647058824,0.969248291571754
0.26111634187930705,0.9294117647058824,0.9703872437357631
0.26109127505261415,0.9303921568627451,0.9703872437357631
0.2610849795830798,0.9303921568627451,0.9715261958997722
0.261046676967119,0.9313725490196079,0.9715261958997722
0.26101370116222317,0.9323529411764706,0.9715261958997722
0.26095985490920315,0.9333333333333333,0.9715261958997722
0.26085165769618274,0.9343137254901961,0.9715261958997722
0.2608138601934562,0.9343137254901961,0.9726651480637813
0.26081122276016777,0.9343137254901961,0.9738041002277904
0.26081051084256196,0.9352941176470588,0.9738041002277904
0.26078440523560775,0.9362745098039216,0.9738041002277904
0.260744272805565,0.9372549019607843,0.9738041002277904
0.26074265788476053,0.9382352941176471,0.9738041002277904
0.2607222044958511,0.9382352941176471,0.9749430523917996
0.260714818445571,0.9382352941176471,0.9760820045558086
0.26066550080086204,0.9392156862745098,0.9760820045558086
0.26066192361783147,0.9401960784313725,0.9760820045558086
0.2606550351208406,0.9411764705882353,0.9760820045558086
0.2606545627223973,0.9411764705882353,0.9772209567198178
0.2605991751250804,0.9411764705882353,0.9783599088838268
0.26059691790008277,0.942156862745098,0.9783599088838268
0.2605772606000919,0.9431372549019608,0.9783599088838268
0.2605615164717661,0.9441176470588235,0.9783599088838268
0.2605519438472264,0.9450980392156862,0.9783599088838268
0.26053027826211544,0.946078431372549,0.9783599088838268
0.2605104553064493,0.9470588235294117,0.9783599088838268
0.26045810091174865,0.9480392156862745,0.9783599088838268
0.26045256536591366,0.95,0.9783599088838268
0.2603944813669531,0.9509803921568627,0.9783599088838268
0.26038880368236034,0.9509803921568627,0.979498861047836
0.2603745491985683,0.9519607843137254,0.979498861047836
0.26036712439353865,0.9529411764705882,0.979498861047836
0.26033908700999137,0.953921568627451,0.979498861047836
0.26031777174005694,0.9549019607843138,0.979498861047836
0.26029841502671835,0.9558823529411765,0.979498861047836
0.2602901939334258,0.9568627450980393,0.979498861047836
0.2602883400026812,0.957843137254902,0.979498861047836
0.26027560834165475,0.9588235294117647,0.979498861047836
0.26027162548407334,0.9598039215686275,0.979498861047836
0.2602685717366256,0.9607843137254902,0.979498861047836
0.26026017962916526,0.961764705882353,0.979498861047836
0.26023321226061896,0.9627450980392157,0.979498861047836
0.2602304419733451,0.9637254901960784,0.979498861047836
0.2602091304219358,0.9647058823529412,0.979498861047836
0.2602044179253327,0.9647058823529412,0.9806378132118451
0.2601838437571451,0.9647058823529412,0.9817767653758542
0.26016798222525367,0.9647058823529412,0.9829157175398633
0.2601497712067725,0.9647058823529412,0.9840546697038725
0.26012030493956345,0.9656862745098039,0.9840546697038725
0.2601134073275871,0.9666666666666667,0.9840546697038725
0.2600550545263182,0.9676470588235294,0.9840546697038725
0.26004070386178824,0.9686274509803922,0.9840546697038725
0.2600388700247457,0.9686274509803922,0.9851936218678815
0.2600270140036363,0.9696078431372549,0.9851936218678815
0.2600195856160041,0.9696078431372549,0.9863325740318907
0.26001025366463265,0.9705882352941176,0.9863325740318907
0.2599853396423641,0.9705882352941176,0.9874715261958997
0.2599745079622681,0.9725490196078431,0.9874715261958997
0.25991761632859745,0.9735294117647059,0.9874715261958997
0.25989696802251444,0.9745098039215686,0.9874715261958997
0.2598783082024512,0.9745098039215686,0.9886104783599089
0.25984772961514796,0.9754901960784313,0.9886104783599089
0.25983792738617983,0.9764705882352941,0.9886104783599089
0.2598360362045835,0.9774509803921568,0.9886104783599089
0.2598333931110903,0.9774509803921568,0.989749430523918
0.2597915171686849,0.9784313725490196,0.989749430523918
0.25975260158249697,0.9794117647058823,0.989749430523918
0.25958719098392025,0.9803921568627451,0.989749430523918
0.2595568927076228,0.9813725490196078,0.989749430523918
0.2595448931507695,0.9823529411764705,0.989749430523918
0.25948666257207564,0.9833333333333333,0.989749430523918
0.2594419958035564,0.984313725490196,0.989749430523918
0.25940915946709514,0.9852941176470589,0.989749430523918
0.2593162110626778,0.9862745098039216,0.989749430523918
0.2591811878853989,0.9862745098039216,0.9908883826879271
0.2591758718728372,0.9872549019607844,0.9908883826879271
0.25914803111489443,0.9882352941176471,0.9908883826879271
0.2591366250174327,0.9882352941176471,0.9920273348519362
0.25913383343248786,0.9892156862745098,0.9920273348519362
0.2590235151658636,0.9892156862745098,0.9943052391799544
0.258996637600689,0.9892156862745098,0.9954441913439636
0.2587703773283327,0.9901960784313726,0.9954441913439636
0.258767399785653,0.9911764705882353,0.9954441913439636
0.2587666210041635,0.9911764705882353,0.9965831435079726
0.2587490218521449,0.9921568627450981,0.9965831435079726
0.25862715795008884,0.9941176470588236,0.9965831435079726
0.2585413757300246,0.996078431372549,0.9965831435079726
0.2585048173080592,0.9970588235294118,0.9988610478359908
0.2583276057978684,0.9980392156862745,0.9988610478359908
0.2583032820390235,0.9980392156862745,1.0
0.2581761928743051,1.0,1.0
1.0,1.0,1.0