threshold,fpr,tpr
-140.26856619818858,0.0,0.0
-137.76021837045022,0.0,0.00032658393207054214
-137.31532120466386,0.0,0.0006531678641410843
-136.4992327782017,0.0,0.0009797517962116264
-134.88871420679288,0.00013681762210972773,0.0009797517962116264
-134.70247612358185,0.00013681762210972773,0.0013063357282821686
-134.36250153089236,0.00013681762210972773,0.0016329196603527107
-131.42463902318548,0.00013681762210972773,0.001959503592423253
-129.70985389444218,0.00013681762210972773,0.0022860875244937948
-129.70233646715815,0.00013681762210972773,0.002612671456564337
-129.00989280414365,0.00013681762210972773,0.002939255388634879
-128.76670299811474,0.00013681762210972773,0.0032658393207054214
-128.64698459477393,0.00013681762210972773,0.0035924232527759633
-125.50635530861246,0.00013681762210972773,0.003919007184846506
-123.14709226261505,0.00027363524421945547,0.003919007184846506
-122.7790071512934,0.0004104528663291832,0.003919007184846506
-122.62211063962604,0.0004104528663291832,0.004245591116917048
-120.95755927212099,0.0004104528663291832,0.0045721750489875895
-119.15969565537966,0.0004104528663291832,0.004898758981058132
-118.53012837017798,0.0004104528663291832,0.005225342913128674
-118.2107455246728,0.0004104528663291832,0.005551926845199217
-116.88413801306774,0.0004104528663291832,0.005878510777269758
-116.51791616690673,0.0004104528663291832,0.0062050947093403004
-115.15350634522451,0.0004104528663291832,0.006531678641410843
-113.97984561935186,0.0004104528663291832,0.006858262573481384
-113.91007789170078,0.0004104528663291832,0.007184846505551927
-112.78723507752261,0.0004104528663291832,0.007511430437622469
-112.04876229686397,0.0004104528663291832,0.007838014369693011
-111.93784466245506,0.0004104528663291832,0.008164598301763554
-111.47570118411818,0.0004104528663291832,0.008491182233834096
-111.43177736718508,0.0004104528663291832,0.008817766165904637
-110.95928013639127,0.0004104528663291832,0.009144350097975179
-110.05900301277177,0.0004104528663291832,0.009470934030045721
-109.61256826087072,0.0004104528663291832,0.009797517962116264
-108.98706363450913,0.0004104528663291832,0.010124101894186806
-108.95885476911099,0.0004104528663291832,0.010450685826257348
-108.75982851946173,0.0004104528663291832,0.01077726975832789
-107.34754060071805,0.0004104528663291832,0.011103853690398433
-107.09341049565421,0.0004104528663291832,0.011430437622468974
-106.66795892361984,0.0004104528663291832,0.011757021554539516
-106.37814423385566,0.0004104528663291832,0.012083605486610059
-104.315809757485,0.0004104528663291832,0.012410189418680601
-104.02733390904552,0.0004104528663291832,0.012736773350751143
-102.66023485741107,0.0004104528663291832,0.013063357282821686
-102.255696724063,0.0005472704884389109,0.013063357282821686
-102.04772837498604,0.0005472704884389109,0.013389941214892228
-101.89458233282755,0.0005472704884389109,0.013716525146962769
-101.02669699808575,0.0005472704884389109,0.014043109079033311
-100.89666517436012,0.0005472704884389109,0.014369693011103853
-100.35298955935298,0.0005472704884389109,0.014696276943174396
-100.33333970498302,0.0005472704884389109,0.015022860875244938
-99.8569253141684,0.0006840881105486386,0.015022860875244938
-99.83006591856429,0.0008209057326583664,0.015022860875244938
-99.65586994005923,0.0008209057326583664,0.01534944480731548
-99.01021889716753,0.0008209057326583664,0.015676028739386023
-98.92671622932176,0.0008209057326583664,0.016002612671456563
-98.3456136198065,0.0008209057326583664,0.016329196603527107
-97.76018025340454,0.0009577233547680941,0.016329196603527107
-97.29793208402612,0.0009577233547680941,0.016655780535597648
-97.21005835649623,0.0009577233547680941,0.016982364467668192
-97.05304205670905,0.0009577233547680941,0.017308948399738733
-96.7148020606221,0.0009577233547680941,0.017635532331809273
-96.22790656252596,0.0009577233547680941,0.017962116263879817
-96.17697398048108,0.0009577233547680941,0.018288700195950358
-96.09938178713662,0.0009577233547680941,0.018615284128020902
-96.08346629843913,0.0009577233547680941,0.018941868060091443
-96.05590550994759,0.0009577233547680941,0.019268451992161987
-96.04819063990874,0.0009577233547680941,0.019595035924232528
-95.80591098328773,0.0009577233547680941,0.019921619856303068
-95.6403213674763,0.0010945409768778219,0.019921619856303068
-94.86499395743783,0.0010945409768778219,0.020248203788373612
-94.27086418013835,0.0010945409768778219,0.020574787720444153
-93.81035297250173,0.0010945409768778219,0.020901371652514697
-93.79753226572677,0.0010945409768778219,0.021227955584585238
-93.76211680226493,0.0010945409768778219,0.02155453951665578
-93.33852686129399,0.0010945409768778219,0.021881123448726322
-93.2981646637212,0.0010945409768778219,0.022207707380796866
-93.1506057018097,0.0010945409768778219,0.022534291312867407
-92.78888135632656,0.0010945409768778219,0.022860875244937948
-92.07134116389534,0.0010945409768778219,0.023187459177008492
-91.91134389131719,0.0012313585989875496,0.023187459177008492
-91.87474500222947,0.0012313585989875496,0.023514043109079032
-91.76960526680318,0.0012313585989875496,0.023840627041149576
-91.74051942621372,0.0012313585989875496,0.024167210973220117
-91.68638280602181,0.0012313585989875496,0.02449379490529066
-91.53347267899869,0.0012313585989875496,0.024820378837361202
-91.45186610281473,0.0012313585989875496,0.025146962769431742
-90.93263467971155,0.0012313585989875496,0.025473546701502287
-90.26797696329322,0.0012313585989875496,0.025800130633572827
-90.03471114701176,0.0012313585989875496,0.02612671456564337
-90.00556816119001,0.0012313585989875496,0.026453298497713912
-89.88502510744331,0.0012313585989875496,0.026779882429784456
-89.60601738871924,0.0012313585989875496,0.027106466361854997
-89.5827885111072,0.0012313585989875496,0.027433050293925537
-89.42632287611934,0.0012313585989875496,0.02775963422599608
-89.38246783246564,0.0012313585989875496,0.028086218158066622
-89.2877772608474,0.0012313585989875496,0.028412802090137166
-88.56770897400622,0.0012313585989875496,0.028739386022207707
-88.48817147122668,0.0012313585989875496,0.02906596995427825
-88.38565766812224,0.0012313585989875496,0.02939255388634879
-88.23334048163497,0.0012313585989875496,0.029719137818419335
-88.2256601656834,0.0012313585989875496,0.030045721750489876
-88.01065752370766,0.0013681762210972772,0.030045721750489876
-87.83981988140613,0.0013681762210972772,0.030372305682560417
-87.67132327548325,0.0015049938432070051,0.030372305682560417
-87.543898152255,0.0015049938432070051,0.03069888961463096
-87.36135099114028,0.0015049938432070051,0.0310254735467015
-87.14746699446039,0.0015049938432070051,0.031352057478772045
-87.10168403659372,0.0015049938432070051,0.03167864141084259
-86.9504182401372,0.0015049938432070051,0.03200522534291313
-86.67001455476338,0.0015049938432070051,0.03233180927498367
-86.65995729763063,0.0015049938432070051,0.032658393207054215
-86.6487541526268,0.0015049938432070051,0.03298497713912475
-86.51966779432632,0.0015049938432070051,0.033311561071195296
-86.39675554551172,0.0016418114653167328,0.033311561071195296
-86.36672137745825,0.0017786290874264605,0.033311561071195296
-86.2562398574155,0.0017786290874264605,0.03363814500326584
-86.23398972288476,0.0017786290874264605,0.033964728935336384
-86.16851712118796,0.0017786290874264605,0.03429131286740692
-85.93213248424365,0.0017786290874264605,0.034617896799477466
-85.84987096593352,0.0017786290874264605,0.03494448073154801
-85.20207647915981,0.0017786290874264605,0.03527106466361855
-85.13721662759451,0.0017786290874264605,0.03559764859568909
-85.0677949328084,0.0017786290874264605,0.035924232527759635
-85.03945923696631,0.0017786290874264605,0.03625081645983018
-84.91145499669267,0.0017786290874264605,0.036577400391900716
-84.85130425654563,0.0017786290874264605,0.03690398432397126
-84.80465716624053,0.0017786290874264605,0.037230568256041804
-84.74893009515301,0.0019154467095361882,0.037230568256041804
-84.61706102941912,0.0019154467095361882,0.03755715218811234
-84.48982296432894,0.002052264331645916,0.03755715218811234
-84.48785098063036,0.002052264331645916,0.037883736120182886
-84.46869340468311,0.002052264331645916,0.03821032005225343
-84.3722475574126,0.002052264331645916,0.038536903984323974
-84.29288448618968,0.002052264331645916,0.03886348791639451
-84.28584392551,0.002052264331645916,0.039190071848465055
-84.13989848274434,0.0021890819537556437,0.039190071848465055
-83.56944796437188,0.0021890819537556437,0.0395166557805356
-83.55365527251968,0.0021890819537556437,0.039843239712606136
-83.423100802068,0.0021890819537556437,0.04016982364467668
-83.18449311908034,0.0021890819537556437,0.040496407576747225
-82.99875090092564,0.0021890819537556437,0.04082299150881777
-82.86342668379984,0.0021890819537556437,0.041149575440888306
-82.77614969097169,0.0021890819537556437,0.04147615937295885
-82.70431317339933,0.0021890819537556437,0.041802743305029394
-82.49206273937853,0.0023258995758653716,0.041802743305029394
-82.38022992047195,0.0023258995758653716,0.04212932723709994
-82.36313111080244,0.0023258995758653716,0.042455911169170475
-82.1637205225694,0.0023258995758653716,0.04278249510124102
-81.57671314926347,0.0023258995758653716,0.04310907903331156
-81.03675373756278,0.0023258995758653716,0.0434356629653821
-80.91518827971095,0.0023258995758653716,0.043762246897452645
-80.79921060014806,0.0023258995758653716,0.04408883082952319
-80.56505452480235,0.0023258995758653716,0.04441541476159373
-80.22084924201874,0.0023258995758653716,0.04474199869366427
-80.20277664541948,0.0023258995758653716,0.045068582625734814
-80.04588978963807,0.0023258995758653716,0.04539516655780536
-80.02121538398615,0.0023258995758653716,0.045721750489875895
-79.86383464805226,0.0023258995758653716,0.04604833442194644
-79.77915437013928,0.0023258995758653716,0.046374918354016983
-79.66085844386487,0.0023258995758653716,0.04670150228608753
-79.62206875185177,0.002462717197975099,0.04670150228608753
-79.6168617174801,0.002599534820084827,0.04670150228608753
-79.61235202340322,0.002599534820084827,0.047028086218158065
-79.58298911419183,0.002599534820084827,0.04735467015022861
-79.55947520831717,0.002599534820084827,0.04768125408229915
-79.53654132730719,0.002599534820084827,0.04800783801436969
-79.49842427888859,0.002599534820084827,0.048334421946440234
-79.4872422931677,0.002599534820084827,0.04866100587851078
-79.41618577181816,0.002599534820084827,0.04898758981058132
-79.25263361430927,0.002599534820084827,0.04931417374265186
-79.18140785091077,0.002599534820084827,0.049640757674722404
-79.0400405578797,0.002599534820084827,0.04996734160679295
-79.01856423643756,0.002599534820084827,0.050293925538863485
-79.01098851038762,0.002599534820084827,0.05062050947093403
-78.96676812789735,0.002599534820084827,0.05094709340300457
-78.79639375442571,0.002599534820084827,0.05127367733507512
-78.58176840020542,0.0027363524421945545,0.05127367733507512
-78.57295778708158,0.0028731700643042824,0.05127367733507512
-78.54129662662274,0.0028731700643042824,0.051600261267145654
-78.17609961572953,0.0028731700643042824,0.0519268451992162
-78.12863621271674,0.0030099876864140103,0.0519268451992162
-78.1107572447562,0.0030099876864140103,0.05225342913128674
-78.09599503641641,0.0030099876864140103,0.05258001306335728
-78.04742661501689,0.0030099876864140103,0.052906596995427824
-77.9789483349548,0.0030099876864140103,0.05323318092749837
-77.8978471291299,0.0030099876864140103,0.05355976485956891
-77.74002679544151,0.0031468053085237377,0.05355976485956891
-77.65562349013499,0.0031468053085237377,0.05388634879163945
-77.64377496567602,0.0031468053085237377,0.05421293272370999
-77.57002638606082,0.0031468053085237377,0.05453951665578054
-77.54125664078674,0.0032836229306334656,0.05453951665578054
-77.52355479028597,0.0032836229306334656,0.054866100587851074
-77.42400869291498,0.0032836229306334656,0.05519268451992162
-77.09960798858071,0.0032836229306334656,0.05551926845199216
-76.98621845720845,0.0032836229306334656,0.05584585238406271
-76.91581428604445,0.0032836229306334656,0.056172436316133244
-76.89605674599431,0.0032836229306334656,0.05649902024820379
-76.76915039152209,0.0032836229306334656,0.05682560418027433
-76.47809874809946,0.0032836229306334656,0.057152188112344876
-76.23955838717495,0.0032836229306334656,0.05747877204441541
-76.21357739247969,0.0032836229306334656,0.05780535597648596
-76.20572398042384,0.0032836229306334656,0.0581319399085565
-76.08859232843679,0.0032836229306334656,0.05845852384062704
-76.0689335572522,0.0032836229306334656,0.05878510777269758
-75.79725155642643,0.0032836229306334656,0.05911169170476813
-75.63877337790484,0.0034204405527431935,0.05911169170476813
-75.60439021595437,0.0034204405527431935,0.05943827563683867
-75.42604462399595,0.003557258174852921,0.05943827563683867
-75.25920958091854,0.003557258174852921,0.05976485956890921
-74.63648193943163,0.003557258174852921,0.06009144350097975
-74.6311537397645,0.003694075796962649,0.06009144350097975
-74.43600879838732,0.003694075796962649,0.060418027433050296
-74.40053278967218,0.0038308934190723763,0.060418027433050296
-74.38843568880975,0.0038308934190723763,0.06074461136512083
-74.08566706778402,0.0038308934190723763,0.06107119529719138
-74.08562648365864,0.0038308934190723763,0.06139777922926192
-74.0712462352219,0.0038308934190723763,0.061724363161332466
-74.00081794155528,0.0038308934190723763,0.062050947093403
-73.99238683222859,0.0038308934190723763,0.06237753102547355
-73.72998765121679,0.0038308934190723763,0.06270411495754409
-73.64036851562264,0.0038308934190723763,0.06303069888961463
-73.5194989473323,0.0038308934190723763,0.06335728282168518
-73.49685410159964,0.0038308934190723763,0.06368386675375572
-73.43199004763107,0.0038308934190723763,0.06401045068582625
-73.40819828627957,0.0038308934190723763,0.0643370346178968
-73.39946944787994,0.0038308934190723763,0.06466361854996734
-73.36703874478269,0.003967711041182104,0.06466361854996734
-73.30479219782592,0.004104528663291832,0.06466361854996734
-72.99552712777938,0.004104528663291832,0.06499020248203788
-72.98282588390452,0.004104528663291832,0.06531678641410843
-72.88464783605161,0.004104528663291832,0.06564337034617897
-72.86221416569583,0.00424134628540156,0.06564337034617897
-72.71944845808446,0.00424134628540156,0.0659699542782495
-72.59319013889876,0.00424134628540156,0.06629653821032006
-72.47137820895341,0.00424134628540156,0.06662312214239059
-72.33971864434375,0.00424134628540156,0.06694970607446114
-72.1585513135193,0.00424134628540156,0.06727629000653168
-72.11120515661094,0.00424134628540156,0.06760287393860222
-72.08808195158588,0.0043781639075112875,0.06760287393860222
-71.92416079026532,0.0043781639075112875,0.06792945787067277
-71.90767037632668,0.0043781639075112875,0.0682560418027433
-71.87600919679983,0.0043781639075112875,0.06858262573481384
-71.78662175639829,0.004514981529621015,0.06858262573481384
-71.62076455720216,0.004514981529621015,0.0689092096668844
-71.40774469644361,0.004651799151730743,0.0689092096668844
-71.33346871829508,0.004651799151730743,0.06923579359895493
-71.228212784422,0.004651799151730743,0.06956237753102547
-71.19581600166782,0.004651799151730743,0.06988896146309602
-71.16605873582944,0.004651799151730743,0.07021554539516656
-70.97886636888859,0.004788616773840471,0.07021554539516656
-70.95036720854387,0.004788616773840471,0.0705421293272371
-70.87534367405385,0.004925434395950198,0.0705421293272371
-70.80658855497404,0.004925434395950198,0.07086871325930764
-70.5598964457397,0.004925434395950198,0.07119529719137818
-70.34059871645945,0.004925434395950198,0.07152188112344873
-70.33859777397379,0.004925434395950198,0.07184846505551927
-70.31276796514089,0.004925434395950198,0.07217504898758981
-70.27746215029345,0.0050622520180599265,0.07217504898758981
-70.25531949813524,0.005199069640169654,0.07217504898758981
-70.09084480552724,0.005199069640169654,0.07250163291966036
-69.91097990860726,0.005199069640169654,0.0728282168517309
-69.81852641117462,0.005199069640169654,0.07315480078380143
-69.72421800628831,0.0053358872622793815,0.07315480078380143
-69.54588032572792,0.0053358872622793815,0.07348138471587198
-69.539986456453,0.0053358872622793815,0.07380796864794252
-69.48861391567277,0.0053358872622793815,0.07413455258001306
-69.24444899583625,0.0053358872622793815,0.07446113651208361
-69.13910320437958,0.0053358872622793815,0.07478772044415415
-69.1047227248888,0.0053358872622793815,0.07511430437622468
-69.02657987074679,0.005472704884389109,0.07511430437622468
-68.67268123176132,0.005472704884389109,0.07544088830829523
-68.65532961755957,0.005472704884389109,0.07576747224036577
-68.63044033315873,0.005472704884389109,0.07609405617243632
-68.44389365848713,0.005472704884389109,0.07642064010450686
-68.4125796551649,0.005472704884389109,0.0767472240365774
-68.3099177868944,0.005472704884389109,0.07707380796864795
-68.20843286006482,0.005472704884389109,0.07740039190071848
-67.95710927270375,0.005472704884389109,0.07772697583278902
-67.95511311209907,0.005472704884389109,0.07805355976485957
-67.85172618202876,0.005472704884389109,0.07838014369693011
-67.8385147256779,0.005472704884389109,0.07870672762900065
-67.78845982663563,0.005472704884389109,0.0790333115610712
-67.73418307825682,0.005609522506498837,0.0790333115610712
-67.64808259261872,0.005609522506498837,0.07935989549314174
-67.64043167154705,0.005609522506498837,0.07968647942521227
-67.63120203424376,0.005609522506498837,0.08001306335728282
-67.58072737987595,0.005609522506498837,0.08033964728935336
-67.46678281753645,0.005609522506498837,0.08066623122142391
-67.05174954931738,0.005609522506498837,0.08099281515349445
-66.98765256880336,0.005609522506498837,0.08131939908556499
-66.93102776638739,0.005609522506498837,0.08164598301763554
-66.88655829768038,0.005609522506498837,0.08197256694970607
-66.76378383740371,0.005609522506498837,0.08229915088177661
-66.53791097590079,0.005609522506498837,0.08262573481384716
-66.43565249044309,0.005609522506498837,0.0829523187459177
-66.36985174505207,0.005609522506498837,0.08327890267798824
-66.3660689891991,0.005746340128608565,0.08327890267798824
-66.32361358133733,0.005746340128608565,0.08360548661005879
-66.30070153966324,0.005746340128608565,0.08393207054212933
-66.20044857248547,0.005746340128608565,0.08425865447419988
-66.06459774505436,0.005746340128608565,0.08458523840627041
-66.04493260353468,0.005883157750718292,0.08458523840627041
-66.00998436077953,0.005883157750718292,0.08491182233834095
-65.9173838258622,0.005883157750718292,0.0852384062704115
-65.86715525044497,0.0060199753728280205,0.0852384062704115
-65.49423358420756,0.0060199753728280205,0.08556499020248204
-65.47977434287372,0.0060199753728280205,0.08589157413455258
-65.45048839774927,0.006156792994937748,0.08589157413455258
-65.40023266762978,0.006156792994937748,0.08621815806662313
-65.34907287999954,0.006156792994937748,0.08654474199869366
-65.32804458091766,0.006156792994937748,0.0868713259307642
-65.30587880979203,0.0062936106170474754,0.0868713259307642
-65.28116856635302,0.0062936106170474754,0.08719790986283475
-65.23537296713039,0.0062936106170474754,0.08752449379490529
-65.21040022291777,0.0062936106170474754,0.08785107772697583
-65.13967948121467,0.0062936106170474754,0.08817766165904638
-64.99318151164391,0.0062936106170474754,0.08850424559111691
-64.94526242589995,0.0062936106170474754,0.08883082952318747
-64.88295279368413,0.0062936106170474754,0.089157413455258
-64.86648760248102,0.0062936106170474754,0.08948399738732854
-64.85854875656491,0.006430428239157204,0.08948399738732854
-64.85669443110885,0.006430428239157204,0.08981058131939909
-64.8145479104254,0.006430428239157204,0.09013716525146963
-64.5743084291164,0.006430428239157204,0.09046374918354017
-64.45522907123598,0.006430428239157204,0.09079033311561072
-64.44018514824256,0.006430428239157204,0.09111691704768125
-64.35722983437802,0.006430428239157204,0.09144350097975179
-64.33398612770759,0.006430428239157204,0.09177008491182234
-64.21425032066804,0.006430428239157204,0.09209666884389288
-64.1004608837469,0.006430428239157204,0.09242325277596342
-63.947847819391995,0.006430428239157204,0.09274983670803397
-63.914961502740994,0.006430428239157204,0.0930764206401045
-63.83800182043194,0.006430428239157204,0.09340300457217506
-63.71063693282531,0.006430428239157204,0.09372958850424559
-63.68052559484113,0.006430428239157204,0.09405617243631613
-63.600708673349004,0.006430428239157204,0.09438275636838668
-63.52675029596719,0.006430428239157204,0.09470934030045722
-63.52173656346645,0.006567245861266931,0.09470934030045722
-63.44480948381806,0.006567245861266931,0.09503592423252775
-63.381043031881745,0.006567245861266931,0.0953625081645983
-63.33813468393794,0.006704063483376659,0.0953625081645983
-63.20037223440602,0.006704063483376659,0.09568909209666884
-62.919351467989145,0.006840881105486387,0.09568909209666884
-62.68395851184039,0.006840881105486387,0.09601567602873938
-62.67395940259087,0.006840881105486387,0.09634225996080993
-62.659987744278624,0.006840881105486387,0.09666884389288047
-62.6476790277859,0.006840881105486387,0.09699542782495102
-62.55557065541029,0.006840881105486387,0.09732201175702156
-62.454518120079,0.006840881105486387,0.0976485956890921
-62.44824896235946,0.0069776987275961145,0.0976485956890921
-62.36223295201046,0.0069776987275961145,0.09797517962116264
-62.06033362426274,0.0069776987275961145,0.09830176355323318
-61.79137229331502,0.0069776987275961145,0.09862834748530372
-61.76449111063948,0.0069776987275961145,0.09895493141737427
-61.71165384907954,0.0069776987275961145,0.09928151534944481
-61.642583617292985,0.0069776987275961145,0.09960809928151534
-61.55353308908798,0.0069776987275961145,0.0999346832135859
-61.54207879653745,0.0069776987275961145,0.10026126714565643
-61.540589344098635,0.007114516349705842,0.10026126714565643
-61.507901915363846,0.007114516349705842,0.10058785107772697
-61.346119011434325,0.007114516349705842,0.10091443500979752
-61.32671312817433,0.007114516349705842,0.10124101894186806
-61.281327055153724,0.007114516349705842,0.10156760287393861
-61.16317224295551,0.007114516349705842,0.10189418680600915
-61.13388223985737,0.007251333971815569,0.10189418680600915
-61.0996716393347,0.007251333971815569,0.10222077073807968
-61.088489135985355,0.007251333971815569,0.10254735467015023
-60.967359929515396,0.007388151593925298,0.10254735467015023
-60.947134424414344,0.007388151593925298,0.10287393860222077
-60.9241943669781,0.007388151593925298,0.10320052253429131
-60.9217469085869,0.007388151593925298,0.10352710646636186
-60.88027056380088,0.007524969216035025,0.10352710646636186
-60.77399667244572,0.007524969216035025,0.1038536903984324
-60.5874898041634,0.007661786838144753,0.1038536903984324
-60.33838419575477,0.007661786838144753,0.10418027433050293
-60.32930856319615,0.007661786838144753,0.10450685826257348
-59.904707807876434,0.007661786838144753,0.10483344219464402
-59.74419163229004,0.007661786838144753,0.10516002612671456
-59.66152566876099,0.007661786838144753,0.10548661005878511
-59.604227851271276,0.007661786838144753,0.10581319399085565
-59.5610597636429,0.007661786838144753,0.1061397779229262
-59.42328106318962,0.007661786838144753,0.10646636185499674
-59.38026169938553,0.007661786838144753,0.10679294578706727
-59.244129829607346,0.007661786838144753,0.10711952971913782
-59.128546012209426,0.007661786838144753,0.10744611365120836
-59.08648129212838,0.007798604460254481,0.10744611365120836
-59.03318579091672,0.007798604460254481,0.1077726975832789
-58.889896476123226,0.007798604460254481,0.10809928151534945
-58.794635068649995,0.007798604460254481,0.10842586544741999
-58.75007267579133,0.007798604460254481,0.10875244937949052
-58.730843813818865,0.007798604460254481,0.10907903331156107
-58.651351876974445,0.007798604460254481,0.10940561724363161
-58.513403497120635,0.007798604460254481,0.10973220117570215
-58.44636794538917,0.007798604460254481,0.1100587851077727
-58.43979314581418,0.007935422082364208,0.1100587851077727
-58.429777969174665,0.007935422082364208,0.11038536903984324
-58.414673135428984,0.007935422082364208,0.11071195297191379
-58.30891863390082,0.007935422082364208,0.11103853690398433
-58.265577076478166,0.007935422082364208,0.11136512083605486
-58.217407515659374,0.007935422082364208,0.11169170476812541
-58.1370693400238,0.007935422082364208,0.11201828870019595
-58.095082336006726,0.007935422082364208,0.11234487263226649
-58.040761251063714,0.007935422082364208,0.11267145656433704
-58.032445110836534,0.008072239704473936,0.11267145656433704
-58.01022504703383,0.008072239704473936,0.11299804049640758
-57.89277656310321,0.008072239704473936,0.11332462442847811
-57.78569856667457,0.008072239704473936,0.11365120836054866
-57.692046955265255,0.008209057326583663,0.11365120836054866
-57.68314889052863,0.008209057326583663,0.1139777922926192
-57.680693129471706,0.008209057326583663,0.11430437622468975
-57.674407829826805,0.008209057326583663,0.11463096015676029
-57.64487669623395,0.00834587494869339,0.11463096015676029
-57.60379560897002,0.00834587494869339,0.11495754408883083
-57.55917698280268,0.00834587494869339,0.11528412802090138
-57.547273207486114,0.00834587494869339,0.11561071195297191
-57.49570441761284,0.00834587494869339,0.11593729588504245
-57.439462211404475,0.00834587494869339,0.116263879817113
-57.428376815470415,0.00834587494869339,0.11659046374918354
-57.41988281601482,0.00834587494869339,0.11691704768125408
-57.30485920274714,0.00848269257080312,0.11691704768125408
-57.16172148946987,0.00848269257080312,0.11724363161332463
-57.12801078100631,0.00848269257080312,0.11757021554539517
-57.11683817682808,0.00848269257080312,0.1178967994774657
-57.075732253333285,0.00848269257080312,0.11822338340953625
-56.989289893499176,0.00848269257080312,0.11854996734160679
-56.66817449637574,0.00848269257080312,0.11887655127367734
-56.62647956930664,0.00848269257080312,0.11920313520574788
-56.61050738728045,0.00848269257080312,0.11952971913781842
-56.59470147741763,0.00848269257080312,0.11985630306988897
-56.428751579651475,0.00848269257080312,0.1201828870019595
-56.325887193736094,0.00848269257080312,0.12050947093403004
-56.306869195030345,0.00848269257080312,0.12083605486610059
-56.149182826302194,0.00848269257080312,0.12116263879817113
-56.06959803033317,0.00848269257080312,0.12148922273024167
-55.953301312989765,0.00848269257080312,0.12181580666231222
-55.94790340254019,0.008619510192912848,0.12181580666231222
-55.723356350166,0.008756327815022575,0.12181580666231222
-55.69834591640597,0.008756327815022575,0.12214239059438275
-55.66004586171334,0.008756327815022575,0.12246897452645329
-55.66004392082846,0.008756327815022575,0.12279555845852384
-55.48509896964765,0.008756327815022575,0.12312214239059438
-55.425084756327465,0.008756327815022575,0.12344872632266493
-55.41767168049171,0.008893145437132302,0.12344872632266493
-55.15389650370753,0.008893145437132302,0.12377531025473547
-55.040565599053025,0.00902996305924203,0.12377531025473547
-55.00483821777641,0.00902996305924203,0.124101894186806
-54.96564378323694,0.00902996305924203,0.12442847811887656
-54.863061230415724,0.00902996305924203,0.1247550620509471
-54.83637890917794,0.00902996305924203,0.12508164598301763
-54.81901506390318,0.00902996305924203,0.12540822991508818
-54.815927094400195,0.00902996305924203,0.12573481384715873
-54.79068433312591,0.00902996305924203,0.12606139777922926
-54.748773457423,0.00902996305924203,0.1263879817112998
-54.74179291671828,0.009166780681351757,0.1263879817112998
-54.690152437649886,0.009166780681351757,0.12671456564337036
-54.674992460249314,0.009166780681351757,0.12704114957544088
-54.620819507177885,0.009166780681351757,0.12736773350751143
-54.604811364423654,0.009166780681351757,0.12769431743958198
-54.35524822455693,0.009166780681351757,0.1280209013716525
-54.30026920242881,0.009166780681351757,0.12834748530372306
-54.1459736595109,0.009166780681351757,0.1286740692357936
-54.13893503445638,0.009166780681351757,0.12900065316786413
-54.1266626185901,0.009166780681351757,0.12932723709993468
-54.07149121905354,0.009303598303461487,0.12932723709993468
-54.05282492594142,0.009303598303461487,0.12965382103200523
-53.972218177095556,0.009303598303461487,0.12998040496407576
-53.907415432321045,0.009303598303461487,0.1303069888961463
-53.87047710266313,0.009440415925571214,0.1303069888961463
-53.86565184281869,0.009440415925571214,0.13063357282821686
-53.75514646986119,0.009440415925571214,0.13096015676028738
-53.563564825562366,0.009440415925571214,0.13128674069235793
-53.51784114281725,0.009440415925571214,0.13161332462442848
-53.48131888768705,0.009440415925571214,0.131939908556499
-53.42100213809431,0.009440415925571214,0.13226649248856956
-53.29429831133484,0.009440415925571214,0.1325930764206401
-53.28718548938991,0.009577233547680941,0.1325930764206401
-53.18090600138157,0.009577233547680941,0.13291966035271063
-53.1481750145216,0.009577233547680941,0.13324624428478118
-53.12814599137073,0.009577233547680941,0.13357282821685174
-53.0776703060651,0.009577233547680941,0.1338994121489223
-53.020866390902256,0.009714051169790669,0.1338994121489223
-52.99078198213033,0.009714051169790669,0.1342259960809928
-52.91795649886217,0.009714051169790669,0.13455258001306336
-52.889095552439244,0.009714051169790669,0.1348791639451339
-52.82476608928414,0.009714051169790669,0.13520574787720444
-52.78997180224201,0.009714051169790669,0.135532331809275
-52.680648885010555,0.009714051169790669,0.13585891574134554
-52.60844904159205,0.009714051169790669,0.13618549967341606
-52.53590100996814,0.009850868791900396,0.13618549967341606
-52.52978610503237,0.009850868791900396,0.1365120836054866
-52.50099447543903,0.009987686414010124,0.1365120836054866
-52.48820501810292,0.009987686414010124,0.13683866753755716
-52.438055896137485,0.009987686414010124,0.13716525146962769
-52.41140799850791,0.010124504036119853,0.13716525146962769
-52.36627375455282,0.010124504036119853,0.13749183540169824
-52.35708532718297,0.010124504036119853,0.1378184193337688
-52.27134537327504,0.01026132165822958,0.1378184193337688
-52.25030160897438,0.01026132165822958,0.1381450032658393
-52.1978751477825,0.01026132165822958,0.13847158719790986
-52.18035861944418,0.01026132165822958,0.1387981711299804
-51.881058468601964,0.010398139280339308,0.1387981711299804
-51.879895016288174,0.010398139280339308,0.13912475506205094
-51.85973155499232,0.010398139280339308,0.1394513389941215
-51.836564765294156,0.010398139280339308,0.13977792292619204
-51.66895128669455,0.010398139280339308,0.14010450685826256
-51.40451880865464,0.010534956902449035,0.14010450685826256
-51.35566565178317,0.010534956902449035,0.1404310907903331
-51.32642538973755,0.010671774524558763,0.1404310907903331
-51.19036382064644,0.010671774524558763,0.14075767472240366
-51.065955004554326,0.010671774524558763,0.1410842586544742
-50.88802549381876,0.010671774524558763,0.14141084258654474
-50.680043283646455,0.01080859214666849,0.14141084258654474
-50.61354093922387,0.01080859214666849,0.1417374265186153
-50.46006966148843,0.01080859214666849,0.1420640104506858
-50.44185643219464,0.01080859214666849,0.14239059438275636
-50.434800635871284,0.01080859214666849,0.14271717831482691
-50.39320643529322,0.010945409768778218,0.14271717831482691
-50.37460715262091,0.010945409768778218,0.14304376224689747
-50.34337340710658,0.010945409768778218,0.143370346178968
-50.33452745281534,0.010945409768778218,0.14369693011103854
-50.316468871139136,0.010945409768778218,0.1440235140431091
-50.287191804362465,0.010945409768778218,0.14435009797517961
-50.19118825358896,0.010945409768778218,0.14467668190725017
-50.16309449128448,0.010945409768778218,0.14500326583932072
-50.13859405477285,0.010945409768778218,0.14532984977139124
-50.06087259484036,0.010945409768778218,0.1456564337034618
-49.93684754516153,0.010945409768778218,0.14598301763553234
-49.88576542706414,0.011082227390887947,0.14598301763553234
-49.8667577492522,0.011082227390887947,0.14630960156760286
-49.83601465457696,0.011082227390887947,0.14663618549967342
-49.827420341385846,0.011082227390887947,0.14696276943174397
-49.74063209155565,0.011082227390887947,0.1472893533638145
-49.73129084103118,0.011082227390887947,0.14761593729588504
-49.707765601612095,0.011219045012997675,0.14761593729588504
-49.67554876431075,0.011355862635107402,0.14761593729588504
-49.55510908177325,0.01149268025721713,0.14761593729588504
-49.536022243682964,0.01149268025721713,0.1479425212279556
-49.471940207490775,0.01149268025721713,0.14826910516002612
-49.425162081098506,0.01149268025721713,0.14859568909209667
-49.30840097774592,0.011629497879326857,0.14859568909209667
-49.17823180639709,0.011629497879326857,0.14892227302416722
-49.06216984542141,0.011629497879326857,0.14924885695623774
-48.98521015299002,0.011629497879326857,0.1495754408883083
-48.84209473929991,0.011629497879326857,0.14990202482037884
-48.57471333929743,0.011629497879326857,0.15022860875244937
-48.482904840940705,0.011766315501436584,0.15022860875244937
-48.45646919066985,0.011766315501436584,0.15055519268451992
-48.375960798759934,0.011766315501436584,0.15088177661659047
-48.29228373862884,0.011766315501436584,0.15120836054866102
-48.24313409325646,0.011903133123546314,0.15120836054866102
-48.23808819178862,0.012039950745656041,0.15120836054866102
-48.18213001341462,0.012039950745656041,0.15153494448073154
-48.16758610917316,0.012039950745656041,0.1518615284128021
-48.05877740494452,0.012176768367765768,0.1518615284128021
-48.03991300299276,0.012176768367765768,0.15218811234487264
-47.96596380903941,0.012176768367765768,0.15251469627694317
-47.83547114263388,0.012176768367765768,0.15284128020901372
-47.794265038241406,0.012176768367765768,0.15316786414108427
-47.541300065736664,0.012313585989875496,0.15316786414108427
-47.52838483021719,0.012313585989875496,0.1534944480731548
-47.40161986646626,0.012313585989875496,0.15382103200522534
-47.366886895317634,0.012313585989875496,0.1541476159372959
-47.29361490695021,0.012450403611985223,0.1541476159372959
-47.25455391160335,0.012587221234094951,0.1541476159372959
-47.23308929677694,0.012724038856204678,0.1541476159372959
-47.109997201888405,0.012724038856204678,0.15447419986936642
-47.10422714580102,0.012724038856204678,0.15480078380143697
-46.938895621767756,0.012860856478314408,0.15480078380143697
-46.93253232277914,0.012860856478314408,0.15512736773350752
-46.896638040080916,0.012860856478314408,0.15545395166557804
-46.893443015797516,0.012997674100424135,0.15545395166557804
-46.81708196873262,0.012997674100424135,0.1557805355976486
-46.69921884898338,0.012997674100424135,0.15610711952971915
-46.641591017711676,0.013134491722533862,0.15610711952971915
-46.63478398320194,0.01327130934464359,0.15610711952971915
-46.46554679265728,0.01327130934464359,0.15643370346178967
-46.31432052562275,0.01327130934464359,0.15676028739386022
-46.313147536746555,0.01327130934464359,0.15708687132593077
-46.30559231039126,0.013408126966753317,0.15708687132593077
-46.298295617140184,0.013408126966753317,0.1574134552580013
-46.172759065975015,0.013544944588863045,0.1574134552580013
-46.16380773210926,0.013681762210972774,0.1574134552580013
-46.152117281495634,0.013681762210972774,0.15774003919007185
-46.00655578476858,0.013681762210972774,0.1580666231221424
-45.91169029412595,0.013681762210972774,0.15839320705421292
-45.83404653624871,0.013681762210972774,0.15871979098628347
-45.79767959065043,0.013681762210972774,0.15904637491835402
-45.769019255969056,0.013681762210972774,0.15937295885042455
-45.76602769079307,0.013681762210972774,0.1596995427824951
-45.747825700312205,0.013681762210972774,0.16002612671456565
-45.677639868837446,0.013681762210972774,0.1603527106466362
-45.40824165671165,0.013681762210972774,0.16067929457870672
-45.387932692644085,0.013681762210972774,0.16100587851077727
-45.29272521616679,0.013681762210972774,0.16133246244284782
-45.27250303384233,0.013681762210972774,0.16165904637491835
-45.253775136163426,0.013681762210972774,0.1619856303069889
-45.214633248592804,0.013818579833082502,0.1619856303069889
-45.10916400272447,0.013818579833082502,0.16231221423905945
-45.057493457114106,0.013818579833082502,0.16263879817112997
-44.95036078617261,0.013955397455192229,0.16263879817112997
-44.91855410196263,0.013955397455192229,0.16296538210320052
-44.86503139224271,0.013955397455192229,0.16329196603527107
-44.84525206130968,0.013955397455192229,0.1636185499673416
-44.817165107253004,0.013955397455192229,0.16394513389941215
-44.800368032442975,0.014092215077301956,0.16394513389941215
-44.481842352077706,0.014092215077301956,0.1642717178314827
-44.41621266508571,0.014229032699411684,0.1642717178314827
-44.407518120873306,0.014229032699411684,0.16459830176355322
-44.396249634514675,0.014365850321521411,0.16459830176355322
-44.32451692491759,0.014502667943631139,0.16459830176355322
-44.32261316913639,0.014502667943631139,0.16492488569562377
-44.303643415508986,0.014502667943631139,0.16525146962769433
-44.260385841831976,0.014639485565740868,0.16525146962769433
-44.22501590836839,0.014639485565740868,0.16557805355976485
-44.15418684759834,0.014776303187850596,0.16557805355976485
-44.112938786988934,0.014776303187850596,0.1659046374918354
-44.109702937038946,0.014776303187850596,0.16623122142390595
-44.07023655268529,0.014776303187850596,0.16655780535597647
-43.93274623835532,0.014913120809960323,0.16655780535597647
-43.91423194804486,0.014913120809960323,0.16688438928804702
-43.84575919321867,0.014913120809960323,0.16721097322011758
-43.80432770577727,0.014913120809960323,0.1675375571521881
-43.66997854710564,0.014913120809960323,0.16786414108425865
-43.59787545643371,0.014913120809960323,0.1681907250163292
-43.59244513084718,0.014913120809960323,0.16851730894839975
-43.53258183134733,0.014913120809960323,0.16884389288047028
-43.465857411007505,0.014913120809960323,0.16917047681254083
-43.30138412784788,0.014913120809960323,0.16949706074461138
-43.051067547692014,0.01504993843207005,0.16949706074461138
-42.99984821186206,0.01504993843207005,0.1698236446766819
-42.900879108862114,0.01504993843207005,0.17015022860875245
-42.65052452868497,0.015186756054179778,0.17015022860875245
-42.57580862796897,0.015323573676289505,0.17015022860875245
-42.53755477363143,0.015323573676289505,0.170476812540823
-42.51225333316029,0.015323573676289505,0.17080339647289353
-42.337852053505344,0.015323573676289505,0.17112998040496408
-41.7121275594709,0.015460391298399235,0.17112998040496408
-41.648570444457846,0.015460391298399235,0.17145656433703463
-41.62204382651544,0.015597208920508962,0.17145656433703463
-41.596711350178,0.015597208920508962,0.17178314826910515
-41.53584260555181,0.015597208920508962,0.1721097322011757
-41.243135692582996,0.015597208920508962,0.17243631613324625
-41.16808919723701,0.015734026542618688,0.17243631613324625
-41.124502462938494,0.015734026542618688,0.17276290006531678
-41.06258275236166,0.015734026542618688,0.17308948399738733
-41.06154585553054,0.015734026542618688,0.17341606792945788
-41.028297111203415,0.015734026542618688,0.1737426518615284
-40.96010522299969,0.015870844164728417,0.1737426518615284
-40.91518461323005,0.015870844164728417,0.17406923579359895
-40.80752940982734,0.015870844164728417,0.1743958197256695
-40.787733216123456,0.015870844164728417,0.17472240365774003
-40.74568022182757,0.016007661786838146,0.17472240365774003
-40.659568863916434,0.016144479408947872,0.17472240365774003
-40.53926014984643,0.016144479408947872,0.17504898758981058
-40.4875474088559,0.016144479408947872,0.17537557152188113
-40.44255064600043,0.016144479408947872,0.17570215545395165
-40.407245762223056,0.016144479408947872,0.1760287393860222
-40.366489631386116,0.016144479408947872,0.17635532331809275
-40.365203729993254,0.0162812970310576,0.17635532331809275
-40.28469865369061,0.0162812970310576,0.17668190725016328
-40.10232370019207,0.0162812970310576,0.17700849118223383
-39.89720296698249,0.0162812970310576,0.17733507511430438
-39.817532502418885,0.016418114653167327,0.17733507511430438
-39.73888578483525,0.016418114653167327,0.17766165904637493
-39.69372563972615,0.016554932275277056,0.17766165904637493
-39.589864561585955,0.016554932275277056,0.17798824297844545
-39.5421246057349,0.01669174989738678,0.17798824297844545
-39.52864473440138,0.01669174989738678,0.178314826910516
-39.43839182188253,0.01682856751949651,0.178314826910516
-39.41671655849666,0.01682856751949651,0.17864141084258656
-39.36398248705359,0.01682856751949651,0.17896799477465708
-39.331978912852264,0.01682856751949651,0.17929457870672763
-39.24946214260922,0.01682856751949651,0.17962116263879818
-39.23754463311093,0.01696538514160624,0.17962116263879818
-39.17301640804669,0.01696538514160624,0.1799477465708687
-39.15777271851084,0.01696538514160624,0.18027433050293926
-39.0568093079728,0.01696538514160624,0.1806009144350098
-39.01197947852472,0.01696538514160624,0.18092749836708033
-38.86292811430906,0.01696538514160624,0.18125408229915088
-38.78051351137242,0.01696538514160624,0.18158066623122143
-38.653800644493344,0.017102202763715966,0.18158066623122143
-38.588454966260656,0.017102202763715966,0.18190725016329196
-38.52385592089365,0.017102202763715966,0.1822338340953625
-38.374718241070354,0.017102202763715966,0.18256041802743306
-38.34486209862905,0.017102202763715966,0.18288700195950358
-38.29651975163085,0.017102202763715966,0.18321358589157413
-38.11156794201486,0.017102202763715966,0.18354016982364468
-37.875638004914094,0.017102202763715966,0.1838667537557152
-37.826595756331244,0.017102202763715966,0.18419333768778576
-37.6260217827961,0.017239020385825695,0.18419333768778576
-37.619934144109834,0.017239020385825695,0.1845199216198563
-37.50298195926166,0.01737583800793542,0.1845199216198563
-37.303911987051606,0.01751265563004515,0.1845199216198563
-37.274361737096,0.01764947325215488,0.1845199216198563
-37.25558138979977,0.01764947325215488,0.18484650555192683
-37.10913305779286,0.017786290874264605,0.18484650555192683
-37.09460617859372,0.017786290874264605,0.18517308948399738
-37.04964261518205,0.017786290874264605,0.18549967341606793
-37.01560798007131,0.017786290874264605,0.18582625734813848
-37.012172863425235,0.017786290874264605,0.186152841280209
-36.88637424886451,0.017923108496374334,0.186152841280209
-36.86085383290708,0.01805992611848406,0.186152841280209
-36.73709205618991,0.01819674374059379,0.186152841280209
-36.69806325567538,0.018333561362703515,0.186152841280209
-36.58815914879847,0.018333561362703515,0.18647942521227956
-36.548808064901095,0.018333561362703515,0.1868060091443501
-36.53349697694205,0.018333561362703515,0.18713259307642063
-36.5095002248039,0.018333561362703515,0.18745917700849118
-36.42905874219923,0.018333561362703515,0.18778576094056174
-36.37979094224204,0.018470378984813244,0.18778576094056174
-36.37607536651433,0.018607196606922973,0.18778576094056174
-36.354467587221734,0.018607196606922973,0.18811234487263226
-36.338321258913766,0.0187440142290327,0.18811234487263226
-36.331190643793434,0.018880831851142428,0.18811234487263226
-36.31067474656322,0.018880831851142428,0.1884389288047028
-36.28144021188916,0.018880831851142428,0.18876551273677336
-36.2203278646557,0.018880831851142428,0.18909209666884388
-36.162212051307506,0.018880831851142428,0.18941868060091444
-36.15521569419582,0.018880831851142428,0.189745264532985
-36.152199951027455,0.018880831851142428,0.1900718484650555
-36.12957666028467,0.018880831851142428,0.19039843239712606
-35.97554038427586,0.018880831851142428,0.1907250163291966
-35.81425240326382,0.018880831851142428,0.19105160026126713
-35.814022685314626,0.018880831851142428,0.19137818419333769
-35.812300117690256,0.019017649473252154,0.19137818419333769
-35.80746626175198,0.019017649473252154,0.19170476812540824
-35.8070077509841,0.019017649473252154,0.19203135205747876
-35.7908390997203,0.019017649473252154,0.1923579359895493
-35.75512400803666,0.019017649473252154,0.19268451992161986
-35.74327723023555,0.019017649473252154,0.19301110385369039
-35.708831822754405,0.019017649473252154,0.19333768778576094
-35.67550573802089,0.019154467095361883,0.19333768778576094
-35.5963965031973,0.01929128471747161,0.19333768778576094
-35.57677776685978,0.01929128471747161,0.1936642717178315
-35.56251620576563,0.01929128471747161,0.19399085564990204
-35.4950090019571,0.019428102339581338,0.19399085564990204
-35.337490343780246,0.019564919961691067,0.19399085564990204
-35.306637645235355,0.019564919961691067,0.19431743958197256
-35.2444936371794,0.019564919961691067,0.1946440235140431
-35.18201601359078,0.019564919961691067,0.19497060744611366
-35.14267613887364,0.019701737583800793,0.19497060744611366
-35.129699388762674,0.019701737583800793,0.1952971913781842
-34.857846384215804,0.019701737583800793,0.19562377531025474
-34.85437304080551,0.019838555205910522,0.19562377531025474
-34.8108562683675,0.019975372828020248,0.19562377531025474
-34.780540665608896,0.020112190450129977,0.19562377531025474
-34.636377631941514,0.020112190450129977,0.1959503592423253
-34.60143066744865,0.020112190450129977,0.1962769431743958
-34.3156461375313,0.020112190450129977,0.19660352710646636
-34.20330081827922,0.020249008072239706,0.19660352710646636
-34.20229151401304,0.020385825694349432,0.19660352710646636
-34.191443072319316,0.020385825694349432,0.19693011103853691
-34.19135783498348,0.020385825694349432,0.19725669497060744
-34.112102050084104,0.020385825694349432,0.197583278902678
-34.06582745987487,0.020385825694349432,0.19790986283474854
-34.05871744235492,0.02052264331645916,0.19790986283474854
-33.96972298572109,0.020659460938568887,0.19790986283474854
-33.790683729934585,0.020659460938568887,0.19823644676681906
-33.765639804147554,0.020659460938568887,0.19856303069888961
-33.751875873868926,0.020796278560678616,0.19856303069888961
-33.74678750748785,0.020796278560678616,0.19888961463096017
-33.72592637155117,0.020933096182788342,0.19888961463096017
-33.62156374995868,0.02106991380489807,0.19888961463096017
-33.58261703727135,0.0212067314270078,0.19888961463096017
-33.568174772461475,0.021343549049117526,0.19888961463096017
-33.517514340369644,0.021343549049117526,0.1992161985630307
-33.44524594991731,0.021343549049117526,0.19954278249510124
-33.4307424693377,0.021480366671227255,0.19954278249510124
-33.36679410775548,0.021480366671227255,0.1998693664271718
-33.17606920598848,0.02161718429333698,0.1998693664271718
-33.062053760794015,0.02175400191544671,0.1998693664271718
-32.9563828295602,0.02175400191544671,0.20019595035924231
-32.84103100799223,0.021890819537556436,0.20019595035924231
-32.79956248486235,0.021890819537556436,0.20052253429131286
-32.73274828327442,0.022027637159666165,0.20052253429131286
-32.72320820708296,0.022164454781775894,0.20052253429131286
-32.66612440912513,0.02230127240388562,0.20052253429131286
-32.62735457393853,0.02230127240388562,0.20084911822338342
-32.589789860616975,0.02243809002599535,0.20084911822338342
-32.459513043857214,0.02243809002599535,0.20117570215545394
-32.37250982084413,0.022574907648105075,0.20117570215545394
-32.34498554908032,0.022711725270214804,0.20117570215545394
-32.32792071919073,0.022711725270214804,0.2015022860875245
-32.293048330489114,0.02284854289232453,0.2015022860875245
-32.0765833639731,0.02284854289232453,0.20182887001959504
-32.037238145635115,0.02298536051443426,0.20182887001959504
-31.99949006262659,0.02298536051443426,0.20215545395166556
-31.891409545062288,0.023122178136543988,0.20215545395166556
-31.74445509235568,0.023258995758653714,0.20215545395166556
-31.707259099118573,0.023395813380763443,0.20215545395166556
-31.58076246205701,0.023395813380763443,0.20248203788373612
-31.55699747133906,0.023395813380763443,0.20280862181580667
-31.514573908328202,0.023395813380763443,0.20313520574787722
-31.507176022710723,0.023395813380763443,0.20346178967994774
-31.50591439527443,0.023395813380763443,0.2037883736120183
-31.461834823800473,0.023395813380763443,0.20411495754408884
-31.388612508743336,0.023395813380763443,0.20444154147615937
-31.350956327815425,0.02353263100287317,0.20444154147615937
-31.257742785425194,0.023669448624982898,0.20444154147615937
-31.20991690294227,0.023806266247092627,0.20444154147615937
-31.106070490672664,0.023943083869202353,0.20444154147615937
-31.099845758635524,0.023943083869202353,0.20476812540822992
-31.08262904645926,0.023943083869202353,0.20509470934030047
-31.07881873158044,0.023943083869202353,0.205421293272371
-31.069797396223976,0.023943083869202353,0.20574787720444154
-30.967870916646916,0.023943083869202353,0.2060744611365121
-30.927957492436008,0.023943083869202353,0.20640104506858262
-30.88867840459352,0.023943083869202353,0.20672762900065317
-30.75845711266402,0.024079901491312082,0.20672762900065317
-30.699685452936706,0.024216719113421808,0.20672762900065317
-30.6954330150553,0.024353536735531537,0.20672762900065317
-30.686558781064605,0.024353536735531537,0.20705421293272372
-30.678773708192693,0.024490354357641263,0.20705421293272372
-30.67493494887856,0.024490354357641263,0.20738079686479424
-30.66414856602296,0.024627171979750992,0.20738079686479424
-30.640429546355904,0.024627171979750992,0.2077073807968648
-30.56730700008802,0.024627171979750992,0.20803396472893534
-30.54367258663251,0.024627171979750992,0.20836054866100587
-30.470592696839958,0.024627171979750992,0.20868713259307642
-30.39983778114822,0.02476398960186072,0.20868713259307642
-30.330026028832094,0.02476398960186072,0.20901371652514697
-30.329662821750844,0.024900807223970447,0.20901371652514697
-30.310844618597457,0.025037624846080176,0.20901371652514697
-30.302722141381423,0.025174442468189902,0.20901371652514697
-30.276665668716987,0.025174442468189902,0.2093403004572175
-30.027559508204035,0.025174442468189902,0.20966688438928804
-30.023665421712394,0.025174442468189902,0.2099934683213586
-29.997073242750503,0.025174442468189902,0.21032005225342912
-29.939106819529343,0.02531126009029963,0.21032005225342912
-29.91462034308188,0.02531126009029963,0.21064663618549967
-29.897053502329072,0.025448077712409357,0.21064663618549967
-29.854683235891457,0.025448077712409357,0.21097322011757022
-29.823824251423616,0.025448077712409357,0.21129980404964077
-29.771477724597048,0.025448077712409357,0.2116263879817113
-29.70006348341815,0.025584895334519086,0.2116263879817113
-29.69085117886675,0.025721712956628815,0.2116263879817113
-29.620759525600533,0.025721712956628815,0.21195297191378185
-29.462044737890437,0.025721712956628815,0.2122795558458524
-29.425547451674106,0.02585853057873854,0.2122795558458524
-29.41987512028254,0.02599534820084827,0.2122795558458524
-29.264084190261997,0.02599534820084827,0.21260613977792292
-29.127094275012155,0.02599534820084827,0.21293272370999347
-29.0800498787969,0.026132165822957996,0.21293272370999347
-29.071958334068654,0.026132165822957996,0.21325930764206402
-28.97496094822941,0.026268983445067725,0.21325930764206402
-28.943091975840957,0.026405801067177454,0.21325930764206402
-28.932017566051627,0.026405801067177454,0.21358589157413455
-28.906682693186326,0.02654261868928718,0.21358589157413455
-28.88334150042533,0.02667943631139691,0.21358589157413455
-28.848680452852705,0.026816253933506635,0.21358589157413455
-28.7071423033791,0.026816253933506635,0.2139124755062051
-28.700055168179688,0.026816253933506635,0.21423905943827565
-28.673692899790126,0.026816253933506635,0.21456564337034617
-28.6713445969433,0.026816253933506635,0.21489222730241672
-28.642140536589295,0.026953071555616364,0.21489222730241672
-28.56892072789003,0.026953071555616364,0.21521881123448727
-28.56708915786419,0.02708988917772609,0.21521881123448727
-28.503602049568826,0.02722670679983582,0.21521881123448727
-28.22256002808092,0.02722670679983582,0.2155453951665578
-28.183867841179904,0.027363524421945548,0.2155453951665578
-28.179295697580415,0.027363524421945548,0.21587197909862835
-28.048481701711125,0.027500342044055274,0.21587197909862835
-28.044194376642167,0.027500342044055274,0.2161985630306989
-28.036075728281276,0.027637159666165003,0.2161985630306989
-28.019871207862366,0.02777397728827473,0.2161985630306989
-27.95257486067362,0.027910794910384458,0.2161985630306989
-27.83561606420733,0.027910794910384458,0.21652514696276942
-27.807644267845262,0.028047612532494184,0.21652514696276942
-27.79897176622501,0.028184430154603913,0.21652514696276942
-27.728286205615063,0.028184430154603913,0.21685173089483997
-27.667212310213813,0.028321247776713642,0.21685173089483997
-27.44681794860344,0.028321247776713642,0.21717831482691052
-27.371168387887906,0.028458065398823368,0.21717831482691052
-27.366181887445578,0.028594883020933097,0.21717831482691052
-27.32031891073416,0.028594883020933097,0.21750489875898105
-27.303052619881214,0.028594883020933097,0.2178314826910516
-27.09091260998548,0.028731700643042823,0.2178314826910516
-27.080568764444592,0.028731700643042823,0.21815806662312215
-26.88003237912403,0.028731700643042823,0.21848465055519267
-26.8040375796769,0.028868518265152552,0.21848465055519267
-26.744138403566353,0.029005335887262278,0.21848465055519267
-26.704091462571,0.029142153509372007,0.21848465055519267
-26.692796541217263,0.029142153509372007,0.21881123448726322
-26.635637533164754,0.029278971131481736,0.21881123448726322
-26.54692994014465,0.029415788753591462,0.21881123448726322
-26.540695335959413,0.029415788753591462,0.21913781841933377
-26.525171547544346,0.029415788753591462,0.2194644023514043
-26.459360615200012,0.02955260637570119,0.2194644023514043
-26.42182354166175,0.029689423997810917,0.2194644023514043
-26.29885155221052,0.029689423997810917,0.21979098628347485
-26.280565629460398,0.029689423997810917,0.2201175702155454
-26.21951383835301,0.029826241619920646,0.2201175702155454
-26.1517888184178,0.029963059242030375,0.2201175702155454
-26.032024768810857,0.0300998768641401,0.2201175702155454
-25.997126786179706,0.0300998768641401,0.22044415414761595
-25.921449679307443,0.0300998768641401,0.22077073807968647
-25.918258638105044,0.03023669448624983,0.22077073807968647
-25.885026333473434,0.030373512108359556,0.22077073807968647
-25.76107488145908,0.030373512108359556,0.22109732201175702
-25.687345226025855,0.030373512108359556,0.22142390594382758
-25.611718059449686,0.030510329730469285,0.22142390594382758
-25.582600718871163,0.03064714735257901,0.22142390594382758
-25.528881083263173,0.03078396497468874,0.22142390594382758
-25.45026467420712,0.03078396497468874,0.2217504898758981
-25.303734062921535,0.03078396497468874,0.22207707380796865
-25.268344222829796,0.03078396497468874,0.2224036577400392
-25.223755490785607,0.03092078259679847,0.2224036577400392
-25.208616157540064,0.03092078259679847,0.22273024167210972
-25.199903772001562,0.03092078259679847,0.22305682560418028
-25.164780056919085,0.031057600218908195,0.22305682560418028
-25.163792861427964,0.031194417841017924,0.22305682560418028
-25.130075819123817,0.031194417841017924,0.22338340953625083
-25.111758843951293,0.03133123546312765,0.22338340953625083
-25.06472438040953,0.031468053085237375,0.22338340953625083
-25.0577505101337,0.031468053085237375,0.22370999346832135
-25.00803387180713,0.031468053085237375,0.2240365774003919
-24.980530606508523,0.031604870707347105,0.2240365774003919
-24.96852965245023,0.031741688329456834,0.2240365774003919
-24.954800724375445,0.031741688329456834,0.22436316133246245
-24.929609264513488,0.031741688329456834,0.22468974526453298
-24.807119457265685,0.031741688329456834,0.22501632919660353
-24.76926175009646,0.031741688329456834,0.22534291312867408
-24.612496916894088,0.03187850595156656,0.22534291312867408
-24.596483755994996,0.03187850595156656,0.2256694970607446
-24.553916327169077,0.03201532357367629,0.2256694970607446
-24.537946355201825,0.032152141195786015,0.2256694970607446
-24.5139141472838,0.032152141195786015,0.22599608099281515
-24.497755121286218,0.032288958817895744,0.22599608099281515
-24.411493173021995,0.03242577644000547,0.22599608099281515
-24.383841193273383,0.0325625940621152,0.22599608099281515
-24.319700120545008,0.0325625940621152,0.2263226649248857
-24.312658982191465,0.0325625940621152,0.22664924885695623
-24.300098013991374,0.03269941168422493,0.22664924885695623
-24.227104535576927,0.032836229306334654,0.22664924885695623
-24.15984740140709,0.032836229306334654,0.22697583278902678
-24.142253662986377,0.03297304692844438,0.22697583278902678
-24.11146658503924,0.03297304692844438,0.22730241672109733
-24.09664073501574,0.03297304692844438,0.22762900065316785
-24.08271613815782,0.03310986455055411,0.22762900065316785
-24.047002395465256,0.03310986455055411,0.2279555845852384
-24.038258760111148,0.03310986455055411,0.22828216851730895
-23.875476400199545,0.03310986455055411,0.2286087524493795
-23.826904611728764,0.03324668217266384,0.2286087524493795
-23.81731019174731,0.03338349979477356,0.2286087524493795
-23.781901657314165,0.03338349979477356,0.22893533638145003
-23.594075621199522,0.03338349979477356,0.22926192031352058
-23.582483186895274,0.03352031741688329,0.22926192031352058
-23.578027406946944,0.03352031741688329,0.22958850424559113
-23.487592150045202,0.03352031741688329,0.22991508817766165
-23.260992631533895,0.03352031741688329,0.2302416721097322
-23.23998996761611,0.03365713503899302,0.2302416721097322
-23.198771999239966,0.03379395266110275,0.2302416721097322
-23.178845226786734,0.03393077028321248,0.2302416721097322
-22.986892118778087,0.0340675879053222,0.2302416721097322
-22.873579648881105,0.03420440552743193,0.2302416721097322
-22.707981211465153,0.03434122314954166,0.2302416721097322
-22.671944146594797,0.03434122314954166,0.23056825604180275
-22.657326502868386,0.03434122314954166,0.23089483997387328
-22.62643891772518,0.03447804077165139,0.23089483997387328
-22.609789788780972,0.03447804077165139,0.23122142390594383
-22.599054061155925,0.03447804077165139,0.23154800783801438
-22.569012657627127,0.03447804077165139,0.2318745917700849
-22.56030964294598,0.03461485839376112,0.2318745917700849
-22.480175894262516,0.03461485839376112,0.23220117570215545
-22.360684570855824,0.03461485839376112,0.232527759634226
-22.345011726287566,0.03461485839376112,0.23285434356629653
-22.342768160748165,0.03475167601587084,0.23285434356629653
-22.300440388578295,0.03475167601587084,0.23318092749836708
-22.166682985044304,0.03488849363798057,0.23318092749836708
-22.136255306130124,0.03488849363798057,0.23350751143043763
-22.02437474363012,0.0350253112600903,0.23350751143043763
-21.988336353072896,0.03516212888220003,0.23350751143043763
-21.95780459560376,0.03529894650430976,0.23350751143043763
-21.825041013029818,0.03529894650430976,0.23383409536250815
-21.672366384409884,0.03543576412641948,0.23383409536250815
-21.659232786912526,0.03557258174852921,0.23383409536250815
-21.644566778554463,0.03570939937063894,0.23383409536250815
-21.625615801723598,0.03584621699274867,0.23383409536250815
-21.410691138197194,0.03584621699274867,0.2341606792945787
-21.363106947008873,0.03598303461485839,0.2341606792945787
-21.288636321728063,0.03611985223696812,0.2341606792945787
-21.271605410002962,0.03625666985907785,0.2341606792945787
-21.16655359196932,0.03625666985907785,0.23448726322664926
-21.144928788901098,0.03625666985907785,0.23481384715871978
-21.143561896090773,0.03625666985907785,0.23514043109079033
-21.105883051869,0.03639348748118758,0.23514043109079033
-21.051643243872036,0.03653030510329731,0.23514043109079033
-21.037448221715067,0.03653030510329731,0.23546701502286088
-20.985956671518807,0.03653030510329731,0.2357935989549314
-20.95573732600576,0.03666712272540703,0.2357935989549314
-20.922820384513784,0.03666712272540703,0.23612018288700196
-20.908704290709693,0.03680394034751676,0.23612018288700196
-20.875835132171005,0.03680394034751676,0.2364467668190725
-20.869442300368405,0.03694075796962649,0.2364467668190725
-20.86319968191549,0.03707757559173622,0.2364467668190725
-20.845475688394913,0.037214393213845946,0.2364467668190725
-20.786257547031028,0.037214393213845946,0.23677335075114303
-20.714215642310478,0.037214393213845946,0.23709993468321358
-20.57072331670156,0.03735121083595567,0.23709993468321358
-20.520233076089198,0.03735121083595567,0.23742651861528413
-20.464265035197855,0.03735121083595567,0.23775310254735468
-20.291326812271222,0.0374880284580654,0.23775310254735468
-20.242042756766978,0.03762484608017513,0.23775310254735468
-20.206811117665893,0.037761663702284856,0.23775310254735468
-20.205847463086116,0.037761663702284856,0.2380796864794252
-20.122968889128742,0.037761663702284856,0.23840627041149576
-20.088562308593964,0.037898481324394585,0.23840627041149576
-20.057784915493357,0.037898481324394585,0.2387328543435663
-20.015047182546255,0.03803529894650431,0.2387328543435663
-19.942221961988707,0.03803529894650431,0.23905943827563683
-19.932635208997908,0.03817211656861404,0.23905943827563683
-19.874799500018298,0.03817211656861404,0.23938602220770738
-19.872012692180533,0.03817211656861404,0.23971260613977793
-19.841751320012236,0.038308934190723766,0.23971260613977793
-19.821572686433342,0.038308934190723766,0.24003919007184846
-19.79943231453285,0.038445751812833495,0.24003919007184846
-19.76476789628009,0.03858256943494322,0.24003919007184846
-19.73010646733121,0.03871938705705295,0.24003919007184846
-19.70495250715271,0.03871938705705295,0.240365774003919
-19.421914217691665,0.03871938705705295,0.24069235793598956
-19.378952799481,0.03871938705705295,0.24101894186806008
-19.30413409962341,0.03871938705705295,0.24134552580013063
-19.28161495114807,0.038856204679162676,0.24134552580013063
-19.264907303788846,0.038856204679162676,0.24167210973220118
-19.23147526251114,0.038993022301272405,0.24167210973220118
-19.21604465049029,0.038993022301272405,0.2419986936642717
-19.173225873460183,0.039129839923382134,0.2419986936642717
-19.16699083064475,0.039266657545491856,0.2419986936642717
-19.115389601884544,0.039403475167601586,0.2419986936642717
-19.09609522524238,0.039403475167601586,0.24232527759634226
-18.985758264696642,0.039403475167601586,0.2426518615284128
-18.927077375484487,0.039540292789711315,0.2426518615284128
-18.881372292646233,0.039540292789711315,0.24297844546048333
-18.837928870094174,0.039677110411821044,0.24297844546048333
-18.803051497679235,0.039677110411821044,0.24330502939255388
-18.791210014244598,0.03981392803393077,0.24330502939255388
-18.776168082437835,0.03981392803393077,0.24363161332462444
-18.775118066960772,0.03981392803393077,0.24395819725669496
-18.692918471309667,0.03981392803393077,0.2442847811887655
-18.692293666082378,0.03981392803393077,0.24461136512083606
-18.64834646742247,0.03981392803393077,0.24493794905290658
-18.554279043125234,0.039950745656040496,0.24493794905290658
-18.521739317118886,0.039950745656040496,0.24526453298497713
-18.50051267144613,0.040087563278150225,0.24526453298497713
-18.47695253923871,0.040224380900259954,0.24526453298497713
-18.429016675956518,0.040224380900259954,0.24559111691704769
-18.344542803284867,0.040224380900259954,0.24591770084911824
-18.3252762320501,0.04036119852236968,0.24591770084911824
-18.286931324004286,0.04036119852236968,0.24624428478118876
-18.2114055311456,0.04036119852236968,0.2465708687132593
-18.203391846721388,0.04049801614447941,0.2465708687132593
-18.133669233692103,0.04049801614447941,0.24689745264532986
-18.12808452658544,0.040634833766589135,0.24689745264532986
-18.08058526899856,0.040634833766589135,0.24722403657740039
-17.860393331664,0.040771651388698864,0.24722403657740039
-17.833326514271903,0.040771651388698864,0.24755062050947094
-17.80214293323661,0.040771651388698864,0.2478772044415415
-17.78952166193278,0.040771651388698864,0.248203788373612
-17.73454176185851,0.040771651388698864,0.24853037230568256
-17.67317505408414,0.04090846901080859,0.24853037230568256
-17.593630880642195,0.04090846901080859,0.2488569562377531
-17.56128309962753,0.04104528663291832,0.2488569562377531
-17.55483532665744,0.041182104255028044,0.2488569562377531
-17.53845463862649,0.041318921877137774,0.2488569562377531
-17.488571816549666,0.0414557394992475,0.2488569562377531
-17.446255881277352,0.0414557394992475,0.24918354016982364
-17.42757034854219,0.04159255712135723,0.24918354016982364
-17.400889556114635,0.04172937474346696,0.24918354016982364
-17.334229171151947,0.041866192365576683,0.24918354016982364
-17.249011769001186,0.04200300998768641,0.24918354016982364
-17.221307568296425,0.04200300998768641,0.2495101241018942
-17.21896501552817,0.04213982760979614,0.2495101241018942
-17.196702410191733,0.04213982760979614,0.24983670803396474
-17.18197846284761,0.04227664523190587,0.24983670803396474
-17.110563234209508,0.0424134628540156,0.24983670803396474
-17.03112242793884,0.0424134628540156,0.25016329196603526
-16.96675080828254,0.0424134628540156,0.25048987589810584
-16.920061130218187,0.0424134628540156,0.25081645983017636
-16.88597908321242,0.0424134628540156,0.2511430437622469
-16.843785915273884,0.0424134628540156,0.25146962769431747
-16.82224730569294,0.0424134628540156,0.251796211626388
-16.763184108777068,0.0424134628540156,0.2521227955584585
-16.751154085748908,0.0424134628540156,0.2524493794905291
-16.727196117237213,0.04255028047612532,0.2524493794905291
-16.693623390598532,0.04268709809823505,0.2524493794905291
-16.683844714239058,0.04268709809823505,0.2527759634225996
-16.515592238969703,0.04268709809823505,0.25310254735467014
-16.512672775120677,0.04282391572034478,0.25310254735467014
-16.473286186928362,0.04296073334245451,0.25310254735467014
-16.426533530951474,0.04309755096456424,0.25310254735467014
-16.421823292000454,0.04323436858667396,0.25310254735467014
-16.40926086853358,0.04323436858667396,0.2534291312867407
-16.401505644267786,0.04337118620878369,0.2534291312867407
-16.392887353199285,0.04350800383089342,0.2534291312867407
-16.34197808047918,0.04364482145300315,0.2534291312867407
-16.336960231639637,0.04364482145300315,0.25375571521881124
-16.238697844695594,0.04364482145300315,0.25408229915088176
-16.046172024780617,0.04364482145300315,0.25440888308295234
-16.030317056474587,0.04364482145300315,0.25473546701502287
-16.00942805119405,0.04364482145300315,0.2550620509470934
-15.999019773747591,0.04364482145300315,0.25538863487916397
-15.984260477454086,0.04378163907511287,0.25538863487916397
-15.90649686955146,0.04378163907511287,0.2557152188112345
-15.820371070177202,0.0439184566972226,0.2557152188112345
-15.759150466666483,0.04405527431933233,0.2557152188112345
-15.749071294519354,0.04419209194144206,0.2557152188112345
-15.641131573433768,0.04432890956355179,0.2557152188112345
-15.624236343097891,0.04446572718566151,0.2557152188112345
-15.595044930509061,0.04446572718566151,0.256041802743305
-15.550773560825974,0.04446572718566151,0.2563683866753756
-15.508976886622804,0.04460254480777124,0.2563683866753756
-15.432997058580554,0.04460254480777124,0.2566949706074461
-15.41078324853936,0.04473936242988097,0.2566949706074461
-15.356095333905841,0.04473936242988097,0.25702155453951664
-15.342898228265994,0.0448761800519907,0.25702155453951664
-15.283749640713495,0.0448761800519907,0.2573481384715872
-15.277304871277693,0.0448761800519907,0.25767472240365774
-15.222006231551518,0.0448761800519907,0.25800130633572826
-15.21703038894907,0.04501299767410043,0.25800130633572826
-15.135087910112816,0.04501299767410043,0.25832789026779884
-15.107302712844785,0.04501299767410043,0.25865447419986937
-15.042198230028816,0.04514981529621015,0.25865447419986937
-14.977050803469638,0.04528663291831988,0.25865447419986937
-14.948502957481764,0.04542345054042961,0.25865447419986937
-14.9375398308066,0.04556026816253934,0.25865447419986937
-14.923817454668665,0.04569708578464906,0.25865447419986937
-14.803586505454177,0.04583390340675879,0.25865447419986937
-14.795964291396103,0.04597072102886852,0.25865447419986937
-14.742183518585762,0.04610753865097825,0.25865447419986937
-14.737980725491525,0.046244356273087976,0.25865447419986937
-14.734041841814246,0.046244356273087976,0.2589810581319399
-14.536789710405856,0.0463811738951977,0.2589810581319399
-14.513376909721728,0.04651799151730743,0.2589810581319399
-14.442168490543281,0.04665480913941716,0.2589810581319399
-14.43496607328268,0.046791626761526886,0.2589810581319399
-14.386508894041526,0.046928444383636615,0.2589810581319399
-14.28554521481999,0.046928444383636615,0.25930764206401047
-14.243188816699899,0.046928444383636615,0.259634225996081
-14.192415564116914,0.04706526200574634,0.259634225996081
-14.099735075652575,0.04706526200574634,0.2599608099281515
-14.062410075168827,0.04720207962785607,0.2599608099281515
-14.054746905827642,0.047338897249965796,0.2599608099281515
-14.003150036772922,0.047475714872075525,0.2599608099281515
-13.977462589429138,0.047612532494185254,0.2599608099281515
-13.965683225254452,0.04774935011629498,0.2599608099281515
-13.88505222859692,0.04774935011629498,0.2602873938602221
-13.882933778899087,0.047886167738404706,0.2602873938602221
-13.845518492063547,0.047886167738404706,0.2606139777922926
-13.795459671882213,0.047886167738404706,0.26094056172436314
-13.759436544036362,0.047886167738404706,0.2612671456564337
-13.728934849035227,0.048022985360514435,0.2612671456564337
-13.721724630980361,0.048159802982624164,0.2612671456564337
-13.561067351031397,0.048159802982624164,0.26159372958850424
-13.55472673036445,0.048296620604733886,0.26159372958850424
-13.549345601762866,0.048296620604733886,0.26192031352057477
-13.549199361342403,0.048296620604733886,0.26224689745264534
-13.498210092333466,0.048296620604733886,0.26257348138471587
-13.467297404874216,0.048433438226843616,0.26257348138471587
-13.45419581517558,0.048433438226843616,0.2629000653167864
-13.438256784482974,0.048433438226843616,0.26322664924885697
-13.402785069289507,0.048570255848953345,0.26322664924885697
-13.393650988864465,0.048707073471063074,0.26322664924885697
-13.280814098557698,0.0488438910931728,0.26322664924885697
-13.279719932093144,0.0488438910931728,0.2635532331809275
-13.253490597562063,0.048980708715282525,0.2635532331809275
-13.192545286149766,0.049117526337392255,0.2635532331809275
-13.166660692511982,0.049117526337392255,0.263879817112998
-13.145267955221243,0.049117526337392255,0.2642064010450686
-13.060054640971202,0.049117526337392255,0.2645329849771391
-13.038408430764548,0.049117526337392255,0.26485956890920964
-13.033312367005351,0.049254343959501984,0.26485956890920964
-13.027246754163002,0.049254343959501984,0.2651861528412802
-13.001190028503856,0.049254343959501984,0.26551273677335074
-12.9979131892959,0.049254343959501984,0.26583932070542127
-12.993942797174896,0.04939116158161171,0.26583932070542127
-12.948056690722751,0.04952797920372144,0.26583932070542127
-12.890282413554132,0.049664796825831165,0.26583932070542127
-12.84735701565387,0.049664796825831165,0.26616590463749185
-12.725827648666268,0.049801614447940894,0.26616590463749185
-12.674349440516494,0.04993843207005062,0.26616590463749185
-12.65552348956055,0.05007524969216035,0.26616590463749185
-12.628936709655363,0.05007524969216035,0.26649248856956237
-12.608670533776376,0.05007524969216035,0.2668190725016329
-12.561766672272142,0.05021206731427008,0.2668190725016329
-12.54278244937666,0.05021206731427008,0.26714565643370347
-12.535819407081704,0.050348884936379804,0.26714565643370347
-12.51413224883288,0.050348884936379804,0.267472240365774
-12.511099360824687,0.05048570255848953,0.267472240365774
-12.49467900134266,0.05048570255848953,0.2677988242978446
-12.42695859008495,0.05062252018059926,0.2677988242978446
-12.417488428328397,0.05075933780270899,0.2677988242978446
-12.378738871208498,0.05089615542481871,0.2677988242978446
-12.346950875591006,0.05089615542481871,0.2681254082299151
-12.339176116200406,0.05103297304692844,0.2681254082299151
-12.336716740962856,0.05116979066903817,0.2681254082299151
-12.325645740966024,0.0513066082911479,0.2681254082299151
-12.311459454794658,0.05144342591325763,0.2681254082299151
-12.246037262222558,0.05158024353536735,0.2681254082299151
-12.218854761825355,0.05171706115747708,0.2681254082299151
-12.201438837460273,0.05171706115747708,0.2684519921619856
-12.144984781273365,0.05185387877958681,0.2684519921619856
-12.12197684544924,0.05199069640169654,0.2684519921619856
-12.111494623045928,0.05199069640169654,0.2687785760940562
-12.05474975191612,0.05199069640169654,0.2691051600261267
-11.855904160348814,0.05212751402380627,0.2691051600261267
-11.84252937061865,0.05226433164591599,0.2691051600261267
-11.814086316175121,0.05226433164591599,0.26943174395819725
-11.80591677013058,0.05240114926802572,0.26943174395819725
-11.76062594362486,0.05240114926802572,0.2697583278902678
-11.729573266393231,0.05240114926802572,0.27008491182233835
-11.69211790471627,0.05253796689013545,0.27008491182233835
-11.60099152911755,0.05253796689013545,0.27041149575440887
-11.58411629149498,0.05267478451224518,0.27041149575440887
-11.568704039010868,0.05267478451224518,0.27073807968647945
-11.478308606848032,0.05281160213435491,0.27073807968647945
-11.47661756132527,0.05281160213435491,0.27106466361855
-11.472104235342044,0.05281160213435491,0.2713912475506205
-11.458833485186119,0.05281160213435491,0.2717178314826911
-11.423159101031956,0.05294841975646463,0.2717178314826911
-11.40678366101929,0.05294841975646463,0.2720444154147616
-11.391629631441447,0.05308523737857436,0.2720444154147616
-11.373119764985063,0.05322205500068409,0.2720444154147616
-11.359397324709903,0.05335887262279382,0.2720444154147616
-11.312708351764059,0.05349569024490354,0.2720444154147616
-11.288126704829551,0.05349569024490354,0.2723709993468321
-11.271523715637045,0.05363250786701327,0.2723709993468321
-11.246681456808346,0.053769325489123,0.2723709993468321
-11.241497888379968,0.053769325489123,0.2726975832789027
-11.175892245325599,0.053769325489123,0.2730241672109732
-11.15240396913714,0.05390614311123273,0.2730241672109732
-11.111899835589952,0.05390614311123273,0.27335075114304375
-11.080494799809117,0.05390614311123273,0.2736773350751143
-11.049948052796935,0.05404296073334246,0.2736773350751143
-11.046259116740998,0.05404296073334246,0.27400391900718485
-11.044448206197217,0.05404296073334246,0.27433050293925537
-11.011141512596396,0.05417977835545218,0.27433050293925537
-10.94868012811321,0.05417977835545218,0.27465708687132595
-10.930180579206763,0.05431659597756191,0.27465708687132595
-10.918544371513576,0.05445341359967164,0.27465708687132595
-10.886087987856968,0.05459023122178137,0.27465708687132595
-10.878338671132383,0.05459023122178137,0.2749836708033965
-10.858638055902816,0.054727048843891096,0.2749836708033965
-10.784664003800117,0.05486386646600082,0.2749836708033965
-10.77583552275064,0.05500068408811055,0.2749836708033965
-10.772221257832484,0.05500068408811055,0.275310254735467
-10.771448061565252,0.05500068408811055,0.2756368386675376
-10.75207185344118,0.05513750171022028,0.2756368386675376
-10.71593190388353,0.055274319332330006,0.2756368386675376
-10.642134099750137,0.055411136954439735,0.2756368386675376
-10.6412467548231,0.05554795457654946,0.2756368386675376
-10.593105685652858,0.05568477219865919,0.2756368386675376
-10.579910725227592,0.055821589820768916,0.2756368386675376
-10.566600069305537,0.055958407442878645,0.2756368386675376
-10.520958436600836,0.05609522506498837,0.2756368386675376
-10.50990225435089,0.05609522506498837,0.2759634225996081
-10.508552763868806,0.0562320426870981,0.2759634225996081
-10.443867346081902,0.056368860309207826,0.2759634225996081
-10.441287538478491,0.056368860309207826,0.2762900065316786
-10.430112069644565,0.056368860309207826,0.2766165904637492
-10.417250352049564,0.056505677931317555,0.2766165904637492
-10.40440868939902,0.056505677931317555,0.2769431743958197
-10.379076604726151,0.056505677931317555,0.27726975832789025
-10.330332375610851,0.056642495553427284,0.27726975832789025
-10.31913106966465,0.056779313175537006,0.27726975832789025
-10.31038624222515,0.056916130797646736,0.27726975832789025
-10.233648790366829,0.057052948419756465,0.27726975832789025
-10.082511729924363,0.057052948419756465,0.2775963422599608
-9.994193504199075,0.057189766041866194,0.2775963422599608
-9.976922278800657,0.05732658366397592,0.2775963422599608
-9.971361976188064,0.057463401286085646,0.2775963422599608
-9.970752688276662,0.057463401286085646,0.27792292619203135
-9.952394989393838,0.057600218908195375,0.27792292619203135
-9.90625216054093,0.057737036530305104,0.27792292619203135
-9.904090919559053,0.05787385415241483,0.27792292619203135
-9.893099522154671,0.05787385415241483,0.2782495101241019
-9.882444439938695,0.058010671774524555,0.2782495101241019
-9.879432937590991,0.058147489396634285,0.2782495101241019
-9.843279634867145,0.058147489396634285,0.27857609405617245
-9.75879378037098,0.058147489396634285,0.278902677988243
-9.7342694988032,0.058284307018744014,0.278902677988243
-9.661847865421805,0.05842112464085374,0.278902677988243
-9.645573145815774,0.05842112464085374,0.2792292619203135
-9.637227694435978,0.05855794226296347,0.2792292619203135
-9.51664607451869,0.058694759885073194,0.2792292619203135
-9.484716215746857,0.058831577507182924,0.2792292619203135
-9.46097249545528,0.05896839512929265,0.2792292619203135
-9.397651590385067,0.05910521275140238,0.2792292619203135
-9.349926625691523,0.05910521275140238,0.2795558458523841
-9.319173830232785,0.05910521275140238,0.2798824297844546
-9.305702948597059,0.05924203037351211,0.2798824297844546
-9.288316109499078,0.05937884799562183,0.2798824297844546
-9.287692113310868,0.05937884799562183,0.2802090137165251
-9.274284860220178,0.05951566561773156,0.2802090137165251
-9.138887833048898,0.05951566561773156,0.2805355976485957
-9.134965704498882,0.05951566561773156,0.2808621815806662
-9.078856505221552,0.05951566561773156,0.28118876551273675
-9.058008064802948,0.05965248323984129,0.28118876551273675
-9.008520926271558,0.05978930086195102,0.28118876551273675
-9.006422148291449,0.05992611848406075,0.28118876551273675
-8.990276369852381,0.06006293610617047,0.28118876551273675
-8.909747736818872,0.0601997537282802,0.28118876551273675
-8.842184028507631,0.0601997537282802,0.28151534944480733
-8.828808821161488,0.0601997537282802,0.28184193337687785
-8.745165495859396,0.06033657135038993,0.28184193337687785
-8.727851965100626,0.06047338897249966,0.28184193337687785
-8.685679240501258,0.06047338897249966,0.2821685173089484
-8.677892607656077,0.06061020659460938,0.2821685173089484
-8.647095648694858,0.06074702421671911,0.2821685173089484
-8.6203131810189,0.06088384183882884,0.2821685173089484
-8.616987459036636,0.06102065946093857,0.2821685173089484
-8.608631317337881,0.0611574770830483,0.2821685173089484
-8.603578264466933,0.06129429470515802,0.2821685173089484
-8.59030437197282,0.06129429470515802,0.28249510124101895
-8.573580613881973,0.06143111232726775,0.28249510124101895
-8.553295304340509,0.06156792994937748,0.28249510124101895
-8.492118372929667,0.06170474757148721,0.28249510124101895
-8.4310344649042,0.06170474757148721,0.2828216851730895
-8.362910858707664,0.06170474757148721,0.28314826910516
-8.342288799313678,0.06184156519359694,0.28314826910516
-8.334433475346145,0.06197838281570666,0.28314826910516
-8.319364342992117,0.06197838281570666,0.2834748530372306
-8.30591992580355,0.06197838281570666,0.2838014369693011
-8.273407059876263,0.06211520043781639,0.2838014369693011
-8.254748056355425,0.06225201805992612,0.2838014369693011
-8.236991745562023,0.06238883568203585,0.2838014369693011
-8.190390969923214,0.06238883568203585,0.2841280209013716
-8.176655947004178,0.06252565330414557,0.2841280209013716
-8.163948098722358,0.0626624709262553,0.2841280209013716
-8.150793079534992,0.06279928854836503,0.2841280209013716
-8.128722467755551,0.06293610617047475,0.2841280209013716
-8.109423458717515,0.06307292379258449,0.2841280209013716
-8.091378638569267,0.06320974141469421,0.2841280209013716
-8.06751916907126,0.06320974141469421,0.2844546048334422
-8.060169863332362,0.06320974141469421,0.2847811887655127
-8.005860008532409,0.06334655903680395,0.2847811887655127
-7.997412106043839,0.06348337665891367,0.2847811887655127
-7.940661434032563,0.06348337665891367,0.2851077726975833
-7.917716109927142,0.06348337665891367,0.28543435662965383
-7.906559505819018,0.06348337665891367,0.28576094056172435
-7.868896036214096,0.06348337665891367,0.28608752449379493
-7.843807318600852,0.06348337665891367,0.28641410842586545
-7.835523633522598,0.06362019428102339,0.28641410842586545
-7.827208425542949,0.06375701190313313,0.28641410842586545
-7.744785202910066,0.06389382952524285,0.28641410842586545
-7.7437227103740724,0.06389382952524285,0.286740692357936
-7.723260474630706,0.06389382952524285,0.28706727629000656
-7.706233175873422,0.06403064714735258,0.28706727629000656
-7.673485001868812,0.06403064714735258,0.2873938602220771
-7.667967981884203,0.0641674647694623,0.2873938602220771
-7.6268518698324215,0.06430428239157203,0.2873938602220771
-7.584286656695667,0.06444110001368177,0.2873938602220771
-7.577546182624701,0.06457791763579149,0.2873938602220771
-7.561221164162248,0.06471473525790122,0.2873938602220771
-7.538917462908557,0.06471473525790122,0.2877204441541476
-7.535776703070724,0.06471473525790122,0.2880470280862182
-7.523827659693211,0.06485155288001095,0.2880470280862182
-7.513038436989177,0.06498837050212067,0.2880470280862182
-7.504185637110481,0.06498837050212067,0.2883736120182887
-7.4940364726382995,0.06498837050212067,0.28870019595035923
-7.490579180325199,0.0651251881242304,0.28870019595035923
-7.418543260582055,0.06526200574634013,0.28870019595035923
-7.364235596813614,0.06539882336844986,0.28870019595035923
-7.3528735419506575,0.06553564099055958,0.28870019595035923
-7.3317627807297185,0.06553564099055958,0.2890267798824298
-7.299058415546483,0.06567245861266931,0.2890267798824298
-7.293127015458936,0.06580927623477904,0.2890267798824298
-7.286900810704537,0.06594609385688877,0.2890267798824298
-7.275355257503065,0.06594609385688877,0.28935336381450033
-7.252388592132888,0.0660829114789985,0.28935336381450033
-7.235607916563026,0.0660829114789985,0.28967994774657085
-7.165309371075523,0.06621972910110822,0.28967994774657085
-7.132060647491471,0.06635654672321795,0.28967994774657085
-7.109224382504067,0.06635654672321795,0.29000653167864143
-7.1070666368417506,0.06649336434532768,0.29000653167864143
-7.10668931987243,0.0666301819674374,0.29000653167864143
-7.093815903813834,0.0666301819674374,0.29033311561071196
-7.092782903627494,0.06676699958954713,0.29033311561071196
-7.062234808890253,0.06690381721165686,0.29033311561071196
-7.045901807098289,0.06690381721165686,0.2906596995427825
-6.926114580458034,0.06690381721165686,0.29098628347485306
-6.900616914660191,0.06690381721165686,0.2913128674069236
-6.893884278912424,0.06690381721165686,0.2916394513389941
-6.863429453196659,0.06704063483376659,0.2916394513389941
-6.838724161552591,0.06717745245587632,0.2916394513389941
-6.8220559985767295,0.06717745245587632,0.2919660352710647
-6.770747497767047,0.06717745245587632,0.2922926192031352
-6.770124274629097,0.06717745245587632,0.29261920313520573
-6.752209369372736,0.06717745245587632,0.2929457870672763
-6.711401286852947,0.06731427007798604,0.2929457870672763
-6.703738931426415,0.06731427007798604,0.29327237099934683
-6.693714342240241,0.06731427007798604,0.29359895493141736
-6.6929403414566195,0.06745108770009577,0.29359895493141736
-6.689749850657563,0.0675879053222055,0.29359895493141736
-6.59480913534685,0.0675879053222055,0.29392553886348793
-6.5502338001537055,0.06772472294431522,0.29392553886348793
-6.5429795922066205,0.06786154056642496,0.29392553886348793
-6.539560738313412,0.06799835818853468,0.29392553886348793
-6.524643967455745,0.06799835818853468,0.29425212279555846
-6.519683909564378,0.0681351758106444,0.29425212279555846
-6.498650760717624,0.06827199343275414,0.29425212279555846
-6.496402153827944,0.06840881105486386,0.29425212279555846
-6.483975675508987,0.0685456286769736,0.29425212279555846
-6.478894274678623,0.06868244629908332,0.29425212279555846
-6.475409614701675,0.06881926392119304,0.29425212279555846
-6.471241362604701,0.06895608154330278,0.29425212279555846
-6.467310061636795,0.0690928991654125,0.29425212279555846
-6.417353958948411,0.0690928991654125,0.294578706727629
-6.407551094011069,0.06922971678752224,0.294578706727629
-6.405849730567411,0.06922971678752224,0.29490529065969956
-6.392895273413501,0.06936653440963196,0.29490529065969956
-6.3905294229106175,0.06936653440963196,0.2952318745917701
-6.373221348099946,0.06950335203174168,0.2952318745917701
-6.324796911660428,0.06964016965385142,0.2952318745917701
-6.314954293562209,0.06977698727596114,0.2952318745917701
-6.294774373317864,0.06991380489807088,0.2952318745917701
-6.269419149945065,0.0700506225201806,0.2952318745917701
-6.2269561140603855,0.07018744014229032,0.2952318745917701
-6.221863215293638,0.07018744014229032,0.2955584585238406
-6.1937356600342355,0.07032425776440006,0.2955584585238406
-6.1344462843849215,0.07046107538650978,0.2955584585238406
-6.128484765193434,0.07046107538650978,0.2958850424559112
-6.111252688241052,0.07059789300861952,0.2958850424559112
-6.109726554638996,0.07073471063072924,0.2958850424559112
-6.097786709270395,0.07087152825283896,0.2958850424559112
-6.095860008556997,0.0710083458749487,0.2958850424559112
-6.095038508188509,0.0710083458749487,0.2962116263879817
-6.089984836108329,0.0710083458749487,0.29653821032005223
-6.089510016657641,0.07114516349705842,0.29653821032005223
-6.0059291572679285,0.07128198111916816,0.29653821032005223
-6.001288621677418,0.07141879874127788,0.29653821032005223
-5.9979926990180275,0.0715556163633876,0.29653821032005223
-5.975607250006647,0.07169243398549734,0.29653821032005223
-5.945312535530775,0.07182925160760706,0.29653821032005223
-5.92950229492817,0.07196606922971678,0.29653821032005223
-5.886151429981169,0.07210288685182652,0.29653821032005223
-5.864880759421453,0.07210288685182652,0.2968647942521228
-5.7881446427096535,0.07223970447393624,0.2968647942521228
-5.74953566690283,0.07223970447393624,0.29719137818419333
-5.739653931339717,0.07237652209604598,0.29719137818419333
-5.721732184032362,0.07237652209604598,0.29751796211626386
-5.712304895761918,0.07237652209604598,0.29784454604833444
-5.692829182858986,0.0725133397181557,0.29784454604833444
-5.687297928503199,0.0725133397181557,0.29817112998040496
-5.672815814785963,0.07265015734026542,0.29817112998040496
-5.671891362522842,0.07265015734026542,0.2984977139124755
-5.62152995516351,0.07278697496237516,0.2984977139124755
-5.602916003568339,0.07292379258448488,0.2984977139124755
-5.580193465675393,0.07306061020659461,0.2984977139124755
-5.5510716562217794,0.07306061020659461,0.29882429784454606
-5.489734365994082,0.07319742782870434,0.29882429784454606
-5.442234732512247,0.07333424545081406,0.29882429784454606
-5.391483738291868,0.0734710630729238,0.29882429784454606
-5.390718022084002,0.07360788069503352,0.29882429784454606
-5.380449417205909,0.07374469831714325,0.29882429784454606
-5.371809152830906,0.07374469831714325,0.2991508817766166
-5.3602388005379,0.07374469831714325,0.2994774657086871
-5.357541857065598,0.07388151593925298,0.2994774657086871
-5.310768465375872,0.0740183335613627,0.2994774657086871
-5.303752962231897,0.07415515118347243,0.2994774657086871
-5.286584639165881,0.07415515118347243,0.2998040496407577
-5.23704512256154,0.07429196880558216,0.2998040496407577
-5.224264081016031,0.07429196880558216,0.3001306335728282
-5.200853785419781,0.07442878642769189,0.3001306335728282
-5.1989138103758705,0.07442878642769189,0.30045721750489873
-5.1756250918442674,0.07456560404980161,0.30045721750489873
-5.1612799646787835,0.07470242167191134,0.30045721750489873
-5.13884395363516,0.07483923929402107,0.30045721750489873
-5.067124937420999,0.0749760569161308,0.30045721750489873
-5.0667548747508135,0.07511287453824053,0.30045721750489873
-5.064462249416351,0.07524969216035025,0.30045721750489873
-5.03658010785,0.07538650978245998,0.30045721750489873
-5.025369783156975,0.07552332740456971,0.30045721750489873
-4.983705656658799,0.07552332740456971,0.3007838014369693
-4.941239671889321,0.07566014502667943,0.3007838014369693
-4.902606195207795,0.07579696264878917,0.3007838014369693
-4.898637896359105,0.07593378027089889,0.3007838014369693
-4.887599181635437,0.07593378027089889,0.30111038536903983
-4.87314138128977,0.07593378027089889,0.30143696930111036
-4.8324748749150785,0.07607059789300862,0.30143696930111036
-4.8282230197162335,0.07620741551511835,0.30143696930111036
-4.818340477305014,0.07634423313722807,0.30143696930111036
-4.796016790060094,0.0764810507593378,0.30143696930111036
-4.775973324996357,0.0764810507593378,0.30176355323318094
-4.75577592301488,0.07661786838144753,0.30176355323318094
-4.746097645982104,0.07675468600355725,0.30176355323318094
-4.70055997646989,0.07689150362566699,0.30176355323318094
-4.686399777071188,0.07702832124777671,0.30176355323318094
-4.685509343852914,0.07702832124777671,0.30209013716525146
-4.684456408401616,0.07716513886988643,0.30209013716525146
-4.661575183982563,0.07730195649199617,0.30209013716525146
-4.657640581062992,0.0774387741141059,0.30209013716525146
-4.643019569091166,0.07757559173621563,0.30209013716525146
-4.641534289671995,0.07771240935832535,0.30209013716525146
-4.628695660408312,0.07784922698043507,0.30209013716525146
-4.55784436204749,0.07784922698043507,0.30241672109732204
-4.554626961442409,0.07798604460254481,0.30241672109732204
-4.5486121417307,0.07812286222465453,0.30241672109732204
-4.529692400776412,0.07825967984676427,0.30241672109732204
-4.521572041245008,0.07839649746887399,0.30241672109732204
-4.520038624044787,0.07853331509098371,0.30241672109732204
-4.487025660016457,0.07867013271309345,0.30241672109732204
-4.471632355238285,0.07880695033520317,0.30241672109732204
-4.446207985775345,0.07894376795731291,0.30241672109732204
-4.400993955009312,0.07908058557942263,0.30241672109732204
-4.3756639207612125,0.07921740320153235,0.30241672109732204
-4.336847198278065,0.07921740320153235,0.30274330502939256
-4.308724255061861,0.07935422082364209,0.30274330502939256
-4.278538617826825,0.07949103844575181,0.30274330502939256
-4.25035726858539,0.07949103844575181,0.3030698889614631
-4.247415043878391,0.07949103844575181,0.30339647289353366
-4.2235692070595405,0.07962785606786155,0.30339647289353366
-4.194251969944503,0.07962785606786155,0.3037230568256042
-4.17946589582948,0.07962785606786155,0.3040496407576747
-4.150131157947612,0.07976467368997127,0.3040496407576747
-4.13874702427961,0.07976467368997127,0.3043762246897453
-4.102391342674196,0.07990149131208099,0.3043762246897453
-4.0945904092939145,0.07990149131208099,0.3047028086218158
-4.07122000186655,0.07990149131208099,0.30502939255388634
-4.029437792886938,0.08003830893419073,0.30502939255388634
-3.9534985311190667,0.08017512655630045,0.30502939255388634
-3.9263533573574705,0.08031194417841019,0.30502939255388634
-3.912063635627078,0.08044876180051991,0.30502939255388634
-3.878404097137377,0.08044876180051991,0.3053559764859569
-3.873890379049726,0.08058557942262963,0.3053559764859569
-3.835277506750117,0.08072239704473937,0.3053559764859569
-3.8159811162325923,0.08072239704473937,0.30568256041802744
-3.7805393889227616,0.08085921466684909,0.30568256041802744
-3.7800145111165193,0.08099603228895882,0.30568256041802744
-3.778636222937962,0.08113284991106855,0.30568256041802744
-3.7631302629527,0.08126966753317827,0.30568256041802744
-3.7272821376524234,0.081406485155288,0.30568256041802744
-3.691052893020128,0.08154330277739773,0.30568256041802744
-3.671360789754999,0.08154330277739773,0.30600914435009796
-3.6394805938745094,0.08168012039950745,0.30600914435009796
-3.616278102374281,0.08181693802161719,0.30600914435009796
-3.5922401316111063,0.08195375564372691,0.30600914435009796
-3.5706350225973438,0.08209057326583664,0.30600914435009796
-3.5264862378647877,0.08222739088794637,0.30600914435009796
-3.5152510102051338,0.08222739088794637,0.30633572828216854
-3.503270855042274,0.08236420851005609,0.30633572828216854
-3.4506639966074317,0.08250102613216583,0.30633572828216854
-3.440775507453395,0.08263784375427555,0.30633572828216854
-3.429262405338818,0.08263784375427555,0.30666231221423906
-3.3641223414571186,0.08263784375427555,0.3069888961463096
-3.35052395374737,0.08263784375427555,0.30731548007838017
-3.317267690159156,0.08277466137638528,0.30731548007838017
-3.2980572858079995,0.08277466137638528,0.3076420640104507
-3.2798854771618835,0.082911478998495,0.3076420640104507
-3.26188161412756,0.08304829662060473,0.3076420640104507
-3.255820192339911,0.08304829662060473,0.3079686479425212
-3.253745268366856,0.08318511424271446,0.3079686479425212
-3.249489835980171,0.08318511424271446,0.3082952318745918
-3.248918067348768,0.08318511424271446,0.3086218158066623
-3.224065741609934,0.08332193186482419,0.3086218158066623
-3.218125696932134,0.08345874948693392,0.3086218158066623
-3.173992214145642,0.08345874948693392,0.30894839973873284
-3.142897278670148,0.08345874948693392,0.3092749836708034
-3.1400805385982267,0.08359556710904364,0.3092749836708034
-3.0679521253132407,0.08373238473115337,0.3092749836708034
-3.038549573823161,0.0838692023532631,0.3092749836708034
-3.0224466233684097,0.08400601997537283,0.3092749836708034
-3.0107962249879847,0.08400601997537283,0.30960156760287394
-2.9820542064088613,0.08414283759748256,0.30960156760287394
-2.9442840487206468,0.08427965521959228,0.30960156760287394
-2.9378152431384024,0.084416472841702,0.30960156760287394
-2.9359187110119365,0.08455329046381174,0.30960156760287394
-2.933125723747821,0.08469010808592146,0.30960156760287394
-2.898099627952888,0.0848269257080312,0.30960156760287394
-2.8912077670730696,0.0848269257080312,0.30992815153494446
-2.8887393679298157,0.08496374333014092,0.30992815153494446
-2.8754767865939357,0.08510056095225065,0.30992815153494446
-2.831047961586819,0.08523737857436038,0.30992815153494446
-2.8195001170191745,0.08523737857436038,0.31025473546701504
-2.8118052293715436,0.0853741961964701,0.31025473546701504
-2.7317446183764105,0.08551101381857984,0.31025473546701504
-2.7202740144870177,0.08564783144068956,0.31025473546701504
-2.650884670696655,0.08564783144068956,0.31058131939908556
-2.6310969228414933,0.08564783144068956,0.3109079033311561
-2.58853005752394,0.08578464906279928,0.3109079033311561
-2.582153662898577,0.08592146668490902,0.3109079033311561
-2.5755770456381697,0.08592146668490902,0.31123448726322667
-2.5370833886521496,0.08592146668490902,0.3115610711952972
-2.4987562677255255,0.08592146668490902,0.3118876551273677
-2.4804210903523654,0.08592146668490902,0.3122142390594383
-2.4772705317988084,0.08605828430701874,0.3122142390594383
-2.464980617113156,0.08619510192912848,0.3122142390594383
-2.4338050359755243,0.0863319195512382,0.3122142390594383
-2.41584176284789,0.0863319195512382,0.3125408229915088
-2.4095639832605684,0.08646873717334792,0.3125408229915088
-2.382847730798858,0.08646873717334792,0.31286740692357934
-2.3334453031487783,0.08660555479545766,0.31286740692357934
-2.3299009729830686,0.08660555479545766,0.3131939908556499
-2.2877085775703563,0.08674237241756738,0.3131939908556499
-2.2839286900269826,0.0868791900396771,0.3131939908556499
-2.2756464411237403,0.08701600766178684,0.3131939908556499
-2.275128355667789,0.08715282528389656,0.3131939908556499
-2.255465477633038,0.08715282528389656,0.31352057478772044
-2.2432954410878665,0.0872896429060063,0.31352057478772044
-2.2431908923555284,0.08742646052811602,0.31352057478772044
-2.221604149710629,0.08756327815022574,0.31352057478772044
-2.2149801873383694,0.08756327815022574,0.31384715871979096
-2.2139482219899946,0.08770009577233548,0.31384715871979096
-2.201861566617481,0.08770009577233548,0.31417374265186154
-2.1562629807854137,0.0878369133944452,0.31417374265186154
-2.115595064975878,0.08797373101655494,0.31417374265186154
-2.0736811732766682,0.08797373101655494,0.31450032658393207
-2.0679249463760243,0.08797373101655494,0.3148269105160026
-2.047384739159952,0.08811054863866466,0.3148269105160026
-2.045084103139743,0.08824736626077438,0.3148269105160026
-2.036418873254547,0.08824736626077438,0.31515349444807317
-2.02254531612391,0.08838418388288412,0.31515349444807317
-2.0062022050892665,0.08852100150499384,0.31515349444807317
-1.9981214650269976,0.08865781912710358,0.31515349444807317
-1.9858133848583748,0.0887946367492133,0.31515349444807317
-1.9433639793617203,0.0887946367492133,0.3154800783801437
-1.934192617339022,0.0887946367492133,0.3158066623122142
-1.9176246498681166,0.0887946367492133,0.3161332462442848
-1.9095501372848958,0.08893145437132302,0.3161332462442848
-1.8927326470700336,0.08893145437132302,0.3164598301763553
-1.8743999133434954,0.08906827199343276,0.3164598301763553
-1.8416464869377478,0.08920508961554248,0.3164598301763553
-1.836221450961716,0.08934190723765222,0.3164598301763553
-1.8228187191687084,0.08947872485976194,0.3164598301763553
-1.8214028266025934,0.08961554248187166,0.3164598301763553
-1.81521173034389,0.08961554248187166,0.31678641410842584
-1.8082208806041535,0.08961554248187166,0.3171129980404964
-1.80578939387226,0.0897523601039814,0.3171129980404964
-1.7982248446929816,0.08988917772609112,0.3171129980404964
-1.7920089605275962,0.09002599534820085,0.3171129980404964
-1.789828668003338,0.09016281297031058,0.3171129980404964
-1.7876547129791334,0.0902996305924203,0.3171129980404964
-1.7730441608849787,0.0902996305924203,0.31743958197256694
-1.767876841695852,0.09043644821453004,0.31743958197256694
-1.6892176312423999,0.09057326583663976,0.31743958197256694
-1.6769498890333807,0.09057326583663976,0.31776616590463747
-1.6611513389430002,0.09057326583663976,0.31809274983670804
-1.6289284725548896,0.0907100834587495,0.31809274983670804
-1.6203162602421344,0.0907100834587495,0.31841933376877857
-1.5823403313528388,0.09084690108085922,0.31841933376877857
-1.5179701000452042,0.09098371870296894,0.31841933376877857
-1.4897457239318328,0.09112053632507867,0.31841933376877857
-1.4807204607067206,0.0912573539471884,0.31841933376877857
-1.4804052053834766,0.09139417156929812,0.31841933376877857
-1.4750784636514709,0.09139417156929812,0.3187459177008491
-1.4713837961896843,0.09153098919140785,0.3187459177008491
-1.4624540794656014,0.09153098919140785,0.31907250163291967
-1.4622392604055676,0.09166780681351758,0.31907250163291967
-1.43297547684881,0.09166780681351758,0.3193990855649902
-1.4231554806455051,0.09180462443562731,0.3193990855649902
-1.416325401888912,0.09194144205773704,0.3193990855649902
-1.407218355271425,0.09207825967984676,0.3193990855649902
-1.4029489062609173,0.0922150773019565,0.3193990855649902
-1.365160871751982,0.09235189492406622,0.3193990855649902
-1.3581845305837987,0.09248871254617595,0.3193990855649902
-1.348129357210155,0.09248871254617595,0.31972566949706077
-1.3191476469917234,0.09262553016828567,0.31972566949706077
-1.310953894110412,0.0927623477903954,0.31972566949706077
-1.289451945051951,0.09289916541250513,0.31972566949706077
-1.2879509876779593,0.09303598303461486,0.31972566949706077
-1.2641953656693659,0.09317280065672459,0.31972566949706077
-1.2596649023040527,0.09330961827883431,0.31972566949706077
-1.253482216412067,0.09344643590094404,0.31972566949706077
-1.2429053686710176,0.09358325352305377,0.31972566949706077
-1.2395234674033873,0.0937200711451635,0.31972566949706077
-1.2251358955226124,0.0937200711451635,0.3200522534291313
-1.202074295081843,0.0937200711451635,0.3203788373612018
-1.1919913959354744,0.09385688876727323,0.3203788373612018
-1.1682089038350796,0.09385688876727323,0.3207054212932724
-1.1617281949762628,0.09385688876727323,0.3210320052253429
-1.1566687115094965,0.09399370638938295,0.3210320052253429
-1.1314262999325138,0.09413052401149268,0.3210320052253429
-1.130637882850806,0.09426734163360241,0.3210320052253429
-1.115458126687372,0.09440415925571213,0.3210320052253429
-1.0999753975994508,0.09454097687782187,0.3210320052253429
-1.0705863722040476,0.09467779449993159,0.3210320052253429
-1.0568575454874463,0.09467779449993159,0.32135858915741344
-1.0481783128959705,0.09481461212204131,0.32135858915741344
-1.0402238317050205,0.09495142974415105,0.32135858915741344
-1.0391717199727282,0.09508824736626077,0.32135858915741344
-1.0378427979984508,0.09522506498837051,0.32135858915741344
-1.0043827473565443,0.09522506498837051,0.321685173089484
-1.0003947672156528,0.09536188261048023,0.321685173089484
-0.9945350025082007,0.09549870023258995,0.321685173089484
-0.9814334782269043,0.09563551785469969,0.321685173089484
-0.9731212012299011,0.09577233547680941,0.321685173089484
-0.9481314416758551,0.09577233547680941,0.32201175702155455
-0.9315202766346147,0.09590915309891915,0.32201175702155455
-0.9303180725354423,0.09604597072102887,0.32201175702155455
-0.8624962939005627,0.09618278834313859,0.32201175702155455
-0.8616291488818888,0.09618278834313859,0.32233834095362507
-0.8534187430623206,0.09618278834313859,0.32266492488569565
-0.8498073315378178,0.09618278834313859,0.32299150881776617
-0.8350711470637862,0.09631960596524833,0.32299150881776617
-0.8342554389730594,0.09645642358735805,0.32299150881776617
-0.8245673575083856,0.09659324120946777,0.32299150881776617
-0.81139885236189,0.09673005883157751,0.32299150881776617
-0.8074240652777007,0.09673005883157751,0.3233180927498367
-0.8004657762021452,0.09686687645368723,0.3233180927498367
-0.7976980201727883,0.09700369407579697,0.3233180927498367
-0.7909407920557214,0.09700369407579697,0.3236446766819073
-0.7595209323507106,0.09714051169790669,0.3236446766819073
-0.7546857607650281,0.09727732932001641,0.3236446766819073
-0.697340426884125,0.09741414694212615,0.3236446766819073
-0.6926128184863956,0.09755096456423587,0.3236446766819073
-0.6903282617637387,0.0976877821863456,0.3236446766819073
-0.6871891746224037,0.09782459980845533,0.3236446766819073
-0.6574666884596354,0.09796141743056505,0.3236446766819073
-0.6474618858943586,0.09809823505267479,0.3236446766819073
-0.6352966504070992,0.09823505267478451,0.3236446766819073
-0.612370895119966,0.09837187029689425,0.3236446766819073
-0.6059005898030136,0.09850868791900397,0.3236446766819073
-0.5979207403516966,0.09864550554111369,0.3236446766819073
-0.5944986201222946,0.09864550554111369,0.3239712606139778
-0.5714656650328607,0.09878232316322343,0.3239712606139778
-0.5603005246221073,0.09891914078533315,0.3239712606139778
-0.5559591819130674,0.09905595840744288,0.3239712606139778
-0.5339331867800183,0.0991927760295526,0.3239712606139778
-0.5314197942456076,0.09932959365166233,0.3239712606139778
-0.5290301298342683,0.09946641127377207,0.3239712606139778
-0.5252038381296416,0.09960322889588179,0.3239712606139778
-0.5203445801141697,0.09960322889588179,0.3242978445460483
-0.4983772800717361,0.09974004651799152,0.3242978445460483
-0.49712640788823137,0.09974004651799152,0.3246244284781189
-0.4895710832652185,0.09987686414010125,0.3246244284781189
-0.4625771199406472,0.10001368176221097,0.3246244284781189
-0.443498374866067,0.1001504993843207,0.3246244284781189
-0.44131192853888024,0.10028731700643043,0.3246244284781189
-0.43514331249832594,0.10042413462854016,0.3246244284781189
-0.42418959378380805,0.10056095225064988,0.3246244284781189
-0.3721925483484938,0.10069776987275961,0.3246244284781189
-0.32261117470261524,0.10083458749486934,0.3246244284781189
-0.2655429016602966,0.10083458749486934,0.3249510124101894
-0.24487743626343672,0.10097140511697907,0.3249510124101894
-0.23943969629578987,0.10097140511697907,0.32527759634225994
-0.2344427810317029,0.10097140511697907,0.3256041802743305
-0.2341434761600567,0.10110822273908879,0.3256041802743305
-0.23370634157174663,0.10124504036119852,0.3256041802743305
-0.22153307561075053,0.10124504036119852,0.32593076420640105
-0.21885047242983546,0.10124504036119852,0.32625734813847157
-0.19788413570108787,0.10138185798330825,0.32625734813847157
-0.18707797569231843,0.10151867560541798,0.32625734813847157
-0.17835575002584392,0.10151867560541798,0.32658393207054215
-0.1706844355804833,0.1016554932275277,0.32658393207054215
-0.16966481423548885,0.1016554932275277,0.32691051600261267
-0.16638773615898117,0.10179231084963743,0.32691051600261267
-0.14554689394003617,0.10192912847174716,0.32691051600261267
-0.13966238406203502,0.10206594609385689,0.32691051600261267
-0.12413581782254823,0.10220276371596662,0.32691051600261267
-0.09136030858485356,0.10233958133807634,0.32691051600261267
-0.08775844010847322,0.10233958133807634,0.3272370999346832
-0.06715984980667145,0.10233958133807634,0.3275636838667538
-0.0611136926652307,0.10247639896018607,0.3275636838667538
-0.0407397118812014,0.10247639896018607,0.3278902677988243
-0.02407031544817073,0.1026132165822958,0.3278902677988243
-0.017645208829321746,0.1026132165822958,0.3282168517308948
-0.01229840699545548,0.10275003420440552,0.3282168517308948
-0.00824912056998528,0.10288685182651526,0.3282168517308948
0.013961855048023608,0.10302366944862498,0.3282168517308948
0.03945365411743751,0.1031604870707347,0.3282168517308948
0.04007352223857197,0.1031604870707347,0.3285434356629654
0.06261635790701803,0.10329730469284444,0.3285434356629654
0.06758012285740733,0.10343412231495416,0.3285434356629654
0.0746825244585807,0.1035709399370639,0.3285434356629654
0.08159845354714435,0.10370775755917362,0.3285434356629654
0.1086743227496072,0.10384457518128334,0.3285434356629654
0.1291825264192994,0.10398139280339308,0.3285434356629654
0.13981849945969316,0.1041182104255028,0.3285434356629654
0.14005226702863638,0.1041182104255028,0.3288700195950359
0.144144669704815,0.1041182104255028,0.32919660352710645
0.1450034995449414,0.10425502804761254,0.32919660352710645
0.15257239054642469,0.10439184566972226,0.32919660352710645
0.17272144364790165,0.10452866329183198,0.32919660352710645
0.19184583261369426,0.10452866329183198,0.329523187459177
0.1956521098356916,0.10466548091394172,0.329523187459177
0.24031159807975655,0.10480229853605144,0.329523187459177
0.24599043703392454,0.10493911615816118,0.329523187459177
0.24940493323140345,0.1050759337802709,0.329523187459177
0.27489119206666146,0.10521275140238062,0.329523187459177
0.2824305925170165,0.10534956902449036,0.329523187459177
0.29419942948970856,0.10534956902449036,0.32984977139124755
0.3306479423760038,0.10534956902449036,0.33017635532331807
0.3428015244356857,0.10548638664660008,0.33017635532331807
0.34867895970342033,0.10548638664660008,0.33050293925538865
0.3596655076814841,0.10548638664660008,0.3308295231874592
0.3879441268751407,0.10548638664660008,0.3311561071195297
0.4030594954490425,0.10562320426870982,0.3311561071195297
0.4031099228138828,0.10562320426870982,0.3314826910516003
0.43081836361341175,0.10562320426870982,0.3318092749836708
0.47063934051561773,0.10562320426870982,0.3321358589157413
0.4750390639280795,0.10576002189081954,0.3321358589157413
0.4887173442496078,0.10589683951292926,0.3321358589157413
0.5369881235723142,0.106033657135039,0.3321358589157413
0.545459102919267,0.106033657135039,0.3324624428478119
0.5698234302212768,0.10617047475714872,0.3324624428478119
0.5815791539279189,0.10630729237925844,0.3324624428478119
0.5864816697537663,0.10630729237925844,0.3327890267798824
0.5907141874488389,0.10630729237925844,0.33311561071195295
0.6137509766997482,0.10630729237925844,0.3334421946440235
0.6277674284779096,0.10644411000136818,0.3334421946440235
0.6283585851119824,0.1065809276234779,0.3334421946440235
0.6341507207803261,0.1065809276234779,0.33376877857609405
0.6402284994853744,0.1065809276234779,0.3340953625081646
0.6423090901375872,0.10671774524558764,0.3340953625081646
0.6660272040985546,0.10671774524558764,0.33442194644023515
0.7304254106073813,0.10671774524558764,0.3347485303723057
0.7305790543424564,0.10671774524558764,0.3350751143043762
0.7317547782472502,0.10685456286769736,0.3350751143043762
0.7381330297656632,0.10699138048980708,0.3350751143043762
0.7386021748114899,0.10712819811191682,0.3350751143043762
0.7491605719685595,0.10726501573402654,0.3350751143043762
0.7583717950376467,0.10740183335613628,0.3350751143043762
0.758768282480446,0.10740183335613628,0.3354016982364468
0.8129323964103605,0.107538650978246,0.3354016982364468
0.8184265244326525,0.107538650978246,0.3357282821685173
0.8200880231433985,0.107538650978246,0.3360548661005878
0.8319263481560029,0.10767546860035572,0.3360548661005878
0.8354044064086565,0.10781228622246546,0.3360548661005878
0.8438144356706516,0.10781228622246546,0.3363814500326584
0.8456012810655693,0.10781228622246546,0.3367080339647289
0.8637152121901863,0.10781228622246546,0.3370346178967995
0.8751788311218434,0.10781228622246546,0.33736120182887
0.8861240755979907,0.10781228622246546,0.33768778576094055
0.9242774705423926,0.10781228622246546,0.33801436969301113
0.9469482129576363,0.10794910384457518,0.33801436969301113
0.9932243652619945,0.10794910384457518,0.33834095362508165
1.0031244027869661,0.10808592146668491,0.33834095362508165
1.0064749169919196,0.10822273908879464,0.33834095362508165
1.0135067202044183,0.10835955671090436,0.33834095362508165
1.0137471715162292,0.1084963743330141,0.33834095362508165
1.015507441527916,0.10863319195512382,0.33834095362508165
1.0262547609262356,0.10877000957723355,0.33834095362508165
1.0514958812909754,0.10877000957723355,0.3386675375571522
1.0554980080122505,0.10890682719934328,0.3386675375571522
1.0768309743958753,0.109043644821453,0.3386675375571522
1.0790648918191437,0.10918046244356273,0.3386675375571522
1.1096401008817338,0.10931728006567246,0.3386675375571522
1.1097838142810588,0.10945409768778219,0.3386675375571522
1.1266575981354663,0.10959091530989191,0.3386675375571522
1.1291653062110072,0.10972773293200164,0.3386675375571522
1.1312202983579027,0.10986455055411137,0.3386675375571522
1.1435553979412134,0.1100013681762211,0.3386675375571522
1.151395765526786,0.1100013681762211,0.33899412148922276
1.1692936782020524,0.11013818579833083,0.33899412148922276
1.1694240911511997,0.11027500342044055,0.33899412148922276
1.1759405303884023,0.11027500342044055,0.3393207054212933
1.2113438468306867,0.11027500342044055,0.3396472893533638
1.211912817734742,0.11027500342044055,0.3399738732854344
1.2215204654272611,0.11041182104255028,0.3399738732854344
1.2268596968172005,0.11041182104255028,0.3403004572175049
1.2508061401888426,0.11054863866466001,0.3403004572175049
1.2866764838939844,0.11068545628676973,0.3403004572175049
1.3193337430494694,0.11082227390887947,0.3403004572175049
1.3409733850620569,0.11095909153098919,0.3403004572175049
1.3466033956000274,0.11095909153098919,0.3406270411495754
1.3675485344936078,0.11109590915309892,0.3406270411495754
1.3707760134852833,0.11123272677520865,0.3406270411495754
1.3770658781600105,0.11136954439731837,0.3406270411495754
1.382181376321796,0.1115063620194281,0.3406270411495754
1.384921646448447,0.1115063620194281,0.340953625081646
1.39182873741197,0.11164317964153783,0.340953625081646
1.3999439656844288,0.11177999726364755,0.340953625081646
1.4063847797272047,0.11191681488575729,0.340953625081646
1.407392203147424,0.11205363250786701,0.340953625081646
1.408961614350119,0.11219045012997673,0.340953625081646
1.415103161201614,0.11232726775208647,0.340953625081646
1.433875212523617,0.1124640853741962,0.340953625081646
1.4655082106328337,0.11260090299630593,0.340953625081646
1.4749020420362058,0.11260090299630593,0.34128020901371653
1.4929477327588074,0.11273772061841565,0.34128020901371653
1.4974948523206422,0.11287453824052537,0.34128020901371653
1.4976735458404846,0.11301135586263511,0.34128020901371653
1.5016763098205956,0.11314817348474483,0.34128020901371653
1.5136354884833736,0.11314817348474483,0.34160679294578705
1.5185385014058284,0.11328499110685457,0.34160679294578705
1.5218393647047606,0.11342180872896429,0.34160679294578705
1.5364239130014994,0.11355862635107401,0.34160679294578705
1.5483973029829485,0.11355862635107401,0.34193337687785763
1.5588127283741642,0.11355862635107401,0.34225996080992815
1.5856621058235305,0.11369544397318375,0.34225996080992815
1.595277753765913,0.11369544397318375,0.3425865447419987
1.6022356073273158,0.11383226159529347,0.3425865447419987
1.6033477254753734,0.11383226159529347,0.34291312867406926
1.6036031765390817,0.11396907921740321,0.34291312867406926
1.6067846854228947,0.11396907921740321,0.3432397126061398
1.6585386243116318,0.11410589683951293,0.3432397126061398
1.704444861504271,0.11424271446162265,0.3432397126061398
1.7459976277330043,0.11437953208373239,0.3432397126061398
1.7777654492667807,0.11451634970584211,0.3432397126061398
1.781348449037182,0.11465316732795185,0.3432397126061398
1.7824338760799492,0.11478998495006157,0.3432397126061398
1.8012394251616115,0.11492680257217129,0.3432397126061398
1.8028527423565492,0.11506362019428103,0.3432397126061398
1.8049953690407392,0.11506362019428103,0.3435662965382103
1.807846120859267,0.11520043781639075,0.3435662965382103
1.8099209048021976,0.11520043781639075,0.3438928804702809
1.8541424464802958,0.11533725543850049,0.3438928804702809
1.8680397213273636,0.11533725543850049,0.3442194644023514
1.8936330622925652,0.11533725543850049,0.34454604833442193
1.9132102816730594,0.11547407306061021,0.34454604833442193
1.923415301222235,0.11561089068271993,0.34454604833442193
1.9288588503371784,0.11561089068271993,0.3448726322664925
1.9375621568407269,0.11561089068271993,0.34519921619856303
1.939659340416597,0.11574770830482967,0.34519921619856303
1.9425178867703607,0.11588452592693939,0.34519921619856303
1.943918159786449,0.11588452592693939,0.34552580013063355
1.9482162741931006,0.11588452592693939,0.34585238406270413
1.9629291208093491,0.11588452592693939,0.34617896799477466
1.9670195253040674,0.11588452592693939,0.3465055519268452
1.9803515410959562,0.11588452592693939,0.34683213585891576
1.9961670142471348,0.11602134354904911,0.34683213585891576
2.0305879813799947,0.11615816117115885,0.34683213585891576
2.0320758946253363,0.11629497879326857,0.34683213585891576
2.0335216577830124,0.1164317964153783,0.34683213585891576
2.0439069413899915,0.11656861403748803,0.34683213585891576
2.0547017897933983,0.11670543165959775,0.34683213585891576
2.0573075734084796,0.11684224928170749,0.34683213585891576
2.066721403681072,0.11697906690381721,0.34683213585891576
2.0707000914645732,0.11697906690381721,0.3471587197909863
2.0783314786203846,0.11711588452592694,0.3471587197909863
2.0915574673216497,0.11725270214803667,0.3471587197909863
2.0931246350752417,0.11738951977014639,0.3471587197909863
2.1324122628249143,0.11752633739225612,0.3471587197909863
2.143664566827738,0.11766315501436585,0.3471587197909863
2.1643500483560274,0.11779997263647558,0.3471587197909863
2.1648321623276843,0.11779997263647558,0.3474853037230568
2.173988218931413,0.11779997263647558,0.3478118876551274
2.191773173136312,0.11779997263647558,0.3481384715871979
2.239203927071003,0.1179367902585853,0.3481384715871979
2.2436386549488816,0.1179367902585853,0.34846505551926843
2.302617621582044,0.1179367902585853,0.348791639451339
2.3047536010411704,0.1179367902585853,0.34911822338340953
2.344242692677767,0.1179367902585853,0.34944480731548005
2.3577603419416846,0.11807360788069503,0.34944480731548005
2.376349968958948,0.11821042550280476,0.34944480731548005
2.376819189217258,0.11834724312491449,0.34944480731548005
2.378397366056788,0.11848406074702422,0.34944480731548005
2.379676927083324,0.11848406074702422,0.34977139124755063
2.403347534657314,0.11848406074702422,0.35009797517962116
2.4119529887501585,0.11862087836913394,0.35009797517962116
2.4344083867439394,0.11862087836913394,0.3504245591116917
2.4373869928014074,0.11875769599124367,0.3504245591116917
2.480198446636109,0.11875769599124367,0.35075114304376226
2.5642051246979918,0.1188945136133534,0.35075114304376226
2.572845757541586,0.1188945136133534,0.3510777269758328
2.6056636366243993,0.11903133123546313,0.3510777269758328
2.6456838068711477,0.11916814885757286,0.3510777269758328
2.663287239582928,0.11916814885757286,0.3514043109079033
2.6639382373066383,0.11916814885757286,0.3517308948399739
2.695780379760322,0.11916814885757286,0.3520574787720444
2.6980956080633405,0.11930496647968258,0.3520574787720444
2.7103491165402147,0.1194417841017923,0.3520574787720444
2.7275193297138003,0.11957860172390204,0.3520574787720444
2.773398446826036,0.11957860172390204,0.35238406270411493
2.7757308140977557,0.11971541934601176,0.35238406270411493
2.7964896816265536,0.11971541934601176,0.3527106466361855
2.856228332165756,0.1198522369681215,0.3527106466361855
2.8998773915172933,0.11998905459023122,0.3527106466361855
2.912888987911515,0.12012587221234095,0.3527106466361855
2.9340106462916538,0.12012587221234095,0.35303723056825603
2.994002197251916,0.12026268983445068,0.35303723056825603
3.0103105820139717,0.1203995074565604,0.35303723056825603
3.024568429087253,0.12053632507867014,0.35303723056825603
3.030630429785788,0.12067314270077986,0.35303723056825603
3.0472533475833643,0.12080996032288958,0.35303723056825603
3.0540062952894687,0.12094677794499932,0.35303723056825603
3.060920084916802,0.12094677794499932,0.35336381450032656
3.0684062076545615,0.12108359556710904,0.35336381450032656
3.082878402764095,0.12122041318921876,0.35336381450032656
3.089000004747163,0.1213572308113285,0.35336381450032656
3.146802656422551,0.12149404843343822,0.35336381450032656
3.16178767429642,0.12163086605554796,0.35336381450032656
3.169665544904774,0.12176768367765768,0.35336381450032656
3.171181480681412,0.12176768367765768,0.35369039843239714
3.173143515138804,0.1219045012997674,0.35369039843239714
3.173863661424889,0.12204131892187714,0.35369039843239714
3.182920253630755,0.12217813654398686,0.35369039843239714
3.2034786503376154,0.1223149541660966,0.35369039843239714
3.207144014896244,0.12245177178820632,0.35369039843239714
3.225136978835394,0.12258858941031604,0.35369039843239714
3.2401069203199313,0.12272540703242578,0.35369039843239714
3.2453486953419315,0.1228622246545355,0.35369039843239714
3.266103955105791,0.1228622246545355,0.35401698236446766
3.274667436653658,0.12299904227664524,0.35401698236446766
3.2951661380794803,0.12313585989875496,0.35401698236446766
3.3103112978755007,0.12313585989875496,0.35434356629653824
3.3105112770126652,0.12313585989875496,0.35467015022860876
3.3165720678407524,0.12327267752086468,0.35467015022860876
3.324755165487204,0.12340949514297442,0.35467015022860876
3.3377685397181267,0.12354631276508414,0.35467015022860876
3.339823462745585,0.12354631276508414,0.3549967341606793
3.348551309887739,0.12368313038719388,0.3549967341606793
3.3561242059283813,0.1238199480093036,0.3549967341606793
3.361203294695315,0.12395676563141332,0.3549967341606793
3.3631372359606075,0.12409358325352306,0.3549967341606793
3.3790014271687596,0.12409358325352306,0.35532331809274986
3.3793014767677505,0.12423040087563278,0.35532331809274986
3.3795952658476835,0.12436721849774252,0.35532331809274986
3.409882809640635,0.12450403611985224,0.35532331809274986
3.412645849393698,0.12464085374196196,0.35532331809274986
3.426413508331734,0.1247776713640717,0.35532331809274986
3.4265483109813886,0.12491448898618142,0.35532331809274986
3.429259013130036,0.12491448898618142,0.3556499020248204
3.4358130732608743,0.12505130660829114,0.3556499020248204
3.4388720347312756,0.12518812423040088,0.3556499020248204
3.4557358264364666,0.1253249418525106,0.3556499020248204
3.4566303904862252,0.12546175947462032,0.3556499020248204
3.4589359696578867,0.12559857709673006,0.3556499020248204
3.4872572738756844,0.1257353947188398,0.3556499020248204
3.489085014796615,0.1257353947188398,0.3559764859568909
3.5216041128685447,0.1258722123409495,0.3559764859568909
3.5308638919683517,0.12600902996305924,0.3559764859568909
3.5659655578427873,0.12614584758516897,0.3559764859568909
3.5871609861127354,0.1262826652072787,0.3559764859568909
3.5883851839753333,0.12641948282938842,0.3559764859568909
3.5950785657514643,0.12641948282938842,0.3563030698889615
3.6314420263323655,0.12641948282938842,0.356629653821032
3.63602164303245,0.12655630045149815,0.356629653821032
3.6497180135244207,0.12655630045149815,0.35695623775310253
3.7010464719846823,0.12655630045149815,0.3572828216851731
3.7015730463252794,0.1266931180736079,0.3572828216851731
3.7069093500649615,0.1268299356957176,0.3572828216851731
3.7225545099813644,0.12696675331782734,0.3572828216851731
3.741637252107239,0.12696675331782734,0.35760940561724364
3.7428259834437085,0.12710357093993707,0.35760940561724364
3.7485717913010603,0.12724038856204678,0.35760940561724364
3.7689961933442646,0.12737720618415652,0.35760940561724364
3.7755160896932694,0.12751402380626625,0.35760940561724364
3.799118324388928,0.127650841428376,0.35760940561724364
3.800028756906727,0.1277876590504857,0.35760940561724364
3.8213071496387556,0.12792447667259543,0.35760940561724364
3.8267969921380427,0.12806129429470517,0.35760940561724364
3.838053461619438,0.12819811191681488,0.35760940561724364
3.8388085307118445,0.1283349295389246,0.35760940561724364
3.8841815809805667,0.12847174716103435,0.35760940561724364
3.8871645939372,0.12860856478314406,0.35760940561724364
3.894515308692803,0.1287453824052538,0.35760940561724364
3.908777561493139,0.1287453824052538,0.35793598954931416
3.9191672622719125,0.12888220002736353,0.35793598954931416
3.944254151792393,0.12901901764947324,0.35793598954931416
3.950980454060982,0.12901901764947324,0.35826257348138474
3.973595770119232,0.12915583527158297,0.35826257348138474
4.008607437134856,0.1292926528936927,0.35826257348138474
4.016456326000025,0.12942947051580245,0.35826257348138474
4.030577184185631,0.12942947051580245,0.35858915741345526
4.032768802291912,0.12942947051580245,0.3589157413455258
4.044779061203144,0.12956628813791216,0.3589157413455258
4.045162636632767,0.1297031057600219,0.3589157413455258
4.090282316812477,0.12983992338213163,0.3589157413455258
4.104414572056385,0.12997674100424134,0.3589157413455258
4.113508609163773,0.13011355862635107,0.3589157413455258
4.121039121993135,0.1302503762484608,0.3589157413455258
4.12327400682409,0.13038719387057052,0.3589157413455258
4.151763078206159,0.13038719387057052,0.35924232527759636
4.154728393314372,0.13052401149268025,0.35924232527759636
4.167626226737411,0.13066082911479,0.35924232527759636
4.209071872757022,0.13066082911479,0.3595689092096669
4.212195327652125,0.13079764673689973,0.3595689092096669
4.212940913762736,0.13079764673689973,0.3598954931417374
4.228296409084919,0.13079764673689973,0.360222077073808
4.234042369004214,0.13093446435900943,0.360222077073808
4.23534753983256,0.13107128198111917,0.360222077073808
4.237627236809999,0.1312080996032289,0.360222077073808
4.263550662559169,0.13134491722533861,0.360222077073808
4.281431718548788,0.13148173484744835,0.360222077073808
4.290771557699031,0.1316185524695581,0.360222077073808
4.3126135226599445,0.1317553700916678,0.360222077073808
4.330881437403491,0.1317553700916678,0.3605486610058785
4.34231269148097,0.1317553700916678,0.36087524493794904
4.3586935684152195,0.13189218771377753,0.36087524493794904
4.401400295031863,0.13202900533588727,0.36087524493794904
4.4147172049551955,0.132165822957997,0.36087524493794904
4.418222859297316,0.1323026405801067,0.36087524493794904
4.455405625185335,0.13243945820221645,0.36087524493794904
4.459818173364397,0.13257627582432618,0.36087524493794904
4.463701392547023,0.13257627582432618,0.3612018288700196
4.510715345572635,0.1327130934464359,0.3612018288700196
4.529646666815893,0.13284991106854563,0.3612018288700196
4.53888697337959,0.13298672869065536,0.3612018288700196
4.539683419434709,0.13312354631276507,0.3612018288700196
4.588880087242842,0.1332603639348748,0.3612018288700196
4.590278825456835,0.13339718155698455,0.3612018288700196
4.618195317326922,0.13353399917909425,0.3612018288700196
4.618502838262316,0.133670816801204,0.3612018288700196
4.622053064472311,0.13380763442331373,0.3612018288700196
4.638762903199449,0.13380763442331373,0.36152841280209014
4.643448408599966,0.13394445204542346,0.36152841280209014
4.645441922156692,0.13408126966753317,0.36152841280209014
4.663296138467672,0.1342180872896429,0.36152841280209014
4.663884825351943,0.13435490491175264,0.36152841280209014
4.6836644511236045,0.13449172253386235,0.36152841280209014
4.689748468110338,0.13449172253386235,0.36185499673416066
4.701295479337659,0.13449172253386235,0.36218158066623124
4.702474239022536,0.1346285401559721,0.36218158066623124
4.754470674232607,0.13476535777808182,0.36218158066623124
4.777715666783251,0.13476535777808182,0.36250816459830176
4.790513538701248,0.13490217540019153,0.36250816459830176
4.801210870949376,0.13503899302230127,0.36250816459830176
4.824593695311933,0.13503899302230127,0.3628347485303723
4.838700512330433,0.135175810644411,0.3628347485303723
4.853070388309561,0.13531262826652074,0.3628347485303723
4.854695626798502,0.13544944588863045,0.3628347485303723
4.867463829501958,0.13558626351074018,0.3628347485303723
4.891086297602328,0.13572308113284992,0.3628347485303723
4.894195068943304,0.13585989875495963,0.3628347485303723
4.896297560032053,0.13585989875495963,0.36316133246244287
4.907135289863959,0.13585989875495963,0.3634879163945134
4.9155020484356555,0.13599671637706937,0.3634879163945134
4.931956682577606,0.1361335339991791,0.3634879163945134
4.949063438972644,0.1362703516212888,0.3634879163945134
4.966002166245062,0.13640716924339855,0.3634879163945134
4.974431858371986,0.13654398686550828,0.3634879163945134
4.98044070462322,0.13668080448761802,0.3634879163945134
4.992495196743562,0.13681762210972773,0.3634879163945134
5.0068920791242135,0.13695443973183746,0.3634879163945134
5.02347757919722,0.1370912573539472,0.3634879163945134
5.030843069744947,0.1372280749760569,0.3634879163945134
5.031303532482184,0.1372280749760569,0.3638145003265839
5.034131584386159,0.13736489259816664,0.3638145003265839
5.052693772893804,0.13750171022027638,0.3638145003265839
5.061392411768793,0.1376385278423861,0.3638145003265839
5.0728743929270195,0.1376385278423861,0.3641410842586545
5.076893928782056,0.13777534546449582,0.3641410842586545
5.077322258052959,0.13777534546449582,0.364467668190725
5.079242451541745,0.13791216308660556,0.364467668190725
5.082020293495475,0.13804898070871527,0.364467668190725
5.0822071909854,0.138185798330825,0.364467668190725
5.089248784271263,0.13832261595293474,0.364467668190725
5.100268594971453,0.13845943357504448,0.364467668190725
5.116151534106507,0.13859625119715419,0.364467668190725
5.116225503435658,0.13873306881926392,0.364467668190725
5.116508265519769,0.13886988644137366,0.364467668190725
5.160721888029798,0.13900670406348337,0.364467668190725
5.164033350351019,0.1391435216855931,0.364467668190725
5.201969288950636,0.13928033930770284,0.364467668190725
5.212460933089687,0.13941715692981255,0.364467668190725
5.246760481738988,0.13941715692981255,0.36479425212279554
5.258856112989292,0.13941715692981255,0.3651208360548661
5.263401081869006,0.13955397455192228,0.3651208360548661
5.270244885629609,0.13955397455192228,0.36544741998693664
5.281795541344081,0.13955397455192228,0.36577400391900716
5.282912357693249,0.13969079217403202,0.36577400391900716
5.293872976752141,0.13982760979614176,0.36577400391900716
5.34235481351584,0.13996442741825146,0.36577400391900716
5.343521163669493,0.1401012450403612,0.36577400391900716
5.348353242004237,0.14023806266247094,0.36577400391900716
5.354622543634946,0.14037488028458064,0.36577400391900716
5.364449548453194,0.14037488028458064,0.36610058785107774
5.3679856460747715,0.14037488028458064,0.36642717178314826
5.371191434415437,0.14037488028458064,0.3667537557152188
5.38119614174434,0.14051169790669038,0.3667537557152188
5.382467665402942,0.14051169790669038,0.36708033964728937
5.401648443775116,0.14051169790669038,0.3674069235793599
5.423107356487776,0.14064851552880012,0.3674069235793599
5.432718573024431,0.14078533315090982,0.3674069235793599
5.435132152357369,0.14092215077301956,0.3674069235793599
5.437818369982551,0.1410589683951293,0.3674069235793599
5.446493507597552,0.14119578601723903,0.3674069235793599
5.463902437624597,0.14133260363934874,0.3674069235793599
5.480230181759566,0.14146942126145848,0.3674069235793599
5.482836846772557,0.14146942126145848,0.3677335075114304
5.484348356863848,0.14160623888356821,0.3677335075114304
5.492550385931395,0.14174305650567792,0.3677335075114304
5.526624963595168,0.14187987412778766,0.3677335075114304
5.526681248892487,0.1420166917498974,0.3677335075114304
5.541513807304,0.1420166917498974,0.368060091443501
5.548582829086172,0.1421535093720071,0.368060091443501
5.570279449627037,0.14229032699411684,0.368060091443501
5.582706124681067,0.14242714461622658,0.368060091443501
5.588137512013418,0.1425639622383363,0.368060091443501
5.5922730659378885,0.14270077986044602,0.368060091443501
5.602852188409088,0.14270077986044602,0.3683866753755715
5.6179176851915145,0.14283759748255576,0.3683866753755715
5.649574647566624,0.1429744151046655,0.3683866753755715
5.654420420880001,0.1429744151046655,0.36871325930764204
5.659807986329042,0.1429744151046655,0.3690398432397126
5.671419397722957,0.1431112327267752,0.3690398432397126
5.675361126392886,0.14324805034888494,0.3690398432397126
5.676522783206565,0.14324805034888494,0.36936642717178314
5.687262601121006,0.14338486797099467,0.36936642717178314
5.696655688561577,0.14352168559310438,0.36936642717178314
5.7022050241751,0.14365850321521412,0.36936642717178314
5.733076013493701,0.14365850321521412,0.36969301110385366
5.738910015755323,0.14379532083732385,0.36969301110385366
5.748217908494553,0.14393213845943356,0.36969301110385366
5.75865799765927,0.1440689560815433,0.36969301110385366
5.768998629154453,0.14420577370365303,0.36969301110385366
5.77770046171031,0.14434259132576277,0.36969301110385366
5.803373098839188,0.14447940894787248,0.36969301110385366
5.803596569109345,0.14447940894787248,0.37001959503592424
5.821981667543696,0.14461622656998221,0.37001959503592424
5.8241400976827435,0.14475304419209195,0.37001959503592424
5.830698005882596,0.14488986181420166,0.37001959503592424
5.846210775791292,0.1450266794363114,0.37001959503592424
5.8467193336529135,0.14516349705842113,0.37001959503592424
5.854446037822527,0.14530031468053084,0.37001959503592424
5.856564123150292,0.14543713230264058,0.37001959503592424
5.8757460501142305,0.1455739499247503,0.37001959503592424
5.8788187472969184,0.14571076754686005,0.37001959503592424
5.8811889948924545,0.14584758516896976,0.37001959503592424
5.8831532187342646,0.1459844027910795,0.37001959503592424
5.885726038899293,0.14612122041318923,0.37001959503592424
5.891716679012916,0.14625803803529894,0.37001959503592424
5.913966328923038,0.14639485565740867,0.37001959503592424
5.920914860397261,0.1465316732795184,0.37001959503592424
5.9493004995142655,0.14666849090162812,0.37001959503592424
5.97293497580722,0.14666849090162812,0.37034617896799477
5.984654740094925,0.14680530852373785,0.37034617896799477
5.989476419193693,0.1469421261458476,0.37034617896799477
5.991265158773217,0.14707894376795733,0.37034617896799477
5.993979387360582,0.14721576139006703,0.37034617896799477
5.9944796664563,0.14735257901217677,0.37034617896799477
5.995786589268732,0.1474893966342865,0.37034617896799477
5.9970118369868715,0.14762621425639622,0.37034617896799477
6.013025999728939,0.14762621425639622,0.3706727629000653
6.023379554692951,0.14776303187850595,0.3706727629000653
6.024576473407706,0.1478998495006157,0.3706727629000653
6.0381273456953295,0.1480366671227254,0.3706727629000653
6.039574871573905,0.14817348474483513,0.3706727629000653
6.078016439206976,0.14817348474483513,0.37099934683213587
6.084470669290113,0.14831030236694487,0.37099934683213587
6.087803551085585,0.14844711998905458,0.37099934683213587
6.09398656168139,0.1485839376111643,0.37099934683213587
6.0943171241176515,0.1485839376111643,0.3713259307642064
6.10044829224114,0.1485839376111643,0.37165251469627697
6.125762850066394,0.14872075523327405,0.37165251469627697
6.128070204631854,0.14885757285538379,0.37165251469627697
6.140126084359849,0.1489943904774935,0.37165251469627697
6.147614476361127,0.1489943904774935,0.3719790986283475
6.148460468027679,0.1489943904774935,0.372305682560418
6.153517365223138,0.14913120809960323,0.372305682560418
6.155142819902835,0.14926802572171297,0.372305682560418
6.17247342592691,0.14926802572171297,0.3726322664924886
6.184678100584961,0.14940484334382267,0.3726322664924886
6.1881828340245875,0.1495416609659324,0.3726322664924886
6.205913125363395,0.14967847858804215,0.3726322664924886
6.228182533591848,0.14981529621015185,0.3726322664924886
6.231084979416551,0.14981529621015185,0.3729588504245591
6.233016313551957,0.14981529621015185,0.37328543435662964
6.245080146814416,0.1499521138322616,0.37328543435662964
6.245665111694507,0.15008893145437133,0.37328543435662964
6.251869569400924,0.15008893145437133,0.3736120182887002
6.268900953058278,0.15022574907648106,0.3736120182887002
6.276714103378936,0.15036256669859077,0.3736120182887002
6.297125326935202,0.15036256669859077,0.37393860222077074
6.297125751147405,0.1504993843207005,0.37393860222077074
6.300904339176327,0.15063620194281024,0.37393860222077074
6.3186065271301,0.15077301956491995,0.37393860222077074
6.320706614454707,0.1509098371870297,0.37393860222077074
6.329546148433337,0.15104665480913942,0.37393860222077074
6.329693400714746,0.15118347243124913,0.37393860222077074
6.344382752248293,0.15118347243124913,0.37426518615284127
6.355596642816067,0.15132029005335887,0.37426518615284127
6.368520946491458,0.1514571076754686,0.37426518615284127
6.370408641982294,0.15159392529757834,0.37426518615284127
6.373690770299163,0.15173074291968805,0.37426518615284127
6.375986179993333,0.15186756054179779,0.37426518615284127
6.384411078733933,0.15200437816390752,0.37426518615284127
6.392385454109785,0.15214119578601723,0.37426518615284127
6.395651433283774,0.15214119578601723,0.37459177008491185
6.427770797845255,0.15227801340812697,0.37459177008491185
6.430081284652033,0.15227801340812697,0.37491835401698237
6.430382652268918,0.15227801340812697,0.3752449379490529
6.433790188346279,0.1524148310302367,0.3752449379490529
6.446808829613701,0.1524148310302367,0.37557152188112347
6.455442281809837,0.1524148310302367,0.375898105813194
6.455443258103287,0.1524148310302367,0.3762246897452645
6.46893207550886,0.1525516486523464,0.3762246897452645
6.4806555266710575,0.1525516486523464,0.3765512736773351
6.541687484066642,0.15268846627445615,0.3765512736773351
6.55419384490483,0.15282528389656588,0.3765512736773351
6.565567009769438,0.15282528389656588,0.3768778576094056
6.586786373926202,0.1529621015186756,0.3768778576094056
6.641517221878871,0.1529621015186756,0.37720444154147614
6.658861260321487,0.15309891914078533,0.37720444154147614
6.674082748162505,0.15309891914078533,0.3775310254735467
6.675747337185385,0.15323573676289506,0.3775310254735467
6.704084234262382,0.1533725543850048,0.3775310254735467
6.70714888344844,0.1533725543850048,0.37785760940561725
6.7098002617266275,0.1535093720071145,0.37785760940561725
6.71027132889742,0.15364618962922424,0.37785760940561725
6.723012779250666,0.15378300725133398,0.37785760940561725
6.725249692791635,0.1539198248734437,0.37785760940561725
6.739743412852249,0.15405664249555343,0.37785760940561725
6.745536557933974,0.15419346011766316,0.37785760940561725
6.7672374733232346,0.15433027773977287,0.37785760940561725
6.779905498512562,0.15433027773977287,0.37818419333768777
6.789737440683666,0.1544670953618826,0.37818419333768777
6.793778479944876,0.15460391298399234,0.37818419333768777
6.796803051984284,0.15474073060610208,0.37818419333768777
6.800489116616859,0.1548775482282118,0.37818419333768777
6.813166954602593,0.15501436585032152,0.37818419333768777
6.816639153171991,0.15515118347243126,0.37818419333768777
6.828839950969268,0.15528800109454097,0.37818419333768777
6.833003866833678,0.1554248187166507,0.37818419333768777
6.837052353066156,0.15556163633876044,0.37818419333768777
6.839990342317833,0.15569845396087015,0.37818419333768777
6.84864987634171,0.15583527158297988,0.37818419333768777
6.892208074169503,0.15583527158297988,0.37851077726975835
6.9074875161106775,0.15597208920508962,0.37851077726975835
6.920657935757845,0.15597208920508962,0.37883736120182887
6.934999707391285,0.15597208920508962,0.3791639451338994
6.943131637024976,0.15610890682719936,0.3791639451338994
6.94703384629031,0.15624572444930906,0.3791639451338994
6.969428014080677,0.1563825420714188,0.3791639451338994
6.984882715679419,0.15651935969352854,0.3791639451338994
6.996111090016598,0.15651935969352854,0.37949052906597
6.999827535662575,0.15665617731563825,0.37949052906597
7.001598523455527,0.15679299493774798,0.37949052906597
7.00812115866961,0.15679299493774798,0.3798171129980405
7.020645692311405,0.15679299493774798,0.380143696930111
7.022893302506759,0.15692981255985772,0.380143696930111
7.025028565175035,0.15692981255985772,0.3804702808621816
7.0337933727146265,0.15706663018196743,0.3804702808621816
7.042921996890868,0.15720344780407716,0.3804702808621816
7.059717862578054,0.15720344780407716,0.3807968647942521
7.0671986779185545,0.15720344780407716,0.38112344872632264
7.068930672591478,0.1573402654261869,0.38112344872632264
7.073032368531926,0.1573402654261869,0.3814500326583932
7.0782912529717805,0.15747708304829663,0.3814500326583932
7.08245816920487,0.15761390067040634,0.3814500326583932
7.0835501362453215,0.15775071829251608,0.3814500326583932
7.090310345702619,0.15788753591462582,0.3814500326583932
7.119944741063819,0.15788753591462582,0.38177661659046375
7.1456918063692,0.15802435353673552,0.38177661659046375
7.15356544081169,0.15816117115884526,0.38177661659046375
7.155467518968521,0.158297988780955,0.38177661659046375
7.160819442568368,0.1584348064030647,0.38177661659046375
7.171303794634582,0.15857162402517444,0.38177661659046375
7.191257192600915,0.15870844164728418,0.38177661659046375
7.191461035399129,0.15884525926939388,0.38177661659046375
7.221430954765765,0.15884525926939388,0.38210320052253427
7.238499520588903,0.15898207689150362,0.38210320052253427
7.260244556547605,0.15911889451361336,0.38210320052253427
7.283928146930293,0.1592557121357231,0.38210320052253427
7.287519455596225,0.1593925297578328,0.38210320052253427
7.290625962060062,0.1593925297578328,0.38242978445460485
7.300605875656061,0.1593925297578328,0.38275636838667537
7.301305949400785,0.1593925297578328,0.3830829523187459
7.307569281229121,0.15952934737994254,0.3830829523187459
7.31058499661674,0.15952934737994254,0.3834095362508165
7.321272710038329,0.15966616500205227,0.3834095362508165
7.344398384340025,0.15980298262416198,0.3834095362508165
7.348030115645884,0.15980298262416198,0.383736120182887
7.361821351860499,0.15980298262416198,0.3840627041149575
7.397961903500459,0.15993980024627172,0.3840627041149575
7.399785628226937,0.16007661786838145,0.3840627041149575
7.410945579772601,0.16021343549049116,0.3840627041149575
7.423845886405388,0.1603502531126009,0.3840627041149575
7.4449225627022315,0.1603502531126009,0.3843892880470281
7.453732476001392,0.16048707073471064,0.3843892880470281
7.460661607045722,0.16062388835682037,0.3843892880470281
7.470515734511764,0.16076070597893008,0.3843892880470281
7.476574060393091,0.16076070597893008,0.3847158719790986
7.4937598396301155,0.16089752360103982,0.3847158719790986
7.49710316604444,0.16089752360103982,0.38504245591116915
7.523106462695182,0.16089752360103982,0.3853690398432397
7.5269911253581085,0.16103434122314955,0.3853690398432397
7.547600806480091,0.16103434122314955,0.38569562377531025
7.549510119331558,0.16117115884525926,0.38569562377531025
7.566399996884343,0.161307976467369,0.38569562377531025
7.569133627215251,0.16144479408947873,0.38569562377531025
7.569802448113364,0.16158161171158844,0.38569562377531025
7.569966800264297,0.16171842933369818,0.38569562377531025
7.572427390672374,0.16171842933369818,0.38602220770738077
7.598330614953625,0.1618552469558079,0.38602220770738077
7.601346277933885,0.1618552469558079,0.38634879163945135
7.62314571748766,0.16199206457791765,0.38634879163945135
7.638164721402632,0.16199206457791765,0.3866753755715219
7.65824760701264,0.16212888220002736,0.3866753755715219
7.682210441001075,0.1622656998221371,0.3866753755715219
7.7005337180427205,0.16240251744424683,0.3866753755715219
7.714645071300765,0.16253933506635654,0.3866753755715219
7.738151608791782,0.16267615268846627,0.3866753755715219
7.752695698345633,0.162812970310576,0.3866753755715219
7.753648820991771,0.16294978793268572,0.3866753755715219
7.7796159511858605,0.16308660555479546,0.3866753755715219
7.7875376723225145,0.1632234231769052,0.3866753755715219
7.792053493339495,0.1633602407990149,0.3866753755715219
7.801900548441495,0.16349705842112464,0.3866753755715219
7.8082811086655965,0.16363387604323437,0.3866753755715219
7.824239032966375,0.1637706936653441,0.3866753755715219
7.829082708989972,0.16390751128745382,0.3866753755715219
7.85468203708308,0.16404432890956355,0.3866753755715219
7.85555111070812,0.16404432890956355,0.3870019595035924
7.857982359078051,0.16404432890956355,0.387328543435663
7.874022713309728,0.1641811465316733,0.387328543435663
7.879522842874962,0.164317964153783,0.387328543435663
7.880530684430596,0.16445478177589273,0.387328543435663
7.904885020150573,0.16459159939800247,0.387328543435663
7.906203225314016,0.16459159939800247,0.3876551273677335
7.909017408847717,0.16472841702011218,0.3876551273677335
7.931592759703108,0.16472841702011218,0.3879817112998041
7.931798522932354,0.16486523464222191,0.3879817112998041
7.9361826880756325,0.16500205226433165,0.3879817112998041
7.95409730851361,0.16500205226433165,0.3883082952318746
7.976198393235336,0.1651388698864414,0.3883082952318746
8.031407670493081,0.1652756875085511,0.3883082952318746
8.043175339828053,0.16541250513066083,0.3883082952318746
8.050184559180252,0.16554932275277057,0.3883082952318746
8.055725288438111,0.16568614037488028,0.3883082952318746
8.063474655646132,0.16582295799699,0.3883082952318746
8.064946077126251,0.16582295799699,0.3886348791639451
8.066937096006427,0.16595977561909975,0.3886348791639451
8.073772650429419,0.16609659324120946,0.3886348791639451
8.079682349102882,0.1662334108633192,0.3886348791639451
8.08029667620906,0.16637022848542893,0.3886348791639451
8.08251944079359,0.16650704610753866,0.3886348791639451
8.084029657603082,0.16650704610753866,0.3889614630960157
8.084546122625284,0.16650704610753866,0.3892880470280862
8.088922509403119,0.16664386372964837,0.3892880470280862
8.096478266363079,0.16664386372964837,0.38961463096015675
8.132456684172439,0.16664386372964837,0.38994121489222733
8.139672318088287,0.16664386372964837,0.39026779882429785
8.145277887656107,0.16664386372964837,0.3905943827563684
8.162506228141297,0.1667806813517581,0.3905943827563684
8.165628851697988,0.16691749897386784,0.3905943827563684
8.165682696277713,0.16705431659597755,0.3905943827563684
8.192613490406757,0.1671911342180873,0.3905943827563684
8.199146994501575,0.16732795184019703,0.3905943827563684
8.242933688406197,0.16732795184019703,0.39092096668843895
8.244292975654048,0.16746476946230673,0.39092096668843895
8.262377214370872,0.16746476946230673,0.3912475506205095
8.26919090527781,0.16746476946230673,0.39157413455258
8.272022565076213,0.16760158708441647,0.39157413455258
8.275788827330985,0.1677384047065262,0.39157413455258
8.283325647139463,0.16787522232863591,0.39157413455258
8.284580658140158,0.16801203995074565,0.39157413455258
8.293013709653906,0.1681488575728554,0.39157413455258
8.30200897524037,0.16828567519496512,0.39157413455258
8.308304577297008,0.16842249281707483,0.39157413455258
8.310497599571022,0.16855931043918457,0.39157413455258
8.321015198608166,0.1686961280612943,0.39157413455258
8.322269655486707,0.1686961280612943,0.3919007184846506
8.34230066962391,0.1686961280612943,0.3922273024167211
8.350226005603758,0.168832945683404,0.3922273024167211
8.350552714447986,0.16896976330551375,0.3922273024167211
8.363609044686882,0.16910658092762348,0.3922273024167211
8.372196974605913,0.1692433985497332,0.3922273024167211
8.39005285356427,0.16938021617184293,0.3922273024167211
8.391874418743328,0.16951703379395267,0.3922273024167211
8.403017606149888,0.1696538514160624,0.3922273024167211
8.405438841069667,0.1696538514160624,0.3925538863487916
8.432555452408224,0.1697906690381721,0.3925538863487916
8.438442841295455,0.1697906690381721,0.3928804702808622
8.445167294963312,0.16992748666028185,0.3928804702808622
8.453968336100957,0.16992748666028185,0.3932070542129327
8.457393117683523,0.17006430428239158,0.3932070542129327
8.477834860518556,0.1702011219045013,0.3932070542129327
8.487243181144777,0.17033793952661103,0.3932070542129327
8.502226960335634,0.17047475714872076,0.3932070542129327
8.537979624379545,0.17061157477083047,0.3932070542129327
8.55758360734194,0.17061157477083047,0.39353363814500325
8.561550194842994,0.17061157477083047,0.39386022207707383
8.562039400523076,0.17061157477083047,0.39418680600914435
8.575870179988101,0.1707483923929402,0.39418680600914435
8.622224745682729,0.1707483923929402,0.3945133899412149
8.623138521635155,0.17088521001504994,0.3945133899412149
8.623639881919416,0.17102202763715968,0.3945133899412149
8.623979011529514,0.1711588452592694,0.3945133899412149
8.633601485880831,0.17129566288137912,0.3945133899412149
8.640752730967733,0.17129566288137912,0.39483997387328545
8.655083777324535,0.17143248050348886,0.39483997387328545
8.67466700388161,0.17156929812559857,0.39483997387328545
8.677669993686436,0.1717061157477083,0.39483997387328545
8.683092609069263,0.17184293336981804,0.39483997387328545
8.693976210613982,0.17197975099192775,0.39483997387328545
8.697882419972416,0.17211656861403749,0.39483997387328545
8.706184140518303,0.17225338623614722,0.39483997387328545
8.707337428415826,0.17225338623614722,0.395166557805356
8.726722987931225,0.17239020385825696,0.395166557805356
8.743391335915362,0.17252702148036667,0.395166557805356
8.7513737959207,0.17252702148036667,0.3954931417374265
8.754700234918687,0.17252702148036667,0.3958197256694971
8.755322386921307,0.17252702148036667,0.3961463096015676
8.771530422360911,0.1726638391024764,0.3961463096015676
8.772336137004913,0.17280065672458614,0.3961463096015676
8.773188924983174,0.17293747434669585,0.3961463096015676
8.774263138249012,0.17307429196880558,0.3961463096015676
8.774363576786413,0.17307429196880558,0.3964728935336381
8.789320465759033,0.17321110959091532,0.3964728935336381
8.804921384324189,0.17334792721302503,0.3964728935336381
8.821429773820796,0.17348474483513476,0.3964728935336381
8.822993409555124,0.1736215624572445,0.3964728935336381
8.826817572465075,0.1736215624572445,0.3967994774657087
8.831820692246538,0.1736215624572445,0.39712606139777923
8.857058121976706,0.1736215624572445,0.39745264532984975
8.871187678557249,0.1736215624572445,0.39777922926192033
8.87589889504045,0.1737583800793542,0.39777922926192033
8.876232481197121,0.17389519770146394,0.39777922926192033
8.87850344755691,0.17403201532357368,0.39777922926192033
8.883194733525215,0.17403201532357368,0.39810581319399085
8.885809174749511,0.17403201532357368,0.3984323971260614
8.902853185482286,0.17403201532357368,0.39875898105813196
8.909650416564318,0.17416883294568342,0.39875898105813196
8.915153297394113,0.17430565056779312,0.39875898105813196
8.916284760658414,0.17444246818990286,0.39875898105813196
8.919629026336793,0.17444246818990286,0.3990855649902025
8.921522631726589,0.1745792858120126,0.3990855649902025
8.924834422718959,0.1747161034341223,0.3990855649902025
8.930246516436,0.17485292105623204,0.3990855649902025
8.935249029241504,0.17485292105623204,0.399412148922273
8.965287563358288,0.17498973867834178,0.399412148922273
8.96720515780487,0.17512655630045149,0.399412148922273
8.972128976880185,0.17526337392256122,0.399412148922273
8.99949646757841,0.17526337392256122,0.3997387328543436
9.011553693916994,0.17540019154467096,0.3997387328543436
9.016905032924456,0.1755370091667807,0.3997387328543436
9.023524992470016,0.1756738267888904,0.3997387328543436
9.024633796737703,0.17581064441100014,0.3997387328543436
9.025341380431314,0.17581064441100014,0.4000653167864141
9.037139541034435,0.17594746203310987,0.4000653167864141
9.058895459048244,0.17608427965521958,0.4000653167864141
9.060430910757987,0.17622109727732932,0.4000653167864141
9.066728771760381,0.17635791489943906,0.4000653167864141
9.07127485472904,0.17635791489943906,0.40039190071848463
9.076025921463952,0.17649473252154876,0.40039190071848463
9.080574892024856,0.1766315501436585,0.40039190071848463
9.08597062173817,0.17676836776576824,0.40039190071848463
9.095780033200981,0.17690518538787797,0.40039190071848463
9.119248666655949,0.17690518538787797,0.4007184846505552
9.126915811341746,0.17704200300998768,0.4007184846505552
9.133167260054165,0.17717882063209742,0.4007184846505552
9.162991202479589,0.17731563825420715,0.4007184846505552
9.17364367861353,0.17745245587631686,0.4007184846505552
9.179833379459183,0.1775892734984266,0.4007184846505552
9.181549390815121,0.17772609112053633,0.4007184846505552
9.183248274379821,0.17786290874264604,0.4007184846505552
9.20150391398306,0.17799972636475578,0.4007184846505552
9.214912807117685,0.17813654398686551,0.4007184846505552
9.220666804488246,0.17827336160897522,0.4007184846505552
9.22069824283517,0.17841017923108496,0.4007184846505552
9.232003533491024,0.1785469968531947,0.4007184846505552
9.235549313496222,0.1785469968531947,0.40104506858262573
9.252051353956972,0.1785469968531947,0.40137165251469625
9.253503851936443,0.17868381447530443,0.40137165251469625
9.275425045059933,0.17882063209741414,0.40137165251469625
9.281458131041518,0.17895744971952388,0.40137165251469625
9.28741157531158,0.1790942673416336,0.40137165251469625
9.294496582983584,0.17923108496374332,0.40137165251469625
9.30764197724693,0.17936790258585306,0.40137165251469625
9.32208172673461,0.1795047202079628,0.40137165251469625
9.331935902439682,0.1795047202079628,0.40169823644676683
9.34858852043385,0.1796415378300725,0.40169823644676683
9.371190256235877,0.1796415378300725,0.40202482037883736
9.371630955451792,0.17977835545218224,0.40202482037883736
9.378099075094951,0.17991517307429197,0.40202482037883736
9.382574486475164,0.17991517307429197,0.4023514043109079
9.39324305725495,0.1800519906964017,0.4023514043109079
9.401219120204473,0.18018880831851142,0.4023514043109079
9.408698792319228,0.18032562594062115,0.4023514043109079
9.412314549642815,0.1804624435627309,0.4023514043109079
9.416584171047248,0.1804624435627309,0.40267798824297846
9.421494271709662,0.1805992611848406,0.40267798824297846
9.438270279027506,0.1805992611848406,0.403004572175049
9.454883820170949,0.18073607880695033,0.403004572175049
9.471669636021943,0.18087289642906007,0.403004572175049
9.476141815297183,0.18100971405116978,0.403004572175049
9.482779036203851,0.18100971405116978,0.4033311561071195
9.502070238903798,0.18100971405116978,0.4036577400391901
9.507130729859227,0.18114653167327951,0.4036577400391901
9.514903566200019,0.18128334929538925,0.4036577400391901
9.547565225104222,0.181420166917499,0.4036577400391901
9.54812544252627,0.1815569845396087,0.4036577400391901
9.566299827797138,0.18169380216171843,0.4036577400391901
9.568433580471151,0.18183061978382817,0.4036577400391901
9.582109611194483,0.18196743740593788,0.4036577400391901
9.590600127042308,0.1821042550280476,0.4036577400391901
9.598826062957869,0.1821042550280476,0.4039843239712606
9.601687507543488,0.1821042550280476,0.40431090790333113
9.606429548048823,0.18224107265015735,0.40431090790333113
9.619300531453973,0.18237789027226706,0.40431090790333113
9.63763972602203,0.1825147078943768,0.40431090790333113
9.646775216370315,0.18265152551648653,0.40431090790333113
9.66841794651691,0.18278834313859624,0.40431090790333113
9.679677968580108,0.18292516076070597,0.40431090790333113
9.680635674799987,0.18292516076070597,0.4046374918354017
9.684956208425888,0.1830619783828157,0.4046374918354017
9.69744012946262,0.18319879600492545,0.4046374918354017
9.717287223121275,0.18333561362703515,0.4046374918354017
9.721373229377264,0.1834724312491449,0.4046374918354017
9.732610696677853,0.18360924887125463,0.4046374918354017
9.745403184983388,0.18374606649336434,0.4046374918354017
9.757491128782817,0.18388288411547407,0.4046374918354017
9.760428489645165,0.1840197017375838,0.4046374918354017
9.76617301491899,0.1840197017375838,0.40496407576747223
9.769160479198604,0.1840197017375838,0.4052906596995428
9.781503854594916,0.1840197017375838,0.40561724363161333
9.79466349137192,0.18415651935969352,0.40561724363161333
9.798372578809335,0.18429333698180325,0.40561724363161333
9.81102417511454,0.184430154603913,0.40561724363161333
9.82849737608251,0.18456697222602272,0.40561724363161333
9.83380685848249,0.18470378984813243,0.40561724363161333
9.83799628786744,0.18484060747024217,0.40561724363161333
9.841084491891138,0.18484060747024217,0.40594382756368386
9.846998343175073,0.18484060747024217,0.40627041149575444
9.860730637929237,0.18484060747024217,0.40659699542782496
9.866144283125891,0.1849774250923519,0.40659699542782496
9.867391927004746,0.1851142427144616,0.40659699542782496
9.88044268832914,0.1851142427144616,0.4069235793598955
9.891862862662492,0.18525106033657135,0.4069235793598955
9.894079576707782,0.18538787795868109,0.4069235793598955
9.895214167650693,0.18538787795868109,0.40725016329196606
9.89887860596275,0.18538787795868109,0.4075767472240366
9.907664616187844,0.18538787795868109,0.4079033311561071
9.93611680395793,0.18538787795868109,0.4082299150881777
9.936724574122763,0.1855246955807908,0.4082299150881777
9.939045883406948,0.1855246955807908,0.4085564990202482
9.946814537498085,0.1855246955807908,0.40888308295231873
9.989682749326676,0.18566151320290053,0.40888308295231873
9.995083503503338,0.18579833082501027,0.40888308295231873
9.99674781537692,0.18593514844712,0.40888308295231873
9.999991659460761,0.1860719660692297,0.40888308295231873
10.006802701546121,0.1860719660692297,0.4092096668843893
10.014438154900404,0.18620878369133945,0.4092096668843893
10.015664424497231,0.18634560131344918,0.4092096668843893
10.016355906780632,0.1864824189355589,0.4092096668843893
10.018698882381045,0.1864824189355589,0.40953625081645983
10.020253009794374,0.18661923655766863,0.40953625081645983
10.03582460747134,0.18675605417977836,0.40953625081645983
10.043369595312583,0.18675605417977836,0.40986283474853036
10.050889911716467,0.18675605417977836,0.41018941868060094
10.05276092042709,0.18675605417977836,0.41051600261267146
10.057731817659032,0.18675605417977836,0.410842586544742
10.076757402454518,0.18675605417977836,0.41116917047681256
10.078744595747821,0.18689287180188807,0.41116917047681256
10.090761084778933,0.1870296894239978,0.41116917047681256
10.114289550250191,0.1870296894239978,0.4114957544088831
10.125767450787066,0.18716650704610754,0.4114957544088831
10.131852746931372,0.18730332466821725,0.4114957544088831
10.146043885170343,0.187440142290327,0.4114957544088831
10.155097880884114,0.18757695991243672,0.4114957544088831
10.155355520328271,0.18757695991243672,0.4118223383409536
10.157584873286623,0.18771377753454646,0.4118223383409536
10.164229217898765,0.18785059515665617,0.4118223383409536
10.180064718926815,0.18785059515665617,0.4121489222730242
10.212298290603712,0.1879874127787659,0.4121489222730242
10.215859797231474,0.18812423040087564,0.4121489222730242
10.218531457026188,0.18812423040087564,0.4124755062050947
10.23240517777242,0.18812423040087564,0.41280209013716523
10.237725699821794,0.18826104802298535,0.41280209013716523
10.26535488971274,0.1883978656450951,0.41280209013716523
10.281445919346993,0.1883978656450951,0.4131286740692358
10.28203791856049,0.18853468326720482,0.4131286740692358
10.282820596025772,0.18853468326720482,0.41345525800130634
10.285978499328394,0.18867150088931453,0.41345525800130634
10.298465237905361,0.18880831851142427,0.41345525800130634
10.30001849080395,0.188945136133534,0.41345525800130634
10.31579641304836,0.18908195375564374,0.41345525800130634
10.32752305048814,0.18921877137775345,0.41345525800130634
10.327709144775326,0.18935558899986318,0.41345525800130634
10.332874406966084,0.18935558899986318,0.41378184193337686
10.352987855254469,0.18949240662197292,0.41378184193337686
10.354442002842916,0.18962922424408263,0.41378184193337686
10.357583016324156,0.18962922424408263,0.41410842586544744
10.361110648701924,0.18962922424408263,0.41443500979751796
10.38695750127124,0.18976604186619236,0.41443500979751796
10.391879130997381,0.1899028594883021,0.41443500979751796
10.393842186310053,0.1900396771104118,0.41443500979751796
10.394515144310844,0.1900396771104118,0.4147615937295885
10.406683561782074,0.19017649473252154,0.4147615937295885
10.414473394692322,0.19031331235463128,0.4147615937295885
10.435152765866064,0.19045012997674102,0.4147615937295885
10.45470525027065,0.19058694759885073,0.4147615937295885
10.466461972282332,0.19072376522096046,0.4147615937295885
10.474756851113966,0.1908605828430702,0.4147615937295885
10.478164574978678,0.1909974004651799,0.4147615937295885
10.482302437911471,0.1909974004651799,0.41508817766165906
10.511249316781687,0.1909974004651799,0.4154147615937296
10.526033058415237,0.19113421808728964,0.4154147615937296
10.527208001915824,0.19127103570939938,0.4154147615937296
10.52776946908375,0.19127103570939938,0.4157413455258001
10.528776033129702,0.1914078533315091,0.4157413455258001
10.534204841503993,0.19154467095361882,0.4157413455258001
10.544582065881627,0.19168148857572856,0.4157413455258001
10.549975028891822,0.19168148857572856,0.4160679294578707
10.550718459008635,0.19168148857572856,0.4163945133899412
10.552841398505393,0.1918183061978383,0.4163945133899412
10.554665023219854,0.191955123819948,0.4163945133899412
10.561439834223279,0.191955123819948,0.41672109732201174
10.572321652300616,0.19209194144205774,0.41672109732201174
10.608759723579169,0.19222875906416748,0.41672109732201174
10.61283375999426,0.19236557668627718,0.41672109732201174
10.616335388649077,0.19250239430838692,0.41672109732201174
10.616831410433406,0.19263921193049666,0.41672109732201174
10.617257888659196,0.19277602955260636,0.41672109732201174
10.618649329852587,0.1929128471747161,0.41672109732201174
10.623137391923251,0.19304966479682584,0.41672109732201174
10.626634811847794,0.19304966479682584,0.4170476812540823
10.62713908852163,0.19304966479682584,0.41737426518615284
10.632194337803526,0.19318648241893555,0.41737426518615284
10.642316139278819,0.19318648241893555,0.41770084911822336
10.642575721563162,0.19332330004104528,0.41770084911822336
10.644660159003138,0.19346011766315502,0.41770084911822336
10.662569469652567,0.19359693528526475,0.41770084911822336
10.662728217400058,0.19373375290737446,0.41770084911822336
10.673288815579667,0.1938705705294842,0.41770084911822336
10.6771685400779,0.19400738815159393,0.41770084911822336
10.696943619412536,0.19414420577370364,0.41770084911822336
10.69811020520649,0.19428102339581338,0.41770084911822336
10.702026708959693,0.19441784101792312,0.41770084911822336
10.71752134653832,0.19455465864003282,0.41770084911822336
10.730136650733584,0.19469147626214256,0.41770084911822336
10.74116873069147,0.1948282938842523,0.41770084911822336
10.741361784709511,0.19496511150636203,0.41770084911822336
10.75064265049491,0.19496511150636203,0.41802743305029394
10.753324682816015,0.19510192912847174,0.41802743305029394
10.758583285189502,0.19523874675058148,0.41802743305029394
10.766496289849101,0.1953755643726912,0.41802743305029394
10.775124261305677,0.1953755643726912,0.41835401698236446
10.791132366449574,0.1953755643726912,0.418680600914435
10.791162760152929,0.1953755643726912,0.41900718484650556
10.792122738000785,0.19551238199480092,0.41900718484650556
10.793672478384224,0.19564919961691066,0.41900718484650556
10.79496507513818,0.1957860172390204,0.41900718484650556
10.799083273264728,0.1957860172390204,0.4193337687785761
10.800726663962791,0.1959228348611301,0.4193337687785761
10.804723792499885,0.19605965248323984,0.4193337687785761
10.81540396760488,0.19605965248323984,0.4196603527106466
10.819945971653624,0.19619647010534957,0.4196603527106466
10.84365050506608,0.1963332877274593,0.4196603527106466
10.852391801389672,0.19647010534956902,0.4196603527106466
10.854095401812287,0.19660692297167875,0.4196603527106466
10.857113322413397,0.1967437405937885,0.4196603527106466
10.865627779919123,0.1968805582158982,0.4196603527106466
10.872999633951054,0.19701737583800794,0.4196603527106466
10.882038842665338,0.19715419346011767,0.4196603527106466
10.88790306287649,0.19729101108222738,0.4196603527106466
10.890800658749981,0.19742782870433712,0.4196603527106466
10.914893547267866,0.19756464632644685,0.4196603527106466
10.918437069409265,0.19770146394855656,0.4196603527106466
10.93217929688069,0.1978382815706663,0.4196603527106466
10.93492140301953,0.19797509919277603,0.4196603527106466
10.94487178547945,0.19811191681488577,0.4196603527106466
10.957174875888427,0.19824873443699548,0.4196603527106466
10.959449790325493,0.1983855520591052,0.4196603527106466
10.981180596417403,0.19852236968121495,0.4196603527106466
10.982601407096126,0.19865918730332466,0.4196603527106466
10.996450602389928,0.1987960049254344,0.4196603527106466
11.006368027085387,0.1987960049254344,0.4199869366427172
11.026544792197228,0.19893282254754413,0.4199869366427172
11.034164537231959,0.19906964016965384,0.4199869366427172
11.038794643380129,0.19920645779176357,0.4199869366427172
11.042044813802704,0.19920645779176357,0.4203135205747877
11.043322677491574,0.19920645779176357,0.42064010450685824
11.072485989672828,0.1993432754138733,0.42064010450685824
11.076130855673455,0.19948009303598305,0.42064010450685824
11.083591800171462,0.19961691065809276,0.42064010450685824
11.093899938957293,0.1997537282802025,0.42064010450685824
11.099077374141302,0.19989054590231223,0.42064010450685824
11.11060435285924,0.20002736352442194,0.42064010450685824
11.121404816042627,0.20016418114653167,0.42064010450685824
11.126435745344452,0.20016418114653167,0.4209666884389288
11.133683022353807,0.20016418114653167,0.42129327237099934
11.154247871621237,0.20016418114653167,0.42161985630306986
11.15448240157491,0.20016418114653167,0.42194644023514044
11.16670958013674,0.20016418114653167,0.42227302416721096
11.172983863500576,0.2003009987686414,0.42227302416721096
11.173467130089193,0.20043781639075112,0.42227302416721096
11.176853902025186,0.20057463401286085,0.42227302416721096
11.185616568669502,0.2007114516349706,0.42227302416721096
11.189969388376426,0.2007114516349706,0.42259960809928154
11.192661192837932,0.20084826925708033,0.42259960809928154
11.197611600235064,0.20084826925708033,0.42292619203135207
11.202169198336946,0.20098508687919003,0.42292619203135207
11.212815726210351,0.20112190450129977,0.42292619203135207
11.228268745615424,0.2012587221234095,0.42292619203135207
11.23293212844544,0.20139553974551921,0.42292619203135207
11.234060078797597,0.20139553974551921,0.4232527759634226
11.23446450550739,0.20153235736762895,0.4232527759634226
11.248851600891385,0.20153235736762895,0.42357935989549317
11.26289255241636,0.2016691749897387,0.42357935989549317
11.266428478505304,0.2018059926118484,0.42357935989549317
11.270809531143527,0.20194281023395813,0.42357935989549317
11.274508029082654,0.20194281023395813,0.4239059438275637
11.27612630969827,0.20207962785606787,0.4239059438275637
11.277039143569482,0.20221644547817758,0.4239059438275637
11.285538878356874,0.20221644547817758,0.4242325277596342
11.290432901635768,0.2023532631002873,0.4242325277596342
11.290566300120759,0.20249008072239705,0.4242325277596342
11.303757779792136,0.20249008072239705,0.4245591116917048
11.303805936192248,0.20249008072239705,0.4248856956237753
11.309260427534468,0.20249008072239705,0.42521227955584584
11.315166285929195,0.20249008072239705,0.4255388634879164
11.323017643172307,0.20262689834450678,0.4255388634879164
11.325442379050628,0.2027637159666165,0.4255388634879164
11.327626576292118,0.2027637159666165,0.42586544741998694
11.346125707462193,0.20290053358872623,0.42586544741998694
11.36256746949607,0.20303735121083596,0.42586544741998694
11.370548081325069,0.20317416883294567,0.42586544741998694
11.372653157505965,0.20317416883294567,0.42619203135205747
11.378817386725132,0.20317416883294567,0.42651861528412804
11.38847768370033,0.2033109864550554,0.42651861528412804
11.406326312151919,0.20344780407716515,0.42651861528412804
11.414090173925729,0.20358462169927485,0.42651861528412804
11.422104506283858,0.2037214393213846,0.42651861528412804
11.423388188055924,0.2037214393213846,0.42684519921619857
11.42596247901929,0.2037214393213846,0.4271717831482691
11.450895768476585,0.2037214393213846,0.42749836708033967
11.474295771295488,0.20385825694349433,0.42749836708033967
11.47434540140489,0.20399507456560406,0.42749836708033967
11.487433332897808,0.20413189218771377,0.42749836708033967
11.49304165701301,0.20413189218771377,0.4278249510124102
11.5019237691738,0.2042687098098235,0.4278249510124102
11.506313795823985,0.2042687098098235,0.4281515349444807
11.50652833071183,0.20440552743193324,0.4281515349444807
11.521645338184044,0.20440552743193324,0.4284781188765513
11.552508804232616,0.20454234505404295,0.4284781188765513
11.553785790187021,0.2046791626761527,0.4284781188765513
11.558302815168304,0.20481598029826242,0.4284781188765513
11.569670953939294,0.20481598029826242,0.4288047028086218
11.576146564409441,0.20495279792037213,0.4288047028086218
11.581954233715123,0.20508961554248187,0.4288047028086218
11.584488435170442,0.2052264331645916,0.4288047028086218
11.612424760020872,0.20536325078670134,0.4288047028086218
11.629651145797993,0.20550006840881105,0.4288047028086218
11.63162185269914,0.20563688603092078,0.4288047028086218
11.635606535900138,0.20577370365303052,0.4288047028086218
11.639048894805114,0.20591052127514023,0.4288047028086218
11.641288102044427,0.20604733889724997,0.4288047028086218
11.653166620972456,0.2061841565193597,0.4288047028086218
11.65818336018333,0.2063209741414694,0.4288047028086218
11.663058514227032,0.20645779176357915,0.4288047028086218
11.678840960713956,0.20659460938568888,0.4288047028086218
11.68032334199711,0.20673142700779862,0.4288047028086218
11.684375232361731,0.20686824462990833,0.4288047028086218
11.702822599586398,0.20700506225201806,0.4288047028086218
11.706873432963448,0.20700506225201806,0.42913128674069234
11.708684218177837,0.2071418798741278,0.42913128674069234
11.709599455423358,0.2072786974962375,0.42913128674069234
11.744062745829297,0.2072786974962375,0.4294578706727629
11.74422504028746,0.20741551511834724,0.4294578706727629
11.748886379757437,0.20741551511834724,0.42978445460483344
11.753192822878418,0.20755233274045698,0.42978445460483344
11.753993216306185,0.2076891503625667,0.42978445460483344
11.762199291149273,0.20782596798467642,0.42978445460483344
11.763577116563056,0.20796278560678616,0.42978445460483344
11.783923626785736,0.20809960322889587,0.42978445460483344
11.785316323478014,0.2082364208510056,0.42978445460483344
11.802351537693426,0.2082364208510056,0.43011103853690397
11.803130935622676,0.20837323847311534,0.43011103853690397
11.803700693536825,0.20851005609522508,0.43011103853690397
11.823451955031487,0.20851005609522508,0.43043762246897455
11.825823888618174,0.20851005609522508,0.43076420640104507
11.8284977705448,0.20851005609522508,0.4310907903331156
11.832709447474144,0.20864687371733479,0.4310907903331156
11.848637333125794,0.20878369133944452,0.4310907903331156
11.849215655195621,0.20878369133944452,0.43141737426518617
11.859991585957005,0.20878369133944452,0.4317439581972567
11.860850296350122,0.20892050896155426,0.4317439581972567
11.863976231362471,0.20892050896155426,0.4320705421293272
11.86772925471439,0.20905732658366397,0.4320705421293272
11.877532417948146,0.2091941442057737,0.4320705421293272
11.887916169514142,0.20933096182788344,0.4320705421293272
11.893404520145737,0.20946777944999315,0.4320705421293272
11.904247916768213,0.20960459707210288,0.4320705421293272
11.911041836127083,0.20974141469421262,0.4320705421293272
11.921064051756957,0.20987823231632236,0.4320705421293272
11.928882790300463,0.21001504993843206,0.4320705421293272
11.938227126222046,0.2101518675605418,0.4320705421293272
11.943677431868423,0.21028868518265154,0.4320705421293272
11.96182952851916,0.21042550280476124,0.4320705421293272
11.973752399566706,0.21056232042687098,0.4320705421293272
11.990135465608887,0.21056232042687098,0.4323971260613978
11.99127182945881,0.21069913804898072,0.4323971260613978
12.004030401299133,0.21083595567109042,0.4323971260613978
12.009179993468933,0.21097277329320016,0.4323971260613978
12.012375186561485,0.21097277329320016,0.4327237099934683
12.013512972994022,0.2111095909153099,0.4327237099934683
12.015076362522336,0.21124640853741963,0.4327237099934683
12.017911584936314,0.21138322615952934,0.4327237099934683
12.018479327020941,0.21152004378163908,0.4327237099934683
12.019379027113473,0.2116568614037488,0.4327237099934683
12.032235609401823,0.21179367902585852,0.4327237099934683
12.063451906707087,0.21193049664796826,0.4327237099934683
12.070056017397405,0.212067314270078,0.4327237099934683
12.074430471982282,0.212067314270078,0.43305029392553884
12.07658028735375,0.2122041318921877,0.43305029392553884
12.077602841048474,0.21234094951429744,0.43305029392553884
12.086485711329601,0.21247776713640718,0.43305029392553884
12.093006443492527,0.21261458475851688,0.43305029392553884
12.097933228123225,0.21261458475851688,0.4333768778576094
12.099091160097032,0.21275140238062662,0.4333768778576094
12.109803782239396,0.21288822000273636,0.4333768778576094
12.14331557164951,0.2130250376248461,0.4333768778576094
12.147460476224978,0.2130250376248461,0.43370346178967994
12.161527256995328,0.2131618552469558,0.43370346178967994
12.168594994512091,0.2131618552469558,0.43403004572175047
12.169062890648888,0.21329867286906554,0.43403004572175047
12.170775163960343,0.21329867286906554,0.43435662965382105
12.189881431485219,0.21343549049117527,0.43435662965382105
12.19744183970704,0.21357230811328498,0.43435662965382105
12.21797082094804,0.21357230811328498,0.43468321358589157
12.22380952126332,0.21357230811328498,0.4350097975179621
12.227419633425257,0.21370912573539472,0.4350097975179621
12.231811992339999,0.21370912573539472,0.4353363814500327
12.236465977300213,0.21384594335750445,0.4353363814500327
12.261698247347795,0.21398276097961416,0.4353363814500327
12.267401107461069,0.21398276097961416,0.4356629653821032
12.272316881395682,0.2141195786017239,0.4356629653821032
12.284255088452483,0.21425639622383363,0.4356629653821032
12.292373278411787,0.21439321384594337,0.4356629653821032
12.301550929716086,0.21453003146805308,0.4356629653821032
12.30408371235626,0.21466684909016281,0.4356629653821032
12.306374946193273,0.21480366671227255,0.4356629653821032
12.3099195888459,0.21494048433438226,0.4356629653821032
12.314023792046441,0.21494048433438226,0.4359895493141737
12.321420688615945,0.215077301956492,0.4359895493141737
12.325556108433489,0.215077301956492,0.4363161332462443
12.335392482964721,0.21521411957860173,0.4363161332462443
12.33663783902989,0.21535093720071144,0.4363161332462443
12.336661216261973,0.21548775482282118,0.4363161332462443
12.34981050939507,0.2156245724449309,0.4363161332462443
12.371554750786231,0.21576139006704065,0.4363161332462443
12.413038336582758,0.21589820768915036,0.4363161332462443
12.428709596029421,0.2160350253112601,0.4363161332462443
12.445300438109712,0.21617184293336983,0.4363161332462443
12.451706786570867,0.21617184293336983,0.4366427171783148
12.455430157017986,0.21630866055547954,0.4366427171783148
12.475631108351081,0.21644547817758927,0.4366427171783148
12.478127872682649,0.216582295799699,0.4366427171783148
12.482488147811637,0.21671911342180872,0.4366427171783148
12.490537700235564,0.21671911342180872,0.43696930111038534
12.493778712096969,0.21685593104391845,0.43696930111038534
12.512297260496211,0.2169927486660282,0.43696930111038534
12.516492394484885,0.2171295662881379,0.43696930111038534
12.523823018611779,0.21726638391024763,0.43696930111038534
12.529136731767494,0.21740320153235737,0.43696930111038534
12.531868788146312,0.2175400191544671,0.43696930111038534
12.541913404758134,0.21767683677657682,0.43696930111038534
12.550106225595528,0.21781365439868655,0.43696930111038534
12.559263837030585,0.2179504720207963,0.43696930111038534
12.560504289243795,0.218087289642906,0.43696930111038534
12.563428897421545,0.21822410726501573,0.43696930111038534
12.564602912692749,0.21836092488712547,0.43696930111038534
12.615120343775402,0.21849774250923518,0.43696930111038534
12.619126771846823,0.21849774250923518,0.4372958850424559
12.620850681077059,0.21849774250923518,0.43762246897452645
12.622635004361427,0.2186345601313449,0.43762246897452645
12.633692391415252,0.2186345601313449,0.43794905290659697
12.63480943814568,0.21877137775345465,0.43794905290659697
12.639724741045939,0.21890819537556439,0.43794905290659697
12.664288656130111,0.2190450129976741,0.43794905290659697
12.665616212855412,0.21918183061978383,0.43794905290659697
12.673462056934113,0.21918183061978383,0.43827563683866755
12.677591127151004,0.21931864824189357,0.43827563683866755
12.680073409912438,0.21945546586400327,0.43827563683866755
12.682159174831781,0.219592283486113,0.43827563683866755
12.684125863186182,0.21972910110822275,0.43827563683866755
12.688370770906204,0.21972910110822275,0.43860222077073807
12.701359217510685,0.21972910110822275,0.4389288047028086
12.702002340262084,0.21986591873033245,0.4389288047028086
12.705064031090615,0.2200027363524422,0.4389288047028086
12.726121096064844,0.22013955397455193,0.4389288047028086
12.72753252610346,0.22013955397455193,0.4392553886348792
12.735512282168088,0.22027637159666166,0.4392553886348792
12.737109432340276,0.22041318921877137,0.4392553886348792
12.73762521321521,0.22041318921877137,0.4395819725669497
12.763212618425769,0.2205500068408811,0.4395819725669497
12.764319953962513,0.22068682446299084,0.4395819725669497
12.76445797456347,0.22068682446299084,0.4399085564990203
12.77357177347244,0.22082364208510055,0.4399085564990203
12.775187587820824,0.2209604597072103,0.4399085564990203
12.781057444817293,0.2209604597072103,0.4402351404310908
12.800976561240077,0.22109727732932002,0.4402351404310908
12.815827629335672,0.22123409495142973,0.4402351404310908
12.832924960487162,0.22137091257353947,0.4402351404310908
12.854875236542966,0.2215077301956492,0.4402351404310908
12.859906449243681,0.22164454781775894,0.4402351404310908
12.872287028087953,0.22178136543986865,0.4402351404310908
12.878862125582941,0.22191818306197839,0.4402351404310908
12.881355834656574,0.22205500068408812,0.4402351404310908
12.88251774979176,0.22219181830619783,0.4402351404310908
12.892086602768359,0.22232863592830757,0.4402351404310908
12.914288264748507,0.2224654535504173,0.4402351404310908
12.923483230226793,0.222602271172527,0.4402351404310908
12.92814994370326,0.22273908879463675,0.4402351404310908
12.92907087751314,0.22287590641674648,0.4402351404310908
12.932328269532263,0.2230127240388562,0.4402351404310908
12.937674230707103,0.2230127240388562,0.4405617243631613
12.942070932027946,0.22314954166096593,0.4405617243631613
12.950157644457704,0.22314954166096593,0.4408883082952319
12.951570322043494,0.22328635928307566,0.4408883082952319
12.953921262576046,0.2234231769051854,0.4408883082952319
12.963391699818203,0.2234231769051854,0.4412148922273024
12.966670119003993,0.2234231769051854,0.44154147615937295
12.968038480058112,0.2235599945272951,0.44154147615937295
12.97220356268997,0.22369681214940484,0.44154147615937295
12.97763323513243,0.22383362977151458,0.44154147615937295
12.98384869014535,0.2239704473936243,0.44154147615937295
12.987950027362785,0.2239704473936243,0.4418680600914435
12.991341479772245,0.2239704473936243,0.44219464402351405
12.993949748641171,0.22410726501573403,0.44219464402351405
12.998241674956944,0.22424408263784376,0.44219464402351405
13.003567613941868,0.22438090025995347,0.44219464402351405
13.010155718797137,0.2245177178820632,0.44219464402351405
13.02870769349363,0.22465453550417294,0.44219464402351405
13.032088270925101,0.22465453550417294,0.4425212279555846
13.034651523041134,0.22479135312628268,0.4425212279555846
13.035318440377523,0.2249281707483924,0.4425212279555846
13.043076591511749,0.22506498837050212,0.4425212279555846
13.045773274374824,0.22520180599261186,0.4425212279555846
13.054276614060427,0.22533862361472157,0.4425212279555846
13.05500730771621,0.22533862361472157,0.44284781188765515
13.074511500867288,0.2254754412368313,0.44284781188765515
13.077058623159019,0.22561225885894104,0.44284781188765515
13.087046313104565,0.22561225885894104,0.4431743958197257
13.089162290975878,0.22561225885894104,0.4435009797517962
13.09635105120617,0.22574907648105075,0.4435009797517962
13.106504240293589,0.22588589410316048,0.4435009797517962
13.121939531410021,0.22602271172527022,0.4435009797517962
13.122866249126673,0.22615952934737996,0.4435009797517962
13.146289625134045,0.22629634696948966,0.4435009797517962
13.150949366183909,0.2264331645915994,0.4435009797517962
13.169869893801092,0.22656998221370914,0.4435009797517962
13.173654331827947,0.22670679983581885,0.4435009797517962
13.173974948448972,0.22684361745792858,0.4435009797517962
13.181866051029033,0.22698043508003832,0.4435009797517962
13.18273305851551,0.22711725270214803,0.4435009797517962
13.185562360425251,0.22725407032425776,0.4435009797517962
13.1888832888867,0.2273908879463675,0.4435009797517962
13.190793562781664,0.2275277055684772,0.4435009797517962
13.194524419731579,0.2275277055684772,0.4438275636838668
13.201163935316458,0.22766452319058694,0.4438275636838668
13.220889480061032,0.22780134081269668,0.4438275636838668
13.224247437173403,0.22780134081269668,0.4441541476159373
13.263813645980349,0.22793815843480641,0.4441541476159373
13.295754393906691,0.22807497605691612,0.4441541476159373
13.336216375633512,0.22821179367902586,0.4441541476159373
13.343058483705704,0.2283486113011356,0.4441541476159373
13.346872164250385,0.2284854289232453,0.4441541476159373
13.351850078815005,0.22862224654535504,0.4441541476159373
13.376416139590901,0.22875906416746478,0.4441541476159373
13.382399837542494,0.22875906416746478,0.4444807315480078
13.396975490151362,0.22889588178957448,0.4444807315480078
13.409078673728573,0.22903269941168422,0.4444807315480078
13.41265988105306,0.22903269941168422,0.4448073154800784
13.414666738321216,0.22916951703379396,0.4448073154800784
13.417324786037057,0.2293063346559037,0.4448073154800784
13.436966964686349,0.2294431522780134,0.4448073154800784
13.451940054156125,0.2294431522780134,0.4451338994121489
13.465424754913897,0.22957996990012314,0.4451338994121489
13.465904478393213,0.22971678752223287,0.4451338994121489
13.472651045846874,0.22985360514434258,0.4451338994121489
13.481742096201742,0.22999042276645232,0.4451338994121489
13.483923710863905,0.22999042276645232,0.44546048334421945
13.50189946630121,0.23012724038856205,0.44546048334421945
13.502558100619353,0.23026405801067176,0.44546048334421945
13.503859178879452,0.2304008756327815,0.44546048334421945
13.507139728155153,0.23053769325489123,0.44546048334421945
13.51176432933039,0.23067451087700097,0.44546048334421945
13.517276058065477,0.23081132849911068,0.44546048334421945
13.517861240234993,0.23094814612122042,0.44546048334421945
13.523185469808936,0.23108496374333015,0.44546048334421945
13.524341088051187,0.23108496374333015,0.44578706727629
13.552826830935487,0.23122178136543986,0.44578706727629
13.55482497895639,0.23122178136543986,0.44611365120836055
13.555297713839423,0.23122178136543986,0.4464402351404311
13.559805298685774,0.2313585989875496,0.4464402351404311
13.573006151677191,0.23149541660965933,0.4464402351404311
13.573526098090952,0.23149541660965933,0.44676681907250165
13.602393694988677,0.23163223423176904,0.44676681907250165
13.606802947066853,0.23176905185387878,0.44676681907250165
13.616234266847187,0.23176905185387878,0.4470934030045722
13.618349834207606,0.2319058694759885,0.4470934030045722
13.619826813989448,0.23204268709809822,0.4470934030045722
13.63181426321512,0.23217950472020796,0.4470934030045722
13.63808368856428,0.23217950472020796,0.4474199869366427
13.648459880038558,0.2323163223423177,0.4474199869366427
13.650811527970632,0.2323163223423177,0.4477465708687133
13.651379727098515,0.23245313996442743,0.4477465708687133
13.655494361737738,0.23258995758653714,0.4477465708687133
13.659056834541843,0.23272677520864687,0.4477465708687133
13.673909167711258,0.23272677520864687,0.4480731548007838
13.67985578594994,0.2328635928307566,0.4480731548007838
13.681050778099461,0.23300041045286632,0.4480731548007838
13.68551019392703,0.23313722807497606,0.4480731548007838
13.686682084885774,0.2332740456970858,0.4480731548007838
13.695070110270308,0.2334108633191955,0.4480731548007838
13.711099656164492,0.23354768094130524,0.4480731548007838
13.718022207291938,0.23368449856341497,0.4480731548007838
13.72272497475467,0.23368449856341497,0.4483997387328543
13.725612244620152,0.2338213161855247,0.4483997387328543
13.727795971102978,0.23395813380763442,0.4483997387328543
13.741539659755858,0.23395813380763442,0.4487263226649249
13.748799992773797,0.23409495142974415,0.4487263226649249
13.753951170879645,0.2342317690518539,0.4487263226649249
13.75541672539373,0.2343685866739636,0.4487263226649249
13.763042085332245,0.23450540429607333,0.4487263226649249
13.776020532259622,0.23464222191818307,0.4487263226649249
13.777732718690913,0.23477903954029278,0.4487263226649249
13.781266119231077,0.2349158571624025,0.4487263226649249
13.783845804783937,0.23505267478451225,0.4487263226649249
13.784790603052443,0.23518949240662199,0.4487263226649249
13.786833966485347,0.2353263100287317,0.4487263226649249
13.791193607848072,0.23546312765084143,0.4487263226649249
13.792181790177779,0.23559994527295117,0.4487263226649249
13.806609007856537,0.23573676289506088,0.4487263226649249
13.807358089529885,0.2358735805171706,0.4487263226649249
13.833248491438326,0.23601039813928035,0.4487263226649249
13.838005751308856,0.23614721576139006,0.4487263226649249
13.842273393477399,0.23614721576139006,0.4490529065969954
13.846663089479648,0.2362840333834998,0.4490529065969954
13.856485518105956,0.23642085100560953,0.4490529065969954
13.887515881183162,0.23655766862771924,0.4490529065969954
13.894875355366025,0.23669448624982897,0.4490529065969954
13.896344753206336,0.23669448624982897,0.44937949052906595
13.896653871664284,0.2368313038719387,0.44937949052906595
13.90079342192314,0.23696812149404844,0.44937949052906595
13.901530604645131,0.23710493911615815,0.44937949052906595
13.906772382568192,0.2372417567382679,0.44937949052906595
13.92054318502096,0.23737857436037763,0.44937949052906595
13.92638072147588,0.23751539198248733,0.44937949052906595
13.928263020861095,0.23751539198248733,0.44970607446113653
13.929810836151091,0.23765220960459707,0.44970607446113653
13.933664168890346,0.2377890272267068,0.44970607446113653
13.965538159762104,0.23792584484881651,0.44970607446113653
13.970386135615172,0.23806266247092625,0.44970607446113653
13.970599616363188,0.238199480093036,0.44970607446113653
13.988262828977327,0.238199480093036,0.45003265839320705
13.995580244134885,0.23833629771514572,0.45003265839320705
14.001187032126495,0.23833629771514572,0.4503592423252776
14.003258583852926,0.23847311533725543,0.4503592423252776
14.004740749747043,0.23860993295936517,0.4503592423252776
14.012238619722325,0.2387467505814749,0.4503592423252776
14.013449903618834,0.2387467505814749,0.45068582625734815
14.028941184320502,0.2388835682035846,0.45068582625734815
14.03010792683665,0.2388835682035846,0.4510124101894187
14.032752514239746,0.23902038582569435,0.4510124101894187
14.03324918361227,0.23902038582569435,0.4513389941214892
14.047179641780986,0.23915720344780408,0.4513389941214892
14.055157560205089,0.2392940210699138,0.4513389941214892
14.060835012513508,0.23943083869202353,0.4513389941214892
14.065079139522823,0.23956765631413326,0.4513389941214892
14.065580561618503,0.239704473936243,0.4513389941214892
14.066694107129933,0.2398412915583527,0.4513389941214892
14.068328085049302,0.23997810918046245,0.4513389941214892
14.076772653241505,0.24011492680257218,0.4513389941214892
14.078680100110319,0.2402517444246819,0.4513389941214892
14.080405822014313,0.2402517444246819,0.4516655780535598
14.08638647710518,0.24038856204679163,0.4516655780535598
14.088583005276519,0.24038856204679163,0.4519921619856303
14.105925920786717,0.24052537966890136,0.4519921619856303
14.114326071881464,0.24066219729101107,0.4519921619856303
14.117284404241786,0.2407990149131208,0.4519921619856303
14.125363529091146,0.24093583253523054,0.4519921619856303
14.137298971545874,0.24107265015734028,0.4519921619856303
14.157401495028921,0.24120946777945,0.4519921619856303
14.15859347286164,0.24134628540155972,0.4519921619856303
14.16649325861465,0.24148310302366946,0.4519921619856303
14.175237098381785,0.24148310302366946,0.4523187459177008
14.194347709213389,0.24161992064577917,0.4523187459177008
14.197445280001716,0.24161992064577917,0.4526453298497714
14.199382714662534,0.24161992064577917,0.45297191378184193
14.203380591322457,0.24161992064577917,0.45329849771391245
14.21098472460642,0.24161992064577917,0.45362508164598303
14.226311075723174,0.24161992064577917,0.45395166557805355
14.23221642355395,0.2417567382678889,0.45395166557805355
14.237150977380338,0.24189355588999864,0.45395166557805355
14.242034684759346,0.24203037351210835,0.45395166557805355
14.247062494100192,0.24216719113421808,0.45395166557805355
14.249287421983581,0.24230400875632782,0.45395166557805355
14.272699753740085,0.24244082637843753,0.45395166557805355
14.273305565490318,0.24257764400054727,0.45395166557805355
14.275388791691853,0.24257764400054727,0.4542782495101241
14.27707125202221,0.242714461622657,0.4542782495101241
14.286944320701195,0.24285127924476674,0.4542782495101241
14.287240499727659,0.24285127924476674,0.45460483344219466
14.292219917209195,0.24285127924476674,0.4549314173742652
14.30278399578674,0.24285127924476674,0.4552580013063357
14.30882767683056,0.24285127924476674,0.4555845852384063
14.321292633185067,0.24285127924476674,0.4559111691704768
14.325324481844177,0.24298809686687645,0.4559111691704768
14.33021494974605,0.24312491448898618,0.4559111691704768
14.331797594694535,0.24326173211109592,0.4559111691704768
14.337739468583663,0.24339854973320563,0.4559111691704768
14.35113622850588,0.24353536735531536,0.4559111691704768
14.359644656287628,0.2436721849774251,0.4559111691704768
14.366595851116358,0.2436721849774251,0.4562377531025473
14.381084180426456,0.2438090025995348,0.4562377531025473
14.387338270543069,0.2438090025995348,0.4565643370346179
14.387897215795192,0.24394582022164454,0.4565643370346179
14.388775871877783,0.24408263784375428,0.4565643370346179
14.394841436231786,0.24408263784375428,0.45689092096668843
14.407384205970743,0.24421945546586402,0.45689092096668843
14.412463219942538,0.24435627308797372,0.45689092096668843
14.419320048574946,0.24449309071008346,0.45689092096668843
14.420166220980036,0.24449309071008346,0.457217504898759
14.430547832322418,0.2446299083321932,0.457217504898759
14.434290869124766,0.2446299083321932,0.45754408883082953
14.464255579938367,0.2446299083321932,0.45787067276290006
14.46501019408754,0.2447667259543029,0.45787067276290006
14.478870366246838,0.24490354357641264,0.45787067276290006
14.482479474952925,0.24504036119852238,0.45787067276290006
14.482814352259538,0.24517717882063209,0.45787067276290006
14.485450220414236,0.24531399644274182,0.45787067276290006
14.488998812439831,0.24545081406485156,0.45787067276290006
14.494562797468916,0.2455876316869613,0.45787067276290006
14.4956061205977,0.245724449309071,0.45787067276290006
14.500971311500507,0.24586126693118074,0.45787067276290006
14.502363649221593,0.24599808455329047,0.45787067276290006
14.521598128495157,0.24599808455329047,0.45819725669497063
14.533409059304176,0.24613490217540018,0.45819725669497063
14.538021848440508,0.24627171979750992,0.45819725669497063
14.54945829713597,0.24640853741961966,0.45819725669497063
14.572060137950302,0.24654535504172936,0.45819725669497063
14.575702611250108,0.2466821726638391,0.45819725669497063
14.587692348892347,0.2466821726638391,0.45852384062704116
14.591046549790235,0.24681899028594884,0.45852384062704116
14.626145802820133,0.24695580790805854,0.45852384062704116
14.643544881370644,0.24709262553016828,0.45852384062704116
14.647483560023602,0.24709262553016828,0.4588504245591117
14.64915604764576,0.24709262553016828,0.45917700849118226
14.6522600076554,0.24722944315227802,0.45917700849118226
14.653249587816845,0.24736626077438775,0.45917700849118226
14.663384411472748,0.24736626077438775,0.4595035924232528
14.668596173761443,0.24750307839649746,0.4595035924232528
14.687992536532079,0.24750307839649746,0.4598301763553233
14.68887023976015,0.2476398960186072,0.4598301763553233
14.689138592459244,0.24777671364071693,0.4598301763553233
14.719042403999197,0.24791353126282664,0.4598301763553233
14.723737815146364,0.24805034888493638,0.4598301763553233
14.72592744423821,0.24818716650704611,0.4598301763553233
14.736301665497649,0.24832398412915582,0.4598301763553233
14.742932544690007,0.24846080175126556,0.4598301763553233
14.744510073697256,0.2485976193733753,0.4598301763553233
14.757878802451387,0.24873443699548503,0.4598301763553233
14.76905385438954,0.24887125461759474,0.4598301763553233
14.770147033982425,0.24900807223970448,0.4598301763553233
14.780264419784316,0.2491448898618142,0.4598301763553233
14.784037120435983,0.2491448898618142,0.4601567602873939
14.788144796793631,0.24928170748392392,0.4601567602873939
14.795841207551575,0.24941852510603366,0.4601567602873939
14.826825334311593,0.2495553427281434,0.4601567602873939
14.828389821634573,0.2496921603502531,0.4601567602873939
14.83326934030515,0.24982897797236284,0.4601567602873939
14.833523938173585,0.24996579559447257,0.4601567602873939
14.83955643034335,0.2501026132165823,0.4601567602873939
14.845964100373294,0.25023943083869205,0.4601567602873939
14.858991468318095,0.25037624846080175,0.4601567602873939
14.8682486077995,0.25037624846080175,0.4604833442194644
14.876464786115662,0.25037624846080175,0.46080992815153493
14.883081670104957,0.25051306608291146,0.46080992815153493
14.886779347382117,0.25051306608291146,0.4611365120836055
14.887584292056317,0.2506498837050212,0.4611365120836055
14.890244220315026,0.25078670132713093,0.4611365120836055
14.894190867217162,0.25092351894924064,0.4611365120836055
14.896474969491692,0.2510603365713504,0.4611365120836055
14.909346863555356,0.2510603365713504,0.46146309601567603
14.923038954463095,0.2511971541934601,0.46146309601567603
14.928530738586915,0.2511971541934601,0.46178967994774656
14.931963723558283,0.2513339718155698,0.46178967994774656
14.941913551787707,0.2514707894376796,0.46178967994774656
14.944148849721046,0.2516076070597893,0.46178967994774656
14.947958232373253,0.251744424681899,0.46178967994774656
14.948744786239445,0.25188124230400877,0.46178967994774656
14.950541879720504,0.2520180599261185,0.46178967994774656
14.95139798311186,0.2521548775482282,0.46178967994774656
14.951638751949758,0.25229169517033795,0.46178967994774656
14.966041124764047,0.25242851279244766,0.46178967994774656
14.973386643841081,0.2525653304145574,0.46178967994774656
14.983298783232499,0.25270214803666713,0.46178967994774656
14.98371213961309,0.25283896565877684,0.46178967994774656
14.988714213844332,0.2529757832808866,0.46178967994774656
14.990688786766214,0.2531126009029963,0.46178967994774656
15.010113016196897,0.253249418525106,0.46178967994774656
15.01695818946871,0.2533862361472158,0.46178967994774656
15.034405802096558,0.2535230537693255,0.46178967994774656
15.039375547042141,0.2536598713914352,0.46178967994774656
15.057157107604212,0.2536598713914352,0.46211626387981714
15.064927525962958,0.25379668901354496,0.46211626387981714
15.066205133405788,0.25379668901354496,0.46244284781188766
15.078883710869832,0.25379668901354496,0.4627694317439582
15.082343011481498,0.25393350663565467,0.4627694317439582
15.098000314331216,0.2540703242577644,0.4627694317439582
15.101056543953973,0.25420714187987414,0.4627694317439582
15.10781705220154,0.25434395950198385,0.4627694317439582
15.112975095250476,0.25434395950198385,0.46309601567602876
15.11645432925468,0.25448077712409356,0.46309601567602876
15.117022573086047,0.2546175947462033,0.46309601567602876
15.118606887212309,0.25475441236831303,0.46309601567602876
15.13030890123298,0.25489122999042274,0.46309601567602876
15.132819123220997,0.2550280476125325,0.46309601567602876
15.134700041956194,0.2551648652346422,0.46309601567602876
15.13615977448785,0.255301682856752,0.46309601567602876
15.154037338631497,0.2554385004788617,0.46309601567602876
15.160188727740433,0.2555753181009714,0.46309601567602876
15.174168065413596,0.2555753181009714,0.4634225996080993
15.183863992776537,0.25571213572308116,0.4634225996080993
15.184458571678988,0.25584895334519087,0.4634225996080993
15.187682746639098,0.25584895334519087,0.4637491835401698
15.204014021168632,0.2559857709673006,0.4637491835401698
15.21376453367725,0.25612258858941034,0.4637491835401698
15.219688046764645,0.25625940621152005,0.4637491835401698
15.227374616500356,0.25639622383362975,0.4637491835401698
15.234325925428266,0.2565330414557395,0.4637491835401698
15.235618136149697,0.2565330414557395,0.4640757674722404
15.235918034149108,0.2566698590778492,0.4640757674722404
15.244923472828418,0.25680667669995894,0.4640757674722404
15.258706835597081,0.2569434943220687,0.4640757674722404
15.260508324124544,0.2570803119441784,0.4640757674722404
15.271226002773915,0.2570803119441784,0.4644023514043109
15.275370532659508,0.2572171295662881,0.4644023514043109
15.277447763363284,0.2573539471883979,0.4644023514043109
15.284504679897168,0.2573539471883979,0.46472893533638143
15.287621122862333,0.2574907648105076,0.46472893533638143
15.29153609567561,0.2576275824326173,0.46472893533638143
15.29312229833829,0.25776440005472706,0.46472893533638143
15.29487616294,0.25776440005472706,0.465055519268452
15.299233975310585,0.25790121767683677,0.465055519268452
15.300244846042347,0.25790121767683677,0.46538210320052253
15.302372136125882,0.2580380352989465,0.46538210320052253
15.305328067491246,0.25817485292105624,0.46538210320052253
15.315704930556763,0.25817485292105624,0.46570868713259306
15.317273104266064,0.25831167054316595,0.46570868713259306
15.318868818432975,0.25831167054316595,0.46603527106466364
15.319971750596551,0.2584484881652757,0.46603527106466364
15.332386007310333,0.2584484881652757,0.46636185499673416
15.333257776658797,0.2584484881652757,0.4666884389288047
15.33945406095495,0.2584484881652757,0.46701502286087526
15.345528636550739,0.2585853057873854,0.46701502286087526
15.348516052323134,0.25872212340949513,0.46701502286087526
15.352179458799469,0.2588589410316049,0.46701502286087526
15.361393523201855,0.2588589410316049,0.4673416067929458
15.364299510501382,0.2589957586537146,0.4673416067929458
15.369290974842102,0.2589957586537146,0.4676681907250163
15.37001570837765,0.2589957586537146,0.4679947746570869
15.37600595251456,0.2591325762758243,0.4679947746570869
15.376267291638555,0.2592693938979341,0.4679947746570869
15.381488424872714,0.2592693938979341,0.4683213585891574
15.392400011023597,0.2594062115200438,0.4683213585891574
15.394395654156142,0.2595430291421535,0.4683213585891574
15.411725891781202,0.25967984676426326,0.4683213585891574
15.42640120857402,0.25967984676426326,0.46864794252122793
15.451920016137933,0.25981666438637296,0.46864794252122793
15.458857406823313,0.2599534820084827,0.46864794252122793
15.46546543105967,0.26009029963059244,0.46864794252122793
15.471882694769079,0.26022711725270214,0.46864794252122793
15.479892497071546,0.26022711725270214,0.4689745264532985
15.488522905173227,0.26036393487481185,0.4689745264532985
15.489288163283732,0.2605007524969216,0.4689745264532985
15.491090837598108,0.2605007524969216,0.46930111038536904
15.497985502434517,0.2606375701190313,0.46930111038536904
15.499680928323983,0.26077438774114103,0.46930111038536904
15.515917183387955,0.2609112053632508,0.46930111038536904
15.53402399073616,0.2610480229853605,0.46930111038536904
15.53461199785795,0.2611848406074702,0.46930111038536904
15.542118793842747,0.26132165822958,0.46930111038536904
15.547927485914329,0.26132165822958,0.46962769431743956
15.550187207322892,0.26132165822958,0.46995427824951014
15.559521500217556,0.26132165822958,0.47028086218158066
15.560776271261489,0.26132165822958,0.4706074461136512
15.570818731808913,0.2614584758516897,0.4706074461136512
15.572263456628434,0.26159529347379945,0.4706074461136512
15.582359484488848,0.26159529347379945,0.47093403004572176
15.590410799275901,0.26159529347379945,0.4712606139777923
15.592545765659679,0.26173211109590916,0.4712606139777923
15.596869355403555,0.26186892871801887,0.4712606139777923
15.601488363537442,0.26200574634012863,0.4712606139777923
15.603609883880381,0.26214256396223834,0.4712606139777923
15.609435714441133,0.26214256396223834,0.4715871979098628
15.623608487860906,0.26227938158434805,0.4715871979098628
15.625348818437146,0.2624161992064578,0.4715871979098628
15.627666263557558,0.2625530168285675,0.4715871979098628
15.62821081247796,0.26268983445067723,0.4715871979098628
15.637245844627842,0.262826652072787,0.4715871979098628
15.644779764383088,0.2629634696948967,0.4715871979098628
15.64764404249695,0.2629634696948967,0.4719137818419334
15.651640451905678,0.2631002873170064,0.4719137818419334
15.65551625526939,0.2632371049391162,0.4719137818419334
15.666592509012958,0.2633739225612259,0.4719137818419334
15.66749371480239,0.2633739225612259,0.4722403657740039
15.672555538018514,0.2635107401833356,0.4722403657740039
15.675091875322323,0.26364755780544535,0.4722403657740039
15.677904372043713,0.26364755780544535,0.47256694970607444
15.70617617210678,0.26378437542755506,0.47256694970607444
15.7089335006807,0.26378437542755506,0.472893533638145
15.709413138186733,0.26392119304966477,0.472893533638145
15.714927024739382,0.26405801067177453,0.472893533638145
15.715246243168167,0.26419482829388424,0.472893533638145
15.716048570723387,0.26419482829388424,0.47322011757021554
15.72272407660796,0.264331645915994,0.47322011757021554
15.722906077834182,0.264331645915994,0.47354670150228606
15.732430618976878,0.2644684635381037,0.47354670150228606
15.735695338102232,0.2646052811602134,0.47354670150228606
15.741234123177946,0.2647420987823232,0.47354670150228606
15.746712041888486,0.2648789164044329,0.47354670150228606
15.746802045254526,0.2650157340265426,0.47354670150228606
15.749440771218588,0.26515255164865237,0.47354670150228606
15.758260459576036,0.2652893692707621,0.47354670150228606
15.768072133023907,0.2654261868928718,0.47354670150228606
15.776096097003801,0.26556300451498155,0.47354670150228606
15.778445991600961,0.26569982213709126,0.47354670150228606
15.779895743800239,0.26583663975920097,0.47354670150228606
15.781598618678345,0.26597345738131073,0.47354670150228606
15.783966985925076,0.26611027500342044,0.47354670150228606
15.787571097088403,0.26624709262553015,0.47354670150228606
15.800418818068124,0.2663839102476399,0.47354670150228606
15.801008851503184,0.2665207278697496,0.47354670150228606
15.802502220538258,0.2666575454918593,0.47354670150228606
15.814313688875245,0.2667943631139691,0.47354670150228606
15.82505605361473,0.2667943631139691,0.47387328543435664
15.840599366592073,0.2669311807360788,0.47387328543435664
15.851330845889152,0.2670679983581885,0.47387328543435664
15.857548939581648,0.26720481598029827,0.47387328543435664
15.861761867195696,0.267341633602408,0.47387328543435664
15.867073334434508,0.26747845122451774,0.47387328543435664
15.8723578063383,0.26747845122451774,0.47419986936642716
15.872607714218134,0.26761526884662745,0.47419986936642716
15.874557579992143,0.26775208646873716,0.47419986936642716
15.876343760389545,0.2678889040908469,0.47419986936642716
15.88635635855178,0.26802572171295663,0.47419986936642716
15.890873239196594,0.26816253933506634,0.47419986936642716
15.897943996158801,0.2682993569571761,0.47419986936642716
15.912597737012447,0.2684361745792858,0.47419986936642716
15.921330046867979,0.2685729922013955,0.47419986936642716
15.936225091624124,0.2685729922013955,0.47452645329849774
15.943909989144117,0.2687098098235053,0.47452645329849774
15.95556060880483,0.268846627445615,0.47452645329849774
15.964129403020365,0.2689834450677247,0.47452645329849774
15.970471728993175,0.26912026268983447,0.47452645329849774
15.977836933711956,0.26912026268983447,0.47485303723056826
15.979031897312097,0.26912026268983447,0.4751796211626388
15.999415088489059,0.26912026268983447,0.47550620509470937
16.005066061468483,0.26912026268983447,0.4758327890267799
16.008806004045823,0.2692570803119442,0.4758327890267799
16.030027912990022,0.2692570803119442,0.4761593729588504
16.03787028302736,0.2693938979340539,0.4761593729588504
16.04432618987073,0.26953071555616365,0.4761593729588504
16.045462189025443,0.26966753317827336,0.4761593729588504
16.050966997394653,0.26966753317827336,0.476485956890921
16.074089183895467,0.26980435080038306,0.476485956890921
16.097296667353476,0.2699411684224928,0.476485956890921
16.09814793772,0.27007798604460254,0.476485956890921
16.10551507633113,0.2702148036667123,0.476485956890921
16.117724554443498,0.270351621288822,0.476485956890921
16.130111684064673,0.270351621288822,0.4768125408229915
16.13953829406546,0.2704884389109317,0.4768125408229915
16.144732388979037,0.2706252565330415,0.4768125408229915
16.155884534639995,0.2707620741551512,0.4768125408229915
16.156278506207855,0.2708988917772609,0.4768125408229915
16.15984965646487,0.27103570939937066,0.4768125408229915
16.190867265905126,0.27103570939937066,0.47713912475506204
16.195001324223085,0.27117252702148037,0.47713912475506204
16.207090634864244,0.27117252702148037,0.4774657086871326
16.20916238412474,0.2713093446435901,0.4774657086871326
16.209995079977375,0.27144616226569984,0.4774657086871326
16.215460804440227,0.27158297988780955,0.4774657086871326
16.215741244689752,0.27171979750991926,0.4774657086871326
16.219209438636085,0.271856615132029,0.4774657086871326
16.21924219187406,0.271856615132029,0.47779229261920314
16.220344919117792,0.27199343275413873,0.47779229261920314
16.223623013535644,0.27199343275413873,0.47811887655127366
16.225469846824808,0.27199343275413873,0.47844546048334424
16.22918587013953,0.27213025037624844,0.47844546048334424
16.230009914682114,0.27213025037624844,0.47877204441541477
16.238046170314988,0.2722670679983582,0.47877204441541477
16.238623196555068,0.2724038856204679,0.47877204441541477
16.25515153287381,0.2725407032425776,0.47877204441541477
16.271018867842827,0.2726775208646874,0.47877204441541477
16.277809456292857,0.2728143384867971,0.47877204441541477
16.278174075123957,0.2729511561089068,0.47877204441541477
16.295772249229685,0.27308797373101656,0.47877204441541477
16.296618568470535,0.2732247913531263,0.47877204441541477
16.311897020612946,0.27336160897523604,0.47877204441541477
16.31238351592731,0.27349842659734575,0.47877204441541477
16.313692579829763,0.27363524421945545,0.47877204441541477
16.319674598580377,0.2737720618415652,0.47877204441541477
16.336142381913078,0.2739088794636749,0.47877204441541477
16.347091914826592,0.27404569708578463,0.47877204441541477
16.359577067810733,0.2741825147078944,0.47877204441541477
16.361201807945235,0.2743193323300041,0.47877204441541477
16.36339780336482,0.2744561499521138,0.47877204441541477
16.365491888913198,0.2745929675742236,0.47877204441541477
16.36639513634816,0.2747297851963333,0.47877204441541477
16.37038656277832,0.274866602818443,0.47877204441541477
16.380032664905343,0.27500342044055276,0.47877204441541477
16.3819604010514,0.27514023806266247,0.47877204441541477
16.383002886230656,0.2752770556847722,0.47877204441541477
16.38576644394243,0.27541387330688194,0.47877204441541477
16.389289873588723,0.27555069092899165,0.47877204441541477
16.389443743199195,0.27568750855110136,0.47877204441541477
16.39109376437193,0.2758243261732111,0.47877204441541477
16.39158244750149,0.27596114379532083,0.47877204441541477
16.394519907786616,0.27609796141743054,0.47877204441541477
16.39735200037353,0.2762347790395403,0.47877204441541477
16.407753119367385,0.27637159666165,0.47877204441541477
16.40943531654932,0.2765084142837598,0.47877204441541477
16.410465322374307,0.2766452319058695,0.47877204441541477
16.41415212088816,0.2767820495279792,0.47877204441541477
16.414920372071492,0.2767820495279792,0.4790986283474853
16.415351571585916,0.2767820495279792,0.47942521227955587
16.428237647049173,0.27691886715008895,0.47942521227955587
16.42943755430963,0.27705568477219866,0.47942521227955587
16.440414727601137,0.27719250239430837,0.47942521227955587
16.46043565976447,0.27732932001641813,0.47942521227955587
16.46166332491066,0.27746613763852784,0.47942521227955587
16.46522061275664,0.27760295526063755,0.47942521227955587
16.480924006160308,0.27760295526063755,0.4797517962116264
16.48131191958737,0.2777397728827473,0.4797517962116264
16.48553260440019,0.277876590504857,0.4797517962116264
16.494619115580008,0.27801340812696673,0.4797517962116264
16.498706727842773,0.2781502257490765,0.4797517962116264
16.5007543659965,0.2782870433711862,0.4797517962116264
16.514664227204662,0.2782870433711862,0.4800783801436969
16.52450545446868,0.2784238609932959,0.4800783801436969
16.537715320782468,0.2785606786154057,0.4800783801436969
16.540901717536713,0.2785606786154057,0.4804049640757675
16.544988951541654,0.2786974962375154,0.4804049640757675
16.54508796944208,0.2786974962375154,0.480731548007838
16.54802426906008,0.2788343138596251,0.480731548007838
16.559128867275035,0.27897113148173486,0.480731548007838
16.56255227284055,0.27910794910384457,0.480731548007838
16.57035614183269,0.27910794910384457,0.48105813193990854
16.57270327933395,0.27910794910384457,0.4813847158719791
16.57496496978206,0.27910794910384457,0.48171129980404964
16.580810858043606,0.27924476672595433,0.48171129980404964
16.593853547786125,0.27938158434806404,0.48171129980404964
16.594638537911806,0.27938158434806404,0.48203788373612017
16.596532493669997,0.27951840197017375,0.48203788373612017
16.597259452101184,0.27951840197017375,0.48236446766819074
16.605538814615215,0.2796552195922835,0.48236446766819074
16.61171052050088,0.2797920372143932,0.48236446766819074
16.6128108131237,0.2799288548365029,0.48236446766819074
16.61338178015785,0.2800656724586127,0.48236446766819074
16.616407829784862,0.2802024900807224,0.48236446766819074
16.62209846626513,0.2802024900807224,0.48269105160026127
16.622436732326378,0.2803393077028321,0.48269105160026127
16.63652597891371,0.28047612532494187,0.48269105160026127
16.64078064067928,0.2806129429470516,0.48269105160026127
16.642243556678636,0.2806129429470516,0.4830176355323318
16.64264165287466,0.2807497605691613,0.4830176355323318
16.651722407503485,0.28088657819127105,0.4830176355323318
16.655049009601953,0.28102339581338076,0.4830176355323318
16.65735224140974,0.28116021343549047,0.4830176355323318
16.657492345553237,0.28129703105760023,0.4830176355323318
16.65988875008361,0.28143384867970994,0.4830176355323318
16.669654067217834,0.28157066630181965,0.4830176355323318
16.674528808481682,0.2817074839239294,0.4830176355323318
16.677834050183947,0.2818443015460391,0.4830176355323318
16.677889766595513,0.28198111916814883,0.4830176355323318
16.684572749403856,0.2821179367902586,0.4830176355323318
16.70457868802316,0.2821179367902586,0.48334421946440237
16.71493333307035,0.2822547544123683,0.48334421946440237
16.7291359429737,0.28239157203447807,0.48334421946440237
16.74051549383762,0.28239157203447807,0.4836708033964729
16.741170762972843,0.2825283896565878,0.4836708033964729
16.75052926661624,0.2825283896565878,0.4839973873285434
16.754011038005046,0.2826652072786975,0.4839973873285434
16.75543732539552,0.28280202490080725,0.4839973873285434
16.755517161965827,0.28293884252291696,0.4839973873285434
16.760084464519537,0.28307566014502666,0.4839973873285434
16.76969600344603,0.28321247776713643,0.4839973873285434
16.7803527794739,0.28321247776713643,0.484323971260614
16.78046249929787,0.28334929538924614,0.484323971260614
16.782297499339165,0.28348611301135584,0.484323971260614
16.79055398185119,0.2836229306334656,0.484323971260614
16.805315018235888,0.2837597482555753,0.484323971260614
16.817178784034127,0.2837597482555753,0.4846505551926845
16.825212719920955,0.283896565877685,0.4846505551926845
16.839054674772683,0.2840333834997948,0.4846505551926845
16.842417250732865,0.2841702011219045,0.4846505551926845
16.8614889015372,0.2843070187440142,0.4846505551926845
16.86815963866593,0.2843070187440142,0.48497713912475504
16.885132773362898,0.28444383636612397,0.48497713912475504
16.890197254203713,0.2845806539882337,0.48497713912475504
16.893235839298427,0.2847174716103434,0.48497713912475504
16.895192512568656,0.28485428923245315,0.48497713912475504
16.903989089352876,0.28499110685456286,0.48497713912475504
16.908748469987017,0.28499110685456286,0.4853037230568256
16.921916151196456,0.2851279244766726,0.4853037230568256
16.93007466498318,0.28526474209878233,0.4853037230568256
16.933605682070493,0.28526474209878233,0.48563030698889614
16.951622716988595,0.28540155972089204,0.48563030698889614
16.969833881501017,0.2855383773430018,0.48563030698889614
16.979907619342157,0.2856751949651115,0.48563030698889614
16.983416640990527,0.2858120125872212,0.48563030698889614
16.983813880953903,0.285948830209331,0.48563030698889614
16.984574849930368,0.2860856478314407,0.48563030698889614
16.990270383946722,0.2860856478314407,0.48595689092096667
16.991988156883053,0.2862224654535504,0.48595689092096667
17.009339299881503,0.28635928307566016,0.48595689092096667
17.017733985228574,0.28635928307566016,0.48628347485303725
17.018318963138086,0.2864961006977699,0.48628347485303725
17.02918799824249,0.2866329183198796,0.48628347485303725
17.033977604493884,0.2866329183198796,0.48661005878510777
17.048498460244332,0.28676973594198935,0.48661005878510777
17.049187574846087,0.28690655356409905,0.48661005878510777
17.06288497966534,0.28704337118620876,0.48661005878510777
17.063179621345625,0.2871801888083185,0.48661005878510777
17.07392783598914,0.28731700643042823,0.48661005878510777
17.09046507479934,0.28745382405253794,0.48661005878510777
17.094429826788996,0.2875906416746477,0.48661005878510777
17.10094319260645,0.2875906416746477,0.4869366427171783
17.10256437613191,0.2875906416746477,0.48726322664924887
17.103044889013518,0.2877274592967574,0.48726322664924887
17.111851736119775,0.2878642769188671,0.48726322664924887
17.117020802911725,0.2880010945409769,0.48726322664924887
17.121108218080167,0.2881379121630866,0.48726322664924887
17.12485288849666,0.28827472978519636,0.48726322664924887
17.12522269065471,0.28827472978519636,0.4875898105813194
17.138068095786025,0.28841154740730607,0.4875898105813194
17.13928338904384,0.2885483650294158,0.4875898105813194
17.147941847782022,0.28868518265152554,0.4875898105813194
17.16296271219869,0.28882200027363525,0.4875898105813194
17.16735187449558,0.28895881789574496,0.4875898105813194
17.17810043989971,0.2890956355178547,0.4875898105813194
17.182062263621788,0.28923245313996443,0.4875898105813194
17.185424451427252,0.28923245313996443,0.4879163945133899
17.20418827744402,0.28923245313996443,0.4882429784454605
17.204958327509758,0.28936927076207414,0.4882429784454605
17.215630138560527,0.28936927076207414,0.488569562377531
17.216768484751242,0.28936927076207414,0.48889614630960154
17.23065629314408,0.28936927076207414,0.4892227302416721
17.237084135622467,0.2895060883841839,0.4892227302416721
17.23969085332442,0.2895060883841839,0.48954931417374264
17.247371509604704,0.2895060883841839,0.48987589810581317
17.25193356184286,0.2896429060062936,0.48987589810581317
17.25332027157424,0.2897797236284033,0.48987589810581317
17.273081797538794,0.2897797236284033,0.49020248203788375
17.274642086247923,0.2899165412505131,0.49020248203788375
17.2920862806111,0.2900533588726228,0.49020248203788375
17.303344606067185,0.2900533588726228,0.49052906596995427
17.304087948884103,0.2901901764947325,0.49052906596995427
17.309695082700955,0.29032699411684226,0.49052906596995427
17.32497287563308,0.29046381173895197,0.49052906596995427
17.325807444411453,0.2906006293610617,0.49052906596995427
17.330573085138212,0.29073744698317144,0.49052906596995427
17.3327323905645,0.29073744698317144,0.4908556499020248
17.339233763461266,0.29087426460528115,0.4908556499020248
17.352365395225434,0.29087426460528115,0.49118223383409537
17.35911570548285,0.29101108222739086,0.49118223383409537
17.360067498549483,0.2911478998495006,0.49118223383409537
17.364624583738987,0.29128471747161033,0.49118223383409537
17.36499598394778,0.2914215350937201,0.49118223383409537
17.370473437614237,0.2915583527158298,0.49118223383409537
17.37192506364704,0.2916951703379395,0.49118223383409537
17.37693586322507,0.2916951703379395,0.4915088177661659
17.379024360957033,0.2918319879600493,0.4915088177661659
17.3876020533844,0.291968805582159,0.4915088177661659
17.40140128257076,0.2921056232042687,0.4915088177661659
17.442697619743285,0.29224244082637846,0.4915088177661659
17.44989394453296,0.29224244082637846,0.4918354016982365
17.469048628369364,0.29237925844848817,0.4918354016982365
17.471950952858037,0.29237925844848817,0.492161985630307
17.482106932798047,0.2925160760705979,0.492161985630307
17.48495945290665,0.29265289369270764,0.492161985630307
17.49100551929007,0.29265289369270764,0.4924885695623775
17.493542420613494,0.29278971131481735,0.4924885695623775
17.50351716652483,0.29292652893692706,0.4924885695623775
17.505769625220864,0.2930633465590368,0.4924885695623775
17.51617462822435,0.2932001641811465,0.4924885695623775
17.52175961516332,0.29333698180325624,0.4924885695623775
17.52443293780709,0.293473799425366,0.4924885695623775
17.52699907785302,0.2936106170474757,0.4924885695623775
17.530961588624223,0.2937474346695854,0.4924885695623775
17.53732236388828,0.2938842522916952,0.4924885695623775
17.547792972378147,0.2940210699138049,0.4924885695623775
17.569933354466343,0.29415788753591465,0.4924885695623775
17.572842558064167,0.29429470515802436,0.4924885695623775
17.580690109412558,0.29443152278013407,0.4924885695623775
17.58381437100229,0.29456834040224383,0.4924885695623775
17.586732976305598,0.29456834040224383,0.4928151534944481
17.592472102842635,0.29470515802435354,0.4928151534944481
17.594814553411652,0.29470515802435354,0.4931417374265186
17.600405812235522,0.29484197564646325,0.4931417374265186
17.60462365615558,0.294978793268573,0.4931417374265186
17.615609961960672,0.2951156108906827,0.4931417374265186
17.615845374734135,0.2951156108906827,0.49346832135858915
17.618963367630272,0.29525242851279243,0.49346832135858915
17.61916081223262,0.2953892461349022,0.49346832135858915
17.62661348964457,0.2955260637570119,0.49346832135858915
17.62904549066593,0.2956628813791216,0.49346832135858915
17.6312520703475,0.2957996990012314,0.49346832135858915
17.63937327682993,0.2959365166233411,0.49346832135858915
17.642129668587472,0.2959365166233411,0.4937949052906597
17.6617321309011,0.2960733342454508,0.4937949052906597
17.663420857652568,0.2960733342454508,0.49412148922273025
17.664950196040422,0.2960733342454508,0.49444807315480077
17.680681269134425,0.29621015186756056,0.49444807315480077
17.680936920872227,0.29621015186756056,0.49477465708687135
17.682368113535404,0.29634696948967026,0.49477465708687135
17.701230321135313,0.29648378711178,0.49477465708687135
17.70170003170267,0.29662060473388974,0.49477465708687135
17.702095183262713,0.29662060473388974,0.4951012410189419
17.716939927106182,0.29675742235599945,0.4951012410189419
17.721145797077156,0.29689423997810915,0.4951012410189419
17.72234256587592,0.2970310576002189,0.4951012410189419
17.72362787335601,0.2970310576002189,0.4954278249510124
17.726968320227,0.2970310576002189,0.495754408883083
17.730370882441548,0.2971678752223286,0.495754408883083
17.733681020882727,0.2971678752223286,0.4960809928151535
17.735602663224086,0.2971678752223286,0.496407576747224
17.738552298294508,0.2973046928444384,0.496407576747224
17.747243917730543,0.2973046928444384,0.4967341606792946
17.767963262484955,0.2974415104665481,0.4967341606792946
17.77128849303574,0.2975783280886578,0.4967341606792946
17.788108289884917,0.2975783280886578,0.4970607446113651
17.798995805846175,0.29771514571076757,0.4970607446113651
17.799343493911124,0.29771514571076757,0.49738732854343565
17.815039556583997,0.2978519633328773,0.49738732854343565
17.815108180571997,0.297988780954987,0.49738732854343565
17.822209492086017,0.29812559857709675,0.49738732854343565
17.824700689519887,0.29812559857709675,0.4977139124755062
17.86350611697219,0.29826241619920646,0.4977139124755062
17.866707431103805,0.29839923382131617,0.4977139124755062
17.87143203957112,0.29853605144342593,0.4977139124755062
17.873467054277057,0.29867286906553564,0.4977139124755062
17.87714471323727,0.29880968668764535,0.4977139124755062
17.880064638332442,0.2989465043097551,0.4977139124755062
17.880802135168324,0.2989465043097551,0.49804049640757675
17.89473465591948,0.2990833219318648,0.49804049640757675
17.89544953468237,0.29922013955397453,0.49804049640757675
17.909002109251333,0.2993569571760843,0.49804049640757675
17.909973252404598,0.2993569571760843,0.4983670803396473
17.922336538683226,0.299493774798194,0.4983670803396473
17.92626659408313,0.2996305924203037,0.4983670803396473
17.931925896998223,0.2997674100424135,0.4983670803396473
17.933193990319637,0.2999042276645232,0.4983670803396473
17.93453475325873,0.2999042276645232,0.49869366427171785
17.95553629368885,0.30004104528663295,0.49869366427171785
17.955690605837276,0.30004104528663295,0.4990202482037884
17.960496196048894,0.30004104528663295,0.4993468321358589
17.961162623260293,0.30017786290874265,0.4993468321358589
17.96395864164799,0.30017786290874265,0.4996734160679295
17.97103496905936,0.30017786290874265,0.5
17.99479798234495,0.30031468053085236,0.5
18.007035273104634,0.3004514981529621,0.5
18.013703356343285,0.3004514981529621,0.5003265839320705
18.01990912436065,0.3004514981529621,0.500653167864141
18.025778275159723,0.3004514981529621,0.5009797517962117
18.027561228411287,0.30058831577507183,0.5009797517962117
18.03093758316936,0.30072513339718154,0.5009797517962117
18.036947100637235,0.3008619510192913,0.5009797517962117
18.037134951424605,0.3008619510192913,0.5013063357282822
18.042334824886893,0.300998768641401,0.5013063357282822
18.05784978058864,0.300998768641401,0.5016329196603527
18.067964486484243,0.3011355862635107,0.5016329196603527
18.075784992672197,0.3012724038856205,0.5016329196603527
18.08750510734137,0.3014092215077302,0.5016329196603527
18.087654018692433,0.3015460391298399,0.5016329196603527
18.102874400849146,0.30168285675194967,0.5016329196603527
18.10629724831017,0.30168285675194967,0.5019595035924233
18.11738712666977,0.30168285675194967,0.5022860875244938
18.128153558625627,0.3018196743740594,0.5022860875244938
18.137885531224356,0.3018196743740594,0.5026126714565643
18.139873322238827,0.3019564919961691,0.5026126714565643
18.139980339663907,0.3019564919961691,0.5029392553886349
18.14149842818881,0.3019564919961691,0.5032658393207055
18.15108529732504,0.30209330961827885,0.5032658393207055
18.154658892622592,0.30223012724038856,0.5032658393207055
18.165229118787465,0.30236694486249827,0.5032658393207055
18.166626283068695,0.30236694486249827,0.503592423252776
18.16773104553033,0.30250376248460803,0.503592423252776
18.169824414553432,0.30264058010671774,0.503592423252776
18.188082098284212,0.30277739772882745,0.503592423252776
18.188923543983037,0.3029142153509372,0.503592423252776
18.201214622878183,0.3030510329730469,0.503592423252776
18.203398273545304,0.3031878505951567,0.503592423252776
18.203565145802372,0.3033246682172664,0.503592423252776
18.221002242641475,0.3034614858393761,0.503592423252776
18.223160057071823,0.3034614858393761,0.5039190071848465
18.22411328040664,0.30359830346148586,0.5039190071848465
18.225091853845015,0.30373512108359557,0.5039190071848465
18.225179441645196,0.3038719387057053,0.5039190071848465
18.227592654376963,0.30400875632781504,0.5039190071848465
18.228361698630238,0.30414557394992475,0.5039190071848465
18.231816232118945,0.30414557394992475,0.504245591116917
18.235969125470888,0.30414557394992475,0.5045721750489875
18.240361834319515,0.30428239157203446,0.5045721750489875
18.24590677521053,0.3044192091941442,0.5045721750489875
18.246784125977,0.30455602681625393,0.5045721750489875
18.25051464887656,0.30469284443836364,0.5045721750489875
18.253624201536468,0.3048296620604734,0.5045721750489875
18.255795005095706,0.3048296620604734,0.5048987589810582
18.256323627526513,0.3049664796825831,0.5048987589810582
18.256789231421635,0.3049664796825831,0.5052253429131287
18.256802820210964,0.3051032973046928,0.5052253429131287
18.26020245052996,0.3052401149268026,0.5052253429131287
18.278432413961582,0.3052401149268026,0.5055519268451992
18.278978202830444,0.3053769325489123,0.5055519268451992
18.279387852995228,0.305513750171022,0.5055519268451992
18.28365615336918,0.305513750171022,0.5058785107772698
18.286408806533814,0.30565056779313177,0.5058785107772698
18.287461581049797,0.30565056779313177,0.5062050947093403
18.297831768404194,0.3057873854152415,0.5062050947093403
18.301965474824442,0.3059242030373512,0.5062050947093403
18.30557685203769,0.3059242030373512,0.5065316786414108
18.340251842533462,0.30606102065946095,0.5065316786414108
18.341032837225043,0.30619783828157066,0.5065316786414108
18.362982853813946,0.3063346559036804,0.5065316786414108
18.366758313628225,0.30647147352579013,0.5065316786414108
18.367656937395964,0.30660829114789984,0.5065316786414108
18.37249145216174,0.3067451087700096,0.5065316786414108
18.373258936466414,0.3068819263921193,0.5065316786414108
18.37608257062641,0.307018744014229,0.5065316786414108
18.38023526305858,0.307018744014229,0.5068582625734814
18.38602077330495,0.3071555616363388,0.5068582625734814
18.38668435626812,0.3072923792584485,0.5068582625734814
18.416645773280152,0.3074291968805582,0.5068582625734814
18.420462409501056,0.30756601450266796,0.5068582625734814
18.42404314849682,0.30770283212477767,0.5068582625734814
18.428370854687387,0.3078396497468874,0.5068582625734814
18.432765181468767,0.30797646736899714,0.5068582625734814
18.43317111143631,0.30811328499110685,0.5068582625734814
18.433422888086966,0.30825010261321656,0.5068582625734814
18.4425187455048,0.3083869202353263,0.5068582625734814
18.45708442584487,0.30852373785743603,0.5068582625734814
18.459499893049497,0.30866055547954574,0.5068582625734814
18.45993036391087,0.3087973731016555,0.5068582625734814
18.4762762849507,0.3089341907237652,0.5068582625734814
18.476473312010057,0.309071008345875,0.5068582625734814
18.481372696414837,0.3092078259679847,0.5068582625734814
18.485453978985902,0.3093446435900944,0.5068582625734814
18.487570733276925,0.30948146121220416,0.5068582625734814
18.48800882618889,0.30961827883431386,0.5068582625734814
18.49614526460357,0.3097550964564236,0.5068582625734814
18.498867589151246,0.3097550964564236,0.507184846505552
18.524661845567607,0.30989191407853334,0.507184846505552
18.524972793856136,0.31002873170064305,0.507184846505552
18.547962994956492,0.31016554932275275,0.507184846505552
18.55717794077725,0.3103023669448625,0.507184846505552
18.562939099144046,0.3104391845669722,0.507184846505552
18.569696098216696,0.31057600218908193,0.507184846505552
18.57085248694682,0.31057600218908193,0.5075114304376225
18.571152768040065,0.3107128198111917,0.5075114304376225
18.573427701845617,0.3108496374333014,0.5075114304376225
18.57496724574287,0.3109864550554111,0.5075114304376225
18.575355279321457,0.3111232726775209,0.5075114304376225
18.580660570073633,0.3111232726775209,0.507838014369693
18.580940419364083,0.3112600902996306,0.507838014369693
18.5811918772456,0.3113969079217403,0.507838014369693
18.581660711331324,0.31153372554385006,0.507838014369693
18.609942725379142,0.31153372554385006,0.5081645983017635
18.61540883026055,0.31167054316595977,0.5081645983017635
18.623411434065588,0.3118073607880695,0.5081645983017635
18.627782606295227,0.3118073607880695,0.508491182233834
18.629206200854355,0.31194417841017924,0.508491182233834
18.63541197469158,0.31208099603228895,0.508491182233834
18.643160087420256,0.3122178136543987,0.508491182233834
18.650225500832335,0.3122178136543987,0.5088177661659047
18.655064398839386,0.3123546312765084,0.5088177661659047
18.655923670557854,0.3123546312765084,0.5091443500979752
18.662013165574194,0.31249144889861813,0.5091443500979752
18.668925931085596,0.3126282665207279,0.5091443500979752
18.67094575699207,0.3127650841428376,0.5091443500979752
18.675231462967417,0.3127650841428376,0.5094709340300457
18.675296712621957,0.3127650841428376,0.5097975179621163
18.685148413975753,0.3127650841428376,0.5101241018941868
18.686178523732224,0.3129019017649473,0.5101241018941868
18.687453592129373,0.3130387193870571,0.5101241018941868
18.689868134823882,0.3131755370091668,0.5101241018941868
18.690746814076874,0.3131755370091668,0.5104506858262573
18.697046431944727,0.3133123546312765,0.5104506858262573
18.70620333483555,0.31344917225338625,0.5104506858262573
18.70773635393391,0.31358598987549596,0.5104506858262573
18.715026000753824,0.31372280749760567,0.5104506858262573
18.732995760587983,0.31385962511971544,0.5104506858262573
18.741828172738906,0.31399644274182514,0.5104506858262573
18.762047364779278,0.31413326036393485,0.5104506858262573
18.7815143271265,0.3142700779860446,0.5104506858262573
18.783685587982518,0.3144068956081543,0.5104506858262573
18.784242695000216,0.31454371323026403,0.5104506858262573
18.78666521175421,0.3146805308523738,0.5104506858262573
18.790862133406563,0.3148173484744835,0.5104506858262573
18.79992435943973,0.31495416609659327,0.5104506858262573
18.800802473863655,0.31495416609659327,0.5107772697583279
18.802934585801268,0.31495416609659327,0.5111038536903985
18.80452127792705,0.315090983718703,0.5111038536903985
18.80741611767212,0.3152278013408127,0.5111038536903985
18.811978456854604,0.31536461896292245,0.5111038536903985
18.839779310605763,0.31550143658503216,0.5111038536903985
18.841303902911022,0.31563825420714187,0.5111038536903985
18.867180529261987,0.31577507182925163,0.5111038536903985
18.876947372910422,0.31591188945136134,0.5111038536903985
18.88280641062181,0.31604870707347105,0.5111038536903985
18.899267650235856,0.3161855246955808,0.5111038536903985
18.900358961356346,0.3163223423176905,0.5111038536903985
18.904066521440996,0.3164591599398002,0.5111038536903985
18.907271758919137,0.3164591599398002,0.511430437622469
18.925253301387215,0.31659597756191,0.511430437622469
18.92701048228787,0.3167327951840197,0.511430437622469
18.94126231558414,0.3167327951840197,0.5117570215545395
18.942507411154452,0.3168696128061294,0.5117570215545395
18.95128990530145,0.31700643042823917,0.5117570215545395
18.95321874530748,0.3171432480503489,0.5117570215545395
18.953701808558776,0.3172800656724586,0.5117570215545395
18.961071530133722,0.3172800656724586,0.51208360548661
18.961677162056276,0.31741688329456835,0.51208360548661
18.961898033517173,0.31755370091667806,0.51208360548661
18.963141117021337,0.31769051853878777,0.51208360548661
18.98854740600757,0.31782733616089753,0.51208360548661
18.991441202780493,0.31796415378300724,0.51208360548661
18.992187800817874,0.318100971405117,0.51208360548661
18.99808854871344,0.3182377890272267,0.51208360548661
19.003024592528277,0.3183746066493364,0.51208360548661
19.003608630346775,0.3183746066493364,0.5124101894186806
19.01901252965456,0.3185114242714462,0.5124101894186806
19.02010411875858,0.3186482418935559,0.5124101894186806
19.021165323458035,0.3187850595156656,0.5124101894186806
19.022760449081147,0.31892187713777537,0.5124101894186806
19.025586199113377,0.3190586947598851,0.5124101894186806
19.02655022801548,0.3191955123819948,0.5124101894186806
19.027108530213695,0.3191955123819948,0.5127367733507512
19.03770574185478,0.31933233000410455,0.5127367733507512
19.03771077778231,0.31933233000410455,0.5130633572828217
19.03948367280657,0.31933233000410455,0.5133899412148922
19.041794747664426,0.31946914762621426,0.5133899412148922
19.043569860728553,0.31960596524832396,0.5133899412148922
19.043898267761165,0.31960596524832396,0.5137165251469628
19.045235314684305,0.31974278287043373,0.5137165251469628
19.046113672923752,0.31987960049254344,0.5137165251469628
19.04998677548099,0.31987960049254344,0.5140431090790333
19.056303449954044,0.32001641811465315,0.5140431090790333
19.057428107445276,0.3201532357367629,0.5140431090790333
19.060566861305688,0.3201532357367629,0.5143696930111038
19.061996046667673,0.3202900533588726,0.5143696930111038
19.06352214909475,0.3204268709809823,0.5143696930111038
19.06843202851792,0.3205636886030921,0.5143696930111038
19.07303021333894,0.3207005062252018,0.5143696930111038
19.077973090287628,0.3208373238473115,0.5143696930111038
19.079831052189434,0.32097414146942127,0.5143696930111038
19.08006848539526,0.32097414146942127,0.5146962769431744
19.085497511192784,0.321110959091531,0.5146962769431744
19.086333825779775,0.32124777671364074,0.5146962769431744
19.096206216199676,0.32138459433575045,0.5146962769431744
19.101164118260613,0.32138459433575045,0.515022860875245
19.102470539603132,0.32152141195786016,0.515022860875245
19.103457021813483,0.32152141195786016,0.5153494448073155
19.10740892006436,0.32152141195786016,0.515676028739386
19.11184644346372,0.3216582295799699,0.515676028739386
19.113968520110916,0.32179504720207963,0.515676028739386
19.13354594614532,0.32193186482418934,0.515676028739386
19.145002691714353,0.3220686824462991,0.515676028739386
19.15490313418502,0.3220686824462991,0.5160026126714565
19.155439456343515,0.3222055000684088,0.5160026126714565
19.158707692748635,0.3222055000684088,0.516329196603527
19.158830473648322,0.3223423176905185,0.516329196603527
19.159181219297693,0.3224791353126283,0.516329196603527
19.170732460372392,0.322615952934738,0.516329196603527
19.1743517970491,0.3227527705568477,0.516329196603527
19.183929363411153,0.32288958817895747,0.516329196603527
19.190096313224558,0.3230264058010672,0.516329196603527
19.19325200576725,0.3231632234231769,0.516329196603527
19.208296567032562,0.32330004104528665,0.516329196603527
19.213838767200627,0.32343685866739635,0.516329196603527
19.21402247758624,0.32343685866739635,0.5166557805355977
19.22135210575493,0.32357367628950606,0.5166557805355977
19.2289887713265,0.32357367628950606,0.5169823644676682
19.235648409757687,0.3237104939116158,0.5169823644676682
19.248266188657226,0.32384731153372553,0.5169823644676682
19.24957018242162,0.32384731153372553,0.5173089483997387
19.253664198521733,0.3239841291558353,0.5173089483997387
19.256487611780358,0.324120946777945,0.5173089483997387
19.261136331324565,0.3242577644000547,0.5173089483997387
19.265650544395953,0.3243945820221645,0.5173089483997387
19.273066945786013,0.3245313996442742,0.5173089483997387
19.28647468535496,0.3246682172663839,0.5173089483997387
19.290144587022496,0.32480503488849366,0.5173089483997387
19.29337158631847,0.32494185251060337,0.5173089483997387
19.297927694789223,0.32494185251060337,0.5176355323318093
19.299779079643372,0.3250786701327131,0.5176355323318093
19.30208392097245,0.3250786701327131,0.5179621162638798
19.303465378848955,0.32521548775482284,0.5179621162638798
19.30642701454974,0.32521548775482284,0.5182887001959504
19.306861924116788,0.32535230537693255,0.5182887001959504
19.31390899667349,0.32548912299904226,0.5182887001959504
19.316669440530745,0.325625940621152,0.5182887001959504
19.3194542346032,0.325625940621152,0.5186152841280209
19.319509422785927,0.32576275824326173,0.5186152841280209
19.327012329442255,0.32589957586537144,0.5186152841280209
19.33270319717792,0.3260363934874812,0.5186152841280209
19.345101398381416,0.3260363934874812,0.5189418680600915
19.348124079714353,0.3261732111095909,0.5189418680600915
19.357641464266635,0.3263100287317006,0.5189418680600915
19.36270809076734,0.3264468463538104,0.5189418680600915
19.36503475316772,0.3265836639759201,0.5189418680600915
19.36756448674862,0.3267204815980298,0.5189418680600915
19.371519850895424,0.32685729922013956,0.5189418680600915
19.37638159822609,0.32699411684224927,0.5189418680600915
19.376776639829018,0.32699411684224927,0.519268451992162
19.3840255478068,0.32713093446435904,0.519268451992162
19.385213093914444,0.32713093446435904,0.5195950359242325
19.387722311854304,0.32726775208646874,0.5195950359242325
19.407591801864214,0.32740456970857845,0.5195950359242325
19.41957807619417,0.32740456970857845,0.519921619856303
19.420871447318177,0.3275413873306882,0.519921619856303
19.424049706219307,0.3276782049527979,0.519921619856303
19.432244210425324,0.32781502257490763,0.519921619856303
19.438851887375677,0.3279518401970174,0.519921619856303
19.441709608474298,0.3279518401970174,0.5202482037883737
19.442545022399827,0.3279518401970174,0.5205747877204442
19.445738836713076,0.3279518401970174,0.5209013716525147
19.458893622722258,0.3280886578191271,0.5209013716525147
19.47897331505203,0.3282254754412368,0.5209013716525147
19.48419834762592,0.3283622930633466,0.5209013716525147
19.495202820504915,0.3284991106854563,0.5209013716525147
19.495800190717546,0.328635928307566,0.5209013716525147
19.50172306466345,0.32877274592967576,0.5209013716525147
19.503322087705442,0.32890956355178547,0.5209013716525147
19.50530857357319,0.3290463811738952,0.5209013716525147
19.506097220091306,0.3290463811738952,0.5212279555845852
19.536656818259644,0.32918319879600494,0.5212279555845852
19.539696040654576,0.32932001641811465,0.5212279555845852
19.54349604707818,0.32945683404022436,0.5212279555845852
19.546788238129352,0.3295936516623341,0.5212279555845852
19.547529787368262,0.32973046928444383,0.5212279555845852
19.56500080034732,0.3298672869065536,0.5212279555845852
19.57683508434468,0.3300041045286633,0.5212279555845852
19.57763435466609,0.330140922150773,0.5212279555845852
19.592099724311197,0.3302777397728828,0.5212279555845852
19.59603062338192,0.3304145573949925,0.5212279555845852
19.603629419792128,0.3304145573949925,0.5215545395166558
19.605928695505668,0.3305513750171022,0.5215545395166558
19.606963327427138,0.33068819263921195,0.5215545395166558
19.61016580195985,0.33068819263921195,0.5218811234487263
19.613734334805827,0.33082501026132166,0.5218811234487263
19.61583946986957,0.33096182788343137,0.5218811234487263
19.618544032912723,0.33109864550554113,0.5218811234487263
19.634149451754638,0.33123546312765084,0.5218811234487263
19.63646386105404,0.33137228074976055,0.5218811234487263
19.640831125116392,0.3315090983718703,0.5218811234487263
19.650774118649224,0.33164591599398,0.5218811234487263
19.65618061682926,0.33178273361608973,0.5218811234487263
19.657203360031417,0.3319195512381995,0.5218811234487263
19.664354863615472,0.3320563688603092,0.5218811234487263
19.664687028789558,0.3321931864824189,0.5218811234487263
19.666621977566933,0.3323300041045287,0.5218811234487263
19.67095819531994,0.3324668217266384,0.5218811234487263
19.6719488710753,0.3326036393487481,0.5218811234487263
19.675856851414096,0.33274045697085786,0.5218811234487263
19.680562981671187,0.33287727459296756,0.5218811234487263
19.681955251165505,0.33287727459296756,0.5222077073807969
19.683166774217625,0.33301409221507733,0.5222077073807969
19.6879104448235,0.33315090983718704,0.5222077073807969
19.692226550153805,0.33315090983718704,0.5225342913128674
19.69272246705782,0.33328772745929675,0.5225342913128674
19.69702875071016,0.3334245450814065,0.5225342913128674
19.699906005623347,0.3335613627035162,0.5225342913128674
19.70225245002598,0.3336981803256259,0.5225342913128674
19.70555845964884,0.3338349979477357,0.5225342913128674
19.713676577547176,0.3338349979477357,0.522860875244938
19.7207966475803,0.3339718155698454,0.522860875244938
19.734383027030617,0.3341086331919551,0.522860875244938
19.735896041178307,0.33424545081406487,0.522860875244938
19.736147176731947,0.3343822684361746,0.522860875244938
19.769822963992056,0.3345190860582843,0.522860875244938
19.773681448639422,0.33465590368039405,0.522860875244938
19.795552690799013,0.33479272130250376,0.522860875244938
19.798122575756224,0.33492953892461347,0.522860875244938
19.807661670539233,0.33506635654672323,0.522860875244938
19.809272492266928,0.33520317416883294,0.522860875244938
19.815911272486346,0.33533999179094265,0.522860875244938
19.818142973029694,0.3354768094130524,0.522860875244938
19.824635636523794,0.3356136270351621,0.522860875244938
19.826765513688088,0.33575044465727183,0.522860875244938
19.829068861358223,0.3358872622793816,0.522860875244938
19.82913248959369,0.3358872622793816,0.5231874591770085
19.850069915826793,0.3360240799014913,0.5231874591770085
19.858112275616804,0.33616089752360107,0.5231874591770085
19.8589666887691,0.33616089752360107,0.523514043109079
19.87276352919855,0.3362977151457108,0.523514043109079
19.89295628476964,0.3364345327678205,0.523514043109079
19.900993548201768,0.33657135038993025,0.523514043109079
19.903272575444817,0.33670816801203995,0.523514043109079
19.907376163824097,0.33670816801203995,0.5238406270411495
19.914504511792302,0.33684498563414966,0.5238406270411495
19.962064672005795,0.3369818032562594,0.5238406270411495
19.991993645311254,0.3369818032562594,0.5241672109732202
20.011405574404762,0.3369818032562594,0.5244937949052907
20.021132744890224,0.3369818032562594,0.5248203788373612
20.021264459446797,0.33711862087836914,0.5248203788373612
20.026478478819968,0.33725543850047884,0.5248203788373612
20.030224724090772,0.3373922561225886,0.5248203788373612
20.036131010009512,0.3375290737446983,0.5248203788373612
20.036557449864404,0.337665891366808,0.5248203788373612
20.045416521146763,0.3378027089889178,0.5248203788373612
20.051267582118953,0.3378027089889178,0.5251469627694317
20.06343037055342,0.3379395266110275,0.5251469627694317
20.0703966331522,0.3380763442331372,0.5251469627694317
20.074582317461704,0.3380763442331372,0.5254735467015023
20.07724265266029,0.33821316185524697,0.5254735467015023
20.080617545281825,0.3383499794773567,0.5254735467015023
20.082673863258492,0.3384867970994664,0.5254735467015023
20.093606069404245,0.3384867970994664,0.5258001306335728
20.09900134535519,0.3384867970994664,0.5261267145656434
20.09926602146561,0.33862361472157615,0.5261267145656434
20.099686308771766,0.33876043234368586,0.5261267145656434
20.100340038057766,0.3388972499657956,0.5261267145656434
20.10320685285376,0.3388972499657956,0.5264532984977139
20.106992740060946,0.33903406758790533,0.5264532984977139
20.11059997700636,0.33903406758790533,0.5267798824297845
20.112803847435885,0.33917088521001504,0.5267798824297845
20.113380263657405,0.3393077028321248,0.5267798824297845
20.114723422624706,0.3393077028321248,0.527106466361855
20.121100061164043,0.3394445204542345,0.527106466361855
20.129244256892548,0.3394445204542345,0.5274330502939255
20.13572293255106,0.3394445204542345,0.527759634225996
20.14954552871677,0.3395813380763442,0.527759634225996
20.166691166367627,0.339718155698454,0.527759634225996
20.174201438169234,0.3398549733205637,0.527759634225996
20.181596869033115,0.3399917909426734,0.527759634225996
20.18194836480825,0.34012860856478316,0.527759634225996
20.21355059748487,0.34026542618689287,0.527759634225996
20.219840660903742,0.3404022438090026,0.527759634225996
20.221349937634045,0.34053906143111234,0.527759634225996
20.225540167975055,0.34067587905322205,0.527759634225996
20.22984905566682,0.34081269667533176,0.527759634225996
20.234641627010433,0.3409495142974415,0.527759634225996
20.246931708224906,0.34108633191955123,0.527759634225996
20.254208555425407,0.34122314954166094,0.527759634225996
20.257325324771728,0.3413599671637707,0.527759634225996
20.286282986424794,0.3414967847858804,0.527759634225996
20.288704670151674,0.3416336024079901,0.527759634225996
20.29510907368615,0.3417704200300999,0.527759634225996
20.324925294547256,0.3419072376522096,0.527759634225996
20.32784607489907,0.34204405527431936,0.527759634225996
20.329123044491894,0.34218087289642907,0.527759634225996
20.33708622021993,0.3423176905185388,0.527759634225996
20.337678931966707,0.34245450814064854,0.527759634225996
20.345350751510296,0.34245450814064854,0.5280862181580667
20.34811197401575,0.34259132576275825,0.5280862181580667
20.357381714784992,0.34259132576275825,0.5284128020901372
20.364129625160672,0.34259132576275825,0.5287393860222077
20.374723029520965,0.34259132576275825,0.5290659699542782
20.39077674279781,0.34272814338486796,0.5290659699542782
20.391463192477886,0.3428649610069777,0.5290659699542782
20.399010387773842,0.34300177862908743,0.5290659699542782
20.40849958466754,0.34313859625119714,0.5290659699542782
20.41764600411466,0.3432754138733069,0.5290659699542782
20.431717468933016,0.3434122314954166,0.5290659699542782
20.43675511472452,0.3435490491175263,0.5290659699542782
20.44994939750825,0.3436858667396361,0.5290659699542782
20.461200926324068,0.3438226843617458,0.5290659699542782
20.463158936451805,0.3439595019838555,0.5290659699542782
20.469674733000602,0.34409631960596526,0.5290659699542782
20.470072066430703,0.34423313722807497,0.5290659699542782
20.476984985242098,0.3443699548501847,0.5290659699542782
20.495983477157324,0.34450677247229444,0.5290659699542782
20.496732734270836,0.34464359009440415,0.5290659699542782
20.50907919744884,0.3447804077165139,0.5290659699542782
20.50952242574465,0.3449172253386236,0.5290659699542782
20.51253900864822,0.34505404296073333,0.5290659699542782
20.51410637270692,0.34505404296073333,0.5293925538863488
20.522527541408863,0.3451908605828431,0.5293925538863488
20.523082551270477,0.3453276782049528,0.5293925538863488
20.523248334314644,0.3453276782049528,0.5297191378184193
20.52735094547961,0.3453276782049528,0.5300457217504899
20.53035500067483,0.3454644958270625,0.5300457217504899
20.530636997442002,0.3456013134491723,0.5300457217504899
20.533656852053014,0.345738131071282,0.5300457217504899
20.53624068758336,0.3458749486933917,0.5300457217504899
20.54051898873263,0.34601176631550146,0.5300457217504899
20.549869537082486,0.34614858393761117,0.5300457217504899
20.5596769611426,0.3462854015597209,0.5300457217504899
20.562881481511454,0.34642221918183064,0.5300457217504899
20.566985553323548,0.34655903680394035,0.5300457217504899
20.576516323282817,0.34669585442605005,0.5300457217504899
20.603822974522586,0.3468326720481598,0.5300457217504899
20.61808970976051,0.3469694896702695,0.5300457217504899
20.625320636023503,0.34710630729237923,0.5300457217504899
20.636065719302678,0.347243124914489,0.5300457217504899
20.650584433767904,0.3473799425365987,0.5300457217504899
20.670944195055085,0.3473799425365987,0.5303723056825604
20.679515507372912,0.3473799425365987,0.530698889614631
20.684937856033457,0.3473799425365987,0.5310254735467015
20.685754891862985,0.3473799425365987,0.531352057478772
20.70104882133694,0.3473799425365987,0.5316786414108425
20.701741987854348,0.3475167601587084,0.5316786414108425
20.70913784124457,0.3476535777808182,0.5316786414108425
20.71451625917632,0.3477903954029279,0.5316786414108425
20.718269749465776,0.3477903954029279,0.5320052253429132
20.730083424329564,0.34792721302503765,0.5320052253429132
20.753623570505397,0.34806403064714736,0.5320052253429132
20.754609535095597,0.34806403064714736,0.5323318092749837
20.75516429433617,0.34806403064714736,0.5326583932070542
20.759246348860756,0.34806403064714736,0.5329849771391247
20.769953980139917,0.34820084826925707,0.5329849771391247
20.77278432006017,0.34833766589136683,0.5329849771391247
20.78160295316343,0.34847448351347654,0.5329849771391247
20.78631103449061,0.34861130113558625,0.5329849771391247
20.789030059252013,0.34861130113558625,0.5333115610711953
20.79786225681903,0.34861130113558625,0.5336381450032658
20.802719697614293,0.348748118757696,0.5336381450032658
20.802897341377502,0.3488849363798057,0.5336381450032658
20.811468003534742,0.34902175400191543,0.5336381450032658
20.819469917337187,0.3491585716240252,0.5336381450032658
20.851371831204574,0.3492953892461349,0.5336381450032658
20.864891540766507,0.3494322068682446,0.5336381450032658
20.865258624468083,0.3495690244903544,0.5336381450032658
20.877679290527453,0.3497058421124641,0.5336381450032658
20.888407587356028,0.3498426597345738,0.5336381450032658
20.924609838403967,0.34997947735668355,0.5336381450032658
20.926046214869075,0.34997947735668355,0.5339647289353364
20.933844324049005,0.35011629497879326,0.5339647289353364
20.93595898236515,0.35025311260090297,0.5339647289353364
20.941676323944648,0.35038993022301274,0.5339647289353364
20.98740046969965,0.35052674784512244,0.5339647289353364
20.998041391448055,0.35052674784512244,0.5342913128674069
21.00692832334221,0.35066356546723215,0.5342913128674069
21.01391717662125,0.3508003830893419,0.5342913128674069
21.014995950694242,0.3509372007114516,0.5342913128674069
21.019337033764828,0.3510740183335614,0.5342913128674069
21.024453869438275,0.3510740183335614,0.5346178967994775
21.025390149678174,0.3512108359556711,0.5346178967994775
21.028821268646425,0.3512108359556711,0.534944480731548
21.038039258833578,0.3512108359556711,0.5352710646636185
21.041993634342248,0.3513476535777808,0.5352710646636185
21.048523057309353,0.35148447119989057,0.5352710646636185
21.055471892093237,0.3516212888220003,0.5352710646636185
21.062672209761786,0.3516212888220003,0.5355976485956891
21.063288160935826,0.35175810644411,0.5355976485956891
21.071835154882365,0.35189492406621975,0.5355976485956891
21.075898457356857,0.35203174168832946,0.5355976485956891
21.080853322033477,0.35216855931043917,0.5355976485956891
21.101601380740476,0.35230537693254893,0.5355976485956891
21.103511985736304,0.35244219455465864,0.5355976485956891
21.10841982737429,0.35257901217676835,0.5355976485956891
21.111849406355987,0.3527158297988781,0.5355976485956891
21.1135873666384,0.3527158297988781,0.5359242325277597
21.128038435776148,0.3528526474209878,0.5359242325277597
21.13597231398353,0.3528526474209878,0.5362508164598302
21.150592503665166,0.35298946504309753,0.5362508164598302
21.151015965398756,0.35298946504309753,0.5365774003919007
21.166005473526297,0.3531262826652073,0.5365774003919007
21.16859810090307,0.3531262826652073,0.5369039843239712
21.168606336310404,0.353263100287317,0.5369039843239712
21.173921498163736,0.3533999179094267,0.5369039843239712
21.187696058446022,0.3533999179094267,0.5372305682560418
21.188337709239136,0.3535367355315365,0.5372305682560418
21.19468012899813,0.3536735531536462,0.5372305682560418
21.200346368680925,0.3536735531536462,0.5375571521881124
21.210321601564146,0.3536735531536462,0.5378837361201829
21.222716919493905,0.35381037077575594,0.5378837361201829
21.22678442851179,0.35394718839786565,0.5378837361201829
21.242839407699307,0.35408400601997536,0.5378837361201829
21.24995310361146,0.3542208236420851,0.5378837361201829
21.253457866340796,0.35435764126419483,0.5378837361201829
21.26075943503031,0.35449445888630454,0.5378837361201829
21.2661520162211,0.3546312765084143,0.5378837361201829
21.274634181887905,0.354768094130524,0.5378837361201829
21.277756734926356,0.3549049117526337,0.5378837361201829
21.283794374015883,0.3550417293747435,0.5378837361201829
21.285237109845184,0.3550417293747435,0.5382103200522534
21.28766729466031,0.3551785469968532,0.5382103200522534
21.292445943828852,0.3551785469968532,0.538536903984324
21.299595322570667,0.3553153646189629,0.538536903984324
21.303558602328508,0.35545218224107267,0.538536903984324
21.30511265246423,0.3555889998631824,0.538536903984324
21.310281482043365,0.3557258174852921,0.538536903984324
21.316115431385697,0.35586263510740185,0.538536903984324
21.3276374168222,0.35586263510740185,0.5388634879163945
21.333918899162654,0.35586263510740185,0.539190071848465
21.342117333717397,0.35586263510740185,0.5395166557805356
21.352643925083157,0.35599945272951156,0.5395166557805356
21.373283308741975,0.35613627035162126,0.5395166557805356
21.374872560702215,0.35627308797373103,0.5395166557805356
21.376303339628407,0.35640990559584074,0.5395166557805356
21.387130446378137,0.35654672321795045,0.5395166557805356
21.390068210569098,0.3566835408400602,0.5395166557805356
21.39265788380021,0.3568203584621699,0.5395166557805356
21.39347775655665,0.3569571760842797,0.5395166557805356
21.400283485077807,0.3569571760842797,0.5398432397126062
21.433615395698098,0.3570939937063894,0.5398432397126062
21.442834838511544,0.3572308113284991,0.5398432397126062
21.442861920499013,0.3572308113284991,0.5401698236446767
21.451509625757808,0.35736762895060886,0.5401698236446767
21.457221885491776,0.35750444657271857,0.5401698236446767
21.45851441991522,0.3576412641948283,0.5401698236446767
21.464037734974454,0.35777808181693804,0.5401698236446767
21.46465751991377,0.35791489943904775,0.5401698236446767
21.474614091977855,0.35791489943904775,0.5404964075767472
21.480525831871546,0.35791489943904775,0.5408229915088177
21.48124578792374,0.35805171706115746,0.5408229915088177
21.483036346301674,0.3581885346832672,0.5408229915088177
21.4840272079374,0.3581885346832672,0.5411495754408883
21.495609006447694,0.35832535230537693,0.5411495754408883
21.499863702028733,0.35846216992748664,0.5411495754408883
21.506426586932093,0.3585989875495964,0.5411495754408883
21.509044299443417,0.3587358051717061,0.5411495754408883
21.52353754597243,0.3588726227938158,0.5411495754408883
21.526738591304934,0.3590094404159256,0.5411495754408883
21.528607325908183,0.3590094404159256,0.5414761593729589
21.531651357898795,0.3590094404159256,0.5418027433050294
21.552812866617842,0.3590094404159256,0.5421293272371
21.553997195501097,0.3591462580380353,0.5421293272371
21.565055359235544,0.359283075660145,0.5421293272371
21.58412877355329,0.35941989328225477,0.5421293272371
21.597540726401576,0.35941989328225477,0.5424559111691705
21.601042267993876,0.3595567109043645,0.5424559111691705
21.6089190225606,0.3596935285264742,0.5424559111691705
21.6314793911248,0.35983034614858395,0.5424559111691705
21.67012449360641,0.35983034614858395,0.542782495101241
21.677104660058262,0.35996716377069365,0.542782495101241
21.680348388562606,0.35996716377069365,0.5431090790333115
21.68540613027585,0.35996716377069365,0.5434356629653821
21.694302797229966,0.3601039813928034,0.5434356629653821
21.696503681268837,0.3601039813928034,0.5437622468974527
21.697235857400983,0.3601039813928034,0.5440888308295232
21.70529569427049,0.3602407990149131,0.5440888308295232
21.70531372321136,0.36037761663702284,0.5440888308295232
21.716275006638625,0.3605144342591326,0.5440888308295232
21.71971002901614,0.3606512518812423,0.5440888308295232
21.725332706658946,0.3606512518812423,0.5444154147615937
21.725397493671835,0.360788069503352,0.5444154147615937
21.729745734311678,0.3609248871254618,0.5444154147615937
21.733299225419728,0.3610617047475715,0.5444154147615937
21.733962885801702,0.3611985223696812,0.5444154147615937
21.742182715066633,0.36133533999179096,0.5444154147615937
21.75087378599403,0.36133533999179096,0.5447419986936642
21.75729304080005,0.36147215761390067,0.5447419986936642
21.75865104154059,0.3616089752360104,0.5447419986936642
21.759876882400363,0.36174579285812014,0.5447419986936642
21.767880178986957,0.36188261048022985,0.5447419986936642
21.778012493239657,0.36201942810233956,0.5447419986936642
21.78300583113503,0.3621562457244493,0.5447419986936642
21.78887178120442,0.36229306334655903,0.5447419986936642
21.80262465912608,0.36242988096866874,0.5447419986936642
21.809668742853432,0.3625666985907785,0.5447419986936642
21.811311520390404,0.3627035162128882,0.5447419986936642
21.81680568171282,0.3627035162128882,0.5450685826257348
21.817285075626273,0.362840333834998,0.5450685826257348
21.82115485818815,0.3629771514571077,0.5450685826257348
21.826762680306388,0.3631139690792174,0.5450685826257348
21.829124981375116,0.36325078670132716,0.5450685826257348
21.831304694379924,0.36338760432343686,0.5450685826257348
21.837917710785632,0.36352442194554657,0.5450685826257348
21.840845525588406,0.36366123956765634,0.5450685826257348
21.85387646289678,0.36379805718976604,0.5450685826257348
21.864708264383353,0.36379805718976604,0.5453951665578054
21.878075582432984,0.36393487481187575,0.5453951665578054
21.886007389791757,0.3640716924339855,0.5453951665578054
21.89896887600537,0.3642085100560952,0.5453951665578054
21.90017421527341,0.36434532767820493,0.5453951665578054
21.902608618864974,0.3644821453003147,0.5453951665578054
21.904549340291396,0.3646189629224244,0.5453951665578054
21.92126287522126,0.3646189629224244,0.5457217504898759
21.925937057738565,0.3647557805445341,0.5457217504898759
21.92657912902405,0.3648925981666439,0.5457217504898759
21.933597196243454,0.3650294157887536,0.5457217504898759
21.940062147086337,0.3651662334108633,0.5457217504898759
21.946684499187995,0.3651662334108633,0.5460483344219464
21.94985264022671,0.36530305103297306,0.5460483344219464
21.959042263648826,0.36543986865508277,0.5460483344219464
21.963850438917575,0.3655766862771925,0.5460483344219464
21.976652656021315,0.36571350389930224,0.5460483344219464
21.991041349694342,0.36585032152141195,0.5460483344219464
21.998083723539594,0.36585032152141195,0.546374918354017
22.000359639290537,0.3659871391435217,0.546374918354017
22.005509218027214,0.3661239567656314,0.546374918354017
22.032060789702427,0.36626077438774113,0.546374918354017
22.034977082282694,0.3663975920098509,0.546374918354017
22.03712254833033,0.3665344096319606,0.546374918354017
22.051454452613825,0.3666712272540703,0.546374918354017
22.06808856530415,0.3668080448761801,0.546374918354017
22.07205879598405,0.3669448624982898,0.546374918354017
22.077791862920662,0.3669448624982898,0.5467015022860875
22.079081974875862,0.3670816801203995,0.5467015022860875
22.086157934489506,0.36721849774250925,0.5467015022860875
22.10125087733718,0.36735531536461896,0.5467015022860875
22.103146149412964,0.36749213298672867,0.5467015022860875
22.104841525636743,0.36762895060883843,0.5467015022860875
22.111815667996666,0.36776576823094814,0.5467015022860875
22.11690671523661,0.36776576823094814,0.547028086218158
22.119120966215974,0.36790258585305785,0.547028086218158
22.129004470797554,0.36790258585305785,0.5473546701502287
22.133353662705304,0.3680394034751676,0.5473546701502287
22.140059480168134,0.3681762210972773,0.5473546701502287
22.14406643877237,0.3681762210972773,0.5476812540822992
22.148597697218406,0.36831303871938703,0.5476812540822992
22.156606758511657,0.3684498563414968,0.5476812540822992
22.178791653869666,0.3684498563414968,0.5480078380143697
22.198660394683543,0.3685866739636065,0.5480078380143697
22.199903970806645,0.36872349158571627,0.5480078380143697
22.21774852723263,0.368860309207826,0.5480078380143697
22.222765360819608,0.368860309207826,0.5483344219464402
22.226748452082575,0.3689971268299357,0.5483344219464402
22.231466853709662,0.36913394445204545,0.5483344219464402
22.232936572566246,0.36927076207415516,0.5483344219464402
22.238779158066336,0.36927076207415516,0.5486610058785107
22.25074289881468,0.36940757969626487,0.5486610058785107
22.251462943598654,0.36954439731837463,0.5486610058785107
22.252359100589615,0.36968121494048434,0.5486610058785107
22.262680845746445,0.36981803256259405,0.5486610058785107
22.26401113022189,0.3699548501847038,0.5486610058785107
22.26841482672205,0.3700916678068135,0.5486610058785107
22.26906446019575,0.3702284854289232,0.5486610058785107
22.28121007684524,0.370365303051033,0.5486610058785107
22.28896512587255,0.3705021206731427,0.5486610058785107
22.302656783678117,0.3706389382952524,0.5486610058785107
22.30670305715671,0.3706389382952524,0.5489875898105813
22.313746927936904,0.37077575591736217,0.5489875898105813
22.328430130254105,0.37077575591736217,0.5493141737426519
22.333542926616587,0.3709125735394719,0.5493141737426519
22.339239801510416,0.3710493911615816,0.5493141737426519
22.35004056562434,0.37118620878369135,0.5493141737426519
22.35900397641774,0.37132302640580106,0.5493141737426519
22.36525531793859,0.37145984402791077,0.5493141737426519
22.37329462912396,0.37159666165002053,0.5493141737426519
22.37360911993403,0.37173347927213024,0.5493141737426519
22.379577822292845,0.37187029689424,0.5493141737426519
22.379739722561453,0.3720071145163497,0.5493141737426519
22.392545105253816,0.3721439321384594,0.5493141737426519
22.407172616930097,0.3721439321384594,0.5496407576747224
22.415049200389035,0.3722807497605692,0.5496407576747224
22.415402126808544,0.3724175673826789,0.5496407576747224
22.417606296466715,0.3725543850047886,0.5496407576747224
22.418313763021843,0.3725543850047886,0.549967341606793
22.427318416075195,0.37269120262689837,0.549967341606793
22.438737272980575,0.3728280202490081,0.549967341606793
22.443051845740797,0.3729648378711178,0.549967341606793
22.446437153243664,0.37310165549322755,0.549967341606793
22.450616769624048,0.37323847311533725,0.549967341606793
22.456689973956713,0.37323847311533725,0.5502939255388635
22.45961617810235,0.37337529073744696,0.5502939255388635
22.464004794949233,0.37337529073744696,0.550620509470934
22.474590482845997,0.3735121083595567,0.550620509470934
22.47770907769268,0.37364892598166644,0.550620509470934
22.479722464640986,0.37364892598166644,0.5509470934030045
22.48014580598783,0.37378574360377614,0.5509470934030045
22.48516851657473,0.37378574360377614,0.5512736773350752
22.50607917318723,0.3739225612258859,0.5512736773350752
22.510137178630544,0.3740593788479956,0.5512736773350752
22.511844949265083,0.3740593788479956,0.5516002612671457
22.513414136905908,0.3741961964701053,0.5516002612671457
22.514420153749825,0.3743330140922151,0.5516002612671457
22.520559163590974,0.3744698317143248,0.5516002612671457
22.52893174386986,0.3744698317143248,0.5519268451992162
22.53051858501817,0.3744698317143248,0.5522534291312867
22.54058151100196,0.3744698317143248,0.5525800130633572
22.541469770209346,0.3746066493364345,0.5525800130633572
22.546432249986537,0.37474346695854427,0.5525800130633572
22.548870092412244,0.374880284580654,0.5525800130633572
22.56839380614076,0.374880284580654,0.5529065969954279
22.572996093021402,0.37501710220276374,0.5529065969954279
22.573677089854414,0.37501710220276374,0.5532331809274984
22.573842588094976,0.37515391982487345,0.5532331809274984
22.575463363893164,0.37529073744698316,0.5532331809274984
22.577390179130475,0.37529073744698316,0.5535597648595689
22.579650320961832,0.3754275550690929,0.5535597648595689
22.585501891128843,0.3754275550690929,0.5538863487916394
22.58734763110988,0.37556437269120263,0.5538863487916394
22.606063639631998,0.37556437269120263,0.55421293272371
22.609126817299853,0.37570119031331234,0.55421293272371
22.62211891430934,0.3758380079354221,0.55421293272371
22.627612405089167,0.3759748255575318,0.55421293272371
22.631613592509666,0.3759748255575318,0.5545395166557805
22.63714713293166,0.3761116431796415,0.5545395166557805
22.639905722627418,0.3762484608017513,0.5545395166557805
22.64240686126618,0.376385278423861,0.5545395166557805
22.646937731052844,0.3765220960459707,0.5545395166557805
22.65763677664529,0.37665891366808046,0.5545395166557805
22.66321611200499,0.3767957312901902,0.5545395166557805
22.66920855334763,0.3769325489122999,0.5545395166557805
22.675533690586008,0.3769325489122999,0.5548661005878511
22.677449208650273,0.37706936653440964,0.5548661005878511
22.67993627068688,0.37720618415651935,0.5548661005878511
22.683382737031025,0.37734300177862906,0.5548661005878511
22.68626936013152,0.3774798194007388,0.5548661005878511
22.6875508338735,0.37761663702284853,0.5548661005878511
22.693744839579836,0.3777534546449583,0.5548661005878511
22.695583964861044,0.377890272267068,0.5548661005878511
22.69621360266126,0.3780270898891777,0.5548661005878511
22.697618632051217,0.3781639075112875,0.5548661005878511
22.6990372519316,0.3781639075112875,0.5551926845199217
22.70049711134925,0.3783007251333972,0.5551926845199217
22.712115785703645,0.3784375427555069,0.5551926845199217
22.72224341542278,0.37857436037761666,0.5551926845199217
22.72395611410377,0.37871117799972637,0.5551926845199217
22.724906710322557,0.37871117799972637,0.5555192684519922
22.748174406658904,0.3788479956218361,0.5555192684519922
22.749887323811095,0.3788479956218361,0.5558458523840627
22.752668226778724,0.37898481324394584,0.5558458523840627
22.75313951467774,0.37912163086605555,0.5558458523840627
22.7551108116636,0.37925844848816526,0.5558458523840627
22.76294073929455,0.379395266110275,0.5558458523840627
22.779259192438076,0.37953208373238473,0.5558458523840627
22.780044191003185,0.37966890135449444,0.5558458523840627
22.78083978812174,0.3798057189766042,0.5558458523840627
22.782226489856953,0.3799425365987139,0.5558458523840627
22.78379820858686,0.3800793542208236,0.5558458523840627
22.784544823285046,0.3802161718429334,0.5558458523840627
22.788630656729197,0.3803529894650431,0.5558458523840627
22.794694078744783,0.3804898070871528,0.5558458523840627
22.795887316107155,0.38062662470926256,0.5558458523840627
22.797511104972727,0.38076344233137227,0.5558458523840627
22.79753350001647,0.38090025995348203,0.5558458523840627
22.804392169952166,0.38103707757559174,0.5558458523840627
22.805659799412865,0.38117389519770145,0.5558458523840627
22.805786700907674,0.3813107128198112,0.5558458523840627
22.829080351815833,0.3813107128198112,0.5561724363161332
22.83466641104428,0.3814475304419209,0.5561724363161332
22.856980860400085,0.38158434806403063,0.5561724363161332
22.874305241366642,0.3817211656861404,0.5561724363161332
22.880151805414584,0.3818579833082501,0.5561724363161332
22.881038981919005,0.3818579833082501,0.5564990202482037
22.884082810469636,0.3819948009303598,0.5564990202482037
22.889411990627536,0.3821316185524696,0.5564990202482037
22.88944865228939,0.3822684361745793,0.5564990202482037
22.89921900164859,0.382405253796689,0.5564990202482037
22.900212271846613,0.38254207141879876,0.5564990202482037
22.902153731735893,0.38267888904090847,0.5564990202482037
22.90613488319218,0.3828157066630182,0.5564990202482037
22.90735302740461,0.38295252428512794,0.5564990202482037
22.908563652394832,0.38295252428512794,0.5568256041802744
22.912224408647035,0.38308934190723765,0.5568256041802744
22.91370934484121,0.38308934190723765,0.5571521881123449
22.91426775300897,0.38308934190723765,0.5574787720444154
22.93956129964124,0.38322615952934735,0.5574787720444154
22.939865111556514,0.38322615952934735,0.557805355976486
22.943873470910034,0.3833629771514571,0.557805355976486
22.947971876216798,0.3834997947735668,0.557805355976486
22.95496530599644,0.3836366123956766,0.557805355976486
22.958999391878024,0.3837734300177863,0.557805355976486
22.959265454761976,0.383910247639896,0.557805355976486
22.95991970850855,0.38404706526200577,0.557805355976486
22.961795379066984,0.3841838828841155,0.557805355976486
22.966269715395356,0.3843207005062252,0.557805355976486
22.968835087636762,0.38445751812833495,0.557805355976486
22.969969645478727,0.38459433575044466,0.557805355976486
22.97576224303566,0.38459433575044466,0.5581319399085565
22.97903382459242,0.38459433575044466,0.558458523840627
22.980752883029027,0.38473115337255437,0.558458523840627
22.98602260541361,0.38473115337255437,0.5587851077726976
22.98810589316963,0.38486797099466413,0.5587851077726976
22.988768423085958,0.38500478861677384,0.5587851077726976
23.00593219050654,0.38514160623888355,0.5587851077726976
23.00628774268955,0.3852784238609933,0.5587851077726976
23.013124559731864,0.385415241483103,0.5587851077726976
23.017225517527436,0.38555205910521273,0.5587851077726976
23.01733046725883,0.3856888767273225,0.5587851077726976
23.029181455603634,0.3856888767273225,0.5591116917047682
23.030465632794403,0.3858256943494322,0.5591116917047682
23.034303514027783,0.3859625119715419,0.5591116917047682
23.035455366774386,0.3860993295936517,0.5591116917047682
23.035690831118814,0.3862361472157614,0.5591116917047682
23.040925413088985,0.3863729648378711,0.5591116917047682
23.04630764183844,0.38650978245998086,0.5591116917047682
23.060341520414795,0.38650978245998086,0.5594382756368387
23.065780694052933,0.38664660008209056,0.5594382756368387
23.076068643904705,0.3867834177042003,0.5594382756368387
23.07994621707485,0.3867834177042003,0.5597648595689092
23.081603968963805,0.38692023532631004,0.5597648595689092
23.089840734586573,0.38705705294841974,0.5597648595689092
23.090024987328093,0.3871938705705295,0.5597648595689092
23.091935617607646,0.3873306881926392,0.5597648595689092
23.09642567607216,0.3874675058147489,0.5597648595689092
23.10657253296472,0.3874675058147489,0.5600914435009797
23.11032391327808,0.3876043234368587,0.5600914435009797
23.112228088862253,0.3876043234368587,0.5604180274330502
23.124662234419134,0.3876043234368587,0.5607446113651209
23.139398084104528,0.3877411410589684,0.5607446113651209
23.143675563661645,0.3877411410589684,0.5610711952971914
23.14916523861416,0.3878779586810781,0.5610711952971914
23.156803402364744,0.3878779586810781,0.5613977792292619
23.1579918993491,0.38801477630318787,0.5613977792292619
23.15809183689248,0.38801477630318787,0.5617243631613325
23.165019742190225,0.38801477630318787,0.562050947093403
23.17036946394876,0.3881515939252976,0.562050947093403
23.170430163286596,0.3881515939252976,0.5623775310254735
23.189308336586237,0.3882884115474073,0.5623775310254735
23.198002009608103,0.3882884115474073,0.5627041149575441
23.198471784657045,0.38842522916951705,0.5627041149575441
23.20554816803667,0.38842522916951705,0.5630306988896147
23.211939073641474,0.38842522916951705,0.5633572828216852
23.218170901667122,0.38856204679162676,0.5633572828216852
23.22753955643202,0.38869886441373647,0.5633572828216852
23.232115073702516,0.38883568203584623,0.5633572828216852
23.234303428997805,0.38897249965795594,0.5633572828216852
23.26077759224529,0.38897249965795594,0.5636838667537557
23.261228461482915,0.38910931728006565,0.5636838667537557
23.269973115727907,0.3892461349021754,0.5636838667537557
23.27183495702741,0.3893829525242851,0.5636838667537557
23.2769191758008,0.38951977014639483,0.5636838667537557
23.280691859250396,0.38951977014639483,0.5640104506858262
23.28239169218466,0.3896565877685046,0.5640104506858262
23.2997102653477,0.3897934053906143,0.5640104506858262
23.306255665719846,0.38993022301272406,0.5640104506858262
23.31042066671455,0.3900670406348338,0.5640104506858262
23.323293764153163,0.3902038582569435,0.5640104506858262
23.33086931180162,0.39034067587905324,0.5640104506858262
23.335714067419985,0.39047749350116295,0.5640104506858262
23.342341014152794,0.39047749350116295,0.5643370346178967
23.36538230856854,0.39061431112327266,0.5643370346178967
23.371467639551838,0.3907511287453824,0.5643370346178967
23.379739064554883,0.39088794636749213,0.5643370346178967
23.37990413977991,0.39088794636749213,0.5646636185499674
23.381747834552584,0.39102476398960184,0.5646636185499674
23.384326665699632,0.3911615816117116,0.5646636185499674
23.385548067180935,0.3912983992338213,0.5646636185499674
23.39102998214605,0.391435216855931,0.5646636185499674
23.39289990830912,0.3915720344780408,0.5646636185499674
23.395287666621584,0.3917088521001505,0.5646636185499674
23.408518374632422,0.3917088521001505,0.5649902024820379
23.42381580921426,0.3918456697222602,0.5649902024820379
23.43460674810342,0.39198248734436997,0.5649902024820379
23.43492095503393,0.3921193049664797,0.5649902024820379
23.44409800960318,0.3922561225885894,0.5649902024820379
23.448117034355846,0.39239294021069915,0.5649902024820379
23.451209348243992,0.39252975783280886,0.5649902024820379
23.456565850561333,0.3926665754549186,0.5649902024820379
23.457707449489362,0.39280339307702833,0.5649902024820379
23.4792739651989,0.39294021069913804,0.5649902024820379
23.480114937303597,0.3930770283212478,0.5649902024820379
23.490043541580917,0.3932138459433575,0.5649902024820379
23.505169579098038,0.3933506635654672,0.5649902024820379
23.509398823457104,0.393487481187577,0.5649902024820379
23.512724497445333,0.3936242988096867,0.5649902024820379
23.51510461790781,0.3936242988096867,0.5653167864141084
23.515956266260105,0.3937611164317964,0.5653167864141084
23.518246852127163,0.3937611164317964,0.565643370346179
23.518444155002612,0.39389793405390616,0.565643370346179
23.52041596269828,0.39403475167601587,0.565643370346179
23.526527288660645,0.3941715692981256,0.565643370346179
23.529576326344795,0.39430838692023534,0.565643370346179
23.533510079666257,0.39444520454234505,0.565643370346179
23.53373583133373,0.39458202216445476,0.565643370346179
23.535027161443168,0.3947188397865645,0.565643370346179
23.53545768615811,0.39485565740867423,0.565643370346179
23.541899848270873,0.39499247503078394,0.565643370346179
23.55231847044547,0.3951292926528937,0.565643370346179
23.555145769708474,0.3952661102750034,0.565643370346179
23.55677211636828,0.3952661102750034,0.5659699542782495
23.565896377932177,0.3954029278971131,0.5659699542782495
23.56664811920473,0.3955397455192229,0.5659699542782495
23.570685027618083,0.3956765631413326,0.5659699542782495
23.582779048107568,0.39581338076344236,0.5659699542782495
23.589864282786948,0.39595019838555207,0.5659699542782495
23.59121599277603,0.3960870160076618,0.5659699542782495
23.591320490443422,0.39622383362977154,0.5659699542782495
23.59717736334551,0.39636065125188125,0.5659699542782495
23.609999719559482,0.39636065125188125,0.56629653821032
23.61411268237407,0.39649746887399095,0.56629653821032
23.61596213686005,0.3966342864961007,0.56629653821032
23.620199212054786,0.3967711041182104,0.56629653821032
23.620267454377085,0.39690792174032014,0.56629653821032
23.62147466728561,0.3970447393624299,0.56629653821032
23.62233230467882,0.3971815569845396,0.56629653821032
23.633021251396485,0.3973183746066493,0.56629653821032
23.634093327497112,0.3974551922287591,0.56629653821032
23.63910923835931,0.3974551922287591,0.5666231221423906
23.639366262263138,0.3975920098508688,0.5666231221423906
23.654194642152447,0.3977288274729785,0.5666231221423906
23.65576640077154,0.39786564509508826,0.5666231221423906
23.65959217996931,0.39800246271719797,0.5666231221423906
23.660199645329044,0.39800246271719797,0.5669497060744612
23.666097937872678,0.3981392803393077,0.5669497060744612
23.66816582365982,0.39827609796141744,0.5669497060744612
23.66940921043556,0.39827609796141744,0.5672762900065317
23.67018515922325,0.39841291558352715,0.5672762900065317
23.6734430120639,0.3985497332056369,0.5672762900065317
23.679139986198493,0.3986865508277466,0.5672762900065317
23.68337509735636,0.39882336844985633,0.5672762900065317
23.702084468094768,0.3989601860719661,0.5672762900065317
23.703602842516943,0.3990970036940758,0.5672762900065317
23.707265286147276,0.3992338213161855,0.5672762900065317
23.716676574340113,0.3992338213161855,0.5676028739386022
23.72300035186049,0.3993706389382953,0.5676028739386022
23.72426532491602,0.3993706389382953,0.5679294578706727
23.725587287956046,0.399507456560405,0.5679294578706727
23.729402030791107,0.3996442741825147,0.5679294578706727
23.732898258158002,0.39978109180462446,0.5679294578706727
23.7369317734441,0.39991790942673416,0.5679294578706727
23.741426912039856,0.39991790942673416,0.5682560418027433
23.744404176345938,0.4000547270488439,0.5682560418027433
23.75144334639947,0.40019154467095364,0.5682560418027433
23.75932588235935,0.40019154467095364,0.5685826257348139
23.761713409700974,0.40032836229306334,0.5685826257348139
23.762033515232133,0.40046517991517305,0.5685826257348139
23.775330062549187,0.4006019975372828,0.5685826257348139
23.781143639237484,0.4007388151593925,0.5685826257348139
23.781233165192134,0.4007388151593925,0.5689092096668844
23.787174373118887,0.40087563278150223,0.5689092096668844
23.793983051554278,0.401012450403612,0.5689092096668844
23.79484130022786,0.401012450403612,0.5692357935989549
23.80372944354042,0.401012450403612,0.5695623775310255
23.82673973857152,0.401012450403612,0.569888961463096
23.830949333158514,0.401012450403612,0.5702155453951666
23.844680938428155,0.401012450403612,0.5705421293272371
23.850341052842282,0.4011492680257217,0.5705421293272371
23.851094520424226,0.4012860856478314,0.5705421293272371
23.854377410946768,0.4014229032699412,0.5705421293272371
23.86527511193833,0.4014229032699412,0.5708687132593077
23.868125972120765,0.4014229032699412,0.5711952971913782
23.87671176587071,0.4015597208920509,0.5711952971913782
23.88228522106931,0.40169653851416065,0.5711952971913782
23.882995375168207,0.40183335613627036,0.5711952971913782
23.885471783608978,0.40197017375838007,0.5711952971913782
23.889025305773316,0.40210699138048983,0.5711952971913782
23.89141843534628,0.40224380900259954,0.5711952971913782
23.894851860625067,0.40238062662470925,0.5711952971913782
23.90134280771747,0.402517444246819,0.5711952971913782
23.90294183989124,0.4026542618689287,0.5711952971913782
23.912147989632672,0.40279107949103843,0.5711952971913782
23.91865643948654,0.4029278971131482,0.5711952971913782
23.929638391881667,0.4029278971131482,0.5715218811234487
23.930203778600116,0.4030647147352579,0.5715218811234487
23.930713375744403,0.4030647147352579,0.5718484650555192
23.930954207551736,0.4032015323573676,0.5718484650555192
23.934506713879955,0.4033383499794774,0.5718484650555192
23.935304012656843,0.4034751676015871,0.5718484650555192
23.9360394487569,0.4036119852236968,0.5718484650555192
23.93798492798203,0.40374880284580655,0.5718484650555192
23.939805321921312,0.40388562046791626,0.5718484650555192
23.940352012845324,0.40402243809002597,0.5718484650555192
23.94462786624797,0.40415925571213573,0.5718484650555192
23.950373671423904,0.40429607333424544,0.5718484650555192
23.95369737204851,0.40443289095635515,0.5718484650555192
23.959848201277055,0.4045697085784649,0.5718484650555192
23.974205733871372,0.4047065262005746,0.5718484650555192
23.979184006664923,0.4048433438226844,0.5718484650555192
23.97968516665344,0.4049801614447941,0.5718484650555192
23.982082271281342,0.4051169790669038,0.5718484650555192
23.983092588140835,0.40525379668901357,0.5718484650555192
23.984957479427408,0.4053906143111233,0.5718484650555192
23.985318095238426,0.405527431933233,0.5718484650555192
23.986956035931257,0.40566424955534275,0.5718484650555192
23.98887893245478,0.40580106717745246,0.5718484650555192
23.999969178057768,0.40593788479956217,0.5718484650555192
24.00519439509378,0.40607470242167193,0.5718484650555192
24.00651384735295,0.40621152004378164,0.5718484650555192
24.010118034390985,0.40634833766589135,0.5718484650555192
24.025365921871526,0.4064851552880011,0.5718484650555192
24.027358347448512,0.4064851552880011,0.5721750489875899
24.028092535648284,0.4066219729101108,0.5721750489875899
24.028126686314977,0.4066219729101108,0.5725016329196604
24.032797022739373,0.4066219729101108,0.5728282168517309
24.033466787031216,0.4067587905322205,0.5728282168517309
24.038489811990303,0.4068956081543303,0.5728282168517309
24.04415169115657,0.40703242577644,0.5728282168517309
24.050938450934495,0.4071692433985497,0.5728282168517309
24.051132247527676,0.40730606102065947,0.5728282168517309
24.063349728020626,0.4074428786427692,0.5728282168517309
24.06387333177986,0.40757969626487894,0.5728282168517309
24.066148433072158,0.40771651388698865,0.5728282168517309
24.074101372269638,0.40771651388698865,0.5731548007838014
24.07680203317068,0.40785333150909836,0.5731548007838014
24.08072427013758,0.4079901491312081,0.5731548007838014
24.08270646951007,0.40812696675331783,0.5731548007838014
24.088129409427893,0.40826378437542754,0.5731548007838014
24.090544685522445,0.4084006019975373,0.5731548007838014
24.097783190070913,0.408537419619647,0.5731548007838014
24.098078765032483,0.4086742372417567,0.5731548007838014
24.107171208797695,0.4086742372417567,0.573481384715872
24.119183155780433,0.4088110548638665,0.573481384715872
24.12170657296349,0.4089478724859762,0.573481384715872
24.132315901582956,0.4089478724859762,0.5738079686479425
24.136673962431587,0.4089478724859762,0.5741345525800131
24.145703596328417,0.4090846901080859,0.5741345525800131
24.14686973510993,0.40922150773019567,0.5741345525800131
24.158346842226138,0.4093583253523054,0.5741345525800131
24.162964619177842,0.4093583253523054,0.5744611365120836
24.163926143293452,0.4094951429744151,0.5744611365120836
24.164590168218297,0.40963196059652485,0.5744611365120836
24.164971941919248,0.40976877821863456,0.5744611365120836
24.16900818058366,0.40976877821863456,0.5747877204441542
24.185859591031885,0.40990559584074426,0.5747877204441542
24.18980368769155,0.40990559584074426,0.5751143043762247
24.192786628884164,0.410042413462854,0.5751143043762247
24.198158656501846,0.41017923108496374,0.5751143043762247
24.203953975808986,0.41031604870707344,0.5751143043762247
24.20663738734686,0.4104528663291832,0.5751143043762247
24.208691585673478,0.4105896839512929,0.5751143043762247
24.216556718522952,0.4105896839512929,0.5754408883082952
24.218712336305316,0.4105896839512929,0.5757674722403657
24.22002328104884,0.4107265015734027,0.5757674722403657
24.23221507996766,0.4108633191955124,0.5757674722403657
24.23484462074964,0.4108633191955124,0.5760940561724364
24.238775539376093,0.4110001368176221,0.5760940561724364
24.255060948188316,0.41113695443973186,0.5760940561724364
24.256095480392446,0.41113695443973186,0.5764206401045069
24.26231692619058,0.41127377206184157,0.5764206401045069
24.27278007730831,0.4114105896839513,0.5764206401045069
24.277711474293483,0.41154740730606104,0.5764206401045069
24.2836128402231,0.41154740730606104,0.5767472240365774
24.284360978495897,0.41154740730606104,0.5770738079686479
24.294204824364897,0.41168422492817075,0.5770738079686479
24.307558045931728,0.41182104255028046,0.5770738079686479
24.311089815330774,0.4119578601723902,0.5770738079686479
24.31185099182403,0.41209467779449993,0.5770738079686479
24.312405162135178,0.41223149541660964,0.5770738079686479
24.31949301105442,0.41223149541660964,0.5774003919007185
24.32106702865974,0.4123683130387194,0.5774003919007185
24.321484366560185,0.4123683130387194,0.577726975832789
24.321591097433725,0.4125051306608291,0.577726975832789
24.322484716602162,0.4126419482829388,0.577726975832789
24.3266192170679,0.4127787659050486,0.577726975832789
24.32920354811199,0.4127787659050486,0.5780535597648596
24.330505360304187,0.4127787659050486,0.5783801436969301
24.332460745433423,0.4127787659050486,0.5787067276290007
24.339685263085812,0.4129155835271583,0.5787067276290007
24.34065822209152,0.413052401149268,0.5787067276290007
24.341495512177744,0.41318921877137776,0.5787067276290007
24.342983403997437,0.4133260363934875,0.5787067276290007
24.35221702003696,0.4133260363934875,0.5790333115610712
24.362579024696174,0.41346285401559724,0.5790333115610712
24.364627219679846,0.41346285401559724,0.5793598954931417
24.3692439601773,0.41359967163770694,0.5793598954931417
24.370972056495702,0.41359967163770694,0.5796864794252122
24.371728783745084,0.41373648925981665,0.5796864794252122
24.377684993904268,0.4138733068819264,0.5796864794252122
24.393568620228052,0.4138733068819264,0.5800130633572829
24.401199435936746,0.4140101245040361,0.5800130633572829
24.408685022605482,0.41414694212614583,0.5800130633572829
24.413415860198256,0.4142837597482556,0.5800130633572829
24.4285376889884,0.4144205773703653,0.5800130633572829
24.432500041762523,0.414557394992475,0.5800130633572829
24.457325185684795,0.4146942126145848,0.5800130633572829
24.461348298181065,0.4148310302366945,0.5800130633572829
24.462557502978143,0.4149678478588042,0.5800130633572829
24.472127624341624,0.41510466548091396,0.5800130633572829
24.472328917878258,0.41524148310302367,0.5800130633572829
24.47290428661711,0.4153783007251334,0.5800130633572829
24.47777186650046,0.41551511834724314,0.5800130633572829
24.48160812018682,0.41551511834724314,0.5803396472893534
24.485215720445126,0.41565193596935285,0.5803396472893534
24.486544468811985,0.41578875359146256,0.5803396472893534
24.49741451097077,0.4159255712135723,0.5803396472893534
24.497898459359362,0.41606238883568203,0.5803396472893534
24.522120343534993,0.41606238883568203,0.5806662312214239
24.528567952481467,0.41619920645779174,0.5806662312214239
24.536776933362717,0.4163360240799015,0.5806662312214239
24.552930660817765,0.4163360240799015,0.5809928151534944
24.556454716225403,0.4164728417020112,0.5809928151534944
24.562491829640294,0.416609659324121,0.5809928151534944
24.569830582666896,0.4167464769462307,0.5809928151534944
24.580912693927417,0.4168832945683404,0.5809928151534944
24.58340671119072,0.41702011219045015,0.5809928151534944
24.600452466939146,0.41715692981255986,0.5809928151534944
24.602798664042552,0.41715692981255986,0.581319399085565
24.604072663363354,0.41729374743466957,0.581319399085565
24.61802732281717,0.41743056505677933,0.581319399085565
24.627632616986148,0.41756738267888904,0.581319399085565
24.629880250140218,0.41770420030099875,0.581319399085565
24.632845379504374,0.41770420030099875,0.5816459830176355
24.647600862948366,0.4178410179231085,0.5816459830176355
24.650495120813616,0.4179778355452182,0.5816459830176355
24.667610062282506,0.41811465316732793,0.5816459830176355
24.667643581383572,0.4182514707894377,0.5816459830176355
24.67280248941654,0.4183882884115474,0.5816459830176355
24.675689680157802,0.4185251060336571,0.5816459830176355
24.677849943935712,0.4186619236557669,0.5816459830176355
24.67858794493077,0.4187987412778766,0.5816459830176355
24.678718767410487,0.4189355588999863,0.5816459830176355
24.689466475152017,0.41907237652209606,0.5816459830176355
24.69103716819268,0.41920919414420577,0.5816459830176355
24.693608999486514,0.4193460117663155,0.5816459830176355
24.70395179671266,0.41948282938842524,0.5816459830176355
24.704110765590485,0.41961964701053495,0.5816459830176355
24.707921673225542,0.4197564646326447,0.5816459830176355
24.713009415956662,0.4198932822547544,0.5816459830176355
24.716317449610983,0.4200300998768641,0.5816459830176355
24.71698387805941,0.4201669174989739,0.5816459830176355
24.722278518378857,0.4203037351210836,0.5816459830176355
24.727372712278566,0.4204405527431933,0.5816459830176355
24.72832220872715,0.4204405527431933,0.5819725669497061
24.72858145391615,0.42057737036530307,0.5819725669497061
24.748214189481473,0.42057737036530307,0.5822991508817766
24.762996351709603,0.4207141879874128,0.5822991508817766
24.76884234135821,0.4208510056095225,0.5822991508817766
24.774782148369695,0.4208510056095225,0.5826257348138472
24.786008640462455,0.42098782323163225,0.5826257348138472
24.796974484315683,0.42112464085374196,0.5826257348138472
24.798736884374534,0.42126145847585167,0.5826257348138472
24.804149224826574,0.42139827609796143,0.5826257348138472
24.80664089024617,0.42153509372007114,0.5826257348138472
24.8157337553082,0.42167191134218085,0.5826257348138472
24.816742592563628,0.4218087289642906,0.5826257348138472
24.818387386125323,0.4219455465864003,0.5826257348138472
24.821328033550344,0.42208236420851003,0.5826257348138472
24.83744061769994,0.4222191818306198,0.5826257348138472
24.839727159582708,0.4223559994527295,0.5826257348138472
24.846174651118417,0.42249281707483927,0.5826257348138472
24.85107028872119,0.422629634696949,0.5826257348138472
24.85427630077993,0.4227664523190587,0.5826257348138472
24.856350860281395,0.4227664523190587,0.5829523187459177
24.860489719376687,0.42290326994116845,0.5829523187459177
24.861472484684896,0.42290326994116845,0.5832789026779882
24.863751720439268,0.42304008756327816,0.5832789026779882
24.866059959709787,0.42317690518538786,0.5832789026779882
24.86886012223806,0.4233137228074976,0.5832789026779882
24.875436715401406,0.4233137228074976,0.5836054866100587
24.884778961640563,0.42345054042960734,0.5836054866100587
24.888838778752188,0.42358735805171704,0.5836054866100587
24.890605810786155,0.4237241756738268,0.5836054866100587
24.892824098653364,0.4238609932959365,0.5836054866100587
24.90023729807558,0.4239978109180462,0.5836054866100587
24.902804328244088,0.4239978109180462,0.5839320705421294
24.915175238662073,0.424134628540156,0.5839320705421294
24.91662797095387,0.4242714461622657,0.5839320705421294
24.922127893877928,0.4244082637843754,0.5839320705421294
24.928219824168195,0.42454508140648517,0.5839320705421294
24.929716521857813,0.4246818990285949,0.5839320705421294
24.93878075389364,0.4248187166507046,0.5839320705421294
24.950240139129164,0.42495553427281435,0.5839320705421294
24.96032402327694,0.42495553427281435,0.5842586544741999
24.968344791995946,0.42509235189492406,0.5842586544741999
24.97177018618629,0.42522916951703377,0.5842586544741999
24.97408905688485,0.42536598713914353,0.5842586544741999
24.980630763622457,0.42550280476125324,0.5842586544741999
24.981797804319626,0.42550280476125324,0.5845852384062704
24.995478002075856,0.425639622383363,0.5845852384062704
25.008334011296938,0.4257764400054727,0.5845852384062704
25.014806359725753,0.4259132576275824,0.5845852384062704
25.018055924929172,0.4260500752496922,0.5845852384062704
25.020193927912487,0.4261868928718019,0.5845852384062704
25.02187616524418,0.4263237104939116,0.5845852384062704
25.02919299669793,0.42646052811602136,0.5845852384062704
25.039119157668438,0.4265973457381311,0.5845852384062704
25.05114094660985,0.4267341633602408,0.5845852384062704
25.05380954411885,0.42687098098235055,0.5845852384062704
25.07702124386742,0.42700779860446025,0.5845852384062704
25.077475177482142,0.42700779860446025,0.5849118223383409
25.082618682617067,0.42714461622656996,0.5849118223383409
25.083303277221376,0.42714461622656996,0.5852384062704115
25.084420380354118,0.4272814338486797,0.5852384062704115
25.099662432393302,0.42741825147078943,0.5852384062704115
25.103025383737872,0.42755506909289914,0.5852384062704115
25.106141598804697,0.42755506909289914,0.585564990202482
25.110008481787418,0.42755506909289914,0.5858915741345526
25.111507990222094,0.4276918867150089,0.5858915741345526
25.112851345038507,0.4278287043371186,0.5858915741345526
25.117239422340617,0.4279655219592283,0.5858915741345526
25.11917102726045,0.4281023395813381,0.5858915741345526
25.121323595614285,0.4282391572034478,0.5858915741345526
25.12360294238431,0.4282391572034478,0.5862181580666231
25.126634425109955,0.42837597482555756,0.5862181580666231
25.1308495673411,0.42851279244766727,0.5862181580666231
25.13438499586414,0.428649610069777,0.5862181580666231
25.1353515260339,0.42878642769188674,0.5862181580666231
25.143218049741677,0.42892324531399645,0.5862181580666231
25.147020858145424,0.42892324531399645,0.5865447419986937
25.156768844352655,0.42892324531399645,0.5868713259307642
25.157259401555052,0.42906006293610616,0.5868713259307642
25.15952372089862,0.4291968805582159,0.5868713259307642
25.166167345894905,0.4291968805582159,0.5871979098628347
25.16736690305106,0.42933369818032563,0.5871979098628347
25.176488982510477,0.42933369818032563,0.5875244937949053
25.186183758564653,0.42933369818032563,0.5878510777269759
25.1955064837897,0.42947051580243534,0.5878510777269759
25.211829583567578,0.4296073334245451,0.5878510777269759
25.215190732942915,0.4297441510466548,0.5878510777269759
25.218750647233378,0.4298809686687645,0.5878510777269759
25.22166617871028,0.4300177862908743,0.5878510777269759
25.22526400957156,0.430154603912984,0.5878510777269759
25.23001814039833,0.4302914215350937,0.5878510777269759
25.231490040476388,0.43042823915720346,0.5878510777269759
25.233438914968247,0.43056505677931317,0.5878510777269759
25.244640296376815,0.4307018744014229,0.5878510777269759
25.252668858324455,0.43083869202353264,0.5878510777269759
25.265563749764283,0.43097550964564235,0.5878510777269759
25.26945228727925,0.43111232726775206,0.5878510777269759
25.274718365738636,0.4312491448898618,0.5878510777269759
25.29777271231012,0.43138596251197153,0.5878510777269759
25.30257967060652,0.4315227801340813,0.5878510777269759
25.308204598597058,0.431659597756191,0.5878510777269759
25.30893776400228,0.431659597756191,0.5881776616590464
25.311407522557033,0.4317964153783007,0.5881776616590464
25.31930961215278,0.4319332330004105,0.5881776616590464
25.323706142906076,0.4320700506225202,0.5881776616590464
25.325113562737897,0.4322068682446299,0.5881776616590464
25.326081139222424,0.43234368586673966,0.5881776616590464
25.32670284304902,0.43248050348884937,0.5881776616590464
25.338147248068708,0.4326173211109591,0.5881776616590464
25.34151063636864,0.43275413873306884,0.5881776616590464
25.341882152152834,0.43275413873306884,0.5885042455911169
25.34361895919767,0.43289095635517855,0.5885042455911169
25.345127831198283,0.43302777397728826,0.5885042455911169
25.360141461732496,0.433164591599398,0.5885042455911169
25.36218050407058,0.4333014092215077,0.5885042455911169
25.365523531695658,0.4333014092215077,0.5888308295231874
25.36755240893808,0.43343822684361744,0.5888308295231874
25.370847434909706,0.4335750444657272,0.5888308295231874
25.37997408557328,0.4337118620878369,0.5888308295231874
25.384701353398555,0.4338486797099466,0.5888308295231874
25.386527628295767,0.4338486797099466,0.589157413455258
25.396816896810833,0.4339854973320564,0.589157413455258
25.397469054849125,0.4341223149541661,0.589157413455258
25.39868928459441,0.4342591325762758,0.589157413455258
25.398915695852565,0.43439595019838556,0.589157413455258
25.407804910929258,0.43453276782049527,0.589157413455258
25.41593501783018,0.43466958544260503,0.589157413455258
25.42439702796912,0.43466958544260503,0.5894839973873286
25.436048142101185,0.43466958544260503,0.5898105813193991
25.44841112278948,0.43480640306471474,0.5898105813193991
25.461003679879923,0.43494322068682445,0.5898105813193991
25.480434868167436,0.4350800383089342,0.5898105813193991
25.487875754253082,0.4350800383089342,0.5901371652514696
25.506009098027562,0.4352168559310439,0.5901371652514696
25.50646812384366,0.43535367355315363,0.5901371652514696
25.507355090993315,0.4354904911752634,0.5901371652514696
25.508433354767476,0.4356273087973731,0.5901371652514696
25.517972982302922,0.4357641264194828,0.5901371652514696
25.524867100604865,0.4359009440415926,0.5901371652514696
25.530218879060385,0.4359009440415926,0.5904637491835402
25.53605671084631,0.4359009440415926,0.5907903331156107
25.536799269323865,0.4360377616637023,0.5907903331156107
25.53720691179649,0.436174579285812,0.5907903331156107
25.53729020142532,0.43631139690792176,0.5907903331156107
25.537937338999882,0.43644821453003146,0.5907903331156107
25.541307993772875,0.4365850321521412,0.5907903331156107
25.548951198150917,0.43672184977425094,0.5907903331156107
25.549512969277544,0.43685866739636064,0.5907903331156107
25.55106975258377,0.43685866739636064,0.5911169170476812
25.551986087953196,0.43699548501847035,0.5911169170476812
25.555081511801745,0.4371323026405801,0.5911169170476812
25.55618198634056,0.4371323026405801,0.5914435009797518
25.558076563327518,0.4372691202626898,0.5914435009797518
25.558634218181282,0.4374059378847996,0.5914435009797518
25.560625499107005,0.4375427555069093,0.5914435009797518
25.565447986956883,0.437679573129019,0.5914435009797518
25.56785013389333,0.43781639075112877,0.5914435009797518
25.56789498502576,0.4379532083732385,0.5914435009797518
25.56947794281257,0.4379532083732385,0.5917700849118224
25.581366098179046,0.4380900259953482,0.5917700849118224
25.593272350184293,0.4380900259953482,0.5920966688438929
25.59801977257291,0.43822684361745795,0.5920966688438929
25.607959683529998,0.43836366123956766,0.5920966688438929
25.613732386117135,0.43850047886167737,0.5920966688438929
25.614266298848406,0.43863729648378713,0.5920966688438929
25.614585845368993,0.43877411410589684,0.5920966688438929
25.615308658818208,0.43891093172800655,0.5920966688438929
25.61560369177107,0.4390477493501163,0.5920966688438929
25.634320968786028,0.439184566972226,0.5920966688438929
25.635378361407902,0.43932138459433573,0.5920966688438929
25.63592974579649,0.4394582022164455,0.5920966688438929
25.637750769543118,0.4395950198385552,0.5920966688438929
25.639230713202437,0.4397318374606649,0.5920966688438929
25.65017555483155,0.4398686550827747,0.5920966688438929
25.66114963982386,0.4400054727048844,0.5920966688438929
25.664632153729713,0.4401422903269941,0.5920966688438929
25.665514612891684,0.44027910794910385,0.5920966688438929
25.673690153309167,0.44041592557121356,0.5920966688438929
25.675159869358936,0.4405527431933233,0.5920966688438929
25.67679933614238,0.44068956081543303,0.5920966688438929
25.67740632697064,0.44082637843754274,0.5920966688438929
25.678928744009113,0.44082637843754274,0.5924232527759634
25.68749877711093,0.44082637843754274,0.5927498367080339
25.693042095932924,0.4409631960596525,0.5927498367080339
25.693337346475914,0.4411000136817622,0.5927498367080339
25.69768868271126,0.4412368313038719,0.5927498367080339
25.700628774152392,0.4413736489259817,0.5927498367080339
25.703739177512603,0.4415104665480914,0.5927498367080339
25.71846766371914,0.4415104665480914,0.5930764206401045
25.7194084399257,0.4416472841702011,0.5930764206401045
25.722734057379625,0.44178410179231087,0.5930764206401045
25.72825953527206,0.44178410179231087,0.5934030045721751
25.729216355311223,0.4419209194144206,0.5934030045721751
25.746416521243646,0.4420577370365303,0.5934030045721751
25.74949867510304,0.44219455465864005,0.5934030045721751
25.7496131389197,0.44233137228074976,0.5934030045721751
25.749736537748845,0.44246818990285947,0.5934030045721751
25.757312980956954,0.44260500752496923,0.5934030045721751
25.760060161992556,0.44274182514707894,0.5934030045721751
25.760682668758818,0.44287864276918865,0.5934030045721751
25.767890789717853,0.4430154603912984,0.5934030045721751
25.776242960639138,0.4431522780134081,0.5934030045721751
25.77659775673726,0.4432890956355179,0.5934030045721751
25.78266962656653,0.4434259132576276,0.5934030045721751
25.784381525246886,0.4435627308797373,0.5934030045721751
25.78583544875039,0.4435627308797373,0.5937295885042456
25.799350063586417,0.44369954850184706,0.5937295885042456
25.80105095503302,0.44383636612395677,0.5937295885042456
25.80346482939774,0.4439731837460665,0.5937295885042456
25.812019915461292,0.44411000136817624,0.5937295885042456
25.818474914957733,0.44424681899028595,0.5937295885042456
25.819560125713906,0.4445204542345054,0.5937295885042456
25.82578354077259,0.44465727185661513,0.5937295885042456
25.82695769404029,0.44479408947872484,0.5937295885042456
25.830123407052724,0.4449309071008346,0.5937295885042456
25.830230504607243,0.4450677247229443,0.5937295885042456
25.83423578466261,0.445204542345054,0.5937295885042456
25.835244089887397,0.445204542345054,0.5940561724363161
25.845774685235938,0.4453413599671638,0.5940561724363161
25.84696723660511,0.4454781775892735,0.5940561724363161
25.870185072878712,0.4454781775892735,0.5943827563683867
25.873206257642096,0.4456149952113832,0.5943827563683867
25.874327466654222,0.44575181283349297,0.5943827563683867
25.87650372763119,0.44575181283349297,0.5947093403004572
25.885232365516117,0.4458886304556027,0.5947093403004572
25.886407561020064,0.4460254480777124,0.5947093403004572
25.89099619987394,0.44616226569982215,0.5947093403004572
25.891521962102274,0.44629908332193186,0.5947093403004572
25.89726960836549,0.4464359009440416,0.5947093403004572
25.90225821514673,0.4465727185661513,0.5947093403004572
25.9085618349651,0.44670953618826104,0.5947093403004572
25.90979942382137,0.4468463538103708,0.5947093403004572
25.912780679218372,0.4469831714324805,0.5947093403004572
25.9189650391163,0.4469831714324805,0.5950359242325277
25.92004074468798,0.4471199890545902,0.5950359242325277
25.92225083848473,0.4472568066767,0.5950359242325277
25.925577110638983,0.4472568066767,0.5953625081645983
25.928464536816136,0.4472568066767,0.5956890920966689
25.93657106371279,0.4473936242988097,0.5956890920966689
25.94465682751627,0.4473936242988097,0.5960156760287394
25.944808220707046,0.4475304419209194,0.5960156760287394
25.94530976427461,0.44766725954302916,0.5960156760287394
25.945613143323385,0.44780407716513887,0.5960156760287394
25.951426611142324,0.44780407716513887,0.5963422599608099
25.952790891648306,0.4479408947872486,0.5963422599608099
25.953295134682662,0.44807771240935834,0.5963422599608099
25.954739143387087,0.44821453003146805,0.5963422599608099
25.965871286626566,0.44835134765357776,0.5963422599608099
25.966928949457042,0.4484881652756875,0.5963422599608099
25.968176338424428,0.44862498289779723,0.5963422599608099
25.968454900943925,0.44876180051990694,0.5963422599608099
25.971977686315427,0.4488986181420167,0.5963422599608099
25.977576015035766,0.4488986181420167,0.5966688438928804
25.977980083455122,0.4488986181420167,0.596995427824951
25.98436040867307,0.4490354357641264,0.596995427824951
25.99221990302715,0.4490354357641264,0.5973220117570216
25.99565621350837,0.4491722533862361,0.5973220117570216
26.002301322202243,0.4493090710083459,0.5973220117570216
26.006839365578912,0.4494458886304556,0.5973220117570216
26.00971563668236,0.44958270625256536,0.5973220117570216
26.022171968162752,0.44971952387467506,0.5973220117570216
26.024702234736083,0.44971952387467506,0.5976485956890921
26.025791368393925,0.4498563414967848,0.5976485956890921
26.026177032692885,0.44999315911889454,0.5976485956890921
26.028350172737532,0.45012997674100425,0.5976485956890921
26.032462253076687,0.45026679436311395,0.5976485956890921
26.03336061006462,0.4504036119852237,0.5976485956890921
26.036416241394818,0.4505404296073334,0.5976485956890921
26.039243478151775,0.45067724722944313,0.5976485956890921
26.05075448942364,0.45067724722944313,0.5979751796211626
26.053979122310352,0.4508140648515529,0.5979751796211626
26.054385500042713,0.4509508824736626,0.5979751796211626
26.056622260438417,0.4510877000957723,0.5979751796211626
26.060601662973,0.4512245177178821,0.5979751796211626
26.062712472999124,0.4512245177178821,0.5983017635532332
26.06827366865275,0.4513613353399918,0.5983017635532332
26.070356003072106,0.4514981529621015,0.5983017635532332
26.094955588077028,0.45163497058421126,0.5983017635532332
26.09825166823009,0.45163497058421126,0.5986283474853037
26.10211543889841,0.45163497058421126,0.5989549314173742
26.103190742642482,0.45177178820632097,0.5989549314173742
26.1042229880037,0.4519086058284307,0.5989549314173742
26.10508123432703,0.45204542345054044,0.5989549314173742
26.116469364173668,0.45218224107265015,0.5989549314173742
26.116516715805346,0.4523190586947599,0.5989549314173742
26.116591473058975,0.4524558763168696,0.5989549314173742
26.120453926122877,0.4524558763168696,0.5992815153494448
26.136968205110065,0.45259269393897933,0.5992815153494448
26.13744291425121,0.4527295115610891,0.5992815153494448
26.14375741497895,0.4528663291831988,0.5992815153494448
26.14740503766859,0.4530031468053085,0.5992815153494448
26.14794450709121,0.4531399644274183,0.5992815153494448
26.150027088849924,0.4531399644274183,0.5996080992815154
26.152402856992808,0.453276782049528,0.5996080992815154
26.15367750812277,0.453276782049528,0.5999346832135859
26.154760601074486,0.4534135996716377,0.5999346832135859
26.162732317108407,0.4534135996716377,0.6002612671456564
26.172804938702143,0.45355041729374745,0.6002612671456564
26.17825618829704,0.45368723491585716,0.6002612671456564
26.180733555754387,0.45382405253796687,0.6002612671456564
26.191181969302193,0.45396087016007663,0.6002612671456564
26.197624888673886,0.45409768778218634,0.6002612671456564
26.203042499263574,0.45423450540429605,0.6002612671456564
26.205727019934898,0.4543713230264058,0.6002612671456564
26.213558545947535,0.4545081406485155,0.6002612671456564
26.213885419291387,0.45464495827062523,0.6002612671456564
26.218230099008565,0.454781775892735,0.6002612671456564
26.22093529939457,0.4549185935148447,0.6002612671456564
26.225343242773533,0.4550554111369544,0.6002612671456564
26.22620058454845,0.4551922287590642,0.6002612671456564
26.226891777139485,0.4551922287590642,0.6005878510777269
26.227605397962066,0.4553290463811739,0.6005878510777269
26.229510472420316,0.45546586400328365,0.6005878510777269
26.230064724783347,0.45560268162539336,0.6005878510777269
26.23089041006517,0.45560268162539336,0.6009144350097975
26.233133921173703,0.45560268162539336,0.6012410189418681
26.235300201559994,0.45573949924750307,0.6012410189418681
26.235639575519485,0.45587631686961283,0.6012410189418681
26.235704313112365,0.45601313449172254,0.6012410189418681
26.24147192208966,0.45614995211383225,0.6012410189418681
26.249648735727646,0.456286769735942,0.6012410189418681
26.271002335421827,0.4564235873580517,0.6012410189418681
26.2757138283215,0.4564235873580517,0.6015676028739386
26.281753598328805,0.4565604049801614,0.6015676028739386
26.29449613811198,0.4566972226022712,0.6015676028739386
26.29459343540907,0.4568340402243809,0.6015676028739386
26.294659900356237,0.4569708578464906,0.6015676028739386
26.297379666107076,0.45710767546860037,0.6015676028739386
26.303622946989776,0.4572444930907101,0.6015676028739386
26.31564695674831,0.4573813107128198,0.6015676028739386
26.323010954790902,0.4573813107128198,0.6018941868060091
26.3278168679185,0.4573813107128198,0.6022207707380797
26.331873244588223,0.45751812833492955,0.6022207707380797
26.335796809501858,0.45765494595703926,0.6022207707380797
26.336771880028778,0.45765494595703926,0.6025473546701502
26.353876204641665,0.45779176357914897,0.6025473546701502
26.35613677457252,0.45792858120125873,0.6025473546701502
26.357795406213427,0.45806539882336844,0.6025473546701502
26.360054184030673,0.45820221644547815,0.6025473546701502
26.367443367754618,0.45820221644547815,0.6028739386022207
26.36973276704873,0.45820221644547815,0.6032005225342914
26.373841900686443,0.4583390340675879,0.6032005225342914
26.37969507861783,0.4583390340675879,0.6035271064663619
26.383180566987903,0.4584758516896976,0.6035271064663619
26.3842162676043,0.4584758516896976,0.6038536903984324
26.38593776308005,0.4584758516896976,0.6041802743305029
26.38748919871182,0.4586126693118074,0.6041802743305029
26.392913056583552,0.4587494869339171,0.6041802743305029
26.394729852824412,0.4587494869339171,0.6045068582625734
26.395825190846153,0.4588863045560268,0.6045068582625734
26.41601921241454,0.45902312217813657,0.6045068582625734
26.423139096563887,0.4591599398002463,0.6045068582625734
26.42322276403638,0.4591599398002463,0.6048334421946441
26.423260585458024,0.4591599398002463,0.6051600261267146
26.42811015119628,0.459296757422356,0.6051600261267146
26.431540555190395,0.45943357504446575,0.6051600261267146
26.434972901873493,0.45957039266657546,0.6051600261267146
26.43685975442486,0.45970721028868516,0.6051600261267146
26.44625446316161,0.45984402791079493,0.6051600261267146
26.449340562918337,0.45998084553290464,0.6051600261267146
26.44938956860085,0.46011766315501434,0.6051600261267146
26.45140115235938,0.4602544807771241,0.6051600261267146
26.460020015194914,0.4602544807771241,0.6054866100587851
26.46325108472763,0.4602544807771241,0.6058131939908556
26.463628498561548,0.4603912983992338,0.6058131939908556
26.464327894954863,0.4605281160213435,0.6058131939908556
26.466835375189362,0.4605281160213435,0.6061397779229262
26.4693104396963,0.4606649336434533,0.6061397779229262
26.47494454634227,0.460801751265563,0.6061397779229262
26.47791688007635,0.4609385688876727,0.6061397779229262
26.478111844685714,0.46107538650978247,0.6061397779229262
26.4784478175834,0.4612122041318922,0.6061397779229262
26.482910466282988,0.46134902175400194,0.6061397779229262
26.483662868664965,0.46148583937611165,0.6061397779229262
26.49261511048087,0.46162265699822136,0.6061397779229262
26.499243752728148,0.4617594746203311,0.6061397779229262
26.508028398121382,0.46189629224244083,0.6061397779229262
26.510015834413934,0.46203310986455054,0.6061397779229262
26.510750834993473,0.46203310986455054,0.6064663618549967
26.5110564408119,0.46203310986455054,0.6067929457870673
26.512116399421075,0.4621699274866603,0.6067929457870673
26.513550781372487,0.46230674510877,0.6067929457870673
26.520521386813357,0.4624435627308797,0.6067929457870673
26.52105379843681,0.4625803803529895,0.6067929457870673
26.521534075243153,0.4627171979750992,0.6067929457870673
26.52263698453885,0.4628540155972089,0.6067929457870673
26.533238174800772,0.46299083321931866,0.6067929457870673
26.538528599969595,0.4631276508414284,0.6067929457870673
26.545097686983922,0.4632644684635381,0.6067929457870673
26.54511927293788,0.46340128608564785,0.6067929457870673
26.54947427243792,0.46340128608564785,0.6071195297191379
26.553610056671573,0.46353810370775755,0.6071195297191379
26.55589165686024,0.46367492132986726,0.6071195297191379
26.558582518323988,0.463811738951977,0.6071195297191379
26.564938431764176,0.463811738951977,0.6074461136512084
26.57019085336526,0.46394855657408673,0.6074461136512084
26.575782431672337,0.46408537419619644,0.6074461136512084
26.581852562082304,0.4642221918183062,0.6074461136512084
26.582446258732716,0.4643590094404159,0.6074461136512084
26.58536403218193,0.4644958270625257,0.6074461136512084
26.587972440175236,0.4646326446846354,0.6074461136512084
26.590928636197532,0.4647694623067451,0.6074461136512084
26.595870992433106,0.46490627992885486,0.6074461136512084
26.597995829848173,0.46490627992885486,0.6077726975832789
26.603824771653194,0.46504309755096457,0.6077726975832789
26.60739163331425,0.4651799151730743,0.6077726975832789
26.607747311561525,0.4651799151730743,0.6080992815153494
26.610249434529464,0.46531673279518404,0.6080992815153494
26.615725229753252,0.46545355041729375,0.6080992815153494
26.619845615283793,0.46559036803940346,0.6080992815153494
26.620354229839904,0.4657271856615132,0.6080992815153494
26.623392108339203,0.46586400328362293,0.6080992815153494
26.623554342219563,0.46586400328362293,0.60842586544742
26.627651154687896,0.46600082090573264,0.60842586544742
26.63182299326536,0.4661376385278424,0.60842586544742
26.63268999459865,0.4662744561499521,0.60842586544742
26.643718152335396,0.4664112737720618,0.60842586544742
26.65124501747198,0.4665480913941716,0.60842586544742
26.652898405186193,0.4666849090162813,0.60842586544742
26.65641533051462,0.466821726638391,0.60842586544742
26.660698339940723,0.46695854426050076,0.60842586544742
26.664373775861122,0.46709536188261047,0.60842586544742
26.669712174765664,0.46723217950472024,0.60842586544742
26.66978736189901,0.46736899712682994,0.60842586544742
26.670285382736665,0.46736899712682994,0.6087524493794906
26.673060648885212,0.46750581474893965,0.6087524493794906
26.690085581585777,0.46750581474893965,0.6090790333115611
26.69102154229131,0.4676426323710494,0.6090790333115611
26.706794026475905,0.4677794499931591,0.6090790333115611
26.71084694017702,0.4677794499931591,0.6094056172436316
26.713431124250747,0.46791626761526883,0.6094056172436316
26.722361876141235,0.4680530852373786,0.6094056172436316
26.72415631375202,0.4681899028594883,0.6094056172436316
26.727532923573108,0.468326720481598,0.6094056172436316
26.73484192471733,0.4684635381037078,0.6094056172436316
26.74325923913807,0.4686003557258175,0.6094056172436316
26.749310447224957,0.4687371733479272,0.6094056172436316
26.750898779705267,0.46887399097003696,0.6094056172436316
26.758631038793624,0.46887399097003696,0.6097322011757021
26.762617882096833,0.46901080859214667,0.6097322011757021
26.76573642092478,0.4691476262142564,0.6097322011757021
26.7689580412474,0.46928444383636614,0.6097322011757021
26.771147309591356,0.46942126145847585,0.6097322011757021
26.772415419870867,0.46955807908058556,0.6097322011757021
26.77398642888045,0.4696948967026953,0.6097322011757021
26.777255102717277,0.469831714324805,0.6097322011757021
26.780458375221315,0.46996853194691474,0.6097322011757021
26.7809224483467,0.4701053495690245,0.6097322011757021
26.785551754005155,0.4702421671911342,0.6097322011757021
26.785859667878526,0.47037898481324397,0.6097322011757021
26.78792482480617,0.47037898481324397,0.6100587851077727
26.791507782067242,0.4705158024353537,0.6100587851077727
26.802972336960693,0.4705158024353537,0.6103853690398432
26.808508300664244,0.4706526200574634,0.6103853690398432
26.813978489293845,0.47078943767957315,0.6103853690398432
26.830165465144773,0.47092625530168286,0.6103853690398432
26.843581602957215,0.47092625530168286,0.6107119529719138
26.8521991260576,0.47092625530168286,0.6110385369039844
26.852354180765474,0.47106307292379257,0.6110385369039844
26.856135992822487,0.47106307292379257,0.6113651208360549
26.85996535329639,0.47106307292379257,0.6116917047681254
26.88364316158004,0.47119989054590233,0.6116917047681254
26.888892482162532,0.47133670816801204,0.6116917047681254
26.889468275112336,0.47147352579012175,0.6116917047681254
26.899611279101805,0.4716103434122315,0.6116917047681254
26.91170609258461,0.4717471610343412,0.6116917047681254
26.914099685763404,0.47188397865645093,0.6116917047681254
26.916042796693887,0.4720207962785607,0.6116917047681254
26.917345194992777,0.4720207962785607,0.6120182887001959
26.920039781953847,0.4721576139006704,0.6120182887001959
26.92443927687168,0.4722944315227801,0.6120182887001959
26.935115446641134,0.4724312491448899,0.6120182887001959
26.941521932292517,0.4724312491448899,0.6123448726322664
26.9448241376042,0.4725680667669996,0.6123448726322664
26.94793970964713,0.4727048843891093,0.6123448726322664
26.949724605956476,0.47284170201121906,0.6123448726322664
26.95779041303149,0.47297851963332876,0.6123448726322664
26.961028320651735,0.4731153372554385,0.6123448726322664
26.96902761357785,0.47325215487754824,0.6123448726322664
26.983887123117142,0.47338897249965795,0.6123448726322664
26.986371264655645,0.47338897249965795,0.6126714565643371
26.990527692199976,0.4735257901217677,0.6126714565643371
26.995675879071086,0.4736626077438774,0.6126714565643371
26.99675356376042,0.4737994253659871,0.6126714565643371
27.001744282696677,0.4739362429880969,0.6126714565643371
27.00676923108381,0.4740730606102066,0.6126714565643371
27.014824428418024,0.4742098782323163,0.6126714565643371
27.041958845558383,0.4742098782323163,0.6129980404964076
27.04249684226454,0.47434669585442607,0.6129980404964076
27.04930177909398,0.4744835134765358,0.6129980404964076
27.049430583058438,0.4746203310986455,0.6129980404964076
27.051693532104537,0.4746203310986455,0.6133246244284781
27.058917294948174,0.4746203310986455,0.6136512083605487
27.059789380787834,0.47475714872075525,0.6136512083605487
27.06237104741092,0.47489396634286496,0.6136512083605487
27.06428883407159,0.47489396634286496,0.6139777922926192
27.06584520152876,0.47503078396497467,0.6139777922926192
27.066339164550868,0.47503078396497467,0.6143043762246897
27.06927685913945,0.47516760158708443,0.6143043762246897
27.073935550251917,0.47530441920919414,0.6143043762246897
27.07939576092599,0.47544123683130385,0.6143043762246897
27.080641497026704,0.4755780544534136,0.6143043762246897
27.092394799347744,0.4757148720755233,0.6143043762246897
27.10835460252963,0.47585168969763303,0.6143043762246897
27.109079324875097,0.4759885073197428,0.6143043762246897
27.113757277554214,0.4761253249418525,0.6143043762246897
27.114119283576656,0.47626214256396227,0.6143043762246897
27.13179990676383,0.47626214256396227,0.6146309601567603
27.138286807479062,0.476398960186072,0.6146309601567603
27.145230777926372,0.4765357778081817,0.6146309601567603
27.14920484638037,0.47667259543029145,0.6146309601567603
27.14944379594897,0.47680941305240115,0.6146309601567603
27.149892064806636,0.47694623067451086,0.6146309601567603
27.154256734403475,0.47694623067451086,0.6149575440888309
27.15671975396799,0.4770830482966206,0.6149575440888309
27.16119517794118,0.47721986591873033,0.6149575440888309
27.163255797250372,0.47735668354084004,0.6149575440888309
27.164557678266874,0.4774935011629498,0.6149575440888309
27.176695642740697,0.4776303187850595,0.6149575440888309
27.179170472902797,0.4777671364071692,0.6149575440888309
27.18212808007638,0.477903954029279,0.6149575440888309
27.183595601850016,0.4780407716513887,0.6149575440888309
27.184604176160974,0.4781775892734984,0.6149575440888309
27.1917481137383,0.47831440689560817,0.6149575440888309
27.19602392794536,0.47831440689560817,0.6152841280209014
27.201001320018918,0.4784512245177179,0.6152841280209014
27.20150825270275,0.4785880421398276,0.6152841280209014
27.20774583900129,0.47872485976193735,0.6152841280209014
27.213653706407968,0.47886167738404706,0.6152841280209014
27.218866521216228,0.47886167738404706,0.6156107119529719
27.235032202847833,0.47899849500615677,0.6156107119529719
27.239140518105273,0.47913531262826653,0.6156107119529719
27.260007699219386,0.47927213025037624,0.6156107119529719
27.265008997650966,0.47927213025037624,0.6159372958850424
27.275327754370096,0.479408947872486,0.6159372958850424
27.27651430339506,0.4795457654945957,0.6159372958850424
27.277302958759492,0.4796825831167054,0.6159372958850424
27.280958764100887,0.4796825831167054,0.616263879817113
27.28797667689878,0.4796825831167054,0.6165904637491836
27.291103584953134,0.4798194007388152,0.6165904637491836
27.299577422100697,0.4798194007388152,0.6169170476812541
27.302110535003067,0.4798194007388152,0.6172436316133246
27.30727929560919,0.4799562183609249,0.6172436316133246
27.30997630885463,0.4800930359830346,0.6172436316133246
27.317025383623672,0.48022985360514436,0.6172436316133246
27.321651173660257,0.48022985360514436,0.6175702155453952
27.32589042010568,0.48036667122725407,0.6175702155453952
27.326071657337252,0.4805034888493638,0.6175702155453952
27.3265886844722,0.48064030647147354,0.6175702155453952
27.329251618529156,0.48077712409358325,0.6175702155453952
27.334212293128758,0.48091394171569296,0.6175702155453952
27.3348851460039,0.4810507593378027,0.6175702155453952
27.336621005925394,0.48118757695991243,0.6175702155453952
27.34358061728574,0.48132439458202214,0.6175702155453952
27.344927000790335,0.4814612122041319,0.6175702155453952
27.348869468737462,0.4814612122041319,0.6178967994774657
27.353479371578374,0.4815980298262416,0.6178967994774657
27.35494966383476,0.4817348474483513,0.6178967994774657
27.356604540158173,0.4817348474483513,0.6182233834095362
27.357215438349385,0.4818716650704611,0.6182233834095362
27.366921024516046,0.4818716650704611,0.6185499673416068
27.373344982448316,0.4820084826925708,0.6185499673416068
27.3789922088489,0.48214530031468056,0.6185499673416068
27.3801682834968,0.48228211793679027,0.6185499673416068
27.388754828878405,0.48228211793679027,0.6188765512736774
27.39490024888414,0.4824189355589,0.6188765512736774
27.395123745124806,0.4824189355589,0.6192031352057479
27.398045202534036,0.48255575318100974,0.6192031352057479
27.41078955791079,0.48269257080311945,0.6192031352057479
27.41106205688868,0.48282938842522916,0.6192031352057479
27.413011749592783,0.48282938842522916,0.6195297191378184
27.41376588493449,0.4829662060473389,0.6195297191378184
27.415115586590446,0.48310302366944863,0.6195297191378184
27.421953823627177,0.48310302366944863,0.6198563030698889
27.42593942267615,0.48323984129155834,0.6198563030698889
27.446825054968144,0.48323984129155834,0.6201828870019594
27.44685549273356,0.4833766589136681,0.6201828870019594
27.460753951788547,0.4835134765357778,0.6201828870019594
27.463226271514145,0.4835134765357778,0.6205094709340301
27.46651509432911,0.4835134765357778,0.6208360548661006
27.469838473185746,0.4835134765357778,0.6211626387981711
27.470663764729352,0.4836502941578875,0.6211626387981711
27.480195138730437,0.4836502941578875,0.6214892227302417
27.48107291014719,0.4837871117799973,0.6214892227302417
27.489696889204424,0.483923929402107,0.6214892227302417
27.49140029022942,0.4840607470242167,0.6214892227302417
27.51720016416573,0.48419756464632646,0.6214892227302417
27.523210863249005,0.48433438226843617,0.6214892227302417
27.534605858718237,0.4844711998905459,0.6214892227302417
27.53514207966191,0.48460801751265564,0.6214892227302417
27.536901382802398,0.48474483513476535,0.6214892227302417
27.53750544910065,0.48488165275687506,0.6214892227302417
27.540452781358226,0.4850184703789848,0.6214892227302417
27.544517089435658,0.48515528800109453,0.6214892227302417
27.551131592792558,0.4852921056232043,0.6214892227302417
27.55344940996622,0.485428923245314,0.6214892227302417
27.554795688657123,0.4855657408674237,0.6214892227302417
27.560424912945905,0.4857025584895335,0.6214892227302417
27.56174569482141,0.4858393761116432,0.6214892227302417
27.56755010192012,0.4859761937337529,0.6214892227302417
27.583441946380844,0.4859761937337529,0.6218158066623122
27.589496753933645,0.48611301135586266,0.6218158066623122
27.593967205708168,0.48624982897797236,0.6218158066623122
27.59804120649551,0.4863866466000821,0.6218158066623122
27.59851757792694,0.48652346422219184,0.6218158066623122
27.600601207518935,0.48666028184430155,0.6218158066623122
27.600799450926388,0.48679709946641125,0.6218158066623122
27.612819144953278,0.486933917088521,0.6218158066623122
27.620424775917968,0.486933917088521,0.6221423905943828
27.625798943029167,0.4870707347106307,0.6221423905943828
27.63712771203643,0.48720755233274043,0.6221423905943828
27.63783299159877,0.4873443699548502,0.6221423905943828
27.64084883461487,0.4874811875769599,0.6221423905943828
27.641025616342404,0.4876180051990696,0.6221423905943828
27.64104396640323,0.4877548228211794,0.6221423905943828
27.64161993122468,0.4877548228211794,0.6224689745264533
27.641898652595728,0.4878916404432891,0.6224689745264533
27.64993036893111,0.4878916404432891,0.6227955584585239
27.655087381039266,0.4878916404432891,0.6231221423905944
27.659147615054053,0.4880284580653988,0.6231221423905944
27.65998315258355,0.48816527568750856,0.6231221423905944
27.670093261169995,0.48830209330961827,0.6231221423905944
27.672086336307757,0.48843891093172803,0.6231221423905944
27.67652081652068,0.48843891093172803,0.6234487263226649
27.68556097682324,0.48857572855383774,0.6234487263226649
27.687240836633578,0.48871254617594745,0.6234487263226649
27.69435008484345,0.4888493637980572,0.6234487263226649
27.697716176517474,0.4889861814201669,0.6234487263226649
27.70091887665103,0.48912299904227663,0.6234487263226649
27.70217506594929,0.4892598166643864,0.6234487263226649
27.70356043102936,0.4892598166643864,0.6237753102547354
27.70858424079472,0.4893966342864961,0.6237753102547354
27.716294527758123,0.4895334519086058,0.6237753102547354
27.726590909508673,0.4895334519086058,0.6241018941868061
27.7346773983636,0.4896702695307156,0.6241018941868061
27.736074361741203,0.4898070871528253,0.6241018941868061
27.7384086690098,0.489943904774935,0.6241018941868061
27.73861778862272,0.49008072239704475,0.6241018941868061
27.74302246960599,0.49021754001915446,0.6241018941868061
27.747367095465165,0.49035435764126417,0.6241018941868061
27.748437625715724,0.49049117526337394,0.6241018941868061
27.75524570694006,0.49062799288548364,0.6241018941868061
27.758368150455226,0.49076481050759335,0.6241018941868061
27.759472342207914,0.4909016281297031,0.6241018941868061
27.77805378725577,0.4909016281297031,0.6244284781188766
27.78133987968795,0.4910384457518128,0.6244284781188766
27.789999980724588,0.4911752633739226,0.6244284781188766
27.801901248105537,0.4913120809960323,0.6244284781188766
27.803378224868652,0.491448898618142,0.6244284781188766
27.806221416600465,0.49158571624025177,0.6244284781188766
27.808748056771492,0.4917225338623615,0.6244284781188766
27.81022325978995,0.4918593514844712,0.6244284781188766
27.81268191725394,0.4918593514844712,0.6247550620509471
27.814449404548782,0.49199616910658095,0.6247550620509471
27.817372858754993,0.49213298672869066,0.6247550620509471
27.81795360886838,0.49226980435080037,0.6247550620509471
27.818864286565713,0.49226980435080037,0.6250816459830176
27.82259775154955,0.49240662197291013,0.6250816459830176
27.827112909770335,0.49254343959501984,0.6250816459830176
27.83353114682393,0.49268025721712955,0.6250816459830176
27.853221234462126,0.4928170748392393,0.6250816459830176
27.855044152261826,0.492953892461349,0.6250816459830176
27.862420011881227,0.4930907100834587,0.6250816459830176
27.87050340044368,0.4932275277055685,0.6250816459830176
27.87143841832051,0.4933643453276782,0.6250816459830176
27.871591183521105,0.4933643453276782,0.6254082299150882
27.87547714250377,0.4933643453276782,0.6257348138471587
27.891688931887074,0.4935011629497879,0.6257348138471587
27.897176065759595,0.49363798057189767,0.6257348138471587
27.900147327194304,0.4937747981940074,0.6257348138471587
27.91324292281979,0.4937747981940074,0.6260613977792293
27.914432523878304,0.4939116158161171,0.6260613977792293
27.93029274351261,0.4939116158161171,0.6263879817112998
27.9430264840139,0.49404843343822685,0.6263879817112998
27.945965742069234,0.49418525106033656,0.6263879817112998
27.947405240547255,0.49418525106033656,0.6267145656433704
27.968409890770772,0.4943220686824463,0.6267145656433704
27.981951274957282,0.49445888630455603,0.6267145656433704
27.99090412674434,0.49459570392666574,0.6267145656433704
27.99296675299331,0.4947325215487755,0.6267145656433704
27.99638031509471,0.4948693391708852,0.6267145656433704
27.996848445477212,0.4948693391708852,0.6270411495754409
28.03468309122593,0.4950061567929949,0.6270411495754409
28.038803668732612,0.4951429744151047,0.6270411495754409
28.049787369668024,0.4952797920372144,0.6270411495754409
28.050022146712536,0.4954166096593241,0.6270411495754409
28.050766705771593,0.49555342728143387,0.6270411495754409
28.05298940029718,0.49555342728143387,0.6273677335075114
28.057799553823543,0.4956902449035436,0.6273677335075114
28.05934504445122,0.4956902449035436,0.6276943174395819
28.06017785056224,0.4958270625256533,0.6276943174395819
28.068768942240354,0.49596388014776305,0.6276943174395819
28.072003250236207,0.49610069776987276,0.6276943174395819
28.076284320129844,0.49623751539198246,0.6276943174395819
28.07667464276608,0.49637433301409223,0.6276943174395819
28.079629438152892,0.49651115063620194,0.6276943174395819
28.083384160519472,0.49664796825831165,0.6276943174395819
28.089271574422014,0.4967847858804214,0.6276943174395819
28.089837989690295,0.4969216035025311,0.6276943174395819
28.09176420602853,0.4970584211246409,0.6276943174395819
28.118447488523657,0.4971952387467506,0.6276943174395819
28.11958996252463,0.4973320563688603,0.6276943174395819
28.122931030105974,0.49746887399097006,0.6276943174395819
28.137401060365278,0.49760569161307977,0.6276943174395819
28.144839189093545,0.49760569161307977,0.6280209013716526
28.145717892822063,0.4977425092351895,0.6280209013716526
28.158987408810503,0.49787932685729924,0.6280209013716526
28.16129559345802,0.49787932685729924,0.6283474853037231
28.162867820099564,0.49801614447940895,0.6283474853037231
28.173824621548874,0.49815296210151866,0.6283474853037231
28.19133117385229,0.4982897797236284,0.6283474853037231
28.191527048887792,0.49842659734573813,0.6283474853037231
28.214546198596622,0.49856341496784784,0.6283474853037231
28.21659345962223,0.49856341496784784,0.6286740692357936
28.221397487373565,0.49856341496784784,0.6290006531678641
28.240325609772185,0.49856341496784784,0.6293272370999347
28.245174815905216,0.49856341496784784,0.6296538210320052
28.253701792289917,0.4987002325899576,0.6296538210320052
28.254770793813577,0.4988370502120673,0.6296538210320052
28.259622909200175,0.498973867834177,0.6296538210320052
28.26346609162215,0.4991106854562868,0.6296538210320052
28.26495396759435,0.4992475030783965,0.6296538210320052
28.268133380488052,0.4992475030783965,0.6299804049640758
28.268476669742313,0.4993843207005062,0.6299804049640758
28.27127212255698,0.49952113832261597,0.6299804049640758
28.271504603758785,0.49952113832261597,0.6303069888961463
28.272537426101508,0.4996579559447257,0.6303069888961463
28.275754594891964,0.4997947735668354,0.6303069888961463
28.2837825431086,0.49993159118894515,0.6303069888961463
28.292793944403115,0.49993159118894515,0.6306335728282169
28.292946746695065,0.49993159118894515,0.6309601567602874
28.302107637116706,0.5000684088110549,0.6309601567602874
28.3022431286131,0.5002052264331646,0.6309601567602874
28.303856245031852,0.5003420440552743,0.6309601567602874
28.305773995830123,0.5004788616773841,0.6309601567602874
28.313140013386487,0.5004788616773841,0.6312867406923579
28.319508691842657,0.5006156792994938,0.6312867406923579
28.32236015249589,0.5006156792994938,0.6316133246244284
28.323844413816573,0.5007524969216035,0.6316133246244284
28.325710811542308,0.5008893145437132,0.6316133246244284
28.326000663104992,0.5010261321658229,0.6316133246244284
28.32654744652109,0.5010261321658229,0.6319399085564991
28.331398465169855,0.5011629497879326,0.6319399085564991
28.33409246487497,0.5012997674100425,0.6319399085564991
28.335094363048597,0.5012997674100425,0.6322664924885696
28.335613441814417,0.5014365850321522,0.6322664924885696
28.340638144623995,0.5015734026542619,0.6322664924885696
28.34510255022792,0.5017102202763716,0.6322664924885696
28.346758609306335,0.5018470378984813,0.6322664924885696
28.348211335079554,0.5019838555205911,0.6322664924885696
28.352710524185113,0.5021206731427008,0.6322664924885696
28.353043990846118,0.5022574907648105,0.6322664924885696
28.35378140144462,0.5022574907648105,0.6325930764206401
28.35734169968248,0.5023943083869202,0.6325930764206401
28.358564320698292,0.5025311260090299,0.6325930764206401
28.38377892226663,0.5026679436311396,0.6325930764206401
28.38660535103395,0.5026679436311396,0.6329196603527106
28.388246143201172,0.5026679436311396,0.6332462442847812
28.393728569031964,0.5028047612532495,0.6332462442847812
28.400612879099754,0.5029415788753592,0.6332462442847812
28.40100162601516,0.5030783964974689,0.6332462442847812
28.404410249542366,0.5032152141195786,0.6332462442847812
28.40460866175829,0.5033520317416883,0.6332462442847812
28.413370676813315,0.503488849363798,0.6332462442847812
28.42735738415172,0.5036256669859078,0.6332462442847812
28.42736595663382,0.5037624846080175,0.6332462442847812
28.432127062199697,0.5038993022301272,0.6332462442847812
28.43515764801589,0.504036119852237,0.6332462442847812
28.436055983424012,0.5041729374743467,0.6332462442847812
28.438912489493873,0.5043097550964564,0.6332462442847812
28.442975985006342,0.5044465727185662,0.6332462442847812
28.44518138041144,0.5045833903406759,0.6332462442847812
28.462606155008416,0.5047202079627856,0.6332462442847812
28.478168858944514,0.5048570255848953,0.6332462442847812
28.483006396755286,0.504993843207005,0.6332462442847812
28.489648437526967,0.504993843207005,0.6335728282168517
28.50022468151542,0.5051306608291148,0.6335728282168517
28.510713002340367,0.5052674784512245,0.6335728282168517
28.52008638410905,0.5054042960733343,0.6335728282168517
28.521535778012776,0.505541113695444,0.6335728282168517
28.52745531018968,0.5056779313175537,0.6335728282168517
28.535209169919085,0.5058147489396634,0.6335728282168517
28.537452563447232,0.5059515665617732,0.6335728282168517
28.547273722574687,0.5060883841838829,0.6335728282168517
28.561968515623448,0.5060883841838829,0.6338994121489223
28.5755389557321,0.5062252018059926,0.6338994121489223
28.58510103066976,0.5063620194281023,0.6338994121489223
28.586254502806355,0.5063620194281023,0.6342259960809928
28.590208460740655,0.506498837050212,0.6342259960809928
28.593863541740348,0.506498837050212,0.6345525800130634
28.59522263858696,0.5066356546723217,0.6345525800130634
28.60435196222238,0.5066356546723217,0.6348791639451339
28.611672754725078,0.5067724722944316,0.6348791639451339
28.617144181522804,0.5069092899165413,0.6348791639451339
28.626715219059065,0.507046107538651,0.6348791639451339
28.629643330409408,0.507046107538651,0.6352057478772044
28.631668850164374,0.5071829251607607,0.6352057478772044
28.632582632312847,0.5071829251607607,0.6355323318092749
28.63346613020167,0.5073197427828704,0.6355323318092749
28.63435130593996,0.5073197427828704,0.6358589157413456
28.635293694497705,0.5073197427828704,0.6361854996734161
28.640942831282473,0.5074565604049801,0.6361854996734161
28.642051021792554,0.5075933780270899,0.6361854996734161
28.649507329517064,0.5077301956491996,0.6361854996734161
28.652318430310515,0.5078670132713093,0.6361854996734161
28.657020171672457,0.508003830893419,0.6361854996734161
28.664831459672087,0.5081406485155288,0.6361854996734161
28.679361707114367,0.5081406485155288,0.6365120836054866
28.67973296604157,0.5082774661376386,0.6365120836054866
28.681196031948275,0.5084142837597483,0.6365120836054866
28.688631441765324,0.508551101381858,0.6365120836054866
28.698886961939934,0.508551101381858,0.6368386675375571
28.705234185292056,0.5086879190039677,0.6368386675375571
28.706133536697166,0.5088247366260774,0.6368386675375571
28.70622792686197,0.5089615542481871,0.6368386675375571
28.71682871502253,0.5090983718702969,0.6368386675375571
28.717775058400775,0.5092351894924066,0.6368386675375571
28.724136662642877,0.5093720071145164,0.6368386675375571
28.738408377821884,0.5095088247366261,0.6368386675375571
28.741329952868114,0.5096456423587358,0.6368386675375571
28.741415757874393,0.5097824599808455,0.6368386675375571
28.74416955275376,0.5097824599808455,0.6371652514696277
28.751465045952273,0.5099192776029553,0.6371652514696277
28.75387472584316,0.510056095225065,0.6371652514696277
28.763896945768806,0.5101929128471747,0.6371652514696277
28.76417993372536,0.5103297304692844,0.6371652514696277
28.76502249180453,0.5104665480913941,0.6371652514696277
28.768797136521698,0.5104665480913941,0.6374918354016982
28.769341519453974,0.5104665480913941,0.6378184193337688
28.769480627544795,0.5104665480913941,0.6381450032658393
28.7731909254137,0.510603365713504,0.6381450032658393
28.775111966050076,0.5107401833356137,0.6381450032658393
28.792071662523085,0.5108770009577234,0.6381450032658393
28.802317641427294,0.5110138185798331,0.6381450032658393
28.809088384799907,0.5111506362019428,0.6381450032658393
28.813008712340206,0.5112874538240525,0.6381450032658393
28.81757346568554,0.5114242714461623,0.6381450032658393
28.819659287177615,0.5114242714461623,0.6384715871979099
28.82323809816569,0.511561089068272,0.6384715871979099
28.82402591476091,0.5116979066903817,0.6384715871979099
28.83844961917282,0.5118347243124914,0.6384715871979099
28.85944567949616,0.5119715419346011,0.6384715871979099
28.862631815994632,0.5121083595567109,0.6384715871979099
28.863594125338068,0.5122451771788207,0.6384715871979099
28.87060125943185,0.5123819948009304,0.6384715871979099
28.873008533974712,0.5123819948009304,0.6387981711299804
28.88357597204572,0.5123819948009304,0.6391247550620509
28.886979274540863,0.5125188124230401,0.6391247550620509
28.888562508868176,0.5126556300451498,0.6391247550620509
28.88859853544261,0.5126556300451498,0.6394513389941215
28.89036945846408,0.5127924476672595,0.6394513389941215
28.89552159716868,0.5129292652893692,0.6394513389941215
28.898481368855414,0.513066082911479,0.6394513389941215
28.900707612787983,0.513066082911479,0.6397779229261921
28.90770975456951,0.513066082911479,0.6401045068582626
28.90870091738998,0.5132029005335887,0.6401045068582626
28.90906910146782,0.5133397181556985,0.6401045068582626
28.90961256794526,0.5134765357778082,0.6401045068582626
28.91372262518894,0.5134765357778082,0.6404310907903331
28.91611905083323,0.5136133533999179,0.6404310907903331
28.91825494793386,0.5136133533999179,0.6407576747224036
28.91858213813032,0.5137501710220277,0.6407576747224036
28.919254037101155,0.5138869886441374,0.6407576747224036
28.92140585017853,0.5138869886441374,0.6410842586544742
28.93862193748248,0.5140238062662471,0.6410842586544742
28.940907750838278,0.5140238062662471,0.6414108425865448
28.942147398022257,0.5141606238883568,0.6414108425865448
28.942499073920317,0.5142974415104665,0.6414108425865448
28.942556254788087,0.5144342591325762,0.6414108425865448
28.945824120428483,0.514571076754686,0.6414108425865448
28.965898633134316,0.5147078943767958,0.6414108425865448
28.971508016180906,0.5148447119989055,0.6414108425865448
28.971797458832043,0.5149815296210152,0.6414108425865448
28.97466581258641,0.5151183472431249,0.6414108425865448
28.97519827372082,0.5152551648652346,0.6414108425865448
28.976393412295806,0.5153919824873444,0.6414108425865448
28.979114646340122,0.5155288001094541,0.6414108425865448
28.9858665606788,0.5156656177315638,0.6414108425865448
28.98605452847653,0.5156656177315638,0.6417374265186153
28.987839340629876,0.5158024353536735,0.6417374265186153
28.993742894005663,0.5158024353536735,0.6420640104506858
28.993979376201082,0.5159392529757832,0.6420640104506858
29.000524437723698,0.516076070597893,0.6420640104506858
29.00211347003244,0.5162128882200028,0.6420640104506858
29.00469264131243,0.5163497058421125,0.6420640104506858
29.005492152940292,0.5164865234642222,0.6420640104506858
29.005808475961544,0.5166233410863319,0.6420640104506858
29.02191871330831,0.5167601587084416,0.6420640104506858
29.024428085994714,0.5168969763305514,0.6420640104506858
29.0298409788287,0.5170337939526611,0.6420640104506858
29.03902615829793,0.5171706115747708,0.6420640104506858
29.043257261676104,0.5173074291968806,0.6420640104506858
29.04501282859394,0.5173074291968806,0.6423905943827564
29.04617569071354,0.5174442468189903,0.6423905943827564
29.048938578617594,0.5175810644411,0.6423905943827564
29.050019839676906,0.5177178820632098,0.6423905943827564
29.05678935520143,0.5178546996853195,0.6423905943827564
29.05707911984416,0.5178546996853195,0.6427171783148269
29.061132861086435,0.5179915173074292,0.6427171783148269
29.066801190380943,0.5181283349295389,0.6427171783148269
29.067328110603967,0.5181283349295389,0.6430437622468974
29.071468291023848,0.5182651525516486,0.6430437622468974
29.073990810022906,0.5184019701737583,0.6430437622468974
29.075243432535785,0.5185387877958682,0.6430437622468974
29.080758795023485,0.5185387877958682,0.643370346178968
29.084661983692058,0.5185387877958682,0.6436969301110386
29.099926045927646,0.5185387877958682,0.6440235140431091
29.104271512431183,0.5186756054179779,0.6440235140431091
29.1051989627465,0.5188124230400876,0.6440235140431091
29.110979626490348,0.5189492406621973,0.6440235140431091
29.116236997864803,0.519086058284307,0.6440235140431091
29.116654837302917,0.5192228759064167,0.6440235140431091
29.116751263770993,0.5193596935285265,0.6440235140431091
29.140532450461365,0.5193596935285265,0.6443500979751796
29.152239340446272,0.5194965111506362,0.6443500979751796
29.17293679578063,0.5194965111506362,0.6446766819072501
29.173320441799092,0.5194965111506362,0.6450032658393207
29.181282249082415,0.5196333287727459,0.6450032658393207
29.197159699495273,0.5196333287727459,0.6453298497713913
29.200254010574554,0.5197701463948556,0.6453298497713913
29.201225980763525,0.5197701463948556,0.6456564337034618
29.21179449434544,0.5199069640169653,0.6456564337034618
29.212719334266012,0.5200437816390752,0.6456564337034618
29.224711736066638,0.5200437816390752,0.6459830176355323
29.235537804572346,0.5201805992611849,0.6459830176355323
29.2359649444835,0.5203174168832946,0.6459830176355323
29.23813984346566,0.5204542345054043,0.6459830176355323
29.23845516748554,0.520591052127514,0.6459830176355323
29.239884293298815,0.5207278697496237,0.6459830176355323
29.256759070666476,0.5208646873717335,0.6459830176355323
29.26002556044739,0.5210015049938432,0.6459830176355323
29.263477085470527,0.5211383226159529,0.6459830176355323
29.285094248161386,0.5212751402380627,0.6459830176355323
29.2907599195579,0.5214119578601724,0.6459830176355323
29.302170839256632,0.5215487754822821,0.6459830176355323
29.30444048151537,0.5215487754822821,0.6463096015676029
29.30826441583497,0.5216855931043919,0.6463096015676029
29.31116430937459,0.5216855931043919,0.6466361854996734
29.311706189069014,0.5218224107265016,0.6466361854996734
29.313688011513023,0.5219592283486113,0.6466361854996734
29.316882954717585,0.522096045970721,0.6466361854996734
29.322458892484406,0.5222328635928307,0.6466361854996734
29.32757387171432,0.5223696812149404,0.6466361854996734
29.32882830828521,0.5223696812149404,0.6469627694317439
29.33085633205485,0.5225064988370502,0.6469627694317439
29.333750520328522,0.52264331645916,0.6469627694317439
29.333993802842883,0.5227801340812697,0.6469627694317439
29.33423121225553,0.5227801340812697,0.6472893533638145
29.336156817570554,0.5229169517033794,0.6472893533638145
29.33674729587392,0.5230537693254891,0.6472893533638145
29.338562195900977,0.5231905869475989,0.6472893533638145
29.345429873702415,0.5233274045697086,0.6472893533638145
29.346928228377692,0.5234642221918183,0.6472893533638145
29.348096083830114,0.523601039813928,0.6472893533638145
29.349148530649927,0.5237378574360377,0.6472893533638145
29.34998537026422,0.5238746750581474,0.6472893533638145
29.350163055687517,0.5240114926802573,0.6472893533638145
29.36418941873194,0.524148310302367,0.6472893533638145
29.366690972517404,0.524148310302367,0.6476159372958851
29.36929390459659,0.5242851279244767,0.6476159372958851
29.370193412249137,0.5244219455465864,0.6476159372958851
29.379481061651518,0.5245587631686961,0.6476159372958851
29.38594520992808,0.5246955807908058,0.6476159372958851
29.39551244064637,0.5248323984129156,0.6476159372958851
29.403713136574424,0.5249692160350253,0.6476159372958851
29.408240400248587,0.5249692160350253,0.6479425212279556
29.41087616100367,0.525106033657135,0.6479425212279556
29.417578568053386,0.5252428512792447,0.6479425212279556
29.419891066735772,0.5253796689013545,0.6479425212279556
29.420767505011668,0.5255164865234643,0.6479425212279556
29.425724395670272,0.525653304145574,0.6479425212279556
29.4303209446482,0.5257901217676837,0.6479425212279556
29.433976658386428,0.5259269393897934,0.6479425212279556
29.438014769251367,0.5260637570119031,0.6479425212279556
29.44432946858194,0.5262005746340128,0.6479425212279556
29.44496525852287,0.5263373922561226,0.6479425212279556
29.454736765016605,0.5264742098782323,0.6479425212279556
29.459451647974333,0.5264742098782323,0.6482691051600261
29.460868619842472,0.5264742098782323,0.6485956890920966
29.463722608098124,0.5264742098782323,0.6489222730241672
29.478207307949674,0.5264742098782323,0.6492488569562378
29.485083698676704,0.5264742098782323,0.6495754408883083
29.498554660389345,0.526611027500342,0.6495754408883083
29.502535928676934,0.5267478451224518,0.6495754408883083
29.506857026081093,0.5268846627445615,0.6495754408883083
29.509446484346086,0.5270214803666712,0.6495754408883083
29.51045340510052,0.527158297988781,0.6495754408883083
29.557109743061687,0.5272951156108907,0.6495754408883083
29.558243148585234,0.5274319332330004,0.6495754408883083
29.561732236008538,0.5274319332330004,0.6499020248203788
29.588793386276507,0.5275687508551101,0.6499020248203788
29.598427671023273,0.5277055684772198,0.6499020248203788
29.607961842112672,0.5277055684772198,0.6502286087524494
29.617122234018325,0.5278423860993295,0.6502286087524494
29.617719188329716,0.5279792037214394,0.6502286087524494
29.626561219898917,0.5281160213435491,0.6502286087524494
29.632277045714773,0.5282528389656588,0.6502286087524494
29.63489347823713,0.5282528389656588,0.6505551926845199
29.650981774473507,0.5283896565877685,0.6505551926845199
29.665281969460466,0.5285264742098782,0.6505551926845199
29.673236813693393,0.5285264742098782,0.6508817766165904
29.676943404166195,0.528663291831988,0.6508817766165904
29.67887580757872,0.5288001094540977,0.6508817766165904
29.683221039786417,0.5289369270762074,0.6508817766165904
29.68542920808045,0.5289369270762074,0.651208360548661
29.693021352795313,0.5290737446983171,0.651208360548661
29.69335711606982,0.5290737446983171,0.6515349444807316
29.693470970344606,0.5290737446983171,0.6518615284128021
29.696637554888525,0.5292105623204268,0.6518615284128021
29.713601647950213,0.5293473799425366,0.6518615284128021
29.71463684604896,0.5293473799425366,0.6521881123448726
29.71467910763215,0.5294841975646464,0.6521881123448726
29.71558912011642,0.5296210151867561,0.6521881123448726
29.716141110238027,0.5296210151867561,0.6525146962769431
29.716962340062878,0.5296210151867561,0.6528412802090137
29.71717816434807,0.5296210151867561,0.6531678641410843
29.717610207445432,0.5297578328088658,0.6531678641410843
29.71788352661565,0.5297578328088658,0.6534944480731548
29.723515659681425,0.5297578328088658,0.6538210320052253
29.7280583328926,0.5297578328088658,0.6541476159372959
29.7428039411418,0.5298946504309755,0.6541476159372959
29.743239361921496,0.5300314680530852,0.6541476159372959
29.747283290045743,0.5301682856751949,0.6541476159372959
29.750867427960543,0.5303051032973047,0.6541476159372959
29.753388380710703,0.5303051032973047,0.6544741998693664
29.75584217474716,0.5304419209194144,0.6544741998693664
29.777000044095757,0.5305787385415242,0.6544741998693664
29.7782052312524,0.5307155561636339,0.6544741998693664
29.78486446438376,0.5308523737857436,0.6544741998693664
29.799375636484683,0.5309891914078533,0.6544741998693664
29.809660741489665,0.5311260090299631,0.6544741998693664
29.809847449564927,0.5311260090299631,0.6548007838014369
29.822781069223765,0.5312628266520728,0.6548007838014369
29.831095351476165,0.5313996442741825,0.6548007838014369
29.836205586385972,0.5315364618962922,0.6548007838014369
29.838623268592187,0.5315364618962922,0.6551273677335075
29.84053117225767,0.5316732795184019,0.6551273677335075
29.844058726423214,0.5316732795184019,0.6554539516655781
29.84834829578972,0.5318100971405118,0.6554539516655781
29.85158792276286,0.5319469147626215,0.6554539516655781
29.85805592442,0.5320837323847312,0.6554539516655781
29.859270633897495,0.5322205500068409,0.6554539516655781
29.863470068553397,0.5323573676289506,0.6554539516655781
29.867898344935156,0.5324941852510603,0.6554539516655781
29.879101499107264,0.5326310028731701,0.6554539516655781
29.880366479051872,0.5327678204952798,0.6554539516655781
29.88040083057922,0.5329046381173895,0.6554539516655781
29.882146407952746,0.5330414557394992,0.6554539516655781
29.885992850292496,0.533178273361609,0.6554539516655781
29.891432533351804,0.5333150909837187,0.6554539516655781
29.896168817557736,0.5334519086058285,0.6554539516655781
29.906044953621745,0.5335887262279382,0.6554539516655781
29.90938844715879,0.5337255438500479,0.6554539516655781
29.91376817105163,0.5338623614721576,0.6554539516655781
29.915459011486746,0.5338623614721576,0.6557805355976486
29.91586674355233,0.5339991790942673,0.6557805355976486
29.91955881747083,0.534135996716377,0.6557805355976486
29.920829559087792,0.5342728143384868,0.6557805355976486
29.922863128186236,0.5344096319605965,0.6557805355976486
29.924255927416084,0.5345464495827063,0.6557805355976486
29.925538994090402,0.534683267204816,0.6557805355976486
29.9358346391615,0.5348200848269257,0.6557805355976486
29.938412636261546,0.5349569024490355,0.6557805355976486
29.94050941238129,0.5349569024490355,0.6561071195297191
29.941346765255275,0.5350937200711452,0.6561071195297191
29.95072662138591,0.5352305376932549,0.6561071195297191
29.955464281589684,0.5353673553153646,0.6561071195297191
29.956597042339126,0.5355041729374743,0.6561071195297191
29.95663878838957,0.535640990559584,0.6561071195297191
29.958101001609293,0.535640990559584,0.6564337034617896
29.9621507556285,0.5357778081816938,0.6564337034617896
29.965671764958074,0.5359146258038036,0.6564337034617896
29.96824241544175,0.5360514434259133,0.6564337034617896
29.97059491738605,0.536188261048023,0.6564337034617896
29.971354019584396,0.5363250786701327,0.6564337034617896
29.972655845299528,0.5364618962922424,0.6564337034617896
29.97805420458178,0.5364618962922424,0.6567602873938603
29.981386016432793,0.5365987139143522,0.6567602873938603
29.983330905247612,0.5367355315364619,0.6567602873938603
29.986087406271622,0.5368723491585716,0.6567602873938603
29.988003268463103,0.5370091667806813,0.6567602873938603
29.988904811545808,0.537145984402791,0.6567602873938603
29.99374224480937,0.5372828020249008,0.6567602873938603
29.999326534645206,0.5374196196470106,0.6567602873938603
30.003786978408925,0.5375564372691203,0.6567602873938603
30.007592167926987,0.5375564372691203,0.6570868713259308
30.011623084415646,0.53769325489123,0.6570868713259308
30.02166934136983,0.5378300725133397,0.6570868713259308
30.02254527542425,0.5379668901354494,0.6570868713259308
30.025094379622146,0.5381037077575592,0.6570868713259308
30.02560978646784,0.5382405253796689,0.6570868713259308
30.02968007334482,0.5383773430017786,0.6570868713259308
30.03043170805074,0.5385141606238883,0.6570868713259308
30.036404683203045,0.5386509782459981,0.6570868713259308
30.03785840602984,0.5387877958681078,0.6570868713259308
30.040346657951773,0.5389246134902176,0.6570868713259308
30.049850607465714,0.5390614311123273,0.6570868713259308
30.054357567189413,0.5390614311123273,0.6574134552580013
30.055663876189556,0.539198248734437,0.6574134552580013
30.06790075383367,0.5393350663565467,0.6574134552580013
30.071354294965204,0.5394718839786564,0.6574134552580013
30.07165216387807,0.5396087016007661,0.6574134552580013
30.072175381450847,0.539745519222876,0.6574134552580013
30.07433436039696,0.5398823368449857,0.6574134552580013
30.080248142848404,0.5400191544670954,0.6574134552580013
30.081743872288257,0.5401559720892051,0.6574134552580013
30.084509279963527,0.5402927897113148,0.6574134552580013
30.085586844748605,0.5404296073334246,0.6574134552580013
30.09108016355492,0.5404296073334246,0.6577400391900718
30.09580989423364,0.5405664249555343,0.6577400391900718
30.104000503746533,0.540703242577644,0.6577400391900718
30.10532999517534,0.540703242577644,0.6580666231221424
30.118021034836715,0.5408400601997537,0.6580666231221424
30.119698391164434,0.5409768778218634,0.6580666231221424
30.12471446609652,0.5411136954439731,0.6580666231221424
30.1326518079602,0.541250513066083,0.6580666231221424
30.13479143523989,0.5413873306881927,0.6580666231221424
30.139899728143064,0.5415241483103024,0.6580666231221424
30.142247881279218,0.5415241483103024,0.6583932070542129
30.146578002074875,0.5416609659324121,0.6583932070542129
30.147134196294473,0.5417977835545218,0.6583932070542129
30.150878749930143,0.5419346011766315,0.6583932070542129
30.150954789427033,0.5419346011766315,0.6587197909862835
30.15111381902409,0.5419346011766315,0.659046374918354
30.153470824393366,0.5420714187987413,0.659046374918354
30.15787075093135,0.542208236420851,0.659046374918354
30.16465156781851,0.5423450540429607,0.659046374918354
30.17346376590467,0.5424818716650704,0.659046374918354
30.173694489121544,0.5426186892871802,0.659046374918354
30.17986435585658,0.5426186892871802,0.6593729588504246
30.18035835672117,0.5427555069092899,0.6593729588504246
30.18085354453035,0.5428923245313997,0.6593729588504246
30.18578331136723,0.5430291421535094,0.6593729588504246
30.18812108740667,0.5431659597756191,0.6593729588504246
30.190408486409183,0.5433027773977288,0.6593729588504246
30.196335306236165,0.5434395950198385,0.6593729588504246
30.201634742533088,0.5435764126419483,0.6593729588504246
30.20761049045916,0.543713230264058,0.6593729588504246
30.225245951843476,0.5438500478861678,0.6593729588504246
30.22568532001742,0.5439868655082775,0.6593729588504246
30.230266050908085,0.5441236831303872,0.6593729588504246
30.251284400865188,0.5441236831303872,0.6596995427824951
30.253544513881366,0.5442605007524969,0.6596995427824951
30.254339093336625,0.5443973183746067,0.6596995427824951
30.262920249100034,0.5445341359967164,0.6596995427824951
30.266777373653667,0.5446709536188261,0.6596995427824951
30.272915847673858,0.5448077712409358,0.6596995427824951
30.279448566822794,0.5449445888630455,0.6596995427824951
30.280822251385075,0.5450814064851552,0.6596995427824951
30.285429201078728,0.5450814064851552,0.6600261267145656
30.286402049664616,0.5452182241072651,0.6600261267145656
30.28884158370272,0.5453550417293748,0.6600261267145656
30.29406136958937,0.5454918593514845,0.6600261267145656
30.299902617444673,0.5456286769735942,0.6600261267145656
30.300030561675044,0.5457654945957039,0.6600261267145656
30.308844531643444,0.5459023122178136,0.6600261267145656
30.312938777624026,0.5460391298399234,0.6600261267145656
30.315836938555435,0.5461759474620331,0.6600261267145656
30.31730538054387,0.5463127650841428,0.6600261267145656
30.330314820010244,0.5463127650841428,0.6603527106466361
30.35383837405584,0.5464495827062525,0.6603527106466361
30.35443517353724,0.5465864003283623,0.6603527106466361
30.361946603293518,0.5467232179504721,0.6603527106466361
30.36292940084354,0.5468600355725818,0.6603527106466361
30.36567561038339,0.5468600355725818,0.6606792945787068
30.367855351589128,0.5468600355725818,0.6610058785107773
30.368862188943467,0.5469968531946915,0.6610058785107773
30.387773880835084,0.5471336708168012,0.6610058785107773
30.39367821944643,0.5472704884389109,0.6610058785107773
30.394403366850838,0.5474073060610206,0.6610058785107773
30.39678893839732,0.5475441236831304,0.6610058785107773
30.39916544238997,0.5476809413052401,0.6610058785107773
30.400874421384287,0.5478177589273499,0.6610058785107773
30.40377735862114,0.5479545765494596,0.6610058785107773
30.407866860611307,0.5480913941715693,0.6610058785107773
30.408650222862434,0.5480913941715693,0.6613324624428478
30.4203706824469,0.548228211793679,0.6613324624428478
30.42089852550987,0.5483650294157888,0.6613324624428478
30.42475064406858,0.5485018470378985,0.6613324624428478
30.42842677414967,0.5486386646600082,0.6613324624428478
30.430115571694387,0.5486386646600082,0.6616590463749183
30.44614787336127,0.5487754822821179,0.6616590463749183
30.448974319676722,0.5489122999042276,0.6616590463749183
30.460323984101933,0.5490491175263373,0.6616590463749183
30.46457126469204,0.5491859351484472,0.6616590463749183
30.476058745520163,0.5493227527705569,0.6616590463749183
30.486207417210153,0.5493227527705569,0.6619856303069889
30.489381564959558,0.5494595703926666,0.6619856303069889
30.499991906076957,0.5494595703926666,0.6623122142390594
30.503225378642128,0.5495963880147763,0.6623122142390594
30.515087487782466,0.549733205636886,0.6623122142390594
30.516088624102053,0.549733205636886,0.66263879817113
30.518041918079348,0.5498700232589958,0.66263879817113
30.52267226422407,0.5498700232589958,0.6629653821032006
30.534032999545502,0.5500068408811055,0.6629653821032006
30.53409619408467,0.5501436585032152,0.6629653821032006
30.537759857733704,0.5502804761253249,0.6629653821032006
30.543158618354028,0.5504172937474346,0.6629653821032006
30.545129197225833,0.5505541113695444,0.6629653821032006
30.545131452862506,0.5506909289916542,0.6629653821032006
30.55159488065692,0.5508277466137639,0.6629653821032006
30.552845287333753,0.5509645642358736,0.6629653821032006
30.554990802548787,0.5509645642358736,0.6632919660352711
30.555655164613768,0.5511013818579833,0.6632919660352711
30.555860044202063,0.5511013818579833,0.6636185499673416
30.556942203099425,0.5511013818579833,0.6639451338994121
30.565261092920764,0.5511013818579833,0.6642717178314826
30.56669892810703,0.551238199480093,0.6642717178314826
30.576739663169064,0.5513750171022027,0.6642717178314826
30.576910668195637,0.5515118347243125,0.6642717178314826
30.579388737388626,0.5516486523464222,0.6642717178314826
30.588726817319184,0.5516486523464222,0.6645983017635533
30.593358695367556,0.5516486523464222,0.6649248856956238
30.59472037451019,0.5516486523464222,0.6652514696276943
30.596634370973447,0.551785469968532,0.6652514696276943
30.598428018035065,0.551785469968532,0.6655780535597648
30.601233654603902,0.5519222875906417,0.6655780535597648
30.604581536959017,0.5520591052127514,0.6655780535597648
30.606818404519913,0.5521959228348611,0.6655780535597648
30.608060954331677,0.5523327404569709,0.6655780535597648
30.611652639498743,0.5524695580790806,0.6655780535597648
30.612665586159437,0.5524695580790806,0.6659046374918354
30.617650784133502,0.5526063757011903,0.6659046374918354
30.621558563375515,0.5527431933233,0.6659046374918354
30.622196641311348,0.5528800109454097,0.6659046374918354
30.622715269155037,0.5530168285675195,0.6659046374918354
30.627236093664692,0.5531536461896293,0.6659046374918354
30.630422276767604,0.553290463811739,0.6659046374918354
30.637486189127685,0.5534272814338487,0.6659046374918354
30.6474137604298,0.5535640990559584,0.6659046374918354
30.64865788024258,0.5535640990559584,0.6662312214239059
30.649826608965327,0.5537009166780681,0.6662312214239059
30.650124395377134,0.5538377343001779,0.6662312214239059
30.65031927604616,0.5539745519222876,0.6662312214239059
30.655147002308354,0.5539745519222876,0.6665578053559765
30.655584376933007,0.5541113695443973,0.6665578053559765
30.661461662500187,0.554248187166507,0.6665578053559765
30.665213751328224,0.554248187166507,0.666884389288047
30.667638360153433,0.5543850047886167,0.666884389288047
30.675053006677786,0.5545218224107265,0.666884389288047
30.684269013608287,0.5546586400328363,0.666884389288047
30.68558096388506,0.554795457654946,0.666884389288047
30.686893425999983,0.5549322752770557,0.666884389288047
30.68707275889517,0.5549322752770557,0.6672109732201176
30.689030099738716,0.5550690928991654,0.6672109732201176
30.70435709634569,0.5552059105212751,0.6672109732201176
30.705295553928636,0.5553427281433849,0.6672109732201176
30.706524957540182,0.5554795457654946,0.6672109732201176
30.710357142880184,0.5556163633876043,0.6672109732201176
30.713945419627976,0.5556163633876043,0.6675375571521881
30.715687162926884,0.555753181009714,0.6675375571521881
30.717800352867016,0.5558899986318238,0.6675375571521881
30.741282399979582,0.5558899986318238,0.6678641410842586
30.74277636184729,0.5560268162539335,0.6678641410842586
30.757762442290186,0.5561636338760433,0.6678641410842586
30.768219760117972,0.556300451498153,0.6678641410842586
30.770094061170767,0.5564372691202627,0.6678641410842586
30.776438666617878,0.5565740867423724,0.6678641410842586
30.77906145462839,0.5567109043644821,0.6678641410842586
30.77995462357626,0.5567109043644821,0.6681907250163291
30.78297973214967,0.5568477219865918,0.6681907250163291
30.78348572870766,0.5569845396087016,0.6681907250163291
30.78598086698753,0.5571213572308114,0.6681907250163291
30.793377034346463,0.5572581748529211,0.6681907250163291
30.79460038399168,0.5573949924750308,0.6681907250163291
30.800490722599193,0.5575318100971405,0.6681907250163291
30.807208775933532,0.5575318100971405,0.6685173089483998
30.811560814766494,0.5576686277192502,0.6685173089483998
30.815072038812673,0.55780544534136,0.6685173089483998
30.819595905576193,0.5579422629634697,0.6685173089483998
30.82484170436112,0.5580790805855794,0.6685173089483998
30.828208856955598,0.5582158982076891,0.6685173089483998
30.829326507930887,0.5583527158297988,0.6685173089483998
30.83876610222626,0.5584895334519087,0.6685173089483998
30.84632576250067,0.5586263510740184,0.6685173089483998
30.856796869464574,0.5587631686961281,0.6685173089483998
30.85902785978908,0.5588999863182378,0.6685173089483998
30.863661807868084,0.5590368039403475,0.6685173089483998
30.86426313975437,0.5591736215624572,0.6685173089483998
30.865982329948565,0.559310439184567,0.6685173089483998
30.867166351004812,0.5594472568066767,0.6685173089483998
30.86939081795731,0.5595840744287864,0.6685173089483998
30.876919856276572,0.5597208920508961,0.6685173089483998
30.89965494190278,0.5598577096730059,0.6685173089483998
30.901850654530108,0.5599945272951156,0.6685173089483998
30.901925131056828,0.5601313449172254,0.6685173089483998
30.903796913274732,0.5601313449172254,0.6688438928804703
30.906832954302104,0.5602681625393351,0.6688438928804703
30.90976869023882,0.5604049801614448,0.6688438928804703
30.920458156081963,0.5604049801614448,0.6691704768125408
30.920579780654066,0.5604049801614448,0.6694970607446113
30.920706463083434,0.5604049801614448,0.6698236446766819
30.925750879897237,0.5605417977835545,0.6698236446766819
30.936303959269594,0.5606786154056642,0.6698236446766819
30.967622992138104,0.5606786154056642,0.6701502286087524
30.968268679426842,0.5606786154056642,0.670476812540823
30.971201879124806,0.5608154330277739,0.670476812540823
30.971256739768478,0.5609522506498837,0.670476812540823
30.973962606081386,0.5610890682719935,0.670476812540823
30.98587599842722,0.5612258858941032,0.670476812540823
30.993449539259018,0.5613627035162129,0.670476812540823
30.999995337267478,0.5614995211383226,0.670476812540823
31.002906150998115,0.5616363387604324,0.670476812540823
31.00422574803065,0.5616363387604324,0.6708033964728936
31.013808307246904,0.5617731563825421,0.6708033964728936
31.02603596744973,0.5619099740046518,0.6708033964728936
31.027971321289556,0.5620467916267615,0.6708033964728936
31.029056603040885,0.5621836092488712,0.6708033964728936
31.035352200699435,0.5623204268709809,0.6708033964728936
31.04913136584082,0.5624572444930908,0.6708033964728936
31.049399494140516,0.5625940621152005,0.6708033964728936
31.054670018949423,0.5625940621152005,0.6711299804049641
31.060887739675422,0.5627308797373102,0.6711299804049641
31.071253767401117,0.5628676973594199,0.6711299804049641
31.074174866409635,0.5630045149815296,0.6711299804049641
31.080578798939996,0.5631413326036393,0.6711299804049641
31.08915588331695,0.5632781502257491,0.6711299804049641
31.094844907580637,0.5632781502257491,0.6714565643370346
31.095366696809833,0.5634149678478588,0.6714565643370346
31.097470508775018,0.5634149678478588,0.6717831482691051
31.098517693244958,0.5634149678478588,0.6721097322011756
31.100036867960625,0.5635517854699685,0.6721097322011756
31.105940362815545,0.5636886030920782,0.6721097322011756
31.114450386121348,0.563825420714188,0.6721097322011756
31.1220082130053,0.5639622383362977,0.6721097322011756
31.131135510504578,0.5640990559584075,0.6721097322011756
31.13682586797995,0.5642358735805172,0.6721097322011756
31.138529592982195,0.5642358735805172,0.6724363161332463
31.140256179986864,0.5643726912026269,0.6724363161332463
31.1533240129653,0.5645095088247366,0.6724363161332463
31.16203577973829,0.5646463264468463,0.6724363161332463
31.16704542919331,0.5647831440689561,0.6724363161332463
31.174491593844095,0.5649199616910658,0.6724363161332463
31.178245357311653,0.5650567793131756,0.6724363161332463
31.18031417654845,0.5651935969352853,0.6724363161332463
31.191435450274867,0.565330414557395,0.6724363161332463
31.193872225801897,0.5654672321795047,0.6724363161332463
31.207018079854265,0.5656040498016145,0.6724363161332463
31.20947626706402,0.5657408674237242,0.6724363161332463
31.211989325813875,0.5658776850458339,0.6724363161332463
31.225208565450316,0.5660145026679436,0.6724363161332463
31.227999312513703,0.5661513202900533,0.6724363161332463
31.23345821807709,0.566288137912163,0.6724363161332463
31.234758872511406,0.5664249555342729,0.6724363161332463
31.243755834384842,0.5665617731563826,0.6724363161332463
31.246538032434273,0.5666985907784923,0.6724363161332463
31.248442969543134,0.5666985907784923,0.6727629000653168
31.24931771831814,0.566835408400602,0.6727629000653168
31.253803296002047,0.5669722260227117,0.6727629000653168
31.256406000721427,0.5671090436448214,0.6727629000653168
31.256889953577456,0.5672458612669312,0.6727629000653168
31.268509591657676,0.5672458612669312,0.6730894839973873
31.269109169570243,0.5673826788890409,0.6730894839973873
31.275025562284895,0.5675194965111506,0.6730894839973873
31.275489762819234,0.5676563141332603,0.6730894839973873
31.279175509700735,0.56779313175537,0.6730894839973873
31.28173305004259,0.5679299493774799,0.6730894839973873
31.287055555481516,0.5680667669995896,0.6730894839973873
31.292616734427952,0.5680667669995896,0.6734160679294579
31.293020699773933,0.5682035846216993,0.6734160679294579
31.31610556328178,0.5682035846216993,0.6737426518615284
31.31611209542291,0.5682035846216993,0.674069235793599
31.31917231952525,0.568340402243809,0.674069235793599
31.320538712853818,0.5684772198659187,0.674069235793599
31.320591185807643,0.5686140374880284,0.674069235793599
31.332604738242253,0.5687508551101382,0.674069235793599
31.33614653863026,0.5688876727322479,0.674069235793599
31.337803762226713,0.5690244903543576,0.674069235793599
31.338951145590727,0.5691613079764674,0.674069235793599
31.34029278644232,0.5692981255985771,0.674069235793599
31.346446059172308,0.5694349432206868,0.674069235793599
31.352020879110796,0.5695717608427966,0.674069235793599
31.354591356681112,0.5697085784649063,0.674069235793599
31.355459323569676,0.569845396087016,0.674069235793599
31.360378325392844,0.5699822137091257,0.674069235793599
31.365477221404262,0.5701190313312354,0.674069235793599
31.381422014065834,0.5702558489533452,0.674069235793599
31.400927594912446,0.570392666575455,0.674069235793599
31.403847053857817,0.570392666575455,0.6743958197256695
31.405096948008236,0.5705294841975647,0.6743958197256695
31.421510980327525,0.5706663018196744,0.6743958197256695
31.427941134466664,0.5706663018196744,0.67472240365774
31.433364563786654,0.5708031194417841,0.67472240365774
31.435139913925923,0.5709399370638938,0.67472240365774
31.44425851790379,0.5710767546860036,0.67472240365774
31.4471366530762,0.5710767546860036,0.6750489875898106
31.448503375265886,0.5710767546860036,0.6753755715218811
31.469430973611793,0.5712135723081133,0.6753755715218811
31.47270176977338,0.571350389930223,0.6753755715218811
31.475240519424688,0.5714872075523327,0.6753755715218811
31.482078887427974,0.5716240251744424,0.6753755715218811
31.48234306617121,0.5717608427965521,0.6753755715218811
31.4833202788717,0.571897660418662,0.6753755715218811
31.489978901293284,0.5720344780407717,0.6753755715218811
31.490121043012095,0.5721712956628814,0.6753755715218811
31.49026776674839,0.5723081132849911,0.6753755715218811
31.494545669213608,0.5723081132849911,0.6757021554539516
31.501394825979673,0.5724449309071008,0.6757021554539516
31.51336111776925,0.5725817485292105,0.6757021554539516
31.513955241632743,0.5727185661513203,0.6757021554539516
31.53256549544608,0.5727185661513203,0.6760287393860223
31.5398283795887,0.5727185661513203,0.6763553233180928
31.542094739396816,0.57285538377343,0.6763553233180928
31.561644021535926,0.57285538377343,0.6766819072501633
31.57648828457866,0.5729922013955397,0.6766819072501633
31.579577791104384,0.5729922013955397,0.6770084911822338
31.58778777545342,0.5729922013955397,0.6773350751143044
31.59488962961268,0.5731290190176495,0.6773350751143044
31.616505833509336,0.5732658366397592,0.6773350751143044
31.62465617085445,0.573402654261869,0.6773350751143044
31.627677844461914,0.5735394718839787,0.6773350751143044
31.629406998034824,0.5736762895060884,0.6773350751143044
31.632137021135463,0.5738131071281981,0.6773350751143044
31.637038609272963,0.5739499247503078,0.6773350751143044
31.637876177373414,0.5740867423724175,0.6773350751143044
31.64376013363517,0.5742235599945273,0.6773350751143044
31.64804228330388,0.5742235599945273,0.6776616590463749
31.661185848396258,0.574360377616637,0.6776616590463749
31.664836366873715,0.5744971952387468,0.6776616590463749
31.699759678338637,0.5746340128608565,0.6776616590463749
31.709106003266925,0.5747708304829662,0.6776616590463749
31.711406511798486,0.5749076481050759,0.6776616590463749
31.717431081679024,0.5749076481050759,0.6779882429784455
31.730760355974894,0.5750444657271857,0.6779882429784455
31.735774327913646,0.5751812833492954,0.6779882429784455
31.73980478717874,0.5751812833492954,0.678314826910516
31.740987816689085,0.5753181009714051,0.678314826910516
31.743487042392303,0.5754549185935148,0.678314826910516
31.744809636778086,0.5754549185935148,0.6786414108425866
31.74915138912013,0.5754549185935148,0.6789679947746571
31.749837713064835,0.5755917362156245,0.6789679947746571
31.750358369253263,0.5757285538377342,0.6789679947746571
31.753024211567094,0.5757285538377342,0.6792945787067276
31.76006763387136,0.5758653714598441,0.6792945787067276
31.761047329395183,0.5760021890819538,0.6792945787067276
31.765509021527578,0.5761390067040635,0.6792945787067276
31.7656210872492,0.5762758243261732,0.6792945787067276
31.765865053027824,0.5764126419482829,0.6792945787067276
31.769207144337543,0.5765494595703927,0.6792945787067276
31.772906846269734,0.5766862771925024,0.6792945787067276
31.784398850833554,0.5768230948146121,0.6792945787067276
31.785927277608266,0.5769599124367218,0.6792945787067276
31.78868703199305,0.5770967300588316,0.6792945787067276
31.79075200579166,0.5772335476809413,0.6792945787067276
31.79321898936098,0.5773703653030511,0.6792945787067276
31.8042436834437,0.5773703653030511,0.6796211626387981
31.807517602545545,0.5775071829251608,0.6796211626387981
31.808718907220623,0.5775071829251608,0.6799477465708688
31.816153418945987,0.5776440005472705,0.6799477465708688
31.825252275601088,0.5777808181693802,0.6799477465708688
31.82896957127832,0.5779176357914899,0.6799477465708688
31.829493703304138,0.5780544534135996,0.6799477465708688
31.834797021657664,0.5780544534135996,0.6802743305029393
31.83614051180234,0.5780544534135996,0.6806009144350098
31.842047675732374,0.5781912710357094,0.6806009144350098
31.84460431768514,0.5783280886578192,0.6806009144350098
31.845592980724973,0.5784649062799289,0.6806009144350098
31.84813536097056,0.5784649062799289,0.6809274983670803
31.852553985710415,0.5786017239020386,0.6809274983670803
31.854891539797336,0.5786017239020386,0.6812540822991509
31.85491763878565,0.5787385415241483,0.6812540822991509
31.86785529837266,0.578875359146258,0.6812540822991509
31.878372240576937,0.578875359146258,0.6815806662312214
31.88355209042561,0.5790121767683678,0.6815806662312214
31.889446300896793,0.5791489943904775,0.6815806662312214
31.896278396684693,0.5792858120125872,0.6815806662312214
31.8964637868944,0.5792858120125872,0.681907250163292
31.907072393853582,0.5794226296346969,0.681907250163292
31.91871855916463,0.5794226296346969,0.6822338340953625
31.918733205205854,0.5794226296346969,0.6825604180274331
31.934536471743172,0.5794226296346969,0.6828870019595036
31.940687650993482,0.5795594472568066,0.6828870019595036
31.94366668278019,0.5796962648789165,0.6828870019595036
31.945372572008523,0.5798330825010262,0.6828870019595036
31.959655094802088,0.5799699001231359,0.6828870019595036
31.96297733550432,0.5801067177452456,0.6828870019595036
31.963041738054244,0.5802435353673553,0.6828870019595036
31.966326379464363,0.580380352989465,0.6828870019595036
31.97102057988434,0.5805171706115748,0.6828870019595036
31.97203576355139,0.5806539882336845,0.6828870019595036
31.97667695536586,0.5807908058557942,0.6828870019595036
31.987403430899235,0.5809276234779039,0.6828870019595036
31.993525693047104,0.5810644411000137,0.6828870019595036
32.00428099502494,0.5812012587221234,0.6828870019595036
32.017921698100736,0.5812012587221234,0.6832135858915741
32.02715491441859,0.5813380763442332,0.6832135858915741
32.04181286171172,0.5814748939663429,0.6832135858915741
32.049432345880405,0.5814748939663429,0.6835401698236446
32.051858477761925,0.5816117115884526,0.6835401698236446
32.062256600341925,0.5817485292105623,0.6835401698236446
32.06539135432877,0.581885346832672,0.6835401698236446
32.067795626238194,0.5820221644547817,0.6835401698236446
32.07530135528259,0.5820221644547817,0.6838667537557153
32.075510038195944,0.5821589820768915,0.6838667537557153
32.09546083398334,0.5822957996990012,0.6838667537557153
32.096429802870034,0.582432617321111,0.6838667537557153
32.10820382207862,0.5825694349432207,0.6838667537557153
32.110930028330245,0.5827062525653304,0.6838667537557153
32.12516695380725,0.5828430701874402,0.6838667537557153
32.13235255306995,0.5829798878095499,0.6838667537557153
32.14035994312462,0.5829798878095499,0.6841933376877858
32.14583797330181,0.5831167054316596,0.6841933376877858
32.148251011583284,0.5832535230537693,0.6841933376877858
32.14888101977533,0.583390340675879,0.6841933376877858
32.16764080096493,0.5835271582979887,0.6841933376877858
32.168149495349326,0.5835271582979887,0.6845199216198563
32.18025019528079,0.5836639759200986,0.6845199216198563
32.18412131391892,0.5838007935422083,0.6845199216198563
32.189992903232906,0.583937611164318,0.6845199216198563
32.19966950695914,0.583937611164318,0.6848465055519268
32.211862732673694,0.5840744287864277,0.6848465055519268
32.22312323096935,0.5842112464085374,0.6848465055519268
32.228861098928746,0.5842112464085374,0.6851730894839974
32.22922824815066,0.5843480640306471,0.6851730894839974
32.24122231888293,0.5844848816527569,0.6851730894839974
32.244159539907855,0.5846216992748666,0.6851730894839974
32.24596752219486,0.5846216992748666,0.6854996734160679
32.26181017055126,0.5846216992748666,0.6858262573481385
32.27627887044207,0.5847585168969763,0.6858262573481385
32.29078043077925,0.584895334519086,0.6858262573481385
32.29286012805471,0.584895334519086,0.686152841280209
32.296326423278856,0.5850321521411957,0.686152841280209
32.29651674207355,0.5851689697633056,0.686152841280209
32.298999916538264,0.5853057873854153,0.686152841280209
32.30027513775201,0.5853057873854153,0.6864794252122796
32.30432600481515,0.585442605007525,0.6864794252122796
32.30881072111151,0.5855794226296347,0.6864794252122796
32.31097023981931,0.5857162402517444,0.6864794252122796
32.322435366173295,0.5858530578738541,0.6864794252122796
32.323136719035006,0.5859898754959639,0.6864794252122796
32.32877876254645,0.5861266931180736,0.6864794252122796
32.332465113278886,0.5861266931180736,0.6868060091443501
32.33457931982821,0.5862635107401833,0.6868060091443501
32.34368554013622,0.5862635107401833,0.6871325930764206
32.34975966612615,0.5862635107401833,0.6874591770084911
32.35924411367182,0.586400328362293,0.6874591770084911
32.36255936974521,0.5865371459844028,0.6874591770084911
32.3668391627715,0.5866739636065125,0.6874591770084911
32.37036164764356,0.5868107812286223,0.6874591770084911
32.384770811712656,0.586947598850732,0.6874591770084911
32.387727020264606,0.5870844164728417,0.6874591770084911
32.39197275688559,0.5872212340949514,0.6874591770084911
32.39214451519183,0.5873580517170611,0.6874591770084911
32.39473121710614,0.5874948693391708,0.6874591770084911
32.39601206941484,0.5876316869612807,0.6874591770084911
32.39776575258111,0.5877685045833904,0.6874591770084911
32.40767273867209,0.5879053222055001,0.6874591770084911
32.41266395453397,0.5880421398276098,0.6874591770084911
32.41412785752766,0.5880421398276098,0.6877857609405618
32.41528817767369,0.5881789574497195,0.6877857609405618
32.42117991942757,0.5881789574497195,0.6881123448726323
32.42187420772177,0.5883157750718293,0.6881123448726323
32.44405487910194,0.588452592693939,0.6881123448726323
32.45865279536429,0.5885894103160487,0.6881123448726323
32.46241260249087,0.5887262279381584,0.6881123448726323
32.48630571384024,0.5888630455602681,0.6881123448726323
32.48779659691036,0.5889998631823778,0.6881123448726323
32.49222574041107,0.5891366808044877,0.6881123448726323
32.49557021038311,0.5892734984265974,0.6881123448726323
32.497108900691615,0.5892734984265974,0.6884389288047028
32.503821947071515,0.5894103160487071,0.6884389288047028
32.511912846483824,0.5895471336708168,0.6884389288047028
32.51195652632953,0.5896839512929265,0.6884389288047028
32.54183224486292,0.5896839512929265,0.6887655127367733
32.562324906316235,0.5898207689150362,0.6887655127367733
32.573678527803736,0.589957586537146,0.6887655127367733
32.579375450862926,0.5900944041592557,0.6887655127367733
32.57970786803742,0.5902312217813654,0.6887655127367733
32.58653033112125,0.5903680394034752,0.6887655127367733
32.5890569039924,0.5905048570255849,0.6887655127367733
32.59212487780667,0.5906416746476946,0.6887655127367733
32.597356664181234,0.5907784922698044,0.6887655127367733
32.60503578566079,0.5909153098919141,0.6887655127367733
32.609074341060705,0.5910521275140238,0.6887655127367733
32.62414414685452,0.5911889451361335,0.6887655127367733
32.62733598061163,0.5913257627582432,0.6887655127367733
32.632249505657,0.591462580380353,0.6887655127367733
32.6334888424268,0.5915993980024628,0.6887655127367733
32.63351158550347,0.5915993980024628,0.6890920966688439
32.6351026148069,0.5915993980024628,0.6894186806009144
32.63833392763138,0.5917362156245725,0.6894186806009144
32.63909755334521,0.5918730332466822,0.6894186806009144
32.65498789483888,0.5918730332466822,0.689745264532985
32.67028994862574,0.5920098508687919,0.689745264532985
32.67099670693449,0.5920098508687919,0.6900718484650555
32.67148263204933,0.5921466684909016,0.6900718484650555
32.68004482493393,0.5922834861130114,0.6900718484650555
32.68627167884301,0.5922834861130114,0.6903984323971261
32.694456878511915,0.5924203037351211,0.6903984323971261
32.69527156941797,0.5925571213572308,0.6903984323971261
32.69759606709124,0.5926939389793405,0.6903984323971261
32.698062147656174,0.5928307566014502,0.6903984323971261
32.70651829307428,0.59296757422356,0.6903984323971261
32.710728425154116,0.5931043918456698,0.6903984323971261
32.729292479098945,0.5932412094677795,0.6903984323971261
32.73068945335899,0.5933780270898892,0.6903984323971261
32.74024834136753,0.5935148447119989,0.6903984323971261
32.74932421516587,0.5936516623341086,0.6903984323971261
32.75097563608358,0.5937884799562183,0.6903984323971261
32.755902253246745,0.5939252975783281,0.6903984323971261
32.75840855228137,0.5940621152004378,0.6903984323971261
32.75897816918041,0.5941989328225475,0.6903984323971261
32.75902441866515,0.5943357504446573,0.6903984323971261
32.773838660934985,0.594472568066767,0.6903984323971261
32.79531771839356,0.594472568066767,0.6907250163291966
32.798018314024034,0.594472568066767,0.6910516002612671
32.79898373944877,0.5946093856888768,0.6910516002612671
32.82407193803101,0.5946093856888768,0.6913781841933377
32.832471553554,0.5947462033109865,0.6913781841933377
32.83422140618018,0.5948830209330962,0.6913781841933377
32.83744084247439,0.5950198385552059,0.6913781841933377
32.84240844496344,0.5951566561773156,0.6913781841933377
32.84370980640233,0.5952934737994253,0.6913781841933377
32.850623175373585,0.5952934737994253,0.6917047681254083
32.85430101565555,0.5954302914215351,0.6917047681254083
32.85540752816428,0.5955671090436448,0.6917047681254083
32.856671505999316,0.5955671090436448,0.6920313520574788
32.86004056509694,0.5957039266657546,0.6920313520574788
32.86579525890204,0.5958407442878643,0.6920313520574788
32.86777467015827,0.595977561909974,0.6920313520574788
32.87586578290734,0.5961143795320837,0.6920313520574788
32.89564468842423,0.5962511971541935,0.6920313520574788
32.896604615165415,0.5962511971541935,0.6923579359895493
32.89717364468561,0.5963880147763032,0.6923579359895493
32.89774403973331,0.5965248323984129,0.6923579359895493
32.90237644983165,0.5966616500205226,0.6923579359895493
32.91293754895605,0.5967984676426323,0.6923579359895493
32.91336969391159,0.596935285264742,0.6923579359895493
32.913732141674586,0.5970721028868519,0.6923579359895493
32.935192837058594,0.5972089205089616,0.6923579359895493
32.93631842641628,0.5973457381310713,0.6923579359895493
32.941339687940626,0.5973457381310713,0.6926845199216198
32.94426051231301,0.597482555753181,0.6926845199216198
32.95265806584871,0.5976193733752907,0.6926845199216198
32.95266429019625,0.5976193733752907,0.6930111038536904
32.95537179482665,0.5977561909974005,0.6930111038536904
32.97429353717723,0.5978930086195102,0.6930111038536904
32.975650764652755,0.5980298262416199,0.6930111038536904
32.97618311217275,0.5981666438637296,0.6930111038536904
32.98570018662565,0.5983034614858393,0.6930111038536904
32.98741256641017,0.5984402791079491,0.6930111038536904
32.99333150422217,0.5985770967300589,0.6930111038536904
33.00097357256129,0.5987139143521686,0.6930111038536904
33.00560331231611,0.5988507319742783,0.6930111038536904
33.013164296589366,0.598987549596388,0.6930111038536904
33.03424189601253,0.5991243672184977,0.6930111038536904
33.05703728395406,0.5992611848406074,0.6930111038536904
33.057362156769614,0.5993980024627172,0.6930111038536904
33.07404836444641,0.599534820084827,0.6930111038536904
33.0794291133318,0.5996716377069367,0.6930111038536904
33.08389527442307,0.5998084553290464,0.6930111038536904
33.08464554675243,0.5999452729511561,0.6930111038536904
33.08883936893267,0.6000820905732659,0.6930111038536904
33.09000557932404,0.6002189081953756,0.6930111038536904
33.09928200297759,0.6003557258174853,0.6930111038536904
33.10261263078996,0.6003557258174853,0.693337687785761
33.11378078594157,0.600492543439595,0.693337687785761
33.114517360466266,0.6006293610617047,0.693337687785761
33.12475569081698,0.6007661786838144,0.693337687785761
33.12812237354012,0.6007661786838144,0.6936642717178315
33.132393873860906,0.6009029963059243,0.6936642717178315
33.15810808503193,0.6009029963059243,0.693990855649902
33.16869271988173,0.6009029963059243,0.6943174395819726
33.171370258922934,0.601039813928034,0.6943174395819726
33.18036458569338,0.6011766315501437,0.6943174395819726
33.19868341674612,0.6011766315501437,0.6946440235140431
33.20007559258056,0.6013134491722534,0.6946440235140431
33.20377011025835,0.6014502667943631,0.6946440235140431
33.20559029197955,0.6014502667943631,0.6949706074461136
33.20772521399681,0.6015870844164728,0.6949706074461136
33.221781649074046,0.6017239020385826,0.6949706074461136
33.23039640926618,0.6018607196606923,0.6949706074461136
33.233626960145784,0.601997537282802,0.6949706074461136
33.23998898641696,0.6021343549049117,0.6949706074461136
33.24397950442483,0.6022711725270214,0.6949706074461136
33.255343312295054,0.6022711725270214,0.6952971913781842
33.27771781550666,0.6024079901491312,0.6952971913781842
33.28006980254452,0.602544807771241,0.6952971913781842
33.282438563416804,0.6026816253933507,0.6952971913781842
33.283567986105936,0.6028184430154604,0.6952971913781842
33.28563298302538,0.6029552606375701,0.6952971913781842
33.28732532692061,0.6029552606375701,0.6956237753102548
33.29059088433894,0.6030920782596798,0.6956237753102548
33.29204916410583,0.6032288958817896,0.6956237753102548
33.29582100143239,0.6033657135038993,0.6956237753102548
33.29763898582917,0.603502531126009,0.6956237753102548
33.307319117874385,0.6036393487481188,0.6956237753102548
33.32134949640738,0.6037761663702285,0.6956237753102548
33.33767047140884,0.6039129839923382,0.6956237753102548
33.33825197329077,0.604049801614448,0.6956237753102548
33.3429833185977,0.6041866192365577,0.6956237753102548
33.36150982768925,0.6043234368586674,0.6956237753102548
33.366682508243,0.6044602544807771,0.6956237753102548
33.3667978214487,0.6044602544807771,0.6959503592423253
33.38637800757397,0.6044602544807771,0.6962769431743958
33.40912408688848,0.6045970721028868,0.6962769431743958
33.41191028610888,0.6047338897249965,0.6962769431743958
33.413442922594754,0.6048707073471064,0.6962769431743958
33.41766682022819,0.6050075249692161,0.6962769431743958
33.41898377004202,0.6051443425913258,0.6962769431743958
33.42253873587708,0.6052811602134355,0.6962769431743958
33.43362231238473,0.6052811602134355,0.6966035271064663
33.44842871772255,0.6054179778355452,0.6966035271064663
33.457399731533314,0.6055547954576549,0.6966035271064663
33.458384928217924,0.6055547954576549,0.6969301110385369
33.47054441032458,0.6055547954576549,0.6972566949706075
33.483058566480395,0.6056916130797647,0.6972566949706075
33.48886855631565,0.6058284307018744,0.6972566949706075
33.5031632640256,0.6059652483239841,0.6972566949706075
33.507448272245256,0.6061020659460938,0.6972566949706075
33.51945035958727,0.6061020659460938,0.697583278902678
33.54572695063439,0.6062388835682035,0.697583278902678
33.56375729842955,0.6062388835682035,0.6979098628347485
33.570315918845836,0.6063757011903134,0.6979098628347485
33.57393755787757,0.6065125188124231,0.6979098628347485
33.58680486875221,0.6065125188124231,0.6982364467668191
33.5954781500717,0.6066493364345328,0.6982364467668191
33.59744404746721,0.6066493364345328,0.6985630306988896
33.623884710765765,0.6067861540566425,0.6985630306988896
33.62961353486219,0.6069229716787522,0.6985630306988896
33.63034281987893,0.6070597893008619,0.6985630306988896
33.63813250548071,0.6071966069229717,0.6985630306988896
33.640171589138276,0.6073334245450814,0.6985630306988896
33.6470629072445,0.6073334245450814,0.6988896146309601
33.65955604245573,0.6074702421671911,0.6988896146309601
33.67294236114503,0.6076070597893009,0.6988896146309601
33.67542929706565,0.6077438774114106,0.6988896146309601
33.67934398355942,0.6077438774114106,0.6992161985630307
33.71153689649009,0.6078806950335203,0.6992161985630307
33.71154543230318,0.6078806950335203,0.6995427824951013
33.71167897673524,0.6080175126556301,0.6995427824951013
33.72083282987694,0.6081543302777398,0.6995427824951013
33.73221472995044,0.6082911478998495,0.6995427824951013
33.74618399892847,0.6084279655219592,0.6995427824951013
33.75219076620965,0.6084279655219592,0.6998693664271718
33.75395563793393,0.6084279655219592,0.7001959503592423
33.759667667134636,0.6085647831440689,0.7001959503592423
33.765558669365646,0.6087016007661786,0.7001959503592423
33.7681833743934,0.6088384183882884,0.7001959503592423
33.76944779631117,0.6088384183882884,0.7005225342913128
33.77163471019185,0.6089752360103982,0.7005225342913128
33.77309945745958,0.6091120536325079,0.7005225342913128
33.77476989171237,0.6092488712546176,0.7005225342913128
33.7905775911388,0.6093856888767273,0.7005225342913128
33.798584245386905,0.6093856888767273,0.7008491182233834
33.810850137473494,0.6093856888767273,0.701175702155454
33.820680978752875,0.6093856888767273,0.7015022860875245
33.82509719683674,0.6095225064988371,0.7015022860875245
33.83143858327935,0.6096593241209468,0.7015022860875245
33.83789413241959,0.6096593241209468,0.701828870019595
33.843693578094076,0.6097961417430565,0.701828870019595
33.84485036687954,0.6099329593651662,0.701828870019595
33.850817999321976,0.6099329593651662,0.7021554539516656
33.86966648297755,0.6099329593651662,0.7024820378837361
33.87463982148597,0.6100697769872759,0.7024820378837361
33.882168889541276,0.6102065946093856,0.7024820378837361
33.8887344872287,0.6103434122314955,0.7024820378837361
33.89504280942447,0.6104802298536052,0.7024820378837361
33.89504411461655,0.6106170474757149,0.7024820378837361
33.89701961454148,0.6107538650978246,0.7024820378837361
33.89817471911397,0.6108906827199343,0.7024820378837361
33.89823976643754,0.611027500342044,0.7024820378837361
33.92500577120825,0.6111643179641538,0.7024820378837361
33.92952434208166,0.6111643179641538,0.7028086218158066
33.94652520661759,0.6111643179641538,0.7031352057478772
33.94893890083824,0.6113011355862635,0.7031352057478772
33.95039684923711,0.6114379532083732,0.7031352057478772
33.95305001101201,0.6114379532083732,0.7034617896799478
33.957696455691234,0.611574770830483,0.7034617896799478
33.96733345384291,0.611574770830483,0.7037883736120183
33.971840075862474,0.6117115884525927,0.7037883736120183
33.97272068988491,0.6118484060747024,0.7037883736120183
33.985226017589866,0.6119852236968122,0.7037883736120183
33.98863250617228,0.6119852236968122,0.7041149575440888
33.99615779686849,0.6119852236968122,0.7044415414761593
34.00033983406138,0.6121220413189219,0.7044415414761593
34.000958017728635,0.6122588589410316,0.7044415414761593
34.004122947471274,0.6123956765631413,0.7044415414761593
34.00458454844954,0.6123956765631413,0.7047681254082299
34.007063625027854,0.6123956765631413,0.7050947093403005
34.02866218088775,0.612532494185251,0.7050947093403005
34.03348577356678,0.6126693118073608,0.7050947093403005
34.03933870397475,0.6126693118073608,0.705421293272371
34.03997282508874,0.6128061294294705,0.705421293272371
34.064955000226064,0.6128061294294705,0.7057478772044415
34.07774102132737,0.6129429470515803,0.7057478772044415
34.08125790877864,0.61307976467369,0.7057478772044415
34.08301677138036,0.6132165822957997,0.7057478772044415
34.100752020195614,0.6133533999179094,0.7057478772044415
34.10175392946269,0.6134902175400192,0.7057478772044415
34.11296033051235,0.6136270351621289,0.7057478772044415
34.11628859872519,0.6137638527842386,0.7057478772044415
34.12441173853131,0.6137638527842386,0.7060744611365121
34.12671919657771,0.6139006704063483,0.7060744611365121
34.12706431909089,0.614037488028458,0.7060744611365121
34.13323377658162,0.6141743056505677,0.7060744611365121
34.14595927331072,0.6143111232726776,0.7060744611365121
34.14789778422892,0.6144479408947873,0.7060744611365121
34.16924042428218,0.614584758516897,0.7060744611365121
34.178124227071976,0.6147215761390067,0.7060744611365121
34.18088521709308,0.6147215761390067,0.7064010450685826
34.18711056276254,0.6148583937611164,0.7064010450685826
34.192686789249706,0.6149952113832262,0.7064010450685826
34.202336392284906,0.6151320290053359,0.7064010450685826
34.20384151391579,0.6152688466274456,0.7064010450685826
34.20741454530696,0.6154056642495553,0.7064010450685826
34.22046697639155,0.615542481871665,0.7064010450685826
34.22372431278916,0.6156792994937748,0.7064010450685826
34.238000398652275,0.6158161171158846,0.7064010450685826
34.25523775364263,0.6159529347379943,0.7064010450685826
34.25756212596741,0.616089752360104,0.7064010450685826
34.26176868705386,0.6162265699822137,0.7064010450685826
34.26605031391614,0.6163633876043234,0.7064010450685826
34.266259649205494,0.6165002052264331,0.7064010450685826
34.268821102986635,0.6165002052264331,0.7067276290006531
34.277430302495986,0.6166370228485429,0.7067276290006531
34.28455556005076,0.6167738404706526,0.7067276290006531
34.29314309372194,0.6169106580927624,0.7067276290006531
34.30784447250676,0.6170474757148721,0.7067276290006531
34.309974569189535,0.6171842933369818,0.7067276290006531
34.3126219234814,0.6171842933369818,0.7070542129327237
34.313600269017,0.6173211109590915,0.7070542129327237
34.31370386909521,0.6174579285812013,0.7070542129327237
34.31603138295998,0.617594746203311,0.7070542129327237
34.33120749688612,0.6177315638254207,0.7070542129327237
34.339340791612926,0.6178683814475304,0.7070542129327237
34.340804636975804,0.6180051990696401,0.7070542129327237
34.34643132243173,0.61814201669175,0.7070542129327237
34.34658993627022,0.6182788343138597,0.7070542129327237
34.35722402113879,0.6182788343138597,0.7073807968647943
34.36294133454646,0.6184156519359694,0.7073807968647943
34.36308187888005,0.6184156519359694,0.7077073807968648
34.365122155522045,0.6184156519359694,0.7080339647289353
34.379490090119816,0.6184156519359694,0.7083605486610058
34.38169379138856,0.6185524695580791,0.7083605486610058
34.38234172119269,0.6186892871801888,0.7083605486610058
34.39288742354768,0.6188261048022985,0.7083605486610058
34.39378500700798,0.6189629224244083,0.7083605486610058
34.39616434562811,0.619099740046518,0.7083605486610058
34.39692205326958,0.619099740046518,0.7086871325930765
34.40180142036024,0.6192365576686277,0.7086871325930765
34.4063675248417,0.6192365576686277,0.709013716525147
34.41960240124331,0.6193733752907374,0.709013716525147
34.422156650550505,0.6193733752907374,0.7093403004572175
34.42279107651325,0.6193733752907374,0.709666884389288
34.42619095909072,0.6195101929128471,0.709666884389288
34.42877290448246,0.6196470105349569,0.709666884389288
34.43152365689218,0.6196470105349569,0.7099934683213586
34.43861826532304,0.6196470105349569,0.7103200522534291
34.4403814584241,0.6196470105349569,0.7106466361854997
34.446591058750414,0.6197838281570667,0.7106466361854997
34.44862324134294,0.6199206457791764,0.7106466361854997
34.45056670852489,0.6200574634012861,0.7106466361854997
34.45311621544022,0.6200574634012861,0.7109732201175702
34.464920625313766,0.6201942810233958,0.7109732201175702
34.46527682114004,0.6203310986455055,0.7109732201175702
34.465697557940416,0.6204679162676152,0.7109732201175702
34.489577181276104,0.620604733889725,0.7109732201175702
34.49015259484406,0.6207415515118347,0.7109732201175702
34.51004530385512,0.6208783691339445,0.7109732201175702
34.517130235454374,0.6210151867560542,0.7109732201175702
34.520108725695536,0.6211520043781639,0.7109732201175702
34.5265154354737,0.6212888220002737,0.7109732201175702
34.52711558813519,0.6214256396223834,0.7109732201175702
34.53232086087121,0.6215624572444931,0.7109732201175702
34.53938928400123,0.6215624572444931,0.7112998040496408
34.54174071415491,0.6216992748666028,0.7112998040496408
34.54256779768491,0.6218360924887125,0.7112998040496408
34.54449845218551,0.6219729101108222,0.7112998040496408
34.5498409538402,0.622109727732932,0.7112998040496408
34.55121502664713,0.622109727732932,0.7116263879817113
34.557924973118816,0.6222465453550418,0.7116263879817113
34.562268829748746,0.6223833629771515,0.7116263879817113
34.56727964853667,0.6223833629771515,0.7119529719137818
34.56861527719798,0.6225201805992612,0.7119529719137818
34.569979239480176,0.6226569982213709,0.7119529719137818
34.57227363765446,0.6227938158434806,0.7119529719137818
34.57318591465037,0.6229306334655904,0.7119529719137818
34.58368259709823,0.6230674510877001,0.7119529719137818
34.59634640326442,0.6232042687098098,0.7119529719137818
34.597812015498334,0.6233410863319195,0.7119529719137818
34.6232606641679,0.6234779039540292,0.7119529719137818
34.62604770338146,0.623614721576139,0.7119529719137818
34.645430239279676,0.6237515391982488,0.7119529719137818
34.65402909437228,0.6238883568203585,0.7119529719137818
34.66147401830733,0.6238883568203585,0.7122795558458523
34.6618155417799,0.6238883568203585,0.712606139777923
34.66728810339566,0.6240251744424682,0.712606139777923
34.66908566133952,0.6241619920645779,0.712606139777923
34.689465822643115,0.6242988096866876,0.712606139777923
34.69006854851409,0.6242988096866876,0.7129327237099935
34.691339454069976,0.6244356273087974,0.7129327237099935
34.692968808244245,0.6245724449309071,0.7129327237099935
34.71093635095815,0.6247092625530168,0.7129327237099935
34.71254929826216,0.6248460801751266,0.7129327237099935
34.72567479093391,0.6249828977972363,0.7129327237099935
34.726759866884436,0.625119715419346,0.7129327237099935
34.738548317232585,0.6252565330414558,0.7129327237099935
34.74512889568041,0.6252565330414558,0.713259307642064
34.756057946716965,0.6252565330414558,0.7135858915741345
34.75808909487796,0.6253933506635655,0.7135858915741345
34.76884855583398,0.6255301682856752,0.7135858915741345
34.771915644781984,0.6256669859077849,0.7135858915741345
34.78697736594506,0.6258038035298946,0.7135858915741345
34.79093608416076,0.6259406211520043,0.7135858915741345
34.793187830682996,0.6260774387741141,0.7135858915741345
34.80017116599856,0.6262142563962239,0.7135858915741345
34.808635803098014,0.6263510740183336,0.7135858915741345
34.81938374821584,0.6264878916404433,0.7135858915741345
34.821794373229636,0.626624709262553,0.7135858915741345
34.82451636138444,0.6267615268846627,0.7135858915741345
34.825404636778785,0.6268983445067725,0.7135858915741345
34.825572859896624,0.6270351621288822,0.7135858915741345
34.831575991930094,0.6271719797509919,0.7135858915741345
34.83572268414332,0.6273087973731016,0.7135858915741345
34.85383200105355,0.6274456149952113,0.7135858915741345
34.865195737061526,0.6274456149952113,0.7139124755062051
34.87097890934763,0.6275824326173212,0.7139124755062051
34.87243628738065,0.6275824326173212,0.7142390594382756
34.87415382097902,0.6277192502394309,0.7142390594382756
34.874776795079015,0.6278560678615406,0.7142390594382756
34.88805272715058,0.6279928854836503,0.7142390594382756
34.89533806895599,0.62812970310576,0.7142390594382756
34.90986779141633,0.6282665207278697,0.7142390594382756
34.92562042394843,0.6282665207278697,0.7145656433703462
34.92803983367298,0.6284033383499795,0.7145656433703462
34.936378726335874,0.6284033383499795,0.7148922273024167
34.94855605047394,0.6285401559720892,0.7148922273024167
34.964695744720416,0.6286769735941989,0.7148922273024167
34.965567079241964,0.6286769735941989,0.7152188112344873
34.97114221882134,0.6288137912163086,0.7152188112344873
34.971577300997524,0.6288137912163086,0.7155453951665578
34.97212745406887,0.6289506088384184,0.7155453951665578
34.979032418269526,0.6290874264605281,0.7155453951665578
34.994175421348814,0.6292242440826379,0.7155453951665578
34.99502162279123,0.6293610617047476,0.7155453951665578
34.99646065340926,0.6294978793268573,0.7155453951665578
35.00049227467025,0.629634696948967,0.7155453951665578
35.01284023039875,0.6297715145710767,0.7155453951665578
35.01444939562293,0.6299083321931865,0.7155453951665578
35.015477032246054,0.6300451498152962,0.7155453951665578
35.021717221155996,0.630181967437406,0.7155453951665578
35.027513271405724,0.6303187850595157,0.7155453951665578
35.035709151603214,0.6304556026816254,0.7155453951665578
35.039864914523264,0.6305924203037351,0.7155453951665578
35.04005892074963,0.6307292379258449,0.7155453951665578
35.04592954616351,0.6307292379258449,0.7158719790986283
35.05313226040255,0.6308660555479546,0.7158719790986283
35.06595698294325,0.6310028731700643,0.7158719790986283
35.067626878928536,0.631139690792174,0.7158719790986283
35.06948188385354,0.6312765084142837,0.7158719790986283
35.07603922896317,0.6314133260363934,0.7158719790986283
35.0789126424886,0.6315501436585033,0.7158719790986283
35.07910087183723,0.631686961280613,0.7158719790986283
35.079827207941776,0.631686961280613,0.7161985630306988
35.08035360341398,0.6318237789027227,0.7161985630306988
35.08201740317952,0.6318237789027227,0.7165251469627695
35.09607401342771,0.6319605965248324,0.7165251469627695
35.10152391894576,0.6320974141469421,0.7165251469627695
35.107095240071544,0.6322342317690518,0.7165251469627695
35.122260243405776,0.6323710493911616,0.7165251469627695
35.12897383305858,0.6323710493911616,0.71685173089484
35.140517617787395,0.6325078670132713,0.71685173089484
35.14304158297068,0.632644684635381,0.71685173089484
35.1434866169011,0.632644684635381,0.7171783148269105
35.14382624397558,0.6327815022574907,0.7171783148269105
35.14583505589826,0.6327815022574907,0.717504898758981
35.14853621713826,0.6329183198796005,0.717504898758981
35.15150345942993,0.6330551375017103,0.717504898758981
35.15161261487992,0.63319195512382,0.717504898758981
35.16504456855853,0.6333287727459297,0.717504898758981
35.17160512832152,0.6334655903680394,0.717504898758981
35.17261912705601,0.6336024079901491,0.717504898758981
35.1727868568687,0.6336024079901491,0.7178314826910516
35.18521129199405,0.6336024079901491,0.7181580666231221
35.18829383874447,0.6336024079901491,0.7184846505551927
35.18936353031563,0.6337392256122588,0.7184846505551927
35.19323398835809,0.6338760432343686,0.7184846505551927
35.206316929952095,0.6340128608564783,0.7184846505551927
35.212581365255005,0.634149678478588,0.7184846505551927
35.22039796758554,0.634149678478588,0.7188112344872633
35.23413342946674,0.6342864961006978,0.7188112344872633
35.23888182395626,0.6344233137228075,0.7188112344872633
35.238988072913344,0.6345601313449172,0.7188112344872633
35.25012449728138,0.634696948967027,0.7188112344872633
35.262161588894514,0.6348337665891367,0.7188112344872633
35.26839757930952,0.6349705842112464,0.7188112344872633
35.280557369178496,0.6349705842112464,0.7191378184193338
35.28967024213728,0.6351074018333561,0.7191378184193338
35.29079963423146,0.6351074018333561,0.7194644023514043
35.2912735345875,0.6352442194554658,0.7194644023514043
35.3008515779876,0.6353810370775755,0.7194644023514043
35.303547818015545,0.6355178546996854,0.7194644023514043
35.30445645239308,0.6356546723217951,0.7194644023514043
35.30584414453938,0.6357914899439048,0.7194644023514043
35.3119202651701,0.6359283075660145,0.7194644023514043
35.314177584990944,0.6360651251881242,0.7194644023514043
35.315499015832984,0.636201942810234,0.7194644023514043
35.323814965800125,0.6363387604323437,0.7194644023514043
35.34323953429339,0.6364755780544534,0.7194644023514043
35.35383826599002,0.6366123956765631,0.7194644023514043
35.354964633185546,0.6366123956765631,0.7197909862834748
35.36490367677277,0.6367492132986728,0.7197909862834748
35.365649889830706,0.6368860309207826,0.7197909862834748
35.37455863411742,0.6370228485428924,0.7197909862834748
35.38835148228236,0.6370228485428924,0.7201175702155453
35.38871799343565,0.6370228485428924,0.720444154147616
35.39765938622986,0.6371596661650021,0.720444154147616
35.42444889089313,0.6372964837871118,0.720444154147616
35.427151833265384,0.6374333014092215,0.720444154147616
35.436987254044425,0.6374333014092215,0.7207707380796865
35.449803374737826,0.6374333014092215,0.721097322011757
35.455066056118426,0.6375701190313312,0.721097322011757
35.46380598351834,0.6375701190313312,0.7214239059438275
35.47175197427305,0.6377069366534409,0.7214239059438275
35.47486422665713,0.6378437542755507,0.7214239059438275
35.47537345936769,0.6379805718976604,0.7214239059438275
35.47892015395314,0.6381173895197702,0.7214239059438275
35.49135134360142,0.6382542071418799,0.7214239059438275
35.49169642668721,0.6383910247639896,0.7214239059438275
35.493138982353,0.6385278423860993,0.7214239059438275
35.49975732349003,0.6385278423860993,0.7217504898758981
35.50507763828432,0.6385278423860993,0.7220770738079686
35.508547845100566,0.6386646600082091,0.7220770738079686
35.51113813543668,0.6388014776303188,0.7220770738079686
35.511889730245684,0.6389382952524285,0.7220770738079686
35.51841330342518,0.6389382952524285,0.7224036577400392
35.52198184041697,0.6390751128745382,0.7224036577400392
35.53218446663459,0.6392119304966479,0.7224036577400392
35.533071737581736,0.6392119304966479,0.7227302416721098
35.53374862237945,0.6393487481187577,0.7227302416721098
35.542255668860776,0.6394855657408675,0.7227302416721098
35.546066259413124,0.6396223833629772,0.7227302416721098
35.55531278175624,0.6396223833629772,0.7230568256041803
35.560701483788534,0.6397592009850869,0.7230568256041803
35.57650235230881,0.6398960186071966,0.7230568256041803
35.58066788362885,0.6400328362293063,0.7230568256041803
35.5818250983433,0.6401696538514161,0.7230568256041803
35.58267002901027,0.6403064714735258,0.7230568256041803
35.59799916860163,0.6403064714735258,0.7233834095362508
35.619469411263594,0.6404432890956355,0.7233834095362508
35.634730673229456,0.6405801067177452,0.7233834095362508
35.63567445544891,0.6407169243398549,0.7233834095362508
35.639254082984735,0.6407169243398549,0.7237099934683213
35.641635728306596,0.6407169243398549,0.7240365774003918
35.652385155682964,0.6408537419619647,0.7240365774003918
35.65354183291572,0.6409905595840745,0.7240365774003918
35.65688965620393,0.6411273772061842,0.7240365774003918
35.656922367655966,0.6411273772061842,0.7243631613324625
35.666661227144914,0.6412641948282939,0.7243631613324625
35.66709680016845,0.6412641948282939,0.724689745264533
35.66853960530227,0.6414010124504036,0.724689745264533
35.668690374571156,0.6414010124504036,0.7250163291966035
35.66981602974954,0.6415378300725133,0.7250163291966035
35.672512879663145,0.641674647694623,0.7250163291966035
35.67422470049155,0.6418114653167328,0.7250163291966035
35.67590931563757,0.6419482829388425,0.7250163291966035
35.684986274716834,0.6419482829388425,0.725342913128674
35.69456349131872,0.6420851005609522,0.725342913128674
35.71947680872779,0.6420851005609522,0.7256694970607446
35.724543751613396,0.6420851005609522,0.7259960809928152
35.727023962112185,0.642221918183062,0.7259960809928152
35.72983380200833,0.6423587358051717,0.7259960809928152
35.737860130923536,0.6424955534272815,0.7259960809928152
35.74430731021596,0.6426323710493912,0.7259960809928152
35.74456997580819,0.6427691886715009,0.7259960809928152
35.744968421133876,0.6429060062936106,0.7259960809928152
35.748863639021124,0.6430428239157203,0.7259960809928152
35.75880619507018,0.6430428239157203,0.7263226649248857
35.76823657830448,0.64317964153783,0.7263226649248857
35.77726443485187,0.6433164591599398,0.7263226649248857
35.78117044007854,0.6433164591599398,0.7266492488569563
35.79348685354273,0.6434532767820496,0.7266492488569563
35.80080477769093,0.6435900944041593,0.7266492488569563
35.80290188190406,0.643726912026269,0.7266492488569563
35.81138149071285,0.6438637296483787,0.7266492488569563
35.813943301436325,0.6440005472704884,0.7266492488569563
35.81553827962341,0.6441373648925982,0.7266492488569563
35.82082875260994,0.6442741825147079,0.7266492488569563
35.83413188406121,0.6442741825147079,0.7269758327890268
35.83951254613032,0.6442741825147079,0.7273024167210973
35.84787052196987,0.6444110001368176,0.7273024167210973
35.854365448589874,0.6445478177589273,0.7273024167210973
35.862225015693525,0.644684635381037,0.7273024167210973
35.87060899178266,0.6448214530031469,0.7273024167210973
35.871241715983956,0.6449582706252566,0.7273024167210973
35.87206120352016,0.6449582706252566,0.7276290006531678
35.87960854802952,0.6450950882473663,0.7276290006531678
35.90440299045349,0.6450950882473663,0.7279555845852385
35.90755514141722,0.6450950882473663,0.728282168517309
35.90824413591395,0.6450950882473663,0.7286087524493795
35.909102436456806,0.645231905869476,0.7286087524493795
35.91075755976715,0.645231905869476,0.72893533638145
35.91164763074289,0.6453687234915857,0.72893533638145
35.91539162312711,0.6455055411136954,0.72893533638145
35.91838358989571,0.6456423587358052,0.72893533638145
35.95033501531441,0.6457791763579149,0.72893533638145
35.963111222030875,0.6459159939800246,0.72893533638145
35.98091625413508,0.6460528116021343,0.72893533638145
35.984115434123964,0.646189629224244,0.72893533638145
35.99751332279129,0.6463264468463538,0.72893533638145
36.0086596049191,0.6464632644684636,0.72893533638145
36.01067295313078,0.6464632644684636,0.7292619203135206
36.01251375094148,0.6466000820905733,0.7292619203135206
36.013760139081796,0.6466000820905733,0.7295885042455911
36.01863615227887,0.646736899712683,0.7295885042455911
36.046785022462586,0.646736899712683,0.7299150881776617
36.048899653476155,0.6468737173347927,0.7299150881776617
36.04962445723095,0.6470105349569024,0.7299150881776617
36.056137835018944,0.6471473525790121,0.7299150881776617
36.05758742460512,0.6472841702011219,0.7299150881776617
36.061588391976784,0.6474209878232317,0.7299150881776617
36.064505608760555,0.6475578054453414,0.7299150881776617
36.078113380906075,0.6476946230674511,0.7299150881776617
36.08265760139966,0.6478314406895608,0.7299150881776617
36.087703721753314,0.6478314406895608,0.7302416721097322
36.09545781032648,0.6479682583116706,0.7302416721097322
36.10085565652764,0.6481050759337803,0.7302416721097322
36.10417059600934,0.64824189355589,0.7302416721097322
36.121209949828085,0.6483787111779997,0.7302416721097322
36.12375312349184,0.6485155288001094,0.7302416721097322
36.13067841203497,0.6485155288001094,0.7305682560418028
36.1385288120058,0.6486523464222191,0.7305682560418028
36.13990696343012,0.648789164044329,0.7305682560418028
36.145041166171154,0.6489259816664387,0.7305682560418028
36.147024482501365,0.6489259816664387,0.7308948399738733
36.1500282644231,0.6490627992885484,0.7308948399738733
36.165111067213616,0.6490627992885484,0.7312214239059438
36.165539506141954,0.6491996169106581,0.7312214239059438
36.16714101126047,0.6493364345327678,0.7312214239059438
36.18050379254896,0.6494732521548775,0.7312214239059438
36.199018087392346,0.6496100697769873,0.7312214239059438
36.208510743907254,0.6496100697769873,0.7315480078380143
36.21598787136054,0.649746887399097,0.7315480078380143
36.22144318483515,0.6498837050212067,0.7315480078380143
36.22159851631159,0.6500205226433164,0.7315480078380143
36.222348886323516,0.6501573402654262,0.7315480078380143
36.225516651081534,0.6502941578875359,0.7315480078380143
36.22660500383506,0.6504309755096457,0.7315480078380143
36.23017651714679,0.6505677931317554,0.7315480078380143
36.233680587641174,0.6507046107538651,0.7315480078380143
36.23485436778162,0.6508414283759748,0.7315480078380143
36.23553968444435,0.6509782459980845,0.7315480078380143
36.24868920735355,0.6511150636201943,0.7315480078380143
36.249383421086236,0.651251881242304,0.7315480078380143
36.250242515772015,0.6513886988644138,0.7315480078380143
36.25314581454893,0.6515255164865235,0.7315480078380143
36.25903293974625,0.6515255164865235,0.731874591770085
36.26046872027666,0.6516623341086332,0.731874591770085
36.28409444221222,0.6517991517307429,0.731874591770085
36.28881538410735,0.6519359693528527,0.731874591770085
36.294167538883244,0.6519359693528527,0.7322011757021555
36.30890528688326,0.6520727869749624,0.7322011757021555
36.31234665305499,0.6520727869749624,0.732527759634226
36.329277210268174,0.6522096045970721,0.732527759634226
36.345527940740226,0.6522096045970721,0.7328543435662965
36.3510229514967,0.6523464222191818,0.7328543435662965
36.35371261225009,0.6523464222191818,0.733180927498367
36.354071930408395,0.6523464222191818,0.7335075114304376
36.38897482126288,0.6524832398412915,0.7335075114304376
36.389015770191236,0.6526200574634012,0.7335075114304376
36.39328690512127,0.6526200574634012,0.7338340953625082
36.39683532933793,0.6527568750855111,0.7338340953625082
36.39791923414839,0.6528936927076208,0.7338340953625082
36.4001884840618,0.6530305103297305,0.7338340953625082
36.410042213419615,0.6530305103297305,0.7341606792945787
36.4103938340138,0.6531673279518402,0.7341606792945787
36.41046533567942,0.6533041455739499,0.7341606792945787
36.41352821546275,0.6533041455739499,0.7344872632266493
36.41529572008858,0.6534409631960596,0.7344872632266493
36.423498220244596,0.6534409631960596,0.7348138471587198
36.43641246323364,0.6535777808181694,0.7348138471587198
36.43660108693757,0.6537145984402791,0.7348138471587198
36.440329049341585,0.6538514160623888,0.7348138471587198
36.44385172712123,0.6538514160623888,0.7351404310907903
36.448910307370284,0.6539882336844985,0.7351404310907903
36.458914289712766,0.6541250513066083,0.7351404310907903
36.47208177111611,0.6541250513066083,0.7354670150228608
36.472758113934674,0.6542618689287181,0.7354670150228608
36.48829523350855,0.6542618689287181,0.7357935989549315
36.48936918144807,0.6543986865508278,0.7357935989549315
36.4951167728608,0.6545355041729375,0.7357935989549315
36.49963175844823,0.6546723217950472,0.7357935989549315
36.50514430955366,0.6546723217950472,0.736120182887002
36.517363879452205,0.6548091394171569,0.736120182887002
36.52125486823411,0.6549459570392666,0.736120182887002
36.52321618249039,0.6550827746613764,0.736120182887002
36.525791398393494,0.6550827746613764,0.7364467668190725
36.52725779815785,0.6552195922834861,0.7364467668190725
36.533851354365424,0.6553564099055958,0.7364467668190725
36.53504038971175,0.6554932275277056,0.7364467668190725
36.53693928809491,0.6556300451498153,0.7364467668190725
36.54003016006277,0.655766862771925,0.7364467668190725
36.54106760608602,0.6559036803940348,0.7364467668190725
36.5443521241026,0.6560404980161445,0.7364467668190725
36.54555815689139,0.6561773156382542,0.7364467668190725
36.54882478468369,0.6563141332603639,0.7364467668190725
36.550392266385984,0.6564509508824736,0.7364467668190725
36.55241009058068,0.6565877685045833,0.7364467668190725
36.55290584444265,0.6567245861266932,0.7364467668190725
36.55337272579732,0.6567245861266932,0.736773350751143
36.554609445241454,0.6568614037488029,0.736773350751143
36.56781086100784,0.6569982213709126,0.736773350751143
36.571403812508606,0.6571350389930223,0.736773350751143
36.57274512567983,0.657271856615132,0.736773350751143
36.57550209591295,0.6574086742372418,0.736773350751143
36.57579669920119,0.6575454918593515,0.736773350751143
36.57667687073865,0.6576823094814612,0.736773350751143
36.584644097962496,0.6578191271035709,0.736773350751143
36.60018381299233,0.6579559447256806,0.736773350751143
36.60097694841363,0.6580927623477903,0.736773350751143
36.6152750782976,0.6580927623477903,0.7370999346832136
36.61528304577098,0.6582295799699002,0.7370999346832136
36.63018682045117,0.6583663975920099,0.7370999346832136
36.64964569942492,0.6585032152141196,0.7370999346832136
36.65241574224558,0.6586400328362293,0.7370999346832136
36.66661175335355,0.658776850458339,0.7370999346832136
36.674067324853354,0.6589136680804487,0.7370999346832136
36.68352888482241,0.6590504857025585,0.7370999346832136
36.698495856120076,0.6591873033246682,0.7370999346832136
36.701909482309134,0.659324120946778,0.7370999346832136
36.70462180687514,0.6594609385688877,0.7370999346832136
36.70762778868732,0.6595977561909974,0.7370999346832136
36.70830785892463,0.6597345738131072,0.7370999346832136
36.70908958565997,0.6597345738131072,0.7374265186152841
36.71799558096052,0.6598713914352169,0.7374265186152841
36.72321332788556,0.6600082090573266,0.7374265186152841
36.72709300284407,0.6601450266794363,0.7374265186152841
36.73172951530876,0.6601450266794363,0.7377531025473547
36.733072581644024,0.6601450266794363,0.7380796864794252
36.73781237970388,0.660281844301546,0.7380796864794252
36.74169547524957,0.6604186619236557,0.7380796864794252
36.75440107800068,0.6605554795457655,0.7380796864794252
36.75668015477811,0.6606922971678753,0.7380796864794252
36.75716170895578,0.660829114789985,0.7380796864794252
36.76233844517958,0.6609659324120947,0.7380796864794252
36.767348469671674,0.6611027500342044,0.7380796864794252
36.77856655111236,0.6611027500342044,0.7384062704114958
36.78492594250724,0.6612395676563141,0.7384062704114958
36.78786681502925,0.6613763852784239,0.7384062704114958
36.788121319094444,0.6615132029005336,0.7384062704114958
36.793994686444535,0.6615132029005336,0.7387328543435663
36.79639196999199,0.6616500205226433,0.7387328543435663
36.797153299627894,0.661786838144753,0.7387328543435663
36.80347535708108,0.6619236557668627,0.7387328543435663
36.80913375867681,0.6620604733889724,0.7387328543435663
36.8130595069174,0.6620604733889724,0.7390594382756368
36.82225755436093,0.6620604733889724,0.7393860222077073
36.82275771257696,0.6620604733889724,0.739712606139778
36.83705396796336,0.6620604733889724,0.7400391900718485
36.84371337648099,0.6620604733889724,0.740365774003919
36.84665859533925,0.6621972910110823,0.740365774003919
36.85469191327013,0.662334108633192,0.740365774003919
36.85963304693962,0.6624709262553017,0.740365774003919
36.86526790411676,0.6626077438774114,0.740365774003919
36.86774375759262,0.6627445614995211,0.740365774003919
36.87926659733591,0.6628813791216309,0.740365774003919
36.87935600353728,0.6628813791216309,0.7406923579359895
36.88326376052942,0.6628813791216309,0.74101894186806
36.883948335184414,0.6628813791216309,0.7413455258001306
36.88858656414379,0.6630181967437406,0.7413455258001306
36.89397419436705,0.6631550143658503,0.7413455258001306
36.89575340172382,0.66329183198796,0.7413455258001306
36.89703178968216,0.6634286496100698,0.7413455258001306
36.899445312164175,0.6635654672321795,0.7413455258001306
36.92105476992458,0.6637022848542893,0.7413455258001306
36.92637128748231,0.663839102476399,0.7413455258001306
36.928824327533334,0.6639759200985087,0.7413455258001306
36.9376021013984,0.6641127377206184,0.7413455258001306
36.94566927720052,0.6642495553427281,0.7413455258001306
36.94826350275355,0.6643863729648378,0.7413455258001306
36.949805599889146,0.6645231905869476,0.7413455258001306
36.954160039847125,0.6646600082090574,0.7413455258001306
36.95533598400846,0.6646600082090574,0.7416721097322012
36.962894993755754,0.6647968258311671,0.7416721097322012
36.97500940485929,0.6649336434532768,0.7416721097322012
36.97940611699255,0.6650704610753865,0.7416721097322012
36.982192174480474,0.6650704610753865,0.7419986936642717
36.98446766563143,0.6652072786974962,0.7419986936642717
36.984969618481045,0.665344096319606,0.7419986936642717
36.985602100611914,0.665344096319606,0.7423252775963423
36.99571748266419,0.6654809139417157,0.7423252775963423
36.99751743668173,0.6656177315638254,0.7423252775963423
37.000370602555904,0.6657545491859351,0.7423252775963423
37.00414207105166,0.6657545491859351,0.7426518615284128
37.01157425094789,0.6658913668080448,0.7426518615284128
37.02114301196468,0.6660281844301547,0.7426518615284128
37.021164652105654,0.6661650020522644,0.7426518615284128
37.02528356870346,0.6661650020522644,0.7429784454604833
37.02589784607051,0.6661650020522644,0.7433050293925539
37.027098646885406,0.6663018196743741,0.7433050293925539
37.0410488748571,0.6664386372964838,0.7433050293925539
37.042982582791296,0.6665754549185935,0.7433050293925539
37.04613914052459,0.6667122725407032,0.7433050293925539
37.049964922620234,0.6667122725407032,0.7436316133246245
37.06734351249406,0.666849090162813,0.7436316133246245
37.07632537919176,0.6669859077849227,0.7436316133246245
37.07705968560549,0.6671227254070324,0.7436316133246245
37.077235401070084,0.6672595430291421,0.7436316133246245
37.07843823105998,0.6673963606512519,0.7436316133246245
37.08556627358712,0.6675331782733616,0.7436316133246245
37.08616146268457,0.6675331782733616,0.743958197256695
37.08998882002186,0.6676699958954714,0.743958197256695
37.093550442390324,0.6678068135175811,0.743958197256695
37.09553102910854,0.6679436311396908,0.743958197256695
37.10021008640217,0.6680804487618005,0.743958197256695
37.101164719505505,0.6680804487618005,0.7442847811887655
37.11152916517756,0.6682172663839102,0.7442847811887655
37.11342002361039,0.6683540840060199,0.7442847811887655
37.11385902912946,0.6683540840060199,0.744611365120836
37.11730533870025,0.6684909016281297,0.744611365120836
37.1203979626174,0.6686277192502394,0.744611365120836
37.12327380152226,0.6687645368723492,0.744611365120836
37.12351612966518,0.6687645368723492,0.7449379490529066
37.1277570691866,0.6689013544944589,0.7449379490529066
37.12975831516326,0.6690381721165686,0.7449379490529066
37.129780326410355,0.6691749897386784,0.7449379490529066
37.13380060773977,0.6691749897386784,0.7452645329849772
37.140970480456645,0.6693118073607881,0.7452645329849772
37.14339394806757,0.6693118073607881,0.7455911169170477
37.15246437167991,0.6694486249828978,0.7455911169170477
37.16837686825693,0.6695854426050075,0.7455911169170477
37.177146310383705,0.6697222602271172,0.7455911169170477
37.18115656955035,0.6697222602271172,0.7459177008491182
37.19260815348878,0.6698590778492269,0.7459177008491182
37.194523569499324,0.6699958954713368,0.7459177008491182
37.19671603876384,0.6701327130934465,0.7459177008491182
37.19838886678326,0.6702695307155562,0.7459177008491182
37.20500186634081,0.6704063483376659,0.7459177008491182
37.20535400154972,0.6705431659597756,0.7459177008491182
37.206672917700644,0.6706799835818853,0.7459177008491182
37.20884306383266,0.6708168012039951,0.7459177008491182
37.208859307342436,0.6709536188261048,0.7459177008491182
37.21907907542413,0.6710904364482145,0.7459177008491182
37.22055351108531,0.6712272540703242,0.7459177008491182
37.22242350862655,0.6712272540703242,0.7462442847811888
37.228822923549046,0.671364071692434,0.7462442847811888
37.230919997411206,0.671364071692434,0.7465708687132593
37.231988552568396,0.671364071692434,0.7468974526453298
37.23577733257696,0.6715008893145437,0.7468974526453298
37.241922503191404,0.6716377069366535,0.7468974526453298
37.24382113863987,0.6717745245587632,0.7468974526453298
37.24992694587172,0.6719113421808729,0.7468974526453298
37.250750802688344,0.6720481598029826,0.7468974526453298
37.256488112653074,0.6721849774250923,0.7468974526453298
37.26295371748131,0.6723217950472021,0.7468974526453298
37.26521029566641,0.6724586126693118,0.7468974526453298
37.26575641215538,0.6725954302914215,0.7468974526453298
37.26762103808949,0.6727322479135313,0.7468974526453298
37.27048158936725,0.6727322479135313,0.7472240365774004
37.27175437229255,0.672869065535641,0.7472240365774004
37.27355833443619,0.6730058831577507,0.7472240365774004
37.27538340819342,0.6731427007798605,0.7472240365774004
37.278417760898265,0.6732795184019702,0.7472240365774004
37.28375261289614,0.6734163360240799,0.7472240365774004
37.28970001387631,0.6735531536461896,0.7472240365774004
37.301087148801,0.6736899712682993,0.7472240365774004
37.32316281763258,0.673826788890409,0.7472240365774004
37.327984801348634,0.6739636065125189,0.7472240365774004
37.33108273595178,0.6741004241346286,0.7472240365774004
37.334459635627695,0.6741004241346286,0.747550620509471
37.33617103347353,0.6742372417567383,0.747550620509471
37.33759104277124,0.674374059378848,0.747550620509471
37.34249487859336,0.6745108770009577,0.747550620509471
37.35833385555293,0.6746476946230675,0.747550620509471
37.363170010505314,0.6747845122451772,0.747550620509471
37.365515127431536,0.6749213298672869,0.747550620509471
37.36732410307923,0.6750581474893966,0.747550620509471
37.36925797674621,0.6751949651115063,0.747550620509471
37.3707278788695,0.675331782733616,0.747550620509471
37.37317482686183,0.6754686003557259,0.747550620509471
37.37627401031148,0.6756054179778356,0.747550620509471
37.37828248394919,0.6757422355999453,0.747550620509471
37.37955057556917,0.675879053222055,0.747550620509471
37.38150659512178,0.675879053222055,0.7478772044415415
37.382499801881636,0.6760158708441647,0.7478772044415415
37.38416010084222,0.6761526884662744,0.7478772044415415
37.384319585606704,0.6761526884662744,0.748203788373612
37.38904553752923,0.6762895060883842,0.748203788373612
37.392727244390585,0.6764263237104939,0.748203788373612
37.39533596006481,0.6765631413326036,0.748203788373612
37.39799460717586,0.6766999589547134,0.748203788373612
37.40453157416766,0.6768367765768231,0.748203788373612
37.40526790557499,0.6769735941989328,0.748203788373612
37.4078973865237,0.6769735941989328,0.7485303723056825
37.41056968488306,0.6771104118210426,0.7485303723056825
37.41171332004649,0.6772472294431523,0.7485303723056825
37.41701961132844,0.677384047065262,0.7485303723056825
37.42898209804275,0.6775208646873717,0.7485303723056825
37.43155894069071,0.6775208646873717,0.7488569562377531
37.44792407770433,0.6776576823094814,0.7488569562377531
37.4514246336056,0.6777944999315912,0.7488569562377531
37.4539126630126,0.677931317553701,0.7488569562377531
37.46093210391871,0.6780681351758107,0.7488569562377531
37.46974035382323,0.6780681351758107,0.7491835401698237
37.47038010528786,0.6782049527979204,0.7491835401698237
37.470448135380025,0.6783417704200301,0.7491835401698237
37.47674423645708,0.6784785880421398,0.7491835401698237
37.48054956590147,0.6786154056642496,0.7491835401698237
37.50212045270155,0.6787522232863593,0.7491835401698237
37.511377871244235,0.678889040908469,0.7491835401698237
37.512007028709945,0.678889040908469,0.7495101241018942
37.53194775803513,0.6790258585305787,0.7495101241018942
37.54005709109572,0.6791626761526884,0.7495101241018942
37.5450662111856,0.6792994937747981,0.7495101241018942
37.54823548493687,0.679436311396908,0.7495101241018942
37.553947893362306,0.6795731290190177,0.7495101241018942
37.557726893674726,0.6797099466411274,0.7495101241018942
37.55884766872407,0.6798467642632371,0.7495101241018942
37.55898680327073,0.6799835818853468,0.7495101241018942
37.55946532382802,0.6801203995074565,0.7495101241018942
37.575321816648284,0.6802572171295663,0.7495101241018942
37.583755645128804,0.6802572171295663,0.7498367080339647
37.58701812886147,0.680394034751676,0.7498367080339647
37.60058347115557,0.6805308523737857,0.7498367080339647
37.60330946656438,0.6806676699958955,0.7498367080339647
37.61100595842004,0.6808044876180052,0.7498367080339647
37.61115062001488,0.680941305240115,0.7498367080339647
37.61480787128528,0.6810781228622247,0.7498367080339647
37.62695856642233,0.6812149404843344,0.7498367080339647
37.62726364700984,0.6813517581064441,0.7498367080339647
37.629905004700845,0.6813517581064441,0.7501632919660353
37.63869018074229,0.6814885757285538,0.7501632919660353
37.64312664448835,0.6816253933506635,0.7501632919660353
37.64341875213756,0.6816253933506635,0.7504898758981058
37.65442242688562,0.6816253933506635,0.7508164598301763
37.66489255513147,0.6817622109727733,0.7508164598301763
37.67056880391874,0.681899028594883,0.7508164598301763
37.671855444607445,0.6820358462169928,0.7508164598301763
37.67762901957008,0.6821726638391025,0.7508164598301763
37.67974775902485,0.6821726638391025,0.7511430437622469
37.68440229016767,0.6823094814612122,0.7511430437622469
37.685792152859904,0.6824462990833219,0.7511430437622469
37.693363197746294,0.6824462990833219,0.7514696276943175
37.697897743948374,0.6825831167054317,0.7514696276943175
37.7079855776833,0.6827199343275414,0.7514696276943175
37.71078618443937,0.6828567519496511,0.7514696276943175
37.710820813179225,0.6829935695717608,0.7514696276943175
37.71606166922015,0.6831303871938705,0.7514696276943175
37.739428826412336,0.6831303871938705,0.751796211626388
37.74162201749823,0.6831303871938705,0.7521227955584585
37.771349420836145,0.6831303871938705,0.752449379490529
37.77181240457662,0.6832672048159802,0.752449379490529
37.77365576330487,0.6834040224380901,0.752449379490529
37.77424674961196,0.6835408400601998,0.752449379490529
37.78680626957271,0.6836776576823095,0.752449379490529
37.79012274727597,0.6836776576823095,0.7527759634225996
37.79822785907925,0.6838144753044192,0.7527759634225996
37.806683300205805,0.6839512929265289,0.7527759634225996
37.807220235917725,0.6839512929265289,0.7531025473546702
37.80902287252218,0.6839512929265289,0.7534291312867407
37.81611989479529,0.6840881105486387,0.7534291312867407
37.81633771143606,0.6842249281707484,0.7534291312867407
37.81709503399486,0.6843617457928581,0.7534291312867407
37.81929152144778,0.6843617457928581,0.7537557152188112
37.82925199848478,0.6843617457928581,0.7540822991508818
37.83033218167225,0.6843617457928581,0.7544088830829523
37.831532161160794,0.6844985634149678,0.7544088830829523
37.843195721887014,0.6846353810370776,0.7544088830829523
37.84888070396926,0.6847721986591873,0.7544088830829523
37.85427767819658,0.6847721986591873,0.7547354670150228
37.868724016456895,0.6849090162812971,0.7547354670150228
37.873992645466956,0.6850458339034068,0.7547354670150228
37.87757597081384,0.6851826515255165,0.7547354670150228
37.88041142692293,0.6853194691476262,0.7547354670150228
37.884487872050954,0.6854562867697359,0.7547354670150228
37.88670842322222,0.6855931043918456,0.7547354670150228
37.887803836689955,0.6857299220139554,0.7547354670150228
37.9091882375036,0.6858667396360651,0.7547354670150228
37.914013862457296,0.6858667396360651,0.7550620509470934
37.91659971504998,0.6860035572581749,0.7550620509470934
37.94597510199594,0.6861403748802846,0.7550620509470934
37.951313984209946,0.6861403748802846,0.755388634879164
37.95431699855624,0.6862771925023943,0.755388634879164
37.95510110579289,0.6862771925023943,0.7557152188112345
37.95568965815687,0.686414010124504,0.7557152188112345
37.960423928618866,0.6865508277466138,0.7557152188112345
37.9645947918259,0.6866876453687235,0.7557152188112345
37.965588839349266,0.6868244629908332,0.7557152188112345
37.974310475333255,0.6868244629908332,0.756041802743305
37.99455518239154,0.6869612806129429,0.756041802743305
37.99530869445766,0.6870980982350526,0.756041802743305
37.99807826830033,0.6870980982350526,0.7563683866753755
38.00521433460358,0.6872349158571625,0.7563683866753755
38.0116556536567,0.6873717334792722,0.7563683866753755
38.017029252356906,0.6873717334792722,0.7566949706074461
38.021666144955134,0.6875085511013819,0.7566949706074461
38.023403771199014,0.6876453687234916,0.7566949706074461
38.024583605004636,0.6876453687234916,0.7570215545395167
38.036337747884886,0.6877821863456013,0.7570215545395167
38.03642674753405,0.687919003967711,0.7570215545395167
38.03883218991325,0.6880558215898208,0.7570215545395167
38.041432145489125,0.6881926392119305,0.7570215545395167
38.043661721107696,0.6883294568340402,0.7570215545395167
38.048635520657285,0.6884662744561499,0.7570215545395167
38.050872608182885,0.6886030920782596,0.7570215545395167
38.05934294698989,0.6887399097003694,0.7570215545395167
38.06041793007944,0.6888767273224792,0.7570215545395167
38.071825943561066,0.6888767273224792,0.7573481384715872
38.07560110964653,0.6888767273224792,0.7576747224036577
38.07717781007432,0.6890135449445889,0.7576747224036577
38.085623359556735,0.6891503625666986,0.7576747224036577
38.08567010631532,0.6892871801888083,0.7576747224036577
38.090034560632034,0.689423997810918,0.7576747224036577
38.092309034956315,0.6895608154330278,0.7576747224036577
38.09745376764408,0.6896976330551375,0.7576747224036577
38.100938360954046,0.6898344506772472,0.7576747224036577
38.12033641207631,0.689971268299357,0.7576747224036577
38.12488052187359,0.6901080859214667,0.7576747224036577
38.12489106508178,0.6902449035435764,0.7576747224036577
38.127911981924626,0.6903817211656862,0.7576747224036577
38.146364336894635,0.6905185387877959,0.7576747224036577
38.15325232282294,0.6906553564099056,0.7576747224036577
38.153836912817496,0.6907921740320153,0.7576747224036577
38.160652498447234,0.690928991654125,0.7576747224036577
38.18400180238427,0.6910658092762347,0.7576747224036577
38.18890205282901,0.6912026268983446,0.7576747224036577
38.19315050156638,0.6912026268983446,0.7580013063357283
38.19765403215388,0.6913394445204543,0.7580013063357283
38.19883438580234,0.691476262142564,0.7580013063357283
38.19969508633767,0.6916130797646737,0.7580013063357283
38.20531074112466,0.6917498973867834,0.7580013063357283
38.20846322194802,0.6918867150088931,0.7580013063357283
38.21814652005389,0.6920235326310029,0.7580013063357283
38.240349905569474,0.6921603502531126,0.7580013063357283
38.26277321410532,0.6921603502531126,0.7583278902677988
38.27528239136734,0.6922971678752223,0.7583278902677988
38.27742873127875,0.692433985497332,0.7583278902677988
38.28094882932294,0.6925708031194417,0.7583278902677988
38.29381561897276,0.6927076207415516,0.7583278902677988
38.29472177678463,0.6928444383636613,0.7583278902677988
38.300600809749426,0.692981255985771,0.7583278902677988
38.30246070515261,0.6931180736078807,0.7583278902677988
38.30611828415147,0.6932548912299904,0.7583278902677988
38.317350996789855,0.6933917088521001,0.7583278902677988
38.32221064690577,0.6935285264742099,0.7583278902677988
38.322303142096644,0.6935285264742099,0.7586544741998694
38.330369077340265,0.6936653440963196,0.7586544741998694
38.339498554636634,0.6938021617184293,0.7586544741998694
38.340495140494,0.693938979340539,0.7586544741998694
38.342373306745685,0.693938979340539,0.75898105813194
38.35068523196094,0.6940757969626488,0.75898105813194
38.356502280212794,0.6940757969626488,0.7593076420640105
38.35661704348695,0.6942126145847585,0.7593076420640105
38.35988033068679,0.6943494322068683,0.7593076420640105
38.362372703554,0.694486249828978,0.7593076420640105
38.363103409089945,0.6946230674510877,0.7593076420640105
38.376862937574515,0.6947598850731974,0.7593076420640105
38.387320923881475,0.6947598850731974,0.759634225996081
38.38904825133943,0.6948967026953071,0.759634225996081
38.39220859691204,0.6950335203174168,0.759634225996081
38.397111454113315,0.6951703379395267,0.759634225996081
38.40091580611738,0.6951703379395267,0.7599608099281515
38.40116061523861,0.6951703379395267,0.760287393860222
38.40964967668651,0.6951703379395267,0.7606139777922927
38.411573609736365,0.6953071555616364,0.7606139777922927
38.41232696597149,0.6954439731837461,0.7606139777922927
38.41518007582795,0.6955807908058558,0.7606139777922927
38.431742180568676,0.6957176084279655,0.7606139777922927
38.43211242500513,0.6958544260500753,0.7606139777922927
38.44051995030998,0.695991243672185,0.7606139777922927
38.44158908372958,0.695991243672185,0.7609405617243632
38.44286782965503,0.695991243672185,0.7612671456564337
38.462822784802256,0.6961280612942947,0.7612671456564337
38.46579322467153,0.6961280612942947,0.7615937295885042
38.46649283827253,0.6961280612942947,0.7619203135205748
38.469924809111376,0.6962648789164044,0.7619203135205748
38.47123192538061,0.6964016965385141,0.7619203135205748
38.49652188423204,0.6965385141606238,0.7619203135205748
38.50554883211203,0.6965385141606238,0.7622468974526453
38.50875082285336,0.6966753317827337,0.7622468974526453
38.509743366062935,0.6968121494048434,0.7622468974526453
38.51435506512166,0.6968121494048434,0.7625734813847159
38.51760201606146,0.6968121494048434,0.7629000653167864
38.52094319704952,0.6969489670269531,0.7629000653167864
38.52327682158523,0.6970857846490628,0.7629000653167864
38.52398284757885,0.6972226022711725,0.7629000653167864
38.52512026925194,0.6973594198932822,0.7629000653167864
38.525243197497275,0.6973594198932822,0.763226649248857
38.52723385359218,0.6973594198932822,0.7635532331809275
38.52994546695572,0.6973594198932822,0.763879817112998
38.53100346040526,0.697496237515392,0.763879817112998
38.53874162366617,0.697496237515392,0.7642064010450685
38.550854403712265,0.6976330551375017,0.7642064010450685
38.55298690534744,0.6977698727596114,0.7642064010450685
38.55694943322817,0.6979066903817212,0.7642064010450685
38.55710542761631,0.6980435080038309,0.7642064010450685
38.565871796904275,0.6980435080038309,0.7645329849771392
38.56868402533496,0.6981803256259406,0.7645329849771392
38.56933706720372,0.6983171432480504,0.7645329849771392
38.57041438876331,0.6984539608701601,0.7645329849771392
38.574936035715496,0.6984539608701601,0.7648595689092097
38.58065712778148,0.6985907784922698,0.7648595689092097
38.59986241763261,0.6987275961143795,0.7648595689092097
38.60384396870916,0.6988644137364892,0.7648595689092097
38.60921210687593,0.699001231358599,0.7648595689092097
38.6120550662954,0.699001231358599,0.7651861528412802
38.61355229442188,0.6991380489807087,0.7651861528412802
38.616208287378754,0.6992748666028185,0.7651861528412802
38.624956533307454,0.6994116842249282,0.7651861528412802
38.62693659841261,0.6995485018470379,0.7651861528412802
38.634206647791075,0.6996853194691476,0.7651861528412802
38.63741469718161,0.6996853194691476,0.7655127367733507
38.64784035496825,0.6998221370912574,0.7655127367733507
38.65457516021877,0.6999589547133671,0.7655127367733507
38.65483638282706,0.7000957723354768,0.7655127367733507
38.658723001271824,0.7002325899575865,0.7655127367733507
38.659168358422676,0.7003694075796962,0.7655127367733507
38.66641827524734,0.7005062252018059,0.7655127367733507
38.66988655011221,0.7006430428239158,0.7655127367733507
38.68318480810888,0.7006430428239158,0.7658393207054213
38.68989993834373,0.7007798604460255,0.7658393207054213
38.69018726898423,0.7009166780681352,0.7658393207054213
38.714263915956735,0.7010534956902449,0.7658393207054213
38.71700161228762,0.7010534956902449,0.7661659046374918
38.72124834004251,0.7011903133123546,0.7661659046374918
38.721296218318,0.7013271309344643,0.7661659046374918
38.72508235486646,0.7013271309344643,0.7664924885695624
38.725898061411954,0.7014639485565741,0.7664924885695624
38.73010171684314,0.7016007661786838,0.7664924885695624
38.74455195484222,0.7017375838007935,0.7664924885695624
38.74526912730289,0.7018744014229032,0.7664924885695624
38.75556873974983,0.702011219045013,0.7664924885695624
38.7647054410744,0.702011219045013,0.766819072501633
38.766118833231644,0.7021480366671228,0.766819072501633
38.773857925225116,0.7022848542892325,0.766819072501633
38.78291782652116,0.7024216719113422,0.766819072501633
38.789978380047046,0.7025584895334519,0.766819072501633
38.79005050561898,0.7025584895334519,0.7671456564337035
38.79656242028284,0.7026953071555616,0.7671456564337035
38.79934403371931,0.7028321247776713,0.7671456564337035
38.80890157441195,0.7029689423997811,0.7671456564337035
38.811968391959454,0.7031057600218908,0.7671456564337035
38.814846900891325,0.7032425776440006,0.7671456564337035
38.82294956972771,0.7032425776440006,0.767472240365774
38.822958717055144,0.7033793952661103,0.767472240365774
38.85179491576139,0.7033793952661103,0.7677988242978445
38.85203320986932,0.7033793952661103,0.768125408229915
38.85326891575244,0.70351621288822,0.768125408229915
38.87143197551552,0.7036530305103297,0.768125408229915
38.873192852736224,0.7037898481324395,0.768125408229915
38.87569107460888,0.7039266657545492,0.768125408229915
38.8796176600423,0.7040634833766589,0.768125408229915
38.88521619631035,0.7042003009987686,0.768125408229915
38.888320406225375,0.7043371186208783,0.768125408229915
38.89382692979598,0.704473936242988,0.768125408229915
38.899360403551555,0.7046107538650979,0.768125408229915
38.9023482583566,0.7047475714872076,0.768125408229915
38.92405097718972,0.7048843891093173,0.768125408229915
38.925767022862146,0.705021206731427,0.768125408229915
38.92934589109768,0.7051580243535367,0.768125408229915
38.932397644273124,0.7051580243535367,0.7684519921619857
38.9346221156793,0.7051580243535367,0.7687785760940562
38.94231630023626,0.7052948419756465,0.7687785760940562
38.955763242249304,0.7054316595977562,0.7687785760940562
38.95855420469911,0.7055684772198659,0.7687785760940562
38.97397371640807,0.7057052948419756,0.7687785760940562
38.97967591238489,0.7057052948419756,0.7691051600261267
38.99267798655808,0.7057052948419756,0.7694317439581972
38.992805811102585,0.7058421124640853,0.7694317439581972
38.99353212108406,0.7059789300861951,0.7694317439581972
39.006560811415284,0.7059789300861951,0.7697583278902678
39.00817126054392,0.7059789300861951,0.7700849118223383
39.01164932976815,0.7061157477083049,0.7700849118223383
39.01279171372573,0.7062525653304146,0.7700849118223383
39.01949958611306,0.7063893829525243,0.7700849118223383
39.022300914987454,0.706526200574634,0.7700849118223383
39.02582095751279,0.7066630181967437,0.7700849118223383
39.03243511089704,0.7066630181967437,0.7704114957544089
39.03438162508235,0.7066630181967437,0.7707380796864794
39.03820187271617,0.7066630181967437,0.77106466361855
39.039507452465045,0.7066630181967437,0.7713912475506205
39.042755420051094,0.7067998358188534,0.7713912475506205
39.04614264042664,0.7069366534409632,0.7713912475506205
39.0470489233237,0.707073471063073,0.7713912475506205
39.049020956015625,0.7072102886851827,0.7713912475506205
39.052486187801605,0.7073471063072924,0.7713912475506205
39.06825836544908,0.7073471063072924,0.771717831482691
39.070910238594024,0.7074839239294021,0.771717831482691
39.07769181639151,0.7074839239294021,0.7720444154147615
39.08382038304194,0.7076207415515119,0.7720444154147615
39.084363260609166,0.7077575591736216,0.7720444154147615
39.10081056540082,0.7078943767957313,0.7720444154147615
39.1012327862594,0.708031194417841,0.7720444154147615
39.10373223109559,0.7081680120399507,0.7720444154147615
39.10679110956926,0.7081680120399507,0.7723709993468322
39.11372739414446,0.7083048296620604,0.7723709993468322
39.11373717326046,0.7083048296620604,0.7726975832789027
39.11437224516476,0.7084416472841703,0.7726975832789027
39.12142471927041,0.70857846490628,0.7726975832789027
39.12241085879725,0.7087152825283897,0.7726975832789027
39.12606101368408,0.7088521001504994,0.7726975832789027
39.134705342618304,0.7089889177726091,0.7726975832789027
39.13824476323282,0.7091257353947188,0.7726975832789027
39.1438536407552,0.7092625530168286,0.7726975832789027
39.14449302919434,0.7093993706389383,0.7726975832789027
39.14983652107503,0.7093993706389383,0.7730241672109732
39.15228826835789,0.709536188261048,0.7730241672109732
39.15365484187157,0.7096730058831577,0.7730241672109732
39.15576191334526,0.7096730058831577,0.7733507511430437
39.158589545663176,0.7098098235052674,0.7733507511430437
39.173480239840956,0.7099466411273772,0.7733507511430437
39.1738707041045,0.710083458749487,0.7733507511430437
39.17464240003994,0.710083458749487,0.7736773350751143
39.174666787815454,0.7102202763715967,0.7736773350751143
39.175201183793774,0.7103570939937064,0.7736773350751143
39.17647130077603,0.7104939116158161,0.7736773350751143
39.18198009154298,0.7104939116158161,0.7740039190071848
39.2034201931815,0.7106307292379258,0.7740039190071848
39.20785071208081,0.7107675468600356,0.7740039190071848
39.20928063357951,0.7109043644821453,0.7740039190071848
39.210887654219164,0.711041182104255,0.7740039190071848
39.216046806098916,0.7111779997263648,0.7740039190071848
39.22153370700232,0.7113148173484745,0.7740039190071848
39.2255118435105,0.7114516349705842,0.7740039190071848
39.234586296994394,0.711588452592694,0.7740039190071848
39.237569631861106,0.711588452592694,0.7743305029392554
39.239314964894334,0.7117252702148037,0.7743305029392554
39.248349005993646,0.7118620878369134,0.7743305029392554
39.249740304185025,0.7119989054590231,0.7743305029392554
39.261466301869746,0.7121357230811328,0.7743305029392554
39.273082810335836,0.7122725407032425,0.7743305029392554
39.27514676796943,0.7124093583253523,0.7743305029392554
39.27544494863059,0.7125461759474621,0.7743305029392554
39.27783750000435,0.7126829935695718,0.7743305029392554
39.279737578700065,0.7128198111916815,0.7743305029392554
39.28169989097057,0.7129566288137912,0.7743305029392554
39.28225716468398,0.7130934464359009,0.7743305029392554
39.285253438215136,0.7130934464359009,0.774657086871326
39.28822385131855,0.7132302640580107,0.774657086871326
39.29096789544599,0.7133670816801204,0.774657086871326
39.295904988380244,0.7133670816801204,0.7749836708033965
39.31301239659763,0.7133670816801204,0.775310254735467
39.321021446989675,0.7135038993022301,0.775310254735467
39.32206473320559,0.7136407169243398,0.775310254735467
39.32517582075161,0.7137775345464495,0.775310254735467
39.33379804529625,0.7139143521685594,0.775310254735467
39.33795056697602,0.7140511697906691,0.775310254735467
39.33799019173216,0.7141879874127788,0.775310254735467
39.33916706531488,0.7143248050348885,0.775310254735467
39.34978595182156,0.7144616226569982,0.775310254735467
39.35842156360684,0.7145984402791079,0.775310254735467
39.36124922878366,0.7147352579012177,0.775310254735467
39.36214349919226,0.7148720755233274,0.775310254735467
39.37329801329474,0.7148720755233274,0.7756368386675375
39.38469930446604,0.7150088931454371,0.7756368386675375
39.39170489371304,0.7151457107675468,0.7756368386675375
39.398772002682676,0.7152825283896566,0.7756368386675375
39.40467038260692,0.7154193460117663,0.7756368386675375
39.41099393901675,0.7155561636338761,0.7756368386675375
39.426748597286405,0.7156929812559858,0.7756368386675375
39.430557747694934,0.7158297988780955,0.7756368386675375
39.434574505710884,0.7159666165002052,0.7756368386675375
39.434576543688536,0.7161034341223149,0.7756368386675375
39.43762791659117,0.7162402517444246,0.7756368386675375
39.444017687715245,0.7163770693665344,0.7756368386675375
39.452144597451024,0.7165138869886442,0.7756368386675375
39.45513066202136,0.7165138869886442,0.7759634225996082
39.46470669839027,0.7166507046107539,0.7759634225996082
39.467177199574735,0.7167875222328636,0.7759634225996082
39.46830241061366,0.7169243398549733,0.7759634225996082
39.47240727864926,0.7170611574770831,0.7759634225996082
39.47941811797102,0.7171979750991928,0.7759634225996082
39.48465428971292,0.7173347927213025,0.7759634225996082
39.48595078956896,0.7174716103434122,0.7759634225996082
39.48852421298841,0.7174716103434122,0.7762900065316787
39.48857215180419,0.7174716103434122,0.7766165904637492
39.493107173027624,0.7174716103434122,0.7769431743958197
39.49872025208515,0.7176084279655219,0.7769431743958197
39.501228314079185,0.7176084279655219,0.7772697583278902
39.50940444905325,0.7177452455876316,0.7772697583278902
39.51907553468925,0.7178820632097415,0.7772697583278902
39.525430346832195,0.7180188808318512,0.7772697583278902
39.53894447771097,0.7180188808318512,0.7775963422599608
39.54061191387507,0.7181556984539609,0.7775963422599608
39.54231628079606,0.7182925160760706,0.7775963422599608
39.54394095454779,0.7184293336981803,0.7775963422599608
39.547134824959585,0.71856615132029,0.7775963422599608
39.55124464252731,0.71856615132029,0.7779229261920314
39.55208618133304,0.7187029689423998,0.7779229261920314
39.564202776098114,0.7188397865645095,0.7779229261920314
39.56610810750783,0.7188397865645095,0.7782495101241019
39.571110935685965,0.7189766041866192,0.7782495101241019
39.582819468916,0.719113421808729,0.7782495101241019
39.58946176901145,0.7192502394308387,0.7782495101241019
39.59371693677747,0.7193870570529484,0.7782495101241019
39.60240975879378,0.7193870570529484,0.7785760940561725
39.61674013789809,0.7193870570529484,0.778902677988243
39.61807246340072,0.7195238746750582,0.778902677988243
39.61981666854274,0.7196606922971679,0.778902677988243
39.630419313561674,0.7197975099192776,0.778902677988243
39.63217417868725,0.7199343275413873,0.778902677988243
39.64474851346324,0.720071145163497,0.778902677988243
39.648416893057856,0.7202079627856068,0.778902677988243
39.6579197090133,0.7203447804077165,0.778902677988243
39.66111028281159,0.7204815980298263,0.778902677988243
39.66430236825056,0.720618415651936,0.778902677988243
39.674630977528295,0.7207552332740457,0.778902677988243
39.675380738659214,0.7207552332740457,0.7792292619203135
39.67741304070603,0.7208920508961554,0.7792292619203135
39.68455282752859,0.7210288685182652,0.7792292619203135
39.686735063035826,0.7211656861403749,0.7792292619203135
39.68750199159365,0.7213025037624846,0.7792292619203135
39.693076983157425,0.7214393213845943,0.7792292619203135
39.70224742534447,0.721576139006704,0.7792292619203135
39.70690552014344,0.7217129566288137,0.7792292619203135
39.712532893138814,0.7218497742509236,0.7792292619203135
39.71840873006579,0.7219865918730333,0.7792292619203135
39.72961931071018,0.7219865918730333,0.779555845852384
39.73179406387567,0.722123409495143,0.779555845852384
39.732092224473945,0.7222602271172527,0.779555845852384
39.73849160369684,0.7223970447393624,0.779555845852384
39.740548817879926,0.7225338623614722,0.779555845852384
39.748103349639564,0.7226706799835819,0.779555845852384
39.75146268691378,0.7226706799835819,0.7798824297844547
39.75157323300152,0.7228074976056916,0.7798824297844547
39.75333184011458,0.7229443152278013,0.7798824297844547
39.75422442332092,0.7229443152278013,0.7802090137165252
39.76305680533153,0.723081132849911,0.7802090137165252
39.776330931197435,0.7232179504720208,0.7802090137165252
39.776479503346195,0.7233547680941306,0.7802090137165252
39.77819874027102,0.7234915857162403,0.7802090137165252
39.78491387983752,0.72362840333835,0.7802090137165252
39.78648981657125,0.7237652209604597,0.7802090137165252
39.786718689390796,0.7239020385825694,0.7802090137165252
39.796424808824554,0.7239020385825694,0.7805355976485957
39.799343763045954,0.7239020385825694,0.7808621815806662
39.8016247489204,0.7240388562046791,0.7808621815806662
39.8029659071409,0.7241756738267889,0.7808621815806662
39.80901385158279,0.7243124914488986,0.7808621815806662
39.80966725636779,0.7244493090710084,0.7808621815806662
39.810383849808204,0.7245861266931181,0.7808621815806662
39.81924547685048,0.7245861266931181,0.7811887655127367
39.82654597262297,0.7247229443152278,0.7811887655127367
39.83330337984694,0.7248597619373375,0.7811887655127367
39.84035692035138,0.7249965795594473,0.7811887655127367
39.8453507948351,0.725133397181557,0.7811887655127367
39.84902268460951,0.7252702148036667,0.7811887655127367
39.853509614373934,0.7252702148036667,0.7815153494448073
39.853749839623674,0.7254070324257764,0.7815153494448073
39.856047248065806,0.7255438500478861,0.7815153494448073
39.85835827422068,0.725680667669996,0.7815153494448073
39.863460564235766,0.7258174852921057,0.7815153494448073
39.86414035831615,0.7259543029142154,0.7815153494448073
39.86774795449196,0.7260911205363251,0.7815153494448073
39.87685219082903,0.7262279381584348,0.7815153494448073
39.888758351356614,0.7263647557805445,0.7815153494448073
39.89575752738415,0.7265015734026543,0.7815153494448073
39.899689831020055,0.726638391024764,0.7815153494448073
39.90704857745334,0.7267752086468737,0.7815153494448073
39.910467593909175,0.7269120262689834,0.7815153494448073
39.91228018094375,0.7269120262689834,0.7818419333768779
39.91716615310054,0.7269120262689834,0.7821685173089484
39.9197993874476,0.7269120262689834,0.782495101241019
39.925003066321665,0.7270488438910931,0.782495101241019
39.933967165699414,0.7271856615132029,0.782495101241019
39.935479064869355,0.7273224791353127,0.782495101241019
39.936176141668625,0.7274592967574224,0.782495101241019
39.93880224443603,0.7275961143795321,0.782495101241019
39.94065220319408,0.7277329320016418,0.782495101241019
39.943782477789796,0.7278697496237515,0.782495101241019
39.94789423943837,0.7280065672458612,0.782495101241019
39.951225885079566,0.728143384867971,0.782495101241019
39.954356647385566,0.7282802024900807,0.782495101241019
39.955470840442445,0.7284170201121904,0.782495101241019
39.957447432681874,0.7284170201121904,0.7828216851730895
39.96221119698271,0.7285538377343002,0.7828216851730895
39.96266005832001,0.7286906553564099,0.7828216851730895
39.980465322645045,0.7288274729785197,0.7828216851730895
39.988568783705205,0.7289642906006294,0.7828216851730895
39.990439440460705,0.7291011082227391,0.7828216851730895
39.99141661590602,0.7292379258448488,0.7828216851730895
39.99155254090681,0.7293747434669585,0.7828216851730895
39.99295698313358,0.7293747434669585,0.78314826910516
40.00695752921797,0.7295115610890682,0.78314826910516
40.008204710395944,0.729648378711178,0.78314826910516
40.00933439883727,0.7297851963332878,0.78314826910516
40.00996555477582,0.7299220139553975,0.78314826910516
40.01302326546386,0.7300588315775072,0.78314826910516
40.02971417781407,0.7301956491996169,0.78314826910516
40.03011023771728,0.7303324668217266,0.78314826910516
40.034172597323845,0.7304692844438364,0.78314826910516
40.04384105669533,0.7304692844438364,0.7834748530372305
40.04811083213417,0.7306061020659461,0.7834748530372305
40.057308685264275,0.7306061020659461,0.7838014369693012
40.06304028610123,0.7307429196880558,0.7838014369693012
40.071840223460526,0.7308797373101655,0.7838014369693012
40.07291143962402,0.7310165549322752,0.7838014369693012
40.073289079929395,0.731153372554385,0.7838014369693012
40.07531540611001,0.7312901901764948,0.7838014369693012
40.079789991874804,0.7314270077986045,0.7838014369693012
40.08321751588926,0.7314270077986045,0.7841280209013717
40.08588038999369,0.7315638254207142,0.7841280209013717
40.09122788278478,0.7317006430428239,0.7841280209013717
40.099728215632126,0.7318374606649336,0.7841280209013717
40.09975970389564,0.7319742782870434,0.7841280209013717
40.11712622758955,0.7321110959091531,0.7841280209013717
40.11762489876037,0.7322479135312628,0.7841280209013717
40.127286265835664,0.7323847311533725,0.7841280209013717
40.13079684762806,0.7325215487754823,0.7841280209013717
40.144117954544186,0.732658366397592,0.7841280209013717
40.147757565192364,0.7327951840197018,0.7841280209013717
40.15146959218225,0.7329320016418115,0.7841280209013717
40.18242918976614,0.7330688192639212,0.7841280209013717
40.18314183229086,0.7332056368860309,0.7841280209013717
40.18393191771793,0.7333424545081406,0.7841280209013717
40.19213962315189,0.7333424545081406,0.7844546048334422
40.19945716652364,0.7334792721302503,0.7844546048334422
40.20119249010395,0.7334792721302503,0.7847811887655127
40.20214590290334,0.7334792721302503,0.7851077726975833
40.2049328865819,0.7336160897523601,0.7851077726975833
40.213838983073515,0.7337529073744699,0.7851077726975833
40.223363184363166,0.7338897249965796,0.7851077726975833
40.230019645770085,0.7340265426186893,0.7851077726975833
40.232760184315566,0.734163360240799,0.7851077726975833
40.232973352000954,0.7343001778629087,0.7851077726975833
40.233034434717865,0.7344369954850185,0.7851077726975833
40.23691421651563,0.7345738131071282,0.7851077726975833
40.24609815528879,0.7345738131071282,0.7854343566296538
40.251126597678535,0.7347106307292379,0.7854343566296538
40.26119181308138,0.7348474483513476,0.7854343566296538
40.265792295714846,0.7349842659734573,0.7854343566296538
40.267952097524585,0.7351210835955672,0.7854343566296538
40.272533838199024,0.7352579012176769,0.7854343566296538
40.28069136358624,0.7353947188397866,0.7854343566296538
40.28371012608466,0.7353947188397866,0.7857609405617244
40.286996524251094,0.7353947188397866,0.7860875244937949
40.28927333512911,0.7355315364618963,0.7860875244937949
40.289889503735026,0.735668354084006,0.7860875244937949
40.28993500317824,0.7358051717061157,0.7860875244937949
40.29075063294704,0.7359419893282255,0.7860875244937949
40.296037191769074,0.7360788069503352,0.7860875244937949
40.306541343116805,0.7362156245724449,0.7860875244937949
40.30939702864862,0.7363524421945546,0.7860875244937949
40.33487851055929,0.7364892598166644,0.7860875244937949
40.3372830611014,0.7366260774387741,0.7860875244937949
40.345113163176734,0.7367628950608839,0.7860875244937949
40.35390017904513,0.7368997126829936,0.7860875244937949
40.35580372738582,0.7370365303051033,0.7860875244937949
40.3611000936728,0.737173347927213,0.7860875244937949
40.37029257131326,0.737173347927213,0.7864141084258655
40.37190914922326,0.737173347927213,0.786740692357936
40.377821481306796,0.7373101655493227,0.786740692357936
40.378217371562414,0.7373101655493227,0.7870672762900065
40.378892774771884,0.7374469831714325,0.7870672762900065
40.38581090609284,0.7375838007935422,0.7870672762900065
40.390186041650395,0.737720618415652,0.7870672762900065
40.392272169733474,0.7378574360377617,0.7870672762900065
40.40884248735483,0.7378574360377617,0.787393860222077
40.41057633160892,0.7379942536598714,0.787393860222077
40.41293768217042,0.7379942536598714,0.7877204441541477
40.41533977443123,0.7381310712819811,0.7877204441541477
40.415830662063286,0.7381310712819811,0.7880470280862182
40.41593836137406,0.7382678889040909,0.7880470280862182
40.42536916968402,0.7384047065262006,0.7880470280862182
40.43114520404913,0.7385415241483103,0.7880470280862182
40.43261555751474,0.73867834177042,0.7880470280862182
40.44239128671677,0.7388151593925297,0.7880470280862182
40.45030791461522,0.7388151593925297,0.7883736120182887
40.45403988239366,0.7389519770146394,0.7883736120182887
40.46075436044066,0.7390887946367493,0.7883736120182887
40.46718665348317,0.739225612258859,0.7883736120182887
40.47407703032502,0.7393624298809687,0.7883736120182887
40.483732039791335,0.7394992475030784,0.7883736120182887
40.48450585715602,0.7396360651251881,0.7883736120182887
40.48551521495858,0.7397728827472978,0.7883736120182887
40.486966746560256,0.7399097003694076,0.7883736120182887
40.495379565824464,0.7400465179915173,0.7883736120182887
40.49846778019696,0.740183335613627,0.7883736120182887
40.50330118277509,0.7403201532357367,0.7883736120182887
40.512185789618,0.7404569708578465,0.7883736120182887
40.51527782277833,0.7405937884799563,0.7883736120182887
40.530088881844335,0.740730606102066,0.7883736120182887
40.540289265019624,0.740730606102066,0.7887001959503592
40.54180860368615,0.7408674237241757,0.7887001959503592
40.54362956148043,0.7410042413462854,0.7887001959503592
40.55316192917917,0.7410042413462854,0.7890267798824298
40.55841654223104,0.7411410589683951,0.7890267798824298
40.561107373378945,0.7411410589683951,0.7893533638145003
40.562349343977075,0.7412778765905048,0.7893533638145003
40.56770787787627,0.7414146942126146,0.7893533638145003
40.57102417889189,0.7415515118347243,0.7893533638145003
40.5786830423483,0.741688329456834,0.7893533638145003
40.58634483442211,0.7418251470789438,0.7893533638145003
40.599195658767485,0.7419619647010535,0.7893533638145003
40.59926394733293,0.7420987823231632,0.7893533638145003
40.609855095477315,0.742235599945273,0.7893533638145003
40.61181699677945,0.7423724175673827,0.7893533638145003
40.61337313272941,0.7425092351894924,0.7893533638145003
40.61901307239657,0.7425092351894924,0.7896799477465709
40.62433487390774,0.7426460528116021,0.7896799477465709
40.62473592971389,0.7427828704337118,0.7896799477465709
40.625204059962584,0.7429196880558215,0.7896799477465709
40.628764239819134,0.7430565056779314,0.7896799477465709
40.633675031584175,0.7431933233000411,0.7896799477465709
40.635440375341545,0.7433301409221508,0.7896799477465709
40.643014859502046,0.7434669585442605,0.7896799477465709
40.64427098039209,0.7436037761663702,0.7896799477465709
40.65053195505834,0.7436037761663702,0.7900065316786414
40.65465907200223,0.74374059378848,0.7900065316786414
40.65998333579603,0.7438774114105897,0.7900065316786414
40.66265438852929,0.7440142290326994,0.7900065316786414
40.66332495229108,0.7440142290326994,0.790333115610712
40.66352966529951,0.7441510466548091,0.790333115610712
40.67247157943723,0.7442878642769188,0.790333115610712
40.67291192201492,0.7442878642769188,0.7906596995427825
40.679071964509376,0.7444246818990286,0.7906596995427825
40.685183568445154,0.7444246818990286,0.790986283474853
40.70578166486189,0.7445614995211384,0.790986283474853
40.706031181942194,0.7446983171432481,0.790986283474853
40.71822637217497,0.7448351347653578,0.790986283474853
40.722497404771616,0.7448351347653578,0.7913128674069235
40.72820540937175,0.7449719523874675,0.7913128674069235
40.74801927015926,0.7451087700095772,0.7913128674069235
40.751003683888484,0.7452455876316869,0.7913128674069235
40.75678751225223,0.7453824052537967,0.7913128674069235
40.76075259142215,0.7455192228759064,0.7913128674069235
40.76201993562756,0.7456560404980161,0.7913128674069235
40.76729642660348,0.7456560404980161,0.7916394513389942
40.76769642067268,0.7457928581201259,0.7916394513389942
40.77574842080821,0.7457928581201259,0.7919660352710647
40.820896599666526,0.7457928581201259,0.7922926192031352
40.829529327790965,0.7459296757422356,0.7922926192031352
40.83180320662666,0.7460664933643453,0.7922926192031352
40.84870430481544,0.7462033109864551,0.7922926192031352
40.85228841403864,0.7463401286085648,0.7922926192031352
40.86924593843048,0.7464769462306745,0.7922926192031352
40.870501198981515,0.7466137638527842,0.7922926192031352
40.87454125445265,0.7467505814748939,0.7922926192031352
40.89257001815656,0.7468873990970037,0.7922926192031352
40.89722520694738,0.7468873990970037,0.7926192031352057
40.898526994124836,0.7470242167191135,0.7926192031352057
40.92996579982605,0.7471610343412232,0.7926192031352057
40.933401456372394,0.7471610343412232,0.7929457870672763
40.94173844540012,0.7472978519633329,0.7929457870672763
40.95775182460636,0.7474346695854426,0.7929457870672763
40.96220461239807,0.7474346695854426,0.7932723709993469
40.96488663494358,0.7475714872075523,0.7932723709993469
40.96768772592111,0.7477083048296621,0.7932723709993469
40.970900782494255,0.7478451224517718,0.7932723709993469
40.972388837221274,0.7479819400738815,0.7932723709993469
40.973703321944754,0.7481187576959912,0.7932723709993469
40.97581232018479,0.7482555753181009,0.7932723709993469
40.977756506524315,0.7483923929402106,0.7932723709993469
40.985396371360366,0.7485292105623205,0.7932723709993469
40.99596438187052,0.7486660281844302,0.7932723709993469
40.99793296822429,0.7488028458065399,0.7932723709993469
41.0162604180498,0.7489396634286496,0.7932723709993469
41.019755511879566,0.7490764810507593,0.7932723709993469
41.02094881232176,0.749213298672869,0.7932723709993469
41.025418758556725,0.7493501162949788,0.7932723709993469
41.025576513181704,0.7494869339170885,0.7932723709993469
41.03393914877438,0.7496237515391982,0.7932723709993469
41.036324267672285,0.749760569161308,0.7932723709993469
41.04726849110784,0.7498973867834177,0.7932723709993469
41.05223469295379,0.7500342044055275,0.7932723709993469
41.056502676016066,0.7500342044055275,0.7935989549314174
41.06671480562932,0.7501710220276372,0.7935989549314174
41.07414501256221,0.7503078396497469,0.7935989549314174
41.078638863085416,0.7504446572718566,0.7935989549314174
41.07986545482947,0.7505814748939663,0.7935989549314174
41.08033144026183,0.750718292516076,0.7935989549314174
41.083433623305496,0.7508551101381858,0.7935989549314174
41.09198451589202,0.7508551101381858,0.7939255388634879
41.09460910438713,0.7508551101381858,0.7942521227955585
41.101527920344665,0.7508551101381858,0.794578706727629
41.10790525624577,0.7509919277602956,0.794578706727629
41.11553266443184,0.7511287453824053,0.794578706727629
41.115776949692304,0.7511287453824053,0.7949052906596995
41.117934244215235,0.751265563004515,0.7949052906596995
41.1210450174799,0.7514023806266247,0.7949052906596995
41.12384303217186,0.7515391982487344,0.7949052906596995
41.132517764105955,0.7516760158708442,0.7949052906596995
41.13332011230841,0.7518128334929539,0.7949052906596995
41.134586015931745,0.7519496511150636,0.7949052906596995
41.143709650990104,0.7520864687371733,0.7949052906596995
41.14559452649962,0.752223286359283,0.7949052906596995
41.14916967100487,0.7523601039813929,0.7949052906596995
41.16152420127639,0.7524969216035026,0.7949052906596995
41.16526741120174,0.7526337392256123,0.7949052906596995
41.170605460443426,0.752770556847722,0.7949052906596995
41.18316418914219,0.7529073744698317,0.7949052906596995
41.18427866625814,0.7530441920919414,0.7949052906596995
41.190746445801665,0.7531810097140512,0.7949052906596995
41.19851954798253,0.7533178273361609,0.7949052906596995
41.20337334120359,0.7534546449582706,0.7949052906596995
41.204789000777055,0.7534546449582706,0.7952318745917701
41.20648529592461,0.7535914625803803,0.7952318745917701
41.20667461258756,0.75372828020249,0.7952318745917701
41.211676462641094,0.7538650978245998,0.7952318745917701
41.225007664203304,0.7540019154467096,0.7952318745917701
41.230855495909736,0.7541387330688193,0.7952318745917701
41.23537837013225,0.754275550690929,0.7952318745917701
41.248467298596324,0.7544123683130387,0.7952318745917701
41.24879536922231,0.7544123683130387,0.7955584585238407
41.260035989002745,0.7544123683130387,0.7958850424559112
41.267740346852406,0.7545491859351484,0.7958850424559112
41.27150134469582,0.7546860035572581,0.7958850424559112
41.2864988400853,0.7548228211793679,0.7958850424559112
41.29374973481754,0.7549596388014777,0.7958850424559112
41.29517909186063,0.7550964564235874,0.7958850424559112
41.298010535046046,0.7552332740456971,0.7958850424559112
41.30347173731127,0.7552332740456971,0.7962116263879817
41.30412934419496,0.7553700916678068,0.7962116263879817
41.30419038452385,0.7555069092899166,0.7962116263879817
41.30490802884765,0.7556437269120263,0.7962116263879817
41.30864551736761,0.755780544534136,0.7962116263879817
41.309377669725905,0.755780544534136,0.7965382103200522
41.31968222981243,0.7559173621562457,0.7965382103200522
41.32066273992166,0.7560541797783554,0.7965382103200522
41.32238053472258,0.7561909974004651,0.7965382103200522
41.32426843627195,0.756327815022575,0.7965382103200522
41.32907099130409,0.756327815022575,0.7968647942521228
41.33051230588319,0.7564646326446847,0.7968647942521228
41.34435936293187,0.7566014502667944,0.7968647942521228
41.34688559899587,0.7567382678889041,0.7968647942521228
41.350701228901016,0.7568750855110138,0.7968647942521228
41.356640801777985,0.7570119031331235,0.7968647942521228
41.36505718780734,0.7571487207552333,0.7968647942521228
41.37649233384275,0.7571487207552333,0.7971913781841934
41.379967150729954,0.757285538377343,0.7971913781841934
41.38053778716244,0.757285538377343,0.7975179621162639
41.38477521345055,0.7574223559994527,0.7975179621162639
41.385277405433385,0.7575591736215624,0.7975179621162639
41.38950850639026,0.7575591736215624,0.7978445460483344
41.40057359940829,0.7576959912436722,0.7978445460483344
41.40334530413668,0.7578328088657819,0.7978445460483344
41.40808096214221,0.7578328088657819,0.798171129980405
41.41096426247782,0.7579696264878917,0.798171129980405
41.4199806214433,0.7581064441100014,0.798171129980405
41.42011119832557,0.7582432617321111,0.798171129980405
41.425379225675556,0.7583800793542208,0.798171129980405
41.426466151388695,0.7585168969763305,0.798171129980405
41.442816074591065,0.7586537145984403,0.798171129980405
41.4541990169854,0.7586537145984403,0.7984977139124755
41.460335495540335,0.75879053222055,0.7984977139124755
41.461681841899235,0.7589273498426597,0.7984977139124755
41.47431302811367,0.7590641674647695,0.7984977139124755
41.47749378447543,0.7592009850868792,0.7984977139124755
41.480258359913705,0.7592009850868792,0.798824297844546
41.487596063056,0.7592009850868792,0.7991508817766166
41.490543986884745,0.7592009850868792,0.7994774657086872
41.4964725542801,0.7593378027089889,0.7994774657086872
41.51025292252007,0.7594746203310987,0.7994774657086872
41.53130153920904,0.7596114379532084,0.7994774657086872
41.531650854895815,0.7596114379532084,0.7998040496407577
41.54345599328235,0.7597482555753181,0.7998040496407577
41.55390312670363,0.7598850731974278,0.7998040496407577
41.55408067262431,0.7600218908195375,0.7998040496407577
41.55674543141026,0.7601587084416472,0.7998040496407577
41.56393271253614,0.760295526063757,0.7998040496407577
41.57014900878278,0.7604323436858668,0.7998040496407577
41.570908269539814,0.7605691613079765,0.7998040496407577
41.582961792185074,0.7607059789300862,0.7998040496407577
41.590714299323395,0.7608427965521959,0.7998040496407577
41.59147569851018,0.7609796141743056,0.7998040496407577
41.600741550478006,0.7611164317964154,0.7998040496407577
41.60276650209664,0.7611164317964154,0.8001306335728282
41.61039647321536,0.7612532494185251,0.8001306335728282
41.611098830522906,0.7613900670406348,0.8001306335728282
41.6148094608136,0.7615268846627445,0.8001306335728282
41.62446540872236,0.7616637022848542,0.8001306335728282
41.626519286584994,0.7616637022848542,0.8004572175048987
41.62729703557852,0.7618005199069641,0.8004572175048987
41.62799773233462,0.7619373375290738,0.8004572175048987
41.63177048216562,0.7620741551511835,0.8004572175048987
41.63442674178282,0.7620741551511835,0.8007838014369693
41.64718520575957,0.7622109727732932,0.8007838014369693
41.64979231790096,0.7622109727732932,0.8011103853690399
41.66540802184761,0.7622109727732932,0.8014369693011104
41.66559608170405,0.7622109727732932,0.8017635532331809
41.66564579913734,0.7623477903954029,0.8017635532331809
41.676364081942666,0.7624846080175126,0.8017635532331809
41.69416863824483,0.7624846080175126,0.8020901371652515
41.69460875129744,0.7624846080175126,0.802416721097322
41.69985621252499,0.7624846080175126,0.8027433050293925
41.700477409607856,0.7626214256396224,0.8027433050293925
41.701276420815816,0.7627582432617321,0.8027433050293925
41.71828491081726,0.7628950608838418,0.8027433050293925
41.72227071718703,0.7630318785059516,0.8027433050293925
41.725989843740194,0.7631686961280613,0.8027433050293925
41.72974243174508,0.763305513750171,0.8027433050293925
41.739002783446495,0.763305513750171,0.8030698889614631
41.73906648034267,0.7634423313722808,0.8030698889614631
41.740278435059054,0.7634423313722808,0.8033964728935337
41.74928719391289,0.7635791489943905,0.8033964728935337
41.76358161952203,0.7637159666165002,0.8033964728935337
41.76972537096856,0.7638527842386099,0.8033964728935337
41.77846876373383,0.7639896018607196,0.8033964728935337
41.7793106296682,0.7641264194828293,0.8033964728935337
41.78243867760739,0.7642632371049392,0.8033964728935337
41.79458923844618,0.7642632371049392,0.8037230568256042
41.81223174763511,0.7642632371049392,0.8040496407576747
41.82255441013956,0.7642632371049392,0.8043762246897452
41.829235306946885,0.7644000547270489,0.8043762246897452
41.833099619802965,0.7645368723491586,0.8043762246897452
41.83694740873068,0.7646736899712683,0.8043762246897452
41.857622923816734,0.764810507593378,0.8043762246897452
41.860532150456265,0.7649473252154878,0.8043762246897452
41.87933757326198,0.7650841428375975,0.8043762246897452
41.88396205340416,0.7650841428375975,0.8047028086218158
41.894698694754766,0.7650841428375975,0.8050293925538864
41.905848998001375,0.7650841428375975,0.8053559764859569
41.91172022467299,0.7652209604597072,0.8053559764859569
41.91522152131529,0.7653577780818169,0.8053559764859569
41.91898579401595,0.7654945957039266,0.8053559764859569
41.91923857517122,0.7656314133260363,0.8053559764859569
41.92901201167149,0.7657682309481462,0.8053559764859569
41.93445675512237,0.7659050485702559,0.8053559764859569
41.93525925410188,0.7659050485702559,0.8056825604180274
41.93565333650986,0.7660418661923656,0.8056825604180274
41.9370169513478,0.7661786838144753,0.8056825604180274
41.95304117813055,0.7661786838144753,0.806009144350098
41.95816756472948,0.766315501436585,0.806009144350098
41.95938485451393,0.7664523190586947,0.806009144350098
41.96800447409555,0.7664523190586947,0.8063357282821685
41.969558636524084,0.7665891366808045,0.8063357282821685
41.972309798328524,0.7667259543029142,0.8063357282821685
41.97946882338135,0.766862771925024,0.8063357282821685
41.980611146278875,0.7669995895471337,0.8063357282821685
41.984423964847,0.7669995895471337,0.806662312214239
41.98645818717216,0.7671364071692434,0.806662312214239
41.990140130555346,0.7672732247913532,0.806662312214239
42.00607854400528,0.7674100424134629,0.806662312214239
42.01733037003862,0.7675468600355726,0.806662312214239
42.020405187267556,0.7676836776576823,0.806662312214239
42.03114127038452,0.767820495279792,0.806662312214239
42.032967786114,0.767820495279792,0.8069888961463096
42.03678908860854,0.7679573129019017,0.8069888961463096
42.03882335354592,0.7680941305240115,0.8069888961463096
42.04201916998261,0.7682309481461213,0.8069888961463096
42.0691248394096,0.768367765768231,0.8069888961463096
42.100977163805965,0.768367765768231,0.8073154800783802
42.107553832712256,0.768367765768231,0.8076420640104507
42.11798659136082,0.7685045833903407,0.8076420640104507
42.124935771638434,0.7685045833903407,0.8079686479425212
42.12888515170482,0.7686414010124504,0.8079686479425212
42.14019358247367,0.7686414010124504,0.8082952318745917
42.14659659681615,0.7687782186345601,0.8082952318745917
42.16435401004128,0.7689150362566699,0.8082952318745917
42.18160996636436,0.7690518538787796,0.8082952318745917
42.212980829184744,0.7691886715008893,0.8082952318745917
42.24096243321662,0.769325489122999,0.8082952318745917
42.24269837667032,0.7694623067451087,0.8082952318745917
42.2462025246939,0.7695991243672184,0.8082952318745917
42.250197390275844,0.7697359419893283,0.8082952318745917
42.25471320265717,0.769872759611438,0.8082952318745917
42.254802288484825,0.7700095772335477,0.8082952318745917
42.263800877585595,0.7701463948556574,0.8082952318745917
42.26653329497742,0.7702832124777671,0.8082952318745917
42.266554451064735,0.7704200300998769,0.8082952318745917
42.269436202687984,0.7704200300998769,0.8086218158066623
42.26956384535242,0.7705568477219866,0.8086218158066623
42.274576299378964,0.7705568477219866,0.8089483997387329
42.279080463835726,0.7706936653440963,0.8089483997387329
42.28407591187988,0.770830482966206,0.8089483997387329
42.2905237698302,0.7709673005883158,0.8089483997387329
42.29206893301023,0.7711041182104255,0.8089483997387329
42.31686127532646,0.7712409358325353,0.8089483997387329
42.32136563029587,0.771377753454645,0.8089483997387329
42.32621169336528,0.7715145710767547,0.8089483997387329
42.337951229644545,0.7715145710767547,0.8092749836708034
42.34360916624905,0.7716513886988644,0.8092749836708034
42.34797252094427,0.7717882063209741,0.8092749836708034
42.3560392792981,0.7719250239430838,0.8092749836708034
42.364772289328926,0.7720618415651936,0.8092749836708034
42.36482342805721,0.7721986591873033,0.8092749836708034
42.36887809720395,0.7721986591873033,0.8096015676028739
42.370361173533524,0.7723354768094131,0.8096015676028739
42.371379548051436,0.7724722944315228,0.8096015676028739
42.377093654702776,0.7724722944315228,0.8099281515349445
42.38175507112453,0.7724722944315228,0.810254735467015
42.38300399339869,0.7726091120536325,0.810254735467015
42.38684416702324,0.7727459296757422,0.810254735467015
42.39862927082197,0.7727459296757422,0.8105813193990856
42.40337859135923,0.772882747297852,0.8105813193990856
42.41147379898371,0.7730195649199617,0.8105813193990856
42.420028032207256,0.7731563825420714,0.8105813193990856
42.423998024572256,0.7732932001641811,0.8105813193990856
42.447066007949275,0.7734300177862908,0.8105813193990856
42.44729669429387,0.7735668354084007,0.8105813193990856
42.447876062171304,0.7735668354084007,0.8109079033311561
42.466122278559965,0.7737036530305104,0.8109079033311561
42.470502870605856,0.7738404706526201,0.8109079033311561
42.47162554950626,0.7739772882747298,0.8109079033311561
42.475361458381826,0.7741141058968395,0.8109079033311561
42.48068062723223,0.7742509235189492,0.8109079033311561
42.48088992532382,0.774387741141059,0.8109079033311561
42.48097534592898,0.7745245587631687,0.8109079033311561
42.48323932992025,0.7746613763852784,0.8109079033311561
42.486641838050446,0.7747981940073881,0.8109079033311561
42.50007972628157,0.7747981940073881,0.8112344872632267
42.50138752340172,0.7749350116294978,0.8112344872632267
42.50259236343072,0.7750718292516076,0.8112344872632267
42.503180774549264,0.7750718292516076,0.8115610711952972
42.50364797804377,0.7752086468737174,0.8115610711952972
42.52211224609948,0.7752086468737174,0.8118876551273677
42.53564350879708,0.7753454644958271,0.8118876551273677
42.55443160161883,0.7754822821179368,0.8118876551273677
42.570868656432026,0.7756190997400465,0.8118876551273677
42.57478326133764,0.7756190997400465,0.8122142390594382
42.57789928319903,0.7756190997400465,0.8125408229915089
42.58964640884949,0.7757559173621562,0.8125408229915089
42.594563764448026,0.7758927349842659,0.8125408229915089
42.60310939103613,0.7758927349842659,0.8128674069235794
42.61490479036422,0.7760295526063757,0.8128674069235794
42.617470503453205,0.7761663702284854,0.8128674069235794
42.62590399394878,0.7761663702284854,0.8131939908556499
42.62665204320274,0.7761663702284854,0.8135205747877204
42.64942379917977,0.7761663702284854,0.813847158719791
42.664247480551694,0.7763031878505952,0.813847158719791
42.66571934891351,0.7764400054727049,0.813847158719791
42.67150104033408,0.7764400054727049,0.8141737426518615
42.68273305987202,0.7765768230948146,0.8141737426518615
42.6867579469249,0.7767136407169244,0.8141737426518615
42.688009447430204,0.7767136407169244,0.8145003265839321
42.689151261378925,0.7767136407169244,0.8148269105160026
42.69943787995476,0.7767136407169244,0.8151534944480732
42.70227919356671,0.7768504583390341,0.8151534944480732
42.702280395382786,0.7769872759611438,0.8151534944480732
42.71104583728743,0.7771240935832535,0.8151534944480732
42.7162353727515,0.7772609112053632,0.8151534944480732
42.71858199561166,0.7773977288274729,0.8151534944480732
42.72087704961439,0.7775345464495828,0.8151534944480732
42.73638709461352,0.7776713640716925,0.8151534944480732
42.74127298118992,0.7778081816938022,0.8151534944480732
42.74429327747282,0.7779449993159119,0.8151534944480732
42.74592083740117,0.7780818169380216,0.8151534944480732
42.75381659922448,0.7782186345601313,0.8151534944480732
42.75534384568391,0.7782186345601313,0.8154800783801437
42.755864085243616,0.7783554521822411,0.8154800783801437
42.75608610690415,0.7784922698043508,0.8154800783801437
42.75752070433077,0.7786290874264605,0.8154800783801437
42.75968881513643,0.7786290874264605,0.8158066623122142
42.76303762847749,0.7787659050485702,0.8158066623122142
42.76642739910653,0.77890272267068,0.8158066623122142
42.77296221892141,0.77890272267068,0.8161332462442847
42.77853679284033,0.7790395402927897,0.8161332462442847
42.800124982564284,0.7791763579148995,0.8161332462442847
42.80044680565845,0.7793131755370092,0.8161332462442847
42.811985055880314,0.7794499931591189,0.8161332462442847
42.81203785876744,0.7795868107812286,0.8161332462442847
42.82801619876102,0.7797236284033383,0.8161332462442847
42.83229276098916,0.7798604460254481,0.8161332462442847
42.83488865614834,0.7799972636475578,0.8161332462442847
42.84763334440356,0.7799972636475578,0.8164598301763554
42.85401315730712,0.7801340812696675,0.8164598301763554
42.86037463038815,0.7801340812696675,0.8167864141084259
42.86077745766363,0.7802708988917773,0.8167864141084259
42.86308571423956,0.7802708988917773,0.8171129980404964
42.86447540490974,0.7802708988917773,0.8174395819725669
42.87412399288314,0.780407716513887,0.8174395819725669
42.87834376640228,0.7805445341359967,0.8174395819725669
42.879813102204366,0.7806813517581065,0.8174395819725669
42.88490010365035,0.7808181693802162,0.8174395819725669
42.887923720276945,0.7809549870023259,0.8174395819725669
42.90069443554523,0.7810918046244356,0.8174395819725669
42.90535174296372,0.7810918046244356,0.8177661659046375
42.90731932621259,0.7812286222465453,0.8177661659046375
42.91719983825135,0.781365439868655,0.8177661659046375
42.92318237564609,0.7815022574907649,0.8177661659046375
42.92383252087973,0.7815022574907649,0.818092749836708
42.93128807200969,0.7816390751128746,0.818092749836708
42.93201030894261,0.7817758927349843,0.818092749836708
42.938764808552264,0.781912710357094,0.818092749836708
42.939292082342035,0.7820495279792037,0.818092749836708
42.940961991649374,0.7820495279792037,0.8184193337687786
42.943629237567734,0.7821863456013135,0.8184193337687786
42.95493854867834,0.7823231632234232,0.8184193337687786
42.955008963468345,0.7824599808455329,0.8184193337687786
42.96306237241481,0.7825967984676426,0.8184193337687786
42.96605709773564,0.7827336160897523,0.8184193337687786
42.970406123952785,0.782870433711862,0.8184193337687786
42.973335142597875,0.782870433711862,0.8187459177008491
42.97443492673074,0.782870433711862,0.8190725016329197
42.97505424957467,0.7830072513339719,0.8190725016329197
42.97717830334045,0.7830072513339719,0.8193990855649902
42.98753847061232,0.7831440689560816,0.8193990855649902
42.987596460557825,0.7832808865781913,0.8193990855649902
42.99383436766357,0.783417704200301,0.8193990855649902
42.998492007399136,0.7835545218224107,0.8193990855649902
43.001975495815714,0.7835545218224107,0.8197256694970607
43.005954712676385,0.7836913394445204,0.8197256694970607
43.017813148400364,0.7838281570666302,0.8197256694970607
43.018937984456784,0.7839649746887399,0.8197256694970607
43.0215689838609,0.7839649746887399,0.8200522534291312
43.023048547026065,0.7841017923108496,0.8200522534291312
43.02697164589131,0.7842386099329594,0.8200522534291312
43.02952822911084,0.7843754275550691,0.8200522534291312
43.03198468675021,0.7845122451771788,0.8200522534291312
43.04344854624969,0.7846490627992886,0.8200522534291312
43.044692562636214,0.7847858804213983,0.8200522534291312
43.06790822146456,0.784922698043508,0.8200522534291312
43.06807330128538,0.7850595156656177,0.8200522534291312
43.07239750938186,0.7851963332877274,0.8200522534291312
43.07580584226719,0.7853331509098372,0.8200522534291312
43.08415038322585,0.785469968531947,0.8200522534291312
43.08600961378204,0.7856067861540567,0.8200522534291312
43.08975969922358,0.7857436037761664,0.8200522534291312
43.09961494961101,0.7858804213982761,0.8200522534291312
43.111662003554216,0.7860172390203858,0.8200522534291312
43.11775507514858,0.7861540566424956,0.8200522534291312
43.14861523096124,0.7861540566424956,0.8203788373612019
43.150413446567654,0.7862908742646053,0.8203788373612019
43.15466682790668,0.786427691886715,0.8203788373612019
43.159915436217716,0.7865645095088247,0.8203788373612019
43.16354442697718,0.7865645095088247,0.8207054212932724
43.17252313109486,0.7865645095088247,0.8210320052253429
43.17336845858097,0.7867013271309344,0.8210320052253429
43.184783151251395,0.7868381447530441,0.8210320052253429
43.192242058287206,0.7868381447530441,0.8213585891574134
43.19558755673472,0.7868381447530441,0.821685173089484
43.19899676513705,0.786974962375154,0.821685173089484
43.2004543632778,0.7871117799972637,0.821685173089484
43.20472310985349,0.7871117799972637,0.8220117570215545
43.20517778262308,0.7872485976193734,0.8220117570215545
43.23096867528693,0.7872485976193734,0.8223383409536251
43.241900386533416,0.7872485976193734,0.8226649248856956
43.24475824197805,0.7873854152414831,0.8226649248856956
43.250657278277004,0.7875222328635928,0.8226649248856956
43.261231166004336,0.7876590504857025,0.8226649248856956
43.276769742915235,0.7877958681078123,0.8226649248856956
43.277369204129855,0.7877958681078123,0.8229915088177662
43.28721185031975,0.787932685729922,0.8229915088177662
43.29293185795359,0.7880695033520317,0.8229915088177662
43.301893368275614,0.7882063209741415,0.8229915088177662
43.31172037829651,0.7883431385962512,0.8229915088177662
43.31365877348253,0.7883431385962512,0.8233180927498367
43.317239453894445,0.7883431385962512,0.8236446766819072
43.32594436579416,0.788479956218361,0.8236446766819072
43.33141052806286,0.7886167738404707,0.8236446766819072
43.332770794548765,0.7887535914625804,0.8236446766819072
43.337598653247255,0.7888904090846901,0.8236446766819072
43.33975114681948,0.7890272267067998,0.8236446766819072
43.341783210242966,0.7890272267067998,0.8239712606139777
43.34231794684729,0.7891640443289095,0.8239712606139777
43.34402260813954,0.7893008619510193,0.8239712606139777
43.3455997612657,0.7893008619510193,0.8242978445460484
43.34944133105421,0.789437679573129,0.8242978445460484
43.35129125773176,0.7895744971952388,0.8242978445460484
43.35836552456965,0.7895744971952388,0.8246244284781189
43.36213983272114,0.7897113148173485,0.8246244284781189
43.36524124527375,0.7898481324394582,0.8246244284781189
43.366812990128665,0.7899849500615679,0.8246244284781189
43.36944418595783,0.7899849500615679,0.8249510124101894
43.3727987633647,0.7901217676836777,0.8249510124101894
43.3757320793718,0.7902585853057874,0.8249510124101894
43.380862904977334,0.7903954029278971,0.8249510124101894
43.38173652729847,0.7905322205500068,0.8249510124101894
43.392321719874985,0.7906690381721165,0.8249510124101894
43.39501586247525,0.7908058557942262,0.8249510124101894
43.403504198994256,0.7909426734163361,0.8249510124101894
43.418372450717584,0.7909426734163361,0.82527759634226
43.42606248593245,0.7910794910384458,0.82527759634226
43.433143435473994,0.7912163086605555,0.82527759634226
43.438683742279295,0.7912163086605555,0.8256041802743305
43.47052002962164,0.7913531262826652,0.8256041802743305
43.4714969720593,0.7914899439047749,0.8256041802743305
43.47443679794412,0.7916267615268847,0.8256041802743305
43.47882300242452,0.7916267615268847,0.825930764206401
43.48109214108126,0.7917635791489944,0.825930764206401
43.481778465146135,0.7917635791489944,0.8262573481384716
43.48552470744983,0.7919003967711041,0.8262573481384716
43.48881485071831,0.7919003967711041,0.8265839320705421
43.489544148704,0.7920372143932138,0.8265839320705421
43.490308323891895,0.7921740320153235,0.8265839320705421
43.507694719654296,0.7921740320153235,0.8269105160026127
43.509488974991314,0.7923108496374333,0.8269105160026127
43.51198472805061,0.7924476672595431,0.8269105160026127
43.513844429370465,0.7925844848816528,0.8269105160026127
43.51796010741532,0.7927213025037625,0.8269105160026127
43.519635939843965,0.7928581201258722,0.8269105160026127
43.527047654958324,0.7929949377479819,0.8269105160026127
43.53028316611142,0.7931317553700916,0.8269105160026127
43.54880550202813,0.7931317553700916,0.8272370999346832
43.55315357749748,0.7932685729922014,0.8272370999346832
43.5842607199354,0.7934053906143111,0.8272370999346832
43.584419874992136,0.7935422082364209,0.8272370999346832
43.58853427843667,0.7936790258585306,0.8272370999346832
43.58975266099992,0.7938158434806403,0.8272370999346832
43.590099076236356,0.79395266110275,0.8272370999346832
43.59228906306544,0.7940894787248598,0.8272370999346832
43.59502895468779,0.7942262963469695,0.8272370999346832
43.595437937025395,0.7943631139690792,0.8272370999346832
43.60443354396671,0.7943631139690792,0.8275636838667537
43.61628350196224,0.7944999315911889,0.8275636838667537
43.62467951245867,0.7946367492132986,0.8275636838667537
43.63073803578652,0.7946367492132986,0.8278902677988244
43.63739730532279,0.7947735668354085,0.8278902677988244
43.64706653888652,0.7949103844575182,0.8278902677988244
43.650052837081034,0.7949103844575182,0.8282168517308949
43.651887763682225,0.7949103844575182,0.8285434356629654
43.65677183885043,0.7950472020796279,0.8285434356629654
43.67655131439119,0.7951840197017376,0.8285434356629654
43.6852535316998,0.7953208373238473,0.8285434356629654
43.688030296282705,0.795457654945957,0.8285434356629654
43.6915165949498,0.7955944725680668,0.8285434356629654
43.69611023929406,0.7957312901901765,0.8285434356629654
43.69717214863567,0.7958681078122862,0.8285434356629654
43.70891347162876,0.7958681078122862,0.8288700195950359
43.711508848836615,0.7958681078122862,0.8291966035271064
43.71409181251306,0.7960049254343959,0.8291966035271064
43.71410855558747,0.7961417430565056,0.8291966035271064
43.725335172544305,0.7962785606786154,0.8291966035271064
43.73109992209447,0.7964153783007252,0.8291966035271064
43.746413186157156,0.7965521959228349,0.8291966035271064
43.74881987781657,0.7966890135449446,0.8291966035271064
43.7556674739094,0.7968258311670543,0.8291966035271064
43.756174516356964,0.796962648789164,0.8291966035271064
43.763836537717566,0.7970994664112738,0.8291966035271064
43.76607974372837,0.7972362840333835,0.8291966035271064
43.78494939349957,0.7972362840333835,0.829523187459177
43.79167579778368,0.7973731016554932,0.829523187459177
43.79762487562948,0.797509919277603,0.829523187459177
43.797658413161,0.797509919277603,0.8298497713912476
43.80273053105691,0.7976467368997127,0.8298497713912476
43.804034208898315,0.7977835545218224,0.8298497713912476
43.81343365384055,0.7979203721439322,0.8298497713912476
43.83535441762274,0.7980571897660419,0.8298497713912476
43.84442734456104,0.7981940073881516,0.8298497713912476
43.85497993216802,0.7983308250102613,0.8298497713912476
43.857951933760546,0.798467642632371,0.8298497713912476
43.86259174419695,0.7986044602544807,0.8298497713912476
43.86770051825931,0.7987412778765905,0.8298497713912476
43.869215233438126,0.7987412778765905,0.8301763553233181
43.87381926462774,0.7987412778765905,0.8305029392553887
43.885295524418325,0.7988780954987003,0.8305029392553887
43.886562699423166,0.79901491312081,0.8305029392553887
43.89710794672146,0.79901491312081,0.8308295231874592
43.908414610686464,0.7991517307429197,0.8308295231874592
43.9094493700112,0.7992885483650294,0.8308295231874592
43.91005680874491,0.7994253659871391,0.8308295231874592
43.913271130410976,0.7995621836092489,0.8308295231874592
43.945429641612236,0.7996990012313586,0.8308295231874592
43.94946883364105,0.7998358188534683,0.8308295231874592
43.951336951870076,0.799972636475578,0.8308295231874592
43.953349735489724,0.8001094540976877,0.8308295231874592
43.95985765992759,0.8002462717197976,0.8308295231874592
43.96313072698865,0.8003830893419073,0.8308295231874592
43.969512488215514,0.800519906964017,0.8308295231874592
43.97209029670205,0.8006567245861267,0.8308295231874592
43.97408098819619,0.8007935422082364,0.8308295231874592
43.9821462675601,0.8009303598303461,0.8308295231874592
43.99171982527798,0.8010671774524559,0.8308295231874592
43.99516349743419,0.8012039950745656,0.8308295231874592
43.99892636698701,0.8012039950745656,0.8311561071195297
44.007881946947464,0.8013408126966753,0.8311561071195297
44.02717986234609,0.801477630318785,0.8311561071195297
44.039359637759844,0.8016144479408948,0.8311561071195297
44.040777652561474,0.8017512655630045,0.8311561071195297
44.04480714584304,0.8018880831851143,0.8311561071195297
44.04573214112736,0.8018880831851143,0.8314826910516002
44.08426147508533,0.802024900807224,0.8314826910516002
44.08602134556304,0.8021617184293337,0.8314826910516002
44.10417565692467,0.8022985360514434,0.8314826910516002
44.114907161873134,0.8024353536735531,0.8314826910516002
44.15586147627096,0.8024353536735531,0.8318092749836709
44.158613790014215,0.8025721712956628,0.8318092749836709
44.17948220294522,0.8027089889177726,0.8318092749836709
44.18691125672672,0.8027089889177726,0.8321358589157414
44.18872994596393,0.8028458065398824,0.8321358589157414
44.195183647244676,0.8029826241619921,0.8321358589157414
44.2136841901505,0.8031194417841018,0.8321358589157414
44.22026741746754,0.8032562594062115,0.8321358589157414
44.22051508204254,0.8032562594062115,0.8324624428478119
44.230926473200384,0.8033930770283213,0.8324624428478119
44.24259146118686,0.803529894650431,0.8324624428478119
44.264418458348246,0.8036667122725407,0.8324624428478119
44.27320472268639,0.8038035298946504,0.8324624428478119
44.275376269764024,0.8038035298946504,0.8327890267798824
44.28929463775262,0.8038035298946504,0.833115610711953
44.293966420175934,0.8039403475167601,0.833115610711953
44.299076986765954,0.8040771651388698,0.833115610711953
44.312112452591464,0.8040771651388698,0.8334421946440235
44.313140629758436,0.8042139827609797,0.8334421946440235
44.31322898102917,0.8042139827609797,0.8337687785760941
44.31718689499178,0.8043508003830894,0.8337687785760941
44.325548212846,0.8044876180051991,0.8337687785760941
44.3272910886069,0.8046244356273088,0.8337687785760941
44.32982939300621,0.8047612532494185,0.8337687785760941
44.33136742231761,0.8047612532494185,0.8340953625081646
44.332374892595,0.8047612532494185,0.8344219464402352
44.335918328715934,0.8048980708715282,0.8344219464402352
44.33791918579345,0.805034888493638,0.8344219464402352
44.34484452769027,0.8051717061157477,0.8344219464402352
44.349881751587986,0.8053085237378574,0.8344219464402352
44.368593899423786,0.8054453413599671,0.8344219464402352
44.38218396524985,0.8055821589820769,0.8344219464402352
44.38670365103633,0.8057189766041866,0.8344219464402352
44.390970537956605,0.8058557942262964,0.8344219464402352
44.392782053563565,0.8059926118484061,0.8344219464402352
44.39324181321342,0.8059926118484061,0.8347485303723057
44.39678186265655,0.8061294294705158,0.8347485303723057
44.397437920899165,0.8061294294705158,0.8350751143043762
44.4076362806926,0.8062662470926255,0.8350751143043762
44.41819257164855,0.8062662470926255,0.8354016982364467
44.42446103005386,0.8062662470926255,0.8357282821685174
44.42770796592265,0.8064030647147352,0.8357282821685174
44.43242083965231,0.8064030647147352,0.8360548661005879
44.45053527724451,0.806539882336845,0.8360548661005879
44.467117620773365,0.8066766999589547,0.8360548661005879
44.476966665663326,0.8068135175810645,0.8360548661005879
44.478033466760735,0.8069503352031742,0.8360548661005879
44.48784009820258,0.8069503352031742,0.8363814500326584
44.49771951434809,0.8070871528252839,0.8363814500326584
44.50216648581795,0.8072239704473936,0.8363814500326584
44.50440132715801,0.8072239704473936,0.8367080339647289
44.521914703379935,0.8073607880695034,0.8367080339647289
44.53447326373055,0.8074976056916131,0.8367080339647289
44.537793020088316,0.8074976056916131,0.8370346178967994
44.538964395128346,0.8076344233137228,0.8370346178967994
44.544115120836295,0.8077712409358325,0.8370346178967994
44.54706044282398,0.8079080585579422,0.8370346178967994
44.55477528590984,0.8080448761800519,0.8370346178967994
44.558233309746925,0.8080448761800519,0.83736120182887
44.57577357394621,0.8080448761800519,0.8376877857609406
44.59046970876989,0.8081816938021618,0.8376877857609406
44.613306677725404,0.8083185114242715,0.8376877857609406
44.615645938846455,0.8084553290463812,0.8376877857609406
44.61736177312025,0.8085921466684909,0.8376877857609406
44.62208662300645,0.8087289642906006,0.8376877857609406
44.64441042194153,0.8088657819127103,0.8376877857609406
44.64889850821146,0.8090025995348201,0.8376877857609406
44.6519849148043,0.8091394171569298,0.8376877857609406
44.65823165153256,0.8091394171569298,0.8380143696930111
44.65931455347095,0.8092762347790395,0.8380143696930111
44.671898390933166,0.8094130524011492,0.8380143696930111
44.68788320923136,0.8094130524011492,0.8383409536250817
44.69074345662648,0.809549870023259,0.8383409536250817
44.70119622074742,0.8096866876453688,0.8383409536250817
44.718924764953385,0.8098235052674785,0.8383409536250817
44.72964172517584,0.8099603228895882,0.8383409536250817
44.76656093524855,0.8100971405116979,0.8383409536250817
44.76916572614175,0.8102339581338076,0.8383409536250817
44.77140778412661,0.8103707757559173,0.8383409536250817
44.781202227101176,0.8105075933780271,0.8383409536250817
44.78356471085942,0.8106444110001368,0.8383409536250817
44.78614223760519,0.8107812286222466,0.8383409536250817
44.79701183921259,0.8109180462443563,0.8383409536250817
44.80165279377172,0.811054863866466,0.8383409536250817
44.82923582827698,0.8111916814885757,0.8383409536250817
44.83449782383116,0.8113284991106855,0.8383409536250817
44.85568802794535,0.8113284991106855,0.8386675375571522
44.882278511743834,0.8114653167327952,0.8386675375571522
44.88611560302206,0.8116021343549049,0.8386675375571522
44.889260996759276,0.8116021343549049,0.8389941214892227
44.89735980881483,0.8117389519770146,0.8389941214892227
44.89737148463507,0.8118757695991243,0.8389941214892227
44.91791519034507,0.8120125872212342,0.8389941214892227
44.91816717772315,0.8120125872212342,0.8393207054212932
44.928156164682946,0.8121494048433439,0.8393207054212932
44.929652703799206,0.8121494048433439,0.8396472893533639
44.93495484007019,0.8122862224654536,0.8396472893533639
44.95691522028153,0.8124230400875633,0.8396472893533639
44.969120792462604,0.812559857709673,0.8396472893533639
44.96961754669462,0.8126966753317827,0.8396472893533639
44.976432831787974,0.8128334929538925,0.8396472893533639
44.977675006793675,0.8128334929538925,0.8399738732854344
44.97837090330188,0.8129703105760022,0.8399738732854344
44.996630206949135,0.8131071281981119,0.8399738732854344
45.00701648733559,0.8131071281981119,0.8403004572175049
45.0114166684682,0.8131071281981119,0.8406270411495754
45.017647997981044,0.8132439458202216,0.8406270411495754
45.03654867423563,0.8133807634423313,0.8406270411495754
45.041079680695475,0.8133807634423313,0.840953625081646
45.04270299251709,0.813517581064441,0.840953625081646
45.072592310394384,0.8136543986865509,0.840953625081646
45.07454897666639,0.8137912163086606,0.840953625081646
45.0830683567674,0.8139280339307703,0.840953625081646
45.087282039395745,0.81406485155288,0.840953625081646
45.11080637796624,0.8142016691749897,0.840953625081646
45.11162489914523,0.8143384867970994,0.840953625081646
45.14311606102024,0.8144753044192092,0.840953625081646
45.15068457263294,0.8146121220413189,0.840953625081646
45.15301662366596,0.8147489396634287,0.840953625081646
45.163900677014794,0.8148857572855384,0.840953625081646
45.17089977020805,0.8148857572855384,0.8412802090137165
45.173905592088545,0.8148857572855384,0.8416067929457871
45.18401244214829,0.8148857572855384,0.8419333768778576
45.193798006787915,0.8150225749076481,0.8419333768778576
45.20380064035339,0.8151593925297579,0.8419333768778576
45.20407466256404,0.8152962101518676,0.8419333768778576
45.206055273859874,0.8154330277739773,0.8419333768778576
45.20850112595872,0.8154330277739773,0.8422599608099282
45.2125299876692,0.8154330277739773,0.8425865447419987
45.22294723781317,0.815569845396087,0.8425865447419987
45.22714281167123,0.815569845396087,0.8429131286740692
45.233040340452476,0.8157066630181967,0.8429131286740692
45.238393871356266,0.8158434806403064,0.8429131286740692
45.244816176251106,0.8158434806403064,0.8432397126061397
45.26021217143989,0.8158434806403064,0.8435662965382104
45.26110887612924,0.8159802982624162,0.8435662965382104
45.262177867230434,0.816117115884526,0.8435662965382104
45.26755335591599,0.816117115884526,0.8438928804702809
45.27112072495197,0.8162539335066357,0.8438928804702809
45.29122786466155,0.8162539335066357,0.8442194644023514
45.30590172973518,0.8163907511287454,0.8442194644023514
45.30600528634136,0.8165275687508551,0.8442194644023514
45.31653010909599,0.8166643863729648,0.8442194644023514
45.32108930385277,0.8168012039950746,0.8442194644023514
45.32589114665575,0.8169380216171843,0.8442194644023514
45.328739316074916,0.817074839239294,0.8442194644023514
45.336914414068815,0.8172116568614037,0.8442194644023514
45.35186150924062,0.8173484744835134,0.8442194644023514
45.36674053163381,0.8174852921056232,0.8442194644023514
45.38403309861644,0.817622109727733,0.8442194644023514
45.39019927635968,0.817622109727733,0.8445460483344219
45.39582536612579,0.817622109727733,0.8448726322664925
45.398753628880286,0.817622109727733,0.8451992161985631
45.39880024953811,0.8177589273498427,0.8451992161985631
45.420475547629394,0.8178957449719524,0.8451992161985631
45.42347375870884,0.8180325625940621,0.8451992161985631
45.4409600204101,0.8181693802161718,0.8451992161985631
45.468959776112456,0.8183061978382816,0.8451992161985631
45.470131277508585,0.8184430154603913,0.8451992161985631
45.48484260779321,0.818579833082501,0.8451992161985631
45.501234078321545,0.8187166507046107,0.8451992161985631
45.504888077358146,0.8188534683267205,0.8451992161985631
45.508892409825194,0.8189902859488302,0.8451992161985631
45.51161195100576,0.81912710357094,0.8451992161985631
45.53685781687682,0.8192639211930497,0.8451992161985631
45.53998575213052,0.8194007388151594,0.8451992161985631
45.54161477139223,0.8195375564372691,0.8451992161985631
45.54504024121718,0.8196743740593788,0.8451992161985631
45.56642250332948,0.8198111916814885,0.8451992161985631
45.57719834361262,0.8199480093035983,0.8451992161985631
45.59711951630982,0.820084826925708,0.8451992161985631
45.60374465672521,0.8202216445478178,0.8451992161985631
45.622275072300795,0.8202216445478178,0.8455258001306336
45.624823611207944,0.8203584621699275,0.8455258001306336
45.66124886425098,0.8204952797920372,0.8455258001306336
45.662160487199,0.8206320974141469,0.8455258001306336
45.663106198257765,0.8207689150362567,0.8455258001306336
45.66410133410284,0.8209057326583664,0.8455258001306336
45.66570005768415,0.8210425502804761,0.8455258001306336
45.70076598587423,0.8211793679025858,0.8455258001306336
45.701885808355314,0.8213161855246955,0.8455258001306336
45.71516219531759,0.8214530031468054,0.8455258001306336
45.71944412938399,0.8215898207689151,0.8455258001306336
45.72120757094444,0.8217266383910248,0.8455258001306336
45.72966317695932,0.8218634560131345,0.8455258001306336
45.73165296588866,0.8218634560131345,0.8458523840627041
45.738561573944935,0.8220002736352442,0.8458523840627041
45.74557376288874,0.8221370912573539,0.8458523840627041
45.768928992567794,0.8222739088794637,0.8458523840627041
45.77073221385342,0.8224107265015734,0.8458523840627041
45.7761415485586,0.8225475441236831,0.8458523840627041
45.77881854581483,0.8226843617457928,0.8458523840627041
45.784125294956425,0.8228211793679026,0.8458523840627041
45.79057715305771,0.8229579969900123,0.8458523840627041
45.79558110201549,0.8230948146121221,0.8458523840627041
45.80513620547572,0.8232316322342318,0.8458523840627041
45.805357195129204,0.8233684498563415,0.8458523840627041
45.80923905740383,0.8235052674784512,0.8458523840627041
45.81045831671315,0.8236420851005609,0.8458523840627041
45.81361894226632,0.8237789027226706,0.8458523840627041
45.81528048147106,0.8239157203447804,0.8458523840627041
45.822789103182345,0.8239157203447804,0.8461789679947747
45.828116541849795,0.8239157203447804,0.8465055519268452
45.83292741591629,0.8240525379668902,0.8465055519268452
45.83336776529109,0.8241893555889999,0.8465055519268452
45.838969356832195,0.8241893555889999,0.8468321358589157
45.843921541717805,0.8243261732111096,0.8468321358589157
45.85488460278248,0.8244629908332193,0.8468321358589157
45.85488880117077,0.8245998084553291,0.8468321358589157
45.88167207341451,0.8245998084553291,0.8471587197909863
45.890593948208334,0.8247366260774388,0.8471587197909863
45.90073938337923,0.8248734436995485,0.8471587197909863
45.900742126595105,0.8250102613216582,0.8471587197909863
45.90338295257038,0.8251470789437679,0.8471587197909863
45.929022797377,0.8252838965658776,0.8471587197909863
45.94768982015137,0.8254207141879875,0.8471587197909863
45.95156235869979,0.8255575318100972,0.8471587197909863
45.97081608719202,0.8256943494322069,0.8471587197909863
45.9769623912822,0.8258311670543166,0.8471587197909863
45.978022828480334,0.8259679846764263,0.8471587197909863
45.98491291626635,0.826104802298536,0.8471587197909863
45.986228090971395,0.826104802298536,0.8474853037230569
45.99063871900398,0.826104802298536,0.8478118876551274
46.01070171439426,0.8262416199206458,0.8478118876551274
46.01344524523108,0.8262416199206458,0.8481384715871979
46.01706940750137,0.8263784375427555,0.8481384715871979
46.02431559287345,0.8265152551648652,0.8481384715871979
46.027057131766355,0.826652072786975,0.8481384715871979
46.03310437480275,0.8267888904090847,0.8481384715871979
46.03377090022616,0.8269257080311945,0.8481384715871979
46.05201198855468,0.8270625256533042,0.8481384715871979
46.06330654759063,0.8270625256533042,0.8484650555192684
46.06607652858247,0.8270625256533042,0.848791639451339
46.066326098398235,0.8271993432754139,0.848791639451339
46.076577677144996,0.8273361608975236,0.848791639451339
46.08351589723293,0.8273361608975236,0.8491182233834096
46.09716309582166,0.8274729785196333,0.8491182233834096
46.103046960606434,0.827609796141743,0.8491182233834096
46.10795970911556,0.8277466137638528,0.8491182233834096
46.122257019518656,0.8278834313859625,0.8491182233834096
46.125895241206194,0.8280202490080723,0.8491182233834096
46.141527513992855,0.8280202490080723,0.8494448073154801
46.14390024392128,0.828157066630182,0.8494448073154801
46.155548626100426,0.828157066630182,0.8497713912475506
46.16356347091482,0.828157066630182,0.8500979751796212
46.18342590074485,0.8282938842522917,0.8500979751796212
46.19231377689266,0.8282938842522917,0.8504245591116917
46.19302652381532,0.8284307018744014,0.8504245591116917
46.198889516724876,0.8285675194965112,0.8504245591116917
46.20826496746349,0.8287043371186209,0.8504245591116917
46.225128850319265,0.8288411547407306,0.8504245591116917
46.227361936881266,0.8289779723628403,0.8504245591116917
46.231965897959185,0.82911478998495,0.8504245591116917
46.239926152658654,0.8292516076070597,0.8504245591116917
46.242178196542,0.8293884252291696,0.8504245591116917
46.24828435932386,0.8295252428512793,0.8504245591116917
46.273927139435955,0.8295252428512793,0.8507511430437622
46.279776032772816,0.829662060473389,0.8507511430437622
46.28981074897342,0.8297988780954987,0.8507511430437622
46.29332899098097,0.8299356957176084,0.8507511430437622
46.298127808641425,0.8299356957176084,0.8510777269758328
46.29829209743991,0.8299356957176084,0.8514043109079034
46.30257476378836,0.8299356957176084,0.8517308948399739
46.30281265960991,0.8299356957176084,0.8520574787720444
46.30462637500693,0.8299356957176084,0.8523840627041149
46.30532266686566,0.8300725133397182,0.8523840627041149
46.30574758873195,0.8302093309618279,0.8523840627041149
46.32284674150844,0.8303461485839376,0.8523840627041149
46.330105699644605,0.8303461485839376,0.8527106466361855
46.33762553094391,0.8304829662060473,0.8527106466361855
46.344249154469026,0.830619783828157,0.8527106466361855
46.3481467738261,0.830619783828157,0.8530372305682561
46.352124215771596,0.8307566014502668,0.8530372305682561
46.36383750892662,0.8308934190723766,0.8530372305682561
46.3646913361531,0.8310302366944863,0.8530372305682561
46.39797477257798,0.831167054316596,0.8530372305682561
46.40020457180742,0.831167054316596,0.8533638145003266
46.40409998882046,0.8313038719387057,0.8533638145003266
46.41745332831874,0.8314406895608154,0.8533638145003266
46.43026898567314,0.8315775071829251,0.8533638145003266
46.43777597135079,0.8317143248050349,0.8533638145003266
46.43913332370994,0.8318511424271446,0.8533638145003266
46.441144022646085,0.8319879600492543,0.8533638145003266
46.45168247745721,0.8321247776713641,0.8533638145003266
46.452079186886294,0.8322615952934738,0.8533638145003266
46.452823920681226,0.8323984129155835,0.8533638145003266
46.46110964128957,0.8323984129155835,0.8536903984323971
46.477698627822406,0.8323984129155835,0.8540169823644677
46.48149721480763,0.8325352305376933,0.8540169823644677
46.48398408362675,0.832672048159803,0.8540169823644677
46.4949329551298,0.8328088657819127,0.8540169823644677
46.53884321694227,0.8329456834040224,0.8540169823644677
46.542958599652934,0.8330825010261321,0.8540169823644677
46.54789926062858,0.833219318648242,0.8540169823644677
46.55617326737138,0.8333561362703517,0.8540169823644677
46.565137605566406,0.8334929538924614,0.8540169823644677
46.57581217751044,0.8334929538924614,0.8543435662965382
46.57818125953918,0.8336297715145711,0.8543435662965382
46.580865209185504,0.8337665891366808,0.8543435662965382
46.58689181203954,0.8339034067587905,0.8543435662965382
46.61492943363203,0.8339034067587905,0.8546701502286087
46.62377037963995,0.8339034067587905,0.8549967341606793
46.62945159836147,0.8340402243809003,0.8549967341606793
46.62945345347589,0.83417704200301,0.8549967341606793
46.630694996047055,0.8343138596251197,0.8549967341606793
46.63797512894462,0.8343138596251197,0.8553233180927499
46.64771878727527,0.8344506772472294,0.8553233180927499
46.64879557710253,0.8345874948693391,0.8553233180927499
46.66075103784203,0.8345874948693391,0.8556499020248204
46.71910687514094,0.8347243124914488,0.8556499020248204
46.73624276277474,0.8348611301135587,0.8556499020248204
46.741987985089736,0.8349979477356684,0.8556499020248204
46.770118931948446,0.8351347653577781,0.8556499020248204
46.77605918381573,0.8351347653577781,0.8559764859568909
46.779053108552034,0.8352715829798878,0.8559764859568909
46.78354646470143,0.8354084006019975,0.8559764859568909
46.787620638164526,0.8355452182241072,0.8559764859568909
46.79960563491386,0.835682035846217,0.8559764859568909
46.80834128566846,0.835682035846217,0.8563030698889614
46.81573645842866,0.835682035846217,0.856629653821032
46.81805554632501,0.8358188534683267,0.856629653821032
46.82503328828,0.8359556710904364,0.856629653821032
46.84001587034038,0.8360924887125462,0.856629653821032
46.85053959660843,0.8362293063346559,0.856629653821032
46.873642647221004,0.8363661239567657,0.856629653821032
46.88326717170207,0.8365029415788754,0.856629653821032
46.89496957688675,0.8365029415788754,0.8569562377531026
46.90217240438369,0.8366397592009851,0.8569562377531026
46.90637962393225,0.8367765768230948,0.8569562377531026
46.91048892816582,0.8369133944452045,0.8569562377531026
46.91318239908003,0.8370502120673142,0.8569562377531026
46.921408478361855,0.837187029689424,0.8569562377531026
46.93437163886131,0.8373238473115338,0.8569562377531026
46.936018463106166,0.8373238473115338,0.8572828216851731
46.94091408204929,0.8374606649336435,0.8572828216851731
46.94422804341616,0.8375974825557532,0.8572828216851731
46.94762129754065,0.8377343001778629,0.8572828216851731
46.95106251413938,0.8378711177999726,0.8572828216851731
46.95218910259666,0.8378711177999726,0.8576094056172436
46.955801031888655,0.8380079354220824,0.8576094056172436
46.99977044017294,0.8381447530441921,0.8576094056172436
47.00771055552332,0.8382815706663018,0.8576094056172436
47.008642702727116,0.8384183882884115,0.8576094056172436
47.09166834768655,0.8384183882884115,0.8579359895493142
47.09826254984955,0.8384183882884115,0.8582625734813847
47.12040601778074,0.8384183882884115,0.8585891574134552
47.12793751217794,0.8384183882884115,0.8589157413455258
47.12969612372342,0.8385552059105212,0.8589157413455258
47.14372071083744,0.8385552059105212,0.8592423252775964
47.14687759131277,0.838692023532631,0.8592423252775964
47.15363083854038,0.838692023532631,0.8595689092096669
47.16638829309397,0.838692023532631,0.8598954931417374
47.17358281350471,0.8388288411547408,0.8598954931417374
47.176537051487,0.8389656587768505,0.8598954931417374
47.17680226523089,0.8391024763989602,0.8598954931417374
47.18997453441682,0.8392392940210699,0.8598954931417374
47.190755952706695,0.8393761116431796,0.8598954931417374
47.19784453220723,0.8395129292652894,0.8598954931417374
47.20019733182585,0.8396497468873991,0.8598954931417374
47.2045285889111,0.8396497468873991,0.8602220770738079
47.226714799335696,0.8397865645095088,0.8602220770738079
47.22760033476004,0.8399233821316185,0.8602220770738079
47.231522236008345,0.8400601997537283,0.8602220770738079
47.24777709820546,0.8400601997537283,0.8605486610058785
47.25804607488374,0.8400601997537283,0.8608752449379491
47.26451120828938,0.8400601997537283,0.8612018288700196
47.27633796724626,0.840197017375838,0.8612018288700196
47.2773935363648,0.8403338349979478,0.8612018288700196
47.278363326056024,0.8404706526200575,0.8612018288700196
47.2787856939799,0.8404706526200575,0.8615284128020901
47.286117312227475,0.8404706526200575,0.8618549967341607
47.28913071177317,0.8406074702421672,0.8618549967341607
47.2978982116465,0.8407442878642769,0.8618549967341607
47.30064127366563,0.8408811054863866,0.8618549967341607
47.33452828699774,0.8410179231084963,0.8618549967341607
47.34295460659166,0.8411547407306061,0.8618549967341607
47.35279978275014,0.8411547407306061,0.8621815806662312
47.362223751476904,0.8411547407306061,0.8625081645983018
47.370209128735496,0.8411547407306061,0.8628347485303723
47.38292626196994,0.8412915583527159,0.8628347485303723
47.38913501907041,0.8412915583527159,0.8631613324624429
47.396535134665555,0.8414283759748256,0.8631613324624429
47.40031226080032,0.8415651935969353,0.8631613324624429
47.40376007151235,0.841702011219045,0.8631613324624429
47.41144356568054,0.841702011219045,0.8634879163945134
47.421006658538545,0.8418388288411548,0.8634879163945134
47.429993734227196,0.8419756464632645,0.8634879163945134
47.43350136581421,0.8419756464632645,0.8638145003265839
47.442523619659596,0.8421124640853742,0.8638145003265839
47.44266322482804,0.8422492817074839,0.8638145003265839
47.444535650427724,0.8423860993295936,0.8638145003265839
47.45858653703965,0.8425229169517033,0.8638145003265839
47.46353142537771,0.8426597345738132,0.8638145003265839
47.46549632347478,0.8426597345738132,0.8641410842586544
47.47671831164814,0.8427965521959229,0.8641410842586544
47.477406024035304,0.8429333698180326,0.8641410842586544
47.48057996038767,0.8430701874401423,0.8641410842586544
47.48239427901137,0.843207005062252,0.8641410842586544
47.48859797199907,0.843207005062252,0.8644676681907251
47.49159746081034,0.843207005062252,0.8647942521227956
47.502258172372876,0.8433438226843617,0.8647942521227956
47.50578270926155,0.8433438226843617,0.8651208360548661
47.50937803050772,0.8433438226843617,0.8654474199869366
47.51004607354844,0.8434806403064715,0.8654474199869366
47.51695785617483,0.8436174579285812,0.8654474199869366
47.53811794065348,0.8437542755506909,0.8654474199869366
47.54244035319584,0.8437542755506909,0.8657740039190072
47.552298736145076,0.8438910931728006,0.8657740039190072
47.566345977615356,0.8440279107949104,0.8657740039190072
47.56706965344688,0.8441647284170201,0.8657740039190072
47.567888417718905,0.8441647284170201,0.8661005878510777
47.573496158724424,0.8443015460391299,0.8661005878510777
47.58363621879198,0.8444383636612396,0.8661005878510777
47.59293556616058,0.8445751812833493,0.8661005878510777
47.59551582961046,0.844711998905459,0.8661005878510777
47.59620381300965,0.8448488165275687,0.8661005878510777
47.62640385798943,0.8449856341496785,0.8661005878510777
47.629999915520784,0.8451224517717882,0.8661005878510777
47.63083805203644,0.845259269393898,0.8661005878510777
47.6458797331087,0.8453960870160077,0.8661005878510777
47.65859420690617,0.8455329046381174,0.8661005878510777
47.6604754810993,0.8455329046381174,0.8664271717831483
47.662093258687946,0.8456697222602271,0.8664271717831483
47.66638332559796,0.8458065398823369,0.8664271717831483
47.66652282365203,0.8459433575044466,0.8664271717831483
47.669653470812364,0.8460801751265563,0.8664271717831483
47.671469269002614,0.846216992748666,0.8664271717831483
47.67520139233591,0.8463538103707757,0.8664271717831483
47.679090261633974,0.8464906279928854,0.8664271717831483
47.68096285990191,0.8466274456149953,0.8664271717831483
47.68561324192933,0.846764263237105,0.8664271717831483
47.68636640394402,0.8469010808592147,0.8664271717831483
47.69062287674842,0.8470378984813244,0.8664271717831483
47.70574976589319,0.8471747161034341,0.8664271717831483
47.711658699085774,0.8471747161034341,0.8667537557152188
47.71606593627803,0.8473115337255438,0.8667537557152188
47.72411114855629,0.8474483513476536,0.8667537557152188
47.724752873142734,0.8475851689697633,0.8667537557152188
47.741377361533864,0.8475851689697633,0.8670803396472894
47.791945311265636,0.8475851689697633,0.8674069235793599
47.805237471803935,0.847721986591873,0.8674069235793599
47.81290062744438,0.8478588042139827,0.8674069235793599
47.817753997868635,0.8478588042139827,0.8677335075114304
47.82646122287122,0.8479956218360925,0.8677335075114304
47.827819842682516,0.8481324394582023,0.8677335075114304
47.84412274680926,0.848269257080312,0.8677335075114304
47.84479761977434,0.8484060747024217,0.8677335075114304
47.87236201022938,0.8485428923245314,0.8677335075114304
47.87296493786573,0.8486797099466411,0.8677335075114304
47.882368893435,0.8486797099466411,0.8680600914435009
47.88556949422923,0.8486797099466411,0.8683866753755716
47.894889415994385,0.8488165275687508,0.8683866753755716
47.90399157506181,0.8488165275687508,0.8687132593076421
47.909714129800136,0.8489533451908606,0.8687132593076421
47.913270801046906,0.8490901628129703,0.8687132593076421
47.91470398736408,0.84922698043508,0.8687132593076421
47.93606549898777,0.8493637980571898,0.8687132593076421
47.93730269368223,0.8493637980571898,0.8690398432397126
47.94084065544416,0.8495006156792995,0.8690398432397126
47.9488399437264,0.8495006156792995,0.8693664271717831
47.96128649936372,0.8496374333014092,0.8693664271717831
47.96525435136948,0.849774250923519,0.8693664271717831
47.98079229346513,0.8499110685456287,0.8693664271717831
47.98795093859394,0.8500478861677384,0.8693664271717831
47.989097417929315,0.8500478861677384,0.8696930111038537
47.98918633400103,0.8501847037898481,0.8696930111038537
48.01033712145943,0.8501847037898481,0.8700195950359242
48.01292061673212,0.8503215214119578,0.8700195950359242
48.032036526452316,0.8504583390340675,0.8700195950359242
48.036482301002025,0.8505951566561774,0.8700195950359242
48.03754147659902,0.8507319742782871,0.8700195950359242
48.05187035288998,0.8508687919003968,0.8700195950359242
48.05925133656069,0.8508687919003968,0.8703461789679948
48.06181135347265,0.8510056095225065,0.8703461789679948
48.069307313234276,0.8511424271446162,0.8703461789679948
48.0779442130613,0.851279244766726,0.8703461789679948
48.09393829518831,0.8514160623888357,0.8703461789679948
48.094123177141114,0.8515528800109454,0.8703461789679948
48.10123671232839,0.8516896976330551,0.8703461789679948
48.11707198471311,0.8518265152551648,0.8703461789679948
48.12479201640997,0.8519633328772745,0.8703461789679948
48.13521985354919,0.8521001504993844,0.8703461789679948
48.135632249634455,0.8521001504993844,0.8706727629000653
48.14083791909559,0.8522369681214941,0.8706727629000653
48.14507625077806,0.8522369681214941,0.8709993468321359
48.14814647168532,0.8522369681214941,0.8713259307642064
48.152415081799404,0.8523737857436038,0.8713259307642064
48.15578878337942,0.8525106033657135,0.8713259307642064
48.15819057511885,0.8526474209878232,0.8713259307642064
48.164038865806674,0.8527842386099329,0.8713259307642064
48.164811759442614,0.8527842386099329,0.8716525146962769
48.166665347302455,0.8527842386099329,0.8719790986283474
48.178768982454585,0.8529210562320427,0.8719790986283474
48.18974223030705,0.8530578738541524,0.8719790986283474
48.19223151715221,0.8530578738541524,0.8723056825604181
48.20276133089396,0.8531946914762621,0.8723056825604181
48.22793133221717,0.8533315090983719,0.8723056825604181
48.230645919888275,0.8533315090983719,0.8726322664924886
48.23567537245913,0.8534683267204816,0.8726322664924886
48.23637404949977,0.8536051443425913,0.8726322664924886
48.236621264488804,0.8537419619647011,0.8726322664924886
48.23762320778599,0.8537419619647011,0.8729588504245591
48.24205689234566,0.8538787795868108,0.8729588504245591
48.25842624257211,0.8540155972089205,0.8729588504245591
48.278511420787936,0.8540155972089205,0.8732854343566296
48.28108097644338,0.8541524148310302,0.8732854343566296
48.28729971206508,0.8542892324531399,0.8732854343566296
48.288072588880254,0.8544260500752497,0.8732854343566296
48.290211336137304,0.8545628676973595,0.8732854343566296
48.298951560281694,0.8546996853194692,0.8732854343566296
48.31221987196682,0.8548365029415789,0.8732854343566296
48.31972356778863,0.8548365029415789,0.8736120182887002
48.32913265061927,0.8549733205636886,0.8736120182887002
48.336657788451475,0.8549733205636886,0.8739386022207707
48.3455338425008,0.8551101381857983,0.8739386022207707
48.34953816227892,0.8551101381857983,0.8742651861528413
48.350452015568294,0.8552469558079081,0.8742651861528413
48.37703947305408,0.8553837734300178,0.8742651861528413
48.38119611981688,0.8555205910521275,0.8742651861528413
48.38650340761001,0.8556574086742372,0.8742651861528413
48.40233267877454,0.8557942262963469,0.8742651861528413
48.40411573173617,0.8559310439184566,0.8742651861528413
48.40433907524232,0.8560678615405665,0.8742651861528413
48.40683795152552,0.8562046791626762,0.8742651861528413
48.41154949988538,0.8563414967847859,0.8742651861528413
48.41420594157,0.8564783144068956,0.8742651861528413
48.423306401500895,0.8566151320290053,0.8742651861528413
48.43109719065774,0.8567519496511151,0.8742651861528413
48.43884615232378,0.8568887672732248,0.8742651861528413
48.44249111379668,0.8568887672732248,0.8745917700849118
48.44360887294624,0.8570255848953345,0.8745917700849118
48.44753201664639,0.8571624025174442,0.8745917700849118
48.45298744779495,0.857299220139554,0.8745917700849118
48.46452868306426,0.8574360377616637,0.8745917700849118
48.46533421087429,0.8575728553837735,0.8745917700849118
48.465896336737046,0.8577096730058832,0.8745917700849118
48.490401475498516,0.8577096730058832,0.8749183540169824
48.49740736204603,0.8578464906279929,0.8749183540169824
48.50453396387911,0.8579833082501026,0.8749183540169824
48.521945073253846,0.8581201258722123,0.8749183540169824
48.528307199780784,0.858256943494322,0.8749183540169824
48.53908989333968,0.8583937611164318,0.8749183540169824
48.54652540440418,0.8585305787385415,0.8749183540169824
48.550006662736564,0.8585305787385415,0.8752449379490529
48.55162155749747,0.8586673963606513,0.8752449379490529
48.558268605734156,0.8586673963606513,0.8755715218811234
48.5602115501207,0.858804213982761,0.8755715218811234
48.5638811455143,0.8589410316048707,0.8755715218811234
48.57478553851843,0.8590778492269804,0.8755715218811234
48.579008511359916,0.8592146668490902,0.8755715218811234
48.5821689277559,0.8592146668490902,0.8758981058131939
48.58375110919326,0.8593514844711999,0.8758981058131939
48.586891967790734,0.8594883020933096,0.8758981058131939
48.599190404814635,0.8596251197154193,0.8758981058131939
48.604603243848146,0.859761937337529,0.8758981058131939
48.61468919189576,0.8598987549596389,0.8758981058131939
48.62041714749489,0.8600355725817486,0.8758981058131939
48.6359983773757,0.8600355725817486,0.8762246897452646
48.64403295471186,0.8600355725817486,0.8765512736773351
48.64991379609489,0.8600355725817486,0.8768778576094056
48.66104588589951,0.8600355725817486,0.8772044415414761
48.661379631221166,0.8601723902038583,0.8772044415414761
48.678977199015776,0.860309207825968,0.8772044415414761
48.682173199861836,0.8604460254480777,0.8772044415414761
48.70323913665686,0.8605828430701874,0.8772044415414761
48.712894288595066,0.8607196606922972,0.8772044415414761
48.716137032236134,0.8608564783144069,0.8772044415414761
48.73916403427825,0.8608564783144069,0.8775310254735467
48.75426427854984,0.8608564783144069,0.8778576094056172
48.75522588127376,0.8609932959365166,0.8778576094056172
48.761668660906366,0.8609932959365166,0.8781841933376878
48.76923936087769,0.8611301135586263,0.8781841933376878
48.77702683777011,0.861266931180736,0.8781841933376878
48.78591070016785,0.8614037488028458,0.8781841933376878
48.79828278167224,0.8615405664249556,0.8781841933376878
48.80418938153889,0.8616773840470653,0.8781841933376878
48.81556008393932,0.861814201669175,0.8781841933376878
48.82862463680067,0.8619510192912847,0.8781841933376878
48.84876125617393,0.8619510192912847,0.8785107772697583
48.870705087007536,0.8620878369133944,0.8785107772697583
48.88119190834584,0.8622246545355041,0.8785107772697583
48.89293618939405,0.8623614721576139,0.8785107772697583
48.900941217052946,0.8624982897797236,0.8785107772697583
48.91859423905271,0.8626351074018334,0.8785107772697583
48.92806461321334,0.8627719250239431,0.8785107772697583
48.961936532484856,0.8629087426460528,0.8785107772697583
48.989961049561884,0.8630455602681626,0.8785107772697583
48.992811588419045,0.8630455602681626,0.8788373612018289
48.99575846096195,0.8631823778902723,0.8788373612018289
48.9959068663112,0.863319195512382,0.8788373612018289
48.997201122965635,0.8634560131344917,0.8788373612018289
49.01705318131519,0.8635928307566014,0.8788373612018289
49.02371825878117,0.8637296483787111,0.8788373612018289
49.026819442217175,0.863866466000821,0.8788373612018289
49.04526466770517,0.8640032836229307,0.8788373612018289
49.04778341862607,0.8641401012450404,0.8788373612018289
49.05193937370291,0.8642769188671501,0.8788373612018289
49.06351192281568,0.8642769188671501,0.8791639451338994
49.06390592834134,0.8644137364892598,0.8791639451338994
49.06939959278702,0.8644137364892598,0.8794905290659699
49.07739317894277,0.8644137364892598,0.8798171129980406
49.079220244087765,0.8645505541113695,0.8798171129980406
49.120397796138946,0.8645505541113695,0.8801436969301111
49.12725514451313,0.8645505541113695,0.8804702808621816
49.139166516968885,0.8646873717334793,0.8804702808621816
49.1417903421318,0.864824189355589,0.8804702808621816
49.16390415044657,0.8649610069776987,0.8804702808621816
49.170770450984264,0.8650978245998084,0.8804702808621816
49.18274710530102,0.8652346422219181,0.8804702808621816
49.18638187388456,0.8653714598440279,0.8804702808621816
49.19491603149993,0.8655082774661377,0.8804702808621816
49.19809906711555,0.8655082774661377,0.8807968647942521
49.20261537457327,0.8656450950882474,0.8807968647942521
49.20788538055706,0.8657819127103571,0.8807968647942521
49.21290129426427,0.8659187303324668,0.8807968647942521
49.22685159970615,0.8660555479545765,0.8807968647942521
49.23137041517816,0.8661923655766863,0.8807968647942521
49.240452032023654,0.866329183198796,0.8807968647942521
49.253581569099424,0.8664660008209057,0.8807968647942521
49.25566590902838,0.8664660008209057,0.8811234487263226
49.25644266379663,0.8666028184430155,0.8811234487263226
49.29404797720531,0.8667396360651252,0.8811234487263226
49.30294690616847,0.8667396360651252,0.8814500326583932
49.310225383475995,0.8668764536872349,0.8814500326583932
49.31073628917352,0.8668764536872349,0.8817766165904638
49.31899041564077,0.8670132713093447,0.8817766165904638
49.32816949263372,0.8671500889314544,0.8817766165904638
49.330979723984456,0.8672869065535641,0.8817766165904638
49.34260185818982,0.8674237241756738,0.8817766165904638
49.357695888871945,0.8674237241756738,0.8821032005225343
49.35849860599842,0.8675605417977835,0.8821032005225343
49.366941539554205,0.8676973594198932,0.8821032005225343
49.388308380457374,0.8676973594198932,0.8824297844546048
49.390388316211556,0.867834177042003,0.8824297844546048
49.394321174293395,0.867834177042003,0.8827563683866754
49.394576658732376,0.8679709946641128,0.8827563683866754
49.43920951461973,0.8679709946641128,0.8830829523187459
49.44888134280268,0.8679709946641128,0.8834095362508164
49.45552187707494,0.8681078122862225,0.8834095362508164
49.45664215503382,0.8681078122862225,0.883736120182887
49.462830914013125,0.8682446299083322,0.883736120182887
49.465637328996536,0.8682446299083322,0.8840627041149576
49.46907856720918,0.8683814475304419,0.8840627041149576
49.47223662933743,0.8683814475304419,0.8843892880470281
49.48135941560895,0.8685182651525516,0.8843892880470281
49.488977535329354,0.8685182651525516,0.8847158719790986
49.500338520422815,0.8686550827746614,0.8847158719790986
49.516557765057996,0.8687919003967711,0.8847158719790986
49.518489519079594,0.8689287180188808,0.8847158719790986
49.523450634269466,0.8690655356409905,0.8847158719790986
49.53137234661824,0.8692023532631002,0.8847158719790986
49.54046440896968,0.8692023532631002,0.8850424559111691
49.549643237457985,0.8693391708852101,0.8850424559111691
49.5549691955963,0.8694759885073198,0.8850424559111691
49.561871105322666,0.8696128061294295,0.8850424559111691
49.56197918369958,0.8696128061294295,0.8853690398432397
49.57392555791955,0.8697496237515392,0.8853690398432397
49.58005425835063,0.8698864413736489,0.8853690398432397
49.587757844573275,0.8700232589957586,0.8853690398432397
49.59843841502743,0.8701600766178684,0.8853690398432397
49.60554682636632,0.8701600766178684,0.8856956237753103
49.61128110147001,0.8702968942399781,0.8856956237753103
49.612648928751355,0.8702968942399781,0.8860222077073808
49.616204221209955,0.8704337118620878,0.8860222077073808
49.636678424159186,0.8704337118620878,0.8863487916394513
49.645840514701035,0.8705705294841976,0.8863487916394513
49.647654863540765,0.8705705294841976,0.8866753755715219
49.66019067958359,0.8707073471063073,0.8866753755715219
49.663706098273906,0.8707073471063073,0.8870019595035924
49.68168114395269,0.870844164728417,0.8870019595035924
49.68512628602991,0.8709809823505268,0.8870019595035924
49.702341687589296,0.8711177999726365,0.8870019595035924
49.71198304108759,0.8712546175947462,0.8870019595035924
49.715330791116,0.8713914352168559,0.8870019595035924
49.72073562721846,0.8715282528389656,0.8870019595035924
49.72678049692331,0.8715282528389656,0.8873285434356629
49.747301736116015,0.8716650704610754,0.8873285434356629
49.75868529366801,0.8718018880831852,0.8873285434356629
49.760206243943,0.8719387057052949,0.8873285434356629
49.76895662732841,0.8719387057052949,0.8876551273677336
49.77040998586699,0.8720755233274046,0.8876551273677336
49.77291231287347,0.8720755233274046,0.8879817112998041
49.77384268136359,0.8722123409495143,0.8879817112998041
49.787900719526306,0.8722123409495143,0.8883082952318746
49.802599714198664,0.872349158571624,0.8883082952318746
49.8075684021029,0.872349158571624,0.8886348791639451
49.83256146092435,0.8724859761937338,0.8886348791639451
49.84798325006591,0.8726227938158435,0.8886348791639451
49.86125531955656,0.8727596114379532,0.8886348791639451
49.87232457255834,0.8728964290600629,0.8886348791639451
49.87713502903216,0.8728964290600629,0.8889614630960156
49.88514641835184,0.8730332466821726,0.8889614630960156
49.88690136882997,0.8731700643042823,0.8889614630960156
49.887620614929006,0.8733068819263922,0.8889614630960156
49.89304049222483,0.8734436995485019,0.8889614630960156
49.89869407067977,0.8735805171706116,0.8889614630960156
49.911449861343726,0.8735805171706116,0.8892880470280862
49.92665568332859,0.8737173347927213,0.8892880470280862
49.930084149300114,0.8737173347927213,0.8896146309601568
49.95391433227326,0.873854152414831,0.8896146309601568
49.963234611108305,0.8739909700369407,0.8896146309601568
49.96676940699615,0.8741277876590505,0.8896146309601568
49.989555669069546,0.8741277876590505,0.8899412148922273
49.99890958761148,0.8742646052811602,0.8899412148922273
50.013650275347004,0.8742646052811602,0.8902677988242979
50.03351410102948,0.8744014229032699,0.8902677988242979
50.04556212701891,0.8745382405253797,0.8902677988242979
50.051960390644126,0.8746750581474894,0.8902677988242979
50.06627312251476,0.8748118757695992,0.8902677988242979
50.072834540666236,0.8748118757695992,0.8905943827563684
50.07937171122285,0.8748118757695992,0.8909209666884389
50.088985628653404,0.8749486933917089,0.8909209666884389
50.110601530618055,0.8750855110138186,0.8909209666884389
50.110861981208814,0.8752223286359283,0.8909209666884389
50.11615194899741,0.8752223286359283,0.8912475506205094
50.125647329772846,0.875359146258038,0.8912475506205094
50.13449278927567,0.875359146258038,0.89157413455258
50.13522066303301,0.875359146258038,0.8919007184846506
50.139667512979486,0.8754959638801477,0.8919007184846506
50.14148207096707,0.8754959638801477,0.8922273024167211
50.143420515784214,0.8756327815022575,0.8922273024167211
50.151144610316464,0.8757695991243672,0.8922273024167211
50.16092648634492,0.875906416746477,0.8922273024167211
50.17012136708411,0.875906416746477,0.8925538863487916
50.171603805684185,0.875906416746477,0.8928804702808621
50.20537815105695,0.875906416746477,0.8932070542129327
50.22118611443091,0.8760432343685867,0.8932070542129327
50.2472931463318,0.8761800519906964,0.8932070542129327
50.25530260786081,0.8763168696128061,0.8932070542129327
50.28014477137356,0.8764536872349159,0.8932070542129327
50.2940376524233,0.8765905048570256,0.8932070542129327
50.296028954540134,0.8765905048570256,0.8935336381450033
50.308669542863754,0.8767273224791353,0.8935336381450033
50.32343552275552,0.876864140101245,0.8935336381450033
50.33054152219199,0.8770009577233547,0.8935336381450033
50.340375411201876,0.8771377753454644,0.8935336381450033
50.34264691208034,0.8772745929675743,0.8935336381450033
50.34647104801627,0.877411410589684,0.8935336381450033
50.366644348946465,0.8775482282117937,0.8935336381450033
50.38358855515946,0.8776850458339034,0.8935336381450033
50.388290572083406,0.8778218634560131,0.8935336381450033
50.39271966020749,0.8779586810781229,0.8935336381450033
50.400733163300856,0.8779586810781229,0.8938602220770738
50.41030532363209,0.8780954987002326,0.8938602220770738
50.41699737330259,0.8782323163223423,0.8938602220770738
50.419396584557944,0.878369133944452,0.8938602220770738
50.42992886110176,0.8785059515665617,0.8938602220770738
50.44374743289393,0.8786427691886715,0.8938602220770738
50.44610450901746,0.8787795868107813,0.8938602220770738
50.44697362720888,0.8787795868107813,0.8941868060091444
50.47332485695881,0.878916404432891,0.8941868060091444
50.47762761814306,0.8790532220550007,0.8941868060091444
50.47849533870772,0.8791900396771104,0.8941868060091444
50.48157901770048,0.8793268572992201,0.8941868060091444
50.49846832912215,0.8794636749213298,0.8941868060091444
50.50488583504466,0.8796004925434396,0.8941868060091444
50.51978870900973,0.8797373101655493,0.8941868060091444
50.52461744125833,0.8797373101655493,0.8945133899412149
50.52666162492949,0.879874127787659,0.8945133899412149
50.53669562283335,0.8800109454097688,0.8945133899412149
50.539867259168545,0.8801477630318785,0.8945133899412149
50.589582662067755,0.8802845806539882,0.8945133899412149
50.5953157919007,0.880421398276098,0.8945133899412149
50.60056125744677,0.880421398276098,0.8948399738732854
50.650832054667376,0.8805582158982077,0.8948399738732854
50.651421783749925,0.8806950335203174,0.8948399738732854
50.66435605346862,0.8808318511424271,0.8948399738732854
50.67108617506619,0.8809686687645368,0.8948399738732854
50.67248703872633,0.8811054863866467,0.8948399738732854
50.67397548775682,0.8812423040087564,0.8948399738732854
50.67567869134962,0.8813791216308661,0.8948399738732854
50.690302996858804,0.8815159392529758,0.8948399738732854
50.69522776361714,0.8816527568750855,0.8948399738732854
50.69804663945058,0.8817895744971952,0.8948399738732854
50.71495435736358,0.881926392119305,0.8948399738732854
50.71807241657575,0.881926392119305,0.8951665578053559
50.72115248103364,0.8820632097414147,0.8951665578053559
50.7301021361194,0.8820632097414147,0.8954931417374266
50.740344508482394,0.8820632097414147,0.8958197256694971
50.79542076474445,0.8822000273635244,0.8958197256694971
50.797637975389534,0.8822000273635244,0.8961463096015676
50.80576395990727,0.8823368449856341,0.8961463096015676
50.81549615558481,0.8824736626077438,0.8961463096015676
50.82147562761145,0.8824736626077438,0.8964728935336381
50.82155262755464,0.8826104802298536,0.8964728935336381
50.83085573941128,0.8826104802298536,0.8967994774657086
50.843599831873576,0.8827472978519634,0.8967994774657086
50.84494526637593,0.8828841154740731,0.8967994774657086
50.850537443474195,0.8830209330961828,0.8967994774657086
50.85721688284957,0.8830209330961828,0.8971260613977793
50.86772617527345,0.8830209330961828,0.8974526453298498
50.878562689427326,0.8831577507182925,0.8974526453298498
50.88021564495159,0.8831577507182925,0.8977792292619203
50.89523985301901,0.8832945683404022,0.8977792292619203
50.895428852447594,0.8834313859625119,0.8977792292619203
50.9068462321145,0.8835682035846217,0.8977792292619203
50.915283405195964,0.8837050212067314,0.8977792292619203
50.917529698518024,0.8838418388288412,0.8977792292619203
50.95043836220327,0.8838418388288412,0.8981058131939909
50.95705756849361,0.8839786564509509,0.8981058131939909
50.97003045777842,0.8841154740730606,0.8981058131939909
50.984137566175036,0.8842522916951704,0.8981058131939909
50.987740344309714,0.8843891093172801,0.8981058131939909
50.99202944458648,0.8845259269393898,0.8981058131939909
51.02386408018958,0.8846627445614995,0.8981058131939909
51.039995005904075,0.8847995621836092,0.8981058131939909
51.04091265274326,0.8847995621836092,0.8984323971260614
51.04632207288569,0.8847995621836092,0.8987589810581319
51.057647545171676,0.8849363798057189,0.8987589810581319
51.06132680735175,0.8850731974278288,0.8987589810581319
51.071640449807546,0.8852100150499385,0.8987589810581319
51.07642326358712,0.8853468326720482,0.8987589810581319
51.07759642172459,0.8853468326720482,0.8990855649902025
51.08357072329272,0.8854836502941579,0.8990855649902025
51.08563926878094,0.8856204679162676,0.8990855649902025
51.10626019770734,0.8857572855383773,0.8990855649902025
51.11938107645176,0.8858941031604871,0.8990855649902025
51.14130612927511,0.8860309207825968,0.8990855649902025
51.15913083047917,0.8860309207825968,0.8994121489222731
51.16453649648963,0.8861677384047065,0.8994121489222731
51.16526078048457,0.8863045560268162,0.8994121489222731
51.16835447177152,0.886441373648926,0.8994121489222731
51.18097077193761,0.8865781912710358,0.8994121489222731
51.1901304853277,0.8865781912710358,0.8997387328543436
51.194164304992,0.8867150088931455,0.8997387328543436
51.194812424289694,0.8868518265152552,0.8997387328543436
51.19509097856542,0.8869886441373649,0.8997387328543436
51.2087363787665,0.8869886441373649,0.9000653167864141
51.20931260170789,0.8869886441373649,0.9003919007184846
51.221847205229096,0.8871254617594746,0.9003919007184846
51.22289814406429,0.8872622793815843,0.9003919007184846
51.224070921325165,0.8873990970036941,0.9003919007184846
51.22483249979348,0.8873990970036941,0.9007184846505552
51.2299652938982,0.8875359146258038,0.9007184846505552
51.237319301118646,0.8876727322479135,0.9007184846505552
51.238039485147056,0.8878095498700233,0.9007184846505552
51.25050464930882,0.8878095498700233,0.9010450685826258
51.250822037940566,0.887946367492133,0.9010450685826258
51.28121811019071,0.8880831851142427,0.9010450685826258
51.295083584069744,0.8882200027363525,0.9010450685826258
51.301264311968225,0.8883568203584622,0.9010450685826258
51.30548488790032,0.8884936379805719,0.9010450685826258
51.34890602336816,0.8886304556026816,0.9010450685826258
51.34937187953267,0.8886304556026816,0.9013716525146963
51.35604211712052,0.8887672732247913,0.9013716525146963
51.36115086370444,0.8887672732247913,0.9016982364467668
51.40450409141579,0.888904090846901,0.9016982364467668
51.40711432896876,0.888904090846901,0.9020248203788374
51.422947202022556,0.8890409084690108,0.9020248203788374
51.424334617066165,0.8891777260911206,0.9020248203788374
51.441503299934766,0.8891777260911206,0.9023514043109079
51.44351651117847,0.8891777260911206,0.9026779882429784
51.45180794118744,0.8893145437132303,0.9026779882429784
51.46188504731356,0.88945136133534,0.9026779882429784
51.4786571603878,0.8895881789574497,0.9026779882429784
51.47937372738227,0.8897249965795595,0.9026779882429784
51.48439758612312,0.8898618142016692,0.9026779882429784
51.489426360580865,0.8899986318237789,0.9026779882429784
51.50094328774105,0.8901354494458886,0.9026779882429784
51.501835982385046,0.8902722670679983,0.9026779882429784
51.50315249695643,0.890409084690108,0.9026779882429784
51.50968382075894,0.8905459023122179,0.9026779882429784
51.51338926097833,0.8906827199343276,0.9026779882429784
51.513804638733404,0.8908195375564373,0.9026779882429784
51.51545698031612,0.890956355178547,0.9026779882429784
51.52542148309749,0.8910931728006567,0.9026779882429784
51.531432307461614,0.8910931728006567,0.903004572175049
51.574788056536704,0.8910931728006567,0.9033311561071196
51.585600799410145,0.8912299904227664,0.9033311561071196
51.59102743332073,0.8913668080448762,0.9033311561071196
51.5926984488724,0.8915036256669859,0.9033311561071196
51.618997879602944,0.8915036256669859,0.9036577400391901
51.62666393188283,0.8916404432890956,0.9036577400391901
51.63352065352001,0.8916404432890956,0.9039843239712606
51.64033028217784,0.8916404432890956,0.9043109079033311
51.67749296404918,0.8917772609112053,0.9043109079033311
51.68165365830805,0.8917772609112053,0.9046374918354017
51.68930264103312,0.8917772609112053,0.9049640757674723
51.69289268260138,0.8919140785333151,0.9049640757674723
51.6957903681016,0.8919140785333151,0.9052906596995428
51.70659359508102,0.8920508961554248,0.9052906596995428
51.71387298573768,0.8921877137775346,0.9052906596995428
51.72178195458309,0.8923245313996443,0.9052906596995428
51.726054545115744,0.8923245313996443,0.9056172436316133
51.726870117790895,0.892461349021754,0.9056172436316133
51.740092038908756,0.8925981666438637,0.9056172436316133
51.7697781722851,0.8927349842659734,0.9056172436316133
51.84191102471141,0.8928718018880832,0.9056172436316133
51.845207913701756,0.893008619510193,0.9056172436316133
51.90855274218086,0.8931454371323027,0.9056172436316133
51.909357395940106,0.8932822547544124,0.9056172436316133
51.91896695380012,0.8934190723765221,0.9056172436316133
51.98794364963953,0.8934190723765221,0.9059438275636839
52.01687069659533,0.8935558899986318,0.9059438275636839
52.02129549481276,0.8936927076207416,0.9059438275636839
52.02629536445227,0.8938295252428513,0.9059438275636839
52.046734988727735,0.893966342864961,0.9059438275636839
52.09291151054754,0.8941031604870707,0.9059438275636839
52.09514614270563,0.8941031604870707,0.9062704114957544
52.098362439227344,0.8942399781091804,0.9062704114957544
52.112034457588265,0.8943767957312901,0.9062704114957544
52.12628126096001,0.8945136133534,0.9062704114957544
52.13694205951401,0.8946504309755097,0.9062704114957544
52.1431496889835,0.8947872485976194,0.9062704114957544
52.14319570785301,0.8947872485976194,0.9065969954278249
52.14674423680708,0.8949240662197291,0.9065969954278249
52.191529251693055,0.8950608838418388,0.9065969954278249
52.20158835326322,0.8951977014639485,0.9065969954278249
52.21537679270932,0.8953345190860583,0.9065969954278249
52.23115515995005,0.8953345190860583,0.9069235793598955
52.23985514749518,0.8953345190860583,0.9072501632919661
52.256835563675054,0.895471336708168,0.9072501632919661
52.28026384316138,0.8956081543302777,0.9072501632919661
52.28756441662222,0.8956081543302777,0.9075767472240366
52.29034444093179,0.8957449719523874,0.9075767472240366
52.29121787234487,0.8958817895744972,0.9075767472240366
52.30235719445682,0.896018607196607,0.9075767472240366
52.315338860605834,0.8961554248187167,0.9075767472240366
52.32142500559644,0.8962922424408264,0.9075767472240366
52.32526419118517,0.8964290600629361,0.9075767472240366
52.350777449493535,0.8965658776850458,0.9075767472240366
52.35223737443812,0.8967026953071555,0.9075767472240366
52.36015574885539,0.8968395129292653,0.9075767472240366
52.39984713632043,0.896976330551375,0.9075767472240366
52.420353898170106,0.896976330551375,0.9079033311561071
52.42264484763757,0.8971131481734848,0.9079033311561071
52.42956681266082,0.8972499657955945,0.9079033311561071
52.43048323131154,0.8972499657955945,0.9082299150881776
52.44564147896483,0.8973867834177042,0.9082299150881776
52.475830911684056,0.8975236010398139,0.9082299150881776
52.47816573949865,0.8976604186619237,0.9082299150881776
52.489086146000886,0.8977972362840334,0.9082299150881776
52.48915134312665,0.8979340539061431,0.9082299150881776
52.49325088624914,0.8980708715282528,0.9082299150881776
52.493952805814956,0.8982076891503625,0.9082299150881776
52.52379374789439,0.8982076891503625,0.9085564990202482
52.528491864854914,0.8983445067724722,0.9085564990202482
52.5343007007649,0.8984813243945821,0.9085564990202482
52.5382965776455,0.8984813243945821,0.9088830829523188
52.60375441945405,0.8986181420166918,0.9088830829523188
52.60751876249287,0.8987549596388015,0.9088830829523188
52.61686065536992,0.8988917772609112,0.9088830829523188
52.61836429012578,0.8988917772609112,0.9092096668843893
52.63396023000246,0.8990285948830209,0.9092096668843893
52.64865990720227,0.8991654125051307,0.9092096668843893
52.664595614469704,0.8993022301272404,0.9092096668843893
52.66486718524959,0.8994390477493501,0.9092096668843893
52.66679174911212,0.8995758653714598,0.9092096668843893
52.673871393926675,0.8995758653714598,0.9095362508164598
52.67539782136191,0.8997126829935695,0.9095362508164598
52.67615740870417,0.8997126829935695,0.9098628347485304
52.7009983878761,0.8998495006156793,0.9098628347485304
52.716222400212246,0.8999863182377891,0.9098628347485304
52.717961480044096,0.9001231358598988,0.9098628347485304
52.72098578540238,0.9002599534820085,0.9098628347485304
52.72817983992309,0.9003967711041182,0.9098628347485304
52.728691936699306,0.9005335887262279,0.9098628347485304
52.75014429542625,0.9005335887262279,0.9101894186806009
52.781741233583034,0.9005335887262279,0.9105160026126714
52.80090634574776,0.9006704063483376,0.9105160026126714
52.81625947045336,0.9008072239704474,0.9105160026126714
52.81973410449643,0.9009440415925571,0.9105160026126714
52.82514585243257,0.9010808592146669,0.9105160026126714
52.82968897273554,0.9012176768367766,0.9105160026126714
52.84020769854351,0.9013544944588863,0.9105160026126714
52.84703207503651,0.901491312080996,0.9105160026126714
52.85089115472351,0.901491312080996,0.910842586544742
52.851347474823115,0.9016281297031058,0.910842586544742
52.85421663426314,0.9017649473252155,0.910842586544742
52.85936531810739,0.9017649473252155,0.9111691704768126
52.85998599959703,0.9019017649473252,0.9111691704768126
52.870673421318656,0.9020385825694349,0.9111691704768126
52.88478696270943,0.9021754001915446,0.9111691704768126
52.8854486606358,0.9021754001915446,0.9114957544088831
52.901476427019816,0.9023122178136544,0.9114957544088831
52.948960431350315,0.9023122178136544,0.9118223383409536
52.94907511534632,0.9024490354357642,0.9118223383409536
52.953401396151776,0.9024490354357642,0.9121489222730241
52.953929889132155,0.9024490354357642,0.9124755062050947
52.95467379298202,0.9025858530578739,0.9124755062050947
52.965455789443126,0.9027226706799836,0.9124755062050947
52.984366287859416,0.9028594883020933,0.9124755062050947
52.99593391505448,0.9028594883020933,0.9128020901371653
53.0222926372694,0.9028594883020933,0.9131286740692358
53.02303450461852,0.902996305924203,0.9131286740692358
53.02532891769465,0.9031331235463128,0.9131286740692358
53.02906056573988,0.9031331235463128,0.9134552580013063
53.045920169723445,0.9032699411684225,0.9134552580013063
53.06261523517901,0.9034067587905322,0.9134552580013063
53.08950658879826,0.9035435764126419,0.9134552580013063
53.10001763551759,0.9035435764126419,0.9137818419333769
53.113304454262675,0.9036803940347516,0.9137818419333769
53.13892928542725,0.9038172116568614,0.9137818419333769
53.14048366501879,0.9039540292789712,0.9137818419333769
53.16627914831679,0.9039540292789712,0.9141084258654474
53.21591986429348,0.9039540292789712,0.914435009797518
53.23220678973712,0.9039540292789712,0.9147615937295885
53.23865326606631,0.9040908469010809,0.9147615937295885
53.24729041615524,0.9042276645231906,0.9147615937295885
53.2571959503955,0.9043644821453003,0.9147615937295885
53.26186199272843,0.90450129976741,0.9147615937295885
53.26454476447498,0.9046381173895198,0.9147615937295885
53.309822436393006,0.9047749350116295,0.9147615937295885
53.3502479916167,0.9049117526337392,0.9147615937295885
53.358965363871675,0.905048570255849,0.9147615937295885
53.36174613445053,0.9051853878779587,0.9147615937295885
53.36988157612427,0.9051853878779587,0.9150881776616591
53.371359926883315,0.9053222055000684,0.9150881776616591
53.392476617082025,0.9054590231221782,0.9150881776616591
53.41066522934386,0.9054590231221782,0.9154147615937296
53.41152031466925,0.9055958407442879,0.9154147615937296
53.41229134304615,0.9055958407442879,0.9157413455258001
53.412654859545,0.9057326583663976,0.9157413455258001
53.41439838389033,0.9058694759885073,0.9157413455258001
53.446386256753726,0.906006293610617,0.9157413455258001
53.45232737671836,0.9061431112327267,0.9157413455258001
53.45828820577424,0.9062799288548365,0.9157413455258001
53.46701010835079,0.9062799288548365,0.9160679294578706
53.47357716627732,0.9064167464769463,0.9160679294578706
53.50323700752301,0.906553564099056,0.9160679294578706
53.52284890395629,0.906553564099056,0.9163945133899413
53.531061238902225,0.9066903817211657,0.9163945133899413
53.54469187684083,0.9068271993432754,0.9163945133899413
53.56449978871467,0.9068271993432754,0.9167210973220118
53.568039312085716,0.9069640169653851,0.9167210973220118
53.59875163357685,0.9071008345874949,0.9167210973220118
53.608332978632006,0.9072376522096046,0.9167210973220118
53.60856755795078,0.9073744698317143,0.9167210973220118
53.60995851651899,0.907511287453824,0.9167210973220118
53.61004874935429,0.907511287453824,0.9170476812540823
53.67406846953429,0.9076481050759337,0.9170476812540823
53.685926928669005,0.9076481050759337,0.9173742651861528
53.70448006578681,0.9077849226980436,0.9173742651861528
53.71307280883104,0.9077849226980436,0.9177008491182234
53.71887293286886,0.9079217403201533,0.9177008491182234
53.73456081101642,0.908058557942263,0.9177008491182234
53.73539016031475,0.9081953755643727,0.9177008491182234
53.74276066360051,0.9083321931864824,0.9177008491182234
53.75060838230945,0.9083321931864824,0.9180274330502939
53.7672297544276,0.9084690108085921,0.9180274330502939
53.77373237887173,0.9086058284307019,0.9180274330502939
53.78423244212888,0.9087426460528116,0.9180274330502939
53.78763113329762,0.9088794636749213,0.9180274330502939
53.78816627816457,0.909016281297031,0.9180274330502939
53.795734890897506,0.909016281297031,0.9183540169823645
53.82785298383385,0.909016281297031,0.918680600914435
53.83486880780276,0.9091530989191408,0.918680600914435
53.85740138435119,0.9091530989191408,0.9190071848465056
53.869471516422664,0.9091530989191408,0.9193337687785761
53.89662915604288,0.9092899165412505,0.9193337687785761
53.91063383906658,0.9092899165412505,0.9196603527106466
53.933786464771856,0.9094267341633603,0.9196603527106466
53.93407341758825,0.90956355178547,0.9196603527106466
53.93622495303691,0.90956355178547,0.9199869366427171
53.94136720773679,0.9097003694075797,0.9199869366427171
53.99931071632034,0.9097003694075797,0.9203135205747878
54.00993859021878,0.9098371870296894,0.9203135205747878
54.01224481165525,0.9099740046517991,0.9203135205747878
54.029373870777704,0.9101108222739088,0.9203135205747878
54.02999503819706,0.9102476398960186,0.9203135205747878
54.09048988945972,0.9103844575181284,0.9203135205747878
54.09510398430291,0.9105212751402381,0.9203135205747878
54.09850316644793,0.9106580927623478,0.9203135205747878
54.128907024244654,0.9107949103844575,0.9203135205747878
54.132814935042916,0.9107949103844575,0.9206401045068583
54.137545633553145,0.9109317280065673,0.9206401045068583
54.16895531329874,0.911068545628677,0.9206401045068583
54.19960783501733,0.9112053632507867,0.9206401045068583
54.22449264869044,0.9113421808728964,0.9206401045068583
54.25499675256833,0.9114789984950061,0.9206401045068583
54.259984685857376,0.9114789984950061,0.9209666884389288
54.2883983977199,0.9116158161171158,0.9209666884389288
54.312677099699954,0.9117526337392257,0.9209666884389288
54.34134994608587,0.9118894513613354,0.9209666884389288
54.356670661353974,0.9120262689834451,0.9209666884389288
54.401977643993746,0.9121630866055548,0.9209666884389288
54.41386247368598,0.9121630866055548,0.9212932723709993
54.42070449188884,0.9122999042276645,0.9212932723709993
54.42771358473101,0.9124367218497742,0.9212932723709993
54.43828271094776,0.912573539471884,0.9212932723709993
54.45056143466866,0.912573539471884,0.9216198563030699
54.45928981707277,0.9127103570939937,0.9216198563030699
54.466002377863674,0.9128471747161034,0.9216198563030699
54.46951093512109,0.9129839923382131,0.9216198563030699
54.47486286242713,0.9131208099603229,0.9216198563030699
54.48595603467845,0.9131208099603229,0.9219464402351404
54.487697109154965,0.9131208099603229,0.922273024167211
54.50603641182829,0.9132576275824326,0.922273024167211
54.562672306456875,0.9133944452045424,0.922273024167211
54.56294285375009,0.9135312628266521,0.922273024167211
54.564211549888114,0.9136680804487618,0.922273024167211
54.585498485871426,0.9136680804487618,0.9225996080992815
54.60989275464328,0.9138048980708715,0.9225996080992815
54.62907369972311,0.9139417156929812,0.9225996080992815
54.64988310179683,0.914078533315091,0.9225996080992815
54.66170095338555,0.9142153509372007,0.9225996080992815
54.67931782665221,0.9143521685593105,0.9225996080992815
54.69236032962408,0.9144889861814202,0.9225996080992815
54.70549192445742,0.9146258038035299,0.9225996080992815
54.712774259636376,0.9147626214256396,0.9225996080992815
54.71508672923335,0.9148994390477494,0.9225996080992815
54.72441765359008,0.9150362566698591,0.9225996080992815
54.727901299147675,0.9150362566698591,0.9229261920313521
54.788953755439934,0.9151730742919688,0.9229261920313521
54.8065248730677,0.9151730742919688,0.9232527759634226
54.81109101143136,0.9153098919140785,0.9232527759634226
54.8228993006951,0.9154467095361882,0.9232527759634226
54.83558995693147,0.9155835271582979,0.9232527759634226
54.84305649726866,0.9155835271582979,0.9235793598954931
54.85059239651355,0.9157203447804078,0.9235793598954931
54.85410881921189,0.9158571624025175,0.9235793598954931
54.880716959153915,0.9159939800246272,0.9235793598954931
54.90913966450046,0.9161307976467369,0.9235793598954931
54.91002064768725,0.9161307976467369,0.9239059438275636
54.94270954161129,0.9162676152688466,0.9239059438275636
54.959068358153786,0.9164044328909563,0.9239059438275636
54.96309010253776,0.9164044328909563,0.9242325277596343
54.97995641608088,0.9164044328909563,0.9245591116917048
54.98585168004297,0.9164044328909563,0.9248856956237753
55.01528527038511,0.9165412505130661,0.9248856956237753
55.02395031605215,0.9166780681351758,0.9248856956237753
55.03401744234429,0.9166780681351758,0.9252122795558458
55.075859576358084,0.9168148857572855,0.9252122795558458
55.07665815233122,0.9169517033793952,0.9252122795558458
55.09290370082033,0.917088521001505,0.9252122795558458
55.09364177344844,0.9172253386236148,0.9252122795558458
55.105337437941785,0.9173621562457245,0.9252122795558458
55.10577025204327,0.9174989738678342,0.9252122795558458
55.10866539222559,0.9176357914899439,0.9252122795558458
55.11948856111542,0.9176357914899439,0.9255388634879164
55.1443917229044,0.9176357914899439,0.9258654474199869
55.16543542057002,0.9177726091120536,0.9258654474199869
55.18810675225211,0.9177726091120536,0.9261920313520575
55.202068425667335,0.9179094267341633,0.9261920313520575
55.216498210217196,0.9180462443562731,0.9261920313520575
55.235513026633384,0.9181830619783828,0.9261920313520575
55.2780372467912,0.9183198796004926,0.9261920313520575
55.28732070818478,0.9184566972226023,0.9261920313520575
55.3022540672564,0.918593514844712,0.9261920313520575
55.3937464863418,0.9187303324668217,0.9261920313520575
55.39568450147942,0.9187303324668217,0.926518615284128
55.39826748684686,0.9188671500889315,0.926518615284128
55.41660211146382,0.9190039677110412,0.926518615284128
55.427898238014905,0.9191407853331509,0.926518615284128
55.43235207454484,0.9192776029552606,0.926518615284128
55.439305361007314,0.9194144205773703,0.926518615284128
55.442800912641246,0.9194144205773703,0.9268451992161986
55.462927383657416,0.9195512381994801,0.9268451992161986
55.47925257346719,0.9195512381994801,0.9271717831482691
55.490590889009354,0.9195512381994801,0.9274983670803396
55.4923071151112,0.9196880558215899,0.9274983670803396
55.50370750646391,0.9198248734436996,0.9274983670803396
55.55666515698579,0.9199616910658093,0.9274983670803396
55.56926416329247,0.920098508687919,0.9274983670803396
55.63799646987957,0.9202353263100287,0.9274983670803396
55.63927305347681,0.9203721439321385,0.9274983670803396
55.66143168916847,0.9205089615542482,0.9274983670803396
55.67163168273328,0.9206457791763579,0.9274983670803396
55.70597272312773,0.9207825967984676,0.9274983670803396
55.74602565926136,0.9209194144205773,0.9274983670803396
55.754861925837076,0.9209194144205773,0.9278249510124101
55.76533352716842,0.921056232042687,0.9278249510124101
55.77828571897646,0.9211930496647969,0.9278249510124101
55.78848530106927,0.9213298672869066,0.9278249510124101
55.7945429856851,0.9214666849090163,0.9278249510124101
55.81912649735773,0.921603502531126,0.9278249510124101
55.874323213708635,0.921603502531126,0.9281515349444808
55.907524014545174,0.921603502531126,0.9284781188765513
55.955419224376556,0.921603502531126,0.9288047028086218
55.957017249339856,0.921603502531126,0.9291312867406923
55.95948991620298,0.9217403201532357,0.9291312867406923
56.004436960055955,0.9217403201532357,0.9294578706727629
56.05844945798799,0.9218771377753454,0.9294578706727629
56.06168377934034,0.9218771377753454,0.9297844546048334
56.09409313452602,0.9218771377753454,0.930111038536904
56.10143023527712,0.9220139553974552,0.930111038536904
56.154426143292085,0.9221507730195649,0.930111038536904
56.16177434781275,0.9222875906416746,0.930111038536904
56.16567885466577,0.9224244082637844,0.930111038536904
56.18261943865912,0.9225612258858941,0.930111038536904
56.19653045264124,0.9226980435080039,0.930111038536904
56.218887400429594,0.9226980435080039,0.9304376224689745
56.231593558697455,0.9228348611301136,0.9304376224689745
56.24286820254383,0.9228348611301136,0.9307642064010451
56.26179805617619,0.9229716787522233,0.9307642064010451
56.27390620561482,0.923108496374333,0.9307642064010451
56.27542782591081,0.923108496374333,0.9310907903331156
56.288844942020546,0.9232453139964427,0.9310907903331156
56.289536733217346,0.9232453139964427,0.9314173742651861
56.29183243513023,0.9233821316185524,0.9314173742651861
56.294240663401865,0.9233821316185524,0.9317439581972567
56.314541431310204,0.9233821316185524,0.9320705421293273
56.32426746803503,0.9233821316185524,0.9323971260613978
56.32951095009685,0.9235189492406622,0.9323971260613978
56.38769427870852,0.923655766862772,0.9323971260613978
56.396745608791434,0.923655766862772,0.9327237099934683
56.404084343764225,0.923655766862772,0.9330502939255388
56.48219425218895,0.9237925844848817,0.9330502939255388
56.520642849251885,0.9237925844848817,0.9333768778576094
56.551627532026714,0.9239294021069914,0.9333768778576094
56.581277192061634,0.9240662197291011,0.9333768778576094
56.5951623547229,0.9240662197291011,0.93370346178968
56.60420068662074,0.9242030373512108,0.93370346178968
56.64190375161979,0.9243398549733206,0.93370346178968
56.64865891228942,0.9244766725954303,0.93370346178968
56.65628587121478,0.92461349021754,0.93370346178968
56.66837787943848,0.9247503078396497,0.93370346178968
56.701923906915,0.9248871254617594,0.93370346178968
56.702696631006575,0.9248871254617594,0.9340300457217505
56.73299995638524,0.9248871254617594,0.934356629653821
56.78114446653842,0.9250239430838691,0.934356629653821
56.832362949297476,0.925160760705979,0.934356629653821
56.89384371074868,0.925160760705979,0.9346832135858916
56.90395723221002,0.9252975783280887,0.9346832135858916
56.90681446695646,0.9252975783280887,0.9350097975179621
56.90779370519385,0.9254343959501984,0.9350097975179621
56.909673612309916,0.9254343959501984,0.9353363814500326
56.91386069709404,0.9254343959501984,0.9356629653821033
56.9235224399024,0.9255712135723081,0.9356629653821033
56.9386875899944,0.9257080311944178,0.9356629653821033
56.939771076133184,0.9257080311944178,0.9359895493141738
56.94842245961388,0.9258448488165276,0.9359895493141738
56.974029172465976,0.9259816664386373,0.9359895493141738
57.000229021572636,0.926118484060747,0.9359895493141738
57.01022919012996,0.9262553016828567,0.9359895493141738
57.01970755160471,0.9263921193049665,0.9359895493141738
57.031764506767445,0.9265289369270762,0.9359895493141738
57.03612791868716,0.926665754549186,0.9359895493141738
57.05399122001393,0.926665754549186,0.9363161332462443
57.076011820161966,0.9268025721712957,0.9363161332462443
57.07646296794451,0.9269393897934054,0.9363161332462443
57.08513754960768,0.9270762074155151,0.9363161332462443
57.09772112438418,0.9272130250376248,0.9363161332462443
57.10677549065167,0.9273498426597345,0.9363161332462443
57.11553789948823,0.9273498426597345,0.9366427171783148
57.12473707783079,0.9274866602818443,0.9366427171783148
57.16457129805508,0.927623477903954,0.9366427171783148
57.16787911274139,0.9277602955260638,0.9366427171783148
57.17848195135116,0.9278971131481735,0.9366427171783148
57.24935235617818,0.9278971131481735,0.9369693011103853
57.25499505528592,0.9280339307702832,0.9369693011103853
57.25800632071662,0.9280339307702832,0.9372958850424559
57.28372005222468,0.9281707483923929,0.9372958850424559
57.29336409635209,0.9281707483923929,0.9376224689745265
57.29774443105828,0.9283075660145027,0.9376224689745265
57.31221342034928,0.9284443836366124,0.9376224689745265
57.34296397809169,0.9284443836366124,0.937949052906597
57.34962694007402,0.9285812012587221,0.937949052906597
57.36498591428415,0.9287180188808318,0.937949052906597
57.39001366056277,0.9288548365029415,0.937949052906597
57.39775168654421,0.9289916541250514,0.937949052906597
57.40955780645584,0.9289916541250514,0.9382756368386675
57.417524522647795,0.9289916541250514,0.9386022207707381
57.431071349813806,0.9289916541250514,0.9389288047028086
57.432225083214234,0.9291284717471611,0.9389288047028086
57.44943457227703,0.9292652893692708,0.9389288047028086
57.46159913618044,0.9294021069913805,0.9389288047028086
57.481404458598604,0.9294021069913805,0.9392553886348791
57.53399599174668,0.9295389246134902,0.9392553886348791
57.539931297816,0.9296757422355999,0.9392553886348791
57.557349828618726,0.9298125598577097,0.9392553886348791
57.580697028183295,0.9298125598577097,0.9395819725669498
57.59838548283824,0.9298125598577097,0.9399085564990203
57.63709346554185,0.9298125598577097,0.9402351404310908
57.64112480110521,0.9298125598577097,0.9405617243631613
57.68994650576121,0.9298125598577097,0.9408883082952318
57.69274366902005,0.9299493774798194,0.9408883082952318
57.693909071890744,0.9299493774798194,0.9412148922273024
57.705350948825185,0.9299493774798194,0.941541476159373
57.70648046647227,0.9300861951019291,0.941541476159373
57.719756636824854,0.9300861951019291,0.9418680600914435
57.74726560899262,0.9300861951019291,0.942194644023514
57.77828175615116,0.9302230127240388,0.942194644023514
57.79587384962349,0.9303598303461486,0.942194644023514
57.80573025147169,0.9303598303461486,0.9425212279555846
57.828730514241215,0.9304966479682583,0.9425212279555846
57.83011158210263,0.9306334655903681,0.9425212279555846
57.836644844613716,0.9307702832124778,0.9425212279555846
57.83764559014435,0.9309071008345875,0.9425212279555846
57.83857022167331,0.9310439184566972,0.9425212279555846
57.85870564581194,0.9310439184566972,0.9428478118876551
57.86457342379697,0.9310439184566972,0.9431743958197256
57.887595032928516,0.9311807360788069,0.9431743958197256
57.88859862470383,0.9313175537009166,0.9431743958197256
57.89012310377166,0.9314543713230264,0.9431743958197256
57.89907693982161,0.9315911889451362,0.9431743958197256
57.96932700375669,0.9317280065672459,0.9431743958197256
57.98206904338076,0.9318648241893556,0.9431743958197256
57.99065376755084,0.9320016418114653,0.9431743958197256
58.001629295207636,0.9321384594335751,0.9431743958197256
58.02585072359159,0.9321384594335751,0.9435009797517963
58.04197775745831,0.9322752770556848,0.9435009797517963
58.07220904144731,0.9324120946777945,0.9435009797517963
58.087455102166814,0.9325489122999042,0.9435009797517963
58.088890842771434,0.9326857299220139,0.9435009797517963
58.11003557126389,0.9328225475441236,0.9435009797517963
58.14295356499531,0.9329593651662335,0.9435009797517963
58.1635068027465,0.9329593651662335,0.9438275636838668
58.165120299747855,0.9330961827883432,0.9438275636838668
58.19686904687558,0.9332330004104529,0.9438275636838668
58.214345063306496,0.9333698180325626,0.9438275636838668
58.224435980365456,0.9333698180325626,0.9441541476159373
58.24319836368397,0.9335066356546723,0.9441541476159373
58.24515195040442,0.933643453276782,0.9441541476159373
58.263642897702425,0.933643453276782,0.9444807315480078
58.271556889878866,0.9337802708988918,0.9444807315480078
58.277508028251646,0.9339170885210015,0.9444807315480078
58.28946461700468,0.9340539061431112,0.9444807315480078
58.2997996570283,0.9340539061431112,0.9448073154800783
58.3040450451532,0.9341907237652209,0.9448073154800783
58.305581981849286,0.9343275413873307,0.9448073154800783
58.33592231511227,0.9344643590094405,0.9448073154800783
58.41689832324573,0.9346011766315502,0.9448073154800783
58.425322976647294,0.9347379942536599,0.9448073154800783
58.42534524829489,0.9348748118757696,0.9448073154800783
58.48626541773683,0.9348748118757696,0.9451338994121489
58.54694861597409,0.9348748118757696,0.9454604833442195
58.57792376667123,0.9350116294978793,0.9454604833442195
58.586125521139934,0.935148447119989,0.9454604833442195
58.59280502626768,0.935148447119989,0.94578706727629
58.59321860933892,0.9352852647420988,0.94578706727629
58.596540821351255,0.9354220823642085,0.94578706727629
58.62421274712108,0.9355588999863182,0.94578706727629
58.63366887619452,0.935695717608428,0.94578706727629
58.6494902095302,0.935695717608428,0.9461136512083606
58.6880230560306,0.9358325352305377,0.9461136512083606
58.688799379851275,0.9359693528526474,0.9461136512083606
58.697929612904545,0.9361061704747572,0.9461136512083606
58.710742322646524,0.9361061704747572,0.9464402351404311
58.75349085992548,0.9362429880968669,0.9464402351404311
58.778947402163,0.9363798057189766,0.9464402351404311
58.78393798197851,0.9363798057189766,0.9467668190725016
58.7954554054719,0.9365166233410863,0.9467668190725016
58.81798538064447,0.9365166233410863,0.9470934030045721
58.82386029570068,0.936653440963196,0.9470934030045721
58.862454999786564,0.9367902585853057,0.9470934030045721
58.867224478009575,0.9369270762074156,0.9470934030045721
58.89741942312787,0.9370638938295253,0.9470934030045721
58.91495084183316,0.937200711451635,0.9470934030045721
58.933212244853166,0.9373375290737447,0.9470934030045721
58.94206620070031,0.9373375290737447,0.9474199869366428
58.97829910442147,0.9374743466958544,0.9474199869366428
58.981701921723925,0.9374743466958544,0.9477465708687133
58.982489061524234,0.9376111643179642,0.9477465708687133
58.987864965733365,0.9377479819400739,0.9477465708687133
58.99488285724033,0.9378847995621836,0.9477465708687133
59.013201804575374,0.9378847995621836,0.9480731548007838
59.0184890499238,0.9378847995621836,0.9483997387328543
59.03028962574251,0.9378847995621836,0.9487263226649248
59.03681688670724,0.9380216171842933,0.9487263226649248
59.03742367276618,0.938158434806403,0.9487263226649248
59.04426805336675,0.9382952524285127,0.9487263226649248
59.05278868208143,0.9382952524285127,0.9490529065969955
59.08058317176335,0.9384320700506226,0.9490529065969955
59.11718635797217,0.9385688876727323,0.9490529065969955
59.12561896624379,0.9385688876727323,0.949379490529066
59.13928849900401,0.938705705294842,0.949379490529066
59.151255796151304,0.9388425229169517,0.949379490529066
59.15630087363854,0.9389793405390614,0.949379490529066
59.178797812653784,0.9391161581611711,0.949379490529066
59.20456918540276,0.9392529757832809,0.949379490529066
59.21879226217834,0.9393897934053906,0.949379490529066
59.23621748953167,0.9395266110275003,0.949379490529066
59.24903265819535,0.9395266110275003,0.9497060744611365
59.30312673951755,0.93966342864961,0.9497060744611365
59.30998879571541,0.9398002462717198,0.9497060744611365
59.348799957407095,0.9398002462717198,0.950032658393207
59.350351156777606,0.9399370638938295,0.950032658393207
59.36179595769613,0.9399370638938295,0.9503592423252776
59.369960343965204,0.9400738815159393,0.9503592423252776
59.38985432361471,0.940210699138049,0.9503592423252776
59.39467659364789,0.940210699138049,0.9506858262573481
59.3959655564729,0.940210699138049,0.9510124101894187
59.396956358180205,0.9403475167601587,0.9510124101894187
59.40806640901917,0.9403475167601587,0.9513389941214893
59.416762674986785,0.9404843343822684,0.9513389941214893
59.42247876915303,0.9406211520043781,0.9513389941214893
59.422487563440086,0.9407579696264879,0.9513389941214893
59.44045156061168,0.9408947872485977,0.9513389941214893
59.45565100755459,0.9410316048707074,0.9513389941214893
59.4781936822103,0.9410316048707074,0.9516655780535598
59.48708935302341,0.9411684224928171,0.9516655780535598
59.49855771710622,0.9413052401149268,0.9516655780535598
59.521386841148455,0.9414420577370365,0.9516655780535598
59.52157957114537,0.9414420577370365,0.9519921619856303
59.528756244856254,0.9414420577370365,0.9523187459177008
59.5433313475412,0.9415788753591463,0.9523187459177008
59.54688326701955,0.941715692981256,0.9523187459177008
59.549334261291165,0.941715692981256,0.9526453298497713
59.56472696764774,0.9418525106033657,0.9526453298497713
59.62042633215117,0.9419893282254754,0.9526453298497713
59.64806756064843,0.9421261458475851,0.9526453298497713
59.68489015509624,0.9421261458475851,0.952971913781842
59.726915558431074,0.9422629634696948,0.952971913781842
59.75130664172855,0.9423997810918047,0.952971913781842
59.77359664202959,0.9425365987139144,0.952971913781842
59.78119938415682,0.9426734163360241,0.952971913781842
59.851459684144515,0.9428102339581338,0.952971913781842
59.85692478752321,0.9429470515802435,0.952971913781842
59.878190425591924,0.9429470515802435,0.9532984977139125
59.89788176475395,0.9430838692023532,0.9532984977139125
59.92523828563617,0.943220686824463,0.9532984977139125
59.93495500046674,0.9433575044465727,0.9532984977139125
59.94248741691979,0.9433575044465727,0.953625081645983
59.95235012020089,0.9434943220686824,0.953625081645983
59.959425147571324,0.9436311396907922,0.953625081645983
59.9631004056082,0.9436311396907922,0.9539516655780536
60.020139499907486,0.9436311396907922,0.9542782495101241
60.02060716889753,0.9437679573129019,0.9542782495101241
60.107231264249776,0.9439047749350117,0.9542782495101241
60.15504664758612,0.9440415925571214,0.9542782495101241
60.164537473842415,0.9441784101792311,0.9542782495101241
60.18709776399851,0.9443152278013408,0.9542782495101241
60.24056425571962,0.9444520454234505,0.9542782495101241
60.253432829414805,0.9445888630455602,0.9542782495101241
60.28039317682226,0.94472568066767,0.9542782495101241
60.35679426700449,0.9448624982897798,0.9542782495101241
60.443252987123174,0.9449993159118895,0.9542782495101241
60.45232898767574,0.9451361335339992,0.9542782495101241
60.470448049845686,0.9451361335339992,0.9546048334421946
60.47176485215505,0.9452729511561089,0.9546048334421946
60.49617193896222,0.9454097687782186,0.9546048334421946
60.53492161628617,0.9455465864003284,0.9546048334421946
60.55154718111396,0.9456834040224381,0.9546048334421946
60.60742365455553,0.9458202216445478,0.9546048334421946
60.608418786901666,0.9458202216445478,0.9549314173742652
60.63561436674979,0.9459570392666575,0.9549314173742652
60.644452295480505,0.9460938568887672,0.9549314173742652
60.650954255286024,0.946230674510877,0.9549314173742652
60.68830482330122,0.9463674921329868,0.9549314173742652
60.69115360323087,0.9463674921329868,0.9552580013063358
60.70667677619019,0.9465043097550965,0.9552580013063358
60.7680128427304,0.9465043097550965,0.9555845852384063
60.770398938536914,0.9465043097550965,0.9559111691704768
60.84192458410894,0.9466411273772062,0.9559111691704768
60.857395043099814,0.9466411273772062,0.9562377531025473
60.86536992604738,0.9467779449993159,0.9562377531025473
60.86888863985496,0.9469147626214256,0.9562377531025473
60.87802085369037,0.9470515802435354,0.9562377531025473
60.884099402302354,0.9471883978656451,0.9562377531025473
60.971465618155094,0.9471883978656451,0.9565643370346179
60.978459132656326,0.9471883978656451,0.9568909209666885
61.01909299542888,0.9471883978656451,0.957217504898759
61.13997629141795,0.9471883978656451,0.9575440888308295
61.21695109401412,0.9473252154877548,0.9575440888308295
61.219387388349446,0.9474620331098645,0.9575440888308295
61.23228026292736,0.9475988507319743,0.9575440888308295
61.25698624014342,0.947735668354084,0.9575440888308295
61.28374424220715,0.9478724859761938,0.9575440888308295
61.285680118673554,0.9480093035983035,0.9575440888308295
61.312689520793015,0.9481461212204132,0.9575440888308295
61.32332401263409,0.9482829388425229,0.9575440888308295
61.32774572017138,0.9484197564646326,0.9575440888308295
61.32968683397064,0.9484197564646326,0.9578706727629
61.33253524849442,0.9484197564646326,0.9581972566949706
61.337133135257545,0.9485565740867423,0.9581972566949706
61.33716197880585,0.9485565740867423,0.9585238406270411
61.34261614739569,0.9485565740867423,0.9588504245591117
61.342678137299,0.9486933917088521,0.9588504245591117
61.35611285797472,0.9488302093309618,0.9588504245591117
61.36076057313119,0.9489670269530716,0.9588504245591117
61.39418518133584,0.9491038445751813,0.9588504245591117
61.47512006309705,0.949240662197291,0.9588504245591117
61.504938555291574,0.9493774798194008,0.9588504245591117
61.51373189510309,0.9495142974415105,0.9588504245591117
61.549748566087146,0.9496511150636202,0.9588504245591117
61.57703779001565,0.9497879326857299,0.9588504245591117
61.58009183854449,0.9497879326857299,0.9591770084911823
61.62351522558765,0.9497879326857299,0.9595035924232528
61.62380912868605,0.9499247503078396,0.9595035924232528
61.63373282579073,0.9500615679299493,0.9595035924232528
61.65614465692022,0.9501983855520592,0.9595035924232528
61.65904659945329,0.9503352031741689,0.9595035924232528
61.67091048284203,0.9504720207962786,0.9595035924232528
61.70073578614017,0.9506088384183883,0.9595035924232528
61.70084605701288,0.950745656040498,0.9595035924232528
61.708659276135336,0.9508824736626077,0.9595035924232528
61.71567852447822,0.9510192912847175,0.9595035924232528
61.741073257776634,0.9511561089068272,0.9595035924232528
61.76257090343279,0.9512929265289369,0.9595035924232528
61.76371639704712,0.9514297441510466,0.9595035924232528
61.80439819989897,0.9514297441510466,0.9598301763553233
61.81470432800688,0.9514297441510466,0.9601567602873938
61.91206145570777,0.9515665617731563,0.9601567602873938
61.91365602378471,0.9517033793952661,0.9601567602873938
61.965705657582475,0.9517033793952661,0.9604833442194644
61.96699605770641,0.9518401970173759,0.9604833442194644
61.97512137272156,0.9519770146394856,0.9604833442194644
61.99074045487566,0.9519770146394856,0.960809928151535
61.996947301815,0.9521138322615953,0.960809928151535
62.00104307746017,0.9521138322615953,0.9611365120836055
62.06748177159966,0.952250649883705,0.9611365120836055
62.08046324828797,0.9523874675058147,0.9611365120836055
62.08727273801139,0.9525242851279245,0.9611365120836055
62.134629073763904,0.9526611027500342,0.9611365120836055
62.147027322646295,0.952797920372144,0.9611365120836055
62.18444615215617,0.9529347379942537,0.9611365120836055
62.20506742864427,0.9530715556163634,0.9611365120836055
62.22911159021419,0.9532083732384731,0.9611365120836055
62.25248763199079,0.9533451908605829,0.9611365120836055
62.25632417791371,0.9533451908605829,0.961463096015676
62.2567834137966,0.9534820084826926,0.961463096015676
62.28181787662709,0.9536188261048023,0.961463096015676
62.287776536463866,0.953755643726912,0.961463096015676
62.3695070417092,0.9538924613490217,0.961463096015676
62.373522255959756,0.9538924613490217,0.9617896799477466
62.40684330155045,0.9538924613490217,0.9621162638798171
62.41143029740692,0.9540292789711314,0.9621162638798171
62.4669617261502,0.9540292789711314,0.9624428478118876
62.47842798448346,0.9540292789711314,0.9627694317439582
62.54692035169194,0.9541660965932413,0.9627694317439582
62.62122241925431,0.9541660965932413,0.9630960156760288
62.62396421948108,0.954302914215351,0.9630960156760288
62.67953800424925,0.9544397318374607,0.9630960156760288
62.68523368993203,0.9544397318374607,0.9634225996080993
62.69007849765512,0.9544397318374607,0.9637491835401698
62.694425523484256,0.9545765494595704,0.9637491835401698
62.69973491576593,0.9547133670816801,0.9637491835401698
62.70896550963903,0.9548501847037898,0.9637491835401698
62.718164567309145,0.9548501847037898,0.9640757674722403
62.74548990016433,0.9549870023258996,0.9640757674722403
62.7462348050135,0.9549870023258996,0.9644023514043109
62.77589953609561,0.9549870023258996,0.9647289353363815
62.79076499096902,0.9549870023258996,0.965055519268452
62.80014755573313,0.9549870023258996,0.9653821032005225
62.82775746814502,0.9551238199480093,0.9653821032005225
62.86531014831053,0.9551238199480093,0.9657086871325931
62.888444096359876,0.955260637570119,0.9657086871325931
62.91771531298389,0.9553974551922287,0.9657086871325931
62.92257062312024,0.9555342728143384,0.9657086871325931
62.97376359181601,0.9556710904364483,0.9657086871325931
62.99124202476992,0.9556710904364483,0.9660352710646636
63.000238330301386,0.955807908058558,0.9660352710646636
63.0119274978573,0.955807908058558,0.9663618549967342
63.03209868043291,0.9559447256806677,0.9663618549967342
63.06279714765185,0.9560815433027774,0.9663618549967342
63.06576415108077,0.9562183609248871,0.9663618549967342
63.18592235715812,0.9563551785469968,0.9663618549967342
63.196654341546946,0.9564919961691066,0.9663618549967342
63.214787549106404,0.9566288137912163,0.9663618549967342
63.24798702770079,0.956765631413326,0.9663618549967342
63.308846826860645,0.9569024490354358,0.9663618549967342
63.33198795328917,0.9569024490354358,0.9666884389288047
63.41337973650991,0.9570392666575455,0.9666884389288047
63.455297392134526,0.9571760842796552,0.9666884389288047
63.480681032132566,0.957312901901765,0.9666884389288047
63.483227904928526,0.9574497195238747,0.9666884389288047
63.485891485678394,0.9574497195238747,0.9670150228608753
63.493967026090786,0.9574497195238747,0.9673416067929458
63.498329558055275,0.9575865371459844,0.9673416067929458
63.499173815639324,0.9577233547680941,0.9673416067929458
63.516070746454034,0.9578601723902038,0.9673416067929458
63.52281830114066,0.9578601723902038,0.9676681907250163
63.54180603841803,0.9579969900123135,0.9676681907250163
63.5536936336797,0.9581338076344234,0.9676681907250163
63.560350720255315,0.9582706252565331,0.9676681907250163
63.56174342668146,0.9582706252565331,0.9679947746570868
63.57766288897187,0.9584074428786428,0.9679947746570868
63.58528944871648,0.9585442605007525,0.9679947746570868
63.59187684680762,0.9586810781228622,0.9679947746570868
63.60320656613192,0.958817895744972,0.9679947746570868
63.60642243835173,0.958817895744972,0.9683213585891575
63.62436981470876,0.9589547133670817,0.9683213585891575
63.62707037448877,0.9590915309891914,0.9683213585891575
63.66392593513672,0.9590915309891914,0.968647942521228
63.72440049710394,0.9592283486113011,0.968647942521228
63.77237775646665,0.9593651662334108,0.968647942521228
63.828537307338934,0.9593651662334108,0.9689745264532985
63.84024034434947,0.9593651662334108,0.969301110385369
63.94076845212328,0.9593651662334108,0.9696276943174396
63.95589782375157,0.9595019838555205,0.9696276943174396
63.99928670674717,0.9596388014776304,0.9696276943174396
64.01496435447189,0.9597756190997401,0.9696276943174396
64.04422618258559,0.9599124367218498,0.9696276943174396
64.04618783951753,0.9600492543439595,0.9696276943174396
64.0760814405354,0.9601860719660692,0.9696276943174396
64.07787344342705,0.9601860719660692,0.9699542782495101
64.19709047653294,0.9603228895881789,0.9699542782495101
64.24379583893165,0.9604597072102887,0.9699542782495101
64.25147901839841,0.9605965248323984,0.9699542782495101
64.26777820786208,0.9607333424545081,0.9699542782495101
64.36414356850867,0.9608701600766179,0.9699542782495101
64.43482199813548,0.9608701600766179,0.9702808621815807
64.47360770505804,0.9610069776987276,0.9702808621815807
64.56453076561877,0.9611437953208373,0.9702808621815807
64.59411068076861,0.9612806129429471,0.9702808621815807
64.62920077845047,0.9614174305650568,0.9702808621815807
64.64564530610073,0.9614174305650568,0.9706074461136512
64.65361252942148,0.9615542481871665,0.9706074461136512
64.7460626784889,0.9615542481871665,0.9709340300457218
64.81314052992786,0.9616910658092762,0.9709340300457218
64.82029802597026,0.9618278834313859,0.9709340300457218
64.8445810710831,0.9619647010534957,0.9709340300457218
64.84460191379901,0.9621015186756054,0.9709340300457218
64.8614557884838,0.9622383362977152,0.9709340300457218
64.9037036561923,0.9623751539198249,0.9709340300457218
64.93420204914855,0.9625119715419346,0.9709340300457218
64.94397332117069,0.9626487891640443,0.9709340300457218
64.95590253825321,0.9627856067861541,0.9709340300457218
64.96066133881982,0.9629224244082638,0.9709340300457218
64.9627976487568,0.9630592420303735,0.9709340300457218
65.03114308159843,0.9630592420303735,0.9712606139777923
65.04130770199947,0.9631960596524832,0.9712606139777923
65.07354977566877,0.9633328772745929,0.9712606139777923
65.10784438387634,0.9634696948967026,0.9712606139777923
65.14716902023247,0.9634696948967026,0.9715871979098628
65.21800415809969,0.9636065125188125,0.9715871979098628
65.22368222302873,0.9636065125188125,0.9719137818419333
65.2587867711211,0.9636065125188125,0.972240365774004
65.26150371850088,0.9637433301409222,0.972240365774004
65.30888756839033,0.9637433301409222,0.9725669497060745
65.31781314937359,0.9638801477630319,0.9725669497060745
65.32049287672714,0.9640169653851416,0.9725669497060745
65.33669081036908,0.9641537830072513,0.9725669497060745
65.33750520074284,0.9642906006293611,0.9725669497060745
65.3408310113897,0.9642906006293611,0.972893533638145
65.34566032041175,0.9644274182514708,0.972893533638145
65.34613366219958,0.9645642358735805,0.972893533638145
65.37628604517943,0.9647010534956902,0.972893533638145
65.39296048550068,0.9647010534956902,0.9732201175702155
65.40508054288011,0.9647010534956902,0.9735467015022861
65.44520087193928,0.9648378711178,0.9735467015022861
65.45953746453768,0.9649746887399097,0.9735467015022861
65.47111626173444,0.9649746887399097,0.9738732854343566
65.47984048994203,0.9649746887399097,0.9741998693664272
65.48498466158708,0.9651115063620195,0.9741998693664272
65.51745541943126,0.9652483239841292,0.9741998693664272
65.57317517373644,0.9653851416062389,0.9741998693664272
65.59520051072207,0.9653851416062389,0.9745264532984977
65.6629023506581,0.9655219592283486,0.9745264532984977
65.70859438824334,0.9655219592283486,0.9748530372305683
65.7154952462812,0.9656587768504583,0.9748530372305683
65.76245229534538,0.965795594472568,0.9748530372305683
65.76921262130895,0.9659324120946778,0.9748530372305683
65.81606396813231,0.9659324120946778,0.9751796211626388
65.82172109177668,0.9660692297167875,0.9751796211626388
65.85714655924642,0.9662060473388973,0.9751796211626388
65.86120130110521,0.966342864961007,0.9751796211626388
65.87172419388094,0.966342864961007,0.9755062050947093
65.87958442843569,0.9664796825831167,0.9755062050947093
65.88893590353962,0.9666165002052264,0.9755062050947093
65.88904502145249,0.9667533178273362,0.9755062050947093
65.94838663144026,0.9668901354494459,0.9755062050947093
66.00908492404812,0.9670269530715556,0.9755062050947093
66.01450659051113,0.9671637706936653,0.9755062050947093
66.02299146441885,0.9671637706936653,0.9758327890267798
66.03248225881987,0.9671637706936653,0.9761593729588505
66.06337393646629,0.9671637706936653,0.976485956890921
66.07271083148078,0.9671637706936653,0.9768125408229915
66.0971486343027,0.967300588315775,0.9768125408229915
66.1118753494842,0.967300588315775,0.977139124755062
66.1214473762326,0.967300588315775,0.9774657086871326
66.12778719963899,0.9674374059378849,0.9774657086871326
66.14435483714647,0.9674374059378849,0.9777922926192031
66.17520737543703,0.9675742235599946,0.9777922926192031
66.20944237698461,0.9677110411821043,0.9777922926192031
66.2915416235818,0.967847858804214,0.9777922926192031
66.31288757592574,0.9679846764263237,0.9777922926192031
66.31385248246659,0.9681214940484334,0.9777922926192031
66.33931928992581,0.9681214940484334,0.9781188765512737
66.35723484044775,0.9682583116705432,0.9781188765512737
66.37448815249002,0.9683951292926529,0.9781188765512737
66.39201072057745,0.9685319469147626,0.9781188765512737
66.49813308372995,0.9686687645368723,0.9781188765512737
66.57206281346453,0.9686687645368723,0.9784454604833442
66.64903377233293,0.968805582158982,0.9784454604833442
66.65124823332451,0.968805582158982,0.9787720444154148
66.69554376649808,0.9689423997810918,0.9787720444154148
66.74807572486634,0.9690792174032016,0.9787720444154148
66.7496117740327,0.9692160350253113,0.9787720444154148
66.78363195067607,0.969352852647421,0.9787720444154148
66.83215268497622,0.9694896702695307,0.9787720444154148
66.84097641600601,0.9696264878916404,0.9787720444154148
66.86729217888887,0.9697633055137501,0.9787720444154148
66.88015752582544,0.9697633055137501,0.9790986283474853
66.88367650968542,0.9699001231358599,0.9790986283474853
66.90055353964533,0.9700369407579696,0.9790986283474853
66.90639650158448,0.9701737583800794,0.9790986283474853
66.90825659645759,0.9703105760021891,0.9790986283474853
66.92246662663331,0.9704473936242988,0.9790986283474853
66.9980905504001,0.9704473936242988,0.9794252122795558
67.02374305084686,0.9705842112464086,0.9794252122795558
67.03052527548141,0.9707210288685183,0.9794252122795558
67.03251625356313,0.970857846490628,0.9794252122795558
67.08634105715123,0.9709946641127377,0.9794252122795558
67.1086259035335,0.9711314817348474,0.9794252122795558
67.11156995848705,0.9712682993569571,0.9794252122795558
67.18581725725153,0.9712682993569571,0.9797517962116263
67.18851044801204,0.971405116979067,0.9797517962116263
67.19803709630378,0.9715419346011767,0.9797517962116263
67.21331760905207,0.9716787522232864,0.9797517962116263
67.2162151680269,0.9716787522232864,0.980078380143697
67.22361123776773,0.9718155698453961,0.980078380143697
67.28130536766866,0.9718155698453961,0.9804049640757675
67.36981181316173,0.9719523874675058,0.9804049640757675
67.37059869207644,0.9719523874675058,0.980731548007838
67.38869827060455,0.9720892050896155,0.980731548007838
67.41285335791304,0.9722260227117253,0.980731548007838
67.42364933968452,0.972362840333835,0.980731548007838
67.42507066182839,0.9724996579559447,0.980731548007838
67.42591644792947,0.9726364755780544,0.980731548007838
67.44754973069735,0.9726364755780544,0.9810581319399085
67.52063437592119,0.9727732932001641,0.9810581319399085
67.5361957379398,0.9729101108222739,0.9810581319399085
67.59783938966018,0.9730469284443837,0.9810581319399085
67.64843427252936,0.9731837460664934,0.9810581319399085
67.65252806190244,0.9731837460664934,0.9813847158719791
67.67577202474763,0.9733205636886031,0.9813847158719791
67.71757066483792,0.9734573813107128,0.9813847158719791
67.74589071613082,0.9735941989328225,0.9813847158719791
67.74875494856587,0.9737310165549323,0.9813847158719791
67.75616090646838,0.973867834177042,0.9813847158719791
67.76746460641289,0.9740046517991517,0.9813847158719791
67.84915512984765,0.9741414694212615,0.9813847158719791
67.92503510761833,0.9742782870433712,0.9813847158719791
67.93779370426898,0.9742782870433712,0.9817112998040496
67.94218337013183,0.9742782870433712,0.9820378837361202
67.94450841623029,0.9744151046654809,0.9820378837361202
67.97140573493834,0.9745519222875907,0.9820378837361202
67.97244937131518,0.9745519222875907,0.9823644676681907
68.00413130046036,0.9746887399097004,0.9823644676681907
68.04285457592869,0.9748255575318101,0.9823644676681907
68.07542200623755,0.9749623751539198,0.9823644676681907
68.09329723559256,0.9750991927760295,0.9823644676681907
68.12778735045606,0.9752360103981392,0.9823644676681907
68.14592359380288,0.975372828020249,0.9823644676681907
68.1942258876702,0.9755096456423588,0.9823644676681907
68.22697126652906,0.9756464632644685,0.9823644676681907
68.23896058117907,0.9756464632644685,0.9826910516002613
68.29253205494388,0.9757832808865782,0.9826910516002613
68.3228675615843,0.9759200985086879,0.9826910516002613
68.3722810622395,0.9760569161307976,0.9826910516002613
68.40819409399876,0.9761937337529074,0.9826910516002613
68.45302395521105,0.9763305513750171,0.9826910516002613
68.55120201392833,0.9764673689971268,0.9826910516002613
68.57353743492922,0.9766041866192365,0.9826910516002613
68.578036583683,0.9767410042413462,0.9826910516002613
68.59430991336512,0.9767410042413462,0.9830176355323318
68.59728155829862,0.9768778218634561,0.9830176355323318
68.60414066172723,0.9770146394855658,0.9830176355323318
68.60426365390526,0.9771514571076755,0.9830176355323318
68.63159532737359,0.9771514571076755,0.9833442194644023
68.7068237276277,0.9772882747297852,0.9833442194644023
68.70788244501716,0.9774250923518949,0.9833442194644023
68.73832253000398,0.9774250923518949,0.983670803396473
68.76353242929565,0.9774250923518949,0.9839973873285435
68.7669584985465,0.9775619099740046,0.9839973873285435
68.84036691783399,0.9776987275961144,0.9839973873285435
68.87307806835611,0.9778355452182241,0.9839973873285435
68.91260396936343,0.9779723628403338,0.9839973873285435
68.95205561917567,0.9781091804624436,0.9839973873285435
69.00355389749382,0.9782459980845533,0.9839973873285435
69.0100072242634,0.9782459980845533,0.984323971260614
69.08994890691372,0.978382815706663,0.984323971260614
69.10420653939707,0.9785196333287728,0.984323971260614
69.11552699411357,0.9786564509508825,0.984323971260614
69.12985667996827,0.9787932685729922,0.984323971260614
69.15217564489717,0.9789300861951019,0.984323971260614
69.19315788284405,0.9790669038172116,0.984323971260614
69.2323617036077,0.9790669038172116,0.9846505551926845
69.244784801003,0.9792037214393214,0.9846505551926845
69.25676090672846,0.9793405390614311,0.9846505551926845
69.2649759270164,0.9793405390614311,0.984977139124755
69.28905884534913,0.9793405390614311,0.9853037230568256
69.30714748968683,0.9793405390614311,0.9856303069888962
69.31393429705463,0.9794773566835409,0.9856303069888962
69.31403232318735,0.9796141743056506,0.9856303069888962
69.32781857246937,0.9797509919277603,0.9856303069888962
69.40917038623218,0.97988780954987,0.9856303069888962
69.50805063527832,0.9800246271719798,0.9856303069888962
69.60487856882457,0.9801614447940895,0.9856303069888962
69.61049089431333,0.9802982624161992,0.9856303069888962
69.63550793799254,0.9804350800383089,0.9856303069888962
69.63839040190999,0.9805718976604186,0.9856303069888962
69.64806558754117,0.9805718976604186,0.9859568909209667
69.69979000718536,0.9807087152825283,0.9859568909209667
69.71089969341551,0.9808455329046382,0.9859568909209667
69.7170647086823,0.9808455329046382,0.9862834748530372
69.71770383842897,0.9809823505267479,0.9862834748530372
69.76517656372584,0.9811191681488576,0.9862834748530372
69.81985623745197,0.9812559857709673,0.9862834748530372
69.86490539021952,0.981392803393077,0.9862834748530372
69.86929208045512,0.9815296210151867,0.9862834748530372
69.87892676710453,0.9816664386372965,0.9862834748530372
69.8789337750693,0.9816664386372965,0.9866100587851078
69.91786339165992,0.9818032562594062,0.9866100587851078
69.94941135662987,0.9818032562594062,0.9869366427171783
69.97749898616848,0.9818032562594062,0.9872632266492488
69.99426023152489,0.9819400738815159,0.9872632266492488
70.02013871680992,0.9820768915036256,0.9872632266492488
70.02049699478403,0.9822137091257354,0.9872632266492488
70.05527256260109,0.9822137091257354,0.9875898105813194
70.08423095661419,0.9822137091257354,0.98791639451339
70.16080681870756,0.9823505267478452,0.98791639451339
70.17012617447631,0.9824873443699549,0.98791639451339
70.21979347792251,0.9824873443699549,0.9882429784454605
70.226794690298,0.9826241619920646,0.9882429784454605
70.29752383410494,0.9827609796141743,0.9882429784454605
70.34764561419581,0.982897797236284,0.9882429784454605
70.40954633420995,0.9830346148583937,0.9882429784454605
70.41561895955886,0.9830346148583937,0.988569562377531
70.43988485724844,0.9830346148583937,0.9888961463096015
70.46481012177424,0.9831714324805035,0.9888961463096015
70.48973375067271,0.9833082501026132,0.9888961463096015
70.54285746261485,0.983445067724723,0.9888961463096015
70.578714398236,0.9835818853468327,0.9888961463096015
70.59071519107204,0.9837187029689424,0.9888961463096015
70.60093389676831,0.9837187029689424,0.9892227302416721
70.61228127703873,0.9838555205910521,0.9892227302416721
70.6405142357894,0.9839923382131619,0.9892227302416721
70.65305718567367,0.9841291558352716,0.9892227302416721
70.67777113634952,0.9841291558352716,0.9895493141737427
70.68418513346694,0.9842659734573813,0.9895493141737427
70.6866470287215,0.984402791079491,0.9895493141737427
70.71107721122189,0.984402791079491,0.9898758981058132
70.73536835772722,0.9845396087016007,0.9898758981058132
70.7417875356823,0.9845396087016007,0.9902024820378837
70.76308606080579,0.9845396087016007,0.9905290659699543
70.78587046303926,0.9846764263237104,0.9905290659699543
70.79967452196786,0.9846764263237104,0.9908556499020248
70.84417157812322,0.9848132439458203,0.9908556499020248
70.92426712977215,0.98495006156793,0.9908556499020248
71.06888866593795,0.9850868791900397,0.9908556499020248
71.0988266541832,0.9852236968121494,0.9908556499020248
71.34825544173577,0.9853605144342591,0.9908556499020248
71.37618124637038,0.9854973320563689,0.9908556499020248
71.41741517843707,0.9856341496784786,0.9908556499020248
71.4221683211955,0.9857709673005883,0.9908556499020248
71.43011525549537,0.9857709673005883,0.9911822338340953
71.43586560596032,0.985907784922698,0.9911822338340953
71.4467205912531,0.9860446025448077,0.9911822338340953
71.46987322396444,0.9861814201669175,0.9911822338340953
71.47993736416049,0.9863182377890273,0.9911822338340953
71.51325106346644,0.986455055411137,0.9911822338340953
71.55624822692516,0.9865918730332467,0.9911822338340953
71.55627503472306,0.9867286906553564,0.9911822338340953
71.56857356409046,0.9868655082774661,0.9911822338340953
71.58153586590822,0.9870023258995758,0.9911822338340953
71.5991603650308,0.9871391435216856,0.9911822338340953
71.64334847771124,0.9872759611437953,0.9911822338340953
71.66040698486756,0.987412778765905,0.9911822338340953
71.73408021237776,0.9875495963880148,0.9911822338340953
71.76615026439686,0.9876864140101245,0.9911822338340953
71.77138768485065,0.9876864140101245,0.991508817766166
71.78753863331076,0.9876864140101245,0.9918354016982365
71.81926266212645,0.9876864140101245,0.992161985630307
71.87537598853896,0.9876864140101245,0.9924885695623775
71.89485016381502,0.9878232316322342,0.9924885695623775
71.90946771818074,0.987960049254344,0.9924885695623775
71.97173507806929,0.9880968668764537,0.9924885695623775
72.09920793452886,0.9882336844985634,0.9924885695623775
72.27764193777455,0.9882336844985634,0.992815153494448
72.33697769593687,0.9883705021206731,0.992815153494448
72.34831045058024,0.9885073197427828,0.992815153494448
72.36191668319952,0.9886441373648927,0.992815153494448
72.4097675227033,0.9887809549870024,0.992815153494448
72.42585821371881,0.9889177726091121,0.992815153494448
72.42847517649409,0.9890545902312218,0.992815153494448
72.4486012039747,0.9891914078533315,0.992815153494448
72.55466947400919,0.9893282254754412,0.992815153494448
72.65694142003963,0.989465043097551,0.992815153494448
72.66637989392154,0.989465043097551,0.9931417374265186
72.71679912989703,0.989465043097551,0.9934683213585892
72.724021554145,0.989465043097551,0.9937949052906597
72.82132441643068,0.989465043097551,0.9941214892227302
72.84758027551743,0.9896018607196607,0.9941214892227302
73.0842459437373,0.9897386783417704,0.9941214892227302
73.11692234136967,0.9898754959638801,0.9941214892227302
73.13640642016617,0.9900123135859898,0.9941214892227302
73.22384477936112,0.9901491312080996,0.9941214892227302
73.23387381286466,0.9902859488302094,0.9941214892227302
73.44056448224444,0.9904227664523191,0.9941214892227302
73.51763139205491,0.9905595840744288,0.9941214892227302
73.52930826168608,0.9906964016965385,0.9941214892227302
73.61044386255196,0.9908332193186482,0.9941214892227302
73.64386782779411,0.9909700369407579,0.9941214892227302
73.71758100678619,0.9911068545628677,0.9941214892227302
73.74635627514772,0.9912436721849774,0.9941214892227302
73.75719905158064,0.9912436721849774,0.9944480731548008
73.75853523293631,0.9913804898070872,0.9944480731548008
73.77344857810942,0.9913804898070872,0.9947746570868713
74.03656909178221,0.9915173074291969,0.9947746570868713
74.22420615913245,0.9916541250513066,0.9947746570868713
74.28561360016465,0.9917909426734164,0.9947746570868713
74.3422840950077,0.9919277602955261,0.9947746570868713
74.36774897040266,0.9920645779176358,0.9947746570868713
74.41673874193737,0.9922013955397455,0.9947746570868713
74.43564891509311,0.9923382131618552,0.9947746570868713
74.5196314908037,0.9924750307839649,0.9947746570868713
74.75516176731298,0.9926118484060747,0.9947746570868713
74.90331687710488,0.9927486660281845,0.9947746570868713
74.93453397662643,0.9928854836502942,0.9947746570868713
74.97017942906359,0.9930223012724039,0.9947746570868713
74.9707760662343,0.9931591188945136,0.9947746570868713
75.01600073126076,0.9932959365166233,0.9947746570868713
75.01900857060139,0.9934327541387331,0.9947746570868713
75.04439848593381,0.9934327541387331,0.9951012410189418
75.10353025591871,0.9934327541387331,0.9954278249510125
75.22384415025181,0.9935695717608428,0.9954278249510125
75.25947212354652,0.9937063893829525,0.9954278249510125
75.25949062616655,0.9938432070050622,0.9954278249510125
75.28394732378717,0.9939800246271719,0.9954278249510125
75.44333323315402,0.9941168422492818,0.9954278249510125
75.76891148979996,0.9941168422492818,0.995754408883083
75.79883899387892,0.9942536598713915,0.995754408883083
75.85759713313666,0.9942536598713915,0.9960809928151535
75.96623764323203,0.9943904774935012,0.9960809928151535
75.9803716900982,0.9945272951156109,0.9960809928151535
75.98983717347153,0.9946641127377206,0.9960809928151535
76.27027023451194,0.9946641127377206,0.996407576747224
76.33724867194996,0.9946641127377206,0.9967341606792945
76.62804970303455,0.9948009303598303,0.9967341606792945
76.8001822190937,0.9949377479819401,0.9967341606792945
76.97077359628724,0.9950745656040498,0.9967341606792945
77.01807928826133,0.9950745656040498,0.9970607446113651
77.0492585995388,0.9952113832261595,0.9970607446113651
77.1251386144221,0.9953482008482692,0.9970607446113651
77.21979141707675,0.995485018470379,0.9970607446113651
77.4136539471773,0.995485018470379,0.9973873285434357
77.54429668559624,0.9956218360924887,0.9973873285434357
77.67446345657538,0.9957586537145985,0.9973873285434357
77.92180502967187,0.9958954713367082,0.9973873285434357
78.08243046699522,0.9960322889588179,0.9973873285434357
78.24111675615711,0.9961691065809276,0.9973873285434357
78.2764483790719,0.9963059242030373,0.9973873285434357
78.28495395321181,0.996442741825147,0.9973873285434357
78.34568734128618,0.9965795594472568,0.9973873285434357
78.36996400236228,0.9967163770693666,0.9973873285434357
78.38317105793294,0.9968531946914763,0.9973873285434357
78.38371660245798,0.996990012313586,0.9973873285434357
78.41221072875271,0.9971268299356957,0.9973873285434357
78.58321621652158,0.9972636475578055,0.9973873285434357
78.67558518064857,0.9974004651799152,0.9973873285434357
78.71600433892593,0.9975372828020249,0.9973873285434357
78.90039627094848,0.9976741004241346,0.9973873285434357
79.02662542093174,0.9978109180462443,0.9973873285434357
79.18555842168212,0.997947735668354,0.9973873285434357
79.53569786159267,0.9980845532904639,0.9973873285434357
79.5444689436905,0.9982213709125736,0.9973873285434357
79.6474954513202,0.9983581885346833,0.9973873285434357
80.3909257489596,0.9983581885346833,0.9977139124755062
81.36441516579237,0.9983581885346833,0.9980404964075767
81.56958736121248,0.998495006156793,0.9980404964075767
81.63672447885824,0.998495006156793,0.9983670803396473
81.84487721730909,0.9986318237789027,0.9983670803396473
81.8489269988687,0.9987686414010124,0.9983670803396473
81.86758696493905,0.9987686414010124,0.9986936642717178
82.22719856239382,0.9987686414010124,0.9990202482037883
82.4803451539891,0.9987686414010124,0.999346832135859
82.60314608608132,0.9989054590231222,0.999346832135859
82.63028347792465,0.9990422766452319,0.999346832135859
82.71097982353592,0.9990422766452319,0.9996734160679295
82.74225746015827,0.9991790942673416,0.9996734160679295
82.77780483167703,0.9993159118894513,0.9996734160679295
82.96452977469494,0.9993159118894513,1.0
83.6413078918996,0.999452729511561,1.0
83.82972510945456,0.9995895471336708,1.0
84.17353877166806,0.9997263647557806,1.0
84.23025752664489,0.9998631823778903,1.0
