threshold,tp,fp,fn,tn,tpr,fpr,precision,recall,f1
0.6806262498501503,1,0,4412,2466,2.2660321776569228e-4,0.0,1.0,2.2660321776569228e-4,4.531037607612143e-4
0.6785478282436781,3,0,4410,2466,6.798096532970768e-4,0.0,1.0,6.798096532970768e-4,0.0013586956521739128
0.6731735869963859,4,0,4409,2466,9.064128710627691e-4,0.0,1.0,9.064128710627691e-4,0.0018111840615802582
0.6723505670903973,5,0,4408,2466,0.0011330160888284614,0.0,1.0,0.0011330160888284614,0.0022634676324128564
0.6719394345474048,7,0,4406,2466,0.0015862225243598459,0.0,1.0,0.0015862225243598459,0.0031674208144796376
0.6702974168540199,8,0,4405,2466,0.0018128257421255382,0.0,1.0,0.0018128257421255382,0.003619090703460756
0.6690685373873624,9,0,4404,2466,0.0020394289598912306,0.0,1.0,0.0020394289598912306,0.004070556309362279
0.668250536302089,10,0,4403,2466,0.002266032177656923,0.0,1.0,0.002266032177656923,0.0045218177707438394
0.667841910867987,11,0,4402,2466,0.002492635395422615,0.0,1.0,0.002492635395422615,0.004972875226039783
0.6674335353023645,12,0,4401,2466,0.002719238613188307,0.0,1.0,0.002719238613188307,0.005423728813559322
0.6662099062889317,14,0,4399,2466,0.0031724450487196918,0.0,1.0,0.0031724450487196918,0.006324824937881184
0.6653954001570304,16,0,4397,2466,0.0036256514842510764,0.0,1.0,0.0036256514842510764,0.0072251072476857085
0.6649885205969432,17,0,4396,2466,0.0038522547020167688,0.0,1.0,0.0038522547020167688,0.007674943566591422
0.6645818898377591,18,0,4395,2466,0.004078857919782461,0.0,1.0,0.004078857919782461,0.008124576844955994
0.6641755077273399,19,0,4394,2466,0.004305461137548153,0.0,1.0,0.004305461137548153,0.008574007220216607
0.6633634888447087,20,0,4393,2466,0.004532064355313846,0.0,1.0,0.004532064355313846,0.009023234829686443
0.6629578517686855,22,0,4391,2466,0.00498527079084523,0.0,1.0,0.00498527079084523,0.00992108229988726
0.6625524627338044,23,0,4390,2466,0.005211874008610922,0.0,1.0,0.005211874008610922,0.010369702434625788
0.662147321588392,25,0,4388,2466,0.0056650804441423066,0.0,1.0,0.0056650804441423066,0.011266336187471833
0.6613377823597426,27,0,4386,2466,0.006118286879673691,0.0,1.0,0.006118286879673691,0.012162162162162163
0.660933383973622,30,0,4383,2466,0.006798096532970768,0.0,1.0,0.006798096532970768,0.01350438892640108
0.6601253289012747,32,0,4381,2466,0.007251302968502153,0.0,1.0,0.007251302968502153,0.014398200224971878
0.6589150982757195,33,0,4380,2466,0.007477906186267845,0.0,1.0,0.007477906186267845,0.01484480431848853
0.6585121813255003,34,0,4379,2466,0.0077045094040335375,0.0,1.0,0.0077045094040335375,0.015291207555655498
0.658109510753106,36,0,4377,2466,0.008157715839564922,0.0,1.0,0.008157715839564922,0.016183412002697236
0.6573049081392588,37,0,4376,2466,0.008384319057330614,0.0,1.0,0.008384319057330614,0.016629213483146065
0.6569029757967694,38,0,4375,2466,0.008610922275096307,0.0,1.0,0.008610922275096307,0.01707481464839362
0.6560998482887574,39,0,4374,2466,0.008837525492861998,0.0,1.0,0.008837525492861998,0.017520215633423177
0.6552977026819058,42,0,4371,2466,0.009517335146159076,0.0,1.0,0.009517335146159076,0.018855218855218858
0.6548969977162111,45,0,4368,2466,0.010197144799456152,0.0,1.0,0.010197144799456152,0.020188425302826378
0.6544965377757452,47,0,4366,2466,0.010650351234987537,0.0,1.0,0.010650351234987537,0.021076233183856503
0.6540963227106789,50,0,4363,2466,0.011330160888284613,0.0,1.0,0.011330160888284613,0.02240645305848084
0.6536963523712741,54,0,4359,2466,0.012236573759347382,0.0,1.0,0.012236573759347382,0.024177300201477504
0.6532966266078849,57,0,4356,2466,0.01291638341264446,0.0,1.0,0.01291638341264446,0.02550335570469799
0.6528971452709568,59,0,4354,2466,0.013369589848175845,0.0,1.0,0.013369589848175845,0.02638640429338104
0.6524979082110262,60,0,4353,2466,0.013596193065941536,0.0,1.0,0.013596193065941536,0.026827632461435276
0.6520989152787215,61,0,4352,2466,0.013822796283707228,0.0,1.0,0.013822796283707228,0.027268663388466695
0.6517001663247624,64,0,4349,2466,0.014502605937004306,0.0,1.0,0.014502605937004306,0.0285905740451195
0.6513016611999592,65,0,4348,2466,0.014729209154769997,0.0,1.0,0.014729209154769997,0.029030817329164807
0.6505053818415212,68,0,4345,2466,0.015409018808067075,0.0,1.0,0.015409018808067075,0.030350368221379157
0.6501076073099636,69,0,4344,2466,0.01563562202583277,0.0,1.0,0.01563562202583277,0.030789825970548867
0.6497100760117173,72,0,4341,2466,0.016315431679129844,0.0,1.0,0.016315431679129844,0.03210702341137124
0.6493127877980485,77,0,4336,2466,0.017448447767958303,0.0,1.0,0.017448447767958303,0.03429844097995545
0.6489157425203145,79,0,4334,2466,0.01790165420348969,0.0,1.0,0.01790165420348969,0.035173642030276044
0.6485189400299637,82,0,4331,2466,0.018581463856786766,0.0,1.0,0.018581463856786766,0.03648498331479422
0.6481223801785351,87,0,4326,2466,0.01971447994561523,0.0,1.0,0.01971447994561523,0.03866666666666667
0.6477260628176584,88,0,4325,2466,0.01994108316338092,0.0,1.0,0.01994108316338092,0.039102421684070215
0.6473299877990544,90,0,4323,2466,0.020394289598912305,0.0,1.0,0.020394289598912305,0.03997335109926716
0.6469341549745342,91,0,4322,2466,0.020620892816677998,0.0,1.0,0.020620892816677998,0.04040852575488455
0.6465385641959998,93,0,4320,2466,0.02107409925220938,0.0,1.0,0.02107409925220938,0.041278295605858856
0.6461432153154434,94,0,4319,2466,0.021300702469975074,0.0,1.0,0.021300702469975074,0.04171289105835367
0.645748108184948,96,0,4317,2466,0.021753908905506457,0.0,1.0,0.021753908905506457,0.042581503659347965
0.6453532426566871,99,0,4314,2466,0.022433718558803536,0.0,1.0,0.022433718558803536,0.04388297872340426
0.6445642358160139,101,0,4312,2466,0.02288692499433492,0.0,1.0,0.02288692499433492,0.044749667700487376
0.6441700942084,108,0,4305,2466,0.024473147518694765,0.0,1.0,0.024473147518694765,0.0477770404777704
0.6437761936126175,115,0,4298,2466,0.02605937004305461,0.0,1.0,0.02605937004305461,0.05079505300353356
0.6433825338812911,119,0,4294,2466,0.02696578291411738,0.0,1.0,0.02696578291411738,0.05251544571932921
0.6429891148671356,126,0,4287,2466,0.028552005438477225,0.0,1.0,0.028552005438477225,0.05551883674818242
0.6425959364229561,129,0,4284,2466,0.029231815091774305,0.0,1.0,0.029231815091774305,0.05680317040951123
0.6422029984016474,133,0,4280,2466,0.03013822796283707,0.0,1.0,0.03013822796283707,0.05851297844258689
0.6418103006561947,135,0,4278,2466,0.030591434398368457,0.0,1.0,0.030591434398368457,0.05936675461741425
0.6414178430396726,140,0,4273,2466,0.031724450487196916,0.0,1.0,0.031724450487196916,0.061497913463650335
0.6410256254052459,146,0,4267,2466,0.033084069793791075,0.0,1.0,0.033084069793791075,0.06404913358192586
0.6406336476061689,148,0,4265,2466,0.033537276229322455,0.0,1.0,0.033537276229322455,0.0648980486735365
0.640241909495786,151,0,4262,2466,0.034217085882619534,0.0,1.0,0.034217085882619534,0.06617002629272567
0.6398504109275309,154,0,4259,2466,0.03489689553591661,0.0,1.0,0.03489689553591661,0.06744033282242172
0.6394591517549272,156,0,4257,2466,0.03535010197144799,0.0,1.0,0.03535010197144799,0.06828627708470125
0.6390681318315878,157,0,4256,2466,0.035576705189213687,0.0,1.0,0.035576705189213687,0.0687089715536105
0.6386773510112155,159,1,4254,2465,0.03602991162474507,4.0551500405515005e-4,0.99375,0.03602991162474507,0.06953859610758802
0.6382868091476022,160,1,4253,2465,0.036256514842510766,4.0551500405515005e-4,0.9937888198757764,0.036256514842510766,0.069960647135986
0.6380265805867872,161,1,4252,2465,0.03648311806027646,4.0551500405515005e-4,0.9938271604938271,0.03648311806027646,0.07038251366120218
0.6378965060946292,166,1,4247,2465,0.03761613414910492,4.0551500405515005e-4,0.9940119760479041,0.03761613414910492,0.07248908296943232
0.6375064417062676,168,1,4245,2465,0.038069340584636305,4.0551500405515005e-4,0.9940828402366864,0.038069340584636305,0.07333042339589699
0.6371166158365772,176,1,4237,2465,0.03988216632676184,4.0551500405515005e-4,0.9943502824858758,0.03988216632676184,0.07668845315904141
0.6367270283397075,179,1,4234,2465,0.040561975980058916,4.0551500405515005e-4,0.9944444444444445,0.040561975980058916,0.07794469845416939
0.636337679069897,181,1,4232,2465,0.0410151824155903,4.0551500405515005e-4,0.9945054945054945,0.0410151824155903,0.07878128400435257
0.6359575279346674,182,1,4231,2465,0.041241785633355996,4.0551500405515005e-4,0.994535519125683,0.041241785633355996,0.07919930374238468
0.6359485678814731,187,1,4226,2465,0.042374801722184455,4.0551500405515005e-4,0.9946808510638298,0.042374801722184455,0.08128667680938925
0.6355596946288529,188,1,4225,2465,0.04260140493995015,4.0551500405515005e-4,0.9947089947089947,0.04260140493995015,0.08170360712733594
0.6351710591665417,193,1,4220,2465,0.04373442102877861,4.0551500405515005e-4,0.9948453608247423,0.04373442102877861,0.0837855437377903
0.6347826613491345,195,1,4218,2465,0.04418762746430999,4.0551500405515005e-4,0.9948979591836735,0.04418762746430999,0.08461705359080061
0.6343945010313149,198,1,4215,2465,0.04486743711760707,4.0551500405515005e-4,0.9949748743718593,0.04486743711760707,0.08586296617519515
0.6340065780678553,203,1,4210,2465,0.04600045320643553,4.0551500405515005e-4,0.9950980392156863,0.04600045320643553,0.08793588910547974
0.633618892313617,206,1,4207,2465,0.04668026285973261,4.0551500405515005e-4,0.9951690821256038,0.04668026285973261,0.08917748917748917
0.6332314436235499,210,1,4203,2465,0.04758667573079538,4.0551500405515005e-4,0.995260663507109,0.04758667573079538,0.09083044982698962
0.6328442318526929,216,1,4197,2465,0.04894629503738953,4.0551500405515005e-4,0.9953917050691244,0.04894629503738953,0.09330453563714904
0.6324572568561734,219,1,4194,2465,0.04962610469068661,4.0551500405515005e-4,0.9954545454545455,0.04962610469068661,0.09453917548025038
0.6320705184892071,220,1,4193,2465,0.0498527079084523,4.0551500405515005e-4,0.995475113122172,0.0498527079084523,0.09495036685369011
0.6320152894593292,221,1,4192,2465,0.050079311126217996,4.0551500405515005e-4,0.9954954954954955,0.050079311126217996,0.095361380798274
0.6316840166070988,223,1,4190,2465,0.050532517561749375,4.0551500405515005e-4,0.9955357142857143,0.050532517561749375,0.09618287686003882
0.6312977510652412,226,1,4187,2465,0.051212327215046455,4.0551500405515005e-4,0.9955947136563876,0.051212327215046455,0.09741379310344828
0.6312425895582011,227,1,4186,2465,0.05143893043281215,4.0551500405515005e-4,0.9956140350877193,0.05143893043281215,0.09782374488256841
0.6309117217191158,229,1,4184,2465,0.05189213686834353,4.0551500405515005e-4,0.9956521739130435,0.05189213686834353,0.09864311867327158
0.6305259284242924,229,2,4184,2464,0.05189213686834353,8.110300081103001e-4,0.9913419913419913,0.05189213686834353,0.09862187769164513
0.630301771285788,230,2,4183,2464,0.05211874008610922,8.110300081103001e-4,0.9913793103448276,0.05211874008610922,0.09903121636167922
0.6301403710364292,233,2,4180,2464,0.0527985497394063,8.110300081103001e-4,0.9914893617021276,0.0527985497394063,0.10025817555938037
0.6298834637660359,234,2,4179,2464,0.05302515295717199,8.110300081103001e-4,0.9915254237288136,0.05302515295717199,0.10066681006668102
0.6297550494112722,236,2,4177,2464,0.05347835939270338,8.110300081103001e-4,0.9915966386554622,0.05347835939270338,0.10148355192431738
0.6293699634046562,238,2,4175,2464,0.05393156582823476,8.110300081103001e-4,0.9916666666666667,0.05393156582823476,0.10229959166129379
0.6289851128725039,241,2,4172,2464,0.05461137548153184,8.110300081103001e-4,0.9917695473251029,0.05461137548153184,0.10352233676975944
0.6289301534390618,242,2,4171,2464,0.05483797869929753,8.110300081103001e-4,0.9918032786885246,0.05483797869929753,0.10392956839166846
0.6282161176557215,244,2,4169,2464,0.05529118513482891,8.110300081103001e-4,0.991869918699187,0.05529118513482891,0.1047435071903842
0.6281612254155094,245,2,4168,2464,0.055517788352594605,8.110300081103001e-4,0.9919028340080972,0.055517788352594605,0.10515021459227467
0.6279599949005034,246,2,4167,2464,0.0557443915703603,8.110300081103001e-4,0.9919354838709677,0.0557443915703603,0.10555674747908174
0.6278319726833771,248,2,4165,2464,0.056197598005891684,8.110300081103001e-4,0.992,0.056197598005891684,0.10636929015655158
0.6274480626100677,249,2,4164,2464,0.05642420122365738,8.110300081103001e-4,0.9920318725099602,0.05642420122365738,0.10677530017152659
0.6273932374809356,250,2,4163,2464,0.05665080444142307,8.110300081103001e-4,0.9920634920634921,0.05665080444142307,0.10718113612004287
0.6270643872921559,253,2,4160,2464,0.05733061409472014,8.110300081103001e-4,0.9921568627450981,0.05733061409472014,0.10839760068551843
0.6266809465860921,255,2,4158,2464,0.05778382053025153,8.110300081103001e-4,0.9922178988326849,0.05778382053025153,0.10920770877944327
0.6262977403484148,257,2,4156,2464,0.058237026965782916,8.110300081103001e-4,0.9922779922779923,0.058237026965782916,0.11001712328767126
0.62591476843575,260,2,4153,2464,0.05891683661907999,8.110300081103001e-4,0.9923664122137404,0.05891683661907999,0.11122994652406416
0.6255320307048112,264,2,4149,2464,0.05982324949014276,8.110300081103001e-4,0.9924812030075187,0.05982324949014276,0.11284462491985467
0.6251495270123999,267,2,4146,2464,0.060503059143439834,8.110300081103001e-4,0.9925650557620818,0.060503059143439834,0.11405382315249893
0.6247672572154048,268,2,4145,2464,0.06072966236120553,8.110300081103001e-4,0.9925925925925926,0.06072966236120553,0.11445654494981848
0.6243852211708023,269,2,4144,2464,0.06095626557897122,8.110300081103001e-4,0.992619926199262,0.06095626557897122,0.11485909479077712
0.6240034187356563,270,2,4143,2464,0.061182868796736914,8.110300081103001e-4,0.9926470588235294,0.061182868796736914,0.1152614727854856
0.6232405141224261,271,2,4142,2464,0.06140947201450261,8.110300081103001e-4,0.9926739926739927,0.06140947201450261,0.11566367904396074
0.6228594116589062,272,2,4141,2464,0.0616360752322683,8.110300081103001e-4,0.9927007299270073,0.0616360752322683,0.11606571367612545
0.6228049874767145,273,2,4140,2464,0.061862678450033994,8.110300081103001e-4,0.9927272727272727,0.061862678450033994,0.11646757679180889
0.6227543952083827,274,2,4139,2464,0.06208928166779968,8.110300081103001e-4,0.9927536231884058,0.06208928166779968,0.11686926850074644
0.6226054728245718,275,2,4138,2464,0.06231588488556537,8.110300081103001e-4,0.9927797833935018,0.06231588488556537,0.11727078891257996
0.6225462593579548,276,2,4137,2464,0.06254248810333107,8.110300081103001e-4,0.9928057553956835,0.06254248810333107,0.11767213813685781
0.6224785422339717,277,2,4136,2464,0.06276909132109676,8.110300081103001e-4,0.992831541218638,0.06276909132109676,0.11807331628303494
0.6221330988790436,277,3,4136,2463,0.06276909132109676,0.0012165450121654502,0.9892857142857143,0.06276909132109676,0.11804815682932027
0.6220979057051227,281,3,4132,2463,0.06367550419215953,0.0012165450121654502,0.9894366197183099,0.06367550419215953,0.11965084096231637
0.6209573920713992,284,3,4129,2463,0.0643553138454566,0.0012165450121654502,0.9895470383275261,0.0643553138454566,0.12085106382978723
0.6205776857036377,288,3,4125,2463,0.06526172671651938,0.0012165450121654502,0.9896907216494846,0.06526172671651938,0.12244897959183673
0.6201982115207691,290,3,4123,2463,0.06571493315205076,0.0012165450121654502,0.9897610921501706,0.06571493315205076,0.12324691882702933
0.6198189693808163,291,3,4122,2463,0.06594153636981645,0.0012165450121654502,0.9897959183673469,0.06594153636981645,0.12364563416188654
0.6194399591418879,293,3,4120,2463,0.06639474280534784,0.0012165450121654502,0.9898648648648649,0.06639474280534784,0.12444255680611595
0.6186826337999755,295,3,4118,2463,0.06684794924087922,0.0012165450121654502,0.9899328859060402,0.06684794924087922,0.12523880280195288
0.6186285745760952,297,3,4116,2463,0.06730115567641061,0.0012165450121654502,0.99,0.06730115567641061,0.12603437301082113
0.6183043184136432,300,3,4113,2463,0.06798096532970768,0.0012165450121654502,0.9900990099009901,0.06798096532970768,0.1272264631043257
0.6175483815025061,303,3,4110,2463,0.06866077498300475,0.0012165450121654502,0.9901960784313726,0.06866077498300475,0.12841703750794659
0.6171707596948728,306,3,4107,2463,0.06934058463630184,0.0012165450121654502,0.9902912621359223,0.06934058463630184,0.1296060991105464
0.6167933687974544,313,3,4100,2463,0.07092680716066169,0.0012165450121654502,0.990506329113924,0.07092680716066169,0.13237470924085432
0.6152861114872623,318,4,4095,2462,0.07205982324949015,0.0016220600162206002,0.9875776397515528,0.07205982324949015,0.13431890179514255
0.6149098730246721,320,4,4093,2462,0.07251302968502153,0.0016220600162206002,0.9876543209876543,0.07251302968502153,0.13510660755752585
0.6147200495627448,321,4,4092,2462,0.07273963290278722,0.0016220600162206002,0.9876923076923076,0.07273963290278722,0.1355002110595188
0.6145338646264017,326,4,4087,2462,0.07387264899161568,0.0016220600162206002,0.9878787878787879,0.07387264899161568,0.13746573898376555
0.6142354165451487,327,4,4086,2462,0.07409925220938138,0.0016220600162206002,0.9879154078549849,0.07409925220938138,0.137858347386172
0.6141580861517703,328,4,4085,2462,0.07432585542714706,0.0016220600162206002,0.9879518072289156,0.07432585542714706,0.13825079030558482
0.6137825374601826,330,4,4083,2462,0.07477906186267845,0.0016220600162206002,0.9880239520958084,0.07477906186267845,0.13903518011375607
0.6135322992536468,331,4,4082,2462,0.07500566508044414,0.0016220600162206002,0.9880597014925373,0.07500566508044414,0.13942712721145745
0.6134072184111299,333,4,4080,2462,0.07545887151597552,0.0016220600162206002,0.9881305637982196,0.07545887151597552,0.14021052631578945
0.6130321288641891,335,4,4078,2462,0.07591207795150691,0.0016220600162206002,0.9882005899705014,0.07591207795150691,0.14099326599326598
0.612782196598096,336,4,4077,2462,0.07613868116927261,0.0016220600162206002,0.9882352941176471,0.07613868116927261,0.14138438880706922
0.6126572686790229,336,5,4077,2461,0.07613868116927261,0.00202757502027575,0.9853372434017595,0.07613868116927261,0.14135464871687003
0.6122826377153802,337,5,4076,2461,0.0763652843870383,0.00202757502027575,0.9853801169590644,0.0763652843870383,0.14174553101997897
0.6120936252843431,338,5,4075,2461,0.07659188760480398,0.00202757502027575,0.9854227405247813,0.07659188760480398,0.14213624894869636
0.6119082358330951,340,5,4073,2461,0.07704509404033537,0.00202757502027575,0.9855072463768116,0.07704509404033537,0.14291719209751996
0.6115340628920878,342,5,4071,2461,0.07749830047586675,0.00202757502027575,0.9855907780979827,0.07749830047586675,0.14369747899159663
0.6111601187523641,343,5,4070,2461,0.07772490369363245,0.00202757502027575,0.985632183908046,0.07772490369363245,0.1440873766015543
0.6111067168304718,343,6,4070,2460,0.07772490369363245,0.0024330900243309003,0.9828080229226361,0.07772490369363245,0.14405711885762285
0.6107864032740152,347,6,4066,2460,0.07863131656469521,0.0024330900243309003,0.9830028328611898,0.07863131656469521,0.14561477129668485
0.610537386586828,348,6,4065,2460,0.07885791978246091,0.0024330900243309003,0.9830508474576272,0.07885791978246091,0.1460037759597231
0.610164051900095,349,6,4064,2460,0.0790845230002266,0.0024330900243309003,0.9830985915492958,0.0790845230002266,0.14639261744966442
0.6100396577422357,350,6,4063,2460,0.0793111262179923,0.0024330900243309003,0.9831460674157303,0.0793111262179923,0.14678129586915495
0.6096666274094151,353,6,4060,2460,0.07999093587128937,0.0024330900243309003,0.9832869080779945,0.07999093587128937,0.1479463537300922
0.6096240481719736,354,6,4059,2460,0.08021753908905506,0.0024330900243309003,0.9833333333333333,0.08021753908905506,0.14833438089252043
0.609542334661497,355,6,4058,2460,0.08044414230682076,0.0024330900243309003,0.9833795013850416,0.08044414230682076,0.14872224549643903
0.6094180672531437,356,6,4057,2460,0.08067074552458645,0.0024330900243309003,0.9834254143646409,0.08067074552458645,0.14910994764397906
0.6092938251791898,357,6,4056,2460,0.08089734874235215,0.0024330900243309003,0.9834710743801653,0.08089734874235215,0.14949748743718594
0.6090525129843197,358,6,4055,2460,0.08112395196011783,0.0024330900243309003,0.9835164835164835,0.08112395196011783,0.1498848649780197
0.6089212509120785,362,6,4051,2460,0.0820303648311806,0.0024330900243309003,0.9836956521739131,0.0820303648311806,0.1514327546538381
0.6088657563667826,363,6,4050,2460,0.08225696804894629,0.0024330900243309003,0.983739837398374,0.08225696804894629,0.15181932245922206
0.608672994644671,364,6,4049,2460,0.08248357126671199,0.0024330900243309003,0.9837837837837838,0.08248357126671199,0.15220572862220366
0.6085489044686851,365,6,4048,2460,0.08271017448447768,0.0024330900243309003,0.9838274932614556,0.08271017448447768,0.15259197324414714
0.6081767857096986,367,6,4046,2460,0.08316338092000906,0.0024330900243309003,0.9839142091152815,0.08316338092000906,0.15336397826995404
0.6078048944958935,371,6,4042,2460,0.08406979379107184,0.0024330900243309003,0.9840848806366048,0.08406979379107184,0.1549060542797495
0.6075097143358077,372,6,4041,2460,0.08429639700883752,0.0024330900243309003,0.9841269841269841,0.08429639700883752,0.15529117094552286
0.607433230688129,376,6,4037,2460,0.0852028098799003,0.0024330900243309003,0.9842931937172775,0.0852028098799003,0.15683003128258602
0.6074202941078762,377,6,4036,2460,0.08542941309766598,0.0024330900243309003,0.9843342036553525,0.08542941309766598,0.15721434528773978
0.6073801544140975,378,6,4035,2460,0.08565601631543168,0.0024330900243309003,0.984375,0.08565601631543168,0.1575984990619137
0.6070617941473498,380,6,4033,2460,0.08610922275096307,0.0024330900243309003,0.9844559585492227,0.08610922275096307,0.15836632631798292
0.6068743933973798,381,6,4032,2460,0.08633582596872875,0.0024330900243309003,0.9844961240310077,0.08633582596872875,0.15874999999999997
0.6067612737848541,383,6,4030,2460,0.08678903240426014,0.0024330900243309003,0.9845758354755784,0.08678903240426014,0.1595168679716785
0.6066905847345855,385,6,4028,2460,0.08724223883979153,0.0024330900243309003,0.9846547314578005,0.08724223883979153,0.16028309741881763
0.606566898712549,387,6,4026,2460,0.08769544527532291,0.0024330900243309003,0.9847328244274809,0.08769544527532291,0.16104868913857678
0.6065032985774345,388,6,4025,2460,0.0879220484930886,0.0024330900243309003,0.9847715736040609,0.0879220484930886,0.16143124609943832
0.6063196023109505,393,6,4020,2460,0.08905506458191706,0.0024330900243309003,0.9849624060150376,0.08905506458191706,0.16334164588528677
0.6062666233434904,394,6,4019,2460,0.08928166779968276,0.0024330900243309003,0.985,0.08928166779968276,0.16372324953251613
0.6061324306765469,395,6,4018,2460,0.08950827101744845,0.0024330900243309003,0.9850374064837906,0.08950827101744845,0.1641046946406315
0.6059488467376444,398,6,4015,2460,0.09018808067074552,0.0024330900243309003,0.9851485148514851,0.09018808067074552,0.16524807971766656
0.6058959001660483,399,6,4014,2460,0.09041468388851122,0.0024330900243309003,0.9851851851851852,0.09041468388851122,0.16562889165628894
0.6055783178759514,405,6,4008,2460,0.09177430319510536,0.0024330900243309003,0.9854014598540146,0.09177430319510536,0.16791044776119404
0.6052080155872408,408,6,4005,2460,0.09245411284840245,0.0024330900243309003,0.9855072463768116,0.09245411284840245,0.1690490988191423
0.6051551337479563,409,6,4004,2460,0.09268071606616814,0.0024330900243309003,0.9855421686746988,0.09268071606616814,0.16942833471416732
0.6049084129207857,410,6,4003,2460,0.09290731928393384,0.0024330900243309003,0.9855769230769231,0.09290731928393384,0.16980741354317663
0.6048379397329664,414,6,3999,2460,0.0938137321549966,0.0024330900243309003,0.9857142857142858,0.0938137321549966,0.17132216014897578
0.6045913482253131,416,6,3997,2460,0.09426693859052798,0.0024330900243309003,0.985781990521327,0.09426693859052798,0.1720785935884178
0.6045279552318646,417,6,3996,2460,0.09449354180829368,0.0024330900243309003,0.9858156028368794,0.09449354180829368,0.17245657568238212
0.6044552167433764,417,7,3996,2459,0.09449354180829368,0.00283860502838605,0.9834905660377359,0.09449354180829368,0.17242092205912757
0.6042216494541157,418,7,3995,2459,0.09472014502605937,0.00283860502838605,0.9835294117647059,0.09472014502605937,0.17279867713931374
0.6041745305320246,419,7,3994,2459,0.09494674824382507,0.00283860502838605,0.9835680751173709,0.09494674824382507,0.17317627609010128
0.6040984667739657,421,7,3992,2459,0.09539995467935644,0.00283860502838605,0.9836448598130841,0.09539995467935644,0.17393100599049782
0.6038521767483126,422,7,3991,2459,0.09562655789712214,0.00283860502838605,0.9836829836829837,0.09562655789712214,0.17430813713341595
0.6037290693925708,425,7,3988,2459,0.09630636755041921,0.00283860502838605,0.9837962962962963,0.09630636755041921,0.17543859649122806
0.6033598978922744,426,7,3987,2459,0.09653297076818491,0.00283860502838605,0.9838337182448037,0.09653297076818491,0.17581510524143626
0.6029909521349537,432,7,3981,2459,0.09789259007477906,0.00283860502838605,0.9840546697038725,0.09789259007477906,0.17807089859851608
0.6027451136413335,433,7,3980,2459,0.09811919329254476,0.00283860502838605,0.9840909090909091,0.09811919329254476,0.17844632186276532
0.6026222319825701,435,7,3978,2459,0.09857239972807613,0.00283860502838605,0.9841628959276018,0.09857239972807613,0.17919670442842428
0.602323909384526,436,7,3977,2459,0.09879900294584183,0.00283860502838605,0.9841986455981941,0.09879900294584183,0.17957166392092255
0.6022537372971697,439,7,3974,2459,0.0994788125991389,0.00283860502838605,0.984304932735426,0.0994788125991389,0.1806956163819716
0.6018854679408824,443,7,3970,2459,0.10038522547020168,0.00283860502838605,0.9844444444444445,0.10038522547020168,0.18219206251285217
0.601517423775923,448,7,3965,2459,0.10151824155903014,0.00283860502838605,0.9846153846153847,0.10151824155903014,0.18405916187345933
0.6013317345801567,449,7,3964,2459,0.10174484477679584,0.00283860502838605,0.9846491228070176,0.10174484477679584,0.18443212158554118
0.6011496046645902,452,7,3961,2459,0.10242465443009291,0.00283860502838605,0.9847494553376906,0.10242465443009291,0.18555008210180624
0.6007820104692669,456,7,3957,2459,0.10333106730115568,0.00283860502838605,0.9848812095032398,0.10333106730115568,0.18703855619360132
0.6006595290283879,457,7,3956,2459,0.10355767051892137,0.00283860502838605,0.9849137931034483,0.10355767051892137,0.1874102932130408
0.6004902409694934,458,7,3955,2459,0.10378427373668705,0.00283860502838605,0.9849462365591398,0.10378427373668705,0.18778187781877817
0.6004146410524205,463,7,3950,2459,0.10491728982551553,0.00283860502838605,0.9851063829787234,0.10491728982551553,0.1896375179193119
0.6002397821987698,464,7,3949,2459,0.10514389304328121,0.00283860502838605,0.9851380042462845,0.10514389304328121,0.19000819000819
0.6001698529169084,465,7,3948,2459,0.1053704962610469,0.00283860502838605,0.9851694915254238,0.1053704962610469,0.19037871033776865
0.600047496276602,471,7,3942,2459,0.10673011556764106,0.00283860502838605,0.9853556485355649,0.10673011556764106,0.19259865058270292
0.5996805760044469,477,7,3936,2459,0.10808973487423522,0.00283860502838605,0.9855371900826446,0.10808973487423522,0.19481315090871965
0.5996281771415344,478,7,3935,2459,0.1083163380920009,0.00283860502838605,0.9855670103092784,0.1083163380920009,0.19518170681910982
0.5994360871461377,479,7,3934,2459,0.1085429413097666,0.00283860502838605,0.98559670781893,0.1085429413097666,0.19555011226780977
0.5993138800986743,487,7,3926,2459,0.11035576705189214,0.00283860502838605,0.9858299595141701,0.11035576705189214,0.19849195027511718
0.5992615132769005,488,7,3925,2459,0.11058237026965782,0.00283860502838605,0.9858585858585859,0.11058237026965782,0.19885900570497145
0.5991288711396511,489,7,3924,2459,0.11080897348742352,0.00283860502838605,0.9858870967741935,0.11080897348742352,0.19922591159095537
0.5989474084220875,496,8,3917,2458,0.11239519601178337,0.0032441200324412004,0.9841269841269841,0.11239519601178337,0.20174903396379906
0.5985811608375737,502,8,3911,2458,0.11375481531837751,0.0032441200324412004,0.984313725490196,0.11375481531837751,0.2039406865732277
0.5983371202091551,503,8,3910,2458,0.11398141853614321,0.0032441200324412004,0.9843444227005871,0.11398141853614321,0.20430544272948822
0.5982151372081038,509,8,3904,2458,0.11534103784273737,0.0032441200324412004,0.9845261121856866,0.11534103784273737,0.20649087221095336
0.597971245806962,511,8,3902,2458,0.11579424427826875,0.0032441200324412004,0.9845857418111753,0.11579424427826875,0.20721816707218166
0.5978493373967326,513,8,3900,2458,0.11624745071380013,0.0032441200324412004,0.9846449136276392,0.11624745071380013,0.2079448723145521
0.5977970985437063,515,8,3898,2458,0.11670065714933152,0.0032441200324412004,0.9847036328871893,0.11670065714933152,0.2086709886547812
0.5974837612665986,517,8,3896,2458,0.1171538635848629,0.0032441200324412004,0.9847619047619047,0.1171538635848629,0.20939651680842447
0.5973619522398526,518,8,3895,2458,0.11738046680262859,0.0032441200324412004,0.9847908745247148,0.11738046680262859,0.20975906053857052
0.5972401680463152,520,8,3893,2458,0.11783367323815998,0.0032441200324412004,0.9848484848484849,0.11783367323815998,0.21048370775146732
0.597118408680924,523,8,3890,2458,0.11851348289145706,0.0032441200324412004,0.9849340866290018,0.11851348289145706,0.2115695792880259
0.596874964414334,524,8,3889,2458,0.11874008610922275,0.0032441200324412004,0.9849624060150376,0.11874008610922275,0.21193124368048533
0.5968749644143339,526,8,3887,2458,0.11919329254475414,0.0032441200324412004,0.9850187265917603,0.11919329254475414,0.21265413381847584
0.5965899505296882,527,8,3886,2458,0.11941989576251982,0.0032441200324412004,0.9850467289719627,0.11941989576251982,0.21301535974130958
0.5965099840990348,528,8,3885,2458,0.11964649898028552,0.0032441200324412004,0.9850746268656716,0.11964649898028552,0.2133764396847848
0.5963883735962598,532,8,3881,2458,0.12055291185134828,0.0032441200324412004,0.9851851851851852,0.12055291185134828,0.21481930143347466
0.5963362623992641,533,8,3880,2458,0.12077951506911398,0.0032441200324412004,0.9852125693160814,0.12077951506911398,0.21517965280581347
0.5962146873131359,534,8,3879,2458,0.12100611828687967,0.0032441200324412004,0.985239852398524,0.12100611828687967,0.21553985872855702
0.5961452269638629,535,8,3878,2458,0.12123272150464537,0.0032441200324412004,0.9852670349907919,0.12123272150464537,0.2158999192897498
0.5960236908241326,540,9,3873,2457,0.12236573759347383,0.0036496350364963502,0.9836065573770492,0.12236573759347383,0.21765417170495766
0.5959716114923721,541,9,3872,2457,0.12259234081123951,0.0036496350364963502,0.9836363636363636,0.12259234081123951,0.2180132984082208
0.5957806928723469,543,9,3870,2457,0.1230455472467709,0.0036496350364963502,0.9836956521739131,0.1230455472467709,0.21873111782477342
0.5956592310501895,546,9,3867,2457,0.12372535690006799,0.0036496350364963502,0.9837837837837838,0.12372535690006799,0.2198067632850242
0.5954163816880991,548,9,3865,2457,0.12417856333559936,0.0036496350364963502,0.9838420107719928,0.12417856333559936,0.22052313883299798
0.5952949941380703,551,10,3862,2456,0.12485837298889645,0.0040551500405515,0.982174688057041,0.12485837298889645,0.2215520707679936
0.5951312597031589,552,10,3861,2456,0.12508497620666215,0.0040551500405515,0.9822064056939501,0.12508497620666215,0.22190954773869348
0.5950522932748146,553,10,3860,2456,0.12531157942442783,0.0040551500405515,0.9822380106571936,0.12531157942442783,0.22226688102893893
0.5949309799514982,555,10,3858,2456,0.1257647858599592,0.0040551500405515,0.9823008849557522,0.1257647858599592,0.22298111691442346
0.5948685998730782,556,10,3857,2456,0.1259913890777249,0.0040551500405515,0.9823321554770318,0.1259913890777249,0.22333801968266714
0.5947562639917711,557,10,3856,2456,0.1262179922954906,0.0040551500405515,0.982363315696649,0.1262179922954906,0.22369477911646587
0.5945671883542798,559,10,3854,2456,0.12667119873102198,0.0040551500405515,0.9824253075571178,0.12667119873102198,0.2244078683259735
0.5945545257837136,559,11,3854,2455,0.12667119873102198,0.004460665044606651,0.980701754385965,0.12667119873102198,0.22436283363435683
0.5943836447050511,561,11,3852,2455,0.12712440516655338,0.004460665044606651,0.9807692307692307,0.12712440516655338,0.22507522567703114
0.5943247842163346,562,11,3851,2455,0.12735100838431906,0.004460665044606651,0.9808027923211169,0.12735100838431906,0.22543120738066588
0.5942036192103051,568,11,3845,2455,0.1287106276909132,0.004460665044606651,0.9810017271157168,0.1287106276909132,0.22756410256410256
0.5940824789061877,569,11,3844,2455,0.1289372309086789,0.004460665044606651,0.9810344827586207,0.1289372309086789,0.22791908672140995
0.5939613632989467,570,11,3843,2455,0.12916383412644458,0.004460665044606651,0.9810671256454389,0.12916383412644458,0.22827392871445734
0.5938864365454992,571,11,3842,2455,0.1293904373442103,0.004460665044606651,0.9810996563573883,0.1293904373442103,0.22862862862862868
0.593840272383547,572,11,3841,2455,0.12961704056197598,0.004460665044606651,0.9811320754716981,0.12961704056197598,0.2289831865492394
0.5934771477380619,574,11,3839,2455,0.13007024699750735,0.004460665044606651,0.9811965811965812,0.13007024699750735,0.22969187675070027
0.5932351880080172,575,11,3838,2455,0.13029685021527307,0.004460665044606651,0.9812286689419796,0.13029685021527307,0.23004600920184037
0.5931142451379892,578,11,3835,2455,0.13097665986857013,0.004460665044606651,0.9813242784380306,0.13097665986857013,0.2311075569772091
0.5930520555489939,579,11,3834,2455,0.13120326308633581,0.004460665044606651,0.9813559322033898,0.13120326308633581,0.23146112332600438
0.5929096895739987,580,11,3833,2455,0.13142986630410153,0.004460665044606651,0.9813874788494078,0.13142986630410153,0.23181454836131096
0.5928724333627823,582,11,3831,2455,0.1318830727396329,0.004460665044606651,0.9814502529510961,0.1318830727396329,0.23252097483020373
0.5928102691283879,583,11,3830,2455,0.1321096759573986,0.004460665044606651,0.9814814814814815,0.1321096759573986,0.23287397643299376
0.5927515644475512,588,11,3825,2455,0.13324269204622705,0.004460665044606651,0.9816360601001669,0.13324269204622705,0.2346368715083799
0.59250990053671,589,11,3824,2455,0.13346929526399276,0.004460665044606651,0.9816666666666667,0.13346929526399276,0.23498902852583284
0.5924636949300972,589,12,3824,2454,0.13346929526399276,0.004866180048661801,0.9800332778702163,0.13346929526399276,0.2349421619465497
0.5923891055310536,593,13,3820,2453,0.1343757081350555,0.0052716950527169504,0.9785478547854786,0.1343757081350555,0.23630205220163378
0.592326991974854,595,13,3818,2453,0.1348289145705869,0.0052716950527169504,0.9786184210526315,0.1348289145705869,0.23700458076080463
0.5921475893941612,597,13,3816,2453,0.13528212100611828,0.0052716950527169504,0.978688524590164,0.13528212100611828,0.23770654987059525
0.5920268682528849,606,13,3807,2453,0.1373215499660095,0.0052716950527169504,0.9789983844911146,0.1373215499660095,0.2408585055643879
0.5917854997995795,608,13,3805,2453,0.1377747564015409,0.0052716950527169504,0.9790660225442834,0.1377747564015409,0.24155740961462058
0.5916648524775163,612,13,3801,2453,0.13868116927260368,0.0052716950527169504,0.9792,0.13868116927260368,0.24295355299722113
0.5916131540121405,613,13,3800,2453,0.13890777249036937,0.0052716950527169504,0.9792332268370607,0.13890777249036937,0.2433022425084342
0.5914236316174918,614,13,3799,2453,0.13913437570813506,0.0052716950527169504,0.9792663476874003,0.13913437570813506,0.24365079365079365
0.5913030580695023,618,13,3795,2453,0.14004078857919783,0.0052716950527169504,0.9793977812995246,0.14004078857919783,0.2450436161776368
0.5911364070099898,619,13,3794,2453,0.14026739179696351,0.0052716950527169504,0.9794303797468354,0.14026739179696351,0.24539147670961345
0.5910619847125073,620,13,3793,2453,0.1404939950147292,0.0052716950527169504,0.9794628751974723,0.1404939950147292,0.24573919936583427
0.5909414848934799,626,14,3787,2452,0.14185361432132337,0.0056772100567721,0.978125,0.14185361432132337,0.24777359984167827
0.5905801328141689,628,14,3785,2452,0.14230682075685475,0.0056772100567721,0.9781931464174455,0.14230682075685475,0.24846686449060332
0.590219001696372,629,14,3784,2452,0.14253342397462043,0.0056772100567721,0.9782270606531882,0.14253342397462043,0.24881329113924044
0.5901674295664819,630,14,3783,2452,0.14276002719238612,0.0056772100567721,0.9782608695652174,0.14276002719238612,0.24915958077911804
0.5901571156812685,631,14,3782,2452,0.14298663041015183,0.0056772100567721,0.9782945736434109,0.14298663041015183,0.24950573349149865
0.5899783703075107,633,14,3780,2452,0.1434398368456832,0.0056772100567721,0.9783616692426584,0.1434398368456832,0.25019762845849797
0.5898580914049744,636,14,3777,2452,0.1441196464989803,0.0056772100567721,0.9784615384615385,0.1441196464989803,0.25123444598064393
0.5896176071586897,638,14,3775,2452,0.14457285293451166,0.0056772100567721,0.9785276073619632,0.14457285293451166,0.2519249753208292
0.5894974018049439,641,14,3772,2452,0.14525266258780875,0.0056772100567721,0.9786259541984733,0.14525266258780875,0.2529597474348856
0.5894560464901069,642,14,3771,2452,0.14547926580557444,0.0056772100567721,0.9786585365853658,0.14547926580557444,0.25330439928980075
0.5891369327613313,646,14,3767,2452,0.1463856786766372,0.0056772100567721,0.9787878787878788,0.1463856786766372,0.25468164794007486
0.5888967425303282,648,14,3765,2452,0.14683888511216858,0.0056772100567721,0.9788519637462235,0.14683888511216858,0.25536945812807876
0.5887766841392692,652,14,3761,2452,0.14774529798323136,0.0056772100567721,0.978978978978979,0.14774529798323136,0.2567434534357157
0.5885366407810811,655,14,3758,2452,0.14842510763652844,0.0056772100567721,0.9790732436472347,0.14842510763652844,0.25777253049980325
0.5884166558039732,657,14,3756,2452,0.14887831407205981,0.0056772100567721,0.9791356184798807,0.14887831407205981,0.2584579071597167
0.5881767592287896,658,14,3755,2452,0.14910491728982553,0.0056772100567721,0.9791666666666666,0.14910491728982553,0.25880039331366766
0.5881767592287895,659,14,3754,2452,0.14933152050759121,0.0056772100567721,0.9791976225854383,0.14933152050759121,0.2591427447896186
0.5880568476207412,664,14,3749,2452,0.15046453659641967,0.0056772100567721,0.9793510324483776,0.15046453659641967,0.2608524847770576
0.5878170977388063,666,14,3747,2452,0.15091774303195105,0.0056772100567721,0.9794117647058823,0.15091774303195105,0.2615354408010996
0.5876972594549532,672,14,3741,2452,0.15227736233854522,0.0056772100567721,0.9795918367346939,0.15227736233854522,0.26358109433222204
0.5876356378511581,673,14,3740,2452,0.1525039655563109,0.0056772100567721,0.9796215429403202,0.1525039655563109,0.263921568627451
0.5874576561765665,674,14,3739,2452,0.1527305687740766,0.0056772100567721,0.9796511627906976,0.1527305687740766,0.2642619094295236
0.5873378911720721,684,14,3729,2452,0.1549966009517335,0.0056772100567721,0.9799426934097422,0.1549966009517335,0.26765799256505574
0.5870984344075874,686,14,3727,2452,0.1554498073872649,0.0056772100567721,0.98,0.1554498073872649,0.26833561509876785
0.586995839967831,687,14,3726,2452,0.1556764106050306,0.0056772100567721,0.9800285306704708,0.1556764106050306,0.26867422761048104
0.5869787426376425,694,14,3719,2452,0.15726263312939043,0.0056772100567721,0.980225988700565,0.15726263312939043,0.2710408123413396
0.5868714269005846,695,14,3718,2452,0.15748923634715614,0.0056772100567721,0.9802538787023978,0.15748923634715614,0.27137836782506836
0.5867565226571018,695,15,3718,2451,0.15748923634715614,0.006082725060827251,0.9788732394366197,0.15748923634715614,0.27132539527620536
0.5867394322974687,696,15,3717,2451,0.15771583956492183,0.006082725060827251,0.9789029535864979,0.15771583956492183,0.2716627634660421
0.5866198137172914,700,15,3713,2451,0.1586222524359846,0.006082725060827251,0.9790209790209791,0.1586222524359846,0.2730109204368175
0.5865583050865165,701,15,3712,2451,0.1588488556537503,0.006082725060827251,0.979050279329609,0.1588488556537503,0.27334763111717686
0.5863806497118924,703,15,3710,2451,0.15930206208928166,0.006082725060827251,0.979108635097493,0.15930206208928166,0.27402065874098613
0.5862611042767282,709,15,3704,2451,0.16066168139587583,0.006082725060827251,0.9792817679558011,0.16066168139587583,0.2760365972357407
0.5860220865166222,711,15,3702,2451,0.1611148878314072,0.006082725060827251,0.9793388429752066,0.1611148878314072,0.276707530647986
0.5859026141817439,718,15,3695,2451,0.16270111035576706,0.006082725060827251,0.9795361527967258,0.16270111035576706,0.27905169063350177
0.5855443432982124,725,15,3688,2451,0.1642873328801269,0.006082725060827251,0.9797297297297297,0.1642873328801269,0.28138948185522994
0.5855318728882875,726,15,3687,2451,0.16451393609789258,0.006082725060827251,0.979757085020243,0.16451393609789258,0.2817229336437718
0.5854931796304176,727,15,3686,2451,0.16474053931565827,0.006082725060827251,0.9797843665768194,0.16474053931565827,0.2820562560620756
0.5851862914920886,736,15,3677,2451,0.1667799682755495,0.006082725060827251,0.9800266311584553,0.1667799682755495,0.2850503485670023
0.585173828707637,737,15,3676,2451,0.16700657149331521,0.006082725060827251,0.9800531914893617,0.16700657149331521,0.2853823814133592
0.58482845862941,741,15,3672,2451,0.167912984364378,0.006082725060827251,0.9801587301587301,0.167912984364378,0.2867092280905398
0.584816003465769,742,15,3671,2451,0.16813958758214367,0.006082725060827251,0.9801849405548216,0.16813958758214367,0.2870406189555125
0.5847671378269287,743,15,3670,2451,0.16836619079990936,0.006082725060827251,0.9802110817941952,0.16836619079990936,0.2873718816476504
0.5845900249567543,744,16,3669,2450,0.16859279401767505,0.006488240064882401,0.9789473684210527,0.16859279401767505,0.28764739996133765
0.5845457551216459,745,16,3668,2450,0.16881939723544073,0.006488240064882401,0.9789750328515112,0.16881939723544073,0.28797835330498645
0.584470844576296,752,16,3661,2450,0.1704056197598006,0.006488240064882401,0.9791666666666666,0.1704056197598006,0.2902914495271183
0.5841134491989477,759,17,3654,2449,0.17199184228416042,0.006893755068937551,0.9780927835051546,0.17199184228416042,0.2925419155906725
0.5838753070345488,760,17,3653,2449,0.17221844550192614,0.006893755068937551,0.9781209781209781,0.17221844550192614,0.2928709055876686
0.5837562723636479,766,17,3647,2449,0.17357806480852028,0.006893755068937551,0.9782886334610472,0.17357806480852028,0.29484218629715164
0.5833993139367616,770,17,3643,2449,0.17448447767958306,0.006893755068937551,0.9783989834815756,0.17448447767958306,0.29615384615384616
0.5831614629242226,772,17,3641,2449,0.17493768411511443,0.006893755068937551,0.9784537389100126,0.17493768411511443,0.29680891964628986
0.5830425737847352,778,17,3635,2449,0.1762973034217086,0.006893755068937551,0.9786163522012579,0.1762973034217086,0.29877112135176653
0.5827539439165513,779,17,3634,2449,0.1765239066394743,0.006893755068937551,0.9786432160804021,0.1765239066394743,0.299097715492417
0.5827437595909107,780,17,3633,2449,0.17675050985723997,0.006893755068937551,0.9786700125470514,0.17675050985723997,0.29942418426103645
0.5826860517740967,781,17,3632,2449,0.17697711307500566,0.006893755068937551,0.9786967418546366,0.17697711307500566,0.2997505277298023
0.5824484915574559,783,17,3630,2449,0.17743031951053706,0.006893755068937551,0.97875,0.17743031951053706,0.30040283905620563
0.5823297477714559,788,17,3625,2449,0.17856333559936552,0.006893755068937551,0.9788819875776398,0.17856333559936552,0.30203142966653895
0.5822788649884472,789,17,3624,2449,0.1787899388171312,0.006893755068937551,0.9789081885856079,0.1787899388171312,0.3023567733282238
0.5822686889653818,790,17,3623,2449,0.1790165420348969,0.006893755068937551,0.9789343246592317,0.1790165420348969,0.30268199233716475
0.5822110281937538,791,17,3622,2449,0.17924314525266258,0.006893755068937551,0.9789603960396039,0.17924314525266258,0.30300708676498755
0.5820991147603112,792,17,3621,2449,0.1794697484704283,0.006893755068937551,0.9789864029666254,0.1794697484704283,0.30333205668326313
0.5820923328194146,793,17,3620,2449,0.17969635168819398,0.006893755068937551,0.9790123456790123,0.17969635168819398,0.3036569021635076
0.581973661643504,795,17,3618,2449,0.18014955812372535,0.006893755068937551,0.979064039408867,0.18014955812372535,0.30430622009569375
0.5817667652340176,796,17,3617,2449,0.18037616134149104,0.006893755068937551,0.9790897908979089,0.18037616134149104,0.30463069269039417
0.5817363918672354,798,17,3615,2449,0.18082936777702244,0.006893755068937551,0.9791411042944785,0.18082936777702244,0.3052792654934966
0.5816855609304526,799,17,3614,2449,0.18105597099478812,0.006893755068937551,0.9791666666666666,0.18105597099478812,0.3056033658443297
0.5816177932570139,800,17,3613,2449,0.1812825742125538,0.006893755068937551,0.9791921664626683,0.1812825742125538,0.30592734225621415
0.581380668567745,802,17,3611,2449,0.1817357806480852,0.006893755068937551,0.9792429792429792,0.1817357806480852,0.3065749235474006
0.5812621424788399,804,17,3609,2449,0.18218898708361658,0.006893755068937551,0.9792935444579781,0.18218898708361658,0.3072220099350401
0.5810554990202517,805,17,3608,2449,0.18241559030138227,0.006893755068937551,0.9793187347931873,0.18241559030138227,0.3075453677172875
0.581016714458951,806,17,3607,2449,0.18264219351914798,0.006893755068937551,0.9793438639125152,0.18264219351914798,0.30786860198624905
0.5809673708549997,807,17,3606,2449,0.18286879673691367,0.006893755068937551,0.9793689320388349,0.18286879673691367,0.308191712812679
0.580923629641846,808,17,3605,2449,0.18309539995467936,0.006893755068937551,0.9793939393939394,0.18309539995467936,0.3085147002672776
0.5809067091759175,811,17,3602,2449,0.18377520960797644,0.006893755068937551,0.9794685990338164,0.18377520960797644,0.30948292310627745
0.5808559507351124,812,17,3601,2449,0.18400181282574213,0.006893755068937551,0.9794933655006032,0.18400181282574213,0.30980541777947346
0.580795046460535,813,17,3600,2449,0.18422841604350781,0.006893755068937551,0.9795180722891567,0.18422841604350781,0.3101277894335304
0.5806698743945464,814,17,3599,2449,0.1844550192612735,0.006893755068937551,0.9795427196149218,0.1844550192612735,0.3104500381388253
0.5805514932152641,821,17,3592,2449,0.18604124178563336,0.006893755068937551,0.9797136038186157,0.18604124178563336,0.3127023424109694
0.5804906208638586,822,17,3591,2449,0.18626784500339905,0.006893755068937551,0.9797377830750894,0.18626784500339905,0.31302361005331303
0.5802640965336239,822,18,3591,2448,0.18626784500339905,0.0072992700729927005,0.9785714285714285,0.18626784500339905,0.31296402055968014
0.5802431940486082,823,18,3590,2448,0.18649444822116473,0.0072992700729927005,0.9785969084423306,0.18649444822116473,0.31328511610201754
0.5801964944639778,829,18,3584,2448,0.1878540675277589,0.0072992700729927005,0.9787485242030697,0.1878540675277589,0.31520912547528523
0.5800849682670793,830,18,3583,2448,0.1880806707455246,0.0072992700729927005,0.9787735849056604,0.1880806707455246,0.3155293670404866
0.5799877410242672,831,18,3582,2448,0.18830727396329028,0.0072992700729927005,0.9787985865724381,0.18830727396329028,0.31584948688711517
0.579959949236064,833,18,3580,2448,0.18876048039882165,0.0072992700729927005,0.9788484136310224,0.18876048039882165,0.3164893617021277
0.5799352465423202,834,18,3579,2448,0.18898708361658736,0.0072992700729927005,0.9788732394366197,0.18898708361658736,0.31680911680911683
0.5798417127892385,838,19,3575,2447,0.18989349648765014,0.007704785077047851,0.9778296382730455,0.18989349648765014,0.31802656546489566
0.5796053122052736,840,19,3573,2447,0.1903467029231815,0.007704785077047851,0.9778812572759022,0.1903467029231815,0.31866464339908956
0.5794871480583067,847,21,3566,2445,0.19193292544754134,0.00851581508515815,0.9758064516129032,0.19193292544754134,0.32077258095057753
0.5794263873062911,848,21,3565,2445,0.19215952866530706,0.00851581508515815,0.9758342922899885,0.19215952866530706,0.32109049602423323
0.5793690080014671,849,21,3564,2445,0.19238613188307274,0.00851581508515815,0.9758620689655172,0.19238613188307274,0.3214082907438955
0.5793082596367473,850,21,3563,2445,0.19261273510083843,0.00851581508515815,0.9758897818599311,0.19261273510083843,0.32172596517789553
0.5792508920298431,852,22,3561,2444,0.19306594153636983,0.008921330089213302,0.9748283752860412,0.19306594153636983,0.3222999810856819
0.5791328001385249,859,22,3554,2444,0.19465216406072966,0.008921330089213302,0.9750283768444948,0.19465216406072966,0.3245183226293918
0.5791204662760235,860,22,3553,2444,0.19487876727849535,0.008921330089213302,0.9750566893424036,0.19487876727849535,0.3248347497639282
0.5788966885771689,862,22,3551,2444,0.19533197371402675,0.008921330089213302,0.9751131221719457,0.19533197371402675,0.32546724561072304
0.5787786688973158,870,22,3543,2444,0.19714479945615226,0.008921330089213302,0.9753363228699552,0.19714479945615226,0.3279924599434496
0.5784247542021839,873,22,3540,2444,0.19782460910944935,0.008921330089213302,0.9754189944134078,0.19782460910944935,0.32893745290128107
0.5781889313100788,876,22,3537,2444,0.19850441876274644,0.008921330089213302,0.9755011135857461,0.19850441876274644,0.3298813782715119
0.5780710559207143,883,23,3530,2443,0.20009064128710627,0.00932684509326845,0.9746136865342163,0.20009064128710627,0.33201729648430156
0.5780205452534942,884,23,3529,2443,0.20031724450487198,0.00932684509326845,0.9746416758544653,0.20031724450487198,0.3323308270676692
0.5779981336901476,885,23,3528,2443,0.20054384772263767,0.00932684509326845,0.974669603524229,0.20054384772263767,0.332644239804548
0.5778860204767747,886,23,3527,2443,0.20077045094040336,0.00932684509326845,0.9746974697469747,0.20077045094040336,0.3329575347613679
0.5778353772308603,887,23,3526,2443,0.20099705415816904,0.00932684509326845,0.9747252747252747,0.20099705415816904,0.33327071200450875
0.5777175739205732,897,23,3516,2443,0.20326308633582596,0.00932684509326845,0.975,0.20326308633582596,0.33639602475154695
0.5776670941398878,899,23,3514,2443,0.20371629277135736,0.00932684509326845,0.9750542299349241,0.20371629277135736,0.3370196813495782
0.5776059422746102,899,24,3514,2442,0.20371629277135736,0.009732360097323601,0.9739978331527628,0.20371629277135736,0.33695652173913043
0.5775874934129552,900,24,3513,2442,0.20394289598912305,0.009732360097323601,0.974025974025974,0.20394289598912305,0.3372681281618887
0.5775392317688065,901,24,3512,2442,0.20416949920688873,0.009732360097323601,0.9740540540540541,0.20416949920688873,0.3375796178343949
0.5774820393447929,903,24,3510,2442,0.20462270564242013,0.009732360097323601,0.9741100323624595,0.20462270564242013,0.3382022471910113
0.5773643080695079,905,25,3508,2441,0.2050759120779515,0.01013787510137875,0.9731182795698925,0.2050759120779515,0.33876099569530227
0.5770985336781754,906,25,3507,2441,0.2053025152957172,0.01013787510137875,0.9731471535982814,0.2053025152957172,0.3390718562874252
0.5770112582353463,908,26,3505,2440,0.2057557217312486,0.010543390105433901,0.9721627408993576,0.2057557217312486,0.3396296988965775
0.576776011623396,909,26,3504,2440,0.20598232494901428,0.010543390105433901,0.9721925133689839,0.20598232494901428,0.3399401645474944
0.5767323335279119,910,26,3503,2440,0.20620892816677996,0.010543390105433901,0.9722222222222222,0.20620892816677996,0.34025051411478785
0.5766584242859972,911,26,3502,2440,0.20643553138454565,0.010543390105433901,0.9722518676627535,0.20643553138454565,0.3405607476635513
0.5766080370516419,912,26,3501,2440,0.20666213460231136,0.010543390105433901,0.9722814498933902,0.20666213460231136,0.34087086525883015
0.5763225925417365,913,26,3500,2440,0.20688873782007705,0.010543390105433901,0.972310969116081,0.20688873782007705,0.34118086696562033
0.5763058060894503,921,27,3492,2439,0.2087015635622026,0.010948905109489052,0.9715189873417721,0.2087015635622026,0.3435926133184108
0.5760708470892664,922,27,3491,2439,0.20892816677996828,0.010948905109489052,0.9715489989462592,0.20892816677996828,0.34390152928011936
0.5760205111962053,922,28,3491,2438,0.20892816677996828,0.0113544201135442,0.9705263157894737,0.20892816677996828,0.3438374044378147
0.5759737193675382,923,28,3490,2438,0.20915476999773397,0.0113544201135442,0.9705573080967402,0.20915476999773397,0.34414615958240113
0.5759534035137757,926,28,3487,2438,0.20983457965103106,0.0113544201135442,0.9706498951781971,0.20983457965103106,0.3450717346748649
0.5758807484198102,927,28,3486,2438,0.21006118286879674,0.0113544201135442,0.9706806282722513,0.21006118286879674,0.3453800298062593
0.5756012164271246,938,28,3475,2438,0.21255381826421935,0.0113544201135442,0.9710144927536232,0.21255381826421935,0.3487637107269009
0.5754529827304077,939,28,3474,2438,0.21278042148198503,0.0113544201135442,0.9710444674250258,0.21278042148198503,0.3490706319702602
0.5752492446977284,945,28,3468,2438,0.2141400407885792,0.0113544201135442,0.9712230215827338,0.2141400407885792,0.35090976606015595
0.5751989805946048,946,28,3467,2438,0.2143666440063449,0.0113544201135442,0.971252566735113,0.2143666440063449,0.35121589010581034
0.5751386694682293,947,28,3466,2438,0.21459324722411058,0.0113544201135442,0.9712820512820513,0.21459324722411058,0.35152190051967336
0.5751319686223344,948,28,3465,2438,0.21481985044187626,0.0113544201135442,0.9713114754098361,0.21481985044187626,0.35182779736500275
0.5750147164560161,949,28,3464,2438,0.21504645365964198,0.0113544201135442,0.9713408393039918,0.21504645365964198,0.3521335807050093
0.5748974881938995,957,28,3456,2438,0.2168592794017675,0.0113544201135442,0.9715736040609138,0.2168592794017675,0.35457576880326047
0.5748437802792675,958,28,3455,2438,0.2170858826195332,0.0113544201135442,0.9716024340770791,0.2170858826195332,0.354880533432117
0.5745459467840305,962,28,3451,2438,0.21799229549059596,0.0113544201135442,0.9717171717171718,0.21799229549059596,0.35609846381639826
0.5743685837176052,963,28,3450,2438,0.21821889870836167,0.0113544201135442,0.9717457114026236,0.21821889870836167,0.3564026646928201
0.5743117052758074,965,28,3448,2438,0.21867210514389304,0.0113544201135442,0.9718026183282981,0.21867210514389304,0.3570107288198298
0.57425090861215,966,28,3447,2438,0.21889870836165873,0.0113544201135442,0.971830985915493,0.21889870836165873,0.35731459219530237
0.5741946203365946,972,28,3441,2438,0.2202583276682529,0.0113544201135442,0.972,0.2202583276682529,0.35913541474228716
0.5739103705664556,973,28,3440,2438,0.2204849308860186,0.0113544201135442,0.972027972027972,0.2204849308860186,0.3594384927964537
0.5738435087201454,978,28,3435,2438,0.22161794697484705,0.0113544201135442,0.9721669980119284,0.22161794697484705,0.3609522052039122
0.5737265192321742,979,28,3434,2438,0.22184455019261273,0.0113544201135442,0.9721946375372393,0.22184455019261273,0.3612546125461254
0.5736763881816893,980,28,3433,2438,0.22207115341037842,0.0113544201135442,0.9722222222222222,0.22207115341037842,0.36155690831949827
0.5736095535948522,982,28,3431,2438,0.22252435984590982,0.0113544201135442,0.9722772277227723,0.22252435984590982,0.3621611654066015
0.5734926118033171,986,28,3427,2438,0.2234307727169726,0.0113544201135442,0.9723865877712031,0.2234307727169726,0.36336834346784597
0.5733155739027437,987,28,3426,2438,0.22365737593473828,0.0113544201135442,0.9724137931034482,0.22365737593473828,0.36366985998526163
0.5732887304766021,988,28,3425,2438,0.22388397915250396,0.0113544201135442,0.9724409448818898,0.22388397915250396,0.3639712654264137
0.5732798115961998,989,28,3424,2438,0.22411058237026965,0.0113544201135442,0.9724680432645034,0.22411058237026965,0.3642725598526703
0.5732587997381628,991,28,3422,2438,0.22456378880580105,0.0113544201135442,0.97252208047105,0.22456378880580105,0.3648748159057437
0.5732087095560512,992,28,3421,2438,0.22479039202356674,0.0113544201135442,0.9725490196078431,0.22479039202356674,0.3651757776550709
0.5731419294548238,998,28,3415,2438,0.22615001133016088,0.0113544201135442,0.9727095516569201,0.22615001133016088,0.3669792241220812
0.5731297231806325,999,28,3414,2438,0.22637661454792657,0.0113544201135442,0.9727361246348588,0.22637661454792657,0.3672794117647059
0.5729649998103384,1000,28,3413,2438,0.22660321776569228,0.0113544201135442,0.9727626459143969,0.22660321776569228,0.3675794890645102
0.5729249478519838,1001,28,3412,2438,0.22682982098345797,0.0113544201135442,0.9727891156462585,0.22682982098345797,0.3678794560823227
0.5729082603623293,1002,28,3411,2438,0.22705642420122366,0.0113544201135442,0.9728155339805825,0.22705642420122366,0.368179312878927
0.5727914615434601,1008,28,3405,2438,0.2284160435078178,0.0113544201135442,0.972972972972973,0.2284160435078178,0.36997614241145166
0.5725579353361997,1009,28,3404,2438,0.22864264672558351,0.0113544201135442,0.9729990356798457,0.22864264672558351,0.37027522935779816
0.5724290165872619,1009,29,3404,2437,0.22864264672558351,0.011759935117599351,0.9720616570327553,0.22864264672558351,0.37020730141258484
0.5722078245287023,1012,30,3401,2436,0.22932245637888057,0.012165450121654502,0.9712092130518234,0.22932245637888057,0.37103574702108155
0.5720911685077009,1019,30,3394,2436,0.23090867890324043,0.012165450121654502,0.9714013346043852,0.23090867890324043,0.3731233980227023
0.5720561635775583,1020,30,3393,2436,0.23113528212100612,0.012165450121654502,0.9714285714285714,0.23113528212100612,0.3734211971444261
0.5720411803508194,1021,30,3392,2436,0.2313618853387718,0.012165450121654502,0.9714557564224549,0.2313618853387718,0.373718887262079
0.5718579278088457,1023,30,3390,2436,0.2318150917743032,0.012165450121654502,0.9715099715099715,0.2318150917743032,0.37431394072447866
0.5717413431212958,1030,30,3383,2436,0.23340131429866304,0.012165450121654502,0.9716981132075472,0.23340131429866304,0.37639320299652845
0.5716913855314414,1031,30,3382,2436,0.23362791751642872,0.012165450121654502,0.9717247879359096,0.23362791751642872,0.3766898063573255
0.571612608238549,1032,30,3381,2436,0.23385452073419444,0.012165450121654502,0.9717514124293786,0.23385452073419444,0.37698630136986305
0.5715082450457183,1034,30,3379,2436,0.2343077271697258,0.012165450121654502,0.9718045112781954,0.2343077271697258,0.3775789665875479
0.5715082450457182,1036,30,3377,2436,0.23476093360525718,0.012165450121654502,0.9718574108818011,0.23476093360525718,0.37817119912392777
0.5713917316480004,1039,30,3374,2436,0.23544074325855427,0.012165450121654502,0.9719363891487371,0.23544074325855427,0.3790587376869755
0.571341804606482,1040,30,3373,2436,0.23566734647631996,0.012165450121654502,0.9719626168224299,0.23566734647631996,0.3793543680466897
0.5712153422918098,1041,30,3372,2436,0.23589394969408567,0.012165450121654502,0.9719887955182073,0.23589394969408567,0.37964989059080967
0.5710423339570102,1044,30,3369,2436,0.23657375934738273,0.012165450121654502,0.9720670391061452,0.23657375934738273,0.3805358119190815
0.5709924374451478,1045,30,3368,2436,0.23680036256514841,0.012165450121654502,0.9720930232558139,0.23680036256514841,0.3808309037900875
0.5709623766680986,1046,30,3367,2436,0.23702696578291413,0.012165450121654502,0.9721189591078067,0.23702696578291413,0.38112588813991616
0.5706931499176003,1059,30,3354,2436,0.2399728076138681,0.012165450121654502,0.9724517906336089,0.2399728076138681,0.38495092693565974
0.5705169762144808,1060,30,3353,2436,0.24019941083163382,0.012165450121654502,0.9724770642201835,0.24019941083163382,0.38524441213883337
0.5704604791887969,1061,30,3352,2436,0.2404260140493995,0.012165450121654502,0.9725022914757103,0.2404260140493995,0.3855377906976744
0.5703441793991261,1066,30,3347,2436,0.24155903013822796,0.012165450121654502,0.9726277372262774,0.24155903013822796,0.38700308585950266
0.5701900785170531,1067,30,3346,2436,0.24178563335599365,0.012165450121654502,0.9726526891522334,0.24178563335599365,0.3872958257713249
0.5701780779709176,1068,30,3345,2436,0.24201223657375934,0.012165450121654502,0.9726775956284153,0.24201223657375934,0.38758845944474685
0.570111650945072,1069,30,3344,2436,0.24223883979152505,0.012165450121654502,0.9727024567788899,0.24223883979152505,0.3878809869375907
0.5699954222710224,1072,30,3341,2436,0.2429186494448221,0.012165450121654502,0.9727767695099818,0.2429186494448221,0.3887579329102448
0.569819463957317,1073,30,3340,2436,0.2431452526625878,0.012165450121654502,0.9728014505893019,0.2431452526625878,0.38905003625815804
0.5696791043297544,1075,30,3338,2436,0.2435984590981192,0.012165450121654502,0.9728506787330317,0.2435984590981192,0.3896339253352664
0.5696468784028041,1076,30,3337,2436,0.24382506231588488,0.012165450121654502,0.972875226039783,0.24382506231588488,0.38992571117956154
0.5694146342373053,1078,31,3335,2435,0.24427826875141628,0.012570965125709651,0.9720468890892696,0.24427826875141628,0.3904382470119522
0.569402507343779,1079,31,3334,2435,0.24450487196918197,0.012570965125709651,0.972072072072072,0.24450487196918197,0.39072967590077856
0.5693871390257562,1080,31,3333,2435,0.24473147518694766,0.012570965125709651,0.9720972097209721,0.24473147518694766,0.39102099927588707
0.5692985476640662,1086,31,3327,2435,0.2460910944935418,0.012570965125709651,0.97224709042077,0.2460910944935418,0.3927667269439421
0.5692488035206855,1087,31,3326,2435,0.2463176977113075,0.012570965125709651,0.9722719141323792,0.2463176977113075,0.393057313324896
0.5691380982889912,1088,31,3325,2435,0.2465443009290732,0.012570965125709651,0.9722966934763181,0.2465443009290732,0.3933477946493131
0.5690730756891406,1089,31,3324,2435,0.2467709041468389,0.012570965125709651,0.9723214285714286,0.2467709041468389,0.39363817097415504
0.5689504299244829,1094,31,3319,2435,0.24790392023566735,0.012570965125709651,0.9724444444444444,0.24790392023566735,0.3950884795955218
0.568919894705274,1095,31,3318,2435,0.24813052345343303,0.012570965125709651,0.9724689165186501,0.24813052345343303,0.3953782271168081
0.5687184696999688,1096,31,3317,2435,0.24835712667119872,0.012570965125709651,0.9724933451641526,0.24835712667119872,0.39566787003610104
0.5686025250538084,1099,31,3314,2435,0.2490369363244958,0.012570965125709651,0.9725663716814159,0.2490369363244958,0.3965361717481508
0.5682548329218764,1100,31,3313,2435,0.2492635395422615,0.012570965125709651,0.9725906277630415,0.2492635395422615,0.39682539682539686
0.5682051799761564,1101,31,3312,2435,0.2494901427600272,0.012570965125709651,0.9726148409893993,0.2494901427600272,0.39711451758340854
0.5680231562912017,1102,31,3311,2435,0.2497167459777929,0.012570965125709651,0.9726390114739629,0.2497167459777929,0.39740353407861523
0.5679788602305237,1102,32,3311,2434,0.2497167459777929,0.012976480129764802,0.9717813051146384,0.2497167459777929,0.39733189111231293
0.5679735235889122,1103,32,3310,2434,0.24994334919555858,0.012976480129764802,0.9718061674008811,0.24994334919555858,0.3976207642393656
0.5679073533986003,1107,32,3306,2434,0.25084976206662135,0.012976480129764802,0.9719051799824407,0.25084976206662135,0.39877521613832856
0.5676758184347986,1109,32,3304,2434,0.2513029685021527,0.012976480129764802,0.971954425942156,0.2513029685021527,0.3993518185091826
0.5676758184347985,1111,32,3302,2434,0.2517561749376841,0.012976480129764802,0.9720034995625547,0.2517561749376841,0.39992800575953924
0.567670342406693,1112,32,3301,2434,0.2519827781554498,0.012976480129764802,0.972027972027972,0.2519827781554498,0.40021594385459774
0.567560086353973,1113,32,3300,2434,0.2522093813732155,0.012976480129764802,0.9720524017467249,0.2522093813732155,0.4005037783375315
0.5675104941137881,1114,32,3299,2434,0.2524359845909812,0.012976480129764802,0.9720767888307156,0.2524359845909812,0.4007915092642562
0.5672130316580671,1118,33,3295,2433,0.25334239746204396,0.01338199513381995,0.9713292788879235,0.25334239746204396,0.4018691588785047
0.5671634697428121,1119,33,3294,2433,0.25356900067980964,0.01338199513381995,0.9713541666666666,0.25356900067980964,0.40215633423180597
0.5668661891810343,1121,33,3292,2433,0.254022207115341,0.01338199513381995,0.9714038128249567,0.254022207115341,0.4027303754266211
0.5668392533726045,1122,33,3291,2433,0.25424881033310676,0.01338199513381995,0.9714285714285714,0.25424881033310676,0.4030172413793104
0.5667506221593415,1123,33,3290,2433,0.25447541355087244,0.01338199513381995,0.9714532871972318,0.25447541355087244,0.4033040043095709
0.5666911968655742,1124,33,3289,2433,0.25470201676863813,0.01338199513381995,0.9714779602420052,0.25470201676863813,0.40359066427289053
0.5666350786982997,1126,34,3287,2432,0.2551552232041695,0.013787510137875101,0.9706896551724138,0.2551552232041695,0.4040911537771397
0.5666296127095861,1127,34,3286,2432,0.2553818264219352,0.013787510137875101,0.970714900947459,0.2553818264219352,0.4043774668101902
0.5665195587931059,1131,34,3282,2432,0.256288239292998,0.013787510137875101,0.9708154506437768,0.256288239292998,0.40552169236285407
0.5664601577269404,1132,34,3281,2432,0.2565148425107637,0.013787510137875101,0.9708404802744426,0.2565148425107637,0.40580749238214736
0.5662885896310529,1134,34,3279,2432,0.25696804894629505,0.013787510137875101,0.9708904109589042,0.25696804894629505,0.40637878516394915
0.5661731403645923,1138,35,3275,2431,0.2578744618173578,0.014193025141930252,0.9701619778346121,0.2578744618173578,0.4074471894020766
0.5661236693129128,1139,35,3274,2431,0.2581010650351235,0.014193025141930252,0.9701873935264055,0.2581010650351235,0.4077322355468051
0.5659423124368056,1141,35,3272,2431,0.2585542714706549,0.014193025141930252,0.9702380952380952,0.2585542714706549,0.4083020218285919
0.5658269337658837,1142,35,3271,2431,0.2587808746884206,0.014193025141930252,0.9702633814783348,0.2587808746884206,0.4085867620751342
0.5657774929650291,1144,35,3269,2431,0.25923408112395196,0.014193025141930252,0.9703138252756573,0.25923408112395196,0.4091559370529328
0.5655842014131373,1145,35,3268,2431,0.25946068434171765,0.014193025141930252,0.9703389830508474,0.25946068434171765,0.4094403718934382
0.5654809388674492,1149,35,3264,2431,0.2603670972127804,0.014193025141930252,0.9704391891891891,0.2603670972127804,0.4105770948722529
0.5653656542567664,1150,35,3263,2431,0.26059370043054614,0.014193025141930252,0.9704641350210971,0.26059370043054614,0.4108610217934977
0.5652503931491596,1152,35,3261,2431,0.2610469068660775,0.014193025141930252,0.970513900589722,0.2610469068660775,0.4114285714285714
0.5651351555398372,1153,36,3260,2430,0.2612735100838432,0.014598540145985401,0.9697224558452481,0.2612735100838432,0.41163870046412
0.565104825084055,1154,36,3259,2430,0.2615001133016089,0.014598540145985401,0.9697478991596639,0.2615001133016089,0.4119221845439943
0.5650737404838674,1155,36,3258,2430,0.26172671651937457,0.014598540145985401,0.9697732997481109,0.26172671651937457,0.4122055674518202
0.5649995880695106,1156,36,3257,2430,0.26195331973714026,0.014598540145985401,0.9697986577181208,0.26195331973714026,0.41248884924174845
0.5649402495138566,1157,36,3256,2430,0.26217992295490594,0.014598540145985401,0.9698239731768651,0.26217992295490594,0.41277202996789153
0.5647895836536752,1161,36,3252,2430,0.26308633582596874,0.014598540145985401,0.9699248120300752,0.26308633582596874,0.41390374331550805
0.5647303639799544,1162,36,3251,2430,0.26331293904373443,0.014598540145985401,0.9699499165275459,0.26331293904373443,0.41418641953306007
0.5644442230796697,1165,36,3248,2430,0.2639927486970315,0.014598540145985401,0.9700249791840133,0.2639927486970315,0.4150338439615247
0.564426831910708,1166,36,3247,2430,0.2642193519147972,0.014598540145985401,0.9700499168053245,0.2642193519147972,0.41531611754229747
0.5643916055806809,1167,36,3246,2430,0.26444595513256286,0.014598540145985401,0.970074812967581,0.26444595513256286,0.4155982905982906
0.5642141000288292,1168,36,3245,2430,0.2646725583503286,0.014598540145985401,0.9700996677740864,0.2646725583503286,0.41588036318319394
0.5638756609770861,1169,36,3244,2430,0.2648991615680943,0.014598540145985401,0.9701244813278008,0.2648991615680943,0.4161623353506586
0.5638690913546476,1170,36,3243,2430,0.26512576478586,0.014598540145985401,0.9701492537313433,0.26512576478586,0.416444207154298
0.5637541353513505,1172,36,3241,2430,0.26557897122139135,0.014598540145985401,0.9701986754966887,0.26557897122139135,0.4170076498843622
0.5636950242471083,1172,37,3241,2429,0.26557897122139135,0.015004055150040552,0.9693961952026469,0.26557897122139135,0.4169334756314479
0.5635242936482268,1174,37,3239,2429,0.2660321776569227,0.015004055150040552,0.9694467382328654,0.2660321776569227,0.41749644381223333
0.5634094079388452,1178,37,3235,2429,0.2669385905279855,0.015004055150040552,0.9695473251028807,0.2669385905279855,0.41862117981520963
0.5633974089393622,1179,37,3234,2429,0.2671651937457512,0.015004055150040552,0.9695723684210527,0.2671651937457512,0.4189021140522295
0.5633601783764556,1180,37,3233,2429,0.2673917969635169,0.015004055150040552,0.9695973705834018,0.2673917969635169,0.41918294849023097
0.5633503329801791,1181,37,3232,2429,0.2676184001812826,0.015004055150040552,0.9696223316912972,0.2676184001812826,0.4194636831823832
0.5632453261252579,1182,37,3231,2429,0.26784500339904826,0.015004055150040552,0.9696472518457753,0.26784500339904826,0.4197443181818181
0.563179706780563,1183,37,3230,2429,0.26807160661681395,0.015004055150040552,0.969672131147541,0.26807160661681395,0.42002485354162966
0.5630648913221132,1184,37,3229,2429,0.26829820983457964,0.015004055150040552,0.9696969696969697,0.26829820983457964,0.42030528931487393
0.5629664967025978,1185,37,3228,2429,0.2685248130523453,0.015004055150040552,0.969721767594108,0.2685248130523453,0.42058562555456963
0.5628353306227313,1186,37,3227,2429,0.268751416270111,0.015004055150040552,0.9697465249386754,0.268751416270111,0.42086586231369766
0.5628233438494435,1187,37,3226,2429,0.26897801948787675,0.015004055150040552,0.9697712418300654,0.26897801948787675,0.4211459996452014
0.562720585372256,1190,37,3223,2429,0.2696578291411738,0.015004055150040552,0.9698451507742462,0.2696578291411738,0.4219858156028368
0.5626714159977744,1191,37,3222,2429,0.2698844323589395,0.015004055150040552,0.9698697068403909,0.2698844323589395,0.42226555575252617
0.562376489960454,1193,37,3220,2429,0.27033763879447087,0.015004055150040552,0.9699186991869919,0.27033763879447087,0.42282473861421227
0.562327350652326,1195,37,3218,2429,0.27079084523000224,0.015004055150040552,0.9699675324675324,0.27079084523000224,0.42338352524357836
0.5622618382538339,1196,37,3217,2429,0.271017448447768,0.015004055150040552,0.9699918896999189,0.271017448447768,0.4236627701027277
0.5622498636942836,1197,37,3216,2429,0.27124405166553367,0.015004055150040552,0.9700162074554295,0.27124405166553367,0.4239419160616257
0.5621472099212597,1198,37,3215,2429,0.27147065488329936,0.015004055150040552,0.9700404858299595,0.27147065488329936,0.4242209631728045
0.5621351712611007,1199,37,3214,2429,0.27169725810106504,0.015004055150040552,0.9700647249190939,0.27169725810106504,0.42449991148875915
0.5621033720835855,1200,37,3213,2429,0.27192386131883073,0.015004055150040552,0.9700889248181084,0.27192386131883073,0.42477876106194695
0.562032604957966,1205,37,3208,2429,0.2730568774076592,0.015004055150040552,0.9702093397745571,0.2730568774076592,0.4261715296198055
0.5619834956978066,1206,37,3207,2429,0.2732834806254249,0.015004055150040552,0.9702333065164923,0.2732834806254249,0.4264497878359264
0.5619767021285419,1206,38,3207,2428,0.2732834806254249,0.015409570154095702,0.9694533762057878,0.2732834806254249,0.4263744033940251
0.5617543758817752,1207,38,3206,2428,0.2735100838431906,0.015409570154095702,0.9694779116465864,0.2735100838431906,0.4266525273948392
0.5616889302361301,1209,38,3204,2428,0.27396329027872196,0.015409570154095702,0.9695268644747393,0.27396329027872196,0.427208480565371
0.5616614875571286,1210,38,3203,2428,0.27418989349648765,0.015409570154095702,0.969551282051282,0.27418989349648765,0.427486309839251
0.5615744187023252,1211,38,3202,2428,0.27441649671425333,0.015409570154095702,0.9695756605284227,0.27441649671425333,0.42776404097492055
0.561513390603086,1212,38,3201,2428,0.274643099932019,0.015409570154095702,0.9696,0.274643099932019,0.42804167402436866
0.5613454656663625,1213,38,3200,2428,0.2748697031497847,0.015409570154095702,0.9696243005595524,0.2748697031497847,0.42831920903954807
0.5612964164470297,1214,38,3199,2428,0.2750963063675504,0.015409570154095702,0.9696485623003195,0.2750963063675504,0.4285966460723742
0.5612897362398224,1215,38,3198,2428,0.27532290958531613,0.015409570154095702,0.9696727853152434,0.27532290958531613,0.42887398517472647
0.5611721776052913,1216,38,3197,2428,0.2755495128030818,0.015409570154095702,0.9696969696969697,0.2755495128030818,0.42915122639844716
0.5611180088425358,1217,38,3196,2428,0.2757761160208475,0.015409570154095702,0.9697211155378486,0.2757761160208475,0.4294283697953423
0.5610963932270798,1218,38,3195,2428,0.2760027192386132,0.015409570154095702,0.9697452229299363,0.2760027192386132,0.42970541541718116
0.5610238231073531,1219,38,3194,2428,0.2762293224563789,0.015409570154095702,0.9697692919649961,0.2762293224563789,0.4299823633156967
0.5610022111201582,1220,38,3193,2428,0.27645592567414456,0.015409570154095702,0.9697933227344993,0.27645592567414456,0.4302592135425851
0.5608577370828433,1221,38,3192,2428,0.27668252889191025,0.015409570154095702,0.9698173153296267,0.27668252889191025,0.43053596614950634
0.5608440999593987,1222,38,3191,2428,0.27690913210967594,0.015409570154095702,0.9698412698412698,0.27690913210967594,0.43081262118808383
0.5607734913723559,1223,38,3190,2428,0.2771357353274416,0.015409570154095702,0.9698651863600317,0.2771357353274416,0.43108917870990476
0.5606807652408718,1224,38,3189,2428,0.27736233854520737,0.015409570154095702,0.9698890649762282,0.27736233854520737,0.43136563876651984
0.5606591664690912,1225,38,3188,2428,0.27758894176297305,0.015409570154095702,0.9699129057798892,0.27758894176297305,0.43164200140944325
0.5604305865800712,1226,38,3187,2428,0.27781554498073874,0.015409570154095702,0.9699367088607594,0.27781554498073874,0.43191826669015326
0.5603163315848134,1231,38,3182,2428,0.27894856106956717,0.015409570154095702,0.9700551615445232,0.27894856106956717,0.4332981344596973
0.560267372289113,1233,38,3180,2428,0.2794017675050986,0.015409570154095702,0.970102281667978,0.2794017675050986,0.43384940182969733
0.560202099882724,1234,38,3179,2428,0.2796283707228643,0.015409570154095702,0.970125786163522,0.2796283707228643,0.4341248900615655
0.5601171345337751,1235,38,3178,2428,0.27985497394062997,0.015409570154095702,0.9701492537313433,0.27985497394062997,0.4344002813928948
0.560087891469054,1237,38,3176,2428,0.28030818037616134,0.015409570154095702,0.9701960784313726,0.28030818037616134,0.4349507735583685
0.5600442142228875,1238,38,3175,2428,0.28053478359392703,0.015409570154095702,0.9702194357366771,0.28053478359392703,0.4352258744946388
0.5599737063390557,1241,38,3172,2428,0.2812145932472241,0.015409570154095702,0.9702892885066459,0.2812145932472241,0.43605059732958534
0.5598245292063652,1242,38,3171,2428,0.28144119646498983,0.015409570154095702,0.9703125,0.28144119646498983,0.43632531178640444
0.5597334849443066,1243,38,3170,2428,0.2816677996827555,0.015409570154095702,0.970335675253708,0.2816677996827555,0.43659992975061473
0.559631290603627,1245,38,3168,2428,0.2821210061182869,0.015409570154095702,0.970381917381138,0.2821210061182869,0.43714887640449435
0.5595823911654073,1246,38,3167,2428,0.2823476093360526,0.015409570154095702,0.9704049844236761,0.2823476093360526,0.43742320519571704
0.5594585317105836,1247,38,3166,2428,0.28257421255381826,0.015409570154095702,0.9704280155642023,0.28257421255381826,0.43769743769743763
0.5594031297780332,1248,38,3165,2428,0.28280081577158395,0.015409570154095702,0.9704510108864697,0.28280081577158395,0.4379715739603439
0.5593947520959023,1249,38,3164,2428,0.28302741898934963,0.015409570154095702,0.9704739704739704,0.28302741898934963,0.4382456140350877
0.5593595059315303,1250,38,3163,2428,0.2832540222071153,0.015409570154095702,0.9704968944099379,0.2832540222071153,0.4385195579722855
0.559289084250415,1253,38,3160,2428,0.28393383186041243,0.015409570154095702,0.9705654531371031,0.28393383186041243,0.4393408134642357
0.559240214713487,1255,38,3158,2428,0.2843870382959438,0.015409570154095702,0.9706109822119103,0.2843870382959438,0.4398878373641781
0.5591164309969093,1255,39,3158,2427,0.2843870382959438,0.015815085158150853,0.9698608964451314,0.2843870382959438,0.4398107587173647
0.5590610629418308,1256,39,3157,2427,0.2846136415137095,0.015815085158150853,0.9698841698841699,0.2846136415137095,0.440084092501752
0.5590122133289385,1256,40,3157,2426,0.2846136415137095,0.016220600162206,0.9691358024691358,0.2846136415137095,0.440007006480995
0.5589470871513854,1260,40,3153,2426,0.28552005438477224,0.016220600162206,0.9692307692307692,0.28552005438477224,0.4410992473306493
0.5588982474974648,1262,40,3151,2426,0.28597326082030367,0.016220600162206,0.9692780337941628,0.28597326082030367,0.44164479440069987
0.5588331345971869,1263,40,3150,2426,0.28619986403806935,0.016220600162206,0.9693016116653875,0.28619986403806935,0.4419174247725683
0.5587192052744979,1264,40,3149,2426,0.28642646725583504,0.016220600162206,0.9693251533742331,0.28642646725583504,0.44218995976910974
0.5586756347623723,1265,40,3148,2426,0.2866530704736007,0.016220600162206,0.9693486590038314,0.2866530704736007,0.4424623994403637
0.5586052991785824,1268,40,3145,2426,0.2873328801268978,0.016220600162206,0.9694189602446484,0.2873328801268978,0.44327914700227233
0.5585467279433588,1270,40,3143,2426,0.2877860865624292,0.016220600162206,0.9694656488549618,0.2877860865624292,0.44382316966625895
0.5584979232720073,1271,40,3142,2426,0.2880126897801949,0.016220600162206,0.969488939740656,0.2880126897801949,0.4440950384346611
0.5584914163047049,1272,40,3141,2426,0.2882392929979606,0.016220600162206,0.9695121951219512,0.2882392929979606,0.4443668122270742
0.5584614424143163,1273,40,3140,2426,0.28846589621572627,0.016220600162206,0.9695354150799695,0.28846589621572627,0.4446384910932588
0.5584427602209892,1274,40,3139,2426,0.28869249943349196,0.016220600162206,0.969558599695586,0.28869249943349196,0.4449100750829405
0.5582637202041283,1276,40,3137,2426,0.28914570586902333,0.016220600162206,0.9696048632218845,0.28914570586902333,0.4454529586315238
0.5582583349688885,1277,40,3136,2426,0.289372309086789,0.016220600162206,0.9696279422930904,0.289372309086789,0.44572425828970325
0.5582149402614146,1278,40,3135,2426,0.2895989123045547,0.016220600162206,0.9696509863429439,0.2895989123045547,0.4459954632699354
0.5581499069679634,1279,40,3134,2426,0.28982551552232044,0.016220600162206,0.9696739954510993,0.28982551552232044,0.4462665736217725
0.5580361169349053,1281,40,3132,2426,0.2902787219578518,0.016220600162206,0.9697199091597275,0.2902787219578518,0.4468085106382979
0.5579223501002236,1282,40,3131,2426,0.2905053251756175,0.016220600162206,0.9697428139183056,0.2905053251756175,0.447079337401918
0.5578638504740075,1283,40,3130,2426,0.2907319283933832,0.016220600162206,0.9697656840513983,0.2907319283933832,0.447350069735007
0.5577233423728597,1284,40,3129,2426,0.2909585316111489,0.016220600162206,0.9697885196374623,0.2909585316111489,0.44762070768694434
0.5576513953742757,1285,40,3128,2426,0.29118513482891456,0.016220600162206,0.969811320754717,0.29118513482891456,0.4478912513070757
0.5576026689352539,1286,40,3127,2426,0.29141173804668025,0.016220600162206,0.9698340874811463,0.29141173804668025,0.4481617006447116
0.5575811887391472,1288,40,3125,2426,0.2918649444822117,0.016220600162206,0.9698795180722891,0.2918649444822117,0.44870231666956983
0.5575693138639656,1289,40,3124,2426,0.29209154769997736,0.016220600162206,0.9699021820917983,0.29209154769997736,0.44897248345524204
0.5574675146506862,1290,40,3123,2426,0.29231815091774305,0.016220600162206,0.9699248120300752,0.29231815091774305,0.44924255615531955
0.5573538637369639,1290,41,3123,2425,0.29231815091774305,0.01662611516626115,0.9691960931630353,0.29231815091774305,0.44916434540389977
0.5573051632956484,1291,41,3122,2425,0.29254475413550873,0.01662611516626115,0.9692192192192193,0.29254475413550873,0.44943429068755436
0.5572402359932558,1292,41,3121,2425,0.2927713573532744,0.01662611516626115,0.9692423105776444,0.2927713573532744,0.44970414201183434
0.5570130499969882,1293,41,3120,2425,0.2929979605710401,0.01662611516626115,0.9692653673163418,0.2929979605710401,0.4499738994257873
0.5568994917349842,1295,41,3118,2425,0.2934511670065715,0.01662611516626115,0.969311377245509,0.2934511670065715,0.45051313271873367
0.5568508309957656,1297,41,3116,2425,0.29390437344210285,0.01662611516626115,0.9693572496263079,0.29390437344210285,0.4510519909580943
0.5567859566241056,1298,41,3115,2425,0.2941309766598686,0.01662611516626115,0.9693801344286781,0.2941309766598686,0.45132127955493745
0.5567740986850801,1299,41,3114,2425,0.2943575798776343,0.01662611516626115,0.9694029850746269,0.2943575798776343,0.45159047453502527
0.5567373058053527,1301,41,3112,2425,0.29481078631316565,0.01662611516626115,0.9694485842026825,0.29481078631316565,0.45212858384013904
0.5567104227414483,1301,42,3112,2424,0.29481078631316565,0.0170316301703163,0.9687267311988086,0.29481078631316565,0.45205003474635164
0.5566724446596323,1305,42,3108,2424,0.2957171991842284,0.0170316301703163,0.9688195991091314,0.2957171991842284,0.45312500000000006
0.5565589558368456,1311,42,3102,2424,0.29707681849082257,0.0170316301703163,0.9689578713968958,0.29707681849082257,0.45473465140478664
0.5565471027322838,1312,42,3101,2424,0.29730342170858826,0.0170316301703163,0.9689807976366323,0.29730342170858826,0.4550026010057222
0.5565103248529575,1313,42,3100,2424,0.29753002492635394,0.0170316301703163,0.9690036900369003,0.29753002492635394,0.45527045769764213
0.5564519732813034,1314,42,3099,2424,0.29775662814411963,0.0170316301703163,0.9690265486725663,0.29775662814411963,0.45553822152886114
0.556320199325392,1315,42,3098,2424,0.2979832313618853,0.0170316301703163,0.9690493736182756,0.2979832313618853,0.45580589254766024
0.5562186281714303,1317,42,3096,2424,0.29843643779741674,0.0170316301703163,0.9690949227373068,0.29843643779741674,0.4563409563409564
0.5560080534372019,1318,42,3095,2424,0.29866304101518243,0.0170316301703163,0.9691176470588235,0.29866304101518243,0.4566083492118483
0.5559918586831171,1319,42,3094,2424,0.2988896442329481,0.0170316301703163,0.9691403379867745,0.2988896442329481,0.45687564946311054
0.55593143725864,1320,42,3093,2424,0.2991162474507138,0.0170316301703163,0.9691629955947136,0.2991162474507138,0.4571428571428571
0.5558785086114074,1325,42,3088,2424,0.3002492635395423,0.0170316301703163,0.9692757863935626,0.3002492635395423,0.458477508650519
0.5558299370836071,1327,42,3086,2424,0.30070246997507366,0.0170316301703163,0.9693206720233747,0.30070246997507366,0.4590107229332412
0.5556518777893212,1328,42,3085,2424,0.30092907319283935,0.0170316301703163,0.9693430656934306,0.30092907319283935,0.4592771917689781
0.5556102231439193,1329,42,3084,2424,0.30115567641060503,0.0170316301703163,0.9693654266958425,0.30115567641060503,0.45954356846473027
0.5556033260640588,1330,42,3083,2424,0.3013822796283707,0.0170316301703163,0.9693877551020408,0.3013822796283707,0.45980985306828
0.5555385970295235,1331,42,3082,2424,0.3016088828461364,0.0170316301703163,0.9694100509832484,0.3016088828461364,0.4600760456273764
0.5555353607757573,1332,42,3081,2424,0.3018354860639021,0.0170316301703163,0.9694323144104804,0.3018354860639021,0.4603421461897356
0.5555267656556688,1333,42,3080,2424,0.3020620892816678,0.0170316301703163,0.9694545454545455,0.3020620892816678,0.46060815480304074
0.555318574714108,1334,42,3079,2424,0.30228869249943346,0.0170316301703163,0.9694767441860465,0.30228869249943346,0.4608740715149421
0.5553121047888719,1335,42,3078,2424,0.3025152957171992,0.0170316301703163,0.9694989106753813,0.3025152957171992,0.46113989637305697
0.5551988932986027,1336,42,3077,2424,0.3027418989349649,0.0170316301703163,0.969521044992743,0.3027418989349649,0.4614056294249698
0.5550921721762196,1337,42,3076,2424,0.3029685021527306,0.0170316301703163,0.9695431472081218,0.3029685021527306,0.46167127071823205
0.5550857048887624,1338,42,3075,2424,0.30319510537049627,0.0170316301703163,0.9695652173913043,0.30319510537049627,0.46193682030036254
0.5549725395546454,1339,42,3074,2424,0.30342170858826195,0.0170316301703163,0.9695872556118754,0.30342170858826195,0.4622022782188471
0.5549607202361865,1340,42,3073,2424,0.30364831180602764,0.0170316301703163,0.9696092619392185,0.30364831180602764,0.46246764452113887
0.5548875541846642,1341,42,3072,2424,0.3038749150237933,0.0170316301703163,0.9696312364425163,0.3038749150237933,0.4627329192546584
0.5548593972915475,1343,42,3070,2424,0.3043281214593247,0.0170316301703163,0.9696750902527076,0.3043281214593247,0.46326319420489814
0.5547624365679746,1344,42,3069,2424,0.30455472467709044,0.0170316301703163,0.9696969696969697,0.30455472467709044,0.463528194516296
0.5547462780947652,1345,42,3068,2424,0.3047813278948561,0.0170316301703163,0.969718817591925,0.3047813278948561,0.4637931034482759
0.5546396439747215,1346,42,3067,2424,0.3050079311126218,0.0170316301703163,0.9697406340057637,0.3050079311126218,0.4640579210480951
0.5546331819595958,1347,42,3066,2424,0.3052345343303875,0.0170316301703163,0.9697624190064795,0.3052345343303875,0.46432264736297824
0.5546064004971022,1348,42,3065,2424,0.3054611375481532,0.0170316301703163,0.9697841726618706,0.3054611375481532,0.46458728244011716
0.5545750272113125,1349,42,3064,2424,0.30568774076591887,0.0170316301703163,0.9698058950395398,0.30568774076591887,0.4648518263266712
0.5545201088813377,1354,42,3059,2424,0.30682075685474736,0.0170316301703163,0.9699140401146131,0.30682075685474736,0.4661731795489757
0.554471656047729,1355,42,3058,2424,0.30704736007251304,0.0170316301703163,0.9699355762347889,0.30704736007251304,0.4664371772805508
0.5544573643462646,1356,42,3057,2424,0.30727396329027873,0.0170316301703163,0.9699570815450643,0.30727396329027873,0.46670108415074857
0.5542940318767545,1357,42,3056,2424,0.3075005665080444,0.0170316301703163,0.9699785561115082,0.3075005665080444,0.46696490020646936
0.5542940318767544,1358,42,3055,2424,0.3077271697258101,0.0170316301703163,0.97,0.3077271697258101,0.4672286254945811
0.554230841027443,1359,42,3054,2424,0.3079537729435758,0.0170316301703163,0.9700214132762313,0.3079537729435758,0.46749226006191946
0.5541810279410309,1361,42,3052,2424,0.30840697937910716,0.0170316301703163,0.970064148253742,0.30840697937910716,0.46801925722145804
0.5541692254794921,1362,42,3051,2424,0.3086335825968729,0.0170316301703163,0.9700854700854701,0.3086335825968729,0.46828261990716863
0.5540745024741772,1363,42,3050,2424,0.3088601858146386,0.0170316301703163,0.9701067615658363,0.3088601858146386,0.46854589205912683
0.5540680470434219,1365,42,3048,2424,0.30931339225016996,0.0170316301703163,0.9701492537313433,0.30931339225016996,0.4690721649484536
0.5540477506857655,1366,42,3047,2424,0.30953999546793565,0.0170316301703163,0.9701704545454546,0.30953999546793565,0.46933516577907575
0.5539615432939176,1367,42,3046,2424,0.30976659868570133,0.0170316301703163,0.9701916252661462,0.30976659868570133,0.4695980762624528
0.5539550891792309,1368,42,3045,2424,0.309993201903467,0.0170316301703163,0.9702127659574468,0.309993201903467,0.4698608964451314
0.5539517409104028,1369,42,3044,2424,0.3102198051212327,0.0170316301703163,0.9702338766832034,0.3102198051212327,0.47012362637362637
0.5538734861696433,1370,42,3043,2424,0.3104464083389984,0.0170316301703163,0.9702549575070821,0.3104464083389984,0.4703862660944206
0.553842154343762,1372,42,3041,2424,0.3108996147745298,0.0170316301703163,0.9702970297029703,0.3108996147745298,0.47091127509867864
0.5536995242248657,1373,42,3040,2424,0.3111262179922955,0.0170316301703163,0.9703180212014134,0.3111262179922955,0.4711736444749485
0.5536163537402122,1374,42,3039,2424,0.3113528212100612,0.0170316301703163,0.9703389830508474,0.3113528212100612,0.47143592382913024
0.5535034879627443,1375,42,3038,2424,0.3115794244278269,0.0170316301703163,0.9703599153140438,0.3115794244278269,0.4716981132075472
0.5532778254329624,1376,42,3037,2424,0.31180602764559257,0.0170316301703163,0.9703808180535967,0.31180602764559257,0.4719602126564912
0.5531811410863466,1377,42,3036,2424,0.31203263086335825,0.0170316301703163,0.9704016913319239,0.31203263086335825,0.4722222222222222
0.5531650286712676,1378,42,3035,2424,0.31225923408112394,0.0170316301703163,0.9704225352112676,0.31225923408112394,0.47248414195096866
0.5531166942417978,1380,42,3033,2424,0.3127124405166553,0.0170316301703163,0.9704641350210971,0.3127124405166553,0.4730077120822622
0.5531049144475048,1382,42,3031,2424,0.31316564695218674,0.0170316301703163,0.9705056179775281,0.31316564695218674,0.47353092341956493
0.5529395041308239,1384,42,3029,2424,0.3136188533877181,0.0170316301703163,0.97054698457223,0.3136188533877181,0.4740537763315636
0.552934170255103,1385,42,3028,2424,0.3138454566054838,0.0170316301703163,0.9705676243868255,0.3138454566054838,0.4743150684931507
0.5528267763426999,1387,42,3026,2424,0.31429866304101517,0.0170316301703163,0.9706088173547935,0.31429866304101517,0.4748373844573776
0.552665776510635,1388,42,3025,2424,0.31452526625878086,0.0170316301703163,0.9706293706293706,0.31452526625878086,0.47509840835187406
0.5526561180118859,1390,42,3023,2424,0.3149784726943123,0.0170316301703163,0.9706703910614525,0.3149784726943123,0.4756201881950385
0.5525981705639589,1391,42,3022,2424,0.31520507591207797,0.0170316301703163,0.9706908583391486,0.31520507591207797,0.4758809442353746
0.5524957737258333,1392,42,3021,2424,0.31543167912984366,0.0170316301703163,0.9707112970711297,0.31543167912984366,0.47614161108260655
0.5524887308504863,1393,42,3020,2424,0.31565828234760934,0.0170316301703163,0.9707317073170731,0.31565828234760934,0.47640218878248974
0.5524404555145376,1394,42,3019,2424,0.31588488556537503,0.0170316301703163,0.9707520891364902,0.31588488556537503,0.47666267738074886
0.5523677278102442,1395,42,3018,2424,0.3161114887831407,0.0170316301703163,0.9707724425887265,0.3161114887831407,0.47692307692307695
0.5523330191031709,1396,42,3017,2424,0.3163380920009064,0.0170316301703163,0.9707927677329624,0.3163380920009064,0.47718338745513583
0.5522966409906747,1397,42,3016,2424,0.3165646952186721,0.0170316301703163,0.970813064628214,0.3165646952186721,0.4774436090225564
0.552220414959162,1398,42,3015,2424,0.3167912984364378,0.0170316301703163,0.9708333333333333,0.3167912984364378,0.477703741670938
0.5522152263814674,1399,42,3014,2424,0.3170179016542035,0.0170316301703163,0.970853573907009,0.3170179016542035,0.477963785445849
0.5521508920681495,1402,42,3011,2424,0.3176977113075006,0.0170316301703163,0.9709141274238227,0.3176977113075006,0.4787433839849753
0.551978333273128,1403,42,3010,2424,0.31792431452526626,0.0170316301703163,0.9709342560553633,0.31792431452526626,0.4790030727210652
0.5519257809896558,1404,42,3009,2424,0.31815091774303195,0.0170316301703163,0.970954356846473,0.31815091774303195,0.47926267281105983
0.5518132598692894,1408,42,3005,2424,0.31905733061409475,0.0170316301703163,0.9710344827586207,0.31905733061409475,0.48030018761726073
0.5516043529311622,1409,42,3004,2424,0.31928393383186043,0.0170316301703163,0.9710544452101999,0.31928393383186043,0.48055934515688953
0.5515882864429295,1410,42,3003,2424,0.3195105370496261,0.0170316301703163,0.9710743801652892,0.3195105370496261,0.4808184143222507
0.5514328284741333,1410,43,3003,2423,0.3195105370496261,0.017437145174371452,0.9704060564349621,0.3195105370496261,0.4807364473235595
0.551363404737893,1411,43,3002,2423,0.3197371402673918,0.017437145174371452,0.9704264099037139,0.3197371402673918,0.48099539798875063
0.5512509982691847,1414,43,2999,2423,0.32041694992068886,0.017437145174371452,0.970487302676733,0.32041694992068886,0.4817717206132878
0.5512028310837788,1416,43,2997,2423,0.32087015635622024,0.017437145174371452,0.9705277587388622,0.32087015635622024,0.4822888283378746
0.5511386147167855,1417,44,2996,2422,0.3210967595739859,0.017842660178426603,0.9698836413415469,0.3210967595739859,0.48246510044262847
0.5509139163422275,1418,44,2995,2422,0.32132336279175167,0.017842660178426603,0.9699042407660738,0.32132336279175167,0.4827234042553191
0.5509107070292363,1419,44,2994,2422,0.32154996600951735,0.017842660178426603,0.9699248120300752,0.32154996600951735,0.48298162014976176
0.5508176450846519,1420,44,2993,2422,0.32177656922728304,0.017842660178426603,0.9699453551912568,0.32177656922728304,0.4832397481708354
0.5507898710212494,1421,44,2992,2422,0.3220031724450487,0.017842660178426603,0.9699658703071672,0.3220031724450487,0.4834977883633889
0.5507720403279636,1422,44,2991,2422,0.3222297756628144,0.017842660178426603,0.9699863574351978,0.3222297756628144,0.48375574077224015
0.5506893095768549,1424,44,2989,2422,0.3226829820983458,0.017842660178426603,0.9700272479564033,0.3226829820983458,0.4842713824179561
0.5506552787467583,1425,44,2988,2422,0.32290958531611147,0.017842660178426603,0.9700476514635806,0.32290958531611147,0.4845290717443046
0.5505770405359409,1426,44,2987,2422,0.32313618853387716,0.017842660178426603,0.9700680272108844,0.32313618853387716,0.4847866734659188
0.5505341049729707,1428,44,2985,2422,0.3235893949694086,0.017842660178426603,0.970108695652174,0.3235893949694086,0.48530161427357693
0.5504999487953108,1429,44,2984,2422,0.32381599818717427,0.017842660178426603,0.9701289884589274,0.32381599818717427,0.4855589534488617
0.5504647943833189,1432,44,2981,2422,0.32449580784047133,0.017842660178426603,0.9701897018970189,0.32449580784047133,0.4863304465953472
0.5501281932085447,1435,44,2978,2422,0.3251756174937684,0.017842660178426603,0.9702501690331304,0.3251756174937684,0.48710115410726407
0.5501102461017006,1436,44,2977,2422,0.32540222071153413,0.017842660178426603,0.9702702702702702,0.32540222071153413,0.487357882233158
0.5500160385624364,1437,44,2976,2422,0.3256288239292998,0.017842660178426603,0.9702903443619176,0.3256288239292998,0.4876145232439769
0.549973146747995,1438,44,2975,2422,0.3258554271470655,0.017842660178426603,0.970310391363023,0.3258554271470655,0.4878710771840543
0.5499562665495622,1439,44,2974,2422,0.3260820303648312,0.017842660178426603,0.9703304113283884,0.3260820303648312,0.4881275440976934
0.5498610237112118,1440,44,2973,2422,0.3263086335825969,0.017842660178426603,0.9703504043126685,0.3263086335825969,0.48838392402916736
0.5498462479099593,1440,45,2973,2421,0.3263086335825969,0.01824817518248175,0.9696969696969697,0.3263086335825969,0.48830111902339773
0.5498129779789415,1441,45,2972,2421,0.32653523680036256,0.01824817518248175,0.9697173620457604,0.32653523680036256,0.4885573826072216
0.5497917978604684,1444,45,2969,2421,0.3272150464536596,0.01824817518248175,0.9697783747481531,0.3272150464536596,0.4893256523212471
0.5497501632256024,1445,45,2968,2421,0.32744164967142536,0.01824817518248175,0.9697986577181208,0.32744164967142536,0.4895815686938845
0.5497437581770115,1446,45,2967,2421,0.32766825288919105,0.01824817518248175,0.9698189134808853,0.32766825288919105,0.48983739837398377
0.5496368462085627,1446,46,2967,2420,0.32766825288919105,0.0186536901865369,0.9691689008042895,0.32766825288919105,0.48975444538526675
0.5496188746439196,1447,46,2966,2420,0.32789485610695673,0.0186536901865369,0.9691895512391159,0.32789485610695673,0.49001015916017615
0.5495676485810933,1448,46,2965,2420,0.3281214593247224,0.0186536901865369,0.9692101740294511,0.3281214593247224,0.4902657863551719
0.5494805331026651,1449,46,2964,2420,0.3283480625424881,0.0186536901865369,0.9692307692307692,0.3283480625424881,0.490521327014218
0.5494556082132298,1451,46,2962,2420,0.3288012689780195,0.0186536901865369,0.9692718770875084,0.3288012689780195,0.4910321489001692
0.5493979963471752,1452,46,2961,2420,0.32902787219578516,0.0186536901865369,0.9692923898531375,0.32902787219578516,0.4912874302148536
0.5493242697488002,1453,46,2960,2420,0.32925447541355085,0.0186536901865369,0.9693128752501667,0.32925447541355085,0.49154262516914743
0.5491506888050779,1454,46,2959,2420,0.32948107863131654,0.0186536901865369,0.9693333333333334,0.32948107863131654,0.49179773380686626
0.5491196241410458,1457,46,2956,2420,0.33016088828461365,0.0186536901865369,0.9693945442448436,0.33016088828461365,0.4925625422582826
0.5490355350535766,1458,46,2955,2420,0.33038749150237934,0.0186536901865369,0.9694148936170213,0.33038749150237934,0.4928173060672638
0.5489648619325415,1459,46,2954,2420,0.330614094720145,0.0186536901865369,0.9694352159468439,0.330614094720145,0.4930719837783034
0.5488957489058733,1461,46,2952,2420,0.3310673011556764,0.0186536901865369,0.9694757796947578,0.3310673011556764,0.4935810810810811
0.5487838455182105,1465,46,2948,2420,0.3319737140267392,0.0186536901865369,0.9695565850430179,0.3319737140267392,0.49459824442943967
0.548769700422058,1466,46,2947,2420,0.3322003172445049,0.0186536901865369,0.9695767195767195,0.3322003172445049,0.49485232067510543
0.5486719649442935,1469,46,2944,2420,0.33288012689780194,0.0186536901865369,0.9696369636963696,0.33288012689780194,0.4956140350877193
0.5485887483605467,1470,46,2943,2420,0.33310673011556763,0.0186536901865369,0.9696569920844327,0.33310673011556763,0.4958677685950413
0.5485716527318675,1471,46,2942,2420,0.3333333333333333,0.0186536901865369,0.969676994067238,0.3333333333333333,0.4961214165261383
0.5485173289026987,1473,46,2940,2420,0.33378653976886474,0.0186536901865369,0.9697169190256748,0.33378653976886474,0.49662845583277143
0.5484482722190943,1475,46,2938,2420,0.3342397462043961,0.0186536901865369,0.9697567389875082,0.3342397462043961,0.4971351533535558
0.5482789655380866,1476,46,2937,2420,0.3344663494221618,0.0186536901865369,0.9697766097240473,0.3344663494221618,0.4973883740522325
0.5482246706930788,1477,46,2936,2420,0.3346929526399275,0.0186536901865369,0.9697964543663822,0.3346929526399275,0.4976415094339622
0.548112904118145,1479,46,2934,2420,0.33514615907545886,0.0186536901865369,0.9698360655737704,0.33514615907545886,0.4981475244189963
0.5480650111329914,1480,46,2933,2420,0.33537276229322455,0.0186536901865369,0.9698558322411533,0.33537276229322455,0.4984004041084358
0.5480584883978907,1481,46,2932,2420,0.33559936551099023,0.0186536901865369,0.9698755730189915,0.33559936551099023,0.4986531986531986
0.5480554330381473,1482,46,2931,2420,0.335825968728756,0.0186536901865369,0.9698952879581152,0.335825968728756,0.49890590809628005
0.5480011603290652,1483,46,2930,2420,0.33605257194652166,0.0186536901865369,0.9699149771092217,0.33605257194652166,0.49915853248064623
0.5479532771078555,1484,46,2929,2420,0.33627917516428735,0.0186536901865369,0.9699346405228758,0.33627917516428735,0.4994110718492344
0.5478894393211939,1485,46,2928,2420,0.33650577838205303,0.0186536901865369,0.9699542782495101,0.33650577838205303,0.49966352624495286
0.5478298984127027,1486,46,2927,2420,0.3367323815998187,0.0186536901865369,0.9699738903394256,0.3367323815998187,0.4999158957106812
0.5477777410898869,1488,47,2925,2419,0.3371855880353501,0.019059205190592052,0.9693811074918567,0.3371855880353501,0.5003362474781439
0.5477298773905935,1489,47,2924,2419,0.3374121912531158,0.019059205190592052,0.9694010416666666,0.3374121912531158,0.5005883341738108
0.5476679011773741,1490,47,2923,2419,0.33763879447088146,0.019059205190592052,0.9694209499024072,0.33763879447088146,0.5008403361344538
0.5476245919730911,1491,47,2922,2419,0.33786539768864715,0.019059205190592052,0.9694408322496749,0.33786539768864715,0.5010922534027895
0.5475544129383924,1492,47,2921,2419,0.3380920009064129,0.019059205190592052,0.9694606887589343,0.3380920009064129,0.5013440860215054
0.5474970004176642,1493,47,2920,2419,0.3383186041241786,0.019059205190592052,0.9694805194805195,0.3383186041241786,0.5015958340332606
0.5474587287482476,1494,47,2919,2419,0.33854520734194427,0.019059205190592052,0.9695003244646333,0.33854520734194427,0.5018474974806852
0.5474427830089209,1495,47,2918,2419,0.33877181055970995,0.019059205190592052,0.9695201037613489,0.33877181055970995,0.5020990764063811
0.5474134020918774,1496,47,2917,2419,0.33899841377747564,0.019059205190592052,0.9695398574206092,0.33899841377747564,0.5023505708529215
0.547347118325914,1497,47,2916,2419,0.3392250169952413,0.019059205190592052,0.969559585492228,0.3392250169952413,0.5026019808628504
0.5472884933962325,1498,47,2915,2419,0.339451620213007,0.019059205190592052,0.96957928802589,0.339451620213007,0.5028533064786842
0.5472195914193263,1499,47,2914,2419,0.3396782234307727,0.019059205190592052,0.9695989650711514,0.3396782234307727,0.5031045477429099
0.5471769176797837,1500,47,2913,2419,0.3399048266485384,0.019059205190592052,0.9696186166774402,0.3399048266485384,0.5033557046979865
0.5471080297499249,1501,47,2912,2419,0.3401314298663041,0.019059205190592052,0.9696382428940569,0.3401314298663041,0.5036067773863446
0.547002863864862,1502,47,2911,2419,0.3403580330840698,0.019059205190592052,0.9696578437701743,0.3403580330840698,0.5038577658503859
0.5469948902521293,1503,47,2910,2419,0.3405846363018355,0.019059205190592052,0.9696774193548388,0.3405846363018355,0.5041086701324837
0.5468849746387245,1504,47,2909,2419,0.3408112395196012,0.019059205190592052,0.9696969696969697,0.3408112395196012,0.5043594902749832
0.546773481187653,1505,47,2908,2419,0.34103784273736687,0.019059205190592052,0.9697164948453608,0.34103784273736687,0.5046102263202011
0.5466451671880022,1506,47,2907,2419,0.34126444595513256,0.019059205190592052,0.96973599484868,0.34126444595513256,0.5048608783104257
0.5466046915167725,1507,47,2906,2419,0.34149104917289824,0.019059205190592052,0.9697554697554698,0.34149104917289824,0.5051114462879169
0.5465505624713926,1509,47,2904,2419,0.3419442556084296,0.019059205190592052,0.9697943444730077,0.3419442556084296,0.505612330373597
0.5464734755314021,1510,47,2903,2419,0.34217085882619536,0.019059205190592052,0.9698137443802184,0.34217085882619536,0.5058626465661642
0.5464455037434843,1511,47,2902,2419,0.34239746204396104,0.019059205190592052,0.9698331193838254,0.34239746204396104,0.5061128789147548
0.5464391371969365,1512,47,2901,2419,0.34262406526172673,0.019059205190592052,0.9698524695317511,0.34262406526172673,0.506363027461487
0.5464098101449457,1513,47,2900,2419,0.3428506684794924,0.019059205190592052,0.9698717948717949,0.3428506684794924,0.5066130922484513
0.546391390462115,1514,47,2899,2419,0.3430772716972581,0.019059205190592052,0.9698910954516335,0.3430772716972581,0.5068630733177101
0.5462799976380598,1515,47,2898,2419,0.3433038749150238,0.019059205190592052,0.9699103713188221,0.3433038749150238,0.5071129707112971
0.5462411327397797,1515,48,2898,2418,0.3433038749150238,0.019464720194647202,0.9692898272552783,0.3433038749150238,0.5070281124497993
0.5461049976526826,1516,48,2897,2418,0.3435304781327895,0.019464720194647202,0.969309462915601,0.3435304781327895,0.5072778986113434
0.5461018163537327,1517,48,2896,2418,0.34375708135055516,0.019464720194647202,0.9693290734824281,0.34375708135055516,0.5075276012044162
0.5460624108323309,1519,48,2894,2418,0.3442102877860866,0.019464720194647202,0.9693682195277601,0.3442102877860866,0.5080267558528428
0.5460572801142916,1521,49,2892,2417,0.34466349422161796,0.019870235198702353,0.9687898089171975,0.34466349422161796,0.5084405816480027
0.5459828901198036,1522,49,2891,2417,0.34489009743938365,0.019870235198702353,0.9688096753660089,0.34489009743938365,0.5086898395721925
0.5459510850773595,1523,49,2890,2417,0.34511670065714933,0.019870235198702353,0.9688295165394402,0.34511670065714933,0.5089390142021721
0.5458410128958434,1524,49,2889,2417,0.345343303874915,0.019870235198702353,0.9688493324856962,0.345343303874915,0.509188105579686
0.5457710624298754,1526,49,2887,2417,0.3457965103104464,0.019870235198702353,0.9688888888888889,0.3457965103104464,0.509686038744155
0.5456808170098018,1527,49,2886,2417,0.3460231135282121,0.019870235198702353,0.9689086294416244,0.3460231135282121,0.5099348806144598
0.5456597960721089,1528,49,2885,2417,0.3462497167459778,0.019870235198702353,0.9689283449587826,0.3462497167459778,0.5101836393989984
0.545612117434522,1529,49,2884,2417,0.3464763199637435,0.019870235198702353,0.9689480354879595,0.3464763199637435,0.5104323151393758
0.5455879610283547,1530,49,2883,2417,0.3467029231815092,0.019870235198702353,0.9689677010766308,0.3467029231815092,0.5106809078771696
0.545500883480875,1531,49,2882,2417,0.3469295263992749,0.019870235198702353,0.9689873417721518,0.3469295263992749,0.5109294176539295
0.5453896722044964,1532,49,2881,2417,0.34715612961704057,0.019870235198702353,0.9690069576217584,0.34715612961704057,0.5111778445111779
0.5453324866625292,1533,49,2880,2417,0.34738273283480625,0.019870235198702353,0.9690265486725663,0.34738273283480625,0.5114261884904086
0.5452149574335486,1534,49,2879,2417,0.34760933605257194,0.019870235198702353,0.969046114971573,0.34760933605257194,0.5116744496330887
0.5451724400210636,1535,49,2878,2417,0.3478359392703376,0.019870235198702353,0.9690656565656566,0.3478359392703376,0.5119226279806569
0.5451673176650526,1536,49,2877,2417,0.3480625424881033,0.019870235198702353,0.9690851735015773,0.3480625424881033,0.5121707235745248
0.5451038044489191,1537,49,2876,2417,0.348289145705869,0.019870235198702353,0.9691046658259773,0.348289145705869,0.512418736456076
0.5450466488809382,1538,49,2875,2417,0.34851574892363474,0.019870235198702353,0.9691241335853812,0.34851574892363474,0.5126666666666667
0.544992674125051,1539,49,2874,2417,0.3487423521414004,0.019870235198702353,0.9691435768261965,0.3487423521414004,0.5129145142476255
0.5448339558198504,1540,49,2873,2417,0.3489689553591661,0.019870235198702353,0.9691629955947136,0.3489689553591661,0.5131622792402533
0.5448244341915816,1541,49,2872,2417,0.3491955585769318,0.019870235198702353,0.9691823899371069,0.3491955585769318,0.5134099616858236
0.5447768285462081,1542,49,2871,2417,0.3494221617946975,0.019870235198702353,0.9692017598994344,0.3494221617946975,0.513657561625583
0.5447704814411202,1543,49,2870,2417,0.34964876501246317,0.019870235198702353,0.9692211055276382,0.34964876501246317,0.5139050791007493
0.5446169449817962,1544,49,2869,2417,0.34987536823022886,0.019870235198702353,0.9692404268675455,0.34987536823022886,0.5141525141525142
0.5446023100988154,1545,49,2868,2417,0.35010197144799454,0.019870235198702353,0.9692597239648683,0.35010197144799454,0.5143998668220409
0.5445547238621912,1546,49,2867,2417,0.35032857466576023,0.019870235198702353,0.9692789968652038,0.35032857466576023,0.514647137150466
0.5445367820309719,1547,49,2866,2417,0.35055517788352597,0.019870235198702353,0.9692982456140351,0.35055517788352597,0.5148943251788983
0.5444816472079508,1548,49,2865,2417,0.35078178110129166,0.019870235198702353,0.9693174702567313,0.35078178110129166,0.5151414309484192
0.5444681620357004,1549,49,2864,2417,0.35100838431905734,0.019870235198702353,0.9693366708385481,0.35100838431905734,0.5153884545000832
0.5444373622554677,1550,49,2863,2417,0.35123498753682303,0.019870235198702353,0.9693558474046279,0.35123498753682303,0.5156353958749169
0.5443917341451455,1551,49,2862,2417,0.3514615907545887,0.019870235198702353,0.969375,0.3514615907545887,0.5158822551139198
0.5443897904316488,1553,49,2860,2417,0.3519147971901201,0.019870235198702353,0.9694132334581773,0.3519147971901201,0.5163757273482958
0.5443406299587679,1553,50,2860,2416,0.3519147971901201,0.0202757502027575,0.9688084840923269,0.3519147971901201,0.5162898936170213
0.5443263677991832,1554,50,2859,2416,0.3521414004078858,0.0202757502027575,0.9688279301745636,0.3521414004078858,0.5165364799734087
0.5442153959713409,1556,50,2857,2416,0.3525946068434172,0.0202757502027575,0.9688667496886675,0.3525946068434172,0.517029406878219
0.5442152596143501,1557,50,2856,2416,0.3528212100611829,0.0202757502027575,0.9688861232109521,0.3528212100611829,0.5172757475083057
0.5441044467673275,1558,50,2855,2416,0.3530478132789486,0.0202757502027575,0.9689054726368159,0.3530478132789486,0.517522006311244
0.5439935201825304,1558,51,2855,2415,0.3530478132789486,0.02068126520681265,0.9683032939714108,0.3530478132789486,0.5174360677515776
0.5438826162123387,1559,51,2854,2415,0.35327441649671426,0.02068126520681265,0.9683229813664597,0.35327441649671426,0.5176822181637059
0.5438645984635053,1560,51,2853,2415,0.35350101971447995,0.02068126520681265,0.9683426443202979,0.35350101971447995,0.5179282868525896
0.5436958890225113,1561,51,2852,2415,0.35372762293224563,0.02068126520681265,0.9683622828784119,0.35372762293224563,0.5181742738589211
0.5436133721212839,1562,51,2851,2415,0.3539542261500113,0.02068126520681265,0.9683818970861748,0.3539542261500113,0.5184201792233655
0.5435563728290538,1563,51,2850,2415,0.354180829367777,0.02068126520681265,0.9684014869888475,0.354180829367777,0.5186660029865604
0.5435468735280834,1564,51,2849,2415,0.3544074325855427,0.02068126520681265,0.968421052631579,0.3544074325855427,0.5189117451891174
0.5434506641585729,1565,51,2848,2415,0.35463403580330843,0.02068126520681265,0.968440594059406,0.35463403580330843,0.5191574058716204
0.543439226385428,1566,51,2847,2415,0.3548606390210741,0.02068126520681265,0.9684601113172542,0.3548606390210741,0.5194029850746269
0.5433442613170423,1566,52,2847,2414,0.3548606390210741,0.021086780210867802,0.9678615574783683,0.3548606390210741,0.5193168628751451
0.543328435419124,1568,52,2845,2414,0.3553138454566055,0.021086780210867802,0.9679012345679012,0.3553138454566055,0.5198077241836565
0.5432176670397766,1569,52,2844,2414,0.3555404486743712,0.021086780210867802,0.9679210363972857,0.3555404486743712,0.5200530328140537
0.543106921242781,1570,52,2843,2414,0.35576705189213687,0.021086780210867802,0.967940813810111,0.35576705189213687,0.52029826014913
0.5430594656701783,1572,52,2841,2414,0.35622025832766824,0.021086780210867802,0.9679802955665024,0.35622025832766824,0.5207884710949147
0.5429538536362153,1573,52,2840,2414,0.3564468615454339,0.021086780210867802,0.968,0.3564468615454339,0.5210334547863531
0.542948570189109,1574,52,2839,2414,0.3566734647631996,0.021086780210867802,0.968019680196802,0.3566734647631996,0.521278357343931
0.5429036169497591,1575,52,2838,2414,0.35690006798096535,0.021086780210867802,0.968039336201598,0.35690006798096535,0.5215231788079471
0.5428739354781962,1576,52,2837,2414,0.35712667119873104,0.021086780210867802,0.9680589680589681,0.35712667119873104,0.5217679192186725
0.5428380611523926,1576,53,2837,2413,0.35712667119873104,0.021492295214922953,0.9674647022713321,0.35712667119873104,0.5216815623965574
0.542774819299871,1577,53,2836,2413,0.3573532744164967,0.021492295214922953,0.9674846625766871,0.3573532744164967,0.5219261955982128
0.5427486374525057,1578,53,2835,2413,0.3575798776342624,0.021492295214922953,0.967504598405886,0.3575798776342624,0.5221707478491067
0.5426526066007874,1579,53,2834,2413,0.3578064808520281,0.021492295214922953,0.9675245098039216,0.3578064808520281,0.5224152191894127
0.5426167469008921,1580,53,2833,2413,0.3580330840697938,0.021492295214922953,0.9675443968156767,0.3580330840697938,0.5226596096592789
0.5425744321042513,1581,53,2832,2413,0.35825968728755947,0.021492295214922953,0.9675642594859241,0.35825968728755947,0.5229039192988258
0.5425535308319773,1582,53,2831,2413,0.35848629050532516,0.021492295214922953,0.9675840978593272,0.35848629050532516,0.5231481481481481
0.5425454054912734,1582,54,2831,2412,0.35848629050532516,0.021897810218978103,0.9669926650366748,0.35848629050532516,0.5230616630848074
0.5425244123180875,1583,54,2830,2412,0.35871289372309084,0.021897810218978103,0.9670128283445327,0.35871289372309084,0.5233057851239669
0.5424429204324442,1584,54,2829,2412,0.3589394969408566,0.021897810218978103,0.967032967032967,0.3589394969408566,0.5235498264749628
0.5423955228788749,1585,54,2828,2412,0.35916610015862227,0.021897810218978103,0.9670530811470409,0.35916610015862227,0.5237937871777925
0.5423387976660672,1585,55,2828,2411,0.35916610015862227,0.022303325223033254,0.9664634146341463,0.35916610015862227,0.5237072526020156
0.5423271010283558,1586,55,2827,2411,0.35939270337638796,0.022303325223033254,0.9664838513101767,0.35939270337638796,0.5239511067063098
0.5423146398044666,1587,55,2826,2411,0.35961930659415364,0.022303325223033254,0.9665042630937881,0.35961930659415364,0.5241948802642444
0.5422607997260674,1588,55,2825,2411,0.35984590981191933,0.022303325223033254,0.9665246500304321,0.35984590981191933,0.52443857331572
0.5422280846893069,1589,55,2824,2411,0.360072513029685,0.022303325223033254,0.9665450121654501,0.360072513029685,0.5246821859006109
0.542111224516323,1590,55,2823,2411,0.3602991162474507,0.022303325223033254,0.9665653495440729,0.3602991162474507,0.5249257180587652
0.5420884455239208,1591,55,2822,2411,0.3605257194652164,0.022303325223033254,0.9665856622114216,0.3605257194652164,0.525169169830005
0.5419438740900221,1592,55,2821,2411,0.3607523226829821,0.022303325223033254,0.9666059502125076,0.3607523226829821,0.5254125412541254
0.5418902065950129,1593,55,2820,2411,0.3609789259007478,0.022303325223033254,0.966626213592233,0.3609789259007478,0.525655832370896
0.5418479484560509,1594,55,2819,2411,0.3612055291185135,0.022303325223033254,0.9666464523953912,0.3612055291185135,0.5258990432200594
0.5417797314274055,1595,55,2818,2411,0.3614321323362792,0.022303325223033254,0.9666666666666667,0.3614321323362792,0.5261421738413327
0.5417437936713095,1596,55,2817,2411,0.3616587355540449,0.022303325223033254,0.966686856450636,0.3616587355540449,0.5263852242744064
0.5416755897554386,1596,56,2817,2410,0.3616587355540449,0.0227088402270884,0.9661016949152542,0.3616587355540449,0.5262984336356141
0.5416270378719898,1597,56,2816,2410,0.36188533877181056,0.0227088402270884,0.9661222020568663,0.36188533877181056,0.5265413781734256
0.5416124833334439,1598,56,2815,2410,0.36211194198957625,0.0227088402270884,0.966142684401451,0.36211194198957625,0.5267842426240316
0.5415588486553234,1598,57,2815,2409,0.36211194198957625,0.023114355231143552,0.965558912386707,0.36211194198957625,0.5266974291364536
0.5414920218242745,1598,58,2815,2408,0.36211194198957625,0.023519870235198703,0.964975845410628,0.36211194198957625,0.526610644257703
0.5413064428718938,1599,58,2814,2408,0.36233854520734193,0.023519870235198703,0.9649969824984912,0.36233854520734193,0.5268533772652388
0.5412276933361699,1601,58,2812,2408,0.3627917516428733,0.023519870235198703,0.9650391802290537,0.3627917516428733,0.5273386034255599
0.5411173532351544,1603,58,2810,2408,0.36324495807840473,0.023519870235198703,0.9650812763395545,0.36324495807840473,0.5278235100428054
0.5410700715069372,1604,58,2809,2408,0.3634715612961704,0.023519870235198703,0.9651022864019254,0.3634715612961704,0.5280658436213992
0.540986906363775,1605,58,2808,2408,0.3636981645139361,0.023519870235198703,0.9651232711966325,0.3636981645139361,0.5283080974325214
0.5409597635402873,1606,58,2807,2408,0.3639247677317018,0.023519870235198703,0.9651442307692307,0.3639247677317018,0.5285502715155505
0.5408967405136533,1607,58,2806,2408,0.3641513709494675,0.023519870235198703,0.9651651651651652,0.3641513709494675,0.5287923659098388
0.5408494780621248,1608,58,2805,2408,0.36437797416723317,0.023519870235198703,0.9651860744297719,0.36437797416723317,0.5290343806547129
0.5407392150678649,1609,58,2804,2408,0.36460457738499885,0.023519870235198703,0.9652069586082783,0.36460457738499885,0.5292763157894737
0.5406195264117573,1610,58,2803,2408,0.36483118060276454,0.023519870235198703,0.9652278177458034,0.36483118060276454,0.5295181713533957
0.5405187565127191,1611,58,2802,2408,0.3650577838205302,0.023519870235198703,0.9652486518873576,0.3650577838205302,0.5297599473857284
0.5404557848643937,1612,58,2801,2408,0.36528438703829597,0.023519870235198703,0.9652694610778443,0.36528438703829597,0.5300016439256946
0.5402417361307839,1613,58,2800,2408,0.36551099025606165,0.023519870235198703,0.9652902453620587,0.36551099025606165,0.5302432610124918
0.5402354418633106,1614,58,2799,2408,0.36573759347382734,0.023519870235198703,0.965311004784689,0.36573759347382734,0.5304847986852917
0.5401410366507496,1615,58,2798,2408,0.365964196691593,0.023519870235198703,0.9653317393903168,0.365964196691593,0.5307262569832402
0.5400963158601693,1616,58,2797,2408,0.3661907999093587,0.023519870235198703,0.965352449223417,0.3661907999093587,0.5309676359454575
0.5400666068976969,1617,58,2796,2408,0.3664174031271244,0.023519870235198703,0.9653731343283583,0.3664174031271244,0.5312089356110381
0.5400422841248865,1618,58,2795,2408,0.3666440063448901,0.023519870235198703,0.9653937947494033,0.3666440063448901,0.5314501560190507
0.5400214803970438,1619,58,2794,2408,0.36687060956265577,0.023519870235198703,0.9654144305307096,0.36687060956265577,0.5316912972085385
0.539958566682502,1620,58,2793,2408,0.36709721278042146,0.023519870235198703,0.965435041716329,0.36709721278042146,0.5319323592185191
0.5399356391700024,1621,58,2792,2408,0.3673238159981872,0.023519870235198703,0.9654556283502085,0.3673238159981872,0.5321733420879842
0.5399050957880643,1622,58,2791,2408,0.3675504192159529,0.023519870235198703,0.9654761904761905,0.3675504192159529,0.5324142458559004
0.5398755723831227,1623,58,2790,2408,0.36777702243371857,0.023519870235198703,0.9654967281380131,0.36777702243371857,0.5326550705612078
0.5398484853183635,1624,58,2789,2408,0.36800362565148426,0.023519870235198703,0.9655172413793104,0.36800362565148426,0.5328958162428219
0.5397950253250382,1625,58,2788,2408,0.36823022886924994,0.023519870235198703,0.9655377302436126,0.36823022886924994,0.5331364829396326
0.5397835292439672,1626,58,2787,2408,0.36845683208701563,0.023519870235198703,0.9655581947743468,0.36845683208701563,0.5333770706905034
0.539574042879602,1627,58,2786,2408,0.3686834353047813,0.023519870235198703,0.9655786350148368,0.3686834353047813,0.5336175795342736
0.539516314368247,1628,58,2785,2408,0.368910038522547,0.023519870235198703,0.9655990510083037,0.368910038522547,0.5338580095097557
0.539471233848545,1629,58,2784,2408,0.3691366417403127,0.023519870235198703,0.965619442797866,0.3691366417403127,0.5340983606557377
0.5394649485580668,1630,59,2783,2407,0.36936324495807843,0.023925385239253853,0.9650680876258141,0.36936324495807843,0.5342510652245165
0.5394178112135926,1631,59,2782,2407,0.3695898481758441,0.023925385239253853,0.9650887573964497,0.3695898481758441,0.5344912338194331
0.5393549678278656,1632,59,2781,2407,0.3698164513936098,0.023925385239253853,0.9651094027202839,0.3698164513936098,0.5347313237221495
0.5393549678278655,1633,59,2780,2407,0.3700430546113755,0.023925385239253853,0.9651300236406619,0.3700430546113755,0.534971334971335
0.5393141235532948,1634,59,2779,2407,0.3702696578291412,0.023925385239253853,0.965150620200827,0.3702696578291412,0.5352112676056338
0.5392984150405287,1635,59,2778,2407,0.37049626104690686,0.023925385239253853,0.9651711924439197,0.37049626104690686,0.5354511216636646
0.5392846328678302,1636,59,2777,2407,0.37072286426467255,0.023925385239253853,0.9651917404129794,0.37072286426467255,0.5356908971840209
0.5392029576604646,1637,59,2776,2407,0.37094946748243823,0.023925385239253853,0.9652122641509434,0.37094946748243823,0.5359305942052709
0.5391507773832225,1638,59,2775,2407,0.3711760707002039,0.023925385239253853,0.9652327637006483,0.3711760707002039,0.5361702127659573
0.5391223929594507,1638,60,2775,2406,0.3711760707002039,0.024330900243309004,0.9646643109540636,0.3711760707002039,0.5360824742268041
0.5390785438973615,1638,61,2775,2405,0.3711760707002039,0.02473641524736415,0.9640965273690406,0.3711760707002039,0.5359947643979057
0.5390475521818812,1639,61,2774,2405,0.37140267391796966,0.02473641524736415,0.9641176470588235,0.37140267391796966,0.5362342548666775
0.5389152690790914,1640,61,2773,2405,0.37162927713573535,0.02473641524736415,0.9641387419165197,0.37162927713573535,0.5364736669937847
0.5388732429342149,1641,61,2772,2405,0.37185588035350103,0.02473641524736415,0.964159811985899,0.37185588035350103,0.5367130008176615
0.5388244059282226,1642,61,2771,2405,0.3720824835712667,0.02473641524736415,0.9641808573106283,0.3720824835712667,0.5369522563767168
0.5388054004120568,1643,61,2770,2405,0.3723090867890324,0.02473641524736415,0.9642018779342723,0.3723090867890324,0.5371914337093346
0.5387624753670085,1643,62,2770,2404,0.3723090867890324,0.025141930251419302,0.9636363636363636,0.3723090867890324,0.5371036286368094
0.5386955541439498,1644,62,2769,2404,0.3725356900067981,0.025141930251419302,0.9636576787807737,0.3725356900067981,0.5373427030560549
0.5386484840275867,1645,62,2768,2404,0.3727622932245638,0.025141930251419302,0.9636789689513767,0.3727622932245638,0.5375816993464052
0.5385857302702035,1646,62,2767,2404,0.37298889644232947,0.025141930251419302,0.9637002341920374,0.37298889644232947,0.5378206175461525
0.5385512188199914,1647,62,2766,2404,0.37321549966009515,0.025141930251419302,0.9637214745465185,0.37321549966009515,0.5380594576935641
0.5385355325282245,1648,62,2765,2404,0.3734421028778609,0.025141930251419302,0.9637426900584796,0.3734421028778609,0.5382982198268823
0.5384759287862528,1649,62,2764,2404,0.3736687060956266,0.025141930251419302,0.9637638807714787,0.3736687060956266,0.538536903984324
0.5384288778603046,1650,63,2763,2403,0.37389530931339227,0.025547445255474453,0.9632224168126094,0.37389530931339227,0.5386875612144956
0.5382082553985943,1651,63,2762,2403,0.37412191253115795,0.025547445255474453,0.9632438739789965,0.37412191253115795,0.5389260649583809
0.5381466586275315,1656,63,2757,2403,0.3752549286199864,0.025547445255474453,0.9633507853403142,0.3752549286199864,0.5401174168297457
0.5380996364725368,1657,63,2756,2403,0.37548153183775207,0.025547445255474453,0.9633720930232558,0.37548153183775207,0.5403554541007662
0.537817589812699,1659,63,2754,2403,0.3759347382732835,0.025547445255474453,0.9634146341463414,0.3759347382732835,0.5408312958435209
0.5377705964110646,1660,63,2753,2403,0.3761613414910492,0.025547445255474453,0.963435867672664,0.3761613414910492,0.5410691003911343
0.5376913775357584,1661,63,2752,2403,0.37638794470881487,0.025547445255474453,0.9634570765661253,0.37638794470881487,0.5413068274401174
0.5375983223997239,1662,63,2751,2403,0.37661454792658056,0.025547445255474453,0.9634782608695652,0.37661454792658056,0.541544477028348
0.5373916664323544,1663,63,2750,2403,0.37684115114434624,0.025547445255474453,0.9634994206257242,0.37684115114434624,0.5417820491936798
0.5373659553427785,1664,63,2749,2403,0.37706775436211193,0.025547445255474453,0.9635205558772437,0.37706775436211193,0.5420195439739414
0.5372695888844788,1666,63,2747,2403,0.3775209607976433,0.025547445255474453,0.9635627530364372,0.3775209607976433,0.5424943015304461
0.5372276910744227,1667,63,2746,2403,0.37774756401540904,0.025547445255474453,0.9635838150289018,0.37774756401540904,0.5427315643822237
0.5371904438124877,1668,63,2745,2403,0.37797416723317473,0.025547445255474453,0.9636048526863085,0.37797416723317473,0.54296875
0.5371633109913941,1669,63,2744,2403,0.3782007704509404,0.025547445255474453,0.9636258660508084,0.3782007704509404,0.543205858421481
0.5371287646348302,1670,63,2743,2403,0.3784273736687061,0.025547445255474453,0.9636468551644547,0.3784273736687061,0.5434428896843475
0.5370568020509794,1671,63,2742,2403,0.3786539768864718,0.025547445255474453,0.9636678200692042,0.3786539768864718,0.5436798438262567
0.5370505448906484,1672,63,2741,2403,0.3788805801042375,0.025547445255474453,0.9636887608069165,0.3788805801042375,0.5439167208848407
0.5369473122696562,1673,63,2740,2403,0.37910718332200316,0.025547445255474453,0.9637096774193549,0.37910718332200316,0.544153520897707
0.5369423988111208,1674,63,2739,2403,0.37933378653976885,0.025547445255474453,0.9637305699481865,0.37933378653976885,0.544390243902439
0.5369410563849727,1675,63,2738,2403,0.37956038975753453,0.025547445255474453,0.9637514384349828,0.37956038975753453,0.5446268899365957
0.5369003949110945,1676,63,2737,2403,0.3797869929753003,0.025547445255474453,0.9637722829212191,0.3797869929753003,0.5448634590377114
0.5368315902007209,1677,63,2736,2403,0.38001359619306596,0.025547445255474453,0.9637931034482758,0.38001359619306596,0.545099951243296
0.5368315902007208,1678,63,2735,2403,0.38024019941083165,0.025547445255474453,0.9638139000574383,0.38024019941083165,0.5453363665908353
0.5367746727799761,1679,63,2734,2403,0.38046680262859733,0.025547445255474453,0.9638346727898967,0.38046680262859733,0.5455727051177904
0.5367221463333423,1680,63,2733,2403,0.380693405846363,0.025547445255474453,0.963855421686747,0.380693405846363,0.5458089668615984
0.5366127247782873,1681,63,2732,2403,0.3809200090641287,0.025547445255474453,0.9638761467889908,0.3809200090641287,0.546045151859672
0.5365033255310069,1683,63,2730,2403,0.3813732154996601,0.025547445255474453,0.9639175257731959,0.3813732154996601,0.5465172917681442
0.5364918995536714,1684,63,2729,2403,0.38159981871742576,0.025547445255474453,0.9639381797366915,0.38159981871742576,0.5467532467532467
0.5364564469670988,1685,63,2728,2403,0.3818264219351915,0.025547445255474453,0.9639588100686499,0.3818264219351915,0.5469891251420224
0.5363939485869533,1685,64,2728,2402,0.3818264219351915,0.025952960259529603,0.9634076615208691,0.3818264219351915,0.5469003570269393
0.5363939485869532,1685,65,2728,2401,0.3818264219351915,0.026358475263584754,0.9628571428571429,0.3818264219351915,0.5468116177186436
0.5361219306733684,1686,65,2727,2401,0.3820530251529572,0.026358475263584754,0.9628783552255854,0.3820530251529572,0.5470473718364699
0.5361118929654042,1686,66,2727,2400,0.3820530251529572,0.0267639902676399,0.9623287671232876,0.3820530251529572,0.5469586374695863
0.5360721972175507,1687,66,2726,2400,0.3822796283707229,0.0267639902676399,0.9623502567027952,0.3822796283707229,0.5471942912747324
0.5360241475816954,1688,66,2725,2400,0.38250623158848857,0.0267639902676399,0.9623717217787914,0.38250623158848857,0.5474298686557484
0.5359098329543625,1689,66,2724,2400,0.38273283480625425,0.0267639902676399,0.9623931623931624,0.38273283480625425,0.5476653696498054
0.5358437828465965,1690,66,2723,2400,0.38295943802401994,0.0267639902676399,0.9624145785876993,0.38295943802401994,0.5479007942940509
0.5357600018980004,1691,66,2722,2400,0.3831860412417856,0.0267639902676399,0.9624359704040979,0.3831860412417856,0.5481361426256078
0.5356341047042936,1692,66,2721,2400,0.3834126444595513,0.0267639902676399,0.962457337883959,0.3834126444595513,0.5483714146815751
0.5355533875625262,1693,66,2720,2400,0.383639247677317,0.0267639902676399,0.9624786810687891,0.383639247677317,0.5486066104990279
0.5355386250247305,1693,67,2720,2399,0.383639247677317,0.027169505271695052,0.9619318181818182,0.383639247677317,0.5485177385387979
0.5355197354052491,1694,67,2719,2399,0.3838658508950827,0.027169505271695052,0.9619534355479841,0.3838658508950827,0.5487528344671201
0.5354467809522718,1695,67,2718,2399,0.3840924541128484,0.027169505271695052,0.9619750283768445,0.3840924541128484,0.5489878542510123
0.5354167970386375,1696,67,2717,2399,0.3843190573306141,0.027169505271695052,0.9619965967101531,0.3843190573306141,0.5492227979274612
0.5354105589857348,1696,68,2717,2398,0.3843190573306141,0.027575020275750203,0.9614512471655329,0.3843190573306141,0.5491338837623443
0.5353940623770097,1697,68,2716,2398,0.3845456605483798,0.027575020275750203,0.9614730878186969,0.3845456605483798,0.5493687277436063
0.5353544197800422,1698,69,2715,2397,0.3847722637661455,0.027980535279805353,0.9609507640067911,0.3847722637661455,0.5495145631067961
0.53532062107586,1699,69,2714,2397,0.38499886698391117,0.027980535279805353,0.9609728506787331,0.38499886698391117,0.5497492315159359
0.5351922729155651,1701,69,2712,2397,0.38545207341944254,0.027980535279805353,0.9610169491525423,0.38545207341944254,0.5502183406113537
0.5350831632558354,1701,70,2712,2396,0.38545207341944254,0.028386050283860504,0.9604743083003953,0.38545207341944254,0.5501293661060801
0.5350426424764936,1702,70,2711,2396,0.38567867663720823,0.028386050283860504,0.9604966139954854,0.38567867663720823,0.5503637833468068
0.5350364087828039,1703,70,2710,2396,0.3859052798549739,0.028386050283860504,0.9605188945290468,0.3859052798549739,0.5505981247979308
0.5349135429594714,1704,70,2709,2396,0.38613188307273966,0.028386050283860504,0.9605411499436303,0.38613188307273966,0.5508323904962017
0.5347601548300741,1705,70,2708,2396,0.38635848629050534,0.028386050283860504,0.9605633802816902,0.38635848629050534,0.5510665804783452
0.5346771929326608,1706,70,2707,2396,0.38658508950827103,0.028386050283860504,0.9605855855855856,0.38658508950827103,0.5513006947810631
0.5346469470134575,1707,70,2706,2396,0.3868116927260367,0.028386050283860504,0.9606077658975802,0.3868116927260367,0.5515347334410339
0.5346002306561096,1708,70,2705,2396,0.3870382959438024,0.028386050283860504,0.9606299212598425,0.3870382959438024,0.5517686964949119
0.5345235478179459,1709,70,2704,2396,0.3872648991615681,0.028386050283860504,0.9606520517144463,0.3872648991615681,0.5520025839793281
0.5343729359829842,1710,70,2703,2396,0.3874915023793338,0.028386050283860504,0.9606741573033708,0.3874915023793338,0.5522363959308897
0.5342733304301379,1711,70,2702,2396,0.38771810559709946,0.028386050283860504,0.9606962380685008,0.38771810559709946,0.5524701323861801
0.5342254420316954,1712,70,2701,2396,0.38794470881486515,0.028386050283860504,0.9607182940516273,0.38794470881486515,0.5527037933817593
0.5341956815111466,1713,70,2700,2396,0.3881713120326309,0.028386050283860504,0.9607403252944475,0.3881713120326309,0.5529373789541641
0.5341736096024913,1714,70,2699,2396,0.3883979152503966,0.028386050283860504,0.9607623318385651,0.3883979152503966,0.5531708891399064
0.5341644081152317,1717,70,2696,2396,0.38907772490369363,0.028386050283860504,0.9608282036933408,0.38907772490369363,0.5538709677419354
0.5341083995717362,1717,71,2696,2395,0.38907772490369363,0.02879156528791565,0.9602908277404921,0.38907772490369363,0.5537816481212707
0.53405550800632,1718,71,2695,2395,0.3893043281214593,0.02879156528791565,0.9603130240357741,0.3893043281214593,0.5540148339245404
0.533914188441155,1719,71,2694,2395,0.389530931339225,0.02879156528791565,0.9603351955307262,0.389530931339225,0.5542479445429631
0.53390619538692,1720,71,2693,2395,0.3897575345569907,0.02879156528791565,0.96035734226689,0.3897575345569907,0.5544809800128948
0.5339007258774187,1720,72,2693,2394,0.3897575345569907,0.029197080291970802,0.9598214285714286,0.3897575345569907,0.5543916196615633
0.5338557708697573,1721,72,2692,2394,0.3899841377747564,0.029197080291970802,0.9598438371444507,0.3899841377747564,0.5546245568804382
0.5338377743883727,1722,72,2691,2394,0.3902107409925221,0.029197080291970802,0.959866220735786,0.3902107409925221,0.5548574190430159
0.5336775323743703,1723,72,2690,2394,0.3904373442102878,0.029197080291970802,0.9598885793871866,0.3904373442102878,0.555090206185567
0.5336729779866763,1724,72,2689,2394,0.3906639474280535,0.029197080291970802,0.9599109131403119,0.3906639474280535,0.5553229183443389
0.5336251433994862,1725,72,2688,2394,0.3908905506458192,0.029197080291970802,0.9599332220367279,0.3908905506458192,0.5555555555555556
0.5336108038869145,1726,72,2687,2394,0.39111715386358487,0.029197080291970802,0.9599555061179088,0.39111715386358487,0.5557881178554178
0.5335858194928838,1727,72,2686,2394,0.39134375708135055,0.029197080291970802,0.9599777654252363,0.39134375708135055,0.556020605280103
0.5334923386861179,1728,72,2685,2394,0.39157036029911624,0.029197080291970802,0.96,0.39157036029911624,0.5562530178657653
0.5334601002178937,1729,72,2684,2394,0.3917969635168819,0.029197080291970802,0.9600222098833981,0.3917969635168819,0.5564853556485356
0.5332988394251176,1730,72,2683,2394,0.3920235667346476,0.029197080291970802,0.9600443951165372,0.3920235667346476,0.5567176186645213
0.5332316987036122,1731,72,2682,2394,0.3922501699524133,0.029197080291970802,0.9600665557404326,0.3922501699524133,0.556949806949807
0.5330670893982526,1732,72,2681,2394,0.39247677317017904,0.029197080291970802,0.9600886917960089,0.39247677317017904,0.5571819205404536
0.533060216787976,1733,72,2680,2394,0.3927033763879447,0.029197080291970802,0.9601108033240997,0.3927033763879447,0.5574139594724993
0.5329306418132385,1734,72,2679,2394,0.3929299796057104,0.029197080291970802,0.9601328903654485,0.3929299796057104,0.5576459237819585
0.5329056353149235,1737,72,2676,2394,0.39360978925900747,0.029197080291970802,0.9601990049751243,0.39360978925900747,0.5583413693346191
0.5328892158857479,1738,72,2675,2394,0.39383639247677316,0.029197080291970802,0.9602209944751381,0.39383639247677316,0.558573035513418
0.5328031994343562,1739,73,2674,2393,0.39406299569453884,0.029602595296025953,0.9597130242825607,0.39406299569453884,0.558714859437751
0.5327740960292019,1740,73,2673,2393,0.39428959891230453,0.029602595296025953,0.9597352454495311,0.39428959891230453,0.5589463539993575
0.5327297177513861,1741,73,2672,2393,0.39451620213007027,0.029602595296025953,0.9597574421168688,0.39451620213007027,0.5591777742090894
0.5327218447321157,1742,73,2671,2393,0.39474280534783596,0.029602595296025953,0.9597796143250689,0.39474280534783596,0.5594091201027618
0.5326002883534945,1743,73,2670,2393,0.39496940856560164,0.029602595296025953,0.9598017621145375,0.39496940856560164,0.5596403917161663
0.5325797713092304,1746,74,2667,2392,0.3956492182188987,0.030008110300081103,0.9593406593406594,0.3956492182188987,0.5602438633081983
0.5325588716248699,1747,74,2666,2392,0.3958758214366644,0.030008110300081103,0.9593629873695771,0.3958758214366644,0.560474815527751
0.5325459878397167,1748,74,2665,2392,0.3961024246544301,0.030008110300081103,0.9593852908891328,0.3961024246544301,0.5607056936647955
0.5325332355774701,1750,74,2663,2392,0.3965556310899615,0.030008110300081103,0.9594298245614035,0.3965556310899615,0.5611672278338945
0.5324483124578592,1750,75,2663,2391,0.3965556310899615,0.030413625304136254,0.958904109589041,0.3965556310899615,0.5610772683552421
0.5322842171166191,1751,75,2662,2391,0.3967822343077272,0.030413625304136254,0.9589266155531215,0.3967822343077272,0.5613079019073569
0.5322758113507975,1752,75,2661,2391,0.3970088375254929,0.030413625304136254,0.9589490968801314,0.3970088375254929,0.5615384615384615
0.5322541065646132,1754,76,2659,2390,0.39746204396102425,0.030819140308191405,0.9584699453551913,0.39746204396102425,0.5619093384590741
0.532218800669702,1755,76,2658,2390,0.39768864717878993,0.030819140308191405,0.9584926269797924,0.39768864717878993,0.5621396540679051
0.5322075992887727,1756,76,2657,2390,0.3979152503965556,0.030819140308191405,0.9585152838427947,0.3979152503965556,0.5623698959167334
0.5321610960766426,1757,76,2656,2390,0.3981418536143213,0.030819140308191405,0.9585379159847245,0.3981418536143213,0.5626000640409862
0.5321567959848614,1758,76,2655,2390,0.398368456832087,0.030819140308191405,0.9585605234460196,0.398368456832087,0.5628301584760684
0.5321195966413799,1759,76,2654,2390,0.39859506004985273,0.030819140308191405,0.95858310626703,0.39859506004985273,0.5630601792573624
0.5319906190603975,1760,76,2653,2390,0.3988216632676184,0.030819140308191405,0.9586056644880174,0.3988216632676184,0.5632901264202272
0.5318169821772372,1761,76,2652,2390,0.3990482664853841,0.030819140308191405,0.9586281981491562,0.3990482664853841,0.56352
0.5316352928539861,1762,76,2651,2390,0.3992748697031498,0.030819140308191405,0.9586507072905331,0.3992748697031498,0.5637498000319949
0.5316075367931226,1763,76,2650,2390,0.3995014729209155,0.030819140308191405,0.958673191952148,0.3995014729209155,0.5639795265515035
0.5315456033218956,1764,76,2649,2390,0.39972807613868117,0.030819140308191405,0.9586956521739131,0.39972807613868117,0.564209179593795
0.5313590849528705,1765,76,2648,2390,0.39995467935644685,0.030819140308191405,0.9587180879956545,0.39995467935644685,0.5644387591941158
0.5313556857147473,1766,76,2647,2390,0.40018128257421254,0.030819140308191405,0.9587404994571118,0.40018128257421254,0.5646682653876899
0.5313278279637074,1767,76,2646,2390,0.4004078857919782,0.030819140308191405,0.9587628865979382,0.4004078857919782,0.5648976982097186
0.5312731817559944,1768,76,2645,2390,0.40063448900974397,0.030819140308191405,0.9587852494577006,0.40063448900974397,0.5651270576953813
0.5312318846666954,1769,76,2644,2390,0.40086109222750965,0.030819140308191405,0.9588075880758807,0.40086109222750965,0.5653563438798339
0.5311513132042482,1769,77,2644,2389,0.40086109222750965,0.031224655312246552,0.9582881906825569,0.40086109222750965,0.5652660169356127
0.5310792569311193,1769,78,2644,2388,0.40086109222750965,0.031630170316301706,0.9577693557119653,0.40086109222750965,0.5651757188498402
0.530907044135056,1769,80,2644,2386,0.40086109222750965,0.032441200324412,0.9567333693888589,0.40086109222750965,0.5649952091983392
0.530900626235233,1770,80,2643,2386,0.40108769544527534,0.032441200324412,0.9567567567567568,0.40108769544527534,0.565224333386556
0.5307988081050061,1771,80,2642,2386,0.401314298663041,0.032441200324412,0.9567801188546732,0.401314298663041,0.5654533844189017
0.5307256656819588,1772,80,2641,2386,0.4015409018808067,0.032441200324412,0.9568034557235421,0.4015409018808067,0.565682362330407
0.5306765618325243,1772,81,2641,2385,0.4015409018808067,0.032846715328467155,0.956287101996762,0.4015409018808067,0.5655920842642834
0.5306251084218739,1773,81,2640,2385,0.4017675050985724,0.032846715328467155,0.9563106796116505,0.4017675050985724,0.565820966969842
0.530534253813844,1774,81,2639,2385,0.4019941083163381,0.032846715328467155,0.9563342318059299,0.4019941083163381,0.5660497766432674
0.5304853972920848,1775,81,2638,2385,0.40222071153410377,0.032846715328467155,0.9563577586206896,0.40222071153410377,0.5662785133195087
0.5304742323933531,1776,81,2637,2385,0.40244731475186946,0.032846715328467155,0.9563812600969306,0.40244731475186946,0.5665071770334927
0.5304649617185118,1777,81,2636,2385,0.40267391796963514,0.032846715328467155,0.9564047362755651,0.40267391796963514,0.5667357678201244
0.5304124309546325,1778,81,2635,2385,0.4029005211874009,0.032846715328467155,0.956428187197418,0.4029005211874009,0.5669642857142857
0.53037226388052,1779,81,2634,2385,0.40312712440516657,0.032846715328467155,0.9564516129032258,0.40312712440516657,0.567192730750837
0.5303547265489792,1779,82,2634,2384,0.40312712440516657,0.0332522303325223,0.9559376679204729,0.40312712440516657,0.567102327064074
0.5301798466658016,1779,83,2634,2383,0.40312712440516657,0.033657745336577456,0.9554242749731472,0.40312712440516657,0.5670119521912351
0.5301405901490438,1779,84,2634,2382,0.40312712440516657,0.0340632603406326,0.9549114331723028,0.40312712440516657,0.5669216061185468
0.5300551674751899,1780,84,2633,2382,0.40335372762293226,0.0340632603406326,0.9549356223175965,0.40335372762293226,0.5671499123785247
0.5300003182197704,1781,84,2632,2382,0.40358033084069794,0.0340632603406326,0.9549597855227882,0.40358033084069794,0.5673781459063396
0.529878148921707,1782,84,2631,2382,0.40380693405846363,0.0340632603406326,0.954983922829582,0.40380693405846363,0.5676063067367415
0.5297013394929828,1783,84,2630,2382,0.4040335372762293,0.0340632603406326,0.9550080342795929,0.4040335372762293,0.5678343949044586
0.5295066707756955,1784,84,2629,2382,0.404260140493995,0.0340632603406326,0.9550321199143469,0.404260140493995,0.5680624104441967
0.5294036642320522,1785,84,2628,2382,0.4044867437117607,0.0340632603406326,0.9550561797752809,0.4044867437117607,0.5682903533906399
0.5293844942991695,1785,85,2628,2381,0.4044867437117607,0.03446877534468775,0.9545454545454546,0.4044867437117607,0.5681999045042178
0.5291581438574714,1786,85,2627,2381,0.4047133469295264,0.03446877534468775,0.9545697487974345,0.4047133469295264,0.5684277530235519
0.528998343527453,1787,85,2626,2381,0.4049399501472921,0.03446877534468775,0.9545940170940171,0.4049399501472921,0.5686555290373907
0.528900542756764,1788,85,2625,2381,0.4051665533650578,0.03446877534468775,0.9546182594767753,0.4051665533650578,0.5688832325803374
0.5287927157921918,1789,85,2624,2381,0.4053931565828235,0.03446877534468775,0.9546424759871932,0.4053931565828235,0.5691108636869732
0.528391518063569,1790,85,2623,2381,0.4056197598005892,0.03446877534468775,0.9546666666666667,0.4056197598005892,0.5693384223918575
0.5283892143028199,1791,85,2622,2381,0.40584636301835486,0.03446877534468775,0.9546908315565032,0.40584636301835486,0.5695659087295278
0.5282742610152783,1792,85,2621,2381,0.40607296623612055,0.03446877534468775,0.9547149706979222,0.40607296623612055,0.5697933227344991
0.5282539106199936,1793,85,2620,2381,0.40629956945388623,0.03446877534468775,0.9547390841320553,0.40629956945388623,0.5700206644412653
0.5281357945396854,1794,85,2619,2381,0.4065261726716519,0.03446877534468775,0.9547631718999467,0.4065261726716519,0.5702479338842975
0.5279730596386644,1795,85,2618,2381,0.4067527758894176,0.03446877534468775,0.9547872340425532,0.4067527758894176,0.5704751310980454
0.5279461361984457,1796,85,2617,2381,0.40697937910718335,0.03446877534468775,0.9548112706007443,0.40697937910718335,0.5707022561169368
0.52793089107595,1797,85,2616,2381,0.40720598232494903,0.03446877534468775,0.9548352816153028,0.40720598232494903,0.5709293089753773
0.5278897215241,1798,85,2615,2381,0.4074325855427147,0.03446877534468775,0.9548592671269251,0.4074325855427147,0.5711562897077509
0.5278232617942858,1799,85,2614,2381,0.4076591887604804,0.03446877534468775,0.9548832271762208,0.4076591887604804,0.5713831983484199
0.5277359841145693,1800,85,2613,2381,0.4078857919782461,0.03446877534468775,0.9549071618037135,0.4078857919782461,0.5716100349317244
0.5277156544550055,1800,86,2613,2380,0.4078857919782461,0.034874290348742905,0.9544008483563097,0.4078857919782461,0.5715192887759962
0.5277138091559467,1801,86,2612,2380,0.4081123951960118,0.034874290348742905,0.9544250132485427,0.4081123951960118,0.5717460317460318
0.5275730713433116,1801,87,2612,2379,0.4081123951960118,0.03527980535279805,0.9539194915254238,0.4081123951960118,0.571655292810665
0.5275066514788036,1802,87,2611,2379,0.40833899841377747,0.03527980535279805,0.9539438856537851,0.40833899841377747,0.5718819422405585
0.5275005055857038,1803,87,2610,2379,0.40856560163154315,0.03527980535279805,0.953968253968254,0.40856560163154315,0.5721085197524988
0.5274544136697997,1805,87,2608,2379,0.4090188080670746,0.03527980535279805,0.9540169133192389,0.4090188080670746,0.5725614591593974
0.5273991475373302,1806,87,2607,2379,0.40924541128484027,0.03527980535279805,0.9540412044374009,0.40924541128484027,0.5727878211227403
0.5273929640467383,1807,87,2606,2379,0.40947201450260595,0.03527980535279805,0.954065469904963,0.40947201450260595,0.5730141113048993
0.5273658111951217,1808,87,2605,2379,0.40969861772037164,0.03527980535279805,0.9540897097625329,0.40969861772037164,0.5732403297400127
0.5273468815275941,1809,87,2604,2379,0.4099252209381373,0.03527980535279805,0.9541139240506329,0.4099252209381373,0.5734664764621968
0.5272624088056806,1809,88,2604,2378,0.4099252209381373,0.035685320356853206,0.9536109646810754,0.4099252209381373,0.5733755942947703
0.5269689801399878,1810,88,2603,2378,0.410151824155903,0.035685320356853206,0.9536354056902002,0.410151824155903,0.5736016479163365
0.5269630170911415,1812,88,2601,2378,0.4106050305914344,0.035685320356853206,0.9536842105263158,0.4106050305914344,0.5740535403136386
0.5268206373339934,1812,89,2601,2377,0.4106050305914344,0.036090835360908353,0.9531825355076275,0.4106050305914344,0.5739626227431106
0.5267481750709476,1813,89,2600,2377,0.41083163380920007,0.036090835360908353,0.9532071503680336,0.41083163380920007,0.5741884402216944
0.5265855672376013,1814,89,2599,2377,0.41105823702696576,0.036090835360908353,0.953231739358907,0.41105823702696576,0.5744141861937935
0.5265785451299406,1815,89,2598,2377,0.4112848402447315,0.036090835360908353,0.9532563025210085,0.4112848402447315,0.5746398606933671
0.5265303533555107,1815,90,2598,2376,0.4112848402447315,0.0364963503649635,0.952755905511811,0.4112848402447315,0.5745489078822412
0.5265204977920337,1816,90,2597,2376,0.4115114434624972,0.0364963503649635,0.9527806925498427,0.4115114434624972,0.5747744896344359
0.5264354010216953,1817,90,2596,2376,0.41173804668026287,0.0364963503649635,0.9528054535920294,0.41173804668026287,0.575
0.5264148649012629,1818,90,2595,2376,0.41196464989802856,0.0364963503649635,0.9528301886792453,0.41196464989802856,0.5752254390128144
0.5261893422526484,1819,90,2594,2376,0.41219125311579424,0.0364963503649635,0.9528548978522787,0.41219125311579424,0.5754508067067384
0.5261592117706281,1820,90,2593,2376,0.41241785633355993,0.0364963503649635,0.9528795811518325,0.41241785633355993,0.5756761031156097
0.5261039701050733,1821,90,2592,2376,0.4126444595513256,0.0364963503649635,0.9529042386185244,0.4126444595513256,0.5759013282732448
0.525925395778367,1822,90,2591,2376,0.4128710627690913,0.0364963503649635,0.952928870292887,0.4128710627690913,0.5761264822134387
0.5258750039673494,1823,90,2590,2376,0.413097665986857,0.0364963503649635,0.9529534762153685,0.413097665986857,0.5763515649699652
0.5258285505714649,1824,90,2589,2376,0.41332426920462273,0.0364963503649635,0.9529780564263323,0.41332426920462273,0.5765765765765766
0.52581804000069,1825,90,2588,2376,0.4135508724223884,0.0364963503649635,0.9530026109660574,0.4135508724223884,0.5768015170670038
0.5257934154039311,1826,90,2587,2376,0.4137774756401541,0.0364963503649635,0.9530271398747391,0.4137774756401541,0.5770263864749565
0.5257126656830362,1827,90,2586,2376,0.4140040788579198,0.0364963503649635,0.9530516431924883,0.4140040788579198,0.5772511848341233
0.525654969225491,1828,90,2585,2376,0.4142306820756855,0.0364963503649635,0.9530761209593326,0.4142306820756855,0.5774759121781708
0.5255221856206386,1829,90,2584,2376,0.41445728529345116,0.0364963503649635,0.9531005732152162,0.41445728529345116,0.5777005685407454
0.5253691377089744,1830,90,2583,2376,0.41468388851121685,0.0364963503649635,0.953125,0.41468388851121685,0.5779251539554714
0.5252967434776017,1831,90,2582,2376,0.41491049172898253,0.0364963503649635,0.9531494013534617,0.41491049172898253,0.5781496684559521
0.5251916579705889,1832,90,2581,2376,0.4151370949467482,0.0364963503649635,0.9531737773152965,0.4151370949467482,0.5783741120757695
0.5251856742426589,1833,90,2580,2376,0.41536369816451396,0.0364963503649635,0.953198127925117,0.41536369816451396,0.5785984848484849
0.5251549455109794,1834,90,2579,2376,0.41559030138227965,0.0364963503649635,0.9532224532224532,0.41559030138227965,0.5788227868076377
0.5251002731274446,1835,90,2578,2376,0.41581690460004533,0.0364963503649635,0.9532467532467532,0.41581690460004533,0.5790470179867466
0.5250325891790687,1836,90,2577,2376,0.416043507817811,0.0364963503649635,0.9532710280373832,0.416043507817811,0.5792711784193091
0.5249255507742722,1836,91,2577,2375,0.416043507817811,0.036901865369018655,0.952776336274001,0.416043507817811,0.579179810725552
0.5248685054254475,1837,91,2576,2375,0.4162701110355767,0.036901865369018655,0.9528008298755186,0.4162701110355767,0.5794038795142722
0.5248084783921416,1838,91,2575,2375,0.4164967142533424,0.036901865369018655,0.9528252980819077,0.4164967142533424,0.5796278776411227
0.5248072255723303,1839,91,2574,2375,0.4167233174711081,0.036901865369018655,0.9528497409326425,0.4167233174711081,0.5798518051395238
0.5247635055873702,1840,91,2573,2375,0.41694992068887377,0.036901865369018655,0.9528741584671155,0.41694992068887377,0.5800756620428752
0.524656522040651,1841,91,2572,2375,0.41717652390663945,0.036901865369018655,0.9528985507246377,0.41717652390663945,0.5802994483845548
0.5245998986368889,1842,91,2571,2375,0.4174031271244052,0.036901865369018655,0.9529229177444387,0.4174031271244052,0.58052316419792
0.5245587275989544,1843,91,2570,2375,0.4176297303421709,0.036901865369018655,0.9529472595656671,0.4176297303421709,0.580746809516307
0.5244976153298195,1844,91,2569,2375,0.41785633355993657,0.036901865369018655,0.9529715762273901,0.41785633355993657,0.580970384373031
0.5242837784501724,1845,91,2568,2375,0.41808293677770225,0.036901865369018655,0.952995867768595,0.41808293677770225,0.581193888801386
0.5242172801487546,1846,91,2567,2375,0.41830953999546794,0.036901865369018655,0.9530201342281879,0.41830953999546794,0.5814173228346456
0.5241244898099392,1847,91,2566,2375,0.4185361432132336,0.036901865369018655,0.9530443756449949,0.4185361432132336,0.5816406865060619
0.5239961125255669,1848,91,2565,2375,0.4187627464309993,0.036901865369018655,0.9530685920577617,0.4187627464309993,0.5818639798488664
0.523948561782614,1849,91,2564,2375,0.418989349648765,0.036901865369018655,0.9530927835051546,0.418989349648765,0.5820872028962695
0.5239361125420698,1849,92,2564,2374,0.418989349648765,0.0373073803730738,0.9526017516743946,0.418989349648765,0.5819955933270381
0.5237963856817843,1850,92,2563,2374,0.4192159528665307,0.0373073803730738,0.952626158599382,0.4192159528665307,0.5822187254130606
0.5237807682498025,1851,92,2562,2374,0.41944255608429637,0.0373073803730738,0.952650540401441,0.41944255608429637,0.5824417872876022
0.5237189071496978,1852,92,2561,2374,0.4196691593020621,0.0373073803730738,0.9526748971193416,0.4196691593020621,0.5826647789837974
0.5237038034234431,1852,93,2561,2373,0.4196691593020621,0.037712895377128956,0.9521850899742931,0.4196691593020621,0.5825731362063542
0.5236960998805276,1853,93,2560,2373,0.4198957625198278,0.037712895377128956,0.9522096608427544,0.4198957625198278,0.5827960371127536
0.5236641443802957,1854,93,2559,2373,0.4201223657375935,0.037712895377128956,0.9522342064714946,0.4201223657375935,0.5830188679245284
0.5236427907548937,1855,93,2558,2373,0.42034896895535917,0.037712895377128956,0.952258726899384,0.42034896895535917,0.5832416286747367
0.5235929892252527,1856,93,2557,2373,0.42057557217312486,0.037712895377128956,0.9522832221652129,0.42057557217312486,0.5834643193964162
0.5235020627835013,1857,93,2556,2373,0.42080217539089054,0.037712895377128956,0.9523076923076923,0.42080217539089054,0.5836869401225837
0.5234760918490781,1857,94,2556,2372,0.42080217539089054,0.038118410381184104,0.9518195797027166,0.42080217539089054,0.5835952231301069
0.5234181548476688,1858,94,2555,2372,0.42102877860865623,0.038118410381184104,0.951844262295082,0.42102877860865623,0.5838177533385703
0.5232326581474616,1859,94,2554,2372,0.4212553818264219,0.038118410381184104,0.9518689196108551,0.4212553818264219,0.5840402136349356
0.5232159010558391,1860,94,2553,2372,0.4214819850441876,0.038118410381184104,0.9518935516888434,0.4214819850441876,0.5842626040521438
0.5230114123662418,1861,94,2552,2372,0.42170858826195334,0.038118410381184104,0.951918158567775,0.42170858826195334,0.5844849246231156
0.5229618015004857,1862,94,2551,2372,0.42193519147971903,0.038118410381184104,0.9519427402862985,0.42193519147971903,0.5847071753807506
0.5227893593703894,1863,94,2550,2372,0.4221617946974847,0.038118410381184104,0.9519672968829842,0.4221617946974847,0.5849293563579279
0.5227546812984778,1864,94,2549,2372,0.4223883979152504,0.038118410381184104,0.9519918283963228,0.4223883979152504,0.5851514675875059
0.5227421880061619,1865,94,2548,2372,0.4226150011330161,0.038118410381184104,0.9520163348647269,0.4226150011330161,0.5853735091023228
0.5227183683895964,1866,94,2547,2372,0.4228416043507818,0.038118410381184104,0.9520408163265306,0.4228416043507818,0.5855954809351953
0.5223540061510322,1867,94,2546,2372,0.42306820756854746,0.038118410381184104,0.9520652728199898,0.42306820756854746,0.5858173831189205
0.5222566712255141,1868,94,2545,2372,0.42329481078631315,0.038118410381184104,0.9520897043832823,0.42329481078631315,0.5860392156862746
0.522251273480763,1869,94,2544,2372,0.42352141400407883,0.038118410381184104,0.9521141110545084,0.42352141400407883,0.5862609786700125
0.5221094799901408,1870,94,2543,2372,0.4237480172218446,0.038118410381184104,0.9521384928716904,0.4237480172218446,0.5864826721028698
0.5220253871986462,1871,94,2542,2372,0.42397462043961026,0.038118410381184104,0.9521628498727736,0.42397462043961026,0.5867042960175604
0.5219981328597898,1873,94,2540,2372,0.42442782687514163,0.038118410381184104,0.9522114895780376,0.42442782687514163,0.5871473354231975
0.5219373189056894,1874,95,2539,2371,0.4246544300929073,0.03852392538523925,0.9517521584560691,0.4246544300929073,0.5872767157630836
0.5218785676320586,1875,95,2538,2371,0.424881033310673,0.03852392538523925,0.9517766497461929,0.424881033310673,0.5874980416731944
0.5218573923633963,1876,95,2537,2371,0.4251076365284387,0.03852392538523925,0.9518011161846778,0.4251076365284387,0.587719298245614
0.521745687064529,1877,95,2536,2371,0.4253342397462044,0.03852392538523925,0.9518255578093306,0.4253342397462044,0.5879404855129209
0.521647901601576,1878,95,2535,2371,0.42556084296397007,0.03852392538523925,0.9518499746578813,0.42556084296397007,0.588161603507673
0.5216333553931127,1879,95,2534,2371,0.4257874461817358,0.03852392538523925,0.9518743667679838,0.4257874461817358,0.588382652262408
0.5216242392232234,1880,95,2533,2371,0.4260140493995015,0.03852392538523925,0.9518987341772152,0.4260140493995015,0.5886036318096431
0.5216081673867019,1881,95,2532,2371,0.4262406526172672,0.03852392538523925,0.9519230769230769,0.4262406526172672,0.5888245421818752
0.5215118195597102,1882,95,2531,2371,0.42646725583503287,0.03852392538523925,0.9519473950429944,0.42646725583503287,0.5890453834115806
0.5214206862678831,1882,96,2531,2370,0.42646725583503287,0.038929440389294405,0.9514661274014156,0.42646725583503287,0.5889532154592396
0.5213689205057828,1883,96,2530,2370,0.42669385905279855,0.038929440389294405,0.9514906518443659,0.42669385905279855,0.5891739674593242
0.521299199984455,1884,96,2529,2370,0.42692046227056424,0.038929440389294405,0.9515151515151515,0.42692046227056424,0.5893946503988738
0.520988363225582,1885,96,2528,2370,0.4271470654883299,0.038929440389294405,0.9515396264512872,0.4271470654883299,0.5896152643102908
0.5209804331442973,1886,96,2527,2370,0.4273736687060956,0.038929440389294405,0.9515640766902119,0.4273736687060956,0.5898358092259578
0.5209409803365423,1887,96,2526,2370,0.4276002719238613,0.038929440389294405,0.9515885022692889,0.4276002719238613,0.5900562851782364
0.5208789404110378,1888,96,2525,2370,0.42782687514162704,0.038929440389294405,0.9516129032258065,0.42782687514162704,0.5902766921994685
0.520862638333249,1889,96,2524,2370,0.4280534783593927,0.038929440389294405,0.9516372795969773,0.4280534783593927,0.5904970303219756
0.5206600405918201,1890,96,2523,2370,0.4282800815771584,0.038929440389294405,0.9516616314199395,0.4282800815771584,0.5907172995780591
0.5205374649053826,1891,96,2522,2370,0.4285066847949241,0.038929440389294405,0.9516859587317564,0.4285066847949241,0.5909375000000001
0.5204808369649112,1892,96,2521,2370,0.4287332880126898,0.038929440389294405,0.9517102615694165,0.4287332880126898,0.5911576316200593
0.5204505697889349,1892,97,2521,2369,0.4287332880126898,0.03933495539334955,0.9512317747611865,0.4287332880126898,0.5910652920962199
0.5204495881768669,1893,97,2520,2369,0.42895989123045547,0.03933495539334955,0.9512562814070352,0.42895989123045547,0.5912853349992191
0.5203962295020335,1894,97,2519,2369,0.42918649444822116,0.03933495539334955,0.9512807634354595,0.42918649444822116,0.5915053091817614
0.5203789837055173,1895,97,2518,2369,0.42941309766598684,0.03933495539334955,0.9513052208835341,0.42941309766598684,0.5917252146760343
0.5203601492049968,1896,97,2517,2369,0.42963970088375253,0.03933495539334955,0.951329653788259,0.42963970088375253,0.5919450515142055
0.5203183583859274,1897,97,2516,2369,0.4298663041015182,0.03933495539334955,0.9513540621865597,0.4298663041015182,0.592164819728422
0.52012632346686,1898,97,2515,2369,0.43009290731928396,0.03933495539334955,0.9513784461152882,0.43009290731928396,0.5923845193508115
0.5201185751403679,1899,97,2514,2369,0.43031951053704964,0.03933495539334955,0.9514028056112225,0.43031951053704964,0.592604150413481
0.5201153150232858,1900,97,2513,2369,0.43054611375481533,0.03933495539334955,0.9514271407110666,0.43054611375481533,0.5928237129485179
0.5200253016747085,1901,97,2512,2369,0.430772716972581,0.03933495539334955,0.9514514514514515,0.430772716972581,0.5930432069879895
0.5198193444800854,1902,97,2511,2369,0.4309993201903467,0.03933495539334955,0.9514757378689345,0.4309993201903467,0.5932626325639425
0.5197273349518783,1903,97,2510,2369,0.4312259234081124,0.03933495539334955,0.9515,0.4312259234081124,0.5934819897084048
0.5197042862837759,1904,97,2509,2369,0.4314525266258781,0.03933495539334955,0.9515242378810594,0.4314525266258781,0.5937012784533833
0.5196659574905939,1905,97,2508,2369,0.43167912984364376,0.03933495539334955,0.9515484515484516,0.43167912984364376,0.5939204988308652
0.5196619028420083,1906,97,2507,2369,0.43190573306140945,0.03933495539334955,0.9515726410384423,0.43190573306140945,0.594139650872818
0.5195559593591462,1906,98,2507,2368,0.43190573306140945,0.039740470397404706,0.9510978043912176,0.43190573306140945,0.5940470624902603
0.519462581207524,1907,98,2506,2368,0.4321323362791752,0.039740470397404706,0.9511221945137157,0.4321323362791752,0.5942661265191648
0.5193864947100308,1908,98,2505,2368,0.4323589394969409,0.039740470397404706,0.9511465603190429,0.4323589394969409,0.5944851222931922
0.5192631404786813,1909,98,2504,2368,0.43258554271470656,0.039740470397404706,0.9511709018435476,0.43258554271470656,0.5947040498442367
0.519030864533329,1910,98,2503,2368,0.43281214593247225,0.039740470397404706,0.951195219123506,0.43281214593247225,0.5949229092041738
0.5190248173902267,1911,98,2502,2368,0.43303874915023793,0.039740470397404706,0.9512195121951219,0.43303874915023793,0.5951417004048584
0.5187992038345041,1912,98,2501,2368,0.4332653523680036,0.039740470397404706,0.9512437810945273,0.4332653523680036,0.5953604234781255
0.5187582047348129,1913,98,2500,2368,0.4334919555857693,0.039740470397404706,0.9512680258577823,0.4334919555857693,0.5955790784557907
0.5187545163889292,1914,98,2499,2368,0.433718558803535,0.039740470397404706,0.9512922465208747,0.433718558803535,0.5957976653696497
0.5186747812568393,1914,99,2499,2367,0.433718558803535,0.040145985401459854,0.9508196721311475,0.433718558803535,0.595704948646125
0.518603309486942,1915,99,2498,2367,0.4339451620213007,0.040145985401459854,0.9508440913604767,0.4339451620213007,0.5959234479539443
0.5185430209619809,1916,99,2497,2367,0.4341717652390664,0.040145985401459854,0.9508684863523573,0.4341717652390664,0.5961418792781581
0.5184926487206161,1917,99,2496,2367,0.4343983684568321,0.040145985401459854,0.9508928571428571,0.4343983684568321,0.59636024265049
0.5184776080454442,1918,99,2495,2367,0.4346249716745978,0.040145985401459854,0.9509172037679723,0.4346249716745978,0.5965785381026439
0.5184446099904916,1919,99,2494,2367,0.4348515748923635,0.040145985401459854,0.9509415262636274,0.4348515748923635,0.5967967656663039
0.5183341978525968,1920,99,2493,2367,0.43507817811012917,0.040145985401459854,0.950965824665676,0.43507817811012917,0.5970149253731343
0.5182477539320387,1921,99,2492,2367,0.43530478132789485,0.040145985401459854,0.950990099009901,0.43530478132789485,0.59723301725478
0.5181804667891298,1922,99,2491,2367,0.43553138454566054,0.040145985401459854,0.9510143493320139,0.43553138454566054,0.597451041342866
0.5180756320144094,1923,99,2490,2367,0.4357579877634262,0.040145985401459854,0.9510385756676558,0.4357579877634262,0.5976689976689976
0.5179928930801434,1923,100,2490,2366,0.4357579877634262,0.040551500405515,0.9505684626791894,0.4357579877634262,0.5975761342448725
0.5179583039255231,1924,100,2489,2366,0.4359845909811919,0.040551500405515,0.950592885375494,0.4359845909811919,0.5977940034177411
0.5178804725373956,1925,100,2488,2366,0.43621119419895765,0.040551500405515,0.9506172839506173,0.43621119419895765,0.5980118049083566
0.5178182366868248,1926,100,2487,2366,0.43643779741672334,0.040551500405515,0.9506416584402764,0.43643779741672334,0.5982295387482528
0.5177820768621044,1927,100,2486,2366,0.436664400634489,0.040551500405515,0.9506660088801184,0.436664400634489,0.5984472049689441
0.5176729031904407,1928,100,2485,2366,0.4368910038522547,0.040551500405515,0.9506903353057199,0.4368910038522547,0.5986648036019252
0.5175983885381139,1929,100,2484,2366,0.4371176070700204,0.040551500405515,0.9507146377525875,0.4371176070700204,0.5988823346786712
0.5174416195778534,1930,100,2483,2366,0.4373442102877861,0.040551500405515,0.9507389162561576,0.4373442102877861,0.5990997982306379
0.5173854515097064,1931,100,2482,2366,0.43757081350555177,0.040551500405515,0.9507631708517972,0.43757081350555177,0.5993171942892613
0.517258982575329,1932,100,2481,2366,0.43779741672331746,0.040551500405515,0.9507874015748031,0.43779741672331746,0.5995345228859581
0.5172566116252847,1933,100,2480,2366,0.43802401994108314,0.040551500405515,0.9508116084604034,0.43802401994108314,0.5997517840521254
0.5172306594169371,1933,101,2480,2365,0.43802401994108314,0.040957015409570155,0.9503441494591937,0.43802401994108314,0.5996587560105475
0.5171252115917223,1934,101,2479,2365,0.43825062315884883,0.040957015409570155,0.9503685503685504,0.43825062315884883,0.5998759305210918
0.5170860507321963,1934,102,2479,2364,0.43825062315884883,0.0413625304136253,0.949901768172888,0.43825062315884883,0.599782912079392
0.5170569654292377,1935,102,2478,2364,0.43847722637661457,0.0413625304136253,0.9499263622974963,0.43847722637661457,0.6
0.5169466346253616,1936,102,2477,2364,0.43870382959438026,0.0413625304136253,0.9499509322865555,0.43870382959438026,0.6002170206169586
0.5168541587443286,1937,102,2476,2364,0.43893043281214594,0.0413625304136253,0.9499754781755763,0.43893043281214594,0.6004339739615623
0.516812914176066,1938,102,2475,2364,0.43915703602991163,0.0413625304136253,0.95,0.43915703602991163,0.6006508600650861
0.516694605206439,1939,102,2474,2364,0.4393836392476773,0.0413625304136253,0.9500244977951985,0.4393836392476773,0.6008676789587853
0.516647111426412,1940,102,2473,2364,0.439610242465443,0.0413625304136253,0.9500489715964741,0.439610242465443,0.6010844306738963
0.5162213677378908,1941,102,2472,2364,0.4398368456832087,0.0413625304136253,0.9500734214390602,0.4398368456832087,0.6013011152416358
0.5160872060703968,1942,102,2471,2364,0.4400634489009744,0.0413625304136253,0.9500978473581213,0.4400634489009744,0.6015177326932011
0.5160849559558365,1943,102,2470,2364,0.44029005211874006,0.0413625304136253,0.950122249388753,0.44029005211874006,0.6017342830597707
0.5160473798596718,1944,102,2469,2364,0.4405166553365058,0.0413625304136253,0.9501466275659824,0.4405166553365058,0.6019507663725036
0.5159667033955201,1945,102,2468,2364,0.4407432585542715,0.0413625304136253,0.9501709819247679,0.4407432585542715,0.6021671826625388
0.5159585773789567,1946,102,2467,2364,0.4409698617720372,0.0413625304136253,0.9501953125,0.4409698617720372,0.6023835319609968
0.5159557147891531,1947,102,2466,2364,0.44119646498980286,0.0413625304136253,0.9502196193265008,0.44119646498980286,0.6025998142989786
0.5158883179299204,1947,103,2466,2363,0.44119646498980286,0.041768045417680456,0.9497560975609756,0.44119646498980286,0.602506575893548
0.5157035235694629,1947,104,2466,2362,0.44119646498980286,0.042173560421735604,0.9492930277913213,0.44119646498980286,0.6024133663366337
0.5156511972990733,1948,105,2465,2361,0.44142306820756855,0.04257907542579075,0.9488553336580614,0.44142306820756855,0.6025363439529848
0.5155010241169449,1949,105,2464,2361,0.44164967142533423,0.04257907542579075,0.9488802336903602,0.44164967142533423,0.6027524354414721
0.5154359949407685,1950,105,2463,2361,0.4418762746430999,0.04257907542579075,0.948905109489051,0.4418762746430999,0.6029684601113172
0.5153369550612699,1951,105,2462,2361,0.4421028778608656,0.04257907542579075,0.9489299610894941,0.4421028778608656,0.6031844179935075
0.5153049964047519,1952,105,2461,2361,0.4423294810786313,0.04257907542579075,0.948954788526981,0.4423294810786313,0.6034003091190109
0.5151721180719367,1953,105,2460,2361,0.44255608429639703,0.04257907542579075,0.9489795918367347,0.44255608429639703,0.6036161335187761
0.5150207637703047,1954,105,2459,2361,0.4427826875141627,0.04257907542579075,0.9490043710539097,0.4427826875141627,0.6038318912237329
0.5148684101485296,1954,106,2459,2360,0.4427826875141627,0.042984590429845905,0.9485436893203884,0.4427826875141627,0.6037386065193883
0.5147998265998678,1955,106,2458,2360,0.4430092907319284,0.042984590429845905,0.9485686559922368,0.4430092907319284,0.6039542786530739
0.514774807315674,1956,106,2457,2360,0.4432358939496941,0.042984590429845905,0.9485935984481086,0.4432358939496941,0.6041698841698842
0.5146530993998519,1957,106,2456,2360,0.4434624971674598,0.042984590429845905,0.9486185167232186,0.4434624971674598,0.6043854231006793
0.5145409508524567,1958,106,2455,2360,0.44368910038522547,0.042984590429845905,0.9486434108527132,0.44368910038522547,0.6046008954763007
0.5144256492634672,1958,107,2455,2359,0.44368910038522547,0.04339010543390105,0.94818401937046,0.44368910038522547,0.6045075640629824
0.5143911010075817,1959,107,2454,2359,0.44391570360299115,0.04339010543390105,0.9482090997095838,0.44391570360299115,0.6047229510726964
0.5143507394043272,1960,107,2453,2359,0.44414230682075684,0.04339010543390105,0.9482341557813256,0.44414230682075684,0.6049382716049383
0.514331173289766,1960,108,2453,2358,0.44414230682075684,0.043795620437956206,0.9477756286266924,0.44414230682075684,0.6048449313377565
0.514040787433056,1961,108,2452,2358,0.4443689100385225,0.043795620437956206,0.9478008699855003,0.4443689100385225,0.6050601666152422
0.5140407405776509,1962,108,2451,2358,0.44459551325628827,0.043795620437956206,0.9478260869565217,0.44459551325628827,0.6052753354928274
0.5138764124798688,1963,108,2450,2358,0.44482211647405395,0.043795620437956206,0.9478512795750845,0.44482211647405395,0.6054904380012338
0.5137972586685379,1964,108,2449,2358,0.44504871969181964,0.043795620437956206,0.9478764478764479,0.44504871969181964,0.6057054741711643
0.5137671481734694,1964,109,2449,2357,0.44504871969181964,0.044201135442011354,0.9474191992281717,0.44504871969181964,0.6056120875732347
0.5137512664116092,1965,109,2448,2357,0.4452753229095853,0.044201135442011354,0.9474445515911283,0.4452753229095853,0.6058270386927702
0.5136796662792477,1966,109,2447,2357,0.445501926127351,0.044201135442011354,0.9474698795180723,0.445501926127351,0.6060419235511714
0.513646527930318,1967,109,2446,2357,0.4457285293451167,0.044201135442011354,0.947495183044316,0.4457285293451167,0.6062567421790723
0.5135627744823442,1968,109,2445,2357,0.4459551325628824,0.044201135442011354,0.9475204622051036,0.4459551325628824,0.6064714946070878
0.5135418108020632,1969,109,2444,2357,0.44618173578064807,0.044201135442011354,0.9475457170356112,0.44618173578064807,0.6066861808658142
0.5135152617431459,1970,109,2443,2357,0.44640833899841376,0.044201135442011354,0.9475709475709476,0.44640833899841376,0.6069008009858287
0.5134494100010966,1971,109,2442,2357,0.44663494221617944,0.044201135442011354,0.9475961538461538,0.44663494221617944,0.6071153549976899
0.5133508426475427,1972,109,2441,2357,0.4468615454339452,0.044201135442011354,0.9476213358962038,0.4468615454339452,0.6073298429319373
0.5132786163303562,1972,110,2441,2356,0.4468615454339452,0.04460665044606651,0.94716618635927,0.4468615454339452,0.6072363356428021
0.513273439981886,1973,110,2440,2356,0.44708814865171087,0.04460665044606651,0.9471915506481037,0.44708814865171087,0.6074507389162561
0.513229748536605,1973,111,2440,2355,0.44708814865171087,0.045012165450121655,0.9467370441458733,0.44708814865171087,0.6073572418039095
0.5131251163771737,1974,111,2439,2355,0.44731475186947656,0.045012165450121655,0.9467625899280575,0.44731475186947656,0.6075715604801477
0.5129556770170431,1975,111,2438,2355,0.44754135508724224,0.045012165450121655,0.9467881112176414,0.44754135508724224,0.6077858132020312
0.5128699646360542,1976,111,2437,2355,0.44776795830500793,0.045012165450121655,0.9468136080498323,0.44776795830500793,0.608
0.5127496449789872,1977,111,2436,2355,0.4479945615227736,0.045012165450121655,0.9468390804597702,0.4479945615227736,0.6082141209044762
0.5127127745416471,1978,111,2435,2355,0.4482211647405393,0.045012165450121655,0.9468645284825276,0.4482211647405393,0.6084281759458627
0.5126510835116028,1978,112,2435,2354,0.4482211647405393,0.0454176804541768,0.9464114832535885,0.4482211647405393,0.6083346147931724
0.5125299766798531,1979,112,2434,2354,0.448447767958305,0.0454176804541768,0.9464371114299378,0.448447767958305,0.6085485854858548
0.5124614774281225,1980,112,2433,2354,0.4486743711760707,0.0454176804541768,0.9464627151051626,0.4486743711760707,0.608762490392006
0.512162864836406,1980,113,2433,2353,0.4486743711760707,0.045823195458231956,0.9460105112279026,0.4486743711760707,0.6086689209960037
0.5121197755413007,1981,113,2432,2353,0.4489009743938364,0.045823195458231956,0.94603629417383,0.4489009743938364,0.6088827416628246
0.5120886925049509,1982,113,2431,2353,0.4491275776116021,0.045823195458231956,0.9460620525059665,0.4491275776116021,0.6090964966195452
0.5120293889584683,1983,113,2430,2353,0.4493541808293678,0.045823195458231956,0.9460877862595419,0.4493541808293678,0.609310185896451
0.5116493156799343,1983,114,2430,2352,0.4493541808293678,0.046228710462287104,0.9456366237482118,0.4493541808293678,0.6092165898617511
0.5115822887715821,1984,114,2429,2352,0.4495807840471335,0.046228710462287104,0.9456625357483317,0.4495807840471335,0.6094301950545231
0.5115075328467283,1985,114,2428,2352,0.44980738726489916,0.046228710462287104,0.9456884230585993,0.44980738726489916,0.6096437346437347
0.5114361872605121,1986,114,2427,2352,0.45003399048266485,0.046228710462287104,0.9457142857142857,0.45003399048266485,0.6098572086596038
0.5114276414691431,1986,115,2427,2351,0.45003399048266485,0.04663422546634226,0.9452641599238458,0.45003399048266485,0.6097635861221984
0.5113049491336774,1987,115,2426,2351,0.45026059370043053,0.04663422546634226,0.9452901998097051,0.45026059370043053,0.609976976208749
0.5112828184264665,1988,115,2425,2351,0.4504871969181962,0.04663422546634226,0.9453162149310509,0.4504871969181962,0.6101903007980356
0.5111500863152707,1989,115,2424,2351,0.4507138001359619,0.04663422546634226,0.9453422053231939,0.4507138001359619,0.6104035599202087
0.5109863401447767,1990,115,2423,2351,0.45094040335372765,0.04663422546634226,0.9453681710213777,0.45094040335372765,0.6106167536054005
0.5108821653490606,1991,115,2422,2351,0.45116700657149333,0.04663422546634226,0.9453941120607787,0.45116700657149333,0.6108298818837244
0.5107208459879635,1992,115,2421,2351,0.451393609789259,0.04663422546634226,0.9454200284765069,0.451393609789259,0.6110429447852761
0.5106630035832075,1993,115,2420,2351,0.4516202130070247,0.04663422546634226,0.9454459203036053,0.4516202130070247,0.6112559423401319
0.5104656785040804,1994,115,2419,2351,0.4518468162247904,0.04663422546634226,0.9454717875770507,0.4518468162247904,0.6114688745783502
0.5104618450199594,1995,115,2418,2351,0.4520734194425561,0.04663422546634226,0.9454976303317536,0.4520734194425561,0.6116817415299709
0.5102683018219153,1995,116,2418,2350,0.4520734194425561,0.047039740470397405,0.9450497394599716,0.4520734194425561,0.611587982832618
0.5101795859947029,1995,117,2418,2349,0.4520734194425561,0.04744525547445255,0.9446022727272727,0.4520734194425561,0.6114942528735633
0.5101776605105323,1996,117,2417,2349,0.45230002266032177,0.04744525547445255,0.9446284902981543,0.45230002266032177,0.6117070180815201
0.5101535362039378,1997,117,2416,2349,0.45252662587808745,0.04744525547445255,0.9446546830652791,0.45252662587808745,0.6119197180940708
0.510108960030759,1997,118,2416,2348,0.45252662587808745,0.047850770478507706,0.9442080378250591,0.45252662587808745,0.6118259803921569
0.5101061328823641,1998,118,2415,2348,0.45275322909585314,0.047850770478507706,0.944234404536862,0.45275322909585314,0.6120385970286415
0.5100958117933486,1998,119,2415,2347,0.45275322909585314,0.048256285482562854,0.9437883797827114,0.45275322909585314,0.6119448698315467
0.5100703304979517,1999,119,2414,2347,0.4529798323136189,0.048256285482562854,0.9438149197355996,0.4529798323136189,0.6121574031541877
0.5099851293394355,2000,119,2413,2347,0.45320643553138457,0.048256285482562854,0.9438414346389806,0.45320643553138457,0.612369871402327
0.5099627813110759,2001,119,2412,2347,0.45343303874915025,0.048256285482562854,0.9438679245283019,0.45343303874915025,0.6125822746058472
0.5099283432694658,2001,120,2412,2346,0.45343303874915025,0.04866180048661801,0.9434229137199435,0.45343303874915025,0.6124885215794307
0.5098426067305282,2002,120,2411,2346,0.45365964196691594,0.04866180048661801,0.943449575871819,0.45365964196691594,0.6127008416220351
0.5097813284318239,2003,120,2410,2346,0.4538862451846816,0.04866180048661801,0.9434762129062647,0.4538862451846816,0.6129130966952264
0.5095255904467493,2004,120,2409,2346,0.4541128484024473,0.04866180048661801,0.943502824858757,0.4541128484024473,0.6131252868288205
0.5093351418049484,2005,120,2408,2346,0.454339451620213,0.04866180048661801,0.9435294117647058,0.454339451620213,0.6133374120526155
0.5092969569370165,2006,120,2407,2346,0.4545660548379787,0.04866180048661801,0.9435559736594544,0.4545660548379787,0.6135494723963908
0.5092686858033211,2007,120,2406,2346,0.45479265805574437,0.04866180048661801,0.9435825105782792,0.45479265805574437,0.6137614678899083
0.5092479191862778,2007,121,2406,2345,0.45479265805574437,0.049067315490673155,0.9431390977443609,0.45479265805574437,0.6136676349182083
0.509164861185831,2008,121,2405,2345,0.45501926127351006,0.049067315490673155,0.9431658055425082,0.45501926127351006,0.6138795475389789
0.5091643919097354,2009,121,2404,2345,0.4552458644912758,0.049067315490673155,0.9431924882629108,0.4552458644912758,0.6140913953843803
0.5090759781534917,2010,121,2403,2345,0.4554724677090415,0.049067315490673155,0.9432191459408729,0.4554724677090415,0.6143031784841076
0.5090099199738788,2011,121,2402,2345,0.45569907092680717,0.049067315490673155,0.9432457786116323,0.45569907092680717,0.6145148968678381
0.5089987515674124,2011,122,2402,2344,0.45569907092680717,0.0494728304947283,0.9428035630567276,0.45569907092680717,0.6144210204705164
0.5089919982378899,2012,122,2401,2344,0.45592567414457286,0.0494728304947283,0.9428303655107779,0.45592567414457286,0.6146326561784023
0.5089524584470344,2013,122,2400,2344,0.45615227736233854,0.0494728304947283,0.9428571428571428,0.45615227736233854,0.6148442272449602
0.5089412401747935,2014,122,2399,2344,0.45637888058010423,0.0494728304947283,0.9428838951310862,0.45637888058010423,0.6150557336998015
0.5088426772005585,2015,122,2398,2344,0.4566054837978699,0.0494728304947283,0.9429106223678053,0.4566054837978699,0.6152671755725192
0.5088090517365389,2016,122,2397,2344,0.4568320870156356,0.0494728304947283,0.9429373246024322,0.4568320870156356,0.6154785528926882
0.5087874468827347,2016,123,2397,2343,0.4568320870156356,0.049878345498783457,0.9424964936886395,0.4568320870156356,0.6153846153846154
0.5086608711935764,2017,123,2396,2343,0.4570586902334013,0.049878345498783457,0.9425233644859813,0.4570586902334013,0.6155959102701054
0.5086461864489513,2018,123,2395,2343,0.45728529345116703,0.049878345498783457,0.9425502101821579,0.45728529345116703,0.6158071406774489
0.5085506796425339,2019,123,2394,2343,0.4575118966689327,0.049878345498783457,0.9425770308123249,0.4575118966689327,0.6160183066361556
0.5084079168357026,2020,123,2393,2343,0.4577384998866984,0.049878345498783457,0.9426038264115726,0.4577384998866984,0.6162294081757169
0.5082093939384346,2021,123,2392,2343,0.4579651031044641,0.049878345498783457,0.9426305970149254,0.4579651031044641,0.6164404453256063
0.5081953999488668,2022,123,2391,2343,0.4581917063222298,0.049878345498783457,0.9426573426573427,0.4581917063222298,0.6166514181152791
0.5081897563339358,2023,123,2390,2343,0.45841830953999546,0.049878345498783457,0.9426840633737186,0.45841830953999546,0.616862326574173
0.508169842839767,2024,123,2389,2343,0.45864491275776115,0.049878345498783457,0.9427107591988821,0.45864491275776115,0.6170731707317073
0.5080631510073117,2025,123,2388,2343,0.45887151597552683,0.049878345498783457,0.9427374301675978,0.45887151597552683,0.6172839506172839
0.508062937320436,2026,123,2387,2343,0.4590981191932925,0.049878345498783457,0.9427640763145649,0.4590981191932925,0.6174946662602866
0.5080473981198144,2027,123,2386,2343,0.45932472241105826,0.049878345498783457,0.9427906976744186,0.45932472241105826,0.6177053176900807
0.5080123973971611,2028,123,2385,2343,0.45955132562882395,0.049878345498783457,0.9428172942817294,0.45955132562882395,0.6179159049360147
0.5078898824396216,2029,123,2384,2343,0.45977792884658963,0.049878345498783457,0.9428438661710037,0.45977792884658963,0.618126428027418
0.507885110384761,2030,123,2383,2343,0.4600045320643553,0.049878345498783457,0.9428704133766836,0.4600045320643553,0.6183368869936035
0.5078703172996336,2031,123,2382,2343,0.460231135282121,0.049878345498783457,0.9428969359331476,0.460231135282121,0.6185472818638648
0.507706964305552,2032,123,2381,2343,0.4604577384998867,0.049878345498783457,0.94292343387471,0.4604577384998867,0.6187576126674786
0.5076670642021684,2032,124,2381,2342,0.4604577384998867,0.050283860502838604,0.9424860853432282,0.4604577384998867,0.6186634190896636
0.5075852289930061,2033,124,2380,2342,0.4606843417176524,0.050283860502838604,0.942512749188688,0.4606843417176524,0.6188736681887367
0.5075646770891686,2034,124,2379,2342,0.46091094493541807,0.050283860502838604,0.9425393883225208,0.46091094493541807,0.6190838532947801
0.5074629297379455,2034,125,2379,2341,0.46091094493541807,0.05068937550689376,0.9421028253821213,0.46091094493541807,0.6189896530736457
0.5073467034776621,2034,126,2379,2340,0.46091094493541807,0.051094890510948905,0.9416666666666667,0.46091094493541807,0.6188954815152898
0.5073035454769994,2035,126,2378,2340,0.46113754815318375,0.051094890510948905,0.9416936603424341,0.46113754815318375,0.6191055673866748
0.5070484993816331,2035,127,2378,2339,0.46113754815318375,0.05150040551500405,0.9412580943570767,0.46113754815318375,0.6190114068441065
0.5068568588618851,2036,127,2377,2339,0.4613641513709495,0.05150040551500405,0.9412852519648636,0.4613641513709495,0.6192214111922142
0.5066923949876284,2037,127,2376,2339,0.4615907545887152,0.05150040551500405,0.9413123844731978,0.4615907545887152,0.6194313516800973
0.5066481882124936,2038,127,2375,2339,0.46181735780648087,0.05150040551500405,0.9413394919168592,0.46181735780648087,0.6196412283368806
0.5066292351364581,2040,127,2373,2339,0.46227056424201224,0.05150040551500405,0.9413936317489617,0.46227056424201224,0.6200607902735562
0.5066184453913014,2041,127,2372,2339,0.4624971674597779,0.05150040551500405,0.941420664206642,0.4624971674597779,0.6202704756116092
0.5065907421863662,2042,127,2371,2339,0.4627237706775436,0.05150040551500405,0.9414476717381282,0.4627237706775436,0.6204800972348831
0.5064934914975554,2042,128,2371,2338,0.4627237706775436,0.05190592051905921,0.9410138248847926,0.4627237706775436,0.6203858423211303
0.5064709028189814,2043,128,2370,2338,0.4629503738953093,0.05190592051905921,0.9410409949332105,0.4629503738953093,0.620595382746051
0.5063889130007251,2044,128,2369,2338,0.463176977113075,0.05190592051905921,0.9410681399631676,0.463176977113075,0.6208048595292331
0.506369583417575,2045,128,2368,2338,0.4634035803308407,0.05190592051905921,0.9410952600092038,0.4634035803308407,0.621014272699666
0.5063568644114507,2046,128,2367,2338,0.4636301835486064,0.05190592051905921,0.9411223551057958,0.4636301835486064,0.6212236222863216
0.5062969881804363,2046,129,2367,2337,0.4636301835486064,0.052311435523114354,0.9406896551724138,0.4636301835486064,0.6211293260473588
0.5062614661923504,2047,129,2366,2337,0.4638567867663721,0.052311435523114354,0.9407169117647058,0.4638567867663721,0.6213385946274094
0.5062507511976788,2048,129,2365,2337,0.4640833899841378,0.052311435523114354,0.9407441433164906,0.4640833899841378,0.6215477996965099
0.5062147341660567,2049,129,2364,2337,0.46430999320190347,0.052311435523114354,0.940771349862259,0.46430999320190347,0.6217569412835685
0.5059360170360605,2049,130,2364,2336,0.46430999320190347,0.05271695052716951,0.9403396053235429,0.46430999320190347,0.6216626213592232
0.5059335823774427,2050,130,2363,2336,0.46453659641966916,0.05271695052716951,0.9403669724770642,0.46453659641966916,0.6218716820870621
0.505892950175237,2051,130,2362,2336,0.46476319963743484,0.05271695052716951,0.9403943145346172,0.46476319963743484,0.6220806794055201
0.5058834809014313,2052,130,2361,2336,0.46498980285520053,0.05271695052716951,0.9404216315307058,0.46498980285520053,0.622289613343442
0.5058415033770401,2053,130,2360,2336,0.4652164060729662,0.05271695052716951,0.9404489234997709,0.4652164060729662,0.6224984839296543
0.5057664045822998,2054,130,2359,2336,0.4654430092907319,0.05271695052716951,0.9404761904761905,0.4654430092907319,0.6227072911929664
0.5057379028137589,2054,131,2359,2335,0.4654430092907319,0.053122465531224655,0.940045766590389,0.4654430092907319,0.6226129130039406
0.5055936172304663,2055,131,2358,2335,0.46566961250849764,0.053122465531224655,0.9400731930466606,0.46566961250849764,0.6228216396423701
0.505492252062476,2056,131,2357,2335,0.46589621572626333,0.053122465531224655,0.9401005944215821,0.46589621572626333,0.623030303030303
0.5054570645100122,2057,131,2356,2335,0.466122818944029,0.053122465531224655,0.9401279707495429,0.466122818944029,0.6232389031964854
0.5054501091059161,2058,131,2355,2335,0.4663494221617947,0.053122465531224655,0.9401553220648698,0.4663494221617947,0.6234474401696456
0.5053578395842466,2059,131,2354,2335,0.4665760253795604,0.053122465531224655,0.9401826484018265,0.4665760253795604,0.6236559139784946
0.5052227707800521,2060,131,2353,2335,0.4668026285973261,0.053122465531224655,0.9402099497946144,0.4668026285973261,0.6238643246517263
0.5052109528604517,2061,131,2352,2335,0.46702923181509176,0.053122465531224655,0.9402372262773723,0.46702923181509176,0.6240726722180167
0.5051197009287292,2062,131,2351,2335,0.46725583503285745,0.053122465531224655,0.9402644778841769,0.46725583503285745,0.6242809567060248
0.5050880311798759,2063,131,2350,2335,0.46748243825062313,0.053122465531224655,0.9402917046490429,0.46748243825062313,0.6244891781443923
0.5050623638162456,2064,131,2349,2335,0.4677090414683889,0.053122465531224655,0.9403189066059225,0.4677090414683889,0.6246973365617434
0.5050574694655436,2065,131,2348,2335,0.46793564468615456,0.053122465531224655,0.9403460837887068,0.46793564468615456,0.6249054319866848
0.5050528856917262,2066,131,2347,2335,0.46816224790392025,0.053122465531224655,0.9403732362312244,0.46816224790392025,0.6251134644478065
0.5048094403398105,2067,131,2346,2335,0.46838885112168593,0.053122465531224655,0.9404003639672429,0.46838885112168593,0.6253214339736802
0.5047015655349528,2068,131,2345,2335,0.4686154543394516,0.053122465531224655,0.9404274670304684,0.4686154543394516,0.6255293405928615
0.5046703879911123,2069,131,2344,2335,0.4688420575572173,0.053122465531224655,0.9404545454545454,0.4688420575572173,0.6257371843338878
0.5045014110315912,2070,131,2343,2335,0.469068660774983,0.053122465531224655,0.9404815992730577,0.469068660774983,0.6259449652252798
0.5043659666654331,2071,131,2342,2335,0.4692952639927487,0.053122465531224655,0.9405086285195277,0.4692952639927487,0.6261526832955405
0.5043512114926901,2072,131,2341,2335,0.46952186721051437,0.053122465531224655,0.9405356332274172,0.46952186721051437,0.626360338573156
0.504300028994116,2073,131,2340,2335,0.4697484704282801,0.053122465531224655,0.940562613430127,0.4697484704282801,0.6265679310865951
0.5042842665275515,2073,132,2340,2334,0.4697484704282801,0.0535279805352798,0.9401360544217687,0.4697484704282801,0.6264732547597461
0.5041440924006145,2074,132,2339,2334,0.4699750736460458,0.0535279805352798,0.9401631912964642,0.4699750736460458,0.6266807674875359
0.5040888750229923,2075,132,2338,2334,0.4702016768638115,0.0535279805352798,0.9401903035795197,0.4702016768638115,0.6268882175226587
0.5040739559110212,2076,132,2337,2334,0.47042828008157717,0.0535279805352798,0.9402173913043478,0.47042828008157717,0.6270956048935206
0.5037614610620256,2077,132,2336,2334,0.47065488329934285,0.0535279805352798,0.9402444545043006,0.47065488329934285,0.627302929628511
0.503760764159107,2079,132,2334,2334,0.4711080897348742,0.0535279805352798,0.9402985074626866,0.4711080897348742,0.6277173913043478
0.5036907076522057,2079,133,2334,2333,0.4711080897348742,0.05393349553933496,0.939873417721519,0.4711080897348742,0.627622641509434
0.5036618620227671,2080,133,2333,2333,0.4713346929526399,0.05393349553933496,0.9399005874378672,0.4713346929526399,0.6278297615454271
0.5036225850388021,2081,133,2332,2333,0.4715612961704056,0.05393349553933496,0.9399277326106594,0.4715612961704056,0.6280368190734872
0.5036043199186401,2083,133,2330,2333,0.472014502605937,0.05393349553933496,0.9399819494584838,0.472014502605937,0.6284507467189622
0.5036001403583912,2084,133,2329,2333,0.4722411058237027,0.05393349553933496,0.9400090211998195,0.4722411058237027,0.628657616892911
0.503596691540862,2085,133,2328,2333,0.4724677090414684,0.05393349553933496,0.9400360685302074,0.4724677090414684,0.6288644246719951
0.5034832406997628,2085,134,2328,2332,0.4724677090414684,0.054339010543390104,0.9396124380351509,0.4724677090414684,0.6287696019300362
0.5033074761025653,2086,134,2327,2332,0.4726943122592341,0.054339010543390104,0.9396396396396396,0.4726943122592341,0.6289763304688677
0.5032994662830138,2087,134,2326,2332,0.47292091547699977,0.054339010543390104,0.939666816749212,0.47292091547699977,0.6291829966837503
0.5032746051160012,2088,134,2325,2332,0.47314751869476546,0.054339010543390104,0.9396939693969397,0.47314751869476546,0.6293896006028636
0.5031819149341173,2089,134,2324,2332,0.47337412191253114,0.054339010543390104,0.9397210976158344,0.47337412191253114,0.6295961422543702
0.5030746043710655,2090,134,2323,2332,0.47360072513029683,0.054339010543390104,0.939748201438849,0.47360072513029683,0.6298026216664154
0.5030104077262845,2091,134,2322,2332,0.4738273283480625,0.054339010543390104,0.9397752808988764,0.4738273283480625,0.6300090388671286
0.5028468540793524,2092,134,2321,2332,0.47405393156582826,0.054339010543390104,0.9398023360287511,0.47405393156582826,0.6302153938846211
0.5028216248487719,2092,135,2321,2331,0.47405393156582826,0.05474452554744526,0.939380332285586,0.47405393156582826,0.6301204819277109
0.5027952630726225,2093,135,2320,2331,0.47428053478359394,0.05474452554744526,0.9394075403949731,0.47428053478359394,0.6303267580183708
0.5027318061455579,2094,135,2319,2331,0.47450713800135963,0.05474452554744526,0.9394347240915208,0.47450713800135963,0.6305329719963866
0.502479190385181,2095,135,2318,2331,0.4747337412191253,0.05474452554744526,0.9394618834080718,0.4747337412191253,0.6307391238898088
0.5023855297332619,2096,135,2317,2331,0.474960344436891,0.05474452554744526,0.9394890183774093,0.474960344436891,0.6309452137266708
0.5023678094960163,2096,136,2317,2330,0.474960344436891,0.055150040551500405,0.9390681003584229,0.474960344436891,0.6308502633559067
0.5022282070317838,2096,137,2317,2329,0.474960344436891,0.05555555555555555,0.9386475593372146,0.474960344436891,0.6307553415588324
0.502104491788524,2097,137,2316,2329,0.4751869476546567,0.05555555555555555,0.9386750223813787,0.4751869476546567,0.630961335941026
0.5020167498937832,2097,138,2316,2328,0.4751869476546567,0.05596107055961071,0.938255033557047,0.4751869476546567,0.6308664259927798
0.5018660295934503,2098,138,2315,2328,0.4754135508724224,0.05596107055961071,0.9382826475849732,0.4754135508724224,0.6310723417055196
0.5018617766829263,2098,139,2315,2327,0.4754135508724224,0.056366585563665854,0.937863209655789,0.4754135508724224,0.6309774436090225
0.5018559295740381,2098,140,2315,2326,0.4754135508724224,0.05677210056772101,0.9374441465594281,0.4754135508724224,0.6308825740490152
0.5018557444241286,2099,140,2314,2326,0.47564015409018806,0.05677210056772101,0.9374720857525681,0.47564015409018806,0.6310883944678292
0.5017361708003241,2100,140,2313,2326,0.47586675730795375,0.05677210056772101,0.9375,0.47586675730795375,0.631294153013678
0.5015928801700579,2101,140,2312,2326,0.4760933605257195,0.05677210056772101,0.9375278893351182,0.4760933605257195,0.6314998497144574
0.5013546609523554,2102,140,2311,2326,0.4763199637434852,0.05677210056772101,0.9375557537912578,0.4763199637434852,0.6317054845980465
0.5012831335341664,2102,141,2311,2325,0.4763199637434852,0.057177615571776155,0.937137761925992,0.4763199637434852,0.631610576923077
0.5012007420113368,2103,141,2310,2325,0.47654656696125086,0.057177615571776155,0.9371657754010695,0.47654656696125086,0.6318161333934205
0.5011878904756172,2104,141,2309,2325,0.47677317017901655,0.057177615571776155,0.9371937639198218,0.47677317017901655,0.6320216281165515
0.5011400196506323,2104,142,2309,2324,0.47677317017901655,0.0575831305758313,0.9367764915405165,0.47677317017901655,0.6319267157230815
0.5010884617150901,2105,142,2308,2324,0.47699977339678223,0.0575831305758313,0.9368046283934134,0.47699977339678223,0.6321321321321322
0.5010438439271123,2106,142,2307,2324,0.4772263766145479,0.0575831305758313,0.9368327402135231,0.4772263766145479,0.6323374868638343
0.5010380063478239,2106,143,2307,2323,0.4772263766145479,0.05798864557988646,0.9364161849710982,0.4772263766145479,0.6322425697988592
0.5009521572099601,2107,143,2306,2323,0.4774529798323136,0.05798864557988646,0.9364444444444444,0.4774529798323136,0.6324478463154735
0.5007970278539506,2108,143,2305,2323,0.4776795830500793,0.05798864557988646,0.9364726788094181,0.4776795830500793,0.6326530612244898
0.5005828264754155,2108,144,2305,2322,0.4776795830500793,0.058394160583941604,0.9360568383658969,0.4776795830500793,0.6325581395348837
0.5005139058848607,2109,144,2304,2322,0.477906186267845,0.058394160583941604,0.9360852197070573,0.477906186267845,0.6327632763276326
0.5004764508324018,2109,145,2304,2321,0.477906186267845,0.05879967558799676,0.9356699201419698,0.477906186267845,0.6326683665816709
0.5004678681554101,2109,146,2304,2320,0.477906186267845,0.059205190592051905,0.9352549889135255,0.477906186267845,0.6325734853029394
0.5004335728827737,2110,146,2303,2320,0.4781327894856107,0.059205190592051905,0.9352836879432624,0.4781327894856107,0.6327785275153697
0.5003898362684346,2111,146,2302,2320,0.4783593927033764,0.059205190592051905,0.9353123615418697,0.4783593927033764,0.632983508245877
0.5003856306664677,2112,146,2301,2320,0.4785859959211421,0.059205190592051905,0.9353410097431355,0.4785859959211421,0.6331884275221107
0.5003817127083414,2113,146,2300,2320,0.4788125991389078,0.059205190592051905,0.935369632580788,0.4788125991389078,0.6333932853717027
0.5003779873842324,2114,146,2299,2320,0.47903920235667347,0.059205190592051905,0.9353982300884955,0.47903920235667347,0.6335980818222688
0.5003127616663322,2114,147,2299,2319,0.47903920235667347,0.05961070559610705,0.934984520123839,0.47903920235667347,0.6335031465388072
0.5002603025570255,2114,148,2299,2318,0.47903920235667347,0.06001622060016221,0.9345711759504863,0.47903920235667347,0.6334082397003745
0.5000135801959888,2115,148,2298,2318,0.47926580557443915,0.06001622060016221,0.9346000883782589,0.47926580557443915,0.6336129418813661
0.49996687083675606,2116,148,2297,2318,0.47949240879220484,0.06001622060016221,0.9346289752650176,0.47949240879220484,0.6338175827467426
0.499872016498741,2117,148,2296,2318,0.4797190120099705,0.06001622060016221,0.9346578366445916,0.4797190120099705,0.6340221623240491
0.49986821439839,2118,148,2295,2318,0.4799456152277362,0.06001622060016221,0.9346866725507502,0.4799456152277362,0.6342266806408144
0.4996780195245635,2119,148,2294,2318,0.48017221844550195,0.06001622060016221,0.9347154830172033,0.48017221844550195,0.6344311377245508
0.4995925638139219,2120,148,2293,2318,0.48039882166326764,0.06001622060016221,0.9347442680776014,0.48039882166326764,0.634635533602754
0.4995677413454393,2121,148,2292,2318,0.4806254248810333,0.06001622060016221,0.9347730277655355,0.4806254248810333,0.6348398683029034
0.49955176996965855,2121,149,2292,2317,0.4806254248810333,0.060421735604217354,0.9343612334801762,0.4806254248810333,0.6347448750561125
0.49950511851803403,2122,149,2291,2317,0.480852028098799,0.060421735604217354,0.9343901365037428,0.480852028098799,0.634949132256134
0.4994608608155553,2123,149,2290,2317,0.4810786313165647,0.060421735604217354,0.934419014084507,0.4810786313165647,0.6351533283470456
0.49935379281954495,2124,149,2289,2317,0.4813052345343304,0.060421735604217354,0.9344478662560493,0.4813052345343304,0.6353574633562669
0.4993508838666813,2125,149,2288,2317,0.48153183775209607,0.060421735604217354,0.934476693051891,0.48153183775209607,0.6355615373112008
0.4992892008897397,2126,149,2287,2317,0.48175844096986176,0.060421735604217354,0.9345054945054945,0.48175844096986176,0.6357655502392345
0.4992519895514923,2127,149,2286,2317,0.48198504418762744,0.060421735604217354,0.9345342706502636,0.48198504418762744,0.6359695021677382
0.4990426309438315,2128,149,2285,2317,0.48221164740539313,0.060421735604217354,0.9345630215195433,0.48221164740539313,0.6361733931240657
0.4989990256188424,2128,150,2285,2316,0.48221164740539313,0.06082725060827251,0.9341527655838455,0.48221164740539313,0.6360783141533404
0.49895177287685366,2129,150,2284,2316,0.48243825062315887,0.06082725060827251,0.9341816586222027,0.48243825062315887,0.6362821279139271
0.49895034747913447,2130,150,2283,2316,0.48266485384092456,0.06082725060827251,0.9342105263157895,0.48266485384092456,0.6364858807709548
0.49894611938528455,2130,151,2283,2315,0.48266485384092456,0.061232765612327655,0.9338009644892591,0.48266485384092456,0.6363907977293097
0.4988710294600622,2131,151,2282,2315,0.48289145705869024,0.061232765612327655,0.9338299737072743,0.48289145705869024,0.6365944734876774
0.49883904703492477,2131,152,2282,2314,0.48289145705869024,0.06163828061638281,0.9334209373631187,0.48289145705869024,0.6364994026284349
0.49881630530191257,2131,153,2282,2313,0.48289145705869024,0.06204379562043796,0.9330122591943958,0.48289145705869024,0.6364043601612662
0.49865651023983615,2132,153,2281,2313,0.48311806027645593,0.06204379562043796,0.9330415754923413,0.48311806027645593,0.6366079426694535
0.4986083622795411,2133,153,2280,2313,0.4833446634942216,0.06204379562043796,0.9330708661417323,0.4833446634942216,0.6368114643976712
0.4985672472371916,2133,154,2280,2312,0.4833446634942216,0.062449310624493104,0.9326628771316134,0.4833446634942216,0.6367164179104478
0.4984325029959477,2134,154,2279,2312,0.4835712667119873,0.062449310624493104,0.9326923076923077,0.4835712667119873,0.6369198627070587
0.49833088755127053,2134,155,2279,2311,0.4835712667119873,0.06285482562854826,0.9322848405417212,0.4835712667119873,0.6368248284094299
0.49830514126936826,2135,155,2278,2311,0.483797869929753,0.06285482562854826,0.9323144104803494,0.483797869929753,0.6370281963300015
0.49826065208504916,2136,155,2277,2311,0.4840244731475187,0.06285482562854826,0.932343954604976,0.4840244731475187,0.6372315035799523
0.4981720037944125,2137,155,2276,2311,0.48425107636528436,0.06285482562854826,0.9323734729493892,0.48425107636528436,0.637434750186428
0.49795280136699205,2138,155,2275,2311,0.4844776795830501,0.06285482562854826,0.9324029655473179,0.4844776795830501,0.6376379361765583
0.4979152144448969,2138,156,2275,2310,0.4844776795830501,0.06326034063260341,0.9319965126416739,0.4844776795830501,0.6375428656627403
0.49788112525715456,2138,157,2275,2309,0.4844776795830501,0.06366585563665855,0.9315904139433551,0.4844776795830501,0.6374478234943352
0.4978690831837429,2139,157,2274,2309,0.4847042828008158,0.06366585563665855,0.9316202090592335,0.4847042828008158,0.6376509166790878
0.49772162977861545,2140,157,2273,2309,0.4849308860185815,0.06366585563665855,0.9316499782324772,0.4849308860185815,0.6378539493293592
0.49759233206106834,2141,157,2272,2309,0.48515748923634716,0.06366585563665855,0.9316797214969539,0.48515748923634716,0.6380569214722098
0.4974797868569859,2142,157,2271,2309,0.48538409245411285,0.06366585563665855,0.9317094388864724,0.48538409245411285,0.6382598331346842
0.497392977746768,2142,158,2271,2308,0.48538409245411285,0.0640713706407137,0.931304347826087,0.48538409245411285,0.6381647549530761
0.4972457290580483,2143,158,2270,2308,0.48561069567187853,0.0640713706407137,0.9313342025206433,0.48561069567187853,0.6383675901102175
0.49724055318317023,2143,159,2270,2307,0.48561069567187853,0.06447688564476886,0.9309296264118158,0.48561069567187853,0.6382725241995533
0.49723943190026876,2144,159,2269,2307,0.4858372988896442,0.06447688564476886,0.930959617889709,0.4858372988896442,0.6384752829064919
0.4971991642655343,2145,159,2268,2307,0.4860639021074099,0.06447688564476886,0.9309895833333334,0.4860639021074099,0.6386779812416258
0.4971718049645194,2145,160,2268,2306,0.4860639021074099,0.064882400648824,0.93058568329718,0.4860639021074099,0.6385829115808276
0.4970441488572883,2146,160,2267,2306,0.4862905053251756,0.064882400648824,0.9306157849089333,0.4862905053251756,0.6387855335615419
0.4969683425486422,2147,160,2266,2306,0.48651710854294133,0.064882400648824,0.9306458604247941,0.48651710854294133,0.6389880952380953
0.49685781012994507,2149,160,2264,2306,0.4869703149784727,0.064882400648824,0.9307059333044608,0.4869703149784727,0.6393930377863731
0.496828278499083,2150,160,2263,2306,0.4871969181962384,0.064882400648824,0.9307359307359307,0.4871969181962384,0.6395954187118845
0.49681434541353925,2151,160,2262,2306,0.4874235214140041,0.064882400648824,0.9307659022068369,0.4874235214140041,0.6397977394408091
0.4968026098495275,2152,160,2261,2306,0.48765012463176977,0.064882400648824,0.9307958477508651,0.48765012463176977,0.64
0.4965405443556907,2153,160,2260,2306,0.48787672784953545,0.064882400648824,0.9308257674016429,0.48787672784953545,0.6402022004162949
0.49651096634611946,2154,160,2259,2306,0.48810333106730114,0.064882400648824,0.9308556611927399,0.48810333106730114,0.6404043407165155
0.4963662157655776,2155,160,2258,2306,0.4883299342850668,0.064882400648824,0.9308855291576674,0.4883299342850668,0.6406064209274672
0.49636075061921336,2156,160,2257,2306,0.48855653750283257,0.064882400648824,0.9309153713298791,0.48855653750283257,0.6408084410759399
0.49630292347768684,2157,160,2256,2306,0.48878314072059825,0.064882400648824,0.9309451877427708,0.48878314072059825,0.6410104011887072
0.49626981923562696,2157,161,2256,2305,0.48878314072059825,0.06528791565287916,0.9305435720448663,0.48878314072059825,0.6409151686227901
0.496257553546269,2158,161,2255,2305,0.48900974393836394,0.06528791565287916,0.930573523070289,0.48900974393836394,0.6411170528817588
0.4958774849081488,2159,161,2254,2305,0.4892363471561296,0.06528791565287916,0.930603448275862,0.4892363471561296,0.6413188771721372
0.4958550280238993,2160,161,2253,2305,0.4894629503738953,0.06528791565287916,0.9306333476949591,0.4894629503738953,0.6415206415206415
0.4957713297856215,2160,162,2253,2304,0.4894629503738953,0.06569343065693431,0.9302325581395349,0.4894629503738953,0.6414253897550112
0.49565860700840175,2161,162,2252,2304,0.489689553591661,0.06569343065693431,0.930262591476539,0.489689553591661,0.641627078384798
0.4956262307893467,2162,162,2251,2304,0.4899161568094267,0.06569343065693431,0.9302925989672978,0.4899161568094267,0.6418287071396764
0.4955878588379951,2162,163,2251,2303,0.4899161568094267,0.06609894566098945,0.9298924731182796,0.4899161568094267,0.6417334520629268
0.4955714141192464,2163,163,2250,2303,0.49014276002719237,0.06609894566098945,0.9299226139294927,0.49014276002719237,0.6419350051936489
0.49539351475824267,2164,163,2249,2303,0.49036936324495806,0.06609894566098945,0.9299527288354104,0.49036936324495806,0.6421364985163205
0.49536644670207547,2165,163,2248,2303,0.4905959664627238,0.06609894566098945,0.9299828178694158,0.4905959664627238,0.6423379320575583
0.4953022924337815,2166,163,2247,2303,0.4908225696804895,0.06609894566098945,0.9300128810648347,0.4908225696804895,0.6425393058439632
0.49521240769615477,2167,163,2246,2303,0.49104917289825517,0.06609894566098945,0.9300429184549356,0.49104917289825517,0.6427406199021207
0.49505953499441097,2168,163,2245,2303,0.49127577611602086,0.06609894566098945,0.9300729300729301,0.49127577611602086,0.6429418742586003
0.49484942974231555,2169,163,2244,2303,0.49150237933378654,0.06609894566098945,0.9301029159519726,0.49150237933378654,0.6431430689399555
0.49478220464341993,2170,163,2243,2303,0.49172898255155223,0.06609894566098945,0.9301328761251607,0.49172898255155223,0.6433442039727246
0.4946599463482483,2171,163,2242,2303,0.4919555857693179,0.06609894566098945,0.9301628106255355,0.4919555857693179,0.6435452793834298
0.49455043355478234,2171,164,2242,2302,0.4919555857693179,0.0665044606650446,0.9297644539614561,0.4919555857693179,0.6434499110847658
0.4944766392387553,2171,165,2242,2301,0.4919555857693179,0.06690997566909976,0.9293664383561644,0.4919555857693179,0.6433545710475627
0.4942590346237644,2171,166,2242,2300,0.4919555857693179,0.06731549067315491,0.9289687633718442,0.4919555857693179,0.6432592592592593
0.49422389893460744,2172,166,2241,2300,0.4921821889870836,0.06731549067315491,0.9289991445680068,0.4921821889870836,0.6434602281143533
0.4941762476531393,2173,166,2240,2300,0.4924087922048493,0.06731549067315491,0.9290294997862334,0.4924087922048493,0.6436611374407584
0.4941425175232768,2173,167,2240,2299,0.4924087922048493,0.06772100567721005,0.9286324786324787,0.4924087922048493,0.6435658225973641
0.4939809652718809,2174,167,2239,2299,0.492635395422615,0.06772100567721005,0.9286629645450662,0.492635395422615,0.6437666567959728
0.4939463107708097,2174,168,2239,2298,0.492635395422615,0.0681265206812652,0.928266438941076,0.492635395422615,0.6436713545521835
0.4938218874317225,2175,168,2238,2298,0.4928619986403807,0.0681265206812652,0.9282970550576184,0.4928619986403807,0.6438721136767317
0.49365014494513726,2176,168,2237,2298,0.4930886018581464,0.0681265206812652,0.9283276450511946,0.4930886018581464,0.6440728133787184
0.4935677450078571,2177,168,2236,2298,0.4933152050759121,0.0681265206812652,0.9283582089552239,0.4933152050759121,0.644273453684522
0.49352919677109686,2178,168,2235,2298,0.4935418082936778,0.0681265206812652,0.928388746803069,0.4935418082936778,0.6444740346205059
0.4934777495707647,2179,168,2234,2298,0.49376841151144346,0.0681265206812652,0.9284192586280358,0.49376841151144346,0.6446745562130177
0.4934445569164723,2180,168,2233,2298,0.49399501472920915,0.0681265206812652,0.9284497444633731,0.49399501472920915,0.6448750184883894
0.4934080296022538,2181,168,2232,2298,0.49422161794697483,0.0681265206812652,0.9284802043422733,0.49422161794697483,0.645075421472937
0.493333915424512,2182,168,2231,2298,0.4944482211647405,0.0681265206812652,0.9285106382978724,0.4944482211647405,0.6452757651929617
0.49319349092888415,2183,168,2230,2298,0.4946748243825062,0.0681265206812652,0.9285410463632496,0.4946748243825062,0.6454760496747487
0.493175876637885,2184,168,2229,2298,0.49490142760027195,0.0681265206812652,0.9285714285714286,0.49490142760027195,0.6456762749445677
0.4929748095834404,2185,168,2228,2298,0.49512803081803763,0.0681265206812652,0.9286017849553762,0.49512803081803763,0.6458764410286728
0.49287098133266805,2186,168,2227,2298,0.4953546340358033,0.0681265206812652,0.9286321155480034,0.4953546340358033,0.6460765479533028
0.4928312404493977,2187,168,2226,2298,0.495581237253569,0.0681265206812652,0.9286624203821656,0.495581237253569,0.6462765957446808
0.4928277278362653,2188,168,2225,2298,0.4958078404713347,0.0681265206812652,0.9286926994906621,0.4958078404713347,0.6464765844290147
0.4926733626939518,2189,168,2224,2298,0.4960344436891004,0.0681265206812652,0.9287229529062367,0.4960344436891004,0.6466765140324963
0.49267156983852617,2189,169,2224,2297,0.4960344436891004,0.06853203568532036,0.9283290924512299,0.4960344436891004,0.6465810072367449
0.4925345091284813,2189,170,2224,2296,0.4960344436891004,0.0689375506893755,0.9279355659177617,0.4960344436891004,0.6464855286473715
0.492417994910842,2189,171,2224,2295,0.4960344436891004,0.06934306569343066,0.9275423728813559,0.4960344436891004,0.6463900782518824
0.4922586857909338,2190,171,2223,2295,0.49626104690686607,0.06934306569343066,0.9275730622617535,0.49626104690686607,0.6465899025686448
0.4921982883753092,2191,171,2222,2295,0.49648765012463175,0.06934306569343066,0.9276037256562235,0.49648765012463175,0.6467896678966789
0.49217722174960915,2192,171,2221,2295,0.49671425334239744,0.06934306569343066,0.927634363097757,0.49671425334239744,0.6469893742621016
0.4921429129302747,2193,171,2220,2295,0.4969408565601632,0.06934306569343066,0.9276649746192893,0.4969408565601632,0.6471890216910138
0.49212641957604425,2194,171,2219,2295,0.49716745977792887,0.06934306569343066,0.9276955602536998,0.49716745977792887,0.6473886102095014
0.49204413478438386,2194,172,2219,2294,0.49716745977792887,0.06974858069748581,0.9273034657650042,0.49716745977792887,0.6472931110783301
0.4919191188414482,2195,172,2218,2294,0.49739406299569455,0.06974858069748581,0.9273341782847486,0.49739406299569455,0.6474926253687315
0.4918704051865523,2196,172,2217,2294,0.49762066621346024,0.06974858069748581,0.9273648648648649,0.49762066621346024,0.6476920808140392
0.49179866858529914,2196,173,2217,2293,0.49762066621346024,0.07015409570154096,0.9269734065006332,0.49762066621346024,0.6475965791801829
0.4916841915744921,2197,173,2216,2293,0.4978472694312259,0.07015409570154096,0.9270042194092827,0.4978472694312259,0.647795960489459
0.49157536088775977,2198,173,2215,2293,0.4980738726489916,0.07015409570154096,0.9270350063264445,0.4980738726489916,0.6479952830188679
0.4914694173128508,2199,173,2214,2293,0.4983004758667573,0.07015409570154096,0.9270657672849916,0.4983004758667573,0.6481945467943994
0.4914520118477552,2200,173,2213,2293,0.498527079084523,0.07015409570154096,0.9270965023177412,0.498527079084523,0.6483937518420276
0.49128397372617877,2201,173,2212,2293,0.49875368230228867,0.07015409570154096,0.9271272114574558,0.49875368230228867,0.6485928981877118
0.49117294984891663,2201,174,2212,2292,0.49875368230228867,0.0705596107055961,0.9267368421052632,0.49875368230228867,0.6484973482616382
0.49115016333959305,2202,174,2211,2292,0.4989802855200544,0.0705596107055961,0.9267676767676768,0.4989802855200544,0.6486964206805127
0.4911158460470871,2203,174,2210,2292,0.4992068887378201,0.0705596107055961,0.9267984854859066,0.4992068887378201,0.6488954344624448
0.4910304613990098,2203,175,2210,2291,0.4992068887378201,0.07096512570965126,0.9264087468460892,0.4992068887378201,0.6487998821970254
0.4907599478856457,2204,175,2209,2291,0.4994334919555858,0.07096512570965126,0.9264396805380412,0.4994334919555858,0.6489988221436984
0.49074735609998255,2205,175,2208,2291,0.49966009517335147,0.07096512570965126,0.9264705882352942,0.49966009517335147,0.6491977035183277
0.49070331969925746,2205,176,2208,2290,0.49966009517335147,0.07137064071370641,0.9260814783704326,0.49966009517335147,0.6491021489549602
0.4905680247518896,2206,176,2207,2290,0.49988669839111716,0.07137064071370641,0.926112510495382,0.49988669839111716,0.6493009565857247
0.49052669599167803,2207,176,2206,2290,0.5001133016088829,0.07137064071370641,0.9261435165757449,0.5001133016088829,0.6494997057092409
0.49046837722287145,2208,176,2205,2290,0.5003399048266486,0.07137064071370641,0.9261744966442953,0.5003399048266486,0.6496983963513315
0.4904683772228714,2209,176,2204,2290,0.5005665080444143,0.07137064071370641,0.9262054507337526,0.5005665080444143,0.6498970285378053
0.4904169503231725,2209,177,2204,2289,0.5005665080444143,0.07177615571776155,0.9258172673931265,0.5005665080444143,0.6498014413884395
0.4903169690093842,2210,177,2203,2289,0.50079311126218,0.07177615571776155,0.9258483452031839,0.50079311126218,0.65
0.4902684140118185,2211,177,2202,2289,0.5010197144799456,0.07177615571776155,0.9258793969849246,0.5010197144799456,0.6501985002205558
0.4902194994229586,2211,178,2202,2288,0.5010197144799456,0.07218167072181671,0.9254918375889494,0.5010197144799456,0.6501029109085563
0.49013134350134213,2211,179,2202,2287,0.5010197144799456,0.07258718572587186,0.9251046025104602,0.5010197144799456,0.6500073496986624
0.49007258213255406,2212,179,2201,2287,0.5012463176977113,0.07258718572587186,0.9251359263906316,0.5012463176977113,0.6502057613168725
0.4900426607584339,2213,179,2200,2287,0.501472920915477,0.07258718572587186,0.9251672240802675,0.501472920915477,0.6504041146216016
0.4899301767457297,2214,179,2199,2287,0.5016995241332427,0.07258718572587186,0.9251984956122022,0.5016995241332427,0.6506024096385543
0.4898744395769637,2215,179,2198,2287,0.5019261273510084,0.07258718572587186,0.9252297410192147,0.5019261273510084,0.6508006463934185
0.48984244117737796,2216,179,2197,2287,0.5021527305687741,0.07258718572587186,0.9252609603340293,0.5021527305687741,0.6509988249118683
0.489783768017228,2217,179,2196,2287,0.5023793337865398,0.07258718572587186,0.9252921535893155,0.5023793337865398,0.6511969452195623
0.48971206973172426,2218,179,2195,2287,0.5026059370043054,0.07258718572587186,0.9253233208176888,0.5026059370043054,0.6513950073421438
0.4895817862728293,2219,179,2194,2287,0.5028325402220711,0.07258718572587186,0.9253544620517098,0.5028325402220711,0.6515930113052414
0.4894963983611858,2220,179,2193,2287,0.5030591434398368,0.07258718572587186,0.9253855773238849,0.5030591434398368,0.6517909571344686
0.48943708039911354,2220,180,2193,2286,0.5030591434398368,0.072992700729927,0.925,0.5030591434398368,0.6516952884191985
0.48941805393046695,2221,180,2192,2286,0.5032857466576025,0.072992700729927,0.9250312369845898,0.5032857466576025,0.6518931611388318
0.4893314255186612,2222,180,2191,2286,0.5035123498753682,0.072992700729927,0.9250624479600333,0.5035123498753682,0.6520909757887015
0.48917007271412094,2223,180,2190,2286,0.5037389530931339,0.072992700729927,0.9250936329588015,0.5037389530931339,0.6522887323943662
0.4890703456012966,2223,181,2190,2285,0.5037389530931339,0.07339821573398216,0.9247088186356073,0.5037389530931339,0.6521930467947777
0.4889811723124817,2223,182,2190,2284,0.5037389530931339,0.07380373073803731,0.9243243243243243,0.5037389530931339,0.6520973892637136
0.4888709523656083,2224,182,2189,2284,0.5039655563108996,0.07380373073803731,0.9243557772236076,0.5039655563108996,0.6522950579263821
0.48880542012478756,2224,183,2189,2283,0.5039655563108996,0.07420924574209246,0.9239717490652264,0.5039655563108996,0.6521994134897361
0.4887821524750677,2225,183,2188,2283,0.5041921595286654,0.07420924574209246,0.9240033222591362,0.5041921595286654,0.6523970092361824
0.48875628367849755,2225,184,2188,2282,0.5041921595286654,0.0746147607461476,0.9236197592361975,0.5041921595286654,0.6523013778950455
0.48867164042223893,2226,184,2187,2282,0.504418762746431,0.0746147607461476,0.9236514522821577,0.504418762746431,0.6524989007767845
0.4884297280173784,2227,184,2186,2282,0.5046453659641967,0.0746147607461476,0.9236831190377437,0.5046453659641967,0.652696365767878
0.4883728248577863,2228,184,2185,2282,0.5048719691819624,0.0746147607461476,0.9237147595356551,0.5048719691819624,0.6528937728937729
0.48836242392164564,2228,185,2185,2281,0.5048719691819624,0.07502027575020276,0.9233319519270617,0.5048719691819624,0.6527981248168767
0.4883307438261832,2229,185,2184,2281,0.5050985723997281,0.07502027575020276,0.9233637116818558,0.5050985723997281,0.6529954592060935
0.488314220800171,2230,185,2183,2281,0.5053251756174938,0.07502027575020276,0.9233954451345756,0.5053251756174938,0.6531927357937903
0.48820822871979724,2231,185,2182,2281,0.5055517788352595,0.07502027575020276,0.9234271523178808,0.5055517788352595,0.6533899546053595
0.48820261981670465,2232,185,2181,2281,0.5057783820530252,0.07502027575020276,0.9234588332643773,0.5057783820530252,0.6535871156661787
0.4882013328469384,2233,185,2180,2281,0.5060049852707909,0.07502027575020276,0.923490488006617,0.5060049852707909,0.6537842190016103
0.4881579157271143,2234,185,2179,2281,0.5062315884885565,0.07502027575020276,0.9235221165770979,0.5062315884885565,0.6539812646370023
0.4880296367001779,2234,186,2179,2280,0.5062315884885565,0.07542579075425791,0.9231404958677686,0.5062315884885565,0.653885555392946
0.48797468831907953,2235,186,2178,2280,0.5064581917063222,0.07542579075425791,0.9231722428748451,0.5064581917063222,0.6540825285338016
0.4879450398356499,2235,187,2178,2279,0.5064581917063222,0.07583130575831305,0.9227910817506193,0.5064581917063222,0.653986832479883
0.4879320500882927,2236,187,2177,2279,0.5066847949240879,0.07583130575831305,0.9228229467602146,0.5066847949240879,0.6541837331772966
0.48781079816406847,2237,187,2176,2279,0.5069113981418536,0.07583130575831305,0.9228547854785478,0.5069113981418536,0.6543805762761445
0.4877663428006513,2238,187,2175,2279,0.5071380013596193,0.07583130575831305,0.9228865979381443,0.5071380013596193,0.6545773618016963
0.48772989523811705,2239,187,2174,2279,0.507364604577385,0.07583130575831305,0.9229183841714756,0.507364604577385,0.6547740897792075
0.4877240832267631,2240,187,2173,2279,0.5075912077951507,0.07583130575831305,0.92295014421096,0.5075912077951507,0.6549707602339181
0.4877029965307961,2241,187,2172,2279,0.5078178110129163,0.07583130575831305,0.9229818780889621,0.5078178110129163,0.6551673731910539
0.4876021843178553,2242,187,2171,2279,0.508044414230682,0.07583130575831305,0.9230135858377934,0.508044414230682,0.6553639286758258
0.48757687635351726,2243,187,2170,2279,0.5082710174484477,0.07583130575831305,0.9230452674897119,0.5082710174484477,0.6555604267134298
0.4875052672719328,2244,187,2169,2279,0.5084976206662135,0.07583130575831305,0.9230769230769231,0.5084976206662135,0.6557568673290474
0.4873286224434102,2244,188,2169,2278,0.5084976206662135,0.07623682076236821,0.9226973684210527,0.5084976206662135,0.6556610664718774
0.48717938869649746,2245,188,2168,2278,0.5087242238839792,0.07623682076236821,0.9227291409782162,0.5087242238839792,0.6558574349985393
0.4871673520063951,2246,188,2167,2278,0.5089508271017449,0.07623682076236821,0.9227608874281019,0.5089508271017449,0.6560537461662043
0.48713681995736596,2247,188,2166,2278,0.5091774303195106,0.07623682076236821,0.9227926078028748,0.5091774303195106,0.65625
0.4871286074563317,2248,188,2165,2278,0.5094040335372763,0.07623682076236821,0.922824302134647,0.5094040335372763,0.6564461965250402
0.4870622225675405,2248,189,2165,2277,0.5094040335372763,0.07664233576642336,0.9224456298727944,0.5094040335372763,0.6563503649635037
0.48697561996411126,2248,190,2165,2276,0.5094040335372763,0.0770478507704785,0.9220672682526662,0.5094040335372763,0.6562545613779011
0.4867964039215161,2249,190,2164,2276,0.5096306367550419,0.0770478507704785,0.9220992209922099,0.5096306367550419,0.6564506713368361
0.4865894338845368,2250,190,2163,2276,0.5098572399728076,0.0770478507704785,0.9221311475409836,0.5098572399728076,0.6566467240624543
0.4863910521127804,2250,191,2163,2275,0.5098572399728076,0.07745336577453366,0.9217533797623925,0.5098572399728076,0.6565509191712868
0.486388218673515,2251,191,2162,2275,0.5100838431905733,0.07745336577453366,0.9217854217854218,0.5100838431905733,0.6567469000729395
0.4863539274191824,2252,191,2161,2275,0.510310446408339,0.07745336577453366,0.9218174375767499,0.510310446408339,0.6569428238039673
0.4862437351558341,2252,192,2161,2274,0.510310446408339,0.07785888077858881,0.9214402618657938,0.510310446408339,0.6568470176462009
0.4862368671186082,2252,193,2161,2273,0.510310446408339,0.07826439578264396,0.9210633946830266,0.510310446408339,0.6567512394284047
0.48621934228724234,2253,193,2160,2273,0.5105370496261047,0.07826439578264396,0.9210956663941129,0.5105370496261047,0.6569470768333576
0.4859900839726119,2254,193,2159,2273,0.5107636528438704,0.07826439578264396,0.9211279117286473,0.5107636528438704,0.6571428571428571
0.48591255459100746,2255,193,2158,2273,0.5109902560616361,0.07826439578264396,0.9211601307189542,0.5109902560616361,0.6573385803818685
0.4858265827269924,2256,193,2157,2273,0.5112168592794017,0.07826439578264396,0.9211923233973051,0.5112168592794017,0.6575342465753424
0.48566966937164935,2257,193,2156,2273,0.5114434624971674,0.07826439578264396,0.9212244897959184,0.5114434624971674,0.6577298557482151
0.48562014670205894,2258,193,2155,2273,0.5116700657149331,0.07826439578264396,0.9212566299469604,0.5116700657149331,0.6579254079254079
0.4856162469580663,2259,193,2154,2273,0.5118966689326988,0.07826439578264396,0.9212887438825449,0.5118966689326988,0.658120903131828
0.485322928190428,2260,193,2153,2273,0.5121232721504645,0.07826439578264396,0.921320831634733,0.5121232721504645,0.6583163413923682
0.485253338896686,2261,193,2152,2273,0.5123498753682302,0.07826439578264396,0.9213528932355338,0.5123498753682302,0.6585117227319062
0.48519821975871513,2262,193,2151,2273,0.512576478585996,0.07826439578264396,0.9213849287169043,0.512576478585996,0.6587070471753057
0.4851968057935558,2263,193,2150,2273,0.5128030818037617,0.07826439578264396,0.9214169381107492,0.5128030818037617,0.658902314747416
0.4850131186905827,2264,193,2149,2273,0.5130296850215273,0.07826439578264396,0.9214489214489214,0.5130296850215273,0.6590975254730713
0.48498240164537604,2265,193,2148,2273,0.513256288239293,0.07826439578264396,0.9214808787632222,0.513256288239293,0.6592926793770922
0.4849668204624051,2266,193,2147,2273,0.5134828914570587,0.07826439578264396,0.9215128100854005,0.5134828914570587,0.659487776484284
0.4849525022592714,2266,194,2147,2272,0.5134828914570587,0.0786699107866991,0.9211382113821138,0.5134828914570587,0.6593918230758039
0.48490297553005335,2266,195,2147,2271,0.5134828914570587,0.07907542579075426,0.9207639171068671,0.5134828914570587,0.6592958975851032
0.484862301150088,2267,195,2146,2271,0.5137094946748244,0.07907542579075426,0.920796100731113,0.5137094946748244,0.6594909090909091
0.4848057025777989,2268,195,2145,2271,0.5139360978925901,0.07907542579075426,0.9208282582216809,0.5139360978925901,0.6596858638743456
0.48471873629459344,2269,195,2144,2271,0.5141627011103558,0.07907542579075426,0.9208603896103896,0.5141627011103558,0.6598807619601571
0.4846499047541522,2270,195,2143,2271,0.5143893043281215,0.07907542579075426,0.920892494929006,0.5143893043281215,0.6600756033730736
0.48463329637749325,2270,196,2143,2270,0.5143893043281215,0.07948094079480941,0.9205190592051906,0.5143893043281215,0.659979648204681
0.4846036057078662,2271,196,2142,2270,0.5146159075458872,0.07948094079480941,0.9205512768544791,0.5146159075458872,0.6601744186046512
0.48445400795682436,2272,196,2141,2270,0.5148425107636528,0.07948094079480941,0.9205834683954619,0.5148425107636528,0.6603691323935474
0.48444543551341435,2273,196,2140,2270,0.5150691139814185,0.07948094079480941,0.9206156338598623,0.5150691139814185,0.6605637895960477
0.4844378780202951,2273,197,2140,2269,0.5150691139814185,0.07988645579886455,0.9202429149797571,0.5150691139814185,0.6604678192648554
0.48430727768717285,2274,197,2139,2269,0.5152957171991842,0.07988645579886455,0.9202751922298664,0.5152957171991842,0.6606624055781523
0.4842259807674772,2274,198,2139,2268,0.5152957171991842,0.08029197080291971,0.9199029126213593,0.5152957171991842,0.6605664488017429
0.4842187330965562,2274,199,2139,2267,0.5152957171991842,0.08069748580697486,0.919530934088152,0.5152957171991842,0.66047051989544
0.48421418345215744,2275,199,2138,2267,0.5155223204169499,0.08069748580697486,0.9195634599838318,0.5155223204169499,0.66066502105416
0.48405737351600353,2275,200,2138,2266,0.5155223204169499,0.08110300081103,0.9191919191919192,0.5155223204169499,0.6605691056910569
0.48394850305822706,2276,200,2137,2266,0.5157489236347156,0.08110300081103,0.9192245557350566,0.5157489236347156,0.6607635360719988
0.48393791593496255,2276,201,2137,2265,0.5157489236347156,0.08150851581508516,0.9188534517561566,0.5157489236347156,0.6606676342525399
0.483761813855352,2277,201,2136,2265,0.5159755268524813,0.08150851581508516,0.9188861985472155,0.5159755268524813,0.6608619939050936
0.4836165501150392,2278,201,2135,2265,0.516202130070247,0.08150851581508516,0.918918918918919,0.516202130070247,0.661056297156123
0.4835235886526618,2279,201,2134,2265,0.5164287332880126,0.08150851581508516,0.9189516129032258,0.5164287332880126,0.6612505440301755
0.4834792181732475,2280,201,2133,2265,0.5166553365057783,0.08150851581508516,0.9189842805320435,0.5166553365057783,0.6614447345517841
0.483478072990636,2280,202,2133,2264,0.5166553365057783,0.08191403081914031,0.9186140209508461,0.5166553365057783,0.6613488034807831
0.4834757063884247,2281,202,2132,2264,0.5168819397235441,0.08191403081914031,0.91864679822795,0.5168819397235441,0.6615429234338748
0.4833135400017567,2282,202,2131,2264,0.5171085429413098,0.08191403081914031,0.9186795491143317,0.5171085429413098,0.6617369870958388
0.48322229103770364,2282,203,2131,2263,0.5171085429413098,0.08231954582319546,0.9183098591549296,0.5171085429413098,0.6616410553783706
0.4830217669170556,2282,204,2131,2262,0.5171085429413098,0.0827250608272506,0.917940466613033,0.5171085429413098,0.6615451514712277
0.4828850853958891,2283,204,2130,2262,0.5173351461590755,0.0827250608272506,0.9179734620024126,0.5173351461590755,0.6617391304347826
0.48285570339180217,2284,204,2129,2262,0.5175617493768412,0.0827250608272506,0.9180064308681672,0.5175617493768412,0.6619330531806985
0.48283017179863746,2284,205,2129,2261,0.5175617493768412,0.08313057583130576,0.9176376054640418,0.5175617493768412,0.6618371486525645
0.48268870672006237,2285,205,2128,2261,0.5177883525946069,0.08313057583130576,0.9176706827309237,0.5177883525946069,0.6620310010140519
0.48263150498753216,2286,205,2127,2261,0.5180149558123726,0.08313057583130576,0.9177037334403854,0.5180149558123726,0.6622247972190034
0.48260923134994943,2287,205,2126,2261,0.5182415590301382,0.08313057583130576,0.9177367576243981,0.5182415590301382,0.6624185372918175
0.4825331108926451,2287,206,2126,2260,0.5182415590301382,0.08353609083536091,0.9173686321700762,0.5182415590301382,0.6623226180133218
0.48243473685736427,2288,206,2125,2260,0.5184681622479039,0.08353609083536091,0.917401764234162,0.5184681622479039,0.6625162878239467
0.48239992541418836,2288,207,2125,2259,0.5184681622479039,0.08394160583941605,0.9170340681362725,0.5184681622479039,0.6624203821656051
0.482398994362084,2289,207,2124,2259,0.5186947654656696,0.08394160583941605,0.9170673076923077,0.5186947654656696,0.6626139817629179
0.4823924618293612,2289,208,2124,2258,0.5186947654656696,0.08434712084347121,0.9167000400480577,0.5186947654656696,0.6625180897250361
0.4823363828776,2290,208,2123,2258,0.5189213686834353,0.08434712084347121,0.9167333867093675,0.5189213686834353,0.6627116191578643
0.4822536556818013,2291,208,2122,2258,0.519147971901201,0.08434712084347121,0.916766706682673,0.519147971901201,0.6629050925925926
0.48216564811813734,2292,208,2121,2258,0.5193745751189667,0.08434712084347121,0.9168,0.5193745751189667,0.6630985100535224
0.4820000933970174,2293,208,2120,2258,0.5196011783367324,0.08434712084347121,0.9168332666933227,0.5196011783367324,0.6632918715649407
0.4819419421026723,2294,208,2119,2258,0.519827781554498,0.08434712084347121,0.9168665067945644,0.519827781554498,0.6634851771511207
0.4819111988015265,2295,208,2118,2258,0.5200543847722637,0.08434712084347121,0.9168997203355973,0.5200543847722637,0.6636784268363215
0.48185915108563776,2296,208,2117,2258,0.5202809879900294,0.08434712084347121,0.9169329073482428,0.5202809879900294,0.6638716206447881
0.48184210671241856,2297,208,2116,2258,0.5205075912077951,0.08434712084347121,0.9169660678642715,0.5205075912077951,0.6640647586007518
0.48173036547935505,2298,208,2115,2258,0.5207341944255608,0.08434712084347121,0.9169992019154031,0.5207341944255608,0.664257840728429
0.4816914638757071,2299,208,2114,2258,0.5209607976433266,0.08434712084347121,0.9170323095333067,0.5209607976433266,0.6644508670520232
0.4815967001768101,2299,209,2114,2257,0.5209607976433266,0.08475263584752636,0.9166666666666666,0.5209607976433266,0.6643548620141598
0.4815466916845511,2299,210,2114,2256,0.5209607976433266,0.0851581508515815,0.9163013152650459,0.5209607976433266,0.6642588847154002
0.48145770826805323,2300,210,2113,2256,0.5211874008610923,0.0851581508515815,0.9163346613545816,0.5211874008610923,0.6644518272425249
0.4814520988836051,2301,210,2112,2256,0.521414004078858,0.0851581508515815,0.9163679808841099,0.521414004078858,0.6646447140381283
0.4814100793204383,2302,210,2111,2256,0.5216406072966236,0.0851581508515815,0.9164012738853503,0.5216406072966236,0.6648375451263538
0.48127435144122194,2303,210,2110,2256,0.5218672105143893,0.0851581508515815,0.9164345403899722,0.5218672105143893,0.6650303205313313
0.4812434070581242,2303,211,2110,2255,0.5218672105143893,0.08556366585563666,0.9160700079554495,0.5218672105143893,0.6649343149992781
0.4812263689619388,2303,212,2110,2254,0.5218672105143893,0.08596918085969181,0.9157057654075547,0.5218672105143893,0.6648383371824481
0.481205350657555,2304,212,2109,2254,0.522093813732155,0.08596918085969181,0.9157392686804452,0.522093813732155,0.665031029008515
0.48118040006489743,2305,212,2108,2254,0.5223204169499207,0.08596918085969181,0.9157727453317441,0.5223204169499207,0.6652236652236652
0.48116782489619264,2306,212,2107,2254,0.5225470201676864,0.08596918085969181,0.9158061953931692,0.5225470201676864,0.6654162458519695
0.4810596043334456,2307,212,2106,2254,0.5227736233854521,0.08596918085969181,0.9158396188963874,0.5227736233854521,0.665608770917484
0.4808803005334404,2308,212,2105,2254,0.5230002266032178,0.08596918085969181,0.9158730158730158,0.5230002266032178,0.6658012404442522
0.4807281727600902,2308,213,2105,2253,0.5230002266032178,0.08637469586374696,0.9155097183657279,0.5230002266032178,0.6657052206518604
0.48068820293703324,2308,214,2105,2252,0.5230002266032178,0.0867802108678021,0.9151467089611419,0.5230002266032178,0.6656092285508292
0.48063543592108926,2309,214,2104,2252,0.5232268298209835,0.0867802108678021,0.9151803408640508,0.5232268298209835,0.6658016147635525
0.4806173928573008,2310,214,2103,2252,0.5234534330387491,0.0867802108678021,0.9152139461172741,0.5234534330387491,0.6659939455095863
0.48053999976428124,2310,215,2103,2251,0.5234534330387491,0.08718572587185726,0.9148514851485149,0.5234534330387491,0.665897953300663
0.48053195990714337,2311,215,2102,2251,0.5236800362565148,0.08718572587185726,0.9148851939825812,0.5236800362565148,0.6660902147283471
0.48051379474692957,2311,216,2102,2250,0.5236800362565148,0.08759124087591241,0.9145231499802137,0.5236800362565148,0.6659942363112392
0.4802607770560299,2312,216,2101,2250,0.5239066394742805,0.08759124087591241,0.9145569620253164,0.5239066394742805,0.6661864284685204
0.4801426902995414,2313,216,2100,2250,0.5241332426920462,0.08759124087591241,0.9145907473309609,0.5241332426920462,0.6663785652549697
0.4800705686911456,2314,216,2099,2250,0.5243598459098119,0.08759124087591241,0.9146245059288538,0.5243598459098119,0.6665706466945124
0.4800378188833632,2315,216,2098,2250,0.5245864491275776,0.08759124087591241,0.9146582378506519,0.5245864491275776,0.6667626728110599
0.4797755366546026,2316,216,2097,2250,0.5248130523453433,0.08759124087591241,0.9146919431279621,0.5248130523453433,0.6669546436285096
0.4796919701951992,2317,216,2096,2250,0.5250396555631089,0.08759124087591241,0.9147256217923411,0.5250396555631089,0.6671465591707456
0.47955150100648897,2318,216,2095,2250,0.5252662587808747,0.08759124087591241,0.914759273875296,0.5252662587808747,0.6673384194616382
0.4795476103729428,2320,216,2093,2250,0.5257194652164061,0.08759124087591241,0.9148264984227129,0.5257194652164061,0.6677219743848036
0.47947303055392193,2321,216,2092,2250,0.5259460684341718,0.08759124087591241,0.9148600709499409,0.5259460684341718,0.6679136690647482
0.47934291490347153,2322,216,2091,2250,0.5261726716519375,0.08759124087591241,0.9148936170212766,0.5261726716519375,0.6681053085886923
0.47921078675645085,2323,216,2090,2250,0.5263992748697032,0.08759124087591241,0.9149271366679795,0.5263992748697032,0.6682968929804373
0.47915774892633806,2324,216,2089,2250,0.5266258780874689,0.08759124087591241,0.9149606299212598,0.5266258780874689,0.668488422263771
0.4791519769341698,2325,216,2088,2250,0.5268524813052345,0.08759124087591241,0.9149940968122786,0.5268524813052345,0.6686798964624676
0.4791158811016925,2326,216,2087,2250,0.5270790845230002,0.08759124087591241,0.9150275373721479,0.5270790845230002,0.6688713156002876
0.4791019259731209,2327,216,2086,2250,0.5273056877407659,0.08759124087591241,0.9150609516319308,0.5273056877407659,0.6690626797009775
0.47906006302617093,2328,216,2085,2250,0.5275322909585316,0.08759124087591241,0.9150943396226415,0.5275322909585316,0.6692539887882707
0.4790592561196296,2329,216,2084,2250,0.5277588941762973,0.08759124087591241,0.9151277013752456,0.5277588941762973,0.6694452428858867
0.4790187617095927,2330,216,2083,2250,0.527985497394063,0.08759124087591241,0.9151610369206599,0.527985497394063,0.6696364420175313
0.478902758909907,2331,216,2082,2250,0.5282121006118287,0.08759124087591241,0.9151943462897526,0.5282121006118287,0.6698275862068965
0.47886367112219014,2331,217,2082,2249,0.5282121006118287,0.08799675587996755,0.9148351648351648,0.5282121006118287,0.6697313604367189
0.47885176299005505,2332,217,2081,2249,0.5284387038295943,0.08799675587996755,0.9148685759121225,0.5284387038295943,0.6699224360815857
0.4787855687726046,2333,217,2080,2249,0.52866530704736,0.08799675587996755,0.9149019607843137,0.52866530704736,0.6701134568433147
0.4787671248007888,2333,218,2080,2248,0.52866530704736,0.08840227088402271,0.9145433163465307,0.52866530704736,0.6700172314761631
0.4786707152764965,2333,219,2080,2247,0.52866530704736,0.08880778588807786,0.9141849529780565,0.52866530704736,0.6699210337401292
0.47867047801033774,2334,219,2079,2247,0.5288919102651257,0.08880778588807786,0.9142185663924794,0.5288919102651257,0.6701119724375538
0.4786280329916104,2335,219,2078,2247,0.5291185134828914,0.08880778588807786,0.9142521534847299,0.5291185134828914,0.670302856322664
0.47861200261039516,2336,219,2077,2247,0.5293451167006572,0.08880778588807786,0.9142857142857143,0.5293451167006572,0.6704936854190585
0.4784852338990393,2337,219,2076,2247,0.5295717199184229,0.08880778588807786,0.9143192488262911,0.5295717199184229,0.670684459750323
0.4784421786890556,2338,219,2075,2247,0.5297983231361886,0.08880778588807786,0.9143527571372703,0.5297983231361886,0.6708751793400288
0.47819469095056855,2338,220,2075,2246,0.5297983231361886,0.08921330089213302,0.9139953088350273,0.5297983231361886,0.6707789413283604
0.4781817856228183,2339,220,2074,2246,0.5300249263539543,0.08921330089213302,0.9140289175459164,0.5300249263539543,0.6709695926563397
0.47815006649531233,2340,220,2073,2246,0.53025152957172,0.08921330089213302,0.9140625,0.53025152957172,0.6711601893015918
0.4780304629183899,2341,220,2072,2246,0.5304781327894856,0.08921330089213302,0.9140960562280359,0.5304781327894856,0.6713507312876399
0.47800075428492267,2342,220,2071,2246,0.5307047360072513,0.08921330089213302,0.9141295862607338,0.5307047360072513,0.6715412186379928
0.47793114509773954,2342,221,2071,2245,0.5307047360072513,0.08961881589618816,0.9137729223566133,0.5307047360072513,0.6714449541284403
0.47791941510680247,2343,221,2070,2245,0.530931339225017,0.08961881589618816,0.9138065522620905,0.530931339225017,0.6716353733696431
0.47784762745367887,2344,221,2069,2245,0.5311579424427827,0.08961881589618816,0.9138401559454191,0.5311579424427827,0.6718257380338206
0.47772611888852695,2345,221,2068,2245,0.5313845456605484,0.08961881589618816,0.9138737334372564,0.5313845456605484,0.6720160481444333
0.47772166543872957,2346,221,2067,2245,0.5316111488783141,0.08961881589618816,0.9139072847682119,0.5316111488783141,0.6722063037249283
0.47764446214611334,2346,222,2067,2244,0.5316111488783141,0.09002433090024331,0.9135514018691588,0.5316111488783141,0.6721100128921358
0.47758741801629423,2346,223,2067,2243,0.5316111488783141,0.09042984590429846,0.9131957960295835,0.5316111488783141,0.6720137496419364
0.47755543061492534,2347,223,2066,2243,0.5318377520960798,0.09042984590429846,0.9132295719844358,0.5318377520960798,0.6722039238149792
0.477531350676807,2348,223,2065,2243,0.5320643553138454,0.09042984590429846,0.9132633216647219,0.5320643553138454,0.6723940435280642
0.47708534815647885,2349,223,2064,2243,0.5322909585316111,0.09042984590429846,0.9132970451010887,0.5322909585316111,0.6725841088045812
0.4767676005471369,2349,224,2064,2242,0.5322909585316111,0.0908353609083536,0.9129420909444228,0.5322909585316111,0.672487832808474
0.4767530715732892,2350,224,2063,2242,0.5325175617493768,0.0908353609083536,0.912975912975913,0.5325175617493768,0.6726778302561901
0.47667991170627744,2351,224,2062,2242,0.5327441649671425,0.0908353609083536,0.913009708737864,0.5327441649671425,0.6728677733257011
0.47662094061222904,2352,224,2061,2242,0.5329707681849082,0.0908353609083536,0.9130434782608695,0.5329707681849082,0.673057662040349
0.47658667812938976,2353,224,2060,2242,0.5331973714026739,0.0908353609083536,0.9130772215754753,0.5331973714026739,0.673247496423462
0.4765829750395434,2354,224,2059,2242,0.5334239746204396,0.0908353609083536,0.91311093871218,0.5334239746204396,0.6734372764983549
0.4765272080049909,2355,224,2058,2242,0.5336505778382054,0.0908353609083536,0.9131446297014346,0.5336505778382054,0.6736270022883295
0.47637593439411785,2356,224,2057,2242,0.533877181055971,0.0908353609083536,0.9131782945736434,0.533877181055971,0.6738166738166738
0.47634050210518347,2357,224,2056,2242,0.5341037842737367,0.0908353609083536,0.9132119333591631,0.5341037842737367,0.6740062911066629
0.47629020637479974,2357,225,2056,2241,0.5341037842737367,0.09124087591240876,0.912858249419055,0.5341037842737367,0.6739099356683346
0.47604515336315684,2358,225,2055,2241,0.5343303874915024,0.09124087591240876,0.9128919860627178,0.5343303874915024,0.6740994854202402
0.47602830782071015,2358,226,2055,2240,0.5343303874915024,0.09164639091646391,0.9125386996904025,0.5343303874915024,0.6740031442046591
0.4759760609066231,2359,226,2054,2240,0.5345569907092681,0.09164639091646391,0.9125725338491296,0.5345569907092681,0.6741926264647042
0.47581600405917746,2360,226,2053,2240,0.5347835939270338,0.09164639091646391,0.9126063418406806,0.5347835939270338,0.6743820545792257
0.4758111593431385,2360,227,2053,2239,0.5347835939270338,0.09205190592051905,0.9122535755701585,0.5347835939270338,0.6742857142857144
0.47575189360190656,2361,227,2052,2239,0.5350101971447995,0.09205190592051905,0.9122874806800618,0.5350101971447995,0.6744750749892872
0.4757334277895991,2362,227,2051,2239,0.5352368003625652,0.09205190592051905,0.9123213595983005,0.5352368003625652,0.6746643816052557
0.47565751364352743,2362,228,2051,2238,0.5352368003625652,0.09245742092457421,0.911969111969112,0.5352368003625652,0.6745680422675996
0.47563094902329645,2363,228,2050,2238,0.5354634035803308,0.09245742092457421,0.912003087610961,0.5354634035803308,0.674757281553398
0.47561553620394253,2363,229,2050,2237,0.5354634035803308,0.09286293592862936,0.9116512345679012,0.5354634035803308,0.6746609564596716
0.4756067299087538,2364,229,2049,2237,0.5356900067980965,0.09286293592862936,0.911685306594678,0.5356900067980965,0.6748501284613189
0.47559815946346784,2365,229,2048,2237,0.5359166100158622,0.09286293592862936,0.9117193523515805,0.5359166100158622,0.6750392464678179
0.47558803059094795,2366,229,2047,2237,0.5361432132336279,0.09286293592862936,0.9117533718689788,0.5361432132336279,0.675228310502283
0.47550039834472174,2367,229,2046,2237,0.5363698164513936,0.09286293592862936,0.9117873651771957,0.5363698164513936,0.6754173205878157
0.47539967287784946,2368,229,2045,2237,0.5365964196691593,0.09286293592862936,0.9118213323065075,0.5365964196691593,0.6756062767475036
0.47526580675788455,2369,229,2044,2237,0.536823022886925,0.09286293592862936,0.911855273287144,0.536823022886925,0.6757951790044215
0.47521597388769465,2370,229,2043,2237,0.5370496261046906,0.09286293592862936,0.9118891881492882,0.5370496261046906,0.6759840273816314
0.4752003166095138,2371,229,2042,2237,0.5372762293224563,0.09286293592862936,0.911923076923077,0.5372762293224563,0.6761728219021816
0.47514004388091413,2371,230,2042,2236,0.5372762293224563,0.09326845093268452,0.9115724721261054,0.5372762293224563,0.6760764185913886
0.4750304117655478,2372,230,2041,2236,0.537502832540222,0.09326845093268452,0.9116064565718678,0.537502832540222,0.6762651461154668
0.475012633331604,2372,231,2041,2235,0.537502832540222,0.09367396593673966,0.911256242796773,0.537502832540222,0.6761687571265678
0.4750065781635397,2374,231,2039,2235,0.5379560389757535,0.09367396593673966,0.9113243761996161,0.5379560389757535,0.6765460245084071
0.47483686156323157,2375,231,2038,2235,0.5381826421935192,0.09367396593673966,0.9113584036838066,0.5381826421935192,0.6767345775751531
0.4747534866297727,2376,231,2037,2235,0.5384092454112849,0.09367396593673966,0.9113924050632911,0.5384092454112849,0.676923076923077
0.4746741206268979,2377,231,2036,2235,0.5386358486290506,0.09367396593673966,0.9114263803680982,0.5386358486290506,0.6771115225751317
0.474592433488061,2378,231,2035,2235,0.5388624518468162,0.09367396593673966,0.91146032962821,0.5388624518468162,0.677299914554258
0.47455096457134643,2379,231,2034,2235,0.5390890550645819,0.09367396593673966,0.9114942528735632,0.5390890550645819,0.6774882528833832
0.4745225775457187,2380,231,2033,2235,0.5393156582823476,0.09367396593673966,0.9115281501340483,0.5393156582823476,0.6776765375854215
0.47443342451636894,2381,231,2032,2235,0.5395422615001133,0.09367396593673966,0.9115620214395099,0.5395422615001133,0.677864768683274
0.4742590902780242,2381,232,2032,2234,0.5395422615001133,0.09407948094079481,0.9112131649445082,0.5395422615001133,0.6777682892115002
0.4742425139275466,2382,232,2031,2234,0.539768864717879,0.09407948094079481,0.9112471308339709,0.539768864717879,0.6779564536786681
0.4742278807053686,2382,233,2031,2233,0.539768864717879,0.09448499594484996,0.9108986615678776,0.539768864717879,0.6778599886169607
0.47415028513925767,2383,233,2030,2233,0.5399954679356447,0.09448499594484996,0.9109327217125383,0.5399954679356447,0.6780480864987908
0.4741125670998225,2383,234,2030,2232,0.5399954679356447,0.0948905109489051,0.9105846388995033,0.5399954679356447,0.6779516358463727
0.4739574682525329,2384,234,2029,2232,0.5402220711534104,0.0948905109489051,0.9106187929717342,0.5402220711534104,0.6781396671881667
0.4737758513014416,2385,234,2028,2232,0.540448674371176,0.0948905109489051,0.9106529209621993,0.540448674371176,0.6783276450511945
0.47373614517855256,2386,234,2027,2232,0.5406752775889417,0.0948905109489051,0.9106870229007633,0.5406752775889417,0.6785155694582681
0.4736986655807082,2387,234,2026,2232,0.5409018808067074,0.0948905109489051,0.9107210988172453,0.5409018808067074,0.6787034404321866
0.4736682251550342,2388,234,2025,2232,0.5411284840244731,0.0948905109489051,0.9107551487414187,0.5411284840244731,0.6788912579957357
0.47361974390671624,2389,234,2024,2232,0.5413550872422388,0.0948905109489051,0.9107891727030119,0.5413550872422388,0.6790790221716884
0.4736096715058673,2390,234,2023,2232,0.5415816904600045,0.0948905109489051,0.9108231707317073,0.5415816904600045,0.6792667329828052
0.4734544443920164,2390,235,2023,2231,0.5415816904600045,0.09529602595296026,0.9104761904761904,0.5415816904600045,0.6791702188121624
0.4732232299521313,2390,236,2023,2230,0.5415816904600045,0.09570154095701541,0.9101294744859101,0.5415816904600045,0.6790737320642136
0.47314266888954004,2391,236,2022,2230,0.5418082936777702,0.09570154095701541,0.9101636848115722,0.5418082936777702,0.6792613636363636
0.4730424793730201,2391,237,2022,2229,0.5418082936777702,0.09610705596107055,0.9098173515981736,0.5418082936777702,0.6791648913506604
0.472859364367965,2392,237,2021,2229,0.542034896895536,0.09610705596107055,0.9098516546215291,0.542034896895536,0.6793524566884409
0.4727749415187553,2393,237,2020,2229,0.5422615001133017,0.09610705596107055,0.9098859315589354,0.5422615001133017,0.679539968763311
0.47275459694994454,2394,237,2019,2229,0.5424881033310673,0.09610705596107055,0.9099201824401368,0.5424881033310673,0.6797274275979557
0.4727283784529348,2394,238,2019,2228,0.5424881033310673,0.09651257096512571,0.9095744680851063,0.5424881033310673,0.6796309439318666
0.47255296044850487,2394,239,2019,2227,0.5424881033310673,0.09691808596918086,0.9092290163311811,0.5424881033310673,0.6795344876525689
0.47246067851503254,2394,240,2019,2226,0.5424881033310673,0.09732360097323602,0.908883826879271,0.5424881033310673,0.6794380587484036
0.4723988268654168,2395,240,2018,2226,0.542714706548833,0.09732360097323602,0.9089184060721063,0.542714706548833,0.6796254256526674
0.4723887661294768,2396,240,2017,2226,0.5429413097665987,0.09732360097323602,0.9089529590288316,0.5429413097665987,0.679812739395659
0.4723260923884975,2396,241,2017,2225,0.5429413097665987,0.09772911597729116,0.9086082669700417,0.5429413097665987,0.6797163120567377
0.47225684757287445,2397,241,2016,2225,0.5431679129843644,0.09772911597729116,0.9086429112964367,0.5431679129843644,0.6799035597787548
0.47225146371206045,2397,242,2016,2224,0.5431679129843644,0.09813463098134631,0.9082985979537703,0.5431679129843644,0.6798071469086784
0.4721387964298135,2397,243,2016,2223,0.5431679129843644,0.09854014598540146,0.9079545454545455,0.5431679129843644,0.679710761378137
0.472136553628385,2397,244,2016,2222,0.5431679129843644,0.0989456609894566,0.9076107535024612,0.5431679129843644,0.6796144031755033
0.4720831994254658,2398,244,2015,2222,0.5433945162021301,0.0989456609894566,0.9076457229371688,0.5433945162021301,0.6798015591778881
0.47204851398214465,2398,245,2015,2221,0.5433945162021301,0.09935117599351176,0.9073023079833522,0.5433945162021301,0.6797052154195011
0.4719689430167169,2399,245,2014,2221,0.5436211194198958,0.09935117599351176,0.9073373676248109,0.5436211194198958,0.6798923055122573
0.4717706347427651,2400,245,2013,2221,0.5438477226376615,0.09935117599351176,0.9073724007561437,0.5438477226376615,0.6800793425899688
0.4717240345411523,2401,245,2012,2221,0.5440743258554271,0.09935117599351176,0.9074074074074074,0.5440743258554271,0.6802663266751664
0.4717047628550691,2401,246,2012,2220,0.5440743258554271,0.09975669099756691,0.9070646014355874,0.5440743258554271,0.6801699716713882
0.4715208291560236,2402,246,2011,2220,0.5443009290731928,0.09975669099756691,0.9070996978851964,0.5443009290731928,0.6803568899589293
0.47135055695836886,2403,246,2010,2220,0.5445275322909585,0.09975669099756691,0.9071347678369196,0.5445275322909585,0.6805437553101105
0.47127611426696314,2404,246,2009,2220,0.5447541355087242,0.09975669099756691,0.9071698113207547,0.5447541355087242,0.680730567747416
0.47113090732372187,2405,246,2008,2220,0.5449807387264899,0.09975669099756691,0.9072048283666541,0.5449807387264899,0.6809173272933181
0.4710523007107802,2406,246,2007,2220,0.5452073419442556,0.09975669099756691,0.9072398190045249,0.5452073419442556,0.6811040339702761
0.47097989764491416,2407,246,2006,2220,0.5454339451620213,0.09975669099756691,0.9072747832642292,0.5454339451620213,0.681290687800736
0.4708578825977694,2408,246,2005,2220,0.545660548379787,0.09975669099756691,0.9073097211755841,0.545660548379787,0.6814772888071318
0.4708134312775065,2408,247,2005,2219,0.545660548379787,0.10016220600162205,0.9069679849340866,0.545660548379787,0.6813808715336729
0.47076635059690475,2409,247,2004,2219,0.5458871515975526,0.10016220600162205,0.9070030120481928,0.5458871515975526,0.6815674069882586
0.47072321034623094,2410,247,2003,2219,0.5461137548153184,0.10016220600162205,0.9070380127963868,0.5461137548153184,0.6817538896746818
0.47064107950530354,2411,247,2002,2219,0.5463403580330841,0.10016220600162205,0.9070729872084274,0.5463403580330841,0.6819403196153302
0.4705723292429082,2412,247,2001,2219,0.5465669612508498,0.10016220600162205,0.9071079353140278,0.5465669612508498,0.6821266968325792
0.4702507642529698,2413,247,2000,2219,0.5467935644686155,0.10016220600162205,0.9071428571428571,0.5467935644686155,0.6823130213487913
0.470200294004168,2414,247,1999,2219,0.5470201676863812,0.10016220600162205,0.9071777527245396,0.5470201676863812,0.6824992931863161
0.4701424454380066,2415,247,1998,2219,0.5472467709041469,0.10016220600162205,0.9072126220886552,0.5472467709041469,0.6826855123674912
0.4701308723692892,2415,248,1998,2218,0.5472467709041469,0.10056772100567721,0.9068719489297784,0.5472467709041469,0.6825890333521765
0.4699559248850816,2416,248,1997,2218,0.5474733741219125,0.10056772100567721,0.9069069069069069,0.5474733741219125,0.6827751872262259
0.4699119294515369,2416,249,1997,2217,0.5474733741219125,0.10097323600973236,0.9065666041275797,0.5474733741219125,0.6826787228030516
0.4699109629737697,2417,249,1996,2217,0.5476999773396782,0.10097323600973236,0.9066016504126031,0.5476999773396782,0.6828648114140415
0.46989585229844916,2417,250,1996,2216,0.5476999773396782,0.10137875101378752,0.9062617172853393,0.5476999773396782,0.6827683615819209
0.4698827652077028,2418,250,1995,2216,0.5479265805574439,0.10137875101378752,0.9062968515742129,0.5479265805574439,0.6829543849738737
0.469879292113479,2419,250,1994,2216,0.5481531837752096,0.10137875101378752,0.9063319595354066,0.5481531837752096,0.6831403558316859
0.4698153976471133,2420,250,1993,2216,0.5483797869929753,0.10137875101378752,0.9063670411985019,0.5483797869929753,0.6833262741776083
0.4697583653643586,2420,251,1993,2215,0.5483797869929753,0.10178426601784266,0.9060277049794084,0.5483797869929753,0.6832298136645962
0.4697232942480867,2420,252,1993,2214,0.5483797869929753,0.10218978102189781,0.905688622754491,0.5483797869929753,0.6831333803810868
0.46957245930392144,2420,253,1993,2213,0.5483797869929753,0.10259529602595296,0.9053497942386831,0.5483797869929753,0.6830369743155518
0.46926164034015183,2420,254,1993,2212,0.5483797869929753,0.1030008110300081,0.9050112191473448,0.5483797869929753,0.6829405954564696
0.4691961433244808,2420,255,1993,2211,0.5483797869929753,0.10340632603406326,0.9046728971962616,0.5483797869929753,0.6828442437923251
0.46904969397973845,2421,255,1992,2211,0.548606390210741,0.10340632603406326,0.9047085201793722,0.548606390210741,0.6830300465509944
0.46894744498272295,2422,255,1991,2211,0.5488329934285067,0.10340632603406326,0.904744116548375,0.5488329934285067,0.683215796897038
0.4686606267419613,2423,255,1990,2211,0.5490595966462724,0.10340632603406326,0.9047796863330844,0.5490595966462724,0.68340149485263
0.468574852984012,2423,256,1990,2210,0.5490595966462724,0.10381184103811841,0.9044419559537141,0.5490595966462724,0.6833051325437113
0.4685388910808507,2423,257,1990,2209,0.5490595966462724,0.10421735604217357,0.9041044776119403,0.5490595966462724,0.6832087974058931
0.4685186262573018,2424,257,1989,2209,0.549286199864038,0.10421735604217357,0.9041402461767997,0.549286199864038,0.6833944178178742
0.4683346290205808,2424,258,1989,2208,0.549286199864038,0.10462287104622871,0.9038031319910514,0.549286199864038,0.6832980972515856
0.46829721632009214,2425,258,1988,2208,0.5495128030818037,0.10462287104622871,0.903838986209467,0.5495128030818037,0.6834836527621195
0.4682128843903597,2425,259,1988,2207,0.5495128030818037,0.10502838605028386,0.9035022354694486,0.5495128030818037,0.6833873467662392
0.4679967211298658,2425,260,1988,2206,0.5495128030818037,0.10543390105433902,0.9031657355679702,0.5495128030818037,0.6832910679064526
0.4679222682405272,2425,261,1988,2205,0.5495128030818037,0.10583941605839416,0.9028294862248697,0.5495128030818037,0.6831948161712916
0.46786640638383176,2425,262,1988,2204,0.5495128030818037,0.10624493106244931,0.9024934871604019,0.5495128030818037,0.6830985915492956
0.4678529979359273,2426,262,1987,2204,0.5497394062995694,0.10624493106244931,0.9025297619047619,0.5497394062995694,0.6832840445007745
0.46782183283363,2427,262,1986,2204,0.5499660095173351,0.10624493106244931,0.9025660096690219,0.5499660095173351,0.6834694452266966
0.46782092605532855,2428,262,1985,2204,0.5501926127351008,0.10624493106244931,0.9026022304832714,0.5501926127351008,0.6836547937491201
0.46781088819680433,2428,263,1985,2203,0.5501926127351008,0.10665044606650446,0.9022668153102936,0.5501926127351008,0.6835585585585585
0.4677835740390713,2429,263,1984,2203,0.5504192159528666,0.10665044606650446,0.9023031203566122,0.5504192159528666,0.683743842364532
0.467607402692111,2430,263,1983,2203,0.5506458191706323,0.10665044606650446,0.902339398440401,0.5506458191706323,0.6839290740219534
0.46749659651847036,2430,264,1983,2202,0.5506458191706323,0.1070559610705596,0.9020044543429844,0.5506458191706323,0.6838328408611228
0.4674911963656993,2430,265,1983,2201,0.5506458191706323,0.10746147607461476,0.9016697588126159,0.5506458191706323,0.6837366347777153
0.46743915856330714,2431,265,1982,2201,0.550872422388398,0.10746147607461476,0.901706231454006,0.550872422388398,0.683921789281193
0.4674267147098424,2432,265,1981,2201,0.5510990256061636,0.10746147607461476,0.9017426770485725,0.5510990256061636,0.6841068917018285
0.467384821416131,2433,265,1980,2201,0.5513256288239293,0.10746147607461476,0.9017790956263899,0.5513256288239293,0.6842919420615947
0.46721992919077077,2433,266,1980,2200,0.5513256288239293,0.10786699107866991,0.9014449796220823,0.5513256288239293,0.6841957255343083
0.46714768716811983,2433,267,1980,2199,0.5513256288239293,0.10827250608272507,0.9011111111111111,0.5513256288239293,0.6840995360607339
0.4669778078872179,2434,267,1979,2199,0.551552232041695,0.10827250608272507,0.9011477230655313,0.551552232041695,0.684284509418049
0.4669026438126059,2434,268,1979,2198,0.551552232041695,0.10867802108678021,0.9008142116950407,0.551552232041695,0.6841883345045677
0.46688138467459206,2434,269,1979,2197,0.551552232041695,0.10908353609083536,0.9004809470958195,0.551552232041695,0.6840921866216976
0.4668483912643431,2435,269,1978,2197,0.5517788352594607,0.10908353609083536,0.9005177514792899,0.5517788352594607,0.6842770830406071
0.4668080335236161,2435,270,1978,2196,0.5517788352594607,0.10948905109489052,0.9001848428835489,0.5517788352594607,0.6841809497049733
0.4667704292706591,2436,270,1977,2196,0.5520054384772264,0.10948905109489052,0.9002217294900222,0.5520054384772264,0.6843657817109144
0.466635421981934,2436,271,1977,2195,0.5520054384772264,0.10989456609894566,0.8998891762098263,0.5520054384772264,0.6842696629213484
0.466062892707989,2436,272,1977,2194,0.5520054384772264,0.11030008110300081,0.8995568685376661,0.5520054384772264,0.6841735711276505
0.46599400306024014,2436,273,1977,2193,0.5520054384772264,0.11070559610705596,0.8992248062015504,0.5520054384772264,0.6840775063184499
0.4659883779148131,2436,274,1977,2192,0.5520054384772264,0.1111111111111111,0.8988929889298893,0.5520054384772264,0.6839814684823811
0.46592655528139804,2436,275,1977,2191,0.5520054384772264,0.11151662611516626,0.8985614164514939,0.5520054384772264,0.6838854576080854
0.4658480033769305,2437,275,1976,2191,0.5522320416949921,0.11151662611516626,0.898598820058997,0.5522320416949921,0.6840701754385965
0.46563842890920654,2437,276,1976,2190,0.5522320416949921,0.11192214111922141,0.8982676004423148,0.5522320416949921,0.6839741790625877
0.4656248663361432,2437,277,1976,2189,0.5522320416949921,0.11232765612327657,0.8979366249078851,0.5522320416949921,0.6838782096253684
0.465563096000644,2437,278,1976,2188,0.5522320416949921,0.11273317112733171,0.8976058931860037,0.5522320416949921,0.6837822671156004
0.4655365271629984,2438,278,1975,2188,0.5524586449127578,0.11273317112733171,0.8976435935198822,0.5524586449127578,0.6839668957778089
0.46552810549464885,2439,278,1974,2188,0.5526852481305234,0.11273317112733171,0.8976812661023187,0.5526852481305234,0.6841514726507714
0.4654323966007171,2439,279,1974,2187,0.5526852481305234,0.11313868613138686,0.8973509933774835,0.5526852481305234,0.6840555321834245
0.46539254761298704,2439,280,1974,2186,0.5526852481305234,0.11354420113544202,0.897020963589555,0.5526852481305234,0.6839596186203029
0.4653844514639901,2439,281,1974,2185,0.5526852481305234,0.11394971613949716,0.8966911764705883,0.5526852481305234,0.6838637319500911
0.46522420499409856,2440,281,1973,2185,0.5529118513482891,0.11394971613949716,0.8967291436971702,0.5529118513482891,0.6840482197925427
0.4652117035435604,2440,282,1973,2184,0.5529118513482891,0.11435523114355231,0.896399706098457,0.5529118513482891,0.6839523475823406
0.46516459733379795,2440,283,1973,2183,0.5529118513482891,0.11476074614760746,0.8960705104663974,0.5529118513482891,0.6838565022421524
0.46509174749578314,2441,283,1972,2183,0.5531384545660548,0.11476074614760746,0.8961086637298091,0.5531384545660548,0.6840409135491102
0.46506809209744493,2442,283,1971,2183,0.5533650577838205,0.11476074614760746,0.8961467889908257,0.5533650577838205,0.6842252731857663
0.4648969765697032,2443,283,1970,2183,0.5535916610015862,0.11476074614760746,0.8961848862802642,0.5535916610015862,0.6844095811738338
0.4648741166175746,2444,283,1969,2183,0.5538182642193519,0.11476074614760746,0.8962229556288962,0.5538182642193519,0.6845938375350139
0.46487036023368455,2445,283,1968,2183,0.5540448674371176,0.11476074614760746,0.8962609970674487,0.5540448674371176,0.6847780422909956
0.4648367852623177,2445,284,1968,2182,0.5540448674371176,0.1151662611516626,0.8959325760351777,0.5540448674371176,0.684682161859423
0.46474414591040486,2445,285,1968,2181,0.5540448674371176,0.11557177615571776,0.8956043956043956,0.5540448674371176,0.6845863082738345
0.4646512612544878,2446,285,1967,2181,0.5542714706548832,0.11557177615571776,0.8956426217502746,0.5542714706548832,0.6847704367301232
0.4646324426336569,2447,285,1966,2181,0.554498073872649,0.11557177615571776,0.8956808199121523,0.554498073872649,0.6849545136459062
0.46444850540313426,2448,285,1965,2181,0.5547246770904147,0.11557177615571776,0.8957189901207464,0.5547246770904147,0.6851385390428212
0.4644453860792158,2449,285,1964,2181,0.5549512803081804,0.11557177615571776,0.89575713240673,0.5549512803081804,0.6853225129424935
0.46432206846070534,2450,285,1963,2181,0.5551778835259461,0.11557177615571776,0.8957952468007313,0.5551778835259461,0.6855064353665362
0.464170203108342,2451,285,1962,2181,0.5554044867437118,0.11557177615571776,0.8958333333333334,0.5554044867437118,0.6856903063365506
0.464111989181431,2452,285,1961,2181,0.5556310899614775,0.11557177615571776,0.8958713920350749,0.5556310899614775,0.6858741258741258
0.4641055353236658,2453,285,1960,2181,0.5558576931792432,0.11557177615571776,0.8959094229364499,0.5558576931792432,0.686057894000839
0.46404980912306026,2454,285,1959,2181,0.5560842963970088,0.11557177615571776,0.895947426067908,0.5560842963970088,0.6862416107382551
0.4640378480764238,2454,286,1959,2180,0.5560842963970088,0.11597729115977291,0.8956204379562044,0.5560842963970088,0.6861456731441353
0.46385733853234346,2454,287,1959,2179,0.5560842963970088,0.11638280616382807,0.8952936884348778,0.5560842963970088,0.6860497623707017
0.46377096187014843,2454,288,1959,2178,0.5560842963970088,0.11678832116788321,0.8949671772428884,0.5560842963970088,0.6859538784067086
0.4637186979031463,2455,288,1958,2178,0.5563108996147745,0.11678832116788321,0.8950054684651841,0.5563108996147745,0.6861375069871436
0.4637147210026119,2456,288,1957,2178,0.5565375028325402,0.11678832116788321,0.8950437317784257,0.5565375028325402,0.6863210842531787
0.4637126443382312,2457,288,1956,2178,0.5567641060503059,0.11678832116788321,0.8950819672131147,0.5567641060503059,0.6865046102263201
0.46366957950989535,2458,288,1955,2178,0.5569907092680716,0.11678832116788321,0.8951201747997086,0.5569907092680716,0.6866880849280627
0.46364935607501323,2459,288,1954,2178,0.5572173124858373,0.11678832116788321,0.8951583545686204,0.5572173124858373,0.6868715083798883
0.4635474974603014,2460,288,1953,2178,0.557443915703603,0.11678832116788321,0.8951965065502183,0.557443915703603,0.6870548806032677
0.4634383356903972,2461,288,1952,2178,0.5576705189213687,0.11678832116788321,0.8952346307748272,0.5576705189213687,0.6872382016196593
0.46341569403762606,2461,289,1952,2177,0.5576705189213687,0.11719383617193836,0.8949090909090909,0.5576705189213687,0.687142258830099
0.4634078326205509,2461,290,1952,2176,0.5576705189213687,0.11759935117599352,0.8945837877135587,0.5576705189213687,0.6870463428252372
0.46335643169114715,2462,290,1951,2176,0.5578971221391343,0.11759935117599352,0.8946220930232558,0.5578971221391343,0.6872295882763432
0.46335055137924835,2462,291,1951,2175,0.5578971221391343,0.11800486618004866,0.8942971304031965,0.5578971221391343,0.6871336868545911
0.4633284702020251,2462,292,1951,2174,0.5578971221391343,0.11841038118410381,0.8939724037763254,0.5578971221391343,0.6870378121947817
0.4631037220721443,2463,292,1950,2174,0.5581237253569,0.11841038118410381,0.894010889292196,0.5581237253569,0.6872209821428571
0.46309397723452567,2463,293,1950,2173,0.5581237253569,0.11881589618815896,0.8936865021770682,0.5581237253569,0.687125122053285
0.46299204970667274,2463,294,1950,2172,0.5581237253569,0.1192214111922141,0.8933623503808488,0.5581237253569,0.6870292887029288
0.46289226636356184,2464,294,1949,2172,0.5583503285746657,0.1192214111922141,0.8934010152284264,0.5583503285746657,0.687212383210152
0.46281526463173167,2465,294,1948,2172,0.5585769317924314,0.1192214111922141,0.8934396520478434,0.5585769317924314,0.6873954266592303
0.4627740653843188,2466,294,1947,2172,0.5588035350101972,0.1192214111922141,0.8934782608695652,0.5588035350101972,0.6875784190715183
0.46274109240181394,2467,294,1946,2172,0.5590301382279629,0.1192214111922141,0.893516841724013,0.5590301382279629,0.687761360468358
0.4625497369529482,2468,294,1945,2172,0.5592567414457286,0.1192214111922141,0.8935553946415641,0.5592567414457286,0.6879442508710801
0.4620804746696338,2469,294,1944,2172,0.5594833446634943,0.1192214111922141,0.8935939196525515,0.5594833446634943,0.6881270903010033
0.46201995342061386,2470,294,1943,2172,0.5597099478812599,0.1192214111922141,0.8936324167872648,0.5597099478812599,0.6883098787794342
0.4619803287605378,2471,294,1942,2172,0.5599365510990256,0.1192214111922141,0.8936708860759494,0.5599365510990256,0.6884926163276678
0.46178012964762355,2472,294,1941,2172,0.5601631543167913,0.1192214111922141,0.8937093275488069,0.5601631543167913,0.6886753029669871
0.4617044313544507,2473,294,1940,2172,0.560389757534557,0.1192214111922141,0.8937477412359957,0.560389757534557,0.688857938718663
0.4615900988545694,2473,295,1940,2171,0.560389757534557,0.11962692619626926,0.8934248554913294,0.560389757534557,0.688762010861997
0.4615381792085953,2473,296,1940,2170,0.560389757534557,0.12003244120032441,0.8931022029613579,0.560389757534557,0.6886661097187413
0.46134871737475863,2474,296,1939,2170,0.5606163607523227,0.12003244120032441,0.8931407942238268,0.5606163607523227,0.6888486704719476
0.4613167773389288,2474,297,1939,2169,0.5606163607523227,0.12043795620437957,0.8928184770840851,0.5606163607523227,0.6887527839643652
0.461302529611848,2474,298,1939,2168,0.5606163607523227,0.12084347120843471,0.8924963924963925,0.5606163607523227,0.6886569241475295
0.4611643154974598,2474,299,1939,2167,0.5606163607523227,0.12124898621248986,0.8921745402091598,0.5606163607523227,0.6885610910102977
0.46111177108036955,2474,300,1939,2166,0.5606163607523227,0.12165450121654502,0.8918529199711608,0.5606163607523227,0.6884652845415333
0.4608759061625947,2475,300,1938,2166,0.5608429639700884,0.12165450121654502,0.8918918918918919,0.5608429639700884,0.6886477462437396
0.4607566114077713,2476,300,1937,2166,0.5610695671878541,0.12165450121654502,0.8919308357348703,0.5610695671878541,0.6888301571845876
0.46048751075923394,2477,300,1936,2166,0.5612961704056197,0.12165450121654502,0.8919697515304286,0.5612961704056197,0.6890125173852573
0.46044864530458957,2478,300,1935,2166,0.5615227736233854,0.12165450121654502,0.8920086393088553,0.5615227736233854,0.6891948268669169
0.4602567129027107,2479,300,1934,2166,0.5617493768411511,0.12165450121654502,0.8920474991003958,0.5617493768411511,0.6893770856507231
0.460250633807988,2480,300,1933,2166,0.5619759800589168,0.12165450121654502,0.8920863309352518,0.5619759800589168,0.68955929375782
0.4601008505143237,2481,300,1932,2166,0.5622025832766825,0.12165450121654502,0.8921251348435815,0.5622025832766825,0.6897414512093412
0.4600056717219096,2482,300,1931,2166,0.5624291864944482,0.12165450121654502,0.8921639108554996,0.5624291864944482,0.6899235580264071
0.45996431722474523,2482,301,1931,2165,0.5624291864944482,0.12206001622060016,0.8918433345310816,0.5624291864944482,0.6898276820455808
0.4598851174034933,2483,301,1930,2165,0.5626557897122139,0.12206001622060016,0.891882183908046,0.5626557897122139,0.6900097262748367
0.45988144201572156,2484,301,1929,2165,0.5628823929299797,0.12206001622060016,0.8919210053859964,0.5628823929299797,0.6901917199222007
0.4598814379505511,2485,301,1928,2165,0.5631089961477453,0.12206001622060016,0.8919597989949749,0.5631089961477453,0.6903736630087512
0.45983209761629734,2486,301,1927,2165,0.563335599365511,0.12206001622060016,0.8919985647649803,0.563335599365511,0.6905555555555555
0.4597946257321105,2486,302,1927,2164,0.563335599365511,0.12246553122465531,0.8916786226685797,0.563335599365511,0.6904596583807805
0.4597866301729022,2487,302,1926,2164,0.5635622025832767,0.12246553122465531,0.8917174614557188,0.5635622025832767,0.6906414884754235
0.4595027268220161,2488,302,1925,2164,0.5637888058010424,0.12246553122465531,0.8917562724014337,0.5637888058010424,0.6908232680827433
0.459346289734585,2489,302,1924,2164,0.5640154090188081,0.12246553122465531,0.8917950555356503,0.5640154090188081,0.6910049972237645
0.45914017936374213,2490,302,1923,2164,0.5642420122365738,0.12246553122465531,0.8918338108882522,0.5642420122365738,0.6911866759195003
0.4590073485833564,2490,303,1923,2163,0.5642420122365738,0.12287104622871046,0.8915145005370569,0.5642420122365738,0.691090757701915
0.45899808006387677,2490,304,1923,2162,0.5642420122365738,0.12327656123276562,0.8911954187544738,0.5642420122365738,0.6909948661024005
0.45894950720944205,2491,304,1922,2162,0.5644686154543395,0.12327656123276562,0.8912343470483005,0.5644686154543395,0.6911764705882353
0.4588776996037101,2492,304,1921,2162,0.5646952186721051,0.12327656123276562,0.8912732474964234,0.5646952186721051,0.691358024691358
0.4588607410978196,2493,304,1920,2162,0.5649218218898708,0.12327656123276562,0.8913121201287093,0.5649218218898708,0.6915395284327324
0.4588436682521225,2494,304,1919,2162,0.5651484251076365,0.12327656123276562,0.8913509649749821,0.5651484251076365,0.6917209818333103
0.4588274381773255,2495,304,1918,2162,0.5653750283254022,0.12327656123276562,0.8913897820650232,0.5653750283254022,0.6919023849140321
0.45869435610170023,2495,305,1918,2161,0.5653750283254022,0.12368207623682076,0.8910714285714286,0.5653750283254022,0.6918064605573272
0.45865484586551974,2496,305,1917,2161,0.5656016315431679,0.12368207623682076,0.891110317743663,0.5656016315431679,0.691987801497089
0.45852551033971,2497,305,1916,2161,0.5658282347609336,0.12368207623682076,0.8911491791577445,0.5658282347609336,0.6921690921690921
0.45842303443800286,2498,305,1915,2161,0.5660548379786993,0.12368207623682076,0.8911880128433821,0.5660548379786993,0.6923503325942351
0.45838974960006723,2498,306,1915,2160,0.5660548379786993,0.12408759124087591,0.890870185449358,0.5660548379786993,0.6922543993349036
0.458296839947598,2499,306,1914,2160,0.566281441196465,0.12408759124087591,0.8909090909090909,0.566281441196465,0.6924355777223606
0.4582399741623452,2499,307,1914,2159,0.566281441196465,0.12449310624493107,0.890591589451176,0.566281441196465,0.6923396592325806
0.45810652086007636,2500,308,1913,2158,0.5665080444142306,0.12489862124898621,0.8903133903133903,0.5665080444142306,0.6924248719013987
0.45801834821212845,2500,309,1913,2157,0.5665080444142306,0.12530413625304138,0.8899964400142399,0.5665080444142306,0.6923289947382996
0.45770238847116,2500,310,1913,2156,0.5665080444142306,0.12570965125709652,0.8896797153024911,0.5665080444142306,0.6922331441229406
0.45763962877082515,2500,311,1913,2155,0.5665080444142306,0.12611516626115166,0.8893632159373889,0.5665080444142306,0.6921373200442968
0.45757237964360814,2500,312,1913,2154,0.5665080444142306,0.12652068126520682,0.8890469416785206,0.5665080444142306,0.6920415224913494
0.45745895456398084,2500,313,1913,2153,0.5665080444142306,0.12692619626926196,0.8887308922858158,0.5665080444142306,0.691945751453086
0.45725138507510693,2501,313,1912,2153,0.5667346476319963,0.12692619626926196,0.8887704335465529,0.5667346476319963,0.6921267469212675
0.45711093952209847,2502,313,1911,2153,0.5669612508497621,0.12692619626926196,0.888809946714032,0.5669612508497621,0.6923076923076923
0.45699340130217325,2503,313,1910,2153,0.5671878540675278,0.12692619626926196,0.8888494318181818,0.5671878540675278,0.6924885876331442
0.45695187229277867,2503,314,1910,2152,0.5671878540675278,0.1273317112733171,0.888533901313454,0.5671878540675278,0.6923928077455048
0.4568042220118109,2503,315,1910,2151,0.5671878540675278,0.12773722627737227,0.8882185947480482,0.5671878540675278,0.6922970543493293
0.4567389580012006,2503,316,1910,2150,0.5671878540675278,0.1281427412814274,0.8879035118836467,0.5671878540675278,0.6922013274336283
0.4566569539511326,2504,316,1909,2150,0.5674144572852935,0.1281427412814274,0.8879432624113475,0.5674144572852935,0.6923821374256879
0.4566335795111294,2504,317,1909,2149,0.5674144572852935,0.12854825628548255,0.8876285005317264,0.5674144572852935,0.6922864252142661
0.45654340987088476,2505,317,1908,2149,0.5676410605030592,0.12854825628548255,0.8876683203401843,0.5676410605030592,0.692467173462336
0.45611515514578,2506,317,1907,2149,0.5678676637208249,0.12854825628548255,0.887708111937655,0.5678676637208249,0.6926478717523494
0.4560133059654059,2507,317,1906,2149,0.5680942669385906,0.12854825628548255,0.8877478753541076,0.5680942669385906,0.6928285201050159
0.45594304402342656,2507,318,1906,2148,0.5680942669385906,0.12895377128953772,0.8874336283185841,0.5680942669385906,0.6927327991157779
0.4559030904224911,2508,318,1905,2148,0.5683208701563562,0.12895377128953772,0.8874734607218684,0.5683208701563562,0.6929133858267716
0.45577870951391797,2508,319,1905,2147,0.5683208701563562,0.12935928629359286,0.8871595330739299,0.5683208701563562,0.6928176795580111
0.4557781788160297,2509,319,1904,2147,0.5685474733741219,0.12935928629359286,0.8871994342291372,0.5685474733741219,0.6929982046678635
0.45576859064347147,2510,319,1903,2147,0.5687740765918876,0.12935928629359286,0.8872393071756804,0.5687740765918876,0.6931786799226733
0.45563769779066765,2511,319,1902,2147,0.5690006798096533,0.12935928629359286,0.8872791519434629,0.5690006798096533,0.6933591053430899
0.45562973497422193,2512,319,1901,2147,0.569227283027419,0.12935928629359286,0.8873189685623455,0.569227283027419,0.6935394809497515
0.4555694539725522,2513,319,1900,2147,0.5694538862451847,0.12935928629359286,0.8873587570621468,0.5694538862451847,0.6937198067632849
0.45552070993128957,2514,319,1899,2147,0.5696804894629504,0.12935928629359286,0.8873985174726439,0.5696804894629504,0.6939000828043059
0.45532550228126933,2515,319,1898,2147,0.569907092680716,0.12935928629359286,0.8874382498235709,0.569907092680716,0.694080309093418
0.4552915296077519,2516,319,1897,2147,0.5701336958984817,0.12935928629359286,0.8874779541446208,0.5701336958984817,0.6942604856512142
0.455174692330501,2517,319,1896,2147,0.5703602991162474,0.12935928629359286,0.8875176304654443,0.5703602991162474,0.6944406124982756
0.45499852726876533,2518,319,1895,2147,0.5705869023340131,0.12935928629359286,0.8875572788156504,0.5705869023340131,0.6946206896551723
0.4548949869170643,2518,320,1895,2146,0.5705869023340131,0.129764801297648,0.8872445384073291,0.5705869023340131,0.6945248931181905
0.4548836105350367,2519,320,1894,2146,0.5708135055517788,0.129764801297648,0.887284255019373,0.5708135055517788,0.6947049089906233
0.45485156369593976,2520,320,1893,2146,0.5710401087695445,0.129764801297648,0.8873239436619719,0.5710401087695445,0.6948848752240452
0.4548377170050132,2521,320,1892,2146,0.5712667119873103,0.129764801297648,0.8873636043646603,0.5712667119873103,0.6950647918389854
0.45476474410176787,2522,320,1891,2146,0.571493315205076,0.129764801297648,0.8874032371569317,0.571493315205076,0.6952446588559614
0.45472969310076966,2522,321,1891,2145,0.571493315205076,0.13017031630170317,0.887091100949701,0.571493315205076,0.6951488423373761
0.4546675434065332,2523,321,1890,2145,0.5717199184228416,0.13017031630170317,0.8871308016877637,0.5717199184228416,0.6953286482017362
0.4546447570780439,2524,321,1889,2145,0.5719465216406073,0.13017031630170317,0.887170474516696,0.5719465216406073,0.6955084045191514
0.4546141769418799,2525,321,1888,2145,0.572173124858373,0.13017031630170317,0.8872101194659171,0.572173124858373,0.695688111310098
0.45438973023358925,2526,321,1887,2145,0.5723997280761387,0.13017031630170317,0.8872497365648051,0.5723997280761387,0.6958677685950414
0.45433365414921906,2526,322,1887,2144,0.5723997280761387,0.1305758313057583,0.886938202247191,0.5723997280761387,0.6957719322407382
0.4542901478826654,2527,322,1886,2144,0.5726263312939044,0.1305758313057583,0.8869778869778869,0.5726263312939044,0.6959515285045441
0.4542635391657099,2527,323,1886,2143,0.5726263312939044,0.13098134630981345,0.8866666666666667,0.5726263312939044,0.6958557070081234
0.454257199058086,2528,323,1885,2143,0.5728529345116701,0.13098134630981345,0.8867064188004209,0.5728529345116701,0.696035242290749
0.45424478287509085,2528,324,1885,2142,0.5728529345116701,0.13138686131386862,0.8863955119214586,0.5728529345116701,0.6959394356503784
0.4541916244399343,2529,324,1884,2142,0.5730795377294358,0.13138686131386862,0.886435331230284,0.5730795377294358,0.6961189099917424
0.45405011935077627,2529,325,1884,2141,0.5730795377294358,0.13179237631792376,0.886124737210932,0.5730795377294358,0.6960231182055869
0.453913067232842,2530,325,1883,2141,0.5733061409472014,0.13179237631792376,0.8861646234676007,0.5733061409472014,0.6962025316455696
0.45376059293520826,2530,326,1883,2140,0.5733061409472014,0.1321978913219789,0.8858543417366946,0.5733061409472014,0.6961067547117896
0.45373972312666355,2531,326,1882,2140,0.5735327441649671,0.1321978913219789,0.8858942947147357,0.5735327441649671,0.6962861072902338
0.45330789473996697,2531,327,1882,2139,0.5735327441649671,0.13260340632603407,0.8855843247025892,0.5735327441649671,0.6961903452069867
0.4532962439616639,2531,328,1882,2138,0.5735327441649671,0.1330089213300892,0.8852745715285064,0.5735327441649671,0.6960946094609461
0.4531647028203288,2532,328,1881,2138,0.5737593473827328,0.1330089213300892,0.8853146853146853,0.5737593473827328,0.6962738897291352
0.45315880686743654,2532,329,1881,2137,0.5737593473827328,0.13341443633414438,0.8850052429220552,0.5737593473827328,0.6961781688204562
0.4531384760863307,2533,329,1880,2137,0.5739859506004985,0.13341443633414438,0.8850454227812719,0.5739859506004985,0.6963573883161511
0.4531261112158269,2534,329,1879,2137,0.5742125538182642,0.13341443633414438,0.8850855745721271,0.5742125538182642,0.6965365585486532
0.4530579425689045,2535,329,1878,2137,0.5744391570360299,0.13341443633414438,0.8851256983240223,0.5744391570360299,0.6967156795382713
0.453031120314869,2535,330,1878,2136,0.5744391570360299,0.13381995133819952,0.8848167539267016,0.5744391570360299,0.6966199505358615
0.4530113536687389,2536,330,1877,2136,0.5746657602537956,0.13381995133819952,0.8848569434752268,0.5746657602537956,0.6967990108531391
0.4528215479584685,2537,330,1876,2136,0.5748923634715613,0.13381995133819952,0.8848971049877922,0.5748923634715613,0.6969780219780219
0.45281125534810945,2538,330,1875,2136,0.5751189666893269,0.13381995133819952,0.8849372384937239,0.5751189666893269,0.6971569839307787
0.4526017870497091,2539,330,1874,2136,0.5753455699070927,0.13381995133819952,0.8849773440223074,0.5753455699070927,0.6973358967316671
0.45255761155353935,2540,330,1873,2136,0.5755721731248584,0.13381995133819952,0.8850174216027874,0.5755721731248584,0.6975147604009336
0.45249814896669727,2541,330,1872,2136,0.5757987763426241,0.13381995133819952,0.8850574712643678,0.5757987763426241,0.6976935749588139
0.45245632444130945,2542,330,1871,2136,0.5760253795603898,0.13381995133819952,0.8850974930362117,0.5760253795603898,0.697872340425532
0.45242765756536724,2542,331,1871,2135,0.5760253795603898,0.13422546634225466,0.8847894187260703,0.5760253795603898,0.6977765577820477
0.45226360523465736,2543,331,1870,2135,0.5762519827781555,0.13422546634225466,0.8848295059151009,0.5762519827781555,0.6979552627967615
0.45224410411443267,2543,332,1870,2134,0.5762519827781555,0.13463098134630982,0.8845217391304347,0.5762519827781555,0.6978594950603731
0.4521719092076479,2544,332,1869,2134,0.5764785859959212,0.13463098134630982,0.8845618915159944,0.5764785859959212,0.6980381396625053
0.45204506794197336,2545,332,1868,2134,0.5767051892136869,0.13463098134630982,0.8846020159888773,0.5767051892136869,0.6982167352537724
0.4519322175555229,2546,332,1867,2134,0.5769317924314525,0.13463098134630982,0.8846421125781793,0.5769317924314525,0.6983952818543411
0.45188587452118184,2546,333,1867,2133,0.5769317924314525,0.13503649635036497,0.8843348384855853,0.5769317924314525,0.6982995063082831
0.45182074823541635,2547,333,1866,2133,0.5771583956492182,0.13503649635036497,0.884375,0.5771583956492182,0.6984779925956397
0.45172501842409407,2548,333,1865,2133,0.5773849988669839,0.13503649635036497,0.8844151336341548,0.5773849988669839,0.6986564299424184
0.45164890081899345,2549,333,1864,2133,0.5776116020847496,0.13503649635036497,0.8844552394170715,0.5776116020847496,0.6988348183687456
0.45163276128884433,2550,333,1863,2133,0.5778382053025153,0.13503649635036497,0.8844953173777316,0.5778382053025153,0.6990131578947368
0.451541184828618,2550,334,1863,2132,0.5778382053025153,0.1354420113544201,0.8841886269070736,0.5778382053025153,0.6989173632999862
0.4515057472048466,2550,335,1863,2131,0.5778382053025153,0.13584752635847527,0.8838821490467937,0.5778382053025153,0.6988215949575226
0.45140442311600854,2550,336,1863,2130,0.5778382053025153,0.1362530413625304,0.8835758835758836,0.5778382053025153,0.6987258528565556
0.4513066301283355,2551,336,1862,2130,0.578064808520281,0.1362530413625304,0.883616210599238,0.578064808520281,0.6989041095890411
0.4512243147045175,2552,336,1861,2130,0.5782914117380467,0.1362530413625304,0.8836565096952909,0.5782914117380467,0.6990823174907547
0.4512122567873443,2553,336,1860,2130,0.5785180149558123,0.1362530413625304,0.8836967808930426,0.5785180149558123,0.6992604765817585
0.4511958253738912,2554,336,1859,2130,0.578744618173578,0.1362530413625304,0.8837370242214533,0.578744618173578,0.6994385868821033
0.4509737377660648,2555,336,1858,2130,0.5789712213913437,0.1362530413625304,0.8837772397094431,0.5789712213913437,0.6996166484118291
0.45086538676764154,2556,336,1857,2130,0.5791978246091094,0.1362530413625304,0.8838174273858921,0.5791978246091094,0.699794661190965
0.45079203087706243,2557,336,1856,2130,0.5794244278268751,0.1362530413625304,0.8838575872796405,0.5794244278268751,0.6999726252395291
0.45073105575274663,2557,337,1856,2129,0.5794244278268751,0.13665855636658555,0.8835521769177609,0.5794244278268751,0.6998768304365676
0.4506700775062699,2557,338,1856,2128,0.5794244278268751,0.13706407137064072,0.8832469775474957,0.5794244278268751,0.6997810618500273
0.45056151801815686,2558,338,1855,2128,0.5796510310446409,0.13706407137064072,0.8832872928176796,0.5796510310446409,0.6999589547133672
0.4505456368213715,2558,339,1855,2127,0.5796510310446409,0.13746958637469586,0.8829823955816362,0.5796510310446409,0.6998632010943913
0.45049902678516196,2559,339,1854,2127,0.5798776342624066,0.13746958637469586,0.8830227743271222,0.5798776342624066,0.7000410340582683
0.45037891555020965,2559,340,1854,2126,0.5798776342624066,0.137875101378751,0.8827181786823043,0.5798776342624066,0.699945295404814
0.4501945461777871,2559,341,1854,2125,0.5798776342624066,0.13828061638280617,0.8824137931034483,0.5798776342624066,0.6998495829345004
0.4501415634033569,2560,341,1853,2125,0.5801042374801723,0.13828061638280617,0.8824543260944502,0.5801042374801723,0.7000273448181569
0.4500875768399978,2560,342,1853,2124,0.5801042374801723,0.1386861313868613,0.8821502412129566,0.5801042374801723,0.6999316473000684
0.4500380659102826,2561,342,1852,2124,0.5803308406979379,0.1386861313868613,0.882190837065105,0.5803308406979379,0.7001093493712411
0.4499600976786854,2562,342,1851,2124,0.5805574439157036,0.1386861313868613,0.8822314049586777,0.5805574439157036,0.7002870028700288
0.4499333785038102,2562,343,1851,2123,0.5805574439157036,0.13909164639091645,0.8819277108433735,0.5805574439157036,0.7001913091008473
0.44988941439847346,2563,343,1850,2123,0.5807840471334693,0.13909164639091645,0.8819683413626979,0.5807840471334693,0.7003689028555814
0.4498167750978169,2563,344,1850,2122,0.5807840471334693,0.13949716139497162,0.8816649466804266,0.5807840471334693,0.7002732240437158
0.44964458054636014,2563,345,1850,2121,0.5807840471334693,0.13990267639902676,0.8813617606602476,0.5807840471334693,0.7001775713700316
0.4495957144475007,2563,346,1850,2120,0.5807840471334693,0.14030819140308193,0.8810587830869715,0.5807840471334693,0.7000819448238187
0.4495566854883614,2563,347,1850,2119,0.5807840471334693,0.14071370640713707,0.8807560137457044,0.5807840471334693,0.6999863443943739
0.449144572692968,2563,348,1850,2118,0.5807840471334693,0.1411192214111922,0.8804534524218481,0.5807840471334693,0.6998907700709995
0.4491341719902389,2564,348,1849,2118,0.581010650351235,0.1411192214111922,0.8804945054945055,0.581010650351235,0.7000682593856654
0.44895770791712525,2565,348,1848,2118,0.5812372535690007,0.1411192214111922,0.8805355303810505,0.5812372535690007,0.7002457002457002
0.4489506519983095,2566,348,1847,2118,0.5814638567867664,0.1411192214111922,0.880576527110501,0.5814638567867664,0.700423092670943
0.4488882191303798,2567,348,1846,2118,0.5816904600045321,0.1411192214111922,0.8806174957118353,0.5816904600045321,0.7006004366812227
0.44884437289027845,2567,349,1846,2117,0.5816904600045321,0.14152473641524738,0.880315500685871,0.5816904600045321,0.7005048437713194
0.4487708593620352,2567,350,1846,2116,0.5816904600045321,0.14193025141930252,0.8800137127185464,0.5816904600045321,0.7004092769440655
0.44874211827021154,2567,351,1846,2115,0.5816904600045321,0.14233576642335766,0.8797121315969842,0.5816904600045321,0.7003137361887873
0.44870783259393376,2567,352,1846,2114,0.5816904600045321,0.14274128142741282,0.8794107571085988,0.5816904600045321,0.7002182214948173
0.44865696131077243,2567,353,1846,2113,0.5816904600045321,0.14314679643146797,0.8791095890410959,0.5816904600045321,0.7001227328514933
0.4486520280586988,2568,353,1845,2113,0.5819170632222977,0.14314679643146797,0.8791509756932557,0.5819170632222977,0.7002999727297519
0.44862868039604237,2569,353,1844,2113,0.5821436664400634,0.14314679643146797,0.8791923340177961,0.5821436664400634,0.7004771642808454
0.4483102383413508,2570,353,1843,2113,0.5823702696578291,0.14314679643146797,0.8792336640437907,0.5823702696578291,0.7006543075245366
0.44826146596283545,2570,354,1843,2112,0.5823702696578291,0.1435523114355231,0.8789329685362517,0.5823702696578291,0.7005588115033392
0.4481473514087432,2571,354,1842,2112,0.5825968728755948,0.1435523114355231,0.8789743589743589,0.5825968728755948,0.7007358953393296
0.44811295573114773,2571,355,1842,2111,0.5825968728755948,0.14395782643957827,0.878673957621326,0.5825968728755948,0.7006404142253714
0.44810710994365527,2572,355,1841,2111,0.5828234760933605,0.14395782643957827,0.878715408267851,0.5828234760933605,0.7008174386920981
0.4479323255866575,2573,355,1840,2111,0.5830500793111262,0.14395782643957827,0.8787568306010929,0.5830500793111262,0.7009944149298462
0.4478872449405104,2574,355,1839,2111,0.5832766825288919,0.14395782643957827,0.8787982246500512,0.5832766825288919,0.701171342958322
0.4478285823561177,2575,355,1838,2111,0.5835032857466576,0.14395782643957827,0.878839590443686,0.5835032857466576,0.7013482227972219
0.44781691575682475,2575,356,1838,2110,0.5835032857466576,0.14436334144363341,0.8785397475264415,0.5835032857466576,0.7012527233115469
0.44780682103371433,2576,356,1837,2110,0.5837298889644233,0.14436334144363341,0.878581173260573,0.5837298889644233,0.7014295439074201
0.44780427958375224,2576,357,1837,2109,0.5837298889644233,0.14476885644768855,0.8782816229116945,0.5837298889644233,0.7013340593520284
0.447746041622922,2577,357,1836,2109,0.583956492182189,0.14476885644768855,0.878323108384458,0.583956492182189,0.7015108207431604
0.447558837514971,2578,357,1835,2109,0.5841830953999547,0.14476885644768855,0.8783645655877342,0.5841830953999547,0.7016875340228634
0.4475578719921978,2579,357,1834,2109,0.5844096986177204,0.14476885644768855,0.8784059945504087,0.5844096986177204,0.7018641992107769
0.4474263346261708,2579,358,1834,2108,0.5844096986177204,0.14517437145174372,0.878106911814777,0.5844096986177204,0.7017687074829931
0.44738059034410527,2579,359,1834,2107,0.5844096986177204,0.14557988645579886,0.8778080326752893,0.5844096986177204,0.7016732417358184
0.44733143249409485,2580,359,1833,2107,0.5846363018354861,0.14557988645579886,0.8778496087104457,0.5846363018354861,0.7018498367791077
0.4472114147787178,2580,360,1833,2106,0.5846363018354861,0.145985401459854,0.8775510204081632,0.5846363018354861,0.7017543859649124
0.44716182168927293,2581,360,1832,2106,0.5848629050532518,0.145985401459854,0.8775926555593335,0.5848629050532518,0.7019309219472396
0.44699762546978916,2581,361,1832,2105,0.5848629050532518,0.14639091646390917,0.8772943575798776,0.5848629050532518,0.7018354860639021
0.4469837244713463,2582,361,1831,2105,0.5850895082710175,0.14639091646390917,0.8773360516479782,0.5850895082710175,0.7020119630233823
0.44687998762636366,2582,362,1831,2104,0.5850895082710175,0.1467964314679643,0.8770380434782609,0.5850895082710175,0.701916542068778
0.44682633726873106,2583,362,1830,2104,0.5853161114887832,0.1467964314679643,0.8770797962648557,0.5853161114887832,0.7020929600434901
0.4465972475039948,2583,363,1830,2103,0.5853161114887832,0.14720194647201945,0.8767820773930753,0.5853161114887832,0.7019975540154911
0.4465693396884776,2583,364,1830,2102,0.5853161114887832,0.14760746147607462,0.8764845605700713,0.5853161114887832,0.7019021739130434
0.44656557654330653,2584,364,1829,2102,0.5855427147065488,0.14760746147607462,0.8765264586160109,0.5855427147065488,0.7020785219399539
0.4465263187598109,2584,365,1829,2101,0.5855427147065488,0.14801297648012976,0.8762292302475415,0.5855427147065488,0.701983156750883
0.446396276477756,2584,366,1829,2100,0.5855427147065488,0.14841849148418493,0.8759322033898305,0.5855427147065488,0.7018878174657069
0.4463128301924093,2584,367,1829,2099,0.5855427147065488,0.14882400648824007,0.875635377838021,0.5855427147065488,0.7017925040738728
0.4459951740291205,2585,367,1828,2099,0.5857693179243145,0.14882400648824007,0.8756775067750677,0.5857693179243145,0.7019687712152071
0.44587232646816954,2585,368,1828,2098,0.5857693179243145,0.1492295214922952,0.8753809685066034,0.5857693179243145,0.7018734727124626
0.4457937933976547,2586,368,1827,2098,0.5859959211420802,0.1492295214922952,0.8754231550440081,0.5859959211420802,0.702049681009909
0.44576334625281816,2586,369,1827,2097,0.5859959211420802,0.14963503649635038,0.8751269035532995,0.5859959211420802,0.7019543973941369
0.4457351475026204,2587,369,1826,2097,0.5862225243598459,0.14963503649635038,0.875169147496617,0.5862225243598459,0.702130546885602
0.4457292032134938,2588,369,1825,2097,0.5864491275776116,0.14963503649635038,0.8752113628677713,0.5864491275776116,0.7023066485753052
0.4456724005552563,2589,369,1824,2097,0.5866757307953773,0.14963503649635038,0.8752535496957403,0.5866757307953773,0.7024827024827024
0.4456617256239535,2590,369,1823,2097,0.586902334013143,0.14963503649635038,0.8752957080094627,0.586902334013143,0.7026587086272382
0.44559111620411757,2591,369,1822,2097,0.5871289372309086,0.14963503649635038,0.8753378378378378,0.5871289372309086,0.7028346670283466
0.44553354788717564,2592,369,1821,2097,0.5873555404486743,0.14963503649635038,0.8753799392097265,0.5873555404486743,0.7030105777054515
0.44538161181723523,2593,369,1820,2097,0.58758214366644,0.14963503649635038,0.87542201215395,0.58758214366644,0.703186440677966
0.44535313332829485,2594,369,1819,2097,0.5878087468842057,0.14963503649635038,0.8754640566992913,0.5878087468842057,0.7033622559652928
0.44531718775817675,2595,369,1818,2097,0.5880353501019715,0.14963503649635038,0.8755060728744939,0.5880353501019715,0.7035380235868238
0.4450942254729509,2596,369,1817,2097,0.5882619533197372,0.14963503649635038,0.8755480607082631,0.5882619533197372,0.703713743561941
0.4450855465972587,2596,370,1817,2096,0.5882619533197372,0.15004055150040552,0.8752528658125421,0.5882619533197372,0.703618376473777
0.44502266330139034,2597,370,1816,2096,0.5884885565375029,0.15004055150040552,0.8752949106841927,0.5884885565375029,0.7037940379403795
0.4449996725139688,2598,370,1815,2096,0.5887151597552686,0.15004055150040552,0.8753369272237197,0.5887151597552686,0.7039696518086981
0.4448234164068974,2599,370,1814,2096,0.5889417629730342,0.15004055150040552,0.8753789154597508,0.5889417629730342,0.7041452180980765
0.44476057693886456,2599,371,1814,2095,0.5889417629730342,0.15044606650446066,0.8750841750841751,0.5889417629730342,0.7040498442367602
0.44472456722468784,2600,371,1813,2095,0.5891683661907999,0.15044606650446066,0.8751262201279031,0.5891683661907999,0.704225352112676
0.44462636256225874,2601,371,1812,2095,0.5893949694085656,0.15044606650446066,0.8751682368775235,0.5893949694085656,0.7044008124576846
0.4445780672687125,2602,371,1811,2095,0.5896215726263313,0.15044606650446066,0.8752102253615877,0.5896215726263313,0.7045762252910912
0.44446492876903737,2602,372,1811,2094,0.5896215726263313,0.15085158150851583,0.874915938130464,0.5896215726263313,0.7044808447272235
0.4444427484846892,2603,372,1810,2094,0.589848175844097,0.15085158150851583,0.8749579831932773,0.589848175844097,0.7046561992420141
0.4443747266747286,2604,372,1809,2094,0.5900747790618627,0.15085158150851583,0.875,0.5900747790618627,0.7048315062931385
0.4443605030424785,2605,372,1808,2094,0.5903013822796284,0.15085158150851583,0.8750419885791065,0.5903013822796284,0.7050067658998647
0.44432474330694866,2606,372,1807,2094,0.590527985497394,0.15085158150851583,0.8750839489590329,0.590527985497394,0.7051819780814503
0.44424416169028336,2607,372,1806,2094,0.5907545887151597,0.15085158150851583,0.8751258811681772,0.5907545887151597,0.7053571428571428
0.4442352490305519,2607,373,1806,2093,0.5907545887151597,0.15125709651257097,0.8748322147651006,0.5907545887151597,0.7052617340727715
0.44407001673475605,2607,374,1806,2092,0.5907545887151597,0.1516626115166261,0.8745387453874539,0.5907545887151597,0.7051663510954829
0.44400189879706314,2608,374,1805,2092,0.5909811919329254,0.1516626115166261,0.8745808182427901,0.5909811919329254,0.705341446923597
0.44388978060403533,2608,375,1805,2091,0.5909811919329254,0.15206812652068127,0.8742876299027824,0.5909811919329254,0.7052460789616007
0.4438685901762558,2608,376,1805,2090,0.5909811919329254,0.15247364152473641,0.8739946380697051,0.5909811919329254,0.7051507367851833
0.44383805165933077,2609,376,1804,2090,0.5912077951506911,0.15247364152473641,0.874036850921273,0.5912077951506911,0.7053257637199242
0.44377375582747175,2610,376,1803,2090,0.5914343983684568,0.15247364152473641,0.8740790354989953,0.5914343983684568,0.7055007433436951
0.4437642243778741,2610,377,1803,2089,0.5914343983684568,0.15287915652879155,0.8737864077669902,0.5914343983684568,0.7054054054054054
0.44373544313644186,2611,377,1802,2089,0.5916610015862225,0.15287915652879155,0.8738286479250335,0.5916610015862225,0.70558032698284
0.4437259366744182,2612,377,1801,2089,0.5918876048039882,0.15287915652879155,0.8738708598193375,0.5918876048039882,0.7057552012969468
0.4434383511357561,2613,377,1800,2089,0.592114208021754,0.15287915652879155,0.8739130434782608,0.592114208021754,0.7059300283668782
0.44340663734030256,2614,377,1799,2089,0.5923408112395196,0.15287915652879155,0.8739551989301237,0.5923408112395196,0.7061048082117776
0.4433932117681399,2614,378,1799,2088,0.5923408112395196,0.15328467153284672,0.8736631016042781,0.5923408112395196,0.7060094530722485
0.44338251328740513,2615,378,1798,2088,0.5925674144572853,0.15328467153284672,0.8737053123955897,0.5925674144572853,0.7061841749932488
0.4433211396632474,2615,379,1798,2087,0.5925674144572853,0.15369018653690186,0.8734134936539746,0.5925674144572853,0.7060888348859187
0.4433078393399658,2615,380,1798,2086,0.5925674144572853,0.154095701540957,0.8731218697829716,0.5925674144572853,0.7059935205183586
0.4431309432078159,2615,381,1798,2085,0.5925674144572853,0.15450121654501217,0.87283044058745,0.5925674144572853,0.7058982318801459
0.44311442246049376,2616,381,1797,2085,0.592794017675051,0.15450121654501217,0.8728728728728729,0.592794017675051,0.7060728744939271
0.44309272162413793,2617,381,1796,2085,0.5930206208928167,0.15450121654501217,0.8729152768512342,0.5930206208928167,0.7062474699770612
0.44303051805788696,2618,381,1795,2085,0.5932472241105824,0.15450121654501217,0.8729576525508503,0.5932472241105824,0.706422018348624
0.44302674093373556,2619,381,1794,2085,0.5934738273283481,0.15450121654501217,0.873,0.5934738273283481,0.7065965196276811
0.44293482459949635,2620,381,1793,2085,0.5937004305461138,0.15450121654501217,0.8730423192269243,0.5937004305461138,0.7067709738332884
0.44288513165956317,2620,382,1793,2084,0.5937004305461138,0.1549067315490673,0.8727514990006662,0.5937004305461138,0.7066756574511126
0.4428588558649752,2621,382,1792,2084,0.5939270337638795,0.1549067315490673,0.8727938727938728,0.5939270337638795,0.7068500539374326
0.44280992287564536,2621,383,1792,2083,0.5939270337638795,0.15531224655312248,0.872503328894807,0.5939270337638795,0.706754752595389
0.44279555321460146,2622,383,1791,2083,0.5941536369816451,0.15531224655312248,0.8725457570715475,0.5941536369816451,0.706929091399299
0.442674553483324,2623,383,1790,2083,0.5943802401994108,0.15531224655312248,0.8725881570192947,0.5943802401994108,0.7071033832052838
0.44264643573699375,2624,383,1789,2083,0.5946068434171765,0.15531224655312248,0.8726305287662122,0.5946068434171765,0.7072776280323451
0.4425927805459806,2624,384,1789,2082,0.5946068434171765,0.15571776155717762,0.8723404255319149,0.5946068434171765,0.7071823204419889
0.4425741703918685,2624,385,1789,2081,0.5946068434171765,0.15612327656123276,0.8720505151213027,0.5946068434171765,0.7070870385340878
0.44254558332144855,2625,385,1788,2081,0.5948334466349422,0.15612327656123276,0.872093023255814,0.5948334466349422,0.7072612151421258
0.44245573562436363,2626,385,1787,2081,0.5950600498527079,0.15612327656123276,0.872135503155098,0.5950600498527079,0.7074353448275861
0.44245199434060206,2626,386,1787,2080,0.5950600498527079,0.15652879156528793,0.8718459495351926,0.5950600498527079,0.7073400673400672
0.44239835287723095,2626,387,1787,2079,0.5950600498527079,0.15693430656934307,0.8715565881181546,0.5950600498527079,0.7072448155130623
0.44218242634759186,2627,387,1786,2079,0.5952866530704736,0.15693430656934307,0.8715992037159921,0.5952866530704736,0.7074188770701493
0.4421228666815354,2628,387,1785,2079,0.5955132562882393,0.15693430656934307,0.8716417910447761,0.5955132562882393,0.7075928917609047
0.44200064689042323,2629,387,1784,2079,0.5957398595060049,0.15693430656934307,0.871684350132626,0.5957398595060049,0.7077668596042536
0.44184159684429464,2629,388,1784,2078,0.5957398595060049,0.1573398215733982,0.8713954259197879,0.5957398595060049,0.707671601615074
0.44173799565085764,2629,389,1784,2077,0.5957398595060049,0.15774533657745338,0.8711066931742876,0.5957398595060049,0.7075763692638944
0.441618478385363,2630,389,1783,2077,0.5959664627237706,0.15774533657745338,0.8711493872143093,0.5959664627237706,0.707750269106566
0.44153616442584126,2631,389,1782,2077,0.5961930659415363,0.15774533657745338,0.8711920529801325,0.5961930659415363,0.7079241221579444
0.4415289940617334,2631,390,1782,2076,0.5961930659415363,0.15815085158150852,0.8709036742800397,0.5961930659415363,0.7078288942695722
0.441505029954427,2632,390,1781,2076,0.5964196691593021,0.15815085158150852,0.870946393117141,0.5964196691593021,0.7080026899798252
0.4413569528739035,2632,391,1781,2075,0.5964196691593021,0.15855636658556366,0.8706582864703937,0.5964196691593021,0.7079074771382464
0.44123261473006786,2633,391,1780,2075,0.5966462723770678,0.15855636658556366,0.8707010582010583,0.5966462723770678,0.7080812155439021
0.44122178873032675,2633,392,1780,2074,0.5966462723770678,0.15896188158961883,0.8704132231404959,0.5966462723770678,0.707986017746706
0.4412054619416867,2634,392,1779,2074,0.5968728755948335,0.15896188158961883,0.8704560475875743,0.5968728755948335,0.7081596988842586
0.441100774766789,2634,393,1779,2073,0.5968728755948335,0.15936739659367397,0.8701684836471755,0.5968728755948335,0.7080645161290322
0.441035848542724,2635,393,1778,2073,0.5970994788125992,0.15936739659367397,0.8702113606340819,0.5970994788125992,0.7082381400349417
0.44095329555500373,2636,393,1777,2073,0.5973260820303649,0.15936739659367397,0.8702542093100033,0.5973260820303649,0.708411717280301
0.44075448897188785,2636,394,1777,2072,0.5973260820303649,0.1597729115977291,0.8699669966996699,0.5973260820303649,0.7083165390299611
0.44075286518709084,2637,394,1776,2072,0.5975526852481305,0.1597729115977291,0.8700098977235236,0.5975526852481305,0.7084900591080064
0.4406127719280573,2637,395,1776,2071,0.5975526852481305,0.16017842660178427,0.8697229551451188,0.5975526852481305,0.7083948959032907
0.4405445145810198,2638,395,1775,2071,0.5977792884658962,0.16017842660178427,0.869765908341576,0.5977792884658962,0.7085683588503894
0.4404428457649511,2639,395,1774,2071,0.5980058916836619,0.16017842660178427,0.8698088332234674,0.5980058916836619,0.7087417752114946
0.44038797971902127,2639,396,1774,2070,0.5980058916836619,0.16058394160583941,0.8695222405271829,0.5980058916836619,0.7086466165413535
0.44018119931524713,2640,396,1773,2070,0.5982324949014276,0.16058394160583941,0.8695652173913043,0.5982324949014276,0.7088199758356827
0.4401067918475395,2641,396,1772,2070,0.5984590981191933,0.16058394160583941,0.8696081659532433,0.5984590981191933,0.708993288590604
0.44008606279710255,2642,396,1771,2070,0.598685701336959,0.16058394160583941,0.869651086240948,0.598685701336959,0.7091665548248557
0.44007792283311115,2643,396,1770,2070,0.5989123045547247,0.16058394160583941,0.8696939782823297,0.5989123045547247,0.7093397745571658
0.44007485565462595,2644,396,1769,2070,0.5991389077724903,0.16058394160583941,0.8697368421052631,0.5991389077724903,0.7095129478062525
0.44005819498628773,2644,397,1769,2069,0.5991389077724903,0.16098945660989455,0.869450838539954,0.5991389077724903,0.7094177622752884
0.4400104862527893,2644,398,1769,2068,0.5991389077724903,0.16139497161394972,0.8691650230111768,0.5991389077724903,0.7093226022803488
0.439896962356178,2644,399,1769,2067,0.5991389077724903,0.16180048661800486,0.8688793953335524,0.5991389077724903,0.7092274678111588
0.43988479967604854,2644,400,1769,2066,0.5991389077724903,0.16220600162206,0.8685939553219448,0.5991389077724903,0.7091323588574493
0.43975018960703416,2645,400,1768,2066,0.599365510990256,0.16220600162206,0.8686371100164204,0.599365510990256,0.7093054438187181
0.43971047528744606,2646,400,1767,2066,0.5995921142080217,0.16220600162206,0.8686802363755746,0.5995921142080217,0.7094784823702909
0.43970744421685903,2647,400,1766,2066,0.5998187174257874,0.16220600162206,0.8687233344273055,0.5998187174257874,0.7096514745308311
0.4396953557343599,2647,401,1766,2065,0.5998187174257874,0.16261151662611517,0.8684383202099738,0.5998187174257874,0.7095563597373007
0.43966729447718195,2647,402,1766,2064,0.5998187174257874,0.1630170316301703,0.8681534929485077,0.5998187174257874,0.7094612704368801
0.43958723297661373,2648,402,1765,2064,0.6000453206435531,0.1630170316301703,0.8681967213114754,0.6000453206435531,0.7096341953637947
0.4394724648762453,2649,402,1764,2064,0.6002719238613188,0.1630170316301703,0.8682399213372665,0.6002719238613188,0.7098070739549839
0.4394498000095692,2650,402,1763,2064,0.6004985270790846,0.1630170316301703,0.8682830930537353,0.6004985270790846,0.7099799062290691
0.4394354202089215,2651,402,1762,2064,0.6007251302968503,0.1630170316301703,0.8683262364886997,0.6007251302968503,0.7101526922046613
0.43938365265353296,2651,403,1762,2063,0.6007251302968503,0.16342254663422548,0.8680419122462344,0.6007251302968503,0.7100575867148787
0.43896590512307926,2652,403,1761,2063,0.600951733514616,0.16342254663422548,0.8680851063829788,0.600951733514616,0.7102303160149974
0.4388638454859482,2653,403,1760,2063,0.6011783367323816,0.16342254663422548,0.868128272251309,0.6011783367323816,0.7104029990627929
0.4388603756348281,2653,404,1760,2062,0.6011783367323816,0.16382806163828062,0.867844291789336,0.6011783367323816,0.7103078982597056
0.4388419282076757,2653,405,1760,2061,0.6011783367323816,0.16423357664233576,0.8675604970569,0.6011783367323816,0.7102128229152724
0.43882110880353065,2653,406,1760,2060,0.6011783367323816,0.16463909164639093,0.8672768878718535,0.6011783367323816,0.7101177730192718
0.4388158445992454,2653,407,1760,2059,0.6011783367323816,0.16504460665044607,0.8669934640522876,0.6011783367323816,0.7100227485614882
0.4387483197181922,2653,408,1760,2058,0.6011783367323816,0.1654501216545012,0.8667102254165305,0.6011783367323816,0.7099277495317099
0.438495545607502,2653,409,1760,2057,0.6011783367323816,0.16585563665855638,0.8664271717831483,0.6011783367323816,0.7098327759197326
0.4383199880394694,2654,409,1759,2057,0.6014049399501473,0.16585563665855638,0.8664707802807705,0.6014049399501473,0.7100053504547887
0.43830605770440345,2654,410,1759,2056,0.6014049399501473,0.16626115166261152,0.8661879895561357,0.6014049399501473,0.7099103918683963
0.438294043940804,2654,411,1759,2055,0.6014049399501473,0.16666666666666666,0.865905383360522,0.6014049399501473,0.7098154586787913
0.4382213880138758,2655,411,1758,2055,0.601631543167913,0.16666666666666666,0.8659491193737769,0.601631543167913,0.709987966305656
0.4382009540622547,2655,412,1758,2054,0.601631543167913,0.16707218167072183,0.8656667753505054,0.601631543167913,0.7098930481283423
0.4381376246246355,2655,413,1758,2053,0.601631543167913,0.16747769667477697,0.8653846153846154,0.601631543167913,0.709798155326828
0.4381151814409341,2655,414,1758,2052,0.601631543167913,0.1678832116788321,0.8651026392961877,0.601631543167913,0.7097032878909382
0.4380300650515807,2656,414,1757,2052,0.6018581463856787,0.1678832116788321,0.8651465798045602,0.6018581463856787,0.7098757182948016
0.4380267540936993,2657,414,1756,2052,0.6020847496034444,0.1678832116788321,0.8651904916965157,0.6020847496034444,0.7100481026189204
0.43790199665551405,2657,415,1756,2051,0.6020847496034444,0.16828872668288727,0.8649088541666666,0.6020847496034444,0.7099532398129593
0.437820806626872,2657,416,1756,2050,0.6020847496034444,0.16869424168694241,0.864627399934917,0.6020847496034444,0.7098584023510554
0.43780235822194663,2658,416,1755,2050,0.6023113528212101,0.16869424168694241,0.8646714378659727,0.6023113528212101,0.7100307199145185
0.4377886432918432,2659,416,1754,2050,0.6025379560389758,0.16869424168694241,0.8647154471544716,0.6025379560389758,0.7102029914529914
0.4376681398606522,2660,416,1753,2050,0.6027645592567414,0.16869424168694241,0.8647594278283485,0.6027645592567414,0.7103752169849112
0.4375455059079858,2660,417,1753,2049,0.6027645592567414,0.16909975669099755,0.864478388040299,0.6027645592567414,0.7102803738317757
0.43749053890221534,2661,417,1752,2049,0.6029911624745071,0.16909975669099755,0.8645224171539961,0.6029911624745071,0.7104525430516619
0.4374163306777653,2662,417,1751,2049,0.6032177656922728,0.16909975669099755,0.8645664176680741,0.6032177656922728,0.7106246663107314
0.4372891074516502,2663,417,1750,2049,0.6034443689100385,0.16909975669099755,0.8646103896103896,0.6034443689100385,0.7107967436273855
0.4372282054889993,2663,418,1750,2048,0.6034443689100385,0.16950527169505272,0.8643297630639403,0.6034443689100385,0.7107018948492128
0.4371682895581276,2663,419,1750,2047,0.6034443689100385,0.16991078669910786,0.8640493186242699,0.6034443689100385,0.7106070713809206
0.43694129937367715,2663,420,1750,2046,0.6034443689100385,0.170316301703163,0.8637690561141745,0.6034443689100385,0.71051227321238
0.43653418133890237,2663,421,1750,2045,0.6034443689100385,0.17072181670721817,0.8634889753566797,0.6034443689100385,0.7104175003334667
0.4365339337076161,2663,422,1750,2044,0.6034443689100385,0.1711273317112733,0.8632090761750405,0.6034443689100385,0.7103227527340623
0.4364827999102961,2664,422,1749,2044,0.6036709721278042,0.1711273317112733,0.863253402462735,0.6036709721278042,0.7104947326310175
0.436430504185563,2664,423,1749,2043,0.6036709721278042,0.17153284671532848,0.8629737609329446,0.6036709721278042,0.7104
0.4363858390694563,2665,423,1748,2043,0.6038975753455699,0.17153284671532848,0.8630181347150259,0.6038975753455699,0.7105719237435008
0.43638078603853697,2666,423,1747,2043,0.6041241785633356,0.17153284671532848,0.8630624797669149,0.6041241785633356,0.7107438016528925
0.4363710589639078,2666,424,1747,2042,0.6041241785633356,0.17193836171938362,0.8627831715210356,0.6041241785633356,0.7106490737038518
0.4363401915476262,2666,425,1747,2041,0.6041241785633356,0.17234387672343876,0.862504043998706,0.6041241785633356,0.7105543710021323
0.43625831728311143,2666,426,1747,2040,0.6041241785633356,0.17274939172749393,0.8622250970245796,0.6041241785633356,0.7104596935376415
0.43623651511192374,2666,427,1747,2039,0.6041241785633356,0.17315490673154907,0.861946330423537,0.6041241785633356,0.7103650413002931
0.4362075127767173,2667,427,1746,2039,0.6043507817811012,0.17315490673154907,0.8619909502262444,0.6043507817811012,0.7105368322898628
0.4361607291109145,2667,428,1746,2038,0.6043507817811012,0.1735604217356042,0.8617124394184168,0.6043507817811012,0.7104421949920086
0.4360893991611894,2668,428,1745,2038,0.6045773849988669,0.1735604217356042,0.8617571059431525,0.6045773849988669,0.7106139299507258
0.4359949293908575,2668,429,1745,2037,0.6045773849988669,0.17396593673965938,0.8614788505004843,0.6045773849988669,0.7105193075898801
0.4359049172475659,2668,430,1745,2036,0.6045773849988669,0.17437145174371452,0.8612007746933505,0.6045773849988669,0.7104247104247103
0.4358911763155385,2668,431,1745,2035,0.6045773849988669,0.17477696674776966,0.8609228783478542,0.6045773849988669,0.7103301384451544
0.4357214333330168,2669,431,1744,2035,0.6048039882166327,0.17477696674776966,0.8609677419354839,0.6048039882166327,0.7105017968853986
0.4357174907961285,2669,432,1744,2034,0.6048039882166327,0.17518248175182483,0.8606900999677524,0.6048039882166327,0.7104072398190046
0.43565800644126507,2670,432,1743,2034,0.6050305914343984,0.17518248175182483,0.8607350096711799,0.6050305914343984,0.7105788423153693
0.43558296018550674,2671,432,1742,2034,0.6052571946521641,0.17518248175182483,0.8607798904286175,0.6052571946521641,0.7107503991484833
0.43557202752293583,2671,433,1742,2033,0.6052571946521641,0.17558799675587997,0.8605025773195877,0.6052571946521641,0.7106558467473727
0.4354947305715882,2672,433,1741,2033,0.6054837978699298,0.17558799675587997,0.8605475040257649,0.6054837978699298,0.710827347698856
0.43545243847968773,2673,433,1740,2033,0.6057104010876955,0.17558799675587997,0.860592401802962,0.6057104010876955,0.7109988030323181
0.4351372087959997,2673,434,1740,2032,0.6057104010876955,0.1759935117599351,0.8603154168007725,0.6057104010876955,0.7109042553191489
0.43511315770870923,2674,434,1739,2032,0.6059370043054612,0.1759935117599351,0.8603603603603603,0.6059370043054612,0.711075654833134
0.43511098541990506,2674,435,1739,2031,0.6059370043054612,0.17639902676399027,0.8600836281762625,0.6059370043054612,0.71098112204201
0.4350907369593058,2674,436,1739,2030,0.6059370043054612,0.17680454176804541,0.8598070739549839,0.6059370043054612,0.7108866143825602
0.4350680369368395,2675,436,1738,2030,0.6061636075232268,0.17680454176804541,0.859852137576342,0.6061636075232268,0.7110579479000532
0.4350081028740221,2676,436,1737,2030,0.6063902107409925,0.17680454176804541,0.8598971722365039,0.6063902107409925,0.7112292358803987
0.43500330535690784,2677,436,1736,2030,0.6066168139587582,0.17680454176804541,0.8599421779633794,0.6066168139587582,0.7114004783417486
0.43494621555197455,2677,437,1736,2029,0.6066168139587582,0.17721005677210055,0.8596660244059088,0.6066168139587582,0.7113059651919755
0.43494435739678156,2678,437,1735,2029,0.6068434171765239,0.17721005677210055,0.8597110754414126,0.6068434171765239,0.7114771519659936
0.4348503421187673,2678,438,1735,2028,0.6068434171765239,0.17761557177615572,0.8594351732991015,0.6068434171765239,0.7113826537388764
0.43484278120221453,2678,439,1735,2027,0.6068434171765239,0.17802108678021086,0.8591594481873597,0.6068434171765239,0.7112881806108897
0.4346722120298763,2678,440,1735,2026,0.6068434171765239,0.17842660178426603,0.8588838999358563,0.6068434171765239,0.7111937325720358
0.43466588150852503,2678,441,1735,2025,0.6068434171765239,0.17883211678832117,0.858608528374479,0.6068434171765239,0.7110993096123208
0.43459731018256514,2679,441,1734,2025,0.6070700203942896,0.17883211678832117,0.8586538461538461,0.6070700203942896,0.7112704101951415
0.43453584284865016,2680,441,1733,2025,0.6072966236120553,0.17883211678832117,0.8586991348926626,0.6072966236120553,0.711441465357048
0.4344447716182335,2681,441,1732,2025,0.607523226829821,0.17883211678832117,0.8587443946188341,0.607523226829821,0.7116124751161249
0.4343274419692377,2682,441,1731,2025,0.6077498300475866,0.17883211678832117,0.8587896253602305,0.6077498300475866,0.7117834394904458
0.4343010236720726,2682,442,1731,2024,0.6077498300475866,0.1792376317923763,0.8585147247119078,0.6077498300475866,0.7116890009287514
0.4342940068595616,2682,443,1731,2023,0.6077498300475866,0.17964314679643148,0.85824,0.6077498300475866,0.7115945874237197
0.4342509616754463,2683,443,1730,2023,0.6079764332653523,0.17964314679643148,0.8582853486884197,0.6079764332653523,0.7117654861387452
0.4342263477214089,2683,444,1730,2022,0.6079764332653523,0.18004866180048662,0.8580108730412536,0.6079764332653523,0.7116710875331564
0.43404794408021674,2684,444,1729,2022,0.608203036483118,0.18004866180048662,0.8580562659846548,0.608203036483118,0.7118419307784113
0.43385879746128375,2685,444,1728,2022,0.6084296397008837,0.18004866180048662,0.8581016299137104,0.6084296397008837,0.7120127287191725
0.43384980978798654,2686,444,1727,2022,0.6086562429186494,0.18004866180048662,0.85814696485623,0.6086562429186494,0.7121834813734588
0.4338150554584969,2686,445,1727,2021,0.6086562429186494,0.18045417680454176,0.8578728840625998,0.6086562429186494,0.7120890774125134
0.43376854377682866,2687,445,1726,2021,0.6088828461364152,0.18045417680454176,0.8579182630906769,0.6088828461364152,0.712259774685222
0.43344194005384457,2687,446,1726,2020,0.6088828461364152,0.18085969180859693,0.8576444302585381,0.6088828461364152,0.7121653856347734
0.43337929945487036,2688,446,1725,2020,0.6091094493541809,0.18085969180859693,0.8576898532227186,0.6091094493541809,0.7123360275606202
0.43331027368909114,2688,447,1725,2019,0.6091094493541809,0.18126520681265207,0.8574162679425837,0.6091094493541809,0.7122416534181241
0.4332647561275952,2689,447,1724,2019,0.6093360525719466,0.18126520681265207,0.8574617346938775,0.6093360525719466,0.7124122400317923
0.43323709695528184,2690,447,1723,2019,0.6095626557897122,0.18126520681265207,0.8575071724577622,0.6095626557897122,0.7125827814569536
0.4331014196165548,2691,447,1722,2019,0.6097892590074779,0.18126520681265207,0.8575525812619503,0.6097892590074779,0.7127532777115614
0.43300948583369514,2692,447,1721,2019,0.6100158622252436,0.18126520681265207,0.8575979611341191,0.6100158622252436,0.7129237288135594
0.4329010355085748,2693,447,1720,2019,0.6102424654430093,0.18126520681265207,0.8576433121019108,0.6102424654430093,0.7130941347808818
0.4328159288671408,2693,448,1720,2018,0.6102424654430093,0.1816707218167072,0.8573702642470551,0.6102424654430093,0.7129997352396082
0.4328114099303173,2693,449,1720,2017,0.6102424654430093,0.18207623682076238,0.8570973901973266,0.6102424654430093,0.7129053606882859
0.43271579660487547,2694,449,1719,2017,0.610469068660775,0.18207623682076238,0.8571428571428571,0.610469068660775,0.7130757014293276
0.4327105369280749,2695,449,1718,2017,0.6106956718785407,0.18207623682076238,0.8571882951653944,0.6106956718785407,0.7132459970887919
0.4326544896077002,2695,450,1718,2016,0.6106956718785407,0.18248175182481752,0.8569157392686805,0.6106956718785407,0.71315162741466
0.432625753208823,2696,450,1717,2016,0.6109222750963064,0.18248175182481752,0.8569612205975843,0.6109222750963064,0.713321867971954
0.4326096475133996,2697,450,1716,2016,0.611148878314072,0.18248175182481752,0.8570066730219257,0.611148878314072,0.7134920634920635
0.4325604764283442,2698,450,1715,2016,0.6113754815318377,0.18248175182481752,0.8570520965692503,0.6113754815318377,0.7136622139928581
0.4325080900846945,2699,450,1714,2016,0.6116020847496034,0.18248175182481752,0.8570974912670689,0.6116020847496034,0.7138323194921978
0.4324872226371019,2700,450,1713,2016,0.6118286879673691,0.18248175182481752,0.8571428571428571,0.6118286879673691,0.7140023800079334
0.4324659352231486,2701,450,1712,2016,0.6120552911851348,0.18248175182481752,0.8571881942240559,0.6120552911851348,0.7141723955579059
0.4324204079177552,2702,450,1711,2016,0.6122818944029005,0.18248175182481752,0.8572335025380711,0.6122818944029005,0.7143423661599471
0.43232326678683075,2703,450,1710,2016,0.6125084976206662,0.18248175182481752,0.857278782112274,0.6125084976206662,0.7145122918318795
0.4322746439967618,2703,451,1710,2015,0.6125084976206662,0.18288726682887266,0.8570069752694991,0.6125084976206662,0.7144178670543149
0.4321639563808152,2704,451,1709,2015,0.6127351008384319,0.18288726682887266,0.8570522979397781,0.6127351008384319,0.7145877378435518
0.4320952698593982,2704,452,1709,2014,0.6127351008384319,0.18329278183292783,0.8567807351077313,0.6127351008384319,0.7144933280486193
0.43207240338206854,2704,453,1709,2013,0.6127351008384319,0.18369829683698297,0.8565093443142223,0.6127351008384319,0.7143989431968295
0.4319905896058118,2704,454,1709,2012,0.6127351008384319,0.1841038118410381,0.8562381253958201,0.6127351008384319,0.7143045832782988
0.4318780258643563,2705,454,1708,2012,0.6129617040561975,0.1841038118410381,0.8562836340614118,0.6129617040561975,0.7144743792921289
0.4317956553771848,2706,454,1707,2012,0.6131883072739633,0.1841038118410381,0.8563291139240506,0.6131883072739633,0.7146441304634887
0.431747094407752,2707,454,1706,2012,0.613414910491729,0.1841038118410381,0.8563745650110725,0.613414910491729,0.71481383681014
0.43156483191991457,2707,455,1706,2011,0.613414910491729,0.18450932684509327,0.8561037318153067,0.613414910491729,0.7147194719471947
0.4315120318134904,2707,456,1706,2010,0.613414910491729,0.18491484184914841,0.8558330698703762,0.613414910491729,0.7146251319957763
0.4314850058395299,2707,457,1706,2009,0.613414910491729,0.18532035685320356,0.8555625790139064,0.613414910491729,0.7145308169460208
0.43140671361595895,2708,457,1705,2009,0.6136415137094947,0.18532035685320356,0.855608214849921,0.6136415137094947,0.7147004486671946
0.43139915036802917,2709,457,1704,2009,0.6138681169272604,0.18532035685320356,0.8556538218572332,0.6138681169272604,0.7148700356247527
0.43138913035252086,2710,457,1703,2009,0.6140947201450261,0.18532035685320356,0.8556994000631513,0.6140947201450261,0.7150395778364116
0.4313550122732852,2710,458,1703,2008,0.6140947201450261,0.18572587185725872,0.8554292929292929,0.6140947201450261,0.714945257881546
0.4310951036669628,2710,459,1703,2007,0.6140947201450261,0.18613138686131386,0.8551593562638056,0.6140947201450261,0.7148509628066474
0.4310410090612698,2711,459,1702,2007,0.6143213233627918,0.18613138686131386,0.855205047318612,0.6143213233627918,0.7150204404589212
0.4309597974785717,2711,460,1702,2006,0.6143213233627918,0.18653690186536903,0.8549353516240934,0.6143213233627918,0.7149261603375529
0.4309025671178303,2712,460,1701,2006,0.6145479265805575,0.18653690186536903,0.8549810844892812,0.6145479265805575,0.7150955833882664
0.4308539465796041,2713,460,1700,2006,0.6147745297983231,0.18653690186536903,0.8550267885282068,0.6147745297983231,0.7152649617716846
0.4308412174308518,2714,460,1699,2006,0.6150011330160888,0.18653690186536903,0.855072463768116,0.6150011330160888,0.7154342955054699
0.43082646101131067,2714,461,1699,2005,0.6150011330160888,0.18694241686942417,0.8548031496062992,0.6150011330160888,0.7153400105429626
0.4308263973970927,2715,461,1698,2005,0.6152277362338545,0.18694241686942417,0.8548488664987406,0.6152277362338545,0.7155092897614969
0.43081182971863663,2716,461,1697,2005,0.6154543394516202,0.18694241686942417,0.8548945546112685,0.6154543394516202,0.7156785243741767
0.43080552283474305,2717,461,1696,2005,0.6156809426693859,0.18694241686942417,0.854940213971051,0.6156809426693859,0.7158477143986299
0.4307990346818036,2717,462,1696,2004,0.6156809426693859,0.1873479318734793,0.8546712802768166,0.6156809426693859,0.7157534246575342
0.43075427236413083,2717,463,1696,2003,0.6156809426693859,0.18775344687753448,0.8544025157232704,0.6156809426693859,0.7156591597524035
0.4306985902450386,2718,463,1695,2003,0.6159075458871516,0.18775344687753448,0.8544482867022949,0.6159075458871516,0.7158282854885436
0.43055616096086663,2718,464,1695,2002,0.6159075458871516,0.18815896188158962,0.8541797611565053,0.6159075458871516,0.7157340355497037
0.4305358755439061,2719,464,1694,2002,0.6161341491049173,0.18815896188158962,0.8542255733584668,0.6161341491049173,0.7159031068983677
0.43049757601977723,2720,464,1693,2002,0.616360752322683,0.18815896188158962,0.8542713567839196,0.616360752322683,0.7160721337370014
0.4304753968527654,2721,464,1692,2002,0.6165873555404486,0.18815896188158962,0.8543171114599686,0.6165873555404486,0.7162411160831796
0.43046087383581927,2722,464,1691,2002,0.6168139587582143,0.18815896188158962,0.8543628374136849,0.6168139587582143,0.7164100539544677
0.43029873531951884,2722,465,1691,2001,0.6168139587582143,0.18856447688564476,0.8540947599623471,0.6168139587582143,0.7163157894736842
0.4301563104736995,2723,465,1690,2001,0.61704056197598,0.18856447688564476,0.8541405269761606,0.61704056197598,0.716484673069333
0.43013695264972823,2723,466,1690,2000,0.61704056197598,0.18896999188969993,0.8538726873628096,0.61704056197598,0.7163904235727441
0.43013454267964024,2724,466,1689,2000,0.6172671651937458,0.18896999188969993,0.8539184952978056,0.6172671651937458,0.7165592529264764
0.43012002815037925,2724,467,1689,1999,0.6172671651937458,0.18937550689375507,0.8536508931369476,0.6172671651937458,0.7164650184113626
0.4300470113139306,2724,468,1689,1998,0.6172671651937458,0.1897810218978102,0.8533834586466166,0.6172671651937458,0.716370808678501
0.4300206872278157,2725,468,1688,1998,0.6174937684115115,0.1897810218978102,0.8534293767616662,0.6174937684115115,0.7165395740205102
0.4299962042306821,2725,469,1688,1997,0.6174937684115115,0.19018653690186538,0.8531621790857858,0.6174937684115115,0.7164453792559484
0.42999508275829706,2726,469,1687,1997,0.6177203716292772,0.19018653690186538,0.85320813771518,0.6177203716292772,0.7166140904311252
0.4299813275047486,2726,470,1687,1996,0.6177203716292772,0.19059205190592052,0.8529411764705882,0.6177203716292772,0.7165199106321463
0.42970524780357117,2726,471,1687,1995,0.6177203716292772,0.19099756690997566,0.8526743822333438,0.6177203716292772,0.7164257555847569
0.42963900777622005,2727,471,1686,1995,0.6179469748470429,0.19099756690997566,0.8527204502814258,0.6179469748470429,0.7165944028379977
0.4296248192937277,2728,471,1685,1995,0.6181735780648085,0.19099756690997566,0.8527664895279775,0.6181735780648085,0.7167630057803468
0.4295544054120195,2728,472,1685,1994,0.6181735780648085,0.19140308191403083,0.8525,0.6181735780648085,0.7166688559043742
0.4295251692775731,2728,473,1685,1993,0.6181735780648085,0.19180859691808597,0.852233676975945,0.6181735780648085,0.7165747307591279
0.42951622611572104,2728,474,1685,1992,0.6181735780648085,0.1922141119221411,0.8519675202998126,0.6181735780648085,0.7164806303348653
0.4291129703957226,2728,475,1685,1991,0.6181735780648085,0.19261962692619627,0.8517015298157977,0.6181735780648085,0.7163865546218487
0.4289986049855106,2729,475,1684,1991,0.6184001812825742,0.19261962692619627,0.8517478152309613,0.6184001812825742,0.7165550741761849
0.4289709372894711,2729,476,1684,1990,0.6184001812825742,0.19302514193025141,0.8514820592823713,0.6184001812825742,0.7164610133893411
0.42896974920648057,2730,476,1683,1990,0.6186267845003399,0.19302514193025141,0.851528384279476,0.6186267845003399,0.7166294789342433
0.4289434940511103,2730,477,1683,1989,0.6186267845003399,0.19343065693430658,0.8512628624883068,0.6186267845003399,0.7165354330708661
0.42886915201826287,2731,477,1682,1989,0.6188533877181056,0.19343065693430658,0.8513092269326683,0.6188533877181056,0.716703844639811
0.4287778414872522,2731,478,1682,1988,0.6188533877181056,0.19383617193836172,0.8510439389217825,0.6188533877181056,0.7166098136971923
0.42873940398519256,2731,479,1682,1987,0.6188533877181056,0.19424168694241686,0.8507788161993769,0.6188533877181056,0.7165158074248983
0.42862893645655276,2732,479,1681,1987,0.6190799909358713,0.19424168694241686,0.8508252880722517,0.6190799909358713,0.7166841552990556
0.4285978508427087,2732,480,1681,1986,0.6190799909358713,0.19464720194647203,0.8505603985056039,0.6190799909358713,0.7165901639344263
0.4285791081644612,2732,481,1681,1985,0.6190799909358713,0.19505271695052717,0.8502956738250856,0.6190799909358713,0.7164961972200368
0.4284977946925603,2732,482,1681,1984,0.6190799909358713,0.1954582319545823,0.8500311138767891,0.6190799909358713,0.7164022551461913
0.4284482016035743,2733,482,1680,1984,0.619306594153637,0.1954582319545823,0.8500777604976671,0.619306594153637,0.7165705296276874
0.42842714198698856,2733,483,1680,1983,0.619306594153637,0.19586374695863748,0.8498134328358209,0.619306594153637,0.7164766024380653
0.4284001561786286,2734,483,1679,1983,0.6195331973714027,0.19586374695863748,0.8498601181224743,0.6195331973714027,0.7166448230668413
0.4283628200587946,2735,483,1678,1983,0.6197598005891684,0.19586374695863748,0.8499067743940336,0.6197598005891684,0.7168129996068667
0.4283224124729654,2736,483,1677,1983,0.619986403806934,0.19586374695863748,0.8499534016775396,0.619986403806934,0.7169811320754718
0.4282505718784934,2737,483,1676,1983,0.6202130070246997,0.19586374695863748,0.85,0.6202130070246997,0.7171492204899776
0.42793849216640584,2738,483,1675,1983,0.6204396102424654,0.19586374695863748,0.8500465693883887,0.6204396102424654,0.7173172648676971
0.4278583540467201,2739,483,1674,1983,0.6206662134602311,0.19586374695863748,0.8500931098696461,0.6206662134602311,0.7174852652259331
0.42785559200554973,2740,483,1673,1983,0.6208928166779968,0.19586374695863748,0.8501396214706795,0.6208928166779968,0.7176532215819801
0.427815391375467,2740,484,1673,1982,0.6208928166779968,0.19626926196269262,0.8498759305210918,0.6208928166779968,0.7175592510147965
0.4276999874592966,2740,485,1673,1981,0.6208928166779968,0.19667477696674776,0.8496124031007752,0.6208928166779968,0.7174653050536789
0.42753892639911345,2741,485,1672,1981,0.6211194198957625,0.19667477696674776,0.8496590204587725,0.6211194198957625,0.7176331980625736
0.4275007238021338,2741,486,1672,1980,0.6211194198957625,0.19708029197080293,0.8493957235822746,0.6211194198957625,0.7175392670157067
0.4274314557224458,2742,486,1671,1980,0.6213460231135283,0.19708029197080293,0.8494423791821561,0.6213460231135283,0.7177071063996858
0.42741155041630524,2742,487,1671,1979,0.6213460231135283,0.19748580697485807,0.8491793124806442,0.6213460231135283,0.7176131902643288
0.4273961781266222,2743,487,1670,1979,0.621572626331294,0.19748580697485807,0.8492260061919504,0.621572626331294,0.7177809760565225
0.4273690416831874,2743,488,1670,1978,0.621572626331294,0.1978913219789132,0.8489631692974311,0.621572626331294,0.717687074829932
0.42731195668669836,2743,489,1670,1977,0.621572626331294,0.19829683698296838,0.848700495049505,0.621572626331294,0.7175931981687378
0.4272343007798512,2743,490,1670,1976,0.621572626331294,0.19870235198702352,0.8484379832972472,0.621572626331294,0.717499346063301
0.4270192852908107,2744,490,1669,1976,0.6217992295490596,0.19870235198702352,0.8484848484848485,0.6217992295490596,0.7176670589773768
0.42697446238945563,2744,491,1669,1975,0.6217992295490596,0.19910786699107866,0.8482225656877898,0.6217992295490596,0.7175732217573223
0.4269662248961426,2745,491,1668,1975,0.6220258327668253,0.19910786699107866,0.8482694684796045,0.6220258327668253,0.7177408811609362
0.42695113674620483,2746,491,1667,1975,0.622252435984591,0.19910786699107866,0.848316342292246,0.622252435984591,0.7179084967320262
0.4269261473279677,2747,491,1666,1975,0.6224790392023567,0.19910786699107866,0.8483631871525633,0.6224790392023567,0.7180760684877794
0.42692319460070166,2747,492,1666,1974,0.6224790392023567,0.19951338199513383,0.8481012658227848,0.6224790392023567,0.7179822268687924
0.4269126897278182,2748,492,1665,1974,0.6227056424201224,0.19951338199513383,0.8481481481481481,0.6227056424201224,0.7181497451979616
0.4268958309379187,2748,493,1665,1973,0.6227056424201224,0.19991889699918897,0.8478864547979019,0.6227056424201224,0.7180559184740006
0.4268849672483986,2748,494,1665,1972,0.6227056424201224,0.2003244120032441,0.8476249228871067,0.6227056424201224,0.7179621162638797
0.42683871554812286,2749,494,1664,1972,0.6229322456378881,0.2003244120032441,0.8476719087264878,0.6229322456378881,0.7181295715778474
0.4267582273863848,2750,494,1663,1972,0.6231588488556538,0.2003244120032441,0.8477188655980271,0.6231588488556538,0.7182969831526708
0.4266966255477464,2751,494,1662,1972,0.6233854520734194,0.2003244120032441,0.8477657935285053,0.6233854520734194,0.7184643510054843
0.4266799209158399,2752,494,1661,1972,0.6236120552911851,0.2003244120032441,0.8478126925446704,0.6236120552911851,0.7186316751534143
0.4266034826589248,2752,495,1661,1971,0.6236120552911851,0.20072992700729927,0.8475515860794579,0.6236120552911851,0.7185378590078328
0.4264003849465498,2753,495,1660,1971,0.6238386585089508,0.20072992700729927,0.8475985221674877,0.6238386585089508,0.7187051298786059
0.42639626053287816,2754,495,1659,1971,0.6240652617267165,0.20072992700729927,0.8476454293628809,0.6240652617267165,0.7188723570869224
0.42637887978238115,2755,495,1658,1971,0.6242918649444822,0.20072992700729927,0.8476923076923077,0.6242918649444822,0.7190395406498761
0.4263765356655691,2756,495,1657,1971,0.6245184681622479,0.20072992700729927,0.8477391571824054,0.6245184681622479,0.7192066805845512
0.42637568240557494,2757,495,1656,1971,0.6247450713800136,0.20072992700729927,0.8477859778597786,0.6247450713800136,0.7193737769080234
0.42628429572861387,2758,495,1655,1971,0.6249716745977792,0.20072992700729927,0.8478327697509991,0.6249716745977792,0.7195408296373599
0.42620748486150084,2758,496,1655,1970,0.6249716745977792,0.20113544201135442,0.8475722188076213,0.6249716745977792,0.7194469805660622
0.4260969620627663,2758,497,1655,1969,0.6249716745977792,0.20154095701540958,0.8473118279569892,0.6249716745977792,0.7193531559728742
0.4260633346740675,2758,498,1655,1968,0.6249716745977792,0.20194647201946472,0.847051597051597,0.6249716745977792,0.71925935584822
0.42603702045771835,2758,499,1655,1967,0.6249716745977792,0.20235198702351986,0.8467915259441203,0.6249716745977792,0.7191655801825293
0.4259900114241322,2759,499,1654,1967,0.6251982778155449,0.20235198702351986,0.8468385512584408,0.6251982778155449,0.7193325511667319
0.4259883558691393,2759,500,1654,1966,0.6251982778155449,0.20275750202757503,0.8465787051242712,0.6251982778155449,0.7192387904066735
0.4259742641029405,2759,501,1654,1965,0.6251982778155449,0.20316301703163017,0.846319018404908,0.6251982778155449,0.7191450540857551
0.42597381649830796,2760,501,1653,1965,0.6254248810333106,0.20316301703163017,0.8463661453541859,0.6254248810333106,0.7193119624706801
0.42597028121642067,2761,501,1652,1965,0.6256514842510764,0.20316301703163017,0.8464132434089515,0.6256514842510764,0.7194788273615637
0.4259005808695796,2761,502,1652,1964,0.6256514842510764,0.2035685320356853,0.8461538461538461,0.6256514842510764,0.7193850964043772
0.42573295746680856,2762,502,1651,1964,0.6258780874688421,0.2035685320356853,0.8462009803921569,0.6258780874688421,0.719551908297512
0.4257288598293586,2762,503,1651,1963,0.6258780874688421,0.20397404703974048,0.8459418070444105,0.6258780874688421,0.7194581922375619
0.4256989078801815,2763,503,1650,1963,0.6261046906866078,0.20397404703974048,0.8459889773423147,0.6261046906866078,0.7196249511655164
0.4256703444633925,2764,503,1649,1963,0.6263312939043735,0.20397404703974048,0.8460361187633915,0.6263312939043735,0.7197916666666667
0.425630294447431,2765,503,1648,1963,0.6265578971221392,0.20397404703974048,0.8460832313341493,0.6265578971221392,0.7199583387579742
0.42550466002711,2765,504,1648,1962,0.6265578971221392,0.20437956204379562,0.8458244111349036,0.6265578971221392,0.7198646185889093
0.42549204607485985,2765,505,1648,1961,0.6265578971221392,0.20478507704785076,0.845565749235474,0.6265578971221392,0.7197709228166081
0.4254012578113774,2765,506,1648,1960,0.6265578971221392,0.20519059205190593,0.8453072454906756,0.6265578971221392,0.7196772514315461
0.4253830968705448,2765,507,1648,1959,0.6265578971221392,0.20559610705596107,0.8450488997555012,0.6265578971221392,0.719583604424203
0.42533399630673496,2765,508,1648,1958,0.6265578971221392,0.2060016220600162,0.8447907118851207,0.6265578971221392,0.7194899817850637
0.4252532660013734,2765,509,1648,1957,0.6265578971221392,0.20640713706407138,0.8445326817348808,0.6265578971221392,0.7193963835046182
0.42512035883701904,2765,510,1648,1956,0.6265578971221392,0.20681265206812652,0.8442748091603054,0.6265578971221392,0.719302809573361
0.42509415981197674,2765,511,1648,1955,0.6265578971221392,0.20721816707218166,0.844017094017094,0.6265578971221392,0.7192092599817922
0.4250126863648965,2766,511,1647,1955,0.6267845003399048,0.20721816707218166,0.8440646933170582,0.6267845003399048,0.7193758127438231
0.4249324872393615,2767,511,1646,1955,0.6270111035576705,0.20721816707218166,0.8441122635753509,0.6270111035576705,0.7195423221947732
0.4248823943030023,2768,511,1645,1955,0.6272377067754362,0.20721816707218166,0.8441598048185422,0.6272377067754362,0.7197087883515342
0.4248691174356053,2768,512,1645,1954,0.6272377067754362,0.20762368207623683,0.8439024390243902,0.6272377067754362,0.7196152346288834
0.4248548808468755,2768,513,1645,1953,0.6272377067754362,0.20802919708029197,0.8436452301127705,0.6272377067754362,0.7195217052248506
0.4248013315646812,2768,514,1645,1952,0.6272377067754362,0.20843471208434713,0.8433881779402803,0.6272377067754362,0.7194282001299546
0.42470055469551093,2768,515,1645,1951,0.6272377067754362,0.20884022708840227,0.8431312823636917,0.6272377067754362,0.7193347193347193
0.4246994643824558,2769,515,1644,1951,0.6274643099932019,0.20884022708840227,0.8431790499390986,0.6274643099932019,0.7195011043263608
0.42448550767174736,2770,515,1643,1951,0.6276909132109676,0.20884022708840227,0.8432267884322678,0.6276909132109676,0.7196674460898934
0.42442252099181754,2771,515,1642,1951,0.6279175164287333,0.20884022708840227,0.8432744978697505,0.6279175164287333,0.7198337446421614
0.42441561933506766,2772,515,1641,1951,0.628144119646499,0.20884022708840227,0.8433221782780651,0.628144119646499,0.72
0.4243365132656339,2772,516,1641,1950,0.628144119646499,0.20924574209245742,0.843065693430657,0.628144119646499,0.7199065056486171
0.42432459331372596,2773,516,1640,1950,0.6283707228642647,0.20924574209245742,0.8431134083307996,0.6283707228642647,0.7200727083874318
0.42426329944097085,2773,517,1640,1949,0.6283707228642647,0.20965125709651258,0.8428571428571429,0.6283707228642647,0.7199792288718682
0.4242409619416112,2774,517,1639,1949,0.6285973260820303,0.20965125709651258,0.8429048921300517,0.6285973260820303,0.7201453790238836
0.42417842691533314,2775,517,1638,1949,0.628823929299796,0.20965125709651258,0.8429526123936817,0.628823929299796,0.7203114860480206
0.424126051950525,2776,517,1637,1949,0.6290505325175617,0.20965125709651258,0.843000303674461,0.6290505325175617,0.7204775499610693
0.4241020337851547,2776,518,1637,1948,0.6290505325175617,0.21005677210056772,0.8427443837279903,0.6290505325175617,0.7203840664331128
0.42400224933657216,2776,519,1637,1947,0.6290505325175617,0.21046228710462286,0.8424886191198786,0.6290505325175617,0.7202906071613907
0.4239506799287657,2776,520,1637,1946,0.6290505325175617,0.21086780210867803,0.8422330097087378,0.6290505325175617,0.7201971721364637
0.4238853805685892,2776,521,1637,1945,0.6290505325175617,0.21127331711273317,0.8419775553533515,0.6290505325175617,0.7201037613488975
0.4238307575308481,2777,521,1636,1945,0.6292771357353274,0.21127331711273317,0.8420254699818072,0.6292771357353274,0.7202697445208144
0.42377732064017987,2777,522,1636,1944,0.6292771357353274,0.2116788321167883,0.8417702334040619,0.6292771357353274,0.7201763485477178
0.4237285935226104,2777,523,1636,1943,0.6292771357353274,0.21208434712084348,0.8415151515151515,0.6292771357353274,0.7200829767924284
0.423718601669762,2778,523,1635,1943,0.6295037389530931,0.21208434712084348,0.8415631626779764,0.6295037389530931,0.7202488981073373
0.4236873233636564,2778,524,1635,1942,0.6295037389530931,0.21248986212489862,0.8413082980012114,0.6295037389530931,0.7201555411535969
0.4235629257908822,2779,524,1634,1942,0.6297303421708589,0.21248986212489862,0.8413563427187405,0.6297303421708589,0.7203214100570244
0.42349168082508415,2779,525,1634,1941,0.6297303421708589,0.21289537712895376,0.8411016949152542,0.6297303421708589,0.7202280679020345
0.42347734327072334,2779,526,1634,1940,0.6297303421708589,0.21330089213300893,0.8408472012102874,0.6297303421708589,0.7201347499352164
0.4233102537140809,2780,526,1633,1940,0.6299569453886246,0.21330089213300893,0.8408953418027828,0.6299569453886246,0.7203005570669776
0.4233041293919587,2781,526,1632,1940,0.6301835486063903,0.21330089213300893,0.8409434532809192,0.6301835486063903,0.7204663212435233
0.42327103383616616,2782,526,1631,1940,0.6304101518241559,0.21330089213300893,0.8409915356711004,0.6304101518241559,0.7206320424815439
0.42325257965181223,2782,527,1631,1939,0.6304101518241559,0.21370640713706407,0.8407373828951344,0.6304101518241559,0.7205387205387206
0.42300196872688367,2782,528,1631,1938,0.6304101518241559,0.2141119221411192,0.8404833836858006,0.6304101518241559,0.7204454227631749
0.4229418006081452,2782,529,1631,1937,0.6304101518241559,0.21451743714517438,0.8402295379039565,0.6304101518241559,0.7203521491455206
0.4227350225740899,2782,530,1631,1936,0.6304101518241559,0.21492295214922952,0.839975845410628,0.6304101518241559,0.7202588996763755
0.4226213962645593,2782,531,1631,1935,0.6304101518241559,0.21532846715328466,0.8397223060670087,0.6304101518241559,0.720165674346363
0.42260823881444975,2783,531,1630,1935,0.6306367550419216,0.21532846715328466,0.839770669885335,0.6306367550419216,0.7203313058107934
0.42252071756019477,2783,532,1630,1934,0.6306367550419216,0.21573398215733983,0.8395173453996984,0.6306367550419216,0.7202380952380953
0.4223730409302183,2784,532,1629,1934,0.6308633582596873,0.21573398215733983,0.8395657418576599,0.6308633582596873,0.7204036744727651
0.42202396927735825,2785,532,1628,1934,0.631089961477453,0.21573398215733983,0.8396141091347603,0.631089961477453,0.7205692108667529
0.42200774672301794,2785,533,1628,1933,0.631089961477453,0.21613949716139497,0.8393610608800482,0.631089961477453,0.7204760056913723
0.4220044290791782,2786,533,1627,1933,0.6313165646952187,0.21613949716139497,0.839409460680928,0.6313165646952187,0.7206414899120538
0.42196340543246164,2787,533,1626,1933,0.6315431679129844,0.21613949716139497,0.8394578313253012,0.6315431679129844,0.7208069313332471
0.421925328732908,2787,534,1626,1932,0.6315431679129844,0.21654501216545013,0.8392050587172538,0.6315431679129844,0.7207137315748643
0.4218881816316845,2788,534,1625,1932,0.6317697711307501,0.21654501216545013,0.839253461770018,0.6317697711307501,0.7208791208791209
0.42185762686332345,2789,534,1624,1932,0.6319963743485157,0.21654501216545013,0.839301835690641,0.6319963743485157,0.7210444674250259
0.4218480433059247,2789,535,1624,1931,0.6319963743485157,0.21695052716950528,0.839049338146811,0.6319963743485157,0.7209512731032699
0.42172079301675397,2790,535,1623,1931,0.6322229775662814,0.21695052716950528,0.8390977443609022,0.6322229775662814,0.7211165675885242
0.4217027381141776,2790,536,1623,1930,0.6322229775662814,0.21735604217356042,0.8388454600120264,0.6322229775662814,0.7210233880346298
0.4216422041030122,2791,536,1622,1930,0.6324495807840471,0.21735604217356042,0.8388938984069733,0.6324495807840471,0.7211886304909562
0.4215219993401637,2791,537,1622,1929,0.6324495807840471,0.21776155717761558,0.8386418269230769,0.6324495807840471,0.7210954657021057
0.4214687752741549,2791,538,1622,1928,0.6324495807840471,0.21816707218167072,0.8383899068789427,0.6324495807840471,0.7210023249806252
0.4214462231150963,2791,539,1622,1927,0.6324495807840471,0.21857258718572586,0.8381381381381381,0.6324495807840471,0.7209092083171897
0.42118136878147355,2792,539,1621,1927,0.6326761840018128,0.21857258718572586,0.8381867307114981,0.6326761840018128,0.7210743801652892
0.42117771801654363,2793,539,1620,1927,0.6329027872195785,0.21857258718572586,0.8382352941176471,0.6329027872195785,0.7212395093608779
0.421001406084952,2793,540,1620,1926,0.6329027872195785,0.21897810218978103,0.8379837983798379,0.6329027872195785,0.721146398140976
0.42072387443972337,2793,541,1620,1925,0.6329027872195785,0.21938361719383617,0.8377324535092981,0.6329027872195785,0.721053310959081
0.4206781522168087,2794,541,1619,1925,0.6331293904373442,0.21938361719383617,0.8377811094452774,0.6331293904373442,0.7212183789364998
0.42066079879886253,2795,541,1618,1925,0.6333559936551099,0.21938361719383617,0.8378297362110312,0.6333559936551099,0.7213834043102335
0.4205354172182304,2795,542,1618,1924,0.6333559936551099,0.2197891321978913,0.8375786634701828,0.6333559936551099,0.7212903225806453
0.4205132291035485,2796,542,1617,1924,0.6335825968728755,0.2197891321978913,0.8376273217495507,0.6335825968728755,0.7214552960908269
0.42045622354641615,2797,542,1616,1924,0.6338092000906412,0.2197891321978913,0.837675950883498,0.6338092000906412,0.7216202270381836
0.42040598429825143,2798,542,1615,1924,0.634035803308407,0.2197891321978913,0.8377245508982036,0.634035803308407,0.7217851154391848
0.4203045254380825,2799,542,1614,1924,0.6342624065261727,0.2197891321978913,0.8377731218198144,0.6342624065261727,0.7219499613102914
0.4201721489185916,2800,542,1613,1924,0.6344890097439384,0.2197891321978913,0.8378216636744464,0.6344890097439384,0.7221147646679562
0.42016988150800333,2800,543,1613,1923,0.6344890097439384,0.22019464720194648,0.8375710439724798,0.6344890097439384,0.7220216606498195
0.4200823197800259,2800,544,1613,1922,0.6344890097439384,0.22060016220600162,0.8373205741626795,0.6344890097439384,0.7219285806368442
0.420035067932637,2801,544,1612,1922,0.6347156129617041,0.22060016220600162,0.8373692077727952,0.6347156129617041,0.7220933230213974
0.41999384010351604,2801,545,1612,1921,0.6347156129617041,0.22100567721005676,0.8371189479976091,0.6347156129617041,0.7220002577651761
0.41994333460114897,2802,545,1611,1921,0.6349422161794698,0.22100567721005676,0.837167612787571,0.6349422161794698,0.7221649484536082
0.4199389932818818,2802,546,1611,1920,0.6349422161794698,0.22141119221411193,0.8369175627240143,0.6349422161794698,0.7220718979512949
0.41988647856989475,2803,546,1610,1920,0.6351688193972355,0.22141119221411193,0.8369662585846521,0.6351688193972355,0.7222365369750064
0.4198835362759206,2803,547,1610,1919,0.6351688193972355,0.22181670721816707,0.8367164179104477,0.6351688193972355,0.7221435012237537
0.41986221124047507,2804,547,1609,1919,0.6353954226150011,0.22181670721816707,0.8367651447329155,0.6353954226150011,0.7223080886141163
0.4196068287359916,2804,548,1609,1918,0.6353954226150011,0.2222222222222222,0.8365155131264916,0.6353954226150011,0.7222150676110753
0.4192652430145876,2804,549,1609,1917,0.6353954226150011,0.22262773722627738,0.836266030420519,0.6353954226150011,0.7221220705639969
0.41914637545571576,2804,550,1609,1916,0.6353954226150011,0.22303325223033252,0.8360166964818128,0.6353954226150011,0.7220290974636282
0.41911294516993475,2805,550,1608,1916,0.6356220258327668,0.22303325223033252,0.8360655737704918,0.6356220258327668,0.722193614830072
0.41896325990899086,2805,551,1608,1915,0.6356220258327668,0.22343876723438766,0.8358164481525626,0.6356220258327668,0.7221006564551423
0.4189597164295086,2806,551,1607,1915,0.6358486290505325,0.22343876723438766,0.8358653559725946,0.6358486290505325,0.7222651222651223
0.4189013747969828,2807,551,1606,1915,0.6360752322682982,0.22343876723438766,0.8359142346634901,0.6360752322682982,0.7224295457470081
0.418862017472173,2807,552,1606,1914,0.6360752322682982,0.22384428223844283,0.8356653766001786,0.6360752322682982,0.722336592897581
0.41868997401884056,2807,553,1606,1913,0.6360752322682982,0.22424979724249797,0.8354166666666667,0.6360752322682982,0.722243663965007
0.41858200806149876,2808,553,1605,1913,0.6363018354860639,0.22424979724249797,0.8354656352276109,0.6363018354860639,0.7224080267558528
0.4185239253377448,2809,553,1604,1913,0.6365284387038296,0.22424979724249797,0.8355145746579417,0.6365284387038296,0.7225723472668809
0.41850935669033607,2810,553,1603,1913,0.6367550419215953,0.22424979724249797,0.8355634849836455,0.6367550419215953,0.7227366255144033
0.41847932405645333,2811,553,1602,1913,0.636981645139361,0.22424979724249797,0.8356123662306778,0.636981645139361,0.722900861514723
0.4182943876653164,2812,553,1601,1913,0.6372082483571266,0.22424979724249797,0.8356612184249629,0.6372082483571266,0.7230650552841348
0.4182701099681341,2812,554,1601,1912,0.6372082483571266,0.22465531224655313,0.8354129530600118,0.6372082483571266,0.7229721043835968
0.4182295246566552,2812,555,1601,1911,0.6372082483571266,0.22506082725060828,0.8351648351648352,0.6372082483571266,0.7228791773778919
0.4181905121315893,2813,555,1600,1911,0.6374348515748923,0.22506082725060828,0.8352137767220903,0.6374348515748923,0.723043310628454
0.41800093551298073,2813,556,1600,1910,0.6374348515748923,0.22546634225466342,0.8349658652419115,0.6374348515748923,0.7229503983551785
0.41776523131581855,2813,557,1600,1909,0.6374348515748923,0.22587185725871858,0.8347181008902077,0.6374348515748923,0.7228575099575999
0.4176441883512462,2814,557,1599,1909,0.637661454792658,0.22587185725871858,0.8347671314150104,0.637661454792658,0.7230215827338128
0.417629303212036,2814,558,1599,1908,0.637661454792658,0.22627737226277372,0.8345195729537367,0.637661454792658,0.7229287090558767
0.4175391011082198,2815,558,1598,1908,0.6378880580104237,0.22627737226277372,0.8345686332641565,0.6378880580104237,0.7230927305419984
0.41740487687622896,2816,558,1597,1908,0.6381146612281895,0.22627737226277372,0.8346176644931832,0.6381146612281895,0.7232567099011172
0.41738659252239485,2816,559,1597,1907,0.6381146612281895,0.22668288726682886,0.8343703703703703,0.6381146612281895,0.7231638418079096
0.41736231266034207,2816,560,1597,1906,0.6381146612281895,0.22708840227088403,0.8341232227488151,0.6381146612281895,0.7230709975606624
0.4173498806128185,2817,560,1596,1906,0.6383412644459552,0.22708840227088403,0.8341723423156648,0.6383412644459552,0.723234916559692
0.4172744882990749,2818,560,1595,1906,0.6385678676637209,0.22708840227088403,0.8342214328004737,0.6385678676637209,0.7233987934796561
0.4172515005470729,2818,561,1595,1905,0.6385678676637209,0.22749391727493917,0.8339745486830423,0.6385678676637209,0.7233059548254621
0.41722985940630575,2819,561,1594,1905,0.6387944708814866,0.22749391727493917,0.8340236686390533,0.6387944708814866,0.7234697805723085
0.41715410010742926,2820,561,1593,1905,0.6390210740992522,0.22749391727493917,0.834072759538598,0.6390210740992522,0.7236335642802155
0.41715169492130894,2821,561,1592,1905,0.6392476773170179,0.22749391727493917,0.8341218214074512,0.6392476773170179,0.7237973059653624
0.4171286005058058,2822,561,1591,1905,0.6394742805347836,0.22749391727493917,0.8341708542713567,0.6394742805347836,0.72396100564392
0.4170780713523976,2823,561,1590,1905,0.6397008837525493,0.22749391727493917,0.8342198581560284,0.6397008837525493,0.7241246633320507
0.41705197958469314,2824,561,1589,1905,0.639927486970315,0.22749391727493917,0.8342688330871492,0.639927486970315,0.7242882790459092
0.4170503840905508,2825,561,1588,1905,0.6401540901880807,0.22749391727493917,0.8343177790903721,0.6401540901880807,0.7244518528016413
0.4169800085182979,2826,561,1587,1905,0.6403806934058464,0.22749391727493917,0.8343666961913198,0.6403806934058464,0.7246153846153847
0.4167883595181567,2827,561,1586,1905,0.640607296623612,0.22749391727493917,0.8344155844155844,0.640607296623612,0.7247788745032688
0.4167431946371759,2828,561,1585,1905,0.6408338998413777,0.22749391727493917,0.8344644437887282,0.6408338998413777,0.724942322481415
0.41663245863751736,2828,562,1585,1904,0.6408338998413777,0.2278994322789943,0.8342182890855457,0.6408338998413777,0.7248494168909393
0.41657108459622616,2828,563,1585,1903,0.6408338998413777,0.22830494728304948,0.8339722795635506,0.6408338998413777,0.7247565351101999
0.41643522089333,2829,563,1584,1903,0.6410605030591434,0.22830494728304948,0.8340212264150944,0.6410605030591434,0.7249199231262011
0.4164092907158214,2830,563,1583,1903,0.6412871062769091,0.22830494728304948,0.834070144414972,0.6412871062769091,0.7250832692800409
0.4164077783451094,2830,564,1583,1902,0.6412871062769091,0.22871046228710462,0.8338243959929287,0.6412871062769091,0.7249903932368387
0.41626762612195367,2830,565,1583,1901,0.6412871062769091,0.22911597729115976,0.833578792341679,0.6412871062769091,0.7248975409836065
0.4162369095289909,2830,566,1583,1900,0.6412871062769091,0.22952149229521493,0.8333333333333334,0.6412871062769091,0.724804712511205
0.41623426047564777,2831,566,1582,1900,0.6415137094946748,0.22952149229521493,0.8333823962319694,0.6415137094946748,0.7249679897567223
0.41619297696087565,2831,567,1582,1899,0.6415137094946748,0.22992700729927007,0.8331371394938198,0.6415137094946748,0.7248751760337984
0.4161752434454006,2831,568,1582,1898,0.6415137094946748,0.2303325223033252,0.8328920270667843,0.6415137094946748,0.7247823860727085
0.4160992742572245,2831,569,1582,1897,0.6415137094946748,0.23073803730738038,0.8326470588235294,0.6415137094946748,0.7246896198643287
0.41599566956536976,2832,569,1581,1897,0.6417403127124405,0.23073803730738038,0.8326962658041752,0.6417403127124405,0.7248528282569746
0.4159781513345665,2833,569,1580,1897,0.6419669159302062,0.23073803730738038,0.8327454438565549,0.6419669159302062,0.7250159948816377
0.41591518384778714,2834,569,1579,1897,0.6421935191479718,0.23073803730738038,0.832794593006171,0.6421935191479718,0.7251791197543499
0.41590102959191716,2835,569,1578,1897,0.6424201223657376,0.23073803730738038,0.8328437132784959,0.6424201223657376,0.7253422028911348
0.41583161979013555,2836,569,1577,1897,0.6426467255835033,0.23073803730738038,0.8328928046989721,0.6426467255835033,0.7255052443080071
0.4158103104051233,2837,569,1576,1897,0.642873328801269,0.23073803730738038,0.8329418672930123,0.642873328801269,0.7256682440209745
0.4157070669760647,2838,569,1575,1897,0.6430999320190347,0.23073803730738038,0.8329909010859994,0.6430999320190347,0.7258312020460359
0.4154403225779161,2839,569,1574,1897,0.6433265352368004,0.23073803730738038,0.8330399061032864,0.6433265352368004,0.7259941183991816
0.41541706183310345,2840,569,1573,1897,0.6435531384545661,0.23073803730738038,0.8330888823701965,0.6435531384545661,0.7261569930963947
0.41539067854334266,2840,570,1573,1896,0.6435531384545661,0.23114355231143552,0.8328445747800587,0.6435531384545661,0.7260641697558482
0.41531697361550457,2840,571,1573,1895,0.6435531384545661,0.2315490673154907,0.8326004104368221,0.6435531384545661,0.7259713701431493
0.4151857219148368,2841,571,1572,1895,0.6437797416723318,0.2315490673154907,0.8326494724501758,0.6437797416723318,0.7261341853035144
0.4151553075994892,2842,571,1571,1895,0.6440063448900974,0.2315490673154907,0.8326985057134486,0.6440063448900974,0.7262969588550985
0.4150328639375479,2842,572,1571,1894,0.6440063448900974,0.23195458231954583,0.8324545987111892,0.6440063448900974,0.7262041650696307
0.4148039469804922,2843,572,1570,1894,0.6442329481078631,0.23195458231954583,0.8325036603221083,0.6442329481078631,0.7263668880940214
0.414798908196558,2844,572,1569,1894,0.6444595513256288,0.23195458231954583,0.832552693208431,0.6444595513256288,0.7265295695491123
0.41477274143915116,2844,573,1569,1893,0.6444595513256288,0.23236009732360097,0.8323090430201932,0.6444595513256288,0.7264367816091954
0.41476336636846844,2844,574,1569,1892,0.6444595513256288,0.23276561232765614,0.8320655354008192,0.6444595513256288,0.7263440173668754
0.4147135121275886,2845,574,1568,1892,0.6446861545433945,0.23276561232765614,0.8321146534074291,0.6446861545433945,0.7265066394279878
0.41468807067741903,2846,574,1567,1892,0.6449127577611602,0.23276561232765614,0.8321637426900584,0.6449127577611602,0.7266692199668071
0.41459097950547413,2847,574,1566,1892,0.6451393609789259,0.23276561232765614,0.8322128032738966,0.6451393609789259,0.7268317589992341
0.4144990831458843,2847,575,1566,1891,0.6451393609789259,0.23317112733171128,0.8319696084161309,0.6451393609789259,0.7267389917038928
0.4144952212966747,2848,575,1565,1891,0.6453659641966916,0.23317112733171128,0.8320186970493719,0.6453659641966916,0.7269014803471158
0.4144313466528397,2848,576,1565,1890,0.6453659641966916,0.23357664233576642,0.8317757009345794,0.6453659641966916,0.7268087278295265
0.41417386316514593,2849,576,1564,1890,0.6455925674144573,0.23357664233576642,0.8318248175182482,0.6455925674144573,0.7269711661138046
0.4141493243542311,2850,576,1563,1890,0.6458191706322229,0.23357664233576642,0.8318739054290718,0.6458191706322229,0.7271335629544585
0.4141238188228931,2850,577,1563,1889,0.6458191706322229,0.23398215733982158,0.83163116428363,0.6458191706322229,0.7270408163265306
0.41405664435623557,2850,578,1563,1888,0.6458191706322229,0.23438767234387672,0.8313885647607935,0.6458191706322229,0.7269480933554393
0.4140104758681423,2851,578,1562,1888,0.6460457738499886,0.23438767234387672,0.8314377369495479,0.6460457738499886,0.7271104310124967
0.41395677716081225,2852,578,1561,1888,0.6462723770677543,0.23438767234387672,0.8314868804664723,0.6462723770677543,0.7272727272727273
0.41395275229266515,2852,579,1561,1887,0.6462723770677543,0.23479318734793186,0.831244535120956,0.6462723770677543,0.727180010198878
0.41393971496994447,2852,580,1561,1886,0.6462723770677543,0.23519870235198703,0.831002331002331,0.6462723770677543,0.727087316762269
0.41391474515125226,2853,580,1560,1886,0.6464989802855201,0.23519870235198703,0.8310515584037285,0.6464989802855201,0.7272495539128219
0.41386279995224423,2853,581,1560,1885,0.6464989802855201,0.23560421735604217,0.8308095515433896,0.6464989802855201,0.7271568752389449
0.4138586877964084,2854,581,1559,1885,0.6467255835032858,0.23560421735604217,0.8308588064046579,0.6467255835032858,0.7273190621814476
0.41384757518327286,2855,581,1558,1885,0.6469521867210515,0.23560421735604217,0.830908032596042,0.6469521867210515,0.7274812077971715
0.41382844173820116,2856,581,1557,1885,0.6471787899388172,0.23560421735604217,0.8309572301425662,0.6471787899388172,0.7276433121019108
0.41371823591269774,2857,581,1556,1885,0.6474053931565829,0.23560421735604217,0.8310063990692262,0.6474053931565829,0.7278053751114508
0.41365374530052595,2857,582,1556,1884,0.6474053931565829,0.2360097323600973,0.8307647571968596,0.6474053931565829,0.7277126846663271
0.41363680732832475,2857,583,1556,1883,0.6474053931565829,0.23641524736415248,0.8305232558139535,0.6474053931565829,0.7276200178275819
0.4135633655320026,2858,583,1555,1883,0.6476319963743485,0.23641524736415248,0.8305725079918629,0.6476319963743485,0.7277820218996691
0.41336404239046,2859,583,1554,1883,0.6478585995921142,0.23641524736415248,0.8306217315514236,0.6478585995921142,0.7279439847231064
0.4132400738542517,2860,583,1553,1883,0.6480852028098799,0.23641524736415248,0.8306709265175719,0.6480852028098799,0.7281059063136457
0.4132093239951119,2861,583,1552,1883,0.6483118060276456,0.23641524736415248,0.8307200929152149,0.6483118060276456,0.7282677866870306
0.4131034793429671,2862,583,1551,1883,0.6485384092454113,0.23641524736415248,0.8307692307692308,0.6485384092454113,0.7284296258589972
0.41310086807707375,2862,584,1551,1882,0.6485384092454113,0.23682076236820762,0.8305281485780616,0.6485384092454113,0.7283369385417993
0.413039419276648,2863,584,1550,1882,0.648765012463177,0.23682076236820762,0.8305773136060343,0.648765012463177,0.728498727735369
0.41303376602274144,2864,584,1549,1882,0.6489916156809427,0.23682076236820762,0.8306264501160093,0.6489916156809427,0.7286604757664419
0.4130206104080982,2865,584,1548,1882,0.6492182188987083,0.23682076236820762,0.8306755581327921,0.6492182188987083,0.728822182650725
0.41299246220420016,2866,584,1547,1882,0.649444822116474,0.23682076236820762,0.8307246376811595,0.649444822116474,0.7289838484039172
0.4129634556984788,2867,584,1546,1882,0.6496714253342397,0.23682076236820762,0.8307736887858592,0.6496714253342397,0.7291454730417091
0.41295697877355175,2868,584,1545,1882,0.6498980285520054,0.23682076236820762,0.8308227114716107,0.6498980285520054,0.7293070565797838
0.4127441231841429,2869,584,1544,1882,0.6501246317697711,0.23682076236820762,0.8308717057631045,0.6501246317697711,0.7294685990338164
0.4127032823546813,2870,584,1543,1882,0.6503512349875368,0.23682076236820762,0.8309206716850029,0.6503512349875368,0.7296301004194737
0.4126243083737114,2870,585,1543,1881,0.6503512349875368,0.23722627737226276,0.8306801736613604,0.6503512349875368,0.7295373665480426
0.41260903538637433,2870,586,1543,1880,0.6503512349875368,0.23763179237631793,0.8304398148148148,0.6503512349875368,0.7294446562460286
0.41258715741336266,2871,586,1542,1880,0.6505778382053025,0.23763179237631793,0.8304888631761643,0.6505778382053025,0.7296060991105463
0.4125829322476352,2872,586,1541,1880,0.6508044414230683,0.23763179237631793,0.8305378831694621,0.6508044414230683,0.729767500952865
0.4124720262690989,2873,586,1540,1880,0.651031044640834,0.23763179237631793,0.8305868748193119,0.651031044640834,0.7299288617886179
0.41234730212081755,2873,587,1540,1879,0.651031044640834,0.23803730738037307,0.8303468208092486,0.651031044640834,0.7298361488632035
0.41234002913443807,2873,588,1540,1878,0.651031044640834,0.2384428223844282,0.8301069055186362,0.651031044640834,0.729743459486919
0.4122907222949028,2874,588,1539,1878,0.6512576478585996,0.2384428223844282,0.830155979202773,0.6512576478585996,0.7299047619047621
0.41224318987967995,2874,589,1539,1877,0.6512576478585996,0.23884833738848338,0.8299162575801329,0.6512576478585996,0.729812087353987
0.41221670736690863,2874,590,1539,1876,0.6512576478585996,0.23925385239253852,0.8296766743648961,0.6512576478585996,0.7297194363336295
0.4121917969426463,2874,591,1539,1875,0.6512576478585996,0.2396593673965937,0.8294372294372294,0.6512576478585996,0.7296268088347297
0.41211633824685767,2875,591,1538,1875,0.6514842510763653,0.2396593673965937,0.8294864396999423,0.6514842510763653,0.7297880441680417
0.41205668323219113,2875,592,1538,1874,0.6514842510763653,0.24006488240064883,0.8292471877704067,0.6514842510763653,0.7296954314720813
0.41201371893756716,2875,593,1538,1873,0.6514842510763653,0.24047039740470397,0.8290080738177624,0.6514842510763653,0.7296028422788987
0.4119448074612899,2875,594,1538,1872,0.6514842510763653,0.24087591240875914,0.8287690977226867,0.6514842510763653,0.7295102765795483
0.41192228125537134,2875,595,1538,1871,0.6514842510763653,0.24128142741281428,0.8285302593659942,0.6514842510763653,0.7294177343650894
0.4119145511137715,2875,596,1538,1870,0.6514842510763653,0.24168694241686942,0.8282915586286372,0.6514842510763653,0.7293252156265855
0.41189635548125825,2876,596,1537,1870,0.651710854294131,0.24168694241686942,0.8283410138248848,0.651710854294131,0.7294863665187065
0.41185412920968284,2877,596,1536,1870,0.6519374575118967,0.24168694241686942,0.8283904405413187,0.6519374575118967,0.7296474765407052
0.41184675402658755,2878,596,1535,1870,0.6521640607296624,0.24168694241686942,0.8284398388025331,0.6521640607296624,0.7298085457081274
0.41177947025228273,2878,597,1535,1869,0.6521640607296624,0.24209245742092458,0.8282014388489208,0.6521640607296624,0.7297160243407707
0.4117199113352456,2879,597,1534,1869,0.6523906639474281,0.24209245742092458,0.8282508630609896,0.6523906639474281,0.729877043985296
0.41160937115017016,2879,598,1534,1868,0.6523906639474281,0.24249797242497972,0.8280126545872879,0.6523906639474281,0.7297845373891002
0.41158061077200775,2879,599,1534,1867,0.6523906639474281,0.24290348742903486,0.827774583093732,0.6523906639474281,0.7296920542390065
0.41157508933253334,2880,599,1533,1867,0.6526172671651937,0.24290348742903486,0.8278240873814314,0.6526172671651937,0.7298530157121134
0.41151841662585786,2881,599,1532,1867,0.6528438703829594,0.24290348742903486,0.8278735632183908,0.6528438703829594,0.7300139363993412
0.4114483848105474,2881,600,1532,1866,0.6528438703829594,0.24330900243309003,0.8276357368572249,0.6528438703829594,0.7299214593362048
0.41128564035210147,2882,600,1531,1866,0.6530704736007251,0.24330900243309003,0.8276852383687536,0.6530704736007251,0.7300823305889804
0.4112023183735306,2882,601,1531,1865,0.6530704736007251,0.24371451743714517,0.827447602641401,0.6530704736007251,0.7299898682877406
0.41119870544677045,2882,602,1531,1864,0.6530704736007251,0.2441200324412003,0.8272101033295063,0.6530704736007251,0.729897429403571
0.41119860846688006,2883,602,1530,1864,0.6532970768184908,0.2441200324412003,0.8272596843615495,0.6532970768184908,0.7300582425930616
0.41107525750977103,2883,603,1530,1863,0.6532970768184908,0.24452554744525548,0.8270223752151463,0.6532970768184908,0.7299658184580327
0.4110505681347716,2883,604,1530,1862,0.6532970768184908,0.24493106244931062,0.8267852021795239,0.6532970768184908,0.7298734177215189
0.41092535533989216,2884,604,1529,1862,0.6535236800362565,0.24493106244931062,0.8268348623853211,0.6535236800362565,0.7300341728895077
0.41092183604219185,2885,604,1528,1862,0.6537502832540222,0.24493106244931062,0.8268844941243909,0.6537502832540222,0.7301948873702859
0.4108897714401178,2886,604,1527,1862,0.6539768864717879,0.24493106244931062,0.8269340974212034,0.6539768864717879,0.730355561179299
0.4108698786106743,2886,605,1527,1861,0.6539768864717879,0.24533657745336576,0.8266972214265254,0.6539768864717879,0.7302631578947368
0.41086426478900934,2886,606,1527,1860,0.6539768864717879,0.24574209245742093,0.8264604810996563,0.6539768864717879,0.7301707779886147
0.4108266169215352,2887,606,1526,1860,0.6542034896895536,0.24574209245742093,0.8265101631835099,0.6542034896895536,0.7303313938780674
0.4107798156183835,2888,606,1525,1860,0.6544300929073192,0.24574209245742093,0.8265598168288495,0.6544300929073192,0.7304919691412672
0.41076617924005443,2889,606,1524,1860,0.6546566961250849,0.24574209245742093,0.8266094420600858,0.6546566961250849,0.7306525037936267
0.41073940448802604,2890,606,1523,1860,0.6548832993428507,0.24574209245742093,0.8266590389016019,0.6548832993428507,0.7308129978505501
0.4106042287713312,2891,606,1522,1860,0.6551099025606164,0.24574209245742093,0.8267086073777523,0.6551099025606164,0.7309734513274335
0.4106009721628886,2892,606,1521,1860,0.6553365057783821,0.24574209245742093,0.8267581475128645,0.6553365057783821,0.7311338642396664
0.41058386462521734,2893,606,1520,1860,0.6555631089961478,0.24574209245742093,0.8268076593312375,0.6555631089961478,0.7312942366026289
0.4105230634313468,2893,607,1520,1859,0.6555631089961478,0.24614760746147607,0.8265714285714286,0.6555631089961478,0.7312018197902186
0.41050354349708407,2894,607,1519,1859,0.6557897122139135,0.24614760746147607,0.8266209654384462,0.6557897122139135,0.7313621430376548
0.4104977692957037,2895,607,1518,1859,0.6560163154316792,0.24614760746147607,0.8266704740148486,0.6560163154316792,0.7315224257738471
0.410489207333145,2897,607,1516,1859,0.6564695218672105,0.24614760746147607,0.826769406392694,0.6564695218672105,0.7318428697739043
0.4104292246187248,2897,608,1516,1858,0.6564695218672105,0.24655312246553124,0.8265335235378032,0.6564695218672105,0.7317504420308159
0.41040853049443743,2897,609,1516,1857,0.6564695218672105,0.24695863746958638,0.8262977752424415,0.6564695218672105,0.7316580376310141
0.410308618016471,2897,610,1516,1856,0.6564695218672105,0.24736415247364152,0.8260621613915027,0.6564695218672105,0.7315656565656566
0.41015761993607347,2898,610,1515,1856,0.6566961250849762,0.24736415247364152,0.8261117445838084,0.6566961250849762,0.7317257921979547
0.4101124477536267,2899,610,1514,1856,0.6569227283027419,0.24736415247364152,0.8261612995155315,0.6569227283027419,0.7318858874021712
0.4100262294455649,2899,611,1514,1855,0.6569227283027419,0.2477696674776967,0.825925925925926,0.6569227283027419,0.7317935125583743
0.4100258345947955,2899,612,1514,1854,0.6569227283027419,0.24817518248175183,0.825690686414127,0.6569227283027419,0.7317011610297828
0.4099859288937376,2900,612,1513,1854,0.6571493315205076,0.24817518248175183,0.8257403189066059,0.6571493315205076,0.7318611987381702
0.4099298129428492,2901,612,1512,1854,0.6573759347382733,0.24817518248175183,0.8257899231426131,0.6573759347382733,0.7320211960635882
0.4097737956159955,2901,613,1512,1853,0.6573759347382733,0.24858069748580697,0.8255549231644849,0.6573759347382733,0.7319288507632142
0.4095032571807822,2901,614,1512,1852,0.6573759347382733,0.24898621248986214,0.8253200568990042,0.6573759347382733,0.7318365287588294
0.4094466268537253,2902,614,1511,1852,0.657602537956039,0.24898621248986214,0.8253697383390216,0.657602537956039,0.7319964686593518
0.40942623657842614,2902,615,1511,1851,0.657602537956039,0.24939172749391728,0.8251350582883139,0.657602537956039,0.7319041614123583
0.409342636213777,2903,615,1510,1851,0.6578291411738046,0.24939172749391728,0.8251847640704946,0.6578291411738046,0.7320640524524019
0.40928386227681224,2904,615,1509,1851,0.6580557443915703,0.24939172749391728,0.8252344416027281,0.6580557443915703,0.7322239031770046
0.4092570699510256,2904,616,1509,1850,0.6580557443915703,0.24979724249797242,0.825,0.6580557443915703,0.7321316021681582
0.40925072678092117,2904,617,1509,1849,0.6580557443915703,0.2502027575020276,0.8247656915648963,0.6580557443915703,0.7320393244265188
0.40919237233026795,2905,617,1508,1849,0.658282347609336,0.2502027575020276,0.8248154457694492,0.658282347609336,0.7321991178323881
0.4091439863933359,2906,617,1507,1849,0.6585089508271017,0.2502027575020276,0.8248651717286404,0.6585089508271017,0.7323588709677419
0.40901463510101904,2906,618,1507,1848,0.6585089508271017,0.25060827250608275,0.8246311010215664,0.6585089508271017,0.7322665994708328
0.4089782234736382,2907,618,1506,1848,0.6587355540448674,0.25060827250608275,0.8246808510638298,0.6587355540448674,0.7324263038548752
0.40892540274579,2908,618,1505,1848,0.6589621572626331,0.25060827250608275,0.8247305728871243,0.6589621572626331,0.7325859680060461
0.40891173206308773,2908,619,1505,1847,0.6589621572626331,0.25101378751013786,0.8244967394386163,0.6589621572626331,0.7324937027707809
0.40883139794721474,2908,620,1505,1846,0.6589621572626331,0.25141930251419303,0.8242630385487528,0.6589621572626331,0.7324014607732025
0.40879101758891745,2909,620,1504,1846,0.6591887604803989,0.25141930251419303,0.8243128364975914,0.6591887604803989,0.7325610677411233
0.4086699886259465,2909,621,1504,1845,0.6591887604803989,0.2518248175182482,0.8240793201133144,0.6591887604803989,0.7324688404884805
0.4086695122524977,2909,622,1504,1844,0.6591887604803989,0.2522303325223033,0.8238459359954687,0.6591887604803989,0.7323766364551864
0.408546921443746,2909,623,1504,1843,0.6591887604803989,0.2526358475263585,0.8236126840317101,0.6591887604803989,0.7322844556324734
0.4085304604888568,2909,624,1504,1842,0.6591887604803989,0.25304136253041365,0.8233795641098217,0.6591887604803989,0.7321922980115783
0.4084973232775541,2909,625,1504,1841,0.6591887604803989,0.25344687753446876,0.8231465761177137,0.6591887604803989,0.7321001635837424
0.40846962134350284,2910,625,1503,1841,0.6594153636981646,0.25344687753446876,0.8231966053748232,0.6594153636981646,0.7322596879718168
0.40844580529054797,2911,625,1502,1841,0.6596419669159302,0.25344687753446876,0.8232466063348416,0.6596419669159302,0.7324191722229212
0.4083911510976922,2912,625,1501,1841,0.6598685701336959,0.25344687753446876,0.8232965790217699,0.6598685701336959,0.7325786163522012
0.40838226479816386,2912,626,1501,1840,0.6598685701336959,0.25385239253852393,0.823063877897117,0.6598685701336959,0.7324864796880896
0.4083753771502349,2912,627,1501,1839,0.6598685701336959,0.2542579075425791,0.8228313082791749,0.6598685701336959,0.7323943661971831
0.4083716039083428,2913,627,1500,1839,0.6600951733514616,0.2542579075425791,0.8228813559322034,0.6600951733514616,0.7325537533006412
0.4083640635672782,2913,628,1500,1838,0.6600951733514616,0.2546634225466342,0.8226489692177351,0.6600951733514616,0.7324616545134524
0.4083563850842432,2913,629,1500,1837,0.6600951733514616,0.2550689375506894,0.8224167137210615,0.6600951733514616,0.7323695788812068
0.40835052638475805,2914,629,1499,1837,0.6603217765692273,0.2550689375506894,0.8224668360146768,0.6603217765692273,0.7325289089994972
0.4083075013378886,2914,630,1499,1836,0.6603217765692273,0.25547445255474455,0.822234762979684,0.6603217765692273,0.7324368480583134
0.40805781388272105,2914,631,1499,1835,0.6603217765692273,0.25587996755879966,0.8220028208744711,0.6603217765692273,0.7323448102538327
0.40798781817531865,2914,632,1499,1834,0.6603217765692273,0.2562854825628548,0.8217710095882684,0.6603217765692273,0.7322527955773339
0.4079373415777488,2914,633,1499,1833,0.6603217765692273,0.25669099756691,0.8215393290104314,0.6603217765692273,0.7321608040201005
0.4079330366517344,2914,634,1499,1832,0.6603217765692273,0.2570965125709651,0.8213077790304397,0.6603217765692273,0.7320688355734204
0.4077643887896741,2914,635,1499,1831,0.6603217765692273,0.2575020275750203,0.821076359537898,0.6603217765692273,0.7319768902285857
0.4077092231436382,2915,635,1498,1831,0.660548379786993,0.2575020275750203,0.8211267605633803,0.660548379786993,0.7321361295993973
0.4077011325602173,2915,636,1498,1830,0.660548379786993,0.25790754257907544,0.8208955223880597,0.660548379786993,0.7320441988950277
0.4076645013290255,2915,637,1498,1829,0.660548379786993,0.25831305758313056,0.8206644144144144,0.660548379786993,0.7319522912743252
0.40762262749788913,2915,638,1498,1828,0.660548379786993,0.2587185725871857,0.8204334365325078,0.660548379786993,0.7318604067285965
0.4075763891612621,2916,638,1497,1828,0.6607749830047587,0.2587185725871857,0.8204839617332583,0.6607749830047587,0.732019580770679
0.4075639276152771,2918,638,1495,1828,0.66122818944029,0.2587185725871857,0.8205849268841395,0.66122818944029,0.7323378090099135
0.40754445435948067,2919,638,1494,1828,0.6614547926580557,0.2587185725871857,0.8206353668822041,0.6614547926580557,0.7324968632371393
0.40743799044959866,2919,639,1494,1827,0.6614547926580557,0.2591240875912409,0.8204047217537943,0.6614547926580557,0.7324049680090328
0.407403575403871,2920,639,1493,1827,0.6616813958758214,0.2591240875912409,0.8204551840404608,0.6616813958758214,0.7325639739086803
0.40715449448553037,2921,639,1492,1827,0.6619079990935871,0.2591240875912409,0.8205056179775281,0.6619079990935871,0.7327229399222375
0.40707595638710303,2921,640,1492,1826,0.6619079990935871,0.259529602595296,0.8202752035944959,0.6619079990935871,0.7326310509154753
0.40692898462963745,2922,640,1491,1826,0.6621346023113528,0.259529602595296,0.8203256597417181,0.6621346023113528,0.7327899686520376
0.4069185160150399,2923,640,1490,1826,0.6623612055291185,0.259529602595296,0.8203760875666574,0.6623612055291185,0.7329488465396189
0.4069161645215608,2923,641,1490,1825,0.6623612055291185,0.2599351175993512,0.8201459034792368,0.6623612055291185,0.7328569637708412
0.40688243947550556,2924,641,1489,1825,0.6625878087468842,0.2599351175993512,0.8201963534361851,0.6625878087468842,0.7330157934319379
0.4068658978974665,2924,642,1489,1824,0.6625878087468842,0.26034063260340634,0.8199663488502524,0.6625878087468842,0.7329239253039228
0.40680223715117564,2924,643,1489,1823,0.6625878087468842,0.26074614760746145,0.8197364732268012,0.6625878087468842,0.7328320802005012
0.4067544385750797,2924,644,1489,1822,0.6625878087468842,0.2611516626115166,0.8195067264573991,0.6625878087468842,0.7327402581130185
0.4066777308258184,2925,644,1488,1822,0.6628144119646499,0.2611516626115166,0.819557298963295,0.6628144119646499,0.7328990228013029
0.40667705181510416,2926,644,1487,1822,0.6630410151824155,0.2611516626115166,0.8196078431372549,0.6630410151824155,0.733057747713892
0.4066488859580256,2926,645,1487,1821,0.6630410151824155,0.2615571776155718,0.8193783253990479,0.6630410151824155,0.7329659318637274
0.4065466276188231,2926,646,1487,1820,0.6630410151824155,0.2619626926196269,0.8191489361702128,0.6630410151824155,0.732874139010645
0.40643220167767996,2926,647,1487,1819,0.6630410151824155,0.26236820762368207,0.8189196753428492,0.6630410151824155,0.7327823691460055
0.4064250998319595,2926,648,1487,1818,0.6630410151824155,0.26277372262773724,0.8186905428091774,0.6630410151824155,0.7326906222611744
0.4064072098738768,2927,648,1486,1818,0.6632676184001813,0.26277372262773724,0.8187412587412587,0.6632676184001813,0.7328492739108663
0.406389819180972,2928,648,1485,1818,0.663494221617947,0.26277372262773724,0.8187919463087249,0.663494221617947,0.7330078858430341
0.4063534330722758,2928,649,1485,1817,0.663494221617947,0.26317923763179235,0.8185630416550181,0.663494221617947,0.7329161451814769
0.4063488164928225,2928,650,1485,1816,0.663494221617947,0.2635847526358475,0.8183342649524874,0.663494221617947,0.732824427480916
0.40627486581009054,2928,651,1485,1815,0.663494221617947,0.2639902676399027,0.818105616093881,0.663494221617947,0.7327327327327328
0.4062337426296022,2929,651,1484,1815,0.6637208248357127,0.2639902676399027,0.8181564245810056,0.6637208248357127,0.7328912798698862
0.4062308092777162,2929,652,1484,1814,0.6637208248357127,0.2643957826439578,0.8179279530857303,0.6637208248357127,0.7327995996997748
0.40612247157674713,2929,653,1484,1813,0.6637208248357127,0.26480129764801297,0.8176996091568955,0.6637208248357127,0.73270794246404
0.4061132686511462,2929,654,1484,1812,0.6637208248357127,0.26520681265206814,0.8174713926876919,0.6637208248357127,0.7326163081540771
0.4060646524223034,2929,655,1484,1811,0.6637208248357127,0.2656123276561233,0.8172433035714286,0.6637208248357127,0.7325246967612855
0.40601017130116035,2929,656,1484,1810,0.6637208248357127,0.2660178426601784,0.8170153417015342,0.6637208248357127,0.7324331082770693
0.4059720856820849,2929,657,1484,1809,0.6637208248357127,0.2664233576642336,0.816787506971556,0.6637208248357127,0.7323415426928366
0.4059104854470961,2929,658,1484,1808,0.6637208248357127,0.26682887266828875,0.8165597992751603,0.6637208248357127,0.73225
0.4059058682574477,2930,658,1483,1808,0.6639474280534784,0.26682887266828875,0.8166109253065775,0.6639474280534784,0.732408448943882
0.405833817644848,2931,658,1482,1808,0.6641740312712441,0.26682887266828875,0.8166620228475898,0.6641740312712441,0.7325668582854287
0.40582503270685927,2931,659,1482,1807,0.6641740312712441,0.26723438767234386,0.8164345403899721,0.6641740312712441,0.732475321754342
0.405701058950416,2931,660,1482,1806,0.6641740312712441,0.26763990267639903,0.8162071846282373,0.6641740312712441,0.7323838080959519
0.4056896252296212,2932,660,1481,1806,0.6644006344890098,0.26763990267639903,0.8162583518930958,0.6644006344890098,0.7325421611492817
0.4056486120024655,2933,660,1480,1806,0.6646272377067755,0.26763990267639903,0.8163094906763151,0.6646272377067755,0.732700474644017
0.40554753132188404,2934,660,1479,1806,0.6648538409245411,0.26763990267639903,0.8163606010016694,0.6648538409245411,0.7328587485949795
0.4055422746137192,2935,660,1478,1806,0.6650804441423068,0.26763990267639903,0.8164116828929068,0.6650804441423068,0.7330169830169829
0.4054887702723301,2936,660,1477,1806,0.6653070473600725,0.26763990267639903,0.8164627363737486,0.6653070473600725,0.7331751779248346
0.4053839058774277,2936,661,1477,1805,0.6653070473600725,0.2680454176804542,0.8162357520155685,0.6653070473600725,0.733083645443196
0.40537990360315196,2936,662,1477,1804,0.6653070473600725,0.2684509326845093,0.8160088938299055,0.6653070473600725,0.7329921358132567
0.40537768824121595,2936,663,1477,1803,0.6653070473600725,0.2688564476885645,0.8157821617115866,0.6653070473600725,0.7329006490264603
0.4053288723008094,2936,664,1477,1802,0.6653070473600725,0.26926196269261965,0.8155555555555556,0.6653070473600725,0.7328091850742543
0.40532638992398695,2937,664,1476,1802,0.6655336505778382,0.26926196269261965,0.8156067758955846,0.6655336505778382,0.7329673072123783
0.40531455787043824,2938,664,1475,1802,0.6657602537956039,0.26926196269261965,0.8156579677956691,0.6657602537956039,0.7331253898939489
0.4052982056602338,2938,665,1475,1801,0.6657602537956039,0.26966747769667476,0.8154315847904524,0.6657602537956039,0.7330339321357284
0.40519951861681947,2938,666,1475,1800,0.6657602537956039,0.27007299270072993,0.8152053274139844,0.6657602537956039,0.7329424971934639
0.4051879163862958,2938,667,1475,1799,0.6657602537956039,0.2704785077047851,0.8149791955617198,0.6657602537956039,0.7328510850586181
0.4051532110001488,2939,667,1474,1799,0.6659868570133696,0.2704785077047851,0.815030504714365,0.6659868570133696,0.7330091033794739
0.4051380851663346,2939,668,1474,1798,0.6659868570133696,0.2708840227088402,0.8148045467147214,0.6659868570133696,0.7329177057356608
0.40511256653825645,2940,668,1473,1798,0.6662134602311353,0.2708840227088402,0.8148558758314856,0.6662134602311353,0.7330756763495824
0.40494417698393065,2941,668,1472,1798,0.6664400634489009,0.2708840227088402,0.8149071765031864,0.6664400634489009,0.7332336075791572
0.40489424458549894,2941,669,1472,1797,0.6664400634489009,0.2712895377128954,0.8146814404432133,0.6664400634489009,0.7331422161286303
0.4048649186471389,2942,669,1471,1797,0.6666666666666666,0.2712895377128954,0.814732761008031,0.6666666666666666,0.7333000997008973
0.4047556108807603,2942,670,1471,1796,0.6666666666666666,0.27169505271695055,0.8145071982281284,0.6666666666666666,0.7332087227414331
0.40473544256159943,2942,671,1471,1795,0.6666666666666666,0.27210056772100566,0.8142817603099917,0.6666666666666666,0.7331173685522053
0.4047302768392322,2942,672,1471,1794,0.6666666666666666,0.2725060827250608,0.8140564471499724,0.6666666666666666,0.7330260371247042
0.40443186495613526,2943,672,1470,1794,0.6668932698844323,0.2725060827250608,0.8141078838174274,0.6668932698844323,0.7331838565022422
0.4043605416718013,2943,673,1470,1793,0.6668932698844323,0.272911597729116,0.8138827433628318,0.6668932698844323,0.7330925395441524
0.4043121660374786,2943,674,1470,1792,0.6668932698844323,0.2733171127331711,0.8136577273983965,0.6668932698844323,0.7330012453300123
0.4041940997453115,2944,674,1469,1792,0.667119873102198,0.2733171127331711,0.8137092316196793,0.667119873102198,0.733159008840742
0.4041116357133378,2945,674,1468,1792,0.6673464763199637,0.2733171127331711,0.8137607073777287,0.6673464763199637,0.733316733067729
0.4040790751149008,2945,675,1468,1791,0.6673464763199637,0.2737226277372263,0.81353591160221,0.6673464763199637,0.7332254450392132
0.4040250018023489,2945,676,1468,1790,0.6673464763199637,0.27412814274128144,0.8133112399889534,0.6673464763199637,0.7331341797361215
0.40391920408219284,2945,677,1468,1789,0.6673464763199637,0.27453365774533656,0.8130866924351188,0.6673464763199637,0.7330429371499689
0.40389856197277885,2946,677,1467,1789,0.6675730795377295,0.27453365774533656,0.8131382831907259,0.6675730795377295,0.7332005973120956
0.40385332648288697,2947,677,1466,1789,0.6677996827554952,0.27453365774533656,0.8131898454746137,0.6677996827554952,0.7333582182406371
0.403832013720823,2948,677,1465,1789,0.6680262859732609,0.27453365774533656,0.8132413793103448,0.6680262859732609,0.7335157999502364
0.40380761522237096,2949,677,1464,1789,0.6682528891910265,0.27453365774533656,0.8132928847214561,0.6682528891910265,0.7336733424555293
0.40373205731790957,2949,678,1464,1788,0.6682528891910265,0.2749391727493917,0.8130686517783292,0.6682528891910265,0.7335820895522388
0.4037054272982997,2950,678,1463,1788,0.6684794924087922,0.2749391727493917,0.8131201764057332,0.6684794924087922,0.7337395846287776
0.40359524604414154,2950,679,1463,1787,0.6684794924087922,0.2753446877534469,0.8128961146321301,0.6684794924087922,0.7336483461825416
0.4035540427785551,2950,680,1463,1786,0.6684794924087922,0.275750202757502,0.8126721763085399,0.6684794924087922,0.7335571304239712
0.40355362480330653,2950,681,1463,1785,0.6684794924087922,0.2761557177615572,0.8124483613329662,0.6684794924087922,0.7334659373446046
0.403523856774914,2951,681,1462,1785,0.6687060956265579,0.2761557177615572,0.8125,0.6687060956265579,0.7336233685518955
0.40346493356928503,2951,682,1462,1784,0.6687060956265579,0.27656123276561234,0.8122763556289568,0.6687060956265579,0.7335321899080288
0.40341080821658665,2951,683,1462,1783,0.6687060956265579,0.27696674776966745,0.8120528343423226,0.6687060956265579,0.7334410339256866
0.40335407741371065,2951,684,1462,1782,0.6687060956265579,0.2773722627737226,0.8118294360385144,0.6687060956265579,0.7333499005964216
0.40316548312845724,2951,685,1462,1781,0.6687060956265579,0.2777777777777778,0.8116061606160616,0.6687060956265579,0.7332587899117903
0.4031577011907373,2952,685,1461,1781,0.6689326988443236,0.2777777777777778,0.811657959857025,0.6689326988443236,0.733416149068323
0.4031492272731413,2952,686,1461,1780,0.6689326988443236,0.2781832927818329,0.811434854315558,0.6689326988443236,0.7333250527884735
0.4031340673501741,2953,686,1460,1780,0.6691593020620893,0.2781832927818329,0.8114866721626821,0.6691593020620893,0.7334823646299056
0.40312944318638566,2953,687,1460,1779,0.6691593020620893,0.27858880778588807,0.8112637362637363,0.6691593020620893,0.7333912827517695
0.4030989085788773,2954,687,1459,1779,0.669385905279855,0.27858880778588807,0.8113155726448777,0.669385905279855,0.7335485473056866
0.4029417408322873,2954,688,1459,1778,0.669385905279855,0.27899432278994324,0.8110928061504667,0.669385905279855,0.7334574798261949
0.40291204755607346,2955,688,1458,1778,0.6696125084976207,0.27899432278994324,0.8111446609936865,0.6696125084976207,0.7336146971201588
0.4028582727827904,2955,689,1458,1777,0.6696125084976207,0.27939983779399835,0.8109220636663008,0.6696125084976207,0.7335236440362417
0.4027932402062516,2955,690,1458,1776,0.6696125084976207,0.2798053527980535,0.8106995884773662,0.6696125084976207,0.7334326135517498
0.4027797604663579,2955,691,1458,1775,0.6696125084976207,0.2802108678021087,0.810477235326385,0.6696125084976207,0.7333416056582703
0.40275881303210903,2956,691,1457,1775,0.6698391117153863,0.2802108678021087,0.8105292020839046,0.6698391117153863,0.733498759305211
0.40274927091747353,2957,691,1456,1775,0.670065714933152,0.2802108678021087,0.8105811403508771,0.670065714933152,0.7336558739610471
0.40271307439575404,2957,692,1456,1774,0.670065714933152,0.28061638280616386,0.8103590024664291,0.670065714933152,0.7335648722401389
0.4026554021364247,2958,692,1455,1774,0.6702923181509177,0.28061638280616386,0.8104109589041096,0.6702923181509177,0.7337219397246681
0.40263503961285146,2959,692,1454,1774,0.6705189213686834,0.28061638280616386,0.8104628868803068,0.6705189213686834,0.7338789682539683
0.40253982013816697,2960,692,1453,1774,0.6707455245864491,0.28061638280616386,0.8105147864184009,0.6707455245864491,0.7340359578425294
0.4024372363165634,2961,692,1452,1774,0.6709721278042148,0.28061638280616386,0.8105666575417465,0.6709721278042148,0.7341929085048351
0.4024236671537121,2962,692,1451,1774,0.6711987310219805,0.28061638280616386,0.8106185002736727,0.6711987310219805,0.7343498202553612
0.40239662094961026,2962,693,1451,1773,0.6711987310219805,0.28102189781021897,0.8103967168262654,0.6711987310219805,0.7342588001983142
0.4023126321312348,2962,694,1451,1772,0.6711987310219805,0.28142741281427414,0.8101750547045952,0.6711987310219805,0.7341678027016979
0.4020930377467693,2963,694,1450,1772,0.6714253342397462,0.28142741281427414,0.8102269619907028,0.6714253342397462,0.7343246592317224
0.40201008475495703,2964,694,1449,1772,0.671651937457512,0.28142741281427414,0.8102788408966648,0.671651937457512,0.7344814768925783
0.4019297815480412,2964,695,1449,1771,0.671651937457512,0.2818329278183293,0.8100573927302541,0.671651937457512,0.7343904856293361
0.4019156172404801,2964,696,1449,1770,0.671651937457512,0.2822384428223844,0.8098360655737705,0.671651937457512,0.7342995169082127
0.401894486053928,2965,696,1448,1770,0.6718785406752776,0.2822384428223844,0.8098880087407813,0.6718785406752776,0.7344562794154076
0.4018710932220463,2966,696,1447,1770,0.6721051438930433,0.2822384428223844,0.8099399235390496,0.6721051438930433,0.7346130030959751
0.4018576084061322,2966,697,1447,1769,0.6721051438930433,0.2826439578264396,0.8097188097188097,0.6721051438930433,0.7345220406141656
0.40180533026514853,2967,697,1446,1769,0.672331747110809,0.2826439578264396,0.8097707423580786,0.672331747110809,0.7346787173455492
0.4016962907988827,2967,698,1446,1768,0.672331747110809,0.28304947283049475,0.8095497953615279,0.672331747110809,0.7345877692498143
0.40156152758961816,2968,698,1445,1768,0.6725583503285747,0.28304947283049475,0.8096017457719585,0.6725583503285747,0.7347443990592896
0.4015611463582697,2969,698,1444,1768,0.6727849535463404,0.28304947283049475,0.8096536678483774,0.6727849535463404,0.7349009900990099
0.40150388941101883,2970,698,1443,1768,0.6730115567641061,0.28304947283049475,0.8097055616139586,0.6730115567641061,0.7350575423833684
0.401450564187983,2971,698,1442,1768,0.6732381599818718,0.28304947283049475,0.8097574270918506,0.6732381599818718,0.7352140559267508
0.40139529450063294,2971,699,1442,1767,0.6732381599818718,0.28345498783454987,0.8095367847411444,0.6732381599818718,0.7351230978597054
0.401381913829375,2971,700,1442,1766,0.6732381599818718,0.28386050283860503,0.8093162625987469,0.6732381599818718,0.7350321622958932
0.4013158001695569,2971,701,1442,1765,0.6732381599818718,0.2842660178426602,0.8090958605664488,0.6732381599818718,0.7349412492269635
0.40127324277179705,2971,702,1442,1764,0.6732381599818718,0.2846715328467153,0.8088755785461476,0.6732381599818718,0.7348503586445709
0.4012281013818689,2971,703,1442,1763,0.6732381599818718,0.2850770478507705,0.8086554164398476,0.6732381599818718,0.7347594905403735
0.4011934284592161,2971,704,1442,1762,0.6732381599818718,0.28548256285482565,0.8084353741496598,0.6732381599818718,0.7346686449060336
0.4011451374183879,2971,705,1442,1761,0.6732381599818718,0.28588807785888076,0.808215451577802,0.6732381599818718,0.7345778217332178
0.4011243918538384,2971,706,1442,1760,0.6732381599818718,0.28629359286293593,0.8079956486265978,0.6732381599818718,0.734487021013597
0.40101178150534494,2972,706,1441,1760,0.6734647631996374,0.28629359286293593,0.8080478520935291,0.6734647631996374,0.7346434309726857
0.40096694348679296,2973,706,1440,1760,0.6736913664174031,0.28629359286293593,0.8081000271812993,0.6736913664174031,0.7347998022738507
0.4009647462397398,2974,706,1439,1760,0.6739179696351688,0.28629359286293593,0.8081521739130435,0.6739179696351688,0.7349561349314222
0.40092971089032675,2975,706,1438,1760,0.6741445728529345,0.28629359286293593,0.8082042923118717,0.6741445728529345,0.7351124289597232
0.40089667425112047,2975,707,1438,1759,0.6741445728529345,0.2866991078669911,0.8079847908745247,0.6741445728529345,0.7350216182828906
0.40088150888707574,2975,708,1438,1758,0.6741445728529345,0.2871046228710462,0.8077654086342655,0.6741445728529345,0.7349308300395256
0.4008767503031092,2975,709,1438,1757,0.6741445728529345,0.2875101378751014,0.8075461454940283,0.6741445728529345,0.7348400642213165
0.40075597615536923,2976,709,1437,1757,0.6743711760707002,0.2875101378751014,0.8075983717774763,0.6743711760707002,0.7349962953815757
0.40065954346298144,2977,709,1436,1757,0.6745977792884659,0.2875101378751014,0.8076505697232773,0.6745977792884659,0.7351524879614766
0.40058782121703684,2977,710,1436,1756,0.6745977792884659,0.28791565287915655,0.8074315161377814,0.6745977792884659,0.7350617283950617
0.4005573044589272,2977,711,1436,1755,0.6745977792884659,0.28832116788321166,0.8072125813449024,0.6745977792884659,0.7349709912356499
0.40052425320112695,2977,712,1436,1754,0.6745977792884659,0.28872668288726683,0.8069937652480347,0.6745977792884659,0.7348802764749444
0.40049858483305434,2978,712,1435,1754,0.6748243825062316,0.28872668288726683,0.8070460704607046,0.6748243825062316,0.7350364062692829
0.4004862348082682,2978,713,1435,1753,0.6748243825062316,0.289132197891322,0.8068274180438906,0.6748243825062316,0.7349457058242844
0.4004691336947093,2979,713,1434,1753,0.6750509857239972,0.289132197891322,0.8068797399783315,0.6750509857239972,0.735101789019124
0.4004375992181088,2979,714,1434,1752,0.6750509857239972,0.2895377128953771,0.8066612510154346,0.6750509857239972,0.7350111028867504
0.4003955874477547,2980,714,1433,1752,0.6752775889417629,0.2895377128953771,0.8067135896047645,0.6752775889417629,0.7351671395090662
0.40029632112166064,2981,714,1432,1752,0.6755041921595286,0.2895377128953771,0.8067658998646821,0.6755041921595286,0.7353231376418352
0.4002773945299743,2981,715,1432,1751,0.6755041921595286,0.2899432278994323,0.8065476190476191,0.6755041921595286,0.7352324577629793
0.4001556817253268,2982,715,1431,1751,0.6757307953772943,0.2899432278994323,0.8065999459020827,0.6757307953772943,0.7353884093711466
0.4000697753120735,2983,715,1430,1751,0.6759573985950601,0.2899432278994323,0.806652244456463,0.6759573985950601,0.735544322524966
0.4000644893101512,2984,715,1429,1751,0.6761840018128258,0.2899432278994323,0.8067045147337119,0.6761840018128258,0.7357001972386589
0.40005477279725127,2984,716,1429,1750,0.6761840018128258,0.29034874290348744,0.8064864864864865,0.6761840018128258,0.7356095155922593
0.4000447361608569,2984,717,1429,1749,0.6761840018128258,0.29075425790754256,0.8062685760605242,0.6761840018128258,0.7355188562977569
0.4000349294910276,2985,717,1428,1749,0.6764106050305915,0.29075425790754256,0.8063209076175041,0.6764106050305915,0.7356746765249538
0.40003429810006647,2985,718,1428,1748,0.6764106050305915,0.2911597729115977,0.8061031596003241,0.6764106050305915,0.735584031542632
0.39998357106595855,2986,718,1427,1748,0.6766372082483572,0.2911597729115977,0.8061555075593952,0.6766372082483572,0.7357398053468029
0.3999819440413384,2986,719,1427,1747,0.6766372082483572,0.2915652879156529,0.8059379217273954,0.6766372082483572,0.7356491746735649
0.39994182712682763,2986,720,1427,1746,0.6766372082483572,0.291970802919708,0.8057204533189423,0.6766372082483572,0.7355585663259021
0.39990749290675187,2987,720,1426,1746,0.6768638114661228,0.291970802919708,0.8057728621526841,0.6768638114661228,0.7357142857142858
0.39990733914696663,2988,720,1425,1746,0.6770904146838885,0.291970802919708,0.8058252427184466,0.6770904146838885,0.735869966752863
0.3998902690596559,2988,721,1425,1745,0.6770904146838885,0.2923763179237632,0.8056079805877595,0.6770904146838885,0.7357793646885004
0.39983994980317156,2989,721,1424,1745,0.6773170179016542,0.2923763179237632,0.8056603773584906,0.6773170179016542,0.7359349993844639
0.39982824889692375,2989,722,1424,1744,0.6773170179016542,0.29278183292781834,0.8054432767448128,0.6773170179016542,0.7358444116198916
0.399825830599201,2990,722,1423,1744,0.6775436211194199,0.29278183292781834,0.8054956896551724,0.6775436211194199,0.736
0.39980896804686544,2991,722,1422,1744,0.6777702243371856,0.29278183292781834,0.8055480743334231,0.6777702243371856,0.7361555500861432
0.3997768000680915,2992,722,1421,1744,0.6779968275549513,0.29278183292781834,0.8056004308023694,0.6779968275549513,0.7363110618924572
0.3997611940627164,2992,723,1421,1743,0.6779968275549513,0.29318734793187345,0.8053835800807537,0.6779968275549513,0.7362204724409448
0.3997242978198148,2993,723,1420,1743,0.678223430772717,0.29318734793187345,0.8054359526372443,0.678223430772717,0.7363759379997539
0.39971894705079264,2994,723,1419,1743,0.6784500339904826,0.29318734793187345,0.8054882970137207,0.6784500339904826,0.736531365313653
0.399628698443067,2994,724,1419,1742,0.6784500339904826,0.2935928629359286,0.8052716514254976,0.6784500339904826,0.7364407821916124
0.39956167649286445,2995,724,1418,1742,0.6786766372082483,0.2935928629359286,0.8053240118311374,0.6786766372082483,0.7365961633054599
0.39955360513083027,2996,724,1417,1742,0.678903240426014,0.2935928629359286,0.8053763440860215,0.678903240426014,0.7367515062092709
0.39936143006476915,2997,724,1416,1742,0.6791298436437797,0.2935928629359286,0.805428648212846,0.6791298436437797,0.7369068109171378
0.3993266719959173,2997,725,1416,1741,0.6791298436437797,0.2939983779399838,0.8052122514777001,0.6791298436437797,0.7368162261831592
0.39932629746332826,2998,725,1415,1741,0.6793564468615454,0.2939983779399838,0.8052645715820574,0.6793564468615454,0.7369714847590954
0.3993120584427737,2998,726,1415,1740,0.6793564468615454,0.2944038929440389,0.8050483351235231,0.6793564468615454,0.7368809143418951
0.3993114171757386,2998,727,1415,1739,0.6793564468615454,0.29480940794809407,0.8048322147651007,0.6793564468615454,0.7367903661833375
0.3993037963014268,2999,727,1414,1739,0.6795830500793111,0.29480940794809407,0.8048845947396672,0.6795830500793111,0.7369455707089324
0.3992937137435722,2999,728,1414,1738,0.6795830500793111,0.29521492295214924,0.8046686342903139,0.6795830500793111,0.7368550368550368
0.39929051639443264,3001,728,1412,1738,0.6800362565148426,0.29521492295214924,0.8047733976937517,0.6800362565148426,0.7371653156472612
0.3992777677919074,3001,729,1412,1737,0.6800362565148426,0.2956204379562044,0.8045576407506703,0.6800362565148426,0.7370747881616113
0.3992049186994847,3002,729,1411,1737,0.6802628597326082,0.2956204379562044,0.8046100241222193,0.6802628597326082,0.7372298624754421
0.3992028104784558,3002,730,1411,1736,0.6802628597326082,0.2960259529602595,0.8043944265809218,0.6802628597326082,0.7371393492940453
0.39919247015421394,3002,731,1411,1735,0.6802628597326082,0.2964314679643147,0.8041789445486204,0.6802628597326082,0.7370488583353793
0.39904069027584266,3003,731,1410,1735,0.6804894629503739,0.2964314679643147,0.8042313872522764,0.6804894629503739,0.7372038787283662
0.39899565438847323,3004,731,1409,1735,0.6807160661681396,0.2964314679643147,0.8042838018741634,0.6807160661681396,0.7373588610702013
0.39895883382305747,3005,731,1408,1735,0.6809426693859053,0.2964314679643147,0.8043361884368309,0.6809426693859053,0.7375138053748926
0.3988790384896477,3005,732,1408,1734,0.6809426693859053,0.29683698296836986,0.8041209526358041,0.6809426693859053,0.7374233128834355
0.3988785906660661,3006,732,1407,1734,0.681169272603671,0.29683698296836986,0.8041733547351525,0.681169272603671,0.7375782112624218
0.39884160883186087,3006,733,1407,1733,0.681169272603671,0.29724249797242497,0.8039582776143354,0.681169272603671,0.7374877330716388
0.3985434841482823,3007,733,1406,1733,0.6813958758214367,0.29724249797242497,0.8040106951871657,0.6813958758214367,0.7376425855513309
0.3985388147447138,3007,734,1406,1732,0.6813958758214367,0.29764801297648014,0.8037957765303395,0.6813958758214367,0.737552121658082
0.3983737343483128,3007,735,1406,1731,0.6813958758214367,0.2980535279805353,0.8035809727418493,0.6813958758214367,0.7374616799509502
0.3983632573132824,3008,735,1405,1731,0.6816224790392024,0.2980535279805353,0.803633449104996,0.6816224790392024,0.7376164786660129
0.39829379209343985,3008,736,1405,1730,0.6816224790392024,0.2984590429845904,0.8034188034188035,0.6816224790392024,0.7375260512443301
0.3982265189206152,3009,736,1404,1730,0.681849082256968,0.2984590429845904,0.8034712950600801,0.681849082256968,0.7376808041186566
0.398205665020942,3009,737,1404,1729,0.681849082256968,0.2988645579886456,0.8032568072610785,0.681849082256968,0.7375903909792866
0.39819953197143515,3009,738,1404,1728,0.681849082256968,0.29927007299270075,0.8030424339471577,0.681849082256968,0.7374999999999999
0.39812836120495926,3009,739,1404,1727,0.681849082256968,0.29967558799675587,0.8028281750266809,0.681849082256968,0.7374096311726503
0.39811458187700743,3010,739,1403,1727,0.6820756854747337,0.29967558799675587,0.8028807682048547,0.6820756854747337,0.7375643224699828
0.3980914245655364,3010,740,1403,1726,0.6820756854747337,0.30008110300081103,0.8026666666666666,0.6820756854747337,0.7374739679039569
0.39807884694752876,3011,740,1402,1726,0.6823022886924994,0.30008110300081103,0.8027192748600374,0.6823022886924994,0.7376286134247917
0.3980243236374162,3012,740,1401,1726,0.6825288919102651,0.30008110300081103,0.802771855010661,0.6825288919102651,0.7377832210655236
0.3979974668784047,3013,740,1400,1726,0.6827554951280308,0.30008110300081103,0.8028244071409539,0.6827554951280308,0.7379377908400685
0.39798384116499264,3014,740,1399,1726,0.6829820983457965,0.30008110300081103,0.8028769312733085,0.6829820983457965,0.7380923227623362
0.39784752836632375,3014,741,1399,1725,0.6829820983457965,0.3004866180048662,0.8026631158455393,0.6829820983457965,0.7380019588638591
0.39775653230414043,3014,742,1399,1724,0.6829820983457965,0.3008921330089213,0.8024494142705005,0.6829820983457965,0.737911617088995
0.39761939637555305,3015,742,1398,1724,0.6832087015635622,0.3008921330089213,0.8025019962736226,0.6832087015635622,0.7380660954712362
0.3976178094563654,3016,742,1397,1724,0.6834353047813279,0.3008921330089213,0.8025545502927088,0.6834353047813279,0.7382205360421
0.39748090080740445,3016,743,1397,1723,0.6834353047813279,0.3012976480129765,0.802341048151104,0.6834353047813279,0.7381302006852668
0.3973937739033766,3017,743,1396,1723,0.6836619079990935,0.3012976480129765,0.8023936170212767,0.6836619079990935,0.7382845956197235
0.39730338299266793,3017,744,1396,1722,0.6836619079990935,0.30170316301703165,0.8021802712044669,0.6836619079990935,0.7381942745289944
0.39729656507921396,3018,744,1395,1722,0.6838885112168592,0.30170316301703165,0.8022328548644339,0.6838885112168592,0.738348623853211
0.39729607084190804,3019,744,1394,1722,0.684115114434625,0.30170316301703165,0.8022854105766676,0.684115114434625,0.7385029354207436
0.39726539039292313,3019,745,1394,1721,0.684115114434625,0.30210867802108676,0.8020722635494155,0.684115114434625,0.7384126207655619
0.39724380242782814,3019,746,1394,1720,0.684115114434625,0.30251419302514193,0.801859229747676,0.684115114434625,0.7383223281976034
0.39722766065824905,3019,747,1394,1719,0.684115114434625,0.3029197080291971,0.8016463090812533,0.684115114434625,0.7382320577087664
0.39720505993094996,3020,747,1393,1719,0.6843417176523907,0.3029197080291971,0.80169896469339,0.6843417176523907,0.7383863080684596
0.3971468831892191,3021,747,1392,1719,0.6845683208701564,0.3029197080291971,0.8017515923566879,0.6845683208701564,0.7385405207187385
0.3971408909751083,3021,748,1392,1718,0.6845683208701564,0.3033252230332522,0.801538869726718,0.6845683208701564,0.7384502566609631
0.39710745620861326,3021,749,1392,1717,0.6845683208701564,0.3037307380373074,0.8013262599469496,0.6845683208701564,0.7383600146645485
0.3970823699277242,3021,750,1392,1716,0.6845683208701564,0.30413625304136255,0.8011137629276054,0.6845683208701564,0.7382697947214076
0.3970647097658777,3022,750,1391,1716,0.6847949240879221,0.30413625304136255,0.8011664899257688,0.6847949240879221,0.7384239462431277
0.39701162907890714,3022,751,1391,1715,0.6847949240879221,0.30454176804541766,0.8009541478929234,0.6847949240879221,0.7383337405326167
0.39693872563768573,3023,751,1390,1715,0.6850215273056878,0.30454176804541766,0.8010068892421833,0.6850215273056878,0.7384878465860512
0.3968533293326507,3024,751,1389,1715,0.6852481305234535,0.30454176804541766,0.8010596026490067,0.6852481305234535,0.7386419149975575
0.39669096567813994,3024,752,1389,1714,0.6852481305234535,0.30494728304947283,0.8008474576271186,0.6852481305234535,0.7385517157162047
0.3966426294473557,3024,753,1389,1713,0.6852481305234535,0.305352798053528,0.8006354249404289,0.6852481305234535,0.7384615384615385
0.39654246593763015,3024,754,1389,1712,0.6852481305234535,0.3057583130575831,0.8004235044997353,0.6852481305234535,0.7383713832254915
0.3965381210954422,3025,754,1388,1712,0.6854747337412191,0.3057583130575831,0.8004763164858428,0.6854747337412191,0.7385253906249999
0.3964845953237396,3025,755,1388,1711,0.6854747337412191,0.3061638280616383,0.8002645502645502,0.6854747337412191,0.73843524960332
0.396457436466177,3025,756,1388,1710,0.6854747337412191,0.30656934306569344,0.8000528960592436,0.6854747337412191,0.7383451305833537
0.3964287831082626,3026,756,1387,1710,0.6857013369589848,0.30656934306569344,0.8001057641459545,0.6857013369589848,0.7384990848078096
0.39642812794633714,3027,756,1386,1710,0.6859279401767505,0.30656934306569344,0.8001586042823157,0.6859279401767505,0.7386530014641289
0.39641765253529765,3027,757,1386,1709,0.6859279401767505,0.30697485806974856,0.7999471458773785,0.6859279401767505,0.7385628888617788
0.39640973879858876,3028,757,1385,1709,0.6861545433945162,0.30697485806974856,0.8,0.6861545433945162,0.7387167601854111
0.3963278015886784,3029,757,1384,1709,0.6863811466122819,0.30697485806974856,0.8000528262017961,0.6863811466122819,0.7388705939748749
0.3962822416145791,3029,758,1384,1708,0.6863811466122819,0.3073803730738037,0.7998415632426723,0.6863811466122819,0.7387804878048781
0.39623583867736456,3029,759,1384,1707,0.6863811466122819,0.3077858880778589,0.7996304118268216,0.6863811466122819,0.7386904036093159
0.3959888530793371,3030,759,1383,1707,0.6866077498300476,0.3077858880778589,0.7996832937450514,0.6866077498300476,0.7388441843452817
0.3959860900222407,3030,760,1383,1706,0.6866077498300476,0.308191403081914,0.7994722955145118,0.6866077498300476,0.738754114348409
0.3959747536977492,3030,761,1383,1705,0.6866077498300476,0.3085969180859692,0.7992614085993142,0.6866077498300476,0.7386640663091175
0.39589530391067884,3030,762,1383,1704,0.6866077498300476,0.30900243309002434,0.7990506329113924,0.6866077498300476,0.7385740402193784
0.39587833653443205,3031,762,1382,1704,0.6868343530478133,0.30900243309002434,0.7991036119166887,0.6868343530478133,0.7387277601754814
0.3957846703276695,3031,763,1382,1703,0.6868343530478133,0.30940794809407945,0.7988929889298892,0.6868343530478133,0.7386377482636773
0.39577511021266126,3031,764,1382,1702,0.6868343530478133,0.3098134630981346,0.7986824769433465,0.6868343530478133,0.7385477582846003
0.3956103898036629,3031,765,1382,1701,0.6868343530478133,0.3102189781021898,0.7984720758693361,0.6868343530478133,0.7384577902302352
0.39559936255933587,3032,765,1381,1701,0.687060956265579,0.3102189781021898,0.7985251514353436,0.687060956265579,0.738611449451888
0.3955588960545103,3032,766,1381,1700,0.687060956265579,0.31062449310624496,0.7983149025803055,0.687060956265579,0.7385214955547436
0.3955482024767758,3033,766,1380,1700,0.6872875594833446,0.31062449310624496,0.7983679915767308,0.6872875594833446,0.7386751095957136
0.39548483763827685,3034,766,1379,1700,0.6875141627011103,0.31062449310624496,0.7984210526315789,0.6875141627011103,0.7388286862291489
0.39543131815183596,3034,767,1379,1699,0.6875141627011103,0.31103000811030007,0.7982109971060247,0.6875141627011103,0.7387387387387387
0.39541636349175563,3034,768,1379,1698,0.6875141627011103,0.31143552311435524,0.7980010520778538,0.6875141627011103,0.7386488131466828
0.3953921326197876,3034,769,1379,1697,0.6875141627011103,0.3118410381184104,0.7977912174599001,0.6875141627011103,0.7385589094449854
0.39538050187826174,3035,769,1378,1697,0.687740765918876,0.3118410381184104,0.7978443743427971,0.687740765918876,0.7387124254594134
0.39532446382717107,3036,769,1377,1697,0.6879673691366417,0.3118410381184104,0.7978975032851511,0.6879673691366417,0.7388659041129227
0.3952916462423742,3036,770,1377,1696,0.6879673691366417,0.3122465531224655,0.7976878612716763,0.6879673691366417,0.7387760068134809
0.3952640934125392,3037,770,1376,1696,0.6881939723544074,0.3122465531224655,0.7977410034147623,0.6881939723544074,0.7389294403892943
0.3952344678127549,3038,770,1375,1696,0.6884205755721732,0.3122465531224655,0.7977941176470589,0.6884205755721732,0.7390828366378787
0.39520210294154884,3038,771,1375,1695,0.6884205755721732,0.3126520681265207,0.7975846678918351,0.6884205755721732,0.7389929457552906
0.3951186432804142,3039,771,1374,1695,0.6886471787899389,0.3126520681265207,0.7976377952755905,0.6886471787899389,0.7391462969719079
0.39503151440495304,3039,772,1374,1694,0.6886471787899389,0.31305758313057586,0.7974284964576227,0.6886471787899389,0.7390564202334632
0.3949957294978932,3039,773,1374,1693,0.6886471787899389,0.31346309813463097,0.7972193074501573,0.6886471787899389,0.7389665653495441
0.39498146131896594,3039,774,1374,1692,0.6886471787899389,0.31386861313868614,0.7970102281667978,0.6886471787899389,0.738876732312181
0.39495486062362894,3040,774,1373,1692,0.6888737820077045,0.31386861313868614,0.7970634504457262,0.6888737820077045,0.7390300230946882
0.394902473875634,3040,775,1373,1691,0.6888737820077045,0.3142741281427413,0.7968545216251638,0.6888737820077045,0.7389402041808458
0.39474004704163784,3040,776,1373,1690,0.6888737820077045,0.3146796431467964,0.7966457023060797,0.6888737820077045,0.7388504070968527
0.39473847084677194,3040,777,1373,1689,0.6888737820077045,0.3150851581508516,0.7964369924024103,0.6888737820077045,0.738760631834751
0.3947341051101212,3040,778,1373,1688,0.6888737820077045,0.31549067315490675,0.7962283918281823,0.6888737820077045,0.7386708783865872
0.39446097307169675,3040,779,1373,1687,0.6888737820077045,0.31589618815896187,0.7960199004975125,0.6888737820077045,0.7385811467444121
0.39435358808235615,3040,780,1373,1686,0.6888737820077045,0.31630170316301703,0.7958115183246073,0.6888737820077045,0.7384914369002795
0.39433297756206903,3042,780,1371,1686,0.6893269884432359,0.31630170316301703,0.7959183673469388,0.6893269884432359,0.7387978142076503
0.39432506245242654,3042,781,1371,1685,0.6893269884432359,0.3167072181670722,0.7957101752550353,0.6893269884432359,0.7387081107333658
0.39417707586254586,3043,781,1370,1685,0.6895535916610016,0.3167072181670722,0.7957635983263598,0.6895535916610016,0.7388612358868519
0.39415650496468985,3043,782,1370,1684,0.6895535916610016,0.3171127331711273,0.7955555555555556,0.6895535916610016,0.738771546491867
0.39413884720695486,3044,782,1369,1684,0.6897801948787673,0.3171127331711273,0.7956089911134344,0.6897801948787673,0.7389246267750941
0.3941029961897113,3045,782,1368,1684,0.690006798096533,0.3171127331711273,0.7956623987457538,0.690006798096533,0.7390776699029126
0.3940628547623689,3045,783,1368,1683,0.690006798096533,0.3175182481751825,0.7954545454545454,0.690006798096533,0.7389879868947943
0.39394301369650014,3046,783,1367,1683,0.6902334013142987,0.3175182481751825,0.795507965526247,0.6902334013142987,0.7391409851977676
0.39393744400857117,3047,783,1366,1683,0.6904600045320644,0.3175182481751825,0.7955613577023498,0.6904600045320644,0.7392939463787457
0.39389265055860506,3047,784,1366,1682,0.6904600045320644,0.31792376317923765,0.7953536935525972,0.6904600045320644,0.7392042697719554
0.3938064490330899,3048,784,1365,1682,0.69068660774983,0.31792376317923765,0.7954070981210856,0.69068660774983,0.7393571861734385
0.39380492801232797,3049,784,1364,1682,0.6909132109675957,0.31792376317923765,0.7954604748238977,0.6909132109675957,0.7395100654862964
0.393795227527059,3050,784,1363,1682,0.6911398141853614,0.31792376317923765,0.7955138236828377,0.6911398141853614,0.7396629077240209
0.3937744730001233,3051,784,1362,1682,0.6913664174031271,0.31792376317923765,0.7955671447196871,0.6913664174031271,0.7398157129000971
0.3937569257867799,3051,785,1362,1681,0.6913664174031271,0.31832927818329276,0.7953597497393118,0.6913664174031271,0.7397260273972602
0.39366868228547097,3051,786,1362,1680,0.6913664174031271,0.31873479318734793,0.7951524628616107,0.6913664174031271,0.7396363636363635
0.3936210504998355,3052,786,1361,1680,0.6915930206208928,0.31873479318734793,0.795205836373111,0.6915930206208928,0.7397891164707309
0.39350484235024275,3053,786,1360,1680,0.6918196238386585,0.31873479318734793,0.7952591820786663,0.6918196238386585,0.7399418322830829
0.3934648155710922,3054,786,1359,1680,0.6920462270564242,0.31873479318734793,0.7953125,0.6920462270564242,0.7400945110868774
0.39344881072131993,3054,787,1359,1679,0.6920462270564242,0.3191403081914031,0.7951054412913304,0.6920462270564242,0.7400048461352072
0.39341106240059315,3054,788,1359,1678,0.6920462270564242,0.3195458231954582,0.7948984903695991,0.6920462270564242,0.7399152029073289
0.3933966014613247,3054,789,1359,1677,0.6920462270564242,0.3199513381995134,0.7946916471506635,0.6920462270564242,0.7398255813953487
0.3932415417744378,3055,789,1358,1677,0.6922728302741898,0.3199513381995134,0.7947450572320499,0.6922728302741898,0.7399782003148841
0.3931869198829871,3056,789,1357,1677,0.6924994334919556,0.3199513381995134,0.7947984395318596,0.6924994334919556,0.7401307822717365
0.39309999632805415,3057,789,1356,1677,0.6927260367097213,0.3199513381995134,0.7948517940717629,0.6927260367097213,0.7402833272793315
0.39304238570442274,3057,790,1356,1676,0.6927260367097213,0.32035685320356855,0.7946451780608266,0.6927260367097213,0.7401937046004842
0.393025763382101,3057,791,1356,1675,0.6927260367097213,0.32076236820762366,0.7944386694386695,0.6927260367097213,0.7401041036194166
0.3930212947682357,3057,792,1356,1674,0.6927260367097213,0.32116788321167883,0.79423226812159,0.6927260367097213,0.7400145243282498
0.3929613037154766,3058,792,1355,1674,0.692952639927487,0.32116788321167883,0.7942857142857143,0.692952639927487,0.7401670095606923
0.3929557053120017,3058,793,1355,1673,0.692952639927487,0.321573398215734,0.7940794598805505,0.692952639927487,0.7400774443368829
0.3927983787322682,3058,794,1355,1672,0.692952639927487,0.3219789132197891,0.7938733125649013,0.692952639927487,0.7399879007864488
0.3927636816081035,3058,795,1355,1671,0.692952639927487,0.3223844282238443,0.7936672722553854,0.692952639927487,0.7398983789015242
0.3926105895229667,3059,795,1354,1671,0.6931792431452527,0.3223844282238443,0.793720809548521,0.6931792431452527,0.7400508044030484
0.39257542381280014,3059,796,1354,1670,0.6931792431452527,0.32278994322789945,0.793514915693904,0.6931792431452527,0.73996129656507
0.3925593359281582,3060,796,1353,1670,0.6934058463630184,0.32278994322789945,0.7935684647302904,0.6934058463630184,0.7401136775910024
0.39243843641298654,3061,796,1352,1670,0.6936324495807841,0.32278994322789945,0.7936219859994814,0.6936324495807841,0.7402660217654171
0.39243608245921585,3061,797,1352,1669,0.6936324495807841,0.32319545823195456,0.7934162778641783,0.6936324495807841,0.7401765203723855
0.39239356223547917,3061,798,1352,1668,0.6936324495807841,0.3236009732360097,0.7932106763410209,0.6936324495807841,0.7400870406189555
0.3923827672957206,3062,798,1351,1668,0.6938590527985498,0.3236009732360097,0.7932642487046632,0.6938590527985498,0.7402393327692494
0.39230745892845215,3063,798,1350,1668,0.6940856560163154,0.3236009732360097,0.7933177933177933,0.6940856560163154,0.7403915881073241
0.39228063015958803,3063,799,1350,1667,0.6940856560163154,0.3240064882400649,0.7931123770067323,0.6940856560163154,0.7403021148036255
0.3921876860732615,3063,800,1350,1666,0.6940856560163154,0.32441200324412,0.7929070670463371,0.6940856560163154,0.7402126631222813
0.3921868361229322,3064,800,1349,1666,0.6943122592340811,0.32441200324412,0.7929606625258799,0.6943122592340811,0.7403648664975232
0.39216790636258314,3064,801,1349,1665,0.6943122592340811,0.3248175182481752,0.7927554980595084,0.6943122592340811,0.7402754288475477
0.3921577452297703,3064,802,1349,1664,0.6943122592340811,0.32522303325223034,0.7925504397309882,0.6943122592340811,0.7401860128034786
0.39212661370925056,3064,803,1349,1663,0.6943122592340811,0.32562854825628545,0.7923454874579777,0.6943122592340811,0.7400966183574879
0.39212070007005284,3064,804,1349,1662,0.6943122592340811,0.3260340632603406,0.7921406411582212,0.6943122592340811,0.740007245501751
0.3920910055525385,3064,805,1349,1661,0.6943122592340811,0.3264395782643958,0.7919359007495477,0.6943122592340811,0.7399178942284472
0.3920873591184859,3064,806,1349,1660,0.6943122592340811,0.32684509326845096,0.7917312661498708,0.6943122592340811,0.7398285645297598
0.39187269779286965,3065,806,1348,1660,0.6945388624518468,0.32684509326845096,0.7917850684577629,0.6945388624518468,0.7399806856591019
0.39170519752242505,3065,807,1348,1659,0.6945388624518468,0.32725060827250607,0.7915805785123967,0.6945388624518468,0.7398913699456849
0.39169873634954283,3065,808,1348,1658,0.6945388624518468,0.32765612327656124,0.7913761941647302,0.6945388624518468,0.7398020757904898
0.3916410669855999,3066,808,1347,1658,0.6947654656696125,0.32765612327656124,0.7914300464636035,0.6947654656696125,0.7399541450464584
0.3916192466045461,3067,808,1346,1658,0.6949920688873782,0.32765612327656124,0.791483870967742,0.6949920688873782,0.7401061776061777
0.3915663607539568,3068,808,1345,1658,0.6952186721051439,0.32765612327656124,0.7915376676986584,0.6952186721051439,0.7402581734829292
0.3915593488511143,3069,808,1344,1658,0.6954452753229096,0.32765612327656124,0.7915914366778437,0.6954452753229096,0.7404101326899879
0.39152210457586206,3069,809,1344,1657,0.6954452753229096,0.3280616382806164,0.7913873130479628,0.6954452753229096,0.7403208298154625
0.39151985941318473,3069,810,1344,1656,0.6954452753229096,0.3284671532846715,0.7911832946635731,0.6954452753229096,0.7402315484804631
0.3914706522214602,3069,811,1344,1655,0.6954452753229096,0.3288726682887267,0.7909793814432989,0.6954452753229096,0.7401422886771976
0.3914573490343719,3070,811,1343,1655,0.6956718785406752,0.3288726682887267,0.791033238855965,0.6956718785406752,0.7402941885700507
0.39145375791339526,3070,812,1343,1654,0.6956718785406752,0.32927818329278186,0.7908294693456981,0.6956718785406752,0.7402049427365883
0.391379150093904,3071,812,1342,1654,0.6958984817584409,0.32927818329278186,0.7908833376255473,0.6958984817584409,0.7403567984570877
0.39136941996413876,3072,812,1341,1654,0.6961250849762066,0.32927818329278186,0.7909371781668383,0.6961250849762066,0.7405086175726164
0.39136077210184445,3072,813,1341,1653,0.6961250849762066,0.32968369829683697,0.7907335907335907,0.6961250849762066,0.7404193781634129
0.39131140702917877,3073,813,1340,1653,0.6963516881939723,0.32968369829683697,0.7907874420998456,0.6963516881939723,0.740571153150982
0.3912446553057914,3073,814,1340,1652,0.6963516881939723,0.33008921330089214,0.7905839979418575,0.6963516881939723,0.7404819277108434
0.39108085187167196,3073,815,1340,1651,0.6963516881939723,0.3304947283049473,0.790380658436214,0.6963516881939723,0.7403927237682207
0.39102072730127,3074,815,1339,1651,0.696578291411738,0.3304947283049473,0.7904345590125996,0.696578291411738,0.7405444471211756
0.3910189434878804,3074,816,1339,1650,0.696578291411738,0.3309002433090024,0.7902313624678663,0.696578291411738,0.7404552571359748
0.3910172050917331,3075,816,1338,1650,0.6968048946295038,0.3309002433090024,0.7902852737085582,0.6968048946295038,0.740606936416185
0.3910126597971627,3075,817,1338,1649,0.6968048946295038,0.3313057583130576,0.790082219938335,0.6968048946295038,0.7405177603853101
0.39099740697490337,3075,818,1338,1648,0.6968048946295038,0.33171127331711275,0.7898792704854868,0.6968048946295038,0.740428605827113
0.39097678311270523,3075,819,1338,1647,0.6968048946295038,0.33211678832116787,0.7896764252696457,0.6968048946295038,0.740339472733839
0.39094515200306257,3076,819,1337,1647,0.6970314978472695,0.33211678832116787,0.7897304236200257,0.6970314978472695,0.7404910929224844
0.39093793531014537,3077,819,1336,1647,0.6972581010650352,0.33211678832116787,0.7897843942505134,0.6972581010650352,0.7406426766157179
0.3908881858672218,3077,820,1336,1646,0.6972581010650352,0.33252230332522303,0.7895817295355402,0.6972581010650352,0.7405535499398316
0.3908206628594503,3077,821,1336,1645,0.6972581010650352,0.3329278183292782,0.7893791688045151,0.6972581010650352,0.7404644447118277
0.39082060281923814,3077,822,1336,1644,0.6972581010650352,0.3333333333333333,0.7891767119774301,0.6972581010650352,0.7403753609239653
0.39070984085342436,3077,823,1336,1643,0.6972581010650352,0.3337388483373885,0.788974358974359,0.6972581010650352,0.7402862985685071
0.39069647068345587,3077,824,1336,1642,0.6972581010650352,0.33414436334144365,0.7887721097154575,0.6972581010650352,0.7401972576377195
0.39069201852553587,3078,824,1335,1642,0.6974847042828008,0.33414436334144365,0.7888262429523322,0.6974847042828008,0.7403487672880337
0.3906817170081354,3078,825,1335,1641,0.6974847042828008,0.33454987834549876,0.7886241352805534,0.6974847042828008,0.7402597402597404
0.39067299375319164,3079,825,1334,1641,0.6977113075005665,0.33454987834549876,0.7886782786885246,0.6977113075005665,0.7404112059636889
0.39061813420248004,3079,826,1334,1640,0.6977113075005665,0.33495539334955393,0.7884763124199744,0.6977113075005665,0.7403221928348162
0.3905883976711563,3080,826,1333,1640,0.6979379107183322,0.33495539334955393,0.7885304659498208,0.6979379107183322,0.7404736146171416
0.3905237744996788,3081,826,1332,1640,0.6981645139360979,0.33495539334955393,0.7885845917583824,0.6981645139360979,0.7406249999999999
0.3905024169744522,3081,827,1332,1639,0.6981645139360979,0.3353609083536091,0.7883828045035824,0.6981645139360979,0.7405359932700397
0.39049980910550286,3081,828,1332,1638,0.6981645139360979,0.3357664233576642,0.7881811204911742,0.6981645139360979,0.7404470079307859
0.3904444219284953,3081,829,1332,1637,0.6981645139360979,0.3361719383617194,0.7879795396419438,0.6981645139360979,0.7403580439745284
0.3904322650548046,3082,829,1331,1637,0.6983911171538636,0.3361719383617194,0.7880337509588341,0.6983911171538636,0.7405093704949545
0.39040924488757317,3082,830,1331,1636,0.6983911171538636,0.33657745336577455,0.7878323108384458,0.6983911171538636,0.7404204204204203
0.3903642257495924,3083,830,1330,1636,0.6986177203716293,0.33657745336577455,0.7878865320725786,0.6986177203716293,0.740571703098727
0.39032859602944975,3084,830,1329,1636,0.698844323589395,0.33657745336577455,0.7879407256004088,0.698844323589395,0.7407229494415756
0.39027766965465877,3084,831,1329,1635,0.698844323589395,0.33698296836982966,0.7877394636015326,0.698844323589395,0.7406340057636888
0.390274572002602,3084,832,1329,1634,0.698844323589395,0.33738848337388483,0.7875383043922369,0.698844323589395,0.7405450834433905
0.3902742118082476,3085,832,1328,1634,0.6990709268071607,0.33738848337388483,0.7875925453152923,0.6990709268071607,0.7406962785114045
0.3902594260136823,3086,832,1327,1634,0.6992975300249263,0.33738848337388483,0.7876467585502808,0.6992975300249263,0.7408474372824392
0.390191539033214,3086,833,1327,1633,0.6992975300249263,0.33779399837794,0.7874457769839245,0.6992975300249263,0.740758521363418
0.3901656862147031,3087,833,1326,1633,0.699524133242692,0.33779399837794,0.7875,0.699524133242692,0.7409096363854555
0.3901091486667944,3087,834,1326,1632,0.699524133242692,0.3381995133819951,0.7872991583779648,0.699524133242692,0.7408207343412528
0.3900444561298719,3087,835,1326,1631,0.699524133242692,0.3386050283860503,0.7870984191738909,0.699524133242692,0.7407318536292742
0.390037309854043,3087,836,1326,1630,0.699524133242692,0.33901054339010545,0.7868977823094571,0.699524133242692,0.7406429942418425
0.39001314144453586,3088,836,1325,1630,0.6997507364604577,0.33901054339010545,0.7869520897043832,0.6997507364604577,0.7407940506177282
0.3899499942108864,3089,836,1324,1630,0.6999773396782234,0.33901054339010545,0.7870063694267516,0.6999773396782234,0.7409450707603741
0.3898956446118798,3090,836,1323,1630,0.7002039428959891,0.33901054339010545,0.7870606214977076,0.7002039428959891,0.7410960546828156
0.38987855615186584,3091,836,1322,1630,0.7004305461137548,0.33901054339010545,0.7871148459383753,0.7004305461137548,0.7412470023980815
0.3898496237523358,3091,837,1322,1629,0.7004305461137548,0.33941605839416056,0.7869144602851323,0.7004305461137548,0.741158134516245
0.3898447387215356,3092,837,1321,1629,0.7006571493315205,0.33941605839416056,0.7869686943242555,0.7006571493315205,0.7413090385998562
0.389805365519652,3093,837,1320,1629,0.7008837525492863,0.33941605839416056,0.7870229007633588,0.7008837525492863,0.7414599065084502
0.38976309398778125,3093,838,1320,1628,0.7008837525492863,0.3398215733982157,0.7868226914271178,0.7008837525492863,0.7413710450623203
0.3897520616464685,3093,839,1320,1627,0.7008837525492863,0.3402270884022709,0.7866225839267549,0.7008837525492863,0.7412822049131218
0.38973588995125413,3094,839,1319,1627,0.7011103557670519,0.3402270884022709,0.7866768370200864,0.7011103557670519,0.7414330218068537
0.38970113216933766,3095,839,1318,1627,0.7013369589848176,0.3402270884022709,0.7867310625317743,0.7013369589848176,0.7415838025637955
0.3896977402871805,3095,840,1318,1626,0.7013369589848176,0.340632603406326,0.7865311308767471,0.7013369589848176,0.7414949688548156
0.3896889487833613,3095,841,1318,1625,0.7013369589848176,0.3410381184103812,0.7863313008130082,0.7013369589848176,0.7414061564259194
0.38963017701337543,3096,841,1317,1625,0.7015635622025833,0.3410381184103812,0.7863855727711455,0.7015635622025833,0.741556886227545
0.389540126891719,3096,842,1317,1624,0.7015635622025833,0.34144363341443634,0.7861858811579482,0.7015635622025833,0.7414680876541732
0.38947434252465507,3097,842,1316,1624,0.701790165420349,0.34144363341443634,0.7862401624777863,0.701790165420349,0.7416187739463602
0.3894422394270266,3098,842,1315,1624,0.7020167686381147,0.34144363341443634,0.7862944162436548,0.7020167686381147,0.7417694241589848
0.3894396076053178,3099,842,1314,1624,0.7022433718558804,0.34144363341443634,0.7863486424765288,0.7022433718558804,0.7419200383050036
0.3894370706413117,3100,842,1313,1624,0.7024699750736461,0.34144363341443634,0.7864028411973617,0.7024699750736461,0.7420706163973667
0.38934138501319693,3100,843,1313,1623,0.7024699750736461,0.3418491484184915,0.7862033984275932,0.7024699750736461,0.7419818094782192
0.3893355263540352,3100,844,1313,1622,0.7024699750736461,0.3422546634225466,0.7860040567951319,0.7024699750736461,0.7418930238123729
0.3893241896809255,3100,845,1313,1621,0.7024699750736461,0.3426601784266018,0.7858048162230672,0.7024699750736461,0.7418042593921992
0.3892725968693478,3100,846,1313,1620,0.7024699750736461,0.34306569343065696,0.7856056766345666,0.7024699750736461,0.7417155162100729
0.38924596755472773,3101,846,1312,1620,0.7026965782914117,0.34306569343065696,0.7856599949328604,0.7026965782914117,0.7418660287081341
0.3891572845422527,3101,847,1312,1619,0.7026965782914117,0.34347120843471207,0.7854609929078015,0.7026965782914117,0.7417772993661045
0.3890203300890389,3102,847,1311,1619,0.7029231815091774,0.34347120843471207,0.7855153203342619,0.7029231815091774,0.741927768476441
0.3889863434597489,3102,848,1311,1618,0.7029231815091774,0.34387672343876724,0.7853164556962026,0.7029231815091774,0.7418390529714217
0.38894213401585853,3102,849,1311,1617,0.7029231815091774,0.3442822384428224,0.7851176917236142,0.7029231815091774,0.7417503586800573
0.3889400530802474,3102,850,1311,1616,0.7029231815091774,0.3446877534468775,0.784919028340081,0.7029231815091774,0.7416616855947399
0.38889806043890973,3103,850,1310,1616,0.7031497847269431,0.3446877534468775,0.7849734378952694,0.7031497847269431,0.7418120965814009
0.3888812751466202,3103,851,1310,1615,0.7031497847269431,0.3450932684509327,0.7847749114820435,0.7031497847269431,0.7417234373132545
0.38875365583932736,3103,852,1310,1614,0.7031497847269431,0.34549878345498786,0.7845764854614412,0.7031497847269431,0.7416347992351816
0.3886239767153976,3103,853,1310,1613,0.7031497847269431,0.34590429845904297,0.7843781597573306,0.7031497847269431,0.7415461823395866
0.38854560526730725,3103,854,1310,1612,0.7031497847269431,0.34630981346309814,0.7841799342936568,0.7031497847269431,0.741457586618877
0.38844405583549524,3103,855,1310,1611,0.7031497847269431,0.3467153284671533,0.7839818089944416,0.7031497847269431,0.741369012065464
0.3884275844898607,3104,855,1309,1611,0.7033763879447088,0.3467153284671533,0.7840363728214196,0.7033763879447088,0.7415193502150024
0.38837676445232544,3104,856,1309,1610,0.7033763879447088,0.3471208434712084,0.7838383838383839,0.7033763879447088,0.7414307894422548
0.3883638559946043,3104,857,1309,1609,0.7033763879447088,0.3475263584752636,0.7836404948245392,0.7033763879447088,0.7413422498208742
0.3883247387255559,3104,858,1309,1608,0.7033763879447088,0.34793187347931875,0.7834427057041898,0.7033763879447088,0.7412537313432837
0.3882496068972946,3105,858,1308,1608,0.7036029911624745,0.34793187347931875,0.7834973504920515,0.7036029911624745,0.7414040114613181
0.3882242141756281,3105,859,1308,1607,0.7036029911624745,0.34833738848337387,0.7832996972754793,0.7036029911624745,0.741315506744658
0.38820365047942496,3105,860,1308,1606,0.7036029911624745,0.34874290348742903,0.7831021437578815,0.7036029911624745,0.7412270231558844
0.3881645437263831,3105,861,1308,1605,0.7036029911624745,0.3491484184914842,0.7829046898638427,0.7036029911624745,0.7411385606874329
0.38813955581804427,3106,861,1307,1605,0.7038295943802402,0.3491484184914842,0.7829594151751954,0.7038295943802402,0.7412887828162292
0.38812983250250194,3107,861,1306,1605,0.7040561975980059,0.3491484184914842,0.7830141129032258,0.7040561975980059,0.7414389690967665
0.3879918246272555,3107,862,1306,1604,0.7040561975980059,0.3495539334955393,0.782816830435878,0.7040561975980059,0.7413505130040563
0.3879548949162879,3108,862,1305,1604,0.7042828008157715,0.3495539334955393,0.7828715365239295,0.7042828008157715,0.7415006560897054
0.3879116266352202,3108,863,1305,1603,0.7042828008157715,0.3499594484995945,0.7826743893225888,0.7042828008157715,0.741412213740458
0.3879070118892551,3108,864,1305,1602,0.7042828008157715,0.35036496350364965,0.7824773413897281,0.7042828008157715,0.7413237924865832
0.3879013653999147,3109,864,1304,1602,0.7045094040335372,0.35036496350364965,0.7825320916184244,0.7045094040335372,0.7414738850465061
0.3878233221977313,3109,865,1304,1601,0.7045094040335372,0.35077047850770476,0.7823351786612984,0.7045094040335372,0.7413854775247407
0.38773056133031575,3110,865,1303,1601,0.7047360072513029,0.35077047850770476,0.7823899371069183,0.7047360072513029,0.7415355269432523
0.38767544449257274,3110,866,1303,1600,0.7047360072513029,0.35117599351175993,0.7821931589537223,0.7047360072513029,0.7414471331505542
0.387596616367702,3110,867,1303,1599,0.7047360072513029,0.3515815085158151,0.781996479758612,0.7047360072513029,0.7413587604290821
0.3875604583693008,3110,868,1303,1598,0.7047360072513029,0.3519870235198702,0.7817998994469583,0.7047360072513029,0.7412704087713026
0.387530152796003,3110,869,1303,1597,0.7047360072513029,0.3523925385239254,0.7816034179442071,0.7047360072513029,0.7411820781696854
0.3872815366312037,3110,870,1303,1596,0.7047360072513029,0.35279805352798055,0.7814070351758794,0.7047360072513029,0.7410937686167043
0.38724286617980347,3110,871,1303,1595,0.7047360072513029,0.35320356853203566,0.781210751067571,0.7047360072513029,0.7410054801048368
0.38724272254071446,3110,872,1303,1594,0.7047360072513029,0.35360908353609083,0.7810145655449523,0.7047360072513029,0.7409172126265634
0.3871670568910607,3110,873,1303,1593,0.7047360072513029,0.354014598540146,0.7808184785337685,0.7047360072513029,0.7408289661743687
0.38716392669728533,3111,873,1302,1593,0.7049626104690686,0.354014598540146,0.7808734939759037,0.7049626104690686,0.7409789210432298
0.38711198686171827,3112,873,1301,1593,0.7051892136868344,0.354014598540146,0.7809284818067754,0.7051892136868344,0.7411288402000477
0.3869767222039249,3112,874,1301,1592,0.7051892136868344,0.3544201135442011,0.7807325639739087,0.7051892136868344,0.741040600071437
0.3869045482807718,3112,875,1301,1591,0.7051892136868344,0.3548256285482563,0.7805367444193629,0.7051892136868344,0.7409523809523809
0.38689629180983476,3112,876,1301,1590,0.7051892136868344,0.35523114355231145,0.7803410230692076,0.7051892136868344,0.7408641828353767
0.38689019314228346,3113,876,1300,1590,0.7054158169046001,0.35523114355231145,0.7803960892454249,0.7054158169046001,0.7410140442751726
0.3868431906813467,3114,876,1299,1590,0.7056424201223658,0.35523114355231145,0.7804511278195488,0.7056424201223658,0.741163870046412
0.3867833841118642,3115,876,1298,1590,0.7058690233401315,0.35523114355231145,0.7805061388123278,0.7058690233401315,0.7413136601618276
0.3867660983551451,3115,877,1298,1589,0.7058690233401315,0.35563665855636656,0.780310621242485,0.7058690233401315,0.7412254610350981
0.3866702089665217,3115,878,1298,1588,0.7058690233401315,0.3560421735604217,0.7801152016028049,0.7058690233401315,0.7411372828931716
0.3866570517564477,3116,878,1297,1588,0.7060956265578971,0.3560421735604217,0.7801702553830746,0.7060956265578971,0.7412870227191626
0.3866453497030119,3116,879,1297,1587,0.7060956265578971,0.3564476885644769,0.7799749687108886,0.7060956265578971,0.7411988582302569
0.38661132452396096,3116,880,1297,1586,0.7060956265578971,0.35685320356853206,0.7797797797797797,0.7060956265578971,0.7411107147104293
0.38656864912811095,3117,880,1296,1586,0.7063222297756628,0.35685320356853206,0.7798348761571179,0.7063222297756628,0.7412604042806183
0.38656681493029965,3118,880,1295,1586,0.7065488329934285,0.35685320356853206,0.7798899449724862,0.7065488329934285,0.7414100582570443
0.38655440145593833,3119,880,1294,1586,0.7067754362111942,0.35685320356853206,0.7799449862465616,0.7067754362111942,0.7415596766524012
0.3864831256853437,3119,881,1294,1585,0.7067754362111942,0.3572587185725872,0.77975,0.7067754362111942,0.7414715321526211
0.3864184683306769,3120,881,1293,1585,0.7070020394289599,0.3572587185725872,0.7798050487378155,0.7070020394289599,0.74162110767768
0.3864047325773784,3120,882,1293,1584,0.7070020394289599,0.35766423357664234,0.7796101949025487,0.7070020394289599,0.7415329768270945
0.3863431050307799,3121,882,1292,1584,0.7072286426467256,0.35766423357664234,0.7796652510617037,0.7072286426467256,0.7416825095057034
0.38632384026075073,3122,882,1291,1584,0.7074552458644913,0.35766423357664234,0.7797202797202797,0.7074552458644913,0.7418320066532019
0.38631548964371526,3123,882,1290,1584,0.707681849082257,0.35766423357664234,0.7797752808988764,0.707681849082257,0.7419814682822522
0.3862200556876105,3123,883,1290,1583,0.707681849082257,0.3580697485806975,0.7795806290564153,0.707681849082257,0.741893336500772
0.38616743498164396,3123,884,1290,1582,0.707681849082257,0.3584752635847526,0.7793860743698527,0.707681849082257,0.7418052256532067
0.38614515419476914,3123,885,1290,1581,0.707681849082257,0.3588807785888078,0.7791916167664671,0.707681849082257,0.7417171357320983
0.3861265339039719,3123,886,1290,1580,0.707681849082257,0.35928629359286296,0.7789972561736094,0.707681849082257,0.7416290667299928
0.38612566026044853,3124,886,1289,1580,0.7079084523000226,0.35928629359286296,0.7790523690773067,0.7079084523000226,0.7417784637302623
0.3861080627457855,3125,886,1288,1580,0.7081350555177883,0.35928629359286296,0.7791074545001246,0.7081350555177883,0.7419278252611585
0.38608232607537696,3126,886,1287,1580,0.708361658735554,0.35928629359286296,0.7791625124626121,0.708361658735554,0.7420771513353116
0.38602533529481,3127,886,1286,1580,0.7085882619533197,0.35928629359286296,0.7792175429852978,0.7085882619533197,0.7422264419653454
0.3859925295763252,3127,887,1286,1579,0.7085882619533197,0.3596918085969181,0.7790234180368709,0.7085882619533197,0.7421383647798742
0.38596786647437065,3128,887,1285,1579,0.7088148651710854,0.3596918085969181,0.7790784557907846,0.7088148651710854,0.7422876127195064
0.3858961737388464,3128,888,1285,1578,0.7088148651710854,0.36009732360097324,0.7788844621513944,0.7088148651710854,0.7421995491754656
0.3858526927544432,3128,889,1285,1577,0.7088148651710854,0.3605028386050284,0.7786905650983321,0.7088148651710854,0.7421115065243179
0.3858174039803894,3129,889,1284,1577,0.7090414683888511,0.3605028386050284,0.7787456445993032,0.7090414683888511,0.7422607045427588
0.3857103205500068,3130,889,1283,1577,0.7092680716066169,0.3605028386050284,0.778800696690719,0.7092680716066169,0.7424098671726754
0.38566729574905806,3130,890,1283,1576,0.7092680716066169,0.3609083536090835,0.7786069651741293,0.7092680716066169,0.7423218309024071
0.38561269272825494,3131,890,1282,1576,0.7094946748243826,0.3609083536090835,0.7786620243720468,0.7094946748243826,0.7424709509129714
0.38559027903561793,3131,891,1282,1575,0.7094946748243826,0.3613138686131387,0.7784684236698161,0.7094946748243826,0.7423829282750445
0.3855379568747738,3132,891,1281,1575,0.7097212780421482,0.3613138686131387,0.7785234899328859,0.7097212780421482,0.7425320056899005
0.3855307345932628,3132,892,1281,1574,0.7097212780421482,0.36171938361719386,0.7783300198807157,0.7097212780421482,0.7424439966812849
0.38551380524863693,3132,893,1281,1573,0.7097212780421482,0.36212489862124897,0.7781366459627329,0.7097212780421482,0.7423560085328277
0.3854384004261621,3133,893,1280,1573,0.7099478812599139,0.36212489862124897,0.7781917536015897,0.7099478812599139,0.7425050361417229
0.38543740951374933,3133,894,1280,1572,0.7099478812599139,0.36253041362530414,0.7779985100571145,0.7099478812599139,0.7424170616113744
0.3854025825596686,3134,894,1279,1572,0.7101744844776796,0.36253041362530414,0.7780536246276067,0.7101744844776796,0.7425660466769339
0.3853888646426741,3135,894,1278,1572,0.7104010876954453,0.36253041362530414,0.7781087118391661,0.7104010876954453,0.7427149964463398
0.38537593760669314,3135,895,1278,1571,0.7104010876954453,0.3629359286293593,0.7779156327543424,0.7104010876954453,0.7426270283074737
0.3853044822338167,3136,895,1277,1571,0.710627690913211,0.3629359286293593,0.7779707268667825,0.710627690913211,0.7427759355755567
0.38527133184311707,3136,896,1277,1570,0.710627690913211,0.3633414436334144,0.7777777777777778,0.710627690913211,0.742687981053878
0.38526687631821843,3137,896,1276,1570,0.7108542941309767,0.3633414436334144,0.7778328787503099,0.7108542941309767,0.7428368458441865
0.3852260652657607,3137,897,1276,1569,0.7108542941309767,0.3637469586374696,0.7776400594942985,0.7108542941309767,0.7427489049366639
0.38521176822476055,3137,898,1276,1568,0.7108542941309767,0.36415247364152475,0.777447335811648,0.7108542941309767,0.7426609848484849
0.3850416033814544,3137,899,1276,1567,0.7108542941309767,0.36455798864557987,0.7772547076313181,0.7108542941309767,0.742573085572257
0.38502908062127544,3137,900,1276,1566,0.7108542941309767,0.36496350364963503,0.7770621748823384,0.7108542941309767,0.7424852071005917
0.38495666886528873,3138,900,1275,1566,0.7110808973487424,0.36496350364963503,0.7771173848439822,0.7110808973487424,0.7426340078097267
0.3849100098147929,3139,900,1274,1566,0.711307500566508,0.36496350364963503,0.7771725674671949,0.711307500566508,0.7427827733080928
0.38487560549135963,3140,900,1273,1566,0.7115341037842737,0.36496350364963503,0.7772277227722773,0.7115341037842737,0.7429315036081865
0.3848579073164252,3140,901,1273,1565,0.7115341037842737,0.3653690186536902,0.7770353872803761,0.7115341037842737,0.7428436243198486
0.3848340453639465,3140,902,1273,1564,0.7115341037842737,0.3657745336577453,0.776843146956952,0.7115341037842737,0.7427557658190419
0.38480880617945545,3141,902,1272,1564,0.7117607070020394,0.3657745336577453,0.7768983428147416,0.7117607070020394,0.7429044465468306
0.3846961536098166,3142,902,1271,1564,0.7119873102198051,0.3657745336577453,0.7769535113748763,0.7119873102198051,0.7430530921130424
0.3846877762012453,3142,903,1271,1563,0.7119873102198051,0.3661800486618005,0.776761433868974,0.7119873102198051,0.7429652400094584
0.38461285949821694,3143,903,1270,1563,0.7122139134375708,0.3661800486618005,0.7768166089965398,0.7122139134375708,0.7431138432438822
0.38460764706346423,3143,904,1270,1562,0.7122139134375708,0.36658556366585565,0.7766246602421547,0.7122139134375708,0.7430260047281324
0.3845770475010085,3143,905,1270,1561,0.7122139134375708,0.36699107866991076,0.7764328063241107,0.7122139134375708,0.7429381869755347
0.3845760085026106,3143,906,1270,1560,0.7122139134375708,0.36739659367396593,0.7762410471721413,0.7122139134375708,0.7428503899787284
0.38456820665356845,3144,906,1269,1560,0.7124405166553365,0.36739659367396593,0.7762962962962963,0.7124405166553365,0.7429989365473236
0.3845511330706287,3144,907,1269,1559,0.7124405166553365,0.3678021086780211,0.7761046655146877,0.7124405166553365,0.7429111531190925
0.38453417888737945,3144,908,1269,1558,0.7124405166553365,0.3682076236820762,0.7759131293188549,0.7124405166553365,0.7428233904311873
0.3845316740079371,3145,908,1268,1558,0.7126671198731022,0.3682076236820762,0.775968418455465,0.7126671198731022,0.7429718875502007
0.38444884066693835,3145,909,1268,1557,0.7126671198731022,0.3686131386861314,0.7757770103601381,0.7126671198731022,0.7428841384197472
0.38443910304377166,3145,910,1268,1556,0.7126671198731022,0.36901865369018655,0.7755856966707768,0.7126671198731022,0.7427964100141711
0.3844195791109962,3145,911,1268,1555,0.7126671198731022,0.36942416869424166,0.7753944773175543,0.7126671198731022,0.7427087023261305
0.38440348845802025,3146,911,1267,1555,0.7128937230908678,0.36942416869424166,0.7754498397830909,0.7128937230908678,0.7428571428571429
0.3843738004448077,3146,912,1267,1554,0.7128937230908678,0.36982968369829683,0.775258748151799,0.7128937230908678,0.7427694487073545
0.38437348386451814,3146,913,1267,1553,0.7128937230908678,0.370235198702352,0.7750677506775068,0.7128937230908678,0.7426817752596789
0.3843639900784524,3146,914,1267,1552,0.7128937230908678,0.3706407137064071,0.7748768472906404,0.7128937230908678,0.7425941225067862
0.3843122796655975,3146,915,1267,1551,0.7128937230908678,0.3710462287104623,0.7746860379216942,0.7128937230908678,0.7425064904413501
0.38428596695178424,3146,916,1267,1550,0.7128937230908678,0.37145174371451745,0.7744953225012309,0.7128937230908678,0.7424188790560471
0.384231248556902,3146,917,1267,1549,0.7128937230908678,0.3718572587185726,0.7743047009598819,0.7128937230908678,0.7423312883435582
0.38422241546292246,3146,918,1267,1548,0.7128937230908678,0.3722627737226277,0.7741141732283464,0.7128937230908678,0.7422437182965672
0.38421926081137414,3146,919,1267,1547,0.7128937230908678,0.3726682887266829,0.7739237392373923,0.7128937230908678,0.7421561689077613
0.3842022546835695,3146,920,1267,1546,0.7128937230908678,0.37307380373073806,0.7737333989178554,0.7128937230908678,0.7420686401698313
0.38411570333882433,3146,921,1267,1545,0.7128937230908678,0.3734793187347932,0.7735431522006393,0.7128937230908678,0.7419811320754717
0.38411164692808536,3147,921,1266,1545,0.7131203263086335,0.3734793187347932,0.773598820058997,0.7131203263086335,0.7421294658648745
0.38408497744015113,3147,922,1266,1544,0.7131203263086335,0.37388483373884834,0.7734086999262718,0.7131203263086335,0.7420419712331997
0.38405454027738106,3147,923,1266,1543,0.7131203263086335,0.3742903487429035,0.7732186732186732,0.7131203263086335,0.7419544972297536
0.3840082300862619,3147,924,1266,1542,0.7131203263086335,0.3746958637469586,0.7730287398673544,0.7131203263086335,0.7418670438472418
0.38397661032640973,3148,924,1265,1542,0.7133469295263992,0.3746958637469586,0.7730844793713163,0.7133469295263992,0.7420153211549794
0.3839406249227364,3149,924,1264,1542,0.713573532744165,0.3746958637469586,0.7731401915050331,0.713573532744165,0.74216356351638
0.3839370768866208,3150,924,1263,1542,0.7138001359619307,0.3746958637469586,0.7731958762886598,0.7138001359619307,0.7423117709437964
0.38392869465726875,3150,925,1263,1541,0.7138001359619307,0.3751013787510138,0.7730061349693251,0.7138001359619307,0.7422243166823752
0.38385985052086286,3151,925,1262,1541,0.7140267391796964,0.3751013787510138,0.7730618253189402,0.7140267391796964,0.7423724820355754
0.38375584061016627,3151,926,1262,1540,0.7140267391796964,0.37550689375506896,0.7728722099583026,0.7140267391796964,0.7422850412249706
0.3837381096497979,3151,927,1262,1539,0.7140267391796964,0.3759124087591241,0.7726826875919568,0.7140267391796964,0.7421976210104817
0.38371184850076573,3152,927,1261,1539,0.7142533423974621,0.3759124087591241,0.7727384162784996,0.7142533423974621,0.74234573716439
0.3836801881489191,3153,927,1260,1539,0.7144799456152278,0.3759124087591241,0.7727941176470589,0.7144799456152278,0.7424938184387142
0.38367416378521185,3154,927,1259,1539,0.7147065488329934,0.3759124087591241,0.7728497917177163,0.7147065488329934,0.7426418648457735
0.3836513432810482,3155,927,1258,1539,0.7149331520507591,0.3759124087591241,0.7729054385105341,0.7149331520507591,0.7427898763978812
0.38362652363176,3155,928,1258,1538,0.7149331520507591,0.37631792376317924,0.7727161400930688,0.7149331520507591,0.7427024482109227
0.38360983040693786,3155,929,1258,1537,0.7149331520507591,0.3767234387672344,0.7725269343780607,0.7149331520507591,0.7426150406025656
0.38360658772078354,3156,929,1257,1537,0.7151597552685248,0.3767234387672344,0.7725826193390453,0.7151597552685248,0.7427630030595433
0.38360627228170324,3157,929,1256,1537,0.7153863584862905,0.3767234387672344,0.7726382770435634,0.7153863584862905,0.7429109306977292
0.3835776422658721,3157,930,1256,1536,0.7153863584862905,0.3771289537712895,0.7724492292635184,0.7153863584862905,0.7428235294117648
0.38356026680708966,3157,931,1256,1535,0.7153863584862905,0.3775344687753447,0.7722602739726028,0.7153863584862905,0.7427361486883897
0.38349468913699,3157,932,1256,1534,0.7153863584862905,0.37793998377939986,0.7720714111029592,0.7153863584862905,0.7426487885203481
0.3834673850771035,3158,932,1255,1534,0.7156129617040562,0.37793998377939986,0.7721271393643032,0.7156129617040562,0.7427966600023521
0.38343087559966493,3159,932,1254,1534,0.7158395649218219,0.37793998377939986,0.7721828403813249,0.7158395649218219,0.7429444967074318
0.3833743881388778,3160,932,1253,1534,0.7160661681395876,0.37793998377939986,0.772238514173998,0.7160661681395876,0.7430922986478542
0.38332316226746,3161,932,1252,1534,0.7162927713573533,0.37793998377939986,0.7722941607622771,0.7162927713573533,0.7432400658358805
0.3832828459407314,3161,933,1252,1533,0.7162927713573533,0.37834549878345497,0.772105520273571,0.7162927713573533,0.7431526977783002
0.3832708204619742,3162,933,1251,1533,0.7165193745751189,0.37834549878345497,0.7721611721611722,0.7165193745751189,0.7433004231311706
0.38325121452679484,3162,934,1251,1532,0.7165193745751189,0.37875101378751014,0.77197265625,0.7165193745751189,0.7432130685156892
0.38324038852902137,3162,935,1251,1531,0.7165193745751189,0.3791565287915653,0.7717842323651453,0.7165193745751189,0.7431257344300822
0.3832171470163822,3162,936,1251,1530,0.7165193745751189,0.3795620437956204,0.7715959004392386,0.7165193745751189,0.7430384208671131
0.38320567909482056,3163,936,1250,1530,0.7167459777928846,0.3795620437956204,0.7716516223469139,0.7167459777928846,0.7431860902255639
0.3831757849782236,3163,937,1250,1529,0.7167459777928846,0.3799675587996756,0.7714634146341464,0.7167459777928846,0.7430987900857512
0.38314959124302284,3163,938,1250,1528,0.7167459777928846,0.38037307380373075,0.7712752987076323,0.7167459777928846,0.7430115104533709
0.3831149455160621,3164,938,1249,1528,0.7169725810106503,0.38037307380373075,0.7713310580204779,0.7169725810106503,0.7431591309453904
0.38305158863176325,3164,939,1249,1527,0.7169725810106503,0.38077858880778587,0.7711430660492322,0.7169725810106503,0.743071864725223
0.38303814748497966,3164,940,1249,1526,0.7169725810106503,0.38118410381184104,0.7709551656920078,0.7169725810106503,0.7429846189972995
0.3829852206967976,3164,941,1249,1525,0.7169725810106503,0.3815896188158962,0.7707673568818514,0.7169725810106503,0.7428973937544024
0.3828178128554441,3164,942,1249,1524,0.7169725810106503,0.3819951338199513,0.7705796395518753,0.7169725810106503,0.7428101889893179
0.3828109823995201,3165,942,1248,1524,0.717199184228416,0.3819951338199513,0.7706355003652301,0.717199184228416,0.7429577464788732
0.3827015164099783,3165,943,1248,1523,0.717199184228416,0.3824006488240065,0.7704479065238559,0.717199184228416,0.7428705550991668
0.3826597442155349,3165,944,1248,1522,0.717199184228416,0.38280616382806165,0.7702604039912387,0.717199184228416,0.742783384182117
0.3825965080871635,3165,945,1248,1521,0.717199184228416,0.38321167883211676,0.7700729927007299,0.717199184228416,0.7426962337205208
0.38257659575564157,3165,946,1248,1520,0.717199184228416,0.38361719383617193,0.7698856725857456,0.717199184228416,0.7426091037071796
0.38254651933669226,3165,947,1248,1519,0.717199184228416,0.3840227088402271,0.7696984435797666,0.717199184228416,0.7425219941348973
0.3825453222502618,3165,948,1248,1518,0.717199184228416,0.3844282238442822,0.7695113056163384,0.717199184228416,0.7424349049964812
0.382473184586997,3166,948,1247,1518,0.7174257874461817,0.3844282238442822,0.7695673310646572,0.7174257874461817,0.7425823853641375
0.38243454578360536,3166,949,1247,1517,0.7174257874461817,0.3848337388483374,0.7693803159173754,0.7174257874461817,0.7424953095684802
0.3823760494567915,3166,950,1247,1516,0.7174257874461817,0.38523925385239255,0.7691933916423712,0.7174257874461817,0.7424082541915815
0.3823679364450769,3167,950,1246,1516,0.7176523906639475,0.38523925385239255,0.7692494534855477,0.7176523906639475,0.7425556858147715
0.3823495377115948,3168,950,1245,1516,0.7178789938817132,0.38523925385239255,0.76930548810102,0.7178789938817132,0.7427030828742235
0.38231351007206443,3169,950,1244,1516,0.7181055970994789,0.38523925385239255,0.7693614955086185,0.7181055970994789,0.742850445382091
0.382299587398192,3169,951,1244,1515,0.7181055970994789,0.38564476885644766,0.7691747572815534,0.7181055970994789,0.7427633891948904
0.3822654142403103,3169,952,1244,1514,0.7181055970994789,0.38605028386050283,0.768988109682116,0.7181055970994789,0.7426763534098899
0.3822635093133634,3169,953,1244,1513,0.7181055970994789,0.386455798864558,0.7688015526443474,0.7181055970994789,0.7425893380199179
0.3822486163550778,3169,954,1244,1512,0.7181055970994789,0.38686131386861317,0.7686150861023526,0.7181055970994789,0.7425023430178069
0.3821632833956707,3171,954,1242,1512,0.7185588035350102,0.38686131386861317,0.7687272727272727,0.7185588035350102,0.7427969079409699
0.38213944072293116,3171,955,1242,1511,0.7185588035350102,0.3872668288726683,0.7685409597673292,0.7185588035350102,0.7427099191942851
0.3820943011330979,3172,955,1241,1511,0.7187854067527759,0.3872668288726683,0.7685970438575236,0.7187854067527759,0.7428571428571429
0.3820542483322745,3172,956,1241,1510,0.7187854067527759,0.38767234387672345,0.7684108527131783,0.7187854067527759,0.7427701674277016
0.3819886277260368,3172,957,1241,1509,0.7187854067527759,0.3880778588807786,0.7682247517558731,0.7187854067527759,0.7426832123624444
0.3819508074542922,3172,958,1241,1508,0.7187854067527759,0.3884833738848337,0.7680387409200968,0.7187854067527759,0.7425962776542198
0.38194833105267495,3173,958,1240,1508,0.7190120099705416,0.3884833738848337,0.7680948922778988,0.7190120099705416,0.742743445692884
0.381944587652665,3173,959,1240,1507,0.7190120099705416,0.3888888888888889,0.7679090029041626,0.7190120099705416,0.7426565242832066
0.3818351231085113,3173,960,1240,1506,0.7190120099705416,0.38929440389294406,0.7677232034841519,0.7190120099705416,0.7425696232155395
0.38181116219039535,3174,960,1239,1506,0.7192386131883073,0.38929440389294406,0.7677793904208998,0.7192386131883073,0.7427167427167427
0.38177991326785415,3174,961,1239,1505,0.7192386131883073,0.3896999188969992,0.7675937122128174,0.7192386131883073,0.7426298549368273
0.3817660732826445,3175,961,1238,1505,0.719465216406073,0.3896999188969992,0.7676499032882012,0.719465216406073,0.7427769329746168
0.3817025774432999,3176,961,1237,1505,0.7196918196238387,0.3896999188969992,0.767706067198453,0.7196918196238387,0.7429239766081872
0.3816836086886015,3176,962,1237,1504,0.7196918196238387,0.39010543390105434,0.7675205413243112,0.7196918196238387,0.7428370950765991
0.38165107843029783,3176,963,1237,1503,0.7196918196238387,0.3905109489051095,0.7673351050978497,0.7196918196238387,0.7427502338634239
0.3816479258963628,3177,963,1236,1503,0.7199184228416043,0.3905109489051095,0.7673913043478261,0.7199184228416043,0.7428972290424413
0.3815922499825796,3178,963,1235,1503,0.72014502605937,0.3905109489051095,0.7674474764549626,0.72014502605937,0.7430441898527005
0.38158823477986176,3179,963,1234,1503,0.7203716292771357,0.3905109489051095,0.7675036214389184,0.7203716292771357,0.7431911163062536
0.38151739858970607,3180,963,1233,1503,0.7205982324949014,0.3905109489051095,0.7675597393193339,0.7205982324949014,0.7433380084151473
0.3814778587020385,3181,963,1232,1503,0.7208248357126671,0.3905109489051095,0.7676158301158301,0.7208248357126671,0.7434848661914222
0.3814492366133532,3182,963,1231,1503,0.7210514389304328,0.3905109489051095,0.7676718938480096,0.7210514389304328,0.7436316896471138
0.3814201011736654,3182,964,1231,1502,0.7210514389304328,0.3909164639091646,0.7674867342016402,0.7210514389304328,0.7435448066362893
0.38141600492914773,3183,964,1230,1502,0.7212780421481985,0.3909164639091646,0.7675428020255607,0.7212780421481985,0.7436915887850467
0.3813559066847628,3183,965,1230,1501,0.7212780421481985,0.3913219789132198,0.767357762777242,0.7212780421481985,0.7436047190748744
0.3813236303100398,3183,966,1230,1500,0.7212780421481985,0.39172749391727496,0.767172812725958,0.7212780421481985,0.7435178696566223
0.3812688542019329,3184,966,1229,1500,0.7215046453659641,0.39172749391727496,0.7672289156626506,0.7215046453659641,0.7436646035268013
0.3812042943640032,3184,967,1229,1499,0.7215046453659641,0.3921330089213301,0.7670440857624669,0.7215046453659641,0.743577767398412
0.38119560923254314,3184,968,1229,1498,0.7215046453659641,0.39253852392538524,0.766859344894027,0.7215046453659641,0.7434909515469936
0.3811011194233767,3185,968,1228,1498,0.7217312485837298,0.39253852392538524,0.76691548278353,0.7217312485837298,0.7436376371702078
0.3810942024726925,3186,968,1227,1498,0.7219578518014956,0.39253852392538524,0.7669715936446798,0.7219578518014956,0.7437842885490837
0.38104837912546013,3186,969,1227,1497,0.7219578518014956,0.3929440389294404,0.7667870036101083,0.7219578518014956,0.7436974789915967
0.38101711437020186,3186,970,1227,1496,0.7219578518014956,0.3933495539334955,0.7666025024061598,0.7219578518014956,0.7436106896954139
0.3809777599514079,3186,971,1227,1495,0.7219578518014956,0.3937550689375507,0.7664180899687274,0.7219578518014956,0.7435239206534422
0.38082237736943925,3187,971,1226,1495,0.7221844550192613,0.3937550689375507,0.7664742664742664,0.7221844550192613,0.7436705168591763
0.3807983053042667,3188,971,1225,1495,0.722411058237027,0.3937550689375507,0.7665304159653763,0.722411058237027,0.7438170788614092
0.38078129276352535,3188,972,1225,1494,0.722411058237027,0.39416058394160586,0.7663461538461539,0.722411058237027,0.7437303161087135
0.3807167326007751,3188,973,1225,1493,0.722411058237027,0.39456609894566097,0.7661619802931987,0.722411058237027,0.7436435735945883
0.3807144314168243,3189,973,1224,1493,0.7226376614547927,0.39456609894566097,0.7662181643440653,0.7226376614547927,0.7437900874635568
0.38066499088047595,3189,974,1224,1492,0.7226376614547927,0.39497161394971614,0.7660341100168148,0.7226376614547927,0.7437033582089551
0.38061101248806345,3190,974,1223,1492,0.7228642646725584,0.39497161394971614,0.766090297790586,0.7228642646725584,0.7438498309432203
0.38060672983784577,3190,975,1223,1491,0.7228642646725584,0.3953771289537713,0.765906362545018,0.7228642646725584,0.7437631149452087
0.3805835064436141,3191,975,1222,1491,0.7230908678903241,0.3953771289537713,0.7659625540086413,0.7230908678903241,0.7439095465671991
0.3805752017156137,3191,976,1222,1490,0.7230908678903241,0.3957826439578264,0.7657787377009839,0.7230908678903241,0.7438228438228438
0.38050480328496733,3191,977,1222,1489,0.7230908678903241,0.3961881589618816,0.7655950095969289,0.7230908678903241,0.7437361612865633
0.38047557895178563,3192,977,1221,1489,0.7233174711080897,0.3961881589618816,0.7656512353082274,0.7233174711080897,0.7438825448613378
0.3804588114611842,3192,978,1221,1488,0.7233174711080897,0.39659367396593675,0.7654676258992805,0.7233174711080897,0.7437958755679833
0.3804098426758425,3193,978,1220,1488,0.7235440743258554,0.39659367396593675,0.7655238551906017,0.7235440743258554,0.7439422180801492
0.3804007013902288,3194,978,1219,1488,0.7237706775436211,0.39659367396593675,0.7655800575263663,0.7237706775436211,0.7440885264997088
0.3803576726191831,3195,978,1218,1488,0.7239972807613868,0.39659367396593675,0.7656362329259525,0.7239972807613868,0.7442348008385744
0.38035078519299886,3196,978,1217,1488,0.7242238839791525,0.39659367396593675,0.7656923814087206,0.7242238839791525,0.7443810411086527
0.38031973570105654,3196,979,1217,1487,0.7242238839791525,0.39699918896999187,0.7655089820359281,0.7242238839791525,0.7442943642291568
0.38029564147555034,3196,980,1217,1486,0.7242238839791525,0.39740470397404704,0.7653256704980843,0.7242238839791525,0.7442077075328909
0.38025211945976134,3196,981,1217,1485,0.7242238839791525,0.3978102189781022,0.7651424467321044,0.7242238839791525,0.7441210710128054
0.3802439015201631,3197,981,1216,1485,0.7244504871969182,0.3978102189781022,0.7651986596457635,0.7244504871969182,0.7442672564311489
0.3801946126819809,3198,981,1215,1485,0.7246770904146839,0.3978102189781022,0.7652548456568558,0.7246770904146839,0.7444134078212289
0.38014854152619854,3199,981,1214,1485,0.7249036936324496,0.3978102189781022,0.7653110047846889,0.7249036936324496,0.744559525194926
0.380132516498836,3199,982,1214,1484,0.7249036936324496,0.3982157339821573,0.7651279598182253,0.7249036936324496,0.7444728880614382
0.3801272740372806,3199,983,1214,1483,0.7249036936324496,0.3986212489862125,0.7649450023912003,0.7249036936324496,0.7443862710878417
0.38005727774493075,3199,984,1214,1482,0.7249036936324496,0.39902676399026765,0.7647621324408319,0.7249036936324496,0.744299674267101
0.3800536918286378,3200,984,1213,1482,0.7251302968502152,0.39902676399026765,0.7648183556405354,0.7251302968502152,0.7444457368849599
0.3800057979937389,3201,984,1212,1482,0.7253569000679809,0.39902676399026765,0.7648745519713261,0.7253569000679809,0.7445917655268668
0.3799893789276512,3202,984,1211,1482,0.7255835032857466,0.39902676399026765,0.7649307214524605,0.7255835032857466,0.744737760204675
0.3799854840606168,3203,984,1210,1482,0.7258101065035123,0.39902676399026765,0.7649868641031765,0.7258101065035123,0.7448837209302326
0.3799824340795658,3203,985,1210,1481,0.7258101065035123,0.39943227899432276,0.7648042024832856,0.7258101065035123,0.7447971166143472
0.37994755168123284,3204,985,1209,1481,0.7260367097212781,0.39943227899432276,0.7648603485318691,0.7260367097212781,0.7449430365031388
0.3799012013951429,3205,985,1208,1481,0.7262633129390438,0.39943227899432276,0.7649164677804295,0.7262633129390438,0.7450889224689061
0.3798697536725407,3205,986,1208,1480,0.7262633129390438,0.39983779399837793,0.7647339537103317,0.7262633129390438,0.7450023245002324
0.37985057514078596,3206,986,1207,1480,0.7264899161568095,0.39983779399837793,0.7647900763358778,0.7264899161568095,0.7451481696687973
0.37981682088323865,3206,987,1207,1479,0.7264899161568095,0.4002433090024331,0.7646076794657763,0.7264899161568095,0.745061584940739
0.37979303004915593,3207,987,1206,1479,0.7267165193745752,0.4002433090024331,0.7646638054363376,0.7267165193745752,0.7452073893342629
0.37973441176469164,3207,988,1206,1478,0.7267165193745752,0.4006488240064882,0.7644815256257449,0.7267165193745752,0.7451208178438662
0.37967454874074913,3207,989,1206,1477,0.7267165193745752,0.4010543390105434,0.7642993326978075,0.7267165193745752,0.7450342664653271
0.3796516734682482,3207,990,1206,1476,0.7267165193745752,0.40145985401459855,0.7641172265904217,0.7267165193745752,0.7449477351916377
0.379651264606173,3208,990,1205,1476,0.7269431225923408,0.40145985401459855,0.7641734159123392,0.7269431225923408,0.7450934850772267
0.37964992494072036,3209,990,1204,1476,0.7271697258101065,0.40145985401459855,0.7642295784710645,0.7271697258101065,0.7452392011147236
0.3796459283045383,3209,991,1204,1475,0.7271697258101065,0.4018653690186537,0.7640476190476191,0.7271697258101065,0.7451526761871589
0.3796229633898294,3209,992,1204,1474,0.7271697258101065,0.40227088402270883,0.7638657462508927,0.7271697258101065,0.7450661713489667
0.379594395619089,3210,992,1203,1474,0.7273963290278722,0.40227088402270883,0.7639219419324131,0.7273963290278722,0.7452118398142773
0.3795020799270887,3211,992,1202,1474,0.7276229322456379,0.40227088402270883,0.7639781108731858,0.7276229322456379,0.7453574744661094
0.37936829859348603,3212,992,1201,1474,0.7278495354634036,0.40227088402270883,0.764034253092293,0.7278495354634036,0.7455030753162354
0.37935496398195623,3213,992,1200,1474,0.7280761386811693,0.40227088402270883,0.7640903686087991,0.7280761386811693,0.7456486423764215
0.3793395702236508,3213,993,1200,1473,0.7280761386811693,0.402676399026764,0.7639087018544936,0.7280761386811693,0.7455621301775148
0.37924597483168343,3213,994,1200,1472,0.7280761386811693,0.40308191403081917,0.7637271214642263,0.7280761386811693,0.7454756380510441
0.3792184781449704,3214,994,1199,1472,0.728302741898935,0.40308191403081917,0.7637832699619772,0.728302741898935,0.745621157638325
0.3791694468349,3215,994,1198,1472,0.7285293451167006,0.40308191403081917,0.7638393917795201,0.7285293451167006,0.7457666434701925
0.3791670776628462,3216,994,1197,1472,0.7287559483344663,0.40308191403081917,0.763895486935867,0.7287559483344663,0.7459120955583902
0.3791622529997638,3216,995,1197,1471,0.7287559483344663,0.4034874290348743,0.7637140821657563,0.7287559483344663,0.74582560296846
0.37914199297436024,3217,995,1196,1471,0.728982551552232,0.4034874290348743,0.7637701804368471,0.728982551552232,0.7459710144927536
0.37912829391948616,3218,995,1195,1471,0.7292091547699977,0.4034874290348743,0.7638262520769048,0.7292091547699977,0.7461163923023417
0.37912547516319933,3219,995,1194,1471,0.7294357579877634,0.4034874290348743,0.7638822971048884,0.7294357579877634,0.7462617364089487
0.37912232478227875,3220,995,1193,1471,0.7296623612055291,0.4034874290348743,0.763938315539739,0.7296623612055291,0.7464070468242929
0.3790547123621025,3220,996,1193,1470,0.7296623612055291,0.40389294403892945,0.7637571157495257,0.7296623612055291,0.746320546992699
0.37904030726594123,3220,997,1193,1469,0.7296623612055291,0.4042984590429846,0.7635760018970832,0.7296623612055291,0.7462340672074159
0.3789926936446634,3221,997,1192,1469,0.7298889644232948,0.4042984590429846,0.7636320531057373,0.7298889644232948,0.7463793303209362
0.3789910298542779,3222,997,1191,1469,0.7301155676410604,0.4042984590429846,0.7636880777435411,0.7301155676410604,0.7465245597775718
0.37897133895423685,3223,997,1190,1469,0.7303421708588262,0.4042984590429846,0.7637440758293839,0.7303421708588262,0.7466697555890188
0.3789443067225898,3224,997,1189,1469,0.7305687740765919,0.4042984590429846,0.7638000473821369,0.7305687740765919,0.7468149177669678
0.37894334923253226,3225,997,1188,1469,0.7307953772943576,0.4042984590429846,0.7638559924206537,0.7307953772943576,0.7469600463231038
0.3789092612815342,3226,997,1187,1469,0.7310219805121233,0.4042984590429846,0.7639119109637699,0.7310219805121233,0.7471051412691061
0.37889331341123256,3226,998,1187,1468,0.7310219805121233,0.4047039740470397,0.7637310606060606,0.7310219805121233,0.7470186407317356
0.3788263040616244,3227,998,1186,1468,0.731248583729889,0.4047039740470397,0.7637869822485207,0.731248583729889,0.747163695299838
0.3788243288535384,3227,999,1186,1467,0.731248583729889,0.4051094890510949,0.7636062470421202,0.731248583729889,0.7470772080101864
0.3787493071861888,3227,1000,1186,1466,0.731248583729889,0.40551500405515006,0.7634255973503666,0.731248583729889,0.7469907407407408
0.3786786312501363,3228,1000,1185,1466,0.7314751869476547,0.40551500405515006,0.7634815515610217,0.7314751869476547,0.7471357481772943
0.37863841026515255,3229,1000,1184,1466,0.7317017901654204,0.40551500405515006,0.7635374793095294,0.7317017901654204,0.7472807220550799
0.37862540904797687,3229,1001,1184,1465,0.7317017901654204,0.4059205190592052,0.7633569739952719,0.7317017901654204,0.7471942612518802
0.37861314551969394,3230,1001,1183,1465,0.731928393383186,0.4059205190592052,0.7634129047506499,0.731928393383186,0.7473391948172141
0.37858963568310633,3231,1001,1182,1465,0.7321549966009517,0.4059205190592052,0.763468809073724,0.7321549966009517,0.747484094852516
0.3785219321604033,3232,1001,1181,1465,0.7323815998187174,0.4059205190592052,0.7635246869832271,0.7323815998187174,0.7476289613694194
0.37848088252128,3232,1002,1181,1464,0.7323815998187174,0.40632603406326034,0.7633443552196505,0.7323815998187174,0.7475425002891177
0.37842643449223073,3232,1003,1181,1463,0.7323815998187174,0.4067315490673155,0.763164108618654,0.7323815998187174,0.7474560592044404
0.3784141701988723,3233,1003,1180,1463,0.7326082030364831,0.4067315490673155,0.7632200188857413,0.7326082030364831,0.7476008787143021
0.37837931512154827,3234,1003,1179,1463,0.7328348062542488,0.4067315490673155,0.7632759027613878,0.7328348062542488,0.7477456647398844
0.3783758370153274,3235,1003,1178,1463,0.7330614094720145,0.4067315490673155,0.7633317602642756,0.7330614094720145,0.7478904172927984
0.3783157619161868,3236,1003,1177,1463,0.7332880126897802,0.4067315490673155,0.7633875914130691,0.7332880126897802,0.7480351363846509
0.3782724478717908,3237,1003,1176,1463,0.7335146159075459,0.4067315490673155,0.7634433962264151,0.7335146159075459,0.7481798220270427
0.37825056725657086,3237,1004,1176,1462,0.7335146159075459,0.4071370640713706,0.7632633812780004,0.7335146159075459,0.748093367229027
0.3782320834726276,3237,1005,1176,1461,0.7335146159075459,0.4075425790754258,0.7630834512022631,0.7335146159075459,0.7480069324090121
0.37821049785417826,3237,1006,1176,1460,0.7335146159075459,0.40794809407948096,0.7629036059391939,0.7335146159075459,0.7479205175600738
0.37819183017192115,3237,1007,1176,1459,0.7335146159075459,0.4083536090835361,0.7627238454288408,0.7335146159075459,0.7478341226752917
0.37816038943171487,3237,1008,1176,1458,0.7335146159075459,0.40875912408759124,0.7625441696113074,0.7335146159075459,0.7477477477477478
0.3781263255500498,3238,1008,1175,1458,0.7337412191253115,0.40875912408759124,0.7626000942063118,0.7337412191253115,0.7478923663240559
0.378108008332495,3239,1008,1174,1458,0.7339678223430772,0.40875912408759124,0.7626559924652696,0.7339678223430772,0.7480369515011548
0.3780731280361314,3239,1009,1174,1457,0.7339678223430772,0.4091646390916464,0.7624764595103578,0.7339678223430772,0.7479505830735481
0.37807280091407075,3240,1009,1173,1457,0.7341944255608429,0.4091646390916464,0.7625323605554248,0.7341944255608429,0.7480951281459247
0.37806156342120606,3241,1009,1172,1457,0.7344210287786087,0.4091646390916464,0.7625882352941177,0.7344210287786087,0.7482396398476279
0.37805706545222656,3241,1010,1172,1456,0.7344210287786087,0.4095701540957015,0.7624088449776523,0.7344210287786087,0.7481532779316712
0.37800726519505845,3242,1010,1171,1456,0.7346476319963744,0.4095701540957015,0.7624647224835371,0.7346476319963744,0.7482977495672245
0.37800434239294084,3243,1010,1170,1456,0.7348742352141401,0.4095701540957015,0.7625205737126735,0.7348742352141401,0.7484421878606048
0.37795984943001704,3243,1011,1170,1455,0.7348742352141401,0.4099756690997567,0.7623413258110014,0.7348742352141401,0.7483558324679821
0.37795468894947565,3243,1012,1170,1454,0.7348742352141401,0.41038118410381186,0.7621621621621621,0.7348742352141401,0.7482694970004615
0.37776896091700674,3243,1013,1170,1453,0.7348742352141401,0.41078669910786697,0.761983082706767,0.7348742352141401,0.7481831814511477
0.37776728166375023,3243,1014,1170,1452,0.7348742352141401,0.41119221411192214,0.7618040873854828,0.7348742352141401,0.7480968858131489
0.377712704281536,3244,1014,1169,1452,0.7351008384319058,0.41119221411192214,0.7618600281822452,0.7351008384319058,0.7482412639833929
0.3776904377730333,3245,1014,1168,1452,0.7353274416496715,0.41119221411192214,0.7619159427095562,0.7353274416496715,0.7483856088560885
0.377662429900668,3246,1014,1167,1452,0.7355540448674371,0.41119221411192214,0.7619718309859155,0.7355540448674371,0.7485299204427535
0.3775690914462653,3247,1014,1166,1452,0.7357806480852028,0.41119221411192214,0.7620276930298052,0.7357806480852028,0.7486741987548997
0.3774898391207486,3247,1015,1166,1451,0.7357806480852028,0.4115977291159773,0.7618488972313467,0.7357806480852028,0.7485878962536022
0.37746953117165993,3249,1015,1164,1451,0.7362338545207342,0.4115977291159773,0.7619606003752345,0.7362338545207342,0.7488763397487611
0.37744332202127795,3250,1015,1163,1451,0.7364604577384999,0.4115977291159773,0.7620164126611958,0.7364604577384999,0.7490205116386265
0.37741599194744624,3251,1015,1162,1451,0.7366870609562656,0.4115977291159773,0.7620721987810596,0.7366870609562656,0.7491646503053347
0.3772924236096655,3252,1015,1161,1451,0.7369136641740313,0.4115977291159773,0.7621279587532224,0.7369136641740313,0.7493087557603686
0.37728143403655967,3253,1015,1160,1451,0.7371402673917969,0.4115977291159773,0.7621836925960638,0.7371402673917969,0.7494528280152057
0.3772808136001776,3254,1015,1159,1451,0.7373668706095626,0.4115977291159773,0.7622394003279457,0.7373668706095626,0.7495968670813176
0.37725596289921826,3255,1015,1158,1451,0.7375934738273283,0.4115977291159773,0.7622950819672131,0.7375934738273283,0.7497408729701716
0.37724684200401115,3255,1016,1158,1450,0.7375934738273283,0.4120032441200324,0.762116600327792,0.7375934738273283,0.7496545370796868
0.3771876773329283,3256,1016,1157,1450,0.737820077045094,0.4120032441200324,0.7621722846441947,0.737820077045094,0.7497985031663789
0.37718031312039796,3257,1016,1156,1450,0.7380466802628597,0.4120032441200324,0.7622279428972619,0.7380466802628597,0.7499424361040755
0.3771391526752953,3257,1017,1156,1449,0.7380466802628597,0.4124087591240876,0.7620496022461395,0.7380466802628597,0.7498561068262922
0.377119808559437,3257,1018,1156,1448,0.7380466802628597,0.41281427412814276,0.7618713450292398,0.7380466802628597,0.7497697974217311
0.37707988983158963,3257,1019,1156,1447,0.7380466802628597,0.41321978913219787,0.7616931711880262,0.7380466802628597,0.7496835078835309
0.3770794670935227,3258,1019,1155,1447,0.7382732834806254,0.41321978913219787,0.7617488894084639,0.7382732834806254,0.7498273878020713
0.3770778464007483,3258,1020,1155,1446,0.7382732834806254,0.41362530413625304,0.761570827489481,0.7382732834806254,0.7497411114946496
0.3770024120540399,3258,1021,1155,1445,0.7382732834806254,0.4140308191403082,0.7613928487964478,0.7382732834806254,0.7496548550391163
0.37699596301338345,3259,1021,1154,1445,0.7384998866983912,0.4140308191403082,0.7614485981308411,0.7384998866983912,0.7497986886000231
0.3769715740661278,3259,1022,1154,1444,0.7384998866983912,0.4144363341443633,0.7612707311375847,0.7384998866983912,0.7497124453646192
0.37693207292237174,3260,1022,1153,1444,0.7387264899161569,0.4144363341443633,0.7613264829518916,0.7387264899161569,0.7498562392179414
0.37690994530288724,3261,1022,1152,1444,0.7389530931339225,0.4144363341443633,0.7613822087321971,0.7389530931339225,0.75
0.3769075921091249,3261,1023,1152,1443,0.7389530931339225,0.4148418491484185,0.761204481792717,0.7389530931339225,0.7499137633666781
0.376887826394694,3262,1023,1151,1443,0.7391796963516882,0.4148418491484185,0.7612602100350059,0.7391796963516882,0.7500574844791906
0.37687235289829996,3263,1023,1150,1443,0.7394062995694539,0.4148418491484185,0.7613159122725152,0.7394062995694539,0.7502011725485689
0.3768527720247666,3263,1024,1150,1442,0.7394062995694539,0.41524736415247365,0.761138325169116,0.7394062995694539,0.7501149425287357
0.3768439720764949,3263,1025,1150,1441,0.7394062995694539,0.41565287915652877,0.7609608208955224,0.7394062995694539,0.7500287323296172
0.37682915056230404,3263,1026,1150,1440,0.7394062995694539,0.41605839416058393,0.7607833993937981,0.7394062995694539,0.7499425419443807
0.37681140815198766,3264,1026,1149,1440,0.7396329027872196,0.41605839416058393,0.7608391608391608,0.7396329027872196,0.7500861771802827
0.37680782216886805,3265,1026,1148,1440,0.7398595060049853,0.41605839416058393,0.7608948962945701,0.7398595060049853,0.7502297794117648
0.37680327361054405,3265,1027,1148,1439,0.7398595060049853,0.4164639091646391,0.76071761416589,0.7398595060049853,0.7501435956346927
0.37678275129496064,3265,1028,1148,1438,0.7398595060049853,0.41686942416869427,0.7605404146284649,0.7398595060049853,0.750057431656329
0.37676752918364265,3266,1028,1147,1438,0.740086109222751,0.41686942416869427,0.76059618071728,0.740086109222751,0.750200987711037
0.37675291125667715,3267,1028,1146,1438,0.7403127124405167,0.41686942416869427,0.7606519208381839,0.7403127124405167,0.7503445107946716
0.3766723860115815,3268,1028,1145,1438,0.7405393156582823,0.41686942416869427,0.7607076350093109,0.7405393156582823,0.75048800091859
0.37665912366238746,3268,1029,1145,1437,0.7405393156582823,0.4172749391727494,0.760530602746102,0.7405393156582823,0.7504018369690011
0.3765769745785525,3268,1030,1145,1436,0.7405393156582823,0.41768045417680455,0.7603536528617962,0.7405393156582823,0.7503156928022041
0.37655662107442395,3268,1031,1145,1435,0.7405393156582823,0.4180859691808597,0.7601767852989068,0.7405393156582823,0.7502295684113867
0.37655055477694355,3269,1031,1144,1435,0.740765918876048,0.4180859691808597,0.7602325581395348,0.740765918876048,0.7503730058533226
0.37652808308952934,3270,1031,1143,1435,0.7409925220938137,0.4180859691808597,0.7602883050453383,0.7409925220938137,0.7505164103741105
0.3765221893280125,3271,1031,1142,1435,0.7412191253115794,0.4180859691808597,0.7603440260344027,0.7412191253115794,0.7506597819850833
0.3765158420245586,3272,1031,1141,1435,0.7414457285293451,0.4180859691808597,0.7603997211247967,0.7414457285293451,0.7508031206975677
0.37647569874148246,3273,1031,1140,1435,0.7416723317471108,0.4180859691808597,0.7604553903345725,0.7416723317471108,0.7509464265228863
0.37644528992736936,3274,1031,1139,1435,0.7418989349648765,0.4180859691808597,0.7605110336817654,0.7418989349648765,0.751089699472356
0.3764452183285497,3274,1032,1139,1434,0.7418989349648765,0.41849148418491483,0.7603344170924292,0.7418989349648765,0.7510035554536071
0.3764230477904014,3274,1033,1139,1433,0.7418989349648765,0.41889699918897,0.760157882516833,0.7418989349648765,0.7509174311926604
0.37641110303963277,3275,1033,1138,1433,0.7421255381826422,0.41889699918897,0.760213556174559,0.7421255381826422,0.7510606581814011
0.3763953573071528,3275,1034,1138,1432,0.7421255381826422,0.41930251419302517,0.7600371315850545,0.7421255381826422,0.7509745471222196
0.37638422906713653,3275,1035,1138,1431,0.7421255381826422,0.4197080291970803,0.759860788863109,0.7421255381826422,0.7508884558064887
0.37632348477620053,3275,1036,1138,1430,0.7421255381826422,0.42011354420113545,0.7596845279517513,0.7421255381826422,0.7508023842274187
0.3762425504746978,3275,1037,1138,1429,0.7421255381826422,0.4205190592051906,0.759508348794063,0.7421255381826422,0.7507163323782234
0.3762267108909031,3276,1037,1137,1429,0.7423521414004078,0.4205190592051906,0.7595641085091583,0.7423521414004078,0.7508595003438001
0.37618341823736345,3277,1037,1136,1429,0.7425787446181735,0.4205190592051906,0.7596198423736671,0.7425787446181735,0.7510026354990259
0.3761727358399582,3278,1037,1135,1429,0.7428053478359393,0.4205190592051906,0.759675550405562,0.7428053478359393,0.7511457378551787
0.37612680600679976,3278,1038,1135,1428,0.7428053478359393,0.4209245742092457,0.7594995366079703,0.7428053478359393,0.7510596861037919
0.3760700589901198,3279,1038,1134,1428,0.743031951053705,0.4209245742092457,0.7595552466990966,0.743031951053705,0.7512027491408936
0.3760641618545571,3279,1039,1134,1427,0.743031951053705,0.4213300892133009,0.7593793422880963,0.743031951053705,0.7511167105715266
0.3759706249577342,3279,1040,1134,1426,0.743031951053705,0.42173560421735606,0.759203519333179,0.743031951053705,0.7510306917086579
0.37592722641172316,3280,1040,1133,1426,0.7432585542714707,0.42173560421735606,0.7592592592592593,0.7432585542714707,0.7511737089201878
0.37590437702196616,3280,1041,1133,1425,0.7432585542714707,0.4221411192214112,0.7590835454755843,0.7432585542714707,0.7510877032287612
0.37585874408982795,3280,1042,1133,1424,0.7432585542714707,0.42254663422546634,0.7589079130032392,0.7432585542714707,0.7510017172295363
0.3758459860528253,3280,1043,1133,1423,0.7432585542714707,0.4229521492295215,0.758732361785797,0.7432585542714707,0.750915750915751
0.3758215704600389,3281,1043,1132,1423,0.7434851574892364,0.4229521492295215,0.7587881591119334,0.7434851574892364,0.7510587158063408
0.37581449734014205,3282,1043,1131,1423,0.7437117607070021,0.4229521492295215,0.7588439306358381,0.7437117607070021,0.7512016479743648
0.3758011506758689,3283,1043,1130,1423,0.7439383639247678,0.4229521492295215,0.7588996763754046,0.7439383639247678,0.7513445474310563
0.3758010667261031,3283,1044,1130,1422,0.7439383639247678,0.4233576642335766,0.7587242893459671,0.7439383639247678,0.7512585812356981
0.37577474019452795,3284,1044,1129,1422,0.7441649671425334,0.4233576642335766,0.7587800369685767,0.7441649671425334,0.7514014414826679
0.37575586603620287,3285,1044,1128,1422,0.7443915703602991,0.4233576642335766,0.7588357588357588,0.7443915703602991,0.7515442690459849
0.37573543104817203,3286,1044,1127,1422,0.7446181735780648,0.4233576642335766,0.7588914549653579,0.7446181735780648,0.7516870639368637
0.3756681756680207,3286,1045,1127,1421,0.7446181735780648,0.4237631792376318,0.7587162318171323,0.7446181735780648,0.7516010978957
0.3756518634230434,3286,1046,1127,1420,0.7446181735780648,0.42416869424168696,0.7585410895660203,0.7446181735780648,0.7515151515151515
0.37564195588655563,3287,1046,1126,1420,0.7448447767958305,0.42416869424168696,0.7585968151396262,0.7448447767958305,0.7516579007546308
0.3756140751130602,3288,1046,1125,1420,0.7450713800135962,0.42416869424168696,0.7586525149976927,0.7450713800135962,0.7518006173545215
0.3755936848070172,3289,1046,1124,1420,0.7452979832313619,0.42416869424168696,0.7587081891580162,0.7452979832313619,0.7519433013260174
0.3755239852016539,3290,1046,1123,1420,0.7455245864491276,0.42416869424168696,0.7587638376383764,0.7455245864491276,0.7520859526803062
0.37552295231111393,3291,1046,1122,1420,0.7457511896668932,0.42416869424168696,0.7588194604565368,0.7457511896668932,0.7522285714285715
0.3753785238579762,3291,1047,1122,1419,0.7457511896668932,0.4245742092457421,0.7586445366528354,0.7457511896668932,0.7521426122728831
0.3753764025101838,3291,1048,1122,1418,0.7457511896668932,0.42497972424979724,0.7584696934777598,0.7457511896668932,0.7520566727605119
0.37530883883575433,3292,1048,1121,1418,0.7459777928846589,0.42497972424979724,0.7585253456221198,0.7459777928846589,0.7521992459728094
0.3752669870179923,3293,1048,1120,1418,0.7462043961024246,0.42497972424979724,0.7585809721262382,0.7462043961024246,0.7523417866118347
0.37519703834883283,3294,1048,1119,1418,0.7464309993201903,0.42497972424979724,0.7586365730078305,0.7464309993201903,0.7524842946887492
0.3751770802747605,3294,1049,1119,1417,0.7464309993201903,0.4253852392538524,0.758461892700898,0.7464309993201903,0.7523983554134308
0.3751599351534794,3295,1049,1118,1417,0.746657602537956,0.4253852392538524,0.7585174953959485,0.746657602537956,0.7525408244832705
0.37515754647709804,3295,1050,1118,1416,0.746657602537956,0.4257907542579075,0.7583429228998849,0.746657602537956,0.7524548983786252
0.3751253884793122,3296,1050,1117,1416,0.7468842057557218,0.4257907542579075,0.7583985273815003,0.7468842057557218,0.7525973284621533
0.3751077205529768,3296,1051,1117,1415,0.7468842057557218,0.4261962692619627,0.7582240625718887,0.7468842057557218,0.7525114155251142
0.37510102954661484,3297,1051,1116,1415,0.7471108089734875,0.4261962692619627,0.7582796688132475,0.7471108089734875,0.7526538066430773
0.37499108853584023,3297,1052,1116,1414,0.7471108089734875,0.42660178426601786,0.7581053115658772,0.7471108089734875,0.7525679068705775
0.37498439108333625,3298,1052,1115,1414,0.7473374121912532,0.42660178426601786,0.7581609195402299,0.7473374121912532,0.7527102590437066
0.37493214565152344,3298,1053,1115,1413,0.7473374121912532,0.42700729927007297,0.7579866697310963,0.7473374121912532,0.7526243724326792
0.37482509241027384,3299,1053,1114,1413,0.7475640154090188,0.42700729927007297,0.7580422794117647,0.7475640154090188,0.7527666856816886
0.3748122777112128,3300,1053,1113,1413,0.7477906186267845,0.42700729927007297,0.7580978635423845,0.7477906186267845,0.7529089664613279
0.37478694119349265,3301,1053,1112,1413,0.7480172218445502,0.42700729927007297,0.7581534221405604,0.7480172218445502,0.7530512147827079
0.3747616316660418,3302,1053,1111,1413,0.7482438250623159,0.42700729927007297,0.7582089552238805,0.7482438250623159,0.7531934306569343
0.374758641648337,3303,1053,1110,1413,0.7484704282800816,0.42700729927007297,0.7582644628099173,0.7484704282800816,0.7533356140951079
0.37472782717660985,3303,1054,1110,1412,0.7484704282800816,0.42741281427412814,0.7580904291943998,0.7484704282800816,0.7532497149372862
0.3746410764734912,3303,1055,1110,1411,0.7484704282800816,0.4278183292781833,0.757916475447453,0.7484704282800816,0.7531638353665489
0.3745833271676655,3304,1055,1109,1411,0.7486970314978473,0.4278183292781833,0.7579720119293416,0.7486970314978473,0.7533059735522115
0.37453662760533796,3305,1055,1108,1411,0.748923634715613,0.4278183292781833,0.7580275229357798,0.748923634715613,0.7534480793343212
0.3745342825151357,3306,1055,1107,1411,0.7491502379333786,0.4278183292781833,0.7580830084842926,0.7491502379333786,0.753590152723957
0.37451419584715717,3306,1056,1107,1410,0.7491502379333786,0.4282238442822384,0.7579092159559835,0.7491502379333786,0.7535042735042735
0.37450249319879375,3307,1056,1106,1410,0.7493768411511443,0.4282238442822384,0.7579647031858813,0.7493768411511443,0.7536463081130357
0.3744584400675605,3307,1057,1106,1409,0.7493768411511443,0.4286293592862936,0.7577910174152154,0.7493768411511443,0.7535604420644867
0.37443537466927834,3307,1058,1106,1408,0.7493768411511443,0.42903487429034876,0.7576174112256586,0.7493768411511443,0.7534745955798586
0.3744313080086812,3307,1059,1106,1407,0.7493768411511443,0.42944038929440387,0.7574438845625286,0.7493768411511443,0.7533887686524662
0.37440043515772936,3308,1059,1105,1407,0.74960344436891,0.42944038929440387,0.7574994275246164,0.74960344436891,0.7535307517084282
0.37434551310450825,3309,1059,1104,1407,0.7498300475866757,0.42944038929440387,0.757554945054945,0.7498300475866757,0.7536727024256918
0.3743437236286721,3310,1059,1103,1407,0.7500566508044414,0.42944038929440387,0.7576104371709773,0.7500566508044414,0.7538146208153041
0.3743404344995471,3310,1060,1103,1406,0.7500566508044414,0.42984590429845904,0.7574370709382151,0.7500566508044414,0.7537287942616419
0.37418848489042195,3311,1060,1102,1406,0.7502832540222071,0.42984590429845904,0.7574925646305193,0.7502832540222071,0.7538706739526411
0.37416815440680934,3311,1061,1102,1405,0.7502832540222071,0.4302514193025142,0.7573193046660567,0.7502832540222071,0.7537848605577688
0.37415718148278143,3312,1061,1101,1405,0.7505098572399728,0.4302514193025142,0.7573747999085296,0.7505098572399728,0.7539267015706805
0.3741318129397772,3313,1061,1100,1405,0.7507364604577385,0.4302514193025142,0.7574302697759487,0.7507364604577385,0.7540685102993057
0.3740188812650712,3313,1062,1100,1404,0.7507364604577385,0.4306569343065693,0.7572571428571429,0.7507364604577385,0.7539827036868456
0.37400948933978806,3313,1063,1100,1403,0.7507364604577385,0.4310624493106245,0.7570840950639853,0.7507364604577385,0.7538969166002958
0.3740047429447018,3314,1063,1099,1403,0.7509630636755041,0.4310624493106245,0.757139593328764,0.7509630636755041,0.7540386803185438
0.3739793790757116,3315,1063,1098,1403,0.7511896668932699,0.4310624493106245,0.7571950662402924,0.7511896668932699,0.7541804117847799
0.3739427682987363,3316,1063,1097,1403,0.7514162701110356,0.4310624493106245,0.7572505138159397,0.7514162701110356,0.7543221110100092
0.37394048070306396,3316,1064,1097,1402,0.7514162701110356,0.43146796431467965,0.7570776255707763,0.7514162701110356,0.7542363243489139
0.37392365116438214,3317,1064,1096,1402,0.7516428733288013,0.43146796431467965,0.7571330746404931,0.7516428733288013,0.7543779849897657
0.373910719157309,3318,1064,1095,1402,0.751869476546567,0.43146796431467965,0.7571884984025559,0.751869476546567,0.754519613416714
0.3738499211366994,3318,1065,1095,1401,0.751869476546567,0.4318734793187348,0.757015742642026,0.751869476546567,0.7544338335607095
0.37383351987543845,3319,1065,1094,1401,0.7520960797643327,0.4318734793187348,0.7570711678832117,0.7520960797643327,0.7545754234398091
0.3738322038776187,3320,1065,1093,1401,0.7523226829820984,0.4318734793187348,0.7571265678449259,0.7523226829820984,0.7547169811320755
0.3738139436736082,3321,1065,1092,1401,0.752549286199864,0.4318734793187348,0.7571819425444597,0.752549286199864,0.7548585066484828
0.3736748027872418,3322,1065,1091,1401,0.7527758894176297,0.4318734793187348,0.7572372919990882,0.7527758894176297,0.755
0.37363774823426243,3323,1065,1090,1401,0.7530024926353954,0.4318734793187348,0.7572926162260711,0.7530024926353954,0.7551414611975912
0.37359321280423213,3323,1066,1090,1400,0.7530024926353954,0.43227899432278993,0.7571200729095466,0.7530024926353954,0.7550556691660987
0.37355978239431675,3323,1067,1090,1399,0.7530024926353954,0.4326845093268451,0.7569476082004556,0.7530024926353954,0.7549698966261501
0.37355435442511353,3324,1067,1089,1399,0.7532290958531611,0.4326845093268451,0.7570029606012297,0.7532290958531611,0.7551113130395275
0.37353949307828965,3325,1067,1088,1399,0.7534556990709268,0.4326845093268451,0.7570582877959927,0.7534556990709268,0.7552526973310619
0.37340132062455905,3326,1067,1087,1399,0.7536823022886925,0.4326845093268451,0.7571135898019576,0.7536823022886925,0.7553940495116965
0.3733063236970602,3327,1067,1086,1399,0.7539089055064582,0.4326845093268451,0.7571688666363222,0.7539089055064582,0.7555353695923697
0.37318974484453127,3327,1068,1086,1398,0.7539089055064582,0.43309002433090027,0.7569965870307167,0.7539089055064582,0.7554495912806539
0.37316790119086435,3328,1068,1085,1398,0.7541355087242239,0.43309002433090027,0.7570518653321201,0.7541355087242239,0.7555908729708253
0.37304215963876813,3328,1069,1085,1397,0.7541355087242239,0.4334955393349554,0.7568796906982033,0.7541355087242239,0.7555051078320091
0.37303602054391455,3328,1070,1085,1396,0.7541355087242239,0.43390105433901055,0.7567075943610733,0.7541355087242239,0.7554193621609352
0.3730356277229316,3328,1071,1085,1395,0.7541355087242239,0.4343065693430657,0.7565355762673335,0.7541355087242239,0.755333635950976
0.3729986674359412,3328,1072,1085,1394,0.7541355087242239,0.43471208434712083,0.7563636363636363,0.7541355087242239,0.7552479291955065
0.3729871575205183,3328,1073,1085,1393,0.7541355087242239,0.435117599351176,0.7561917745966825,0.7541355087242239,0.7551622418879056
0.37296909314976223,3328,1074,1085,1392,0.7541355087242239,0.43552311435523117,0.7560199909132213,0.7541355087242239,0.7550765740215541
0.37294393365789935,3329,1074,1084,1392,0.7543621119419895,0.43552311435523117,0.7560754031342266,0.7543621119419895,0.7552177858439202
0.37293834820906363,3329,1075,1084,1391,0.7543621119419895,0.4359286293592863,0.7559037238873751,0.7543621119419895,0.7551321311103549
0.3729306037635708,3330,1075,1083,1391,0.7545887151597552,0.4359286293592863,0.7559591373439274,0.7545887151597552,0.7552733046042186
0.3729156565784167,3331,1075,1082,1391,0.7548153183775209,0.4359286293592863,0.7560145256468452,0.7548153183775209,0.7554144460823222
0.37286630891945494,3331,1076,1082,1390,0.7548153183775209,0.43633414436334145,0.7558429770819152,0.7548153183775209,0.755328798185941
0.3728618214610423,3332,1076,1081,1390,0.7550419215952866,0.43633414436334145,0.7558983666061706,0.7550419215952866,0.7554699013717266
0.37278997410485243,3332,1077,1081,1389,0.7550419215952866,0.4367396593673966,0.7557269222045815,0.7550419215952866,0.7553842666062116
0.3727685011032775,3332,1078,1081,1388,0.7550419215952866,0.43714517437145173,0.7555555555555555,0.7550419215952866,0.7552986512524085
0.3726769560650505,3332,1079,1081,1387,0.7550419215952866,0.4375506893755069,0.7553842666062117,0.7550419215952866,0.7552130553037171
0.3726173493047584,3333,1079,1080,1387,0.7552685248130524,0.4375506893755069,0.7554397098821396,0.7552685248130524,0.7553541076487253
0.37259874614016497,3333,1080,1080,1386,0.7552685248130524,0.43795620437956206,0.7552685248130524,0.7552685248130524,0.7552685248130524
0.37254959403237925,3333,1081,1080,1385,0.7552685248130524,0.4383617193836172,0.7550974173085636,0.7552685248130524,0.7551829613685284
0.37254907515682983,3333,1082,1080,1384,0.7552685248130524,0.43876723438767234,0.7549263873159683,0.7552685248130524,0.7550974173085637
0.37252931607884227,3333,1083,1080,1383,0.7552685248130524,0.4391727493917275,0.7547554347826086,0.7552685248130524,0.7550118926265715
0.37252812291682375,3333,1084,1080,1382,0.7552685248130524,0.4395782643957826,0.754584559655875,0.7552685248130524,0.7549263873159683
0.372455826728747,3334,1084,1079,1382,0.7554951280308181,0.4395782643957826,0.7546401086464464,0.7554951280308181,0.7550673762880761
0.3724497829313084,3335,1084,1078,1382,0.7557217312485838,0.4395782643957826,0.7546956324960399,0.7557217312485838,0.7552083333333334
0.37242957188559844,3335,1085,1078,1381,0.7557217312485838,0.4399837793998378,0.754524886877828,0.7557217312485838,0.7551228348239557
0.3723743605350285,3335,1086,1078,1380,0.7557217312485838,0.44038929440389296,0.7543542185026012,0.7557217312485838,0.7550373556712702
0.37233187757041636,3335,1087,1078,1379,0.7557217312485838,0.4407948094079481,0.7541836273179556,0.7557217312485838,0.754951895868704
0.37226743867506246,3336,1087,1077,1379,0.7559483344663495,0.4407948094079481,0.7542392041600724,0.7559483344663495,0.755092802172929
0.37225337795635677,3336,1088,1077,1378,0.7559483344663495,0.44120032441200324,0.7540687160940326,0.7559483344663495,0.7550073554373657
0.3722090069296658,3337,1088,1076,1378,0.7561749376841151,0.44120032441200324,0.7541242937853108,0.7561749376841151,0.7551482235799956
0.3722039115691102,3338,1088,1075,1378,0.7564015409018808,0.44120032441200324,0.754179846362404,0.7564015409018808,0.7552890598483991
0.3721513415252057,3339,1088,1074,1378,0.7566281441196465,0.44120032441200324,0.7542353738423312,0.7566281441196465,0.7554298642533936
0.3721007382668673,3340,1088,1073,1378,0.7568547473374122,0.44120032441200324,0.7542908762420958,0.7568547473374122,0.7555706368057913
0.3720952860919145,3341,1088,1072,1378,0.7570813505551779,0.44120032441200324,0.754346353578686,0.7570813505551779,0.7557113775163989
0.3720883477673803,3341,1089,1072,1377,0.7570813505551779,0.4416058394160584,0.754176072234763,0.7570813505551779,0.7556259188058351
0.3720820513898375,3342,1089,1071,1377,0.7573079537729436,0.4416058394160584,0.7542315504400813,0.7573079537729436,0.7557666214382632
0.37207297283673524,3342,1090,1071,1376,0.7573079537729436,0.4420113544201135,0.7540613718411552,0.7573079537729436,0.7556811758055398
0.3720649093788288,3342,1091,1071,1375,0.7573079537729436,0.4424168694241687,0.7538912700203023,0.7573079537729436,0.7555957494912955
0.3720341035512791,3342,1092,1071,1374,0.7573079537729436,0.44282238442822386,0.7537212449255751,0.7573079537729436,0.7555103424889793
0.3719876329457771,3342,1093,1071,1373,0.7573079537729436,0.44322789943227897,0.7535512965050732,0.7573079537729436,0.7554249547920434
0.37192914394081167,3343,1093,1070,1373,0.7575345569907093,0.44322789943227897,0.7536068530207394,0.7575345569907093,0.7555656006328398
0.37192069176506426,3343,1094,1070,1372,0.7575345569907093,0.44363341443633414,0.7534370069867027,0.7575345569907093,0.7554802259887006
0.37181114223157613,3344,1094,1069,1372,0.757761160208475,0.44363341443633414,0.7534925642181163,0.757761160208475,0.75562083380409
0.3717927250871265,3344,1095,1069,1371,0.757761160208475,0.4440389294403893,0.7533228204550575,0.757761160208475,0.7555354722096702
0.37178108265591836,3345,1095,1068,1371,0.7579877634262406,0.4440389294403893,0.7533783783783784,0.7579877634262406,0.7556760420196544
0.3717610651969646,3346,1095,1067,1371,0.7582143666440063,0.4440389294403893,0.7534339112812429,0.7582143666440063,0.7558165800768014
0.3717418209686071,3347,1095,1066,1371,0.758440969861772,0.4440389294403893,0.7534894191805493,0.758440969861772,0.755957086391869
0.37171336168733304,3347,1096,1066,1370,0.758440969861772,0.4444444444444444,0.753319828944407,0.758440969861772,0.7558717253839206
0.3717032945479946,3348,1096,1065,1370,0.7586675730795377,0.4444444444444444,0.7533753375337534,0.7586675730795377,0.7560121937450603
0.37165586144080603,3348,1097,1065,1369,0.7586675730795377,0.4448499594484996,0.7532058492688414,0.7586675730795377,0.7559268457891173
0.3715808487384024,3348,1098,1065,1368,0.7586675730795377,0.44525547445255476,0.7530364372469636,0.7586675730795377,0.7558415171012529
0.37151707098792386,3348,1099,1065,1367,0.7586675730795377,0.44566098945660987,0.7528671014166854,0.7586675730795377,0.7557562076749436
0.37150017613837266,3349,1099,1064,1367,0.7588941762973034,0.44566098945660987,0.7529226618705036,0.7588941762973034,0.7558966256630176
0.37149880643227057,3349,1100,1064,1366,0.7588941762973034,0.44606650446066504,0.7527534277365701,0.7588941762973034,0.7558113292710449
0.37147450343761157,3349,1101,1064,1365,0.7588941762973034,0.4464720194647202,0.7525842696629214,0.7588941762973034,0.7557260521268194
0.3714635377283852,3349,1102,1064,1364,0.7588941762973034,0.4468775344687753,0.7524151875982925,0.7588941762973034,0.7556407942238267
0.3714278048165189,3349,1103,1064,1363,0.7588941762973034,0.4472830494728305,0.7522461814914645,0.7588941762973034,0.7555555555555555
0.37139933550589044,3350,1103,1063,1363,0.7591207795150691,0.4472830494728305,0.7523018189984281,0.7591207795150691,0.7556959169862397
0.37138966368179455,3350,1104,1063,1362,0.7591207795150691,0.44768856447688565,0.7521329142343961,0.7591207795150691,0.7556106913273937
0.371312581580797,3351,1104,1062,1362,0.7593473827328348,0.44768856447688565,0.7521885521885522,0.7593473827328348,0.7557510148849798
0.3712524369764354,3351,1105,1062,1361,0.7593473827328348,0.4480940794809408,0.7520197486535009,0.7593473827328348,0.7556658022324952
0.3711810755205038,3351,1106,1062,1360,0.7593473827328348,0.44849959448499593,0.7518510208660534,0.7593473827328348,0.7555806087936866
0.37109440000054444,3351,1107,1062,1359,0.7593473827328348,0.4489051094890511,0.7516823687752355,0.7593473827328348,0.7554954345620561
0.3710894616310105,3352,1107,1061,1359,0.7595739859506005,0.4489051094890511,0.7517380578605068,0.7595739859506005,0.7556357078449053
0.3710852099979396,3353,1107,1060,1359,0.7598005891683662,0.4489051094890511,0.7517937219730941,0.7598005891683662,0.7557759495097487
0.37105646116769925,3354,1107,1059,1359,0.7600271923861319,0.4489051094890511,0.7518493611297915,0.7600271923861319,0.7559161595672752
0.371039302023053,3354,1108,1059,1358,0.7600271923861319,0.44931062449310627,0.7516808606006276,0.7600271923861319,0.755830985915493
0.37102172795693067,3355,1108,1058,1358,0.7602537956038976,0.44931062449310627,0.7517365001120323,0.7602537956038976,0.75597115817936
0.37100175082142123,3355,1109,1058,1357,0.7602537956038976,0.4497161394971614,0.7515681003584229,0.7602537956038976,0.7558859975216852
0.3710004868688648,3356,1109,1057,1357,0.7604803988216633,0.4497161394971614,0.7516237402015677,0.7604803988216633,0.7560261320117144
0.37097521167470193,3356,1110,1057,1356,0.7604803988216633,0.45012165450121655,0.7514554411106136,0.7604803988216633,0.7559409843450839
0.37092383551952507,3356,1111,1057,1355,0.7604803988216633,0.4505271695052717,0.7512872173718379,0.7604803988216633,0.7558558558558558
0.3708661731303212,3357,1111,1056,1355,0.760707002039429,0.4505271695052717,0.7513428827215757,0.760707002039429,0.7559959464024322
0.3708640479057246,3358,1111,1055,1355,0.7609336052571947,0.4505271695052717,0.7513985231595435,0.7609336052571947,0.7561360054041881
0.37079290141735344,3359,1111,1054,1355,0.7611602084749604,0.4505271695052717,0.7514541387024608,0.7611602084749604,0.7562760328717776
0.3707829498095742,3359,1112,1054,1354,0.7611602084749604,0.45093268450932683,0.7512860657571013,0.7611602084749604,0.7561909049977487
0.3707274254913938,3359,1113,1054,1353,0.7611602084749604,0.451338199513382,0.7511180679785331,0.7611602084749604,0.756105796285875
0.3707236245618686,3359,1114,1054,1352,0.7611602084749604,0.45174371451743717,0.7509501453163425,0.7611602084749604,0.7560207067296872
0.3707176000182505,3359,1115,1054,1351,0.7611602084749604,0.4521492295214923,0.7507822977201609,0.7611602084749604,0.7559356363227185
0.37070670747369694,3360,1115,1053,1351,0.761386811692726,0.4521492295214923,0.7508379888268156,0.761386811692726,0.7560756075607561
0.3707065507372501,3361,1115,1052,1351,0.7616134149104917,0.4521492295214923,0.7508936550491511,0.7616134149104917,0.7562155473056588
0.3706759752398667,3361,1116,1052,1350,0.7616134149104917,0.45255474452554745,0.7507259325441143,0.7616134149104917,0.7561304836895388
0.37067104132832984,3362,1116,1051,1350,0.7618400181282574,0.45255474452554745,0.7507815989280929,0.7618400181282574,0.7562703857833765
0.37065074751640426,3362,1117,1051,1349,0.7618400181282574,0.4529602595296026,0.7506139763340032,0.7618400181282574,0.7561853351327036
0.3706318940539265,3363,1117,1050,1349,0.7620666213460231,0.4529602595296026,0.7506696428571429,0.7620666213460231,0.7563251995951873
0.3706285642219402,3364,1117,1049,1349,0.7622932245637888,0.4529602595296026,0.7507252845347021,0.7622932245637888,0.7564650326062514
0.3705744132225959,3364,1118,1049,1348,0.7622932245637888,0.45336577453365773,0.7505577867023651,0.7622932245637888,0.7563799887577292
0.3705115901856445,3364,1119,1049,1347,0.7622932245637888,0.4537712895377129,0.7503903635958064,0.7622932245637888,0.7562949640287769
0.37050424442711194,3365,1119,1048,1347,0.7625198277815545,0.4537712895377129,0.7504460303300624,0.7625198277815545,0.7564347532876251
0.37048453433092465,3366,1119,1047,1347,0.7627464309993202,0.4537712895377129,0.7505016722408027,0.7627464309993202,0.7565745111260958
0.3704302012253539,3367,1119,1046,1347,0.7629730342170858,0.4537712895377129,0.7505572893446277,0.7629730342170858,0.7567142375547813
0.3703647261119022,3368,1119,1045,1347,0.7631996374348515,0.4537712895377129,0.7506128816581235,0.7631996374348515,0.7568539325842696
0.3703529228169579,3368,1120,1045,1346,0.7631996374348515,0.45417680454176806,0.750445632798574,0.7631996374348515,0.7567689023705202
0.3702305509859131,3368,1121,1045,1345,0.7631996374348515,0.4545823195458232,0.7502784584539987,0.7631996374348515,0.7566838912603909
0.37021222273291277,3368,1122,1045,1344,0.7631996374348515,0.45498783454987834,0.7501113585746102,0.7631996374348515,0.7565988992474446
0.3701843248015624,3369,1122,1044,1344,0.7634262406526172,0.45498783454987834,0.7501670006680027,0.7634262406526172,0.7567385444743936
0.3701615604203516,3370,1122,1043,1344,0.763652843870383,0.45498783454987834,0.7502226179875334,0.763652843870383,0.7568781583380124
0.37015988181032244,3370,1123,1043,1343,0.763652843870383,0.4553933495539335,0.7500556421099488,0.763652843870383,0.7567931731417021
0.3701531879215282,3371,1123,1042,1343,0.7638794470881487,0.4553933495539335,0.7501112594570538,0.7638794470881487,0.7569327495228472
0.37011464628921603,3371,1124,1042,1342,0.7638794470881487,0.4557988645579886,0.7499443826473859,0.7638794470881487,0.7568477772788504
0.37008506411419895,3372,1124,1041,1342,0.7641060503059144,0.4557988645579886,0.75,0.7641060503059144,0.756987316197104
0.3700821673657181,3373,1124,1040,1342,0.7643326535236801,0.4557988645579886,0.7500555926173004,0.7643326535236801,0.7571268237934905
0.3700305233927379,3374,1124,1039,1342,0.7645592567414458,0.4557988645579886,0.7501111605157847,0.7645592567414458,0.7572663000785546
0.3700236777673378,3374,1125,1039,1341,0.7645592567414458,0.4562043795620438,0.7499444320960214,0.7645592567414458,0.757181328545781
0.3700196439120374,3375,1125,1038,1341,0.7647858599592114,0.4562043795620438,0.75,0.7647858599592114,0.7573207674183777
0.3700008209505236,3376,1125,1037,1341,0.7650124631769771,0.4562043795620438,0.7500555432126195,0.7650124631769771,0.7574601750056092
0.36999742923496365,3376,1126,1037,1340,0.7650124631769771,0.45660989456609896,0.7498889382496668,0.7650124631769771,0.7573752103196859
0.3699973194473715,3377,1126,1036,1340,0.7652390663947428,0.45660989456609896,0.7499444814568066,0.7652390663947428,0.7575145805293854
0.36998839072766604,3378,1126,1035,1340,0.7654656696125085,0.45660989456609896,0.75,0.7654656696125085,0.7576539194796457
0.36998718963305854,3379,1126,1034,1340,0.7656922728302742,0.45660989456609896,0.7500554938956715,0.7656922728302742,0.7577932271809824
0.3699817520389701,3380,1126,1033,1340,0.7659188760480399,0.45660989456609896,0.7501109631602308,0.7659188760480399,0.7579325036439063
0.36988452335232874,3381,1126,1032,1340,0.7661454792658056,0.45660989456609896,0.7501664078100733,0.7661454792658056,0.7580717488789237
0.3698781514077569,3382,1126,1031,1340,0.7663720824835712,0.45660989456609896,0.7502218278615794,0.7663720824835712,0.7582109628965362
0.3698140910491119,3382,1127,1031,1339,0.7663720824835712,0.4570154095701541,0.7500554446662231,0.7663720824835712,0.7581259807218114
0.3697948680859109,3383,1127,1030,1339,0.7665986857013369,0.4570154095701541,0.7501108647450111,0.7665986857013369,0.7582651574582538
0.36977302790448924,3384,1127,1029,1339,0.7668252889191026,0.4570154095701541,0.7501662602527156,0.7668252889191026,0.7584043030031375
0.3697676494553811,3384,1128,1029,1338,0.7668252889191026,0.45742092457420924,0.75,0.7668252889191026,0.7583193277310923
0.3697610504458498,3385,1128,1028,1338,0.7670518921368683,0.45742092457420924,0.7500553955240417,0.7670518921368683,0.7584584360295765
0.3697355600919711,3385,1129,1028,1337,0.7670518921368683,0.4578264395782644,0.7498892334957908,0.7670518921368683,0.7583734737313768
0.36972793692586997,3385,1130,1028,1336,0.7670518921368683,0.4582319545823195,0.7497231450719822,0.7670518921368683,0.7582885304659498
0.3696497230856318,3385,1131,1028,1335,0.7670518921368683,0.4586374695863747,0.7495571302037201,0.7670518921368683,0.7582036062269011
0.369579697539719,3386,1131,1027,1335,0.767278495354634,0.4586374695863747,0.749612574717733,0.767278495354634,0.7583426651735722
0.3695644654136111,3386,1132,1027,1334,0.767278495354634,0.45904298459042986,0.7494466578131916,0.767278495354634,0.7582577538909416
0.36955627986352857,3387,1132,1026,1334,0.7675050985723997,0.45904298459042986,0.7495021022350078,0.7675050985723997,0.7583967756381549
0.36948918294706773,3387,1133,1026,1333,0.7675050985723997,0.45944849959448497,0.7493362831858407,0.7675050985723997,0.7583118773088546
0.3694661804273022,3387,1134,1026,1332,0.7675050985723997,0.45985401459854014,0.7491705374917054,0.7675050985723997,0.758226997985225
0.3694536638070971,3388,1134,1025,1332,0.7677317017901654,0.45985401459854014,0.7492260061919505,0.7677317017901654,0.7583659764969223
0.36940060183120643,3389,1134,1024,1332,0.7679583050079312,0.45985401459854014,0.7492814503648021,0.7679583050079312,0.7585049239033124
0.36935458015694383,3390,1134,1023,1332,0.7681849082256968,0.45985401459854014,0.7493368700265252,0.7681849082256968,0.7586438402148372
0.3693499363011371,3390,1135,1023,1331,0.7681849082256968,0.4602595296025953,0.7491712707182321,0.7681849082256968,0.7585589617364065
0.36931818410658784,3392,1135,1021,1331,0.7686381146612282,0.4602595296025953,0.7492820852661807,0.7686381146612282,0.7588366890380313
0.3692793590967094,3392,1136,1021,1330,0.7686381146612282,0.4606650446066504,0.7491166077738516,0.7686381146612282,0.7587518174700817
0.36924784150209533,3393,1136,1020,1330,0.7688647178789939,0.4606650446066504,0.7491720026495915,0.7688647178789939,0.7588906284947439
0.3692014579420122,3393,1137,1020,1329,0.7688647178789939,0.4610705596107056,0.7490066225165563,0.7688647178789939,0.7588057698758806
0.3691832703614512,3393,1138,1020,1328,0.7688647178789939,0.46147607461476076,0.7488413153829176,0.7688647178789939,0.7587209302325582
0.36917155359712367,3393,1139,1020,1327,0.7688647178789939,0.46188158961881587,0.748676081200353,0.7688647178789939,0.7586361095584125
0.3689944514781681,3393,1140,1020,1326,0.7688647178789939,0.46228710462287104,0.7485109199205824,0.7688647178789939,0.7585513078470826
0.36887009590005193,3394,1140,1019,1326,0.7690913210967596,0.46228710462287104,0.7485663872959859,0.7690913210967596,0.7586900637085057
0.3688401691065005,3395,1140,1018,1326,0.7693179243145253,0.46228710462287104,0.7486218302094818,0.7693179243145253,0.758828788556102
0.36881653987687674,3395,1141,1018,1325,0.7693179243145253,0.4626926196269262,0.7484567901234568,0.7693179243145253,0.7587439937423176
0.3687783765856771,3396,1141,1017,1325,0.769544527532291,0.4626926196269262,0.7485122327529204,0.769544527532291,0.7588826815642458
0.36872955263768825,3397,1141,1016,1325,0.7697711307500567,0.4626926196269262,0.748567650947554,0.7697711307500567,0.7590213383979444
0.3686899427873655,3398,1141,1015,1325,0.7699977339678223,0.4626926196269262,0.7486230447235074,0.7699977339678223,0.7591599642537981
0.3686390756786775,3399,1141,1014,1325,0.770224337185588,0.4626926196269262,0.7486784140969163,0.770224337185588,0.7592985591421869
0.3686191234267159,3399,1142,1014,1324,0.770224337185588,0.4630981346309814,0.7485135432724069,0.770224337185588,0.7592137592137591
0.3685713692266577,3399,1143,1014,1323,0.770224337185588,0.4635036496350365,0.7483487450462352,0.770224337185588,0.7591289782244557
0.3685216344244278,3400,1143,1013,1323,0.7704509404033537,0.4635036496350365,0.7484041382346467,0.7704509404033537,0.7592675301473872
0.36849412249283897,3400,1144,1013,1322,0.7704509404033537,0.46390916463909165,0.7482394366197183,0.7704509404033537,0.7591827620855197
0.3684876183902139,3400,1145,1013,1321,0.7704509404033537,0.4643146796431468,0.7480748074807481,0.7704509404033537,0.759098012949319
0.36845745571451183,3400,1146,1013,1320,0.7704509404033537,0.46472019464720193,0.7479102507699076,0.7704509404033537,0.7590132827324478
0.36844978214356433,3400,1147,1013,1319,0.7704509404033537,0.4651257096512571,0.7477457664394106,0.7704509404033537,0.7589285714285713
0.36840244343685635,3400,1148,1013,1318,0.7704509404033537,0.46553122465531227,0.7475813544415127,0.7704509404033537,0.7588438790313581
0.3683439848036433,3401,1148,1012,1318,0.7706775436211194,0.46553122465531227,0.7476368432622554,0.7706775436211194,0.7589823700066949
0.36829247494636785,3402,1148,1011,1318,0.7709041468388851,0.46553122465531227,0.7476923076923077,0.7709041468388851,0.7591208300792145
0.3682827345599393,3403,1148,1010,1318,0.7711307500566508,0.46553122465531227,0.7477477477477478,0.7711307500566508,0.7592592592592593
0.3682411793551568,3404,1148,1009,1318,0.7713573532744165,0.46553122465531227,0.7478031634446397,0.7713573532744165,0.7593976575571666
0.368208797578397,3405,1148,1008,1318,0.7715839564921821,0.46553122465531227,0.7478585547990336,0.7715839564921821,0.7595360249832701
0.3681393911284774,3405,1149,1008,1317,0.7715839564921821,0.4659367396593674,0.7476943346508564,0.7715839564921821,0.7594513215122115
0.36811332478624625,3405,1150,1008,1316,0.7715839564921821,0.46634225466342255,0.747530186608123,0.7715839564921821,0.7593666369313113
0.3680880955056657,3406,1150,1007,1316,0.7718105597099478,0.46634225466342255,0.747585601404741,0.7718105597099478,0.7595049615341732
0.3680780191842683,3406,1151,1007,1315,0.7718105597099478,0.4667477696674777,0.7474215492648673,0.7718105597099478,0.7594202898550725
0.36807682597797214,3406,1152,1007,1314,0.7718105597099478,0.46715328467153283,0.7472575691092584,0.7718105597099478,0.7593356370527254
0.3679579766018996,3407,1152,1006,1314,0.7720371629277136,0.46715328467153283,0.7473130072384295,0.7720371629277136,0.7594739188586714
0.36795114840009624,3407,1153,1006,1313,0.7720371629277136,0.467558799675588,0.7471491228070175,0.7720371629277136,0.7593892789479549
0.3679254391755472,3407,1154,1006,1312,0.7720371629277136,0.46796431467964317,0.7469853102389826,0.7720371629277136,0.7593046579006019
0.3679239651757575,3408,1154,1005,1312,0.7722637661454793,0.46796431467964317,0.7470407715914072,0.7722637661454793,0.7594428969359331
0.3678342428826368,3409,1154,1004,1312,0.772490369363245,0.46796431467964317,0.7470962086346702,0.772490369363245,0.7595811051693405
0.3678303454710444,3409,1155,1004,1311,0.772490369363245,0.4683698296836983,0.7469325153374233,0.772490369363245,0.7594964910326389
0.3678296838567552,3409,1156,1004,1310,0.772490369363245,0.46877534468775345,0.7467688937568455,0.772490369363245,0.7594118957451549
0.3678277870442444,3410,1156,1003,1310,0.7727169725810107,0.46877534468775345,0.7468243539202803,0.7727169725810107,0.7595500612540372
0.3678011408412282,3410,1157,1003,1309,0.7727169725810107,0.4691808596918086,0.746660827676812,0.7727169725810107,0.7594654788418709
0.3677740913859246,3410,1158,1003,1308,0.7727169725810107,0.46958637469586373,0.7464973730297724,0.7727169725810107,0.7593809152655607
0.3677607973513701,3410,1159,1003,1307,0.7727169725810107,0.4699918896999189,0.7463339899321515,0.7727169725810107,0.7592963705188155
0.36763386589718405,3411,1159,1002,1307,0.7729435757987764,0.4699918896999189,0.7463894967177243,0.7729435757987764,0.7594344873650227
0.367599552863524,3412,1159,1001,1307,0.7731701790165421,0.4699918896999189,0.7464449792168015,0.7731701790165421,0.7595725734639358
0.3675956372536394,3413,1159,1000,1307,0.7733967822343077,0.4699918896999189,0.7465004374453194,0.7733967822343077,0.7597106288258207
0.3675536181336745,3414,1159,999,1307,0.7736233854520734,0.4699918896999189,0.7465558714191997,0.7736233854520734,0.7598486534609392
0.36755079347506436,3415,1159,998,1307,0.7738499886698391,0.4699918896999189,0.7466112811543507,0.7738499886698391,0.7599866473795482
0.367538725284013,3415,1160,998,1306,0.7738499886698391,0.47039740470397406,0.746448087431694,0.7738499886698391,0.7599020916777927
0.36751682225961607,3416,1160,997,1306,0.7740765918876048,0.47039740470397406,0.7465034965034965,0.7740765918876048,0.7600400489487149
0.36751205267511006,3417,1160,996,1306,0.7743031951053705,0.47039740470397406,0.7465588813633385,0.7743031951053705,0.760177975528365
0.3674894794395066,3418,1160,995,1306,0.7745297983231362,0.47039740470397406,0.746614242027086,0.7745297983231362,0.7603158714269824
0.36742747982769985,3419,1160,994,1306,0.7747564015409019,0.47039740470397406,0.7466695785105918,0.7747564015409019,0.7604537366548042
0.36737878344108615,3420,1160,993,1306,0.7749830047586675,0.47039740470397406,0.7467248908296943,0.7749830047586675,0.7605915712220616
0.3673742231261568,3421,1160,992,1306,0.7752096079764332,0.47039740470397406,0.7467801790002183,0.7752096079764332,0.7607293751389816
0.3672985624565086,3422,1160,991,1306,0.7754362111941989,0.47039740470397406,0.7468354430379747,0.7754362111941989,0.7608671484157865
0.3672223185113048,3423,1160,990,1306,0.7756628144119646,0.47039740470397406,0.7468906829587606,0.7756628144119646,0.7610048910626944
0.36721035529149587,3424,1160,989,1306,0.7758894176297303,0.47039740470397406,0.7469458987783595,0.7758894176297303,0.7611426030899188
0.3671839937766027,3424,1161,989,1305,0.7758894176297303,0.4708029197080292,0.746782988004362,0.7758894176297303,0.7610580128917537
0.3671809770426184,3425,1161,988,1305,0.776116020847496,0.4708029197080292,0.7468382032272133,0.776116020847496,0.7611956884098232
0.3671758711755462,3425,1162,988,1304,0.776116020847496,0.47120843471208435,0.7466753869631567,0.776116020847496,0.7611111111111112
0.367150492766309,3425,1163,988,1303,0.776116020847496,0.4716139497161395,0.7465126416739319,0.776116020847496,0.761026552605266
0.3671079891102204,3425,1164,988,1302,0.776116020847496,0.4720194647201946,0.7463499673131401,0.776116020847496,0.7609420128860253
0.36704959798553766,3426,1164,987,1302,0.7763426240652618,0.4720194647201946,0.74640522875817,0.7763426240652618,0.76107964011996
0.3670270614358303,3427,1164,986,1302,0.7765692272830275,0.4720194647201946,0.7464604661293835,0.7765692272830275,0.7612172367836517
0.3670088033174277,3428,1164,985,1302,0.7767958305007931,0.4720194647201946,0.7465156794425087,0.7767958305007931,0.761354802887285
0.3669666883900426,3428,1165,985,1301,0.7767958305007931,0.4724249797242498,0.746353146091879,0.7767958305007931,0.7612702642682656
0.36695477148514305,3429,1165,984,1301,0.7770224337185588,0.4724249797242498,0.7464083587287766,0.7770224337185588,0.7614077939380481
0.3669402988875659,3430,1165,983,1301,0.7772490369363245,0.4724249797242498,0.7464635473340587,0.7772490369363245,0.7615452930728241
0.36693924642745185,3430,1166,983,1300,0.7772490369363245,0.47283049472830496,0.7463011314186249,0.7772490369363245,0.7614607614607616
0.36693845300502165,3431,1166,982,1300,0.7774756401540902,0.47283049472830496,0.7463563193386992,0.7774756401540902,0.7615982241953385
0.36688854370433016,3432,1166,981,1300,0.7777022433718559,0.47283049472830496,0.7464114832535885,0.7777022433718559,0.7617356564199311
0.3668431315556709,3432,1167,981,1299,0.7777022433718559,0.4732360097323601,0.746249184605349,0.7777022433718559,0.7616511318242343
0.36683998531610407,3433,1167,980,1299,0.7779288465896216,0.4732360097323601,0.746304347826087,0.7779288465896216,0.7617885276822368
0.3668077825275277,3433,1168,980,1298,0.7779288465896216,0.47364152473641524,0.7461421430123886,0.7779288465896216,0.7617040159751497
0.36678196256378204,3434,1168,979,1298,0.7781554498073873,0.47364152473641524,0.7461973055193394,0.7781554498073873,0.7618413754853022
0.3667688927824075,3435,1168,978,1298,0.778382053025153,0.47364152473641524,0.7462524440582229,0.778382053025153,0.7619787045252884
0.3667158052946891,3435,1169,978,1297,0.778382053025153,0.4740470397404704,0.7460903562119896,0.778382053025153,0.7618941998447376
0.3666457597971089,3435,1170,978,1296,0.778382053025153,0.4744525547445255,0.745928338762215,0.778382053025153,0.7618097139055223
0.36654860823163327,3435,1171,978,1295,0.778382053025153,0.4748580697485807,0.7457663916630481,0.778382053025153,0.7617252467014081
0.3665315168988596,3436,1171,977,1295,0.7786086562429186,0.4748580697485807,0.7458215758628175,0.7786086562429186,0.7618625277161862
0.3665304385048609,3436,1172,977,1294,0.7786086562429186,0.47526358475263586,0.7456597222222222,0.7786086562429186,0.7617780733843256
0.36651882620910997,3436,1173,977,1293,0.7786086562429186,0.47566909975669097,0.7454979388153613,0.7786086562429186,0.7616936377743294
0.3665172096161264,3437,1173,976,1293,0.7788352594606843,0.47566909975669097,0.7455531453362256,0.7788352594606843,0.7618308766485649
0.3664367783348849,3438,1173,975,1293,0.77906186267845,0.47566909975669097,0.745608327911516,0.77906186267845,0.7619680851063829
0.36635963404110433,3438,1174,975,1292,0.77906186267845,0.47607461476074614,0.7454466608846487,0.77906186267845,0.7618836565096954
0.3662720171865863,3439,1174,974,1292,0.7792884658962157,0.47607461476074614,0.7455018426186864,0.7792884658962157,0.7620208287170397
0.366259960464613,3439,1175,974,1291,0.7792884658962157,0.4764801297648013,0.7453402687472909,0.7792884658962157,0.7619364129832724
0.3662440921396261,3439,1176,974,1290,0.7792884658962157,0.4768856447688564,0.7451787648970748,0.7792884658962157,0.7618520159503767
0.36614111184601755,3440,1176,973,1290,0.7795150691139814,0.4768856447688564,0.7452339688041595,0.7795150691139814,0.7619891460848377
0.3661401297222859,3440,1177,973,1289,0.7795150691139814,0.4772911597729116,0.745072557938055,0.7795150691139814,0.7619047619047619
0.3661378941831202,3441,1177,972,1289,0.7797416723317471,0.4772911597729116,0.74512776093547,0.7797416723317471,0.7620418558299192
0.366136038030125,3442,1177,971,1289,0.7799682755495128,0.4772911597729116,0.7451829400303096,0.7799682755495128,0.7621789193976971
0.36606114230752657,3443,1177,970,1289,0.7801948787672784,0.4772911597729116,0.7452380952380953,0.7801948787672784,0.7623159526181778
0.3660517734492668,3444,1177,969,1289,0.7804214819850442,0.4772911597729116,0.7452932265743346,0.7804214819850442,0.762452955501439
0.3660513931317487,3444,1178,969,1288,0.7804214819850442,0.47769667477696676,0.7451319774989182,0.7804214819850442,0.7623685666851134
0.3660438900457914,3444,1179,969,1287,0.7804214819850442,0.4781021897810219,0.744970798182998,0.7804214819850442,0.7622841965471449
0.3660256238682678,3445,1179,968,1287,0.7806480852028099,0.4781021897810219,0.7450259515570934,0.7806480852028099,0.76242115746376
0.3659954469527628,3445,1180,968,1286,0.7806480852028099,0.47850770478507704,0.7448648648648649,0.7806480852028099,0.7623368001770304
0.3659201977666981,3446,1180,967,1286,0.7808746884205756,0.47850770478507704,0.7449200172935582,0.7808746884205756,0.7624737249695763
0.36591801865555346,3447,1180,966,1286,0.7811012916383413,0.47850770478507704,0.7449751458828615,0.7811012916383413,0.7626106194690266
0.36589710025710653,3448,1180,965,1286,0.781327894856107,0.47850770478507704,0.7450302506482281,0.781327894856107,0.762747483685433
0.3658850355588038,3449,1180,964,1286,0.7815544980738727,0.47850770478507704,0.7450853316050983,0.7815544980738727,0.7628843176288432
0.3658839149044237,3449,1181,964,1285,0.7815544980738727,0.4789132197891322,0.7449244060475162,0.7815544980738727,0.7627999557668915
0.3658763792713411,3449,1182,964,1284,0.7815544980738727,0.4793187347931874,0.7447635499892032,0.7815544980738727,0.7627156125608138
0.36587374892000407,3450,1182,963,1284,0.7817811012916384,0.4793187347931874,0.7448186528497409,0.7817811012916384,0.7628524046434495
0.3658570462503172,3450,1183,963,1283,0.7817811012916384,0.4797242497972425,0.7446578890567667,0.7817811012916384,0.7627680742869777
0.3658435777423242,3450,1184,963,1282,0.7817811012916384,0.48012976480129765,0.744497194648252,0.7817811012916384,0.7626837625732287
0.36583277033160044,3451,1184,962,1282,0.782007704509404,0.48012976480129765,0.7445523193096009,0.782007704509404,0.7628205128205129
0.36573324679568225,3452,1184,961,1282,0.7822343077271697,0.48012976480129765,0.7446074201898188,0.7822343077271697,0.7629572328434081
0.3657034941508332,3452,1185,961,1281,0.7822343077271697,0.4805352798053528,0.7444468406297174,0.7822343077271697,0.7628729281767955
0.36564131510437153,3452,1186,961,1280,0.7822343077271697,0.48094079480940793,0.7442863303147909,0.7822343077271697,0.7627886421389901
0.36559984133288403,3453,1186,960,1280,0.7824609109449354,0.48094079480940793,0.7443414528993317,0.7824609109449354,0.7629253203711887
0.36559259959681967,3453,1187,960,1279,0.7824609109449354,0.4813463098134631,0.7441810344827586,0.7824609109449354,0.762841047166685
0.3655890307227454,3453,1188,960,1278,0.7824609109449354,0.48175182481751827,0.7440206851971558,0.7824609109449354,0.7627567925778661
0.3655305151220522,3454,1188,959,1278,0.7826875141627011,0.48175182481751827,0.7440758293838863,0.7826875141627011,0.7628934290447266
0.36550845157525563,3455,1188,958,1278,0.7829141173804668,0.48175182481751827,0.7441309498169287,0.7829141173804668,0.7630300353356891
0.36546724242205963,3455,1189,958,1277,0.7829141173804668,0.4821573398215734,0.7439707149009475,0.7829141173804668,0.7629457877884508
0.3654592730614046,3455,1190,958,1276,0.7829141173804668,0.48256285482562855,0.7438105489773951,0.7829141173804668,0.7628615588430117
0.3654539208732906,3455,1191,958,1275,0.7829141173804668,0.4829683698296837,0.7436504520017219,0.7829141173804668,0.7627773484932112
0.3654200708295336,3456,1191,957,1275,0.7831407205982325,0.4829683698296837,0.7437056165267915,0.7831407205982325,0.7629139072847682
0.36540109654490593,3456,1192,957,1274,0.7831407205982325,0.48337388483373883,0.7435456110154905,0.7831407205982325,0.7628297097450613
0.3653950172733647,3457,1192,956,1274,0.7833673238159982,0.48337388483373883,0.7436007743600774,0.7833673238159982,0.7629662326197307
0.36537658074224105,3457,1193,956,1273,0.7833673238159982,0.483779399837794,0.7434408602150537,0.7833673238159982,0.7628820478870131
0.36531510806206124,3457,1194,956,1272,0.7833673238159982,0.48418491484184917,0.7432810148355192,0.7833673238159982,0.7627978817299206
0.3652795348221532,3458,1194,955,1272,0.7835939270337638,0.48418491484184917,0.7433361994840929,0.7835939270337638,0.762934362934363
0.36523333302258393,3458,1195,955,1271,0.7835939270337638,0.4845904298459043,0.7431764453041049,0.7835939270337638,0.7628502095742333
0.3651934297766742,3459,1195,954,1271,0.7838205302515295,0.4845904298459043,0.7432316287064891,0.7838205302515295,0.7629866549023933
0.36510146681990246,3459,1196,954,1270,0.7838205302515295,0.48499594484995945,0.7430719656283566,0.7838205302515295,0.7629025143361271
0.3650987895657497,3459,1197,954,1269,0.7838205302515295,0.4854014598540146,0.7429123711340206,0.7838205302515295,0.7628183923255044
0.3650979245614798,3461,1197,952,1269,0.7842737366870609,0.4854014598540146,0.7430227565478746,0.7842737366870609,0.7630911696615589
0.3650840833076752,3461,1198,952,1268,0.7842737366870609,0.48580697485806973,0.7428632753809831,0.7842737366870609,0.7630070546737212
0.36508296489573305,3461,1199,952,1267,0.7842737366870609,0.4862124898621249,0.7427038626609442,0.7842737366870609,0.7629229582277086
0.3650819771006833,3463,1199,950,1267,0.7847269431225924,0.4862124898621249,0.7428142428142428,0.7847269431225924,0.7631955922865014
0.36507662588162854,3463,1200,950,1266,0.7847269431225924,0.48661800486618007,0.7426549431696333,0.7847269431225924,0.7631115028646982
0.36506594945713816,3463,1201,950,1265,0.7847269431225924,0.4870235198702352,0.7424957118353345,0.7847269431225924,0.7630274319709155
0.36504693032587443,3464,1201,949,1265,0.7849535463403581,0.4870235198702352,0.742550911039657,0.7849535463403581,0.7631636924432693
0.3649967378963222,3465,1201,948,1265,0.7851801495581238,0.4870235198702352,0.7426060865837977,0.7851801495581238,0.7632999228989977
0.3649399599298226,3466,1201,947,1265,0.7854067527758894,0.4870235198702352,0.7426612384829655,0.7854067527758894,0.7634361233480176
0.3649039299541585,3467,1201,946,1265,0.7856333559936551,0.4870235198702352,0.7427163667523564,0.7856333559936551,0.7635722938002424
0.36488489278712544,3467,1202,946,1264,0.7856333559936551,0.48742903487429035,0.7425572927821803,0.7856333559936551,0.7634882184540849
0.3648824048873671,3468,1202,945,1264,0.7858599592114208,0.48742903487429035,0.7426124197002142,0.7858599592114208,0.763624353187273
0.36487092469607985,3469,1202,944,1264,0.7860865624291865,0.48742903487429035,0.7426675230143438,0.7860865624291865,0.7637604579480406
0.3648275733936783,3470,1202,943,1264,0.7863131656469522,0.48742903487429035,0.742722602739726,0.7863131656469522,0.763896532746285
0.3648230170508754,3471,1202,942,1264,0.7865397688647179,0.48742903487429035,0.7427776588915044,0.7865397688647179,0.7640325775918996
0.3648177082659358,3472,1202,941,1264,0.7867663720824836,0.48742903487429035,0.7428326914848096,0.7867663720824836,0.7641685924947728
0.36481429982286806,3472,1203,941,1263,0.7867663720824836,0.4878345498783455,0.7426737967914439,0.7867663720824836,0.7640845070422535
0.36479318174644554,3472,1204,941,1262,0.7867663720824836,0.4882400648824006,0.7425149700598802,0.7867663720824836,0.7640004400924194
0.36472231343918876,3472,1205,941,1261,0.7867663720824836,0.4886455798864558,0.7423562112465255,0.7867663720824836,0.7639163916391638
0.3646651004091335,3472,1206,941,1260,0.7867663720824836,0.48905109489051096,0.7421975203078238,0.7867663720824836,0.7638323616763832
0.36463293126790397,3472,1207,941,1259,0.7867663720824836,0.4894566098945661,0.7420388972002565,0.7867663720824836,0.7637483501979762
0.3646318799215169,3473,1207,940,1259,0.7869929753002493,0.4894566098945661,0.7420940170940171,0.7869929753002493,0.7638843066094799
0.36458399249705764,3474,1207,939,1259,0.7872195785180149,0.4894566098945661,0.7421491134372997,0.7872195785180149,0.764020233120739
0.3645613379845022,3475,1207,938,1259,0.7874461817357806,0.4894566098945661,0.7422041862451944,0.7874461817357806,0.7641561297416163
0.364557255800756,3476,1207,937,1259,0.7876727849535463,0.4894566098945661,0.7422592355327782,0.7876727849535463,0.7642919964819701
0.364541529199875,3476,1208,937,1258,0.7876727849535463,0.48986212489862124,0.7421007685738685,0.7876727849535463,0.7642079806529626
0.3645063717483855,3477,1208,936,1258,0.787899388171312,0.48986212489862124,0.7421558164354323,0.787899388171312,0.7643438118267751
0.36444480515784833,3477,1209,936,1257,0.787899388171312,0.4902676399026764,0.7419974391805377,0.787899388171312,0.7642598087701945
0.3643981485693726,3478,1209,935,1257,0.7881259913890777,0.4902676399026764,0.7420524855984638,0.7881259913890777,0.7643956043956044
0.3643856015326691,3478,1210,935,1256,0.7881259913890777,0.4906731549067315,0.7418941979522184,0.7881259913890777,0.7643116141083398
0.36437039749952194,3478,1211,935,1255,0.7881259913890777,0.4910786699107867,0.7417359778204308,0.7881259913890777,0.7642276422764226
0.3643464222504837,3478,1212,935,1254,0.7881259913890777,0.49148418491484186,0.7415778251599147,0.7881259913890777,0.7641436888937712
0.3643333974651532,3478,1213,935,1253,0.7881259913890777,0.49188969991889697,0.7414197399275207,0.7881259913890777,0.7640597539543057
0.364320425563073,3479,1213,934,1253,0.7883525946068434,0.49188969991889697,0.7414748508098892,0.7883525946068434,0.7641954969796815
0.3643188684987613,3480,1213,933,1253,0.7885791978246091,0.49188969991889697,0.7415299382058385,0.7885791978246091,0.7643312101910827
0.3642803555569509,3481,1213,932,1253,0.7888058010423749,0.49188969991889697,0.7415850021303793,0.7888058010423749,0.7644668935983309
0.3641855720196198,3482,1213,931,1253,0.7890324042601405,0.49188969991889697,0.741640042598509,0.7890324042601405,0.7646025472112429
0.36413291875113085,3482,1214,931,1252,0.7890324042601405,0.49229521492295214,0.7414821124361158,0.7890324042601405,0.7645186079701395
0.36411284192132376,3482,1215,931,1251,0.7890324042601405,0.4927007299270073,0.7413242495209709,0.7890324042601405,0.7644346871569705
0.3641084585970521,3483,1215,930,1251,0.7892590074779062,0.4927007299270073,0.7413793103448276,0.7892590074779062,0.7645702996378004
0.3640223530980901,3484,1215,929,1251,0.7894856106956719,0.4927007299270073,0.7414343477335603,0.7894856106956719,0.7647058823529411
0.36397318085369507,3485,1215,928,1251,0.7897122139134376,0.4927007299270073,0.7414893617021276,0.7897122139134376,0.7648414353121914
0.3639679618308363,3486,1215,927,1251,0.7899388171312033,0.4927007299270073,0.7415443522654754,0.7899388171312033,0.7649769585253458
0.3639432192372114,3486,1216,927,1250,0.7899388171312033,0.4931062449310625,0.7413866439812845,0.7899388171312033,0.7648930334613275
0.3639423339307675,3487,1216,926,1250,0.790165420348969,0.4931062449310625,0.7414416330002126,0.790165420348969,0.7650285212812638
0.36393403404225294,3488,1216,925,1250,0.7903920235667347,0.4931062449310625,0.7414965986394558,0.7903920235667347,0.7651639793791818
0.3639314169346934,3488,1217,925,1249,0.7903920235667347,0.4935117599351176,0.7413390010626992,0.7903920235667347,0.7650800614169774
0.3638868513589112,3488,1218,925,1248,0.7903920235667347,0.49391727493917276,0.7411814704632385,0.7903920235667347,0.764996161859853
0.36377323806045503,3488,1219,925,1247,0.7903920235667347,0.4943227899432279,0.7410240067983854,0.7903920235667347,0.7649122807017544
0.36370518095614834,3489,1219,924,1247,0.7906186267845003,0.4943227899432279,0.7410790144435004,0.7906186267845003,0.7650476921390199
0.36366903625552754,3489,1220,924,1246,0.7906186267845003,0.49472830494728304,0.7409216394138883,0.7906186267845003,0.7649638237228678
0.36366570310496316,3489,1221,924,1245,0.7906186267845003,0.4951338199513382,0.740764331210191,0.7906186267845003,0.7648799736928642
0.36363092326282415,3489,1222,924,1244,0.7906186267845003,0.4955393349553934,0.7406070897898536,0.7906186267845003,0.7647961420429636
0.363573470916162,3489,1223,924,1243,0.7906186267845003,0.4959448499594485,0.7404499151103565,0.7906186267845003,0.7647123287671233
0.36353273627481464,3489,1224,924,1242,0.7906186267845003,0.49635036496350365,0.7402928071292171,0.7906186267845003,0.7646285338593031
0.3635050926701568,3489,1225,924,1241,0.7906186267845003,0.4967558799675588,0.7401357658039881,0.7906186267845003,0.7645447573134656
0.3634942155714441,3489,1226,924,1240,0.7906186267845003,0.49716139497161393,0.7399787910922587,0.7906186267845003,0.7644609991235758
0.36347468425009555,3489,1227,924,1239,0.7906186267845003,0.4975669099756691,0.739821882951654,0.7906186267845003,0.7643772592836018
0.36345512777657574,3490,1227,923,1239,0.790845230002266,0.4975669099756691,0.739877040491838,0.790845230002266,0.7645125958378971
0.3634005321946342,3490,1228,923,1238,0.790845230002266,0.49797242497972427,0.7397202204323866,0.790845230002266,0.7644288686890811
0.3633927086847667,3491,1228,922,1238,0.7910718332200317,0.49797242497972427,0.7397753761390125,0.7910718332200317,0.7645641699518178
0.36334033944194943,3492,1228,921,1238,0.7912984364377974,0.49797242497972427,0.7398305084745763,0.7912984364377974,0.7646994415854593
0.3633177765651302,3493,1228,920,1238,0.7915250396555631,0.49797242497972427,0.7398856174539292,0.7915250396555631,0.7648346835997372
0.36327713416120183,3494,1228,919,1238,0.7917516428733288,0.49797242497972427,0.7399407030919102,0.7917516428733288,0.7649698960043787
0.3632745137079364,3494,1229,919,1237,0.7917516428733288,0.4983779399837794,0.7397840355706119,0.7917516428733288,0.7648861646234675
0.3632652178247139,3495,1229,918,1237,0.7919782460910945,0.4983779399837794,0.7398391193903472,0.7919782460910945,0.7650213417970887
0.3632566860234434,3496,1229,917,1237,0.7922048493088601,0.4983779399837794,0.7398941798941799,0.7922048493088601,0.7651564893849858
0.36312813359281354,3496,1230,917,1236,0.7922048493088601,0.49878345498783455,0.739737621667372,0.7922048493088601,0.7650727650727651
0.36310143537423945,3497,1230,916,1236,0.7924314525266258,0.49878345498783455,0.7397926803469431,0.7924314525266258,0.7652078774617068
0.363069612712488,3497,1231,916,1235,0.7924314525266258,0.4991889699918897,0.7396362098138748,0.7924314525266258,0.7651241658461875
0.36306760013953093,3497,1232,916,1234,0.7924314525266258,0.49959448499594483,0.7394798054556989,0.7924314525266258,0.765040472544301
0.36304395247866206,3498,1232,915,1234,0.7926580557443915,0.49959448499594483,0.7395348837209302,0.7926580557443915,0.765175544132123
0.3630329188971527,3498,1233,915,1233,0.7926580557443915,0.5,0.7393785668991757,0.7926580557443915,0.7650918635170604
0.36301255878435656,3499,1233,914,1233,0.7928846589621572,0.5,0.7394336432797971,0.7928846589621572,0.7652268999453253
0.36298652879071547,3500,1233,913,1233,0.793111262179923,0.5,0.7394886963870695,0.793111262179923,0.7653619068445222
0.36291624222230484,3500,1234,913,1232,0.793111262179923,0.5004055150040552,0.739332488381918,0.793111262179923,0.7652782333005358
0.36291130887996353,3501,1234,912,1232,0.7933378653976887,0.5004055150040552,0.7393875395987328,0.7933378653976887,0.765413205072147
0.3629083645118576,3501,1235,912,1231,0.7933378653976887,0.5008110300081103,0.739231418918919,0.7933378653976887,0.7653295442124823
0.362892042136065,3501,1236,912,1230,0.7933378653976887,0.5012165450121655,0.7390753641545282,0.7933378653976887,0.7652459016393443
0.36287556936283144,3502,1236,911,1230,0.7935644686154544,0.5012165450121655,0.7391304347826086,0.7935644686154544,0.7653808326958803
0.3628489298416998,3503,1236,910,1230,0.7937910718332201,0.5012165450121655,0.739185482169234,0.7937910718332201,0.7655157342657343
0.36283773465023117,3503,1237,910,1229,0.7937910718332201,0.5016220600162206,0.7390295358649789,0.7937910718332201,0.7654320987654321
0.36280784946336864,3503,1238,910,1228,0.7937910718332201,0.5020275750202757,0.7388736553469732,0.7937910718332201,0.7653484815381253
0.3627901530129867,3503,1239,910,1227,0.7937910718332201,0.5024330900243309,0.7387178405735977,0.7937910718332201,0.7652648825778264
0.3627182535219628,3504,1239,909,1227,0.7940176750509857,0.5024330900243309,0.7387729285262492,0.7940176750509857,0.7653997378768022
0.362717122651139,3505,1239,908,1227,0.7942442782687514,0.5024330900243309,0.7388279932546374,0.7942442782687514,0.7655345637217429
0.3626674122591879,3506,1239,907,1227,0.7944708814865171,0.5024330900243309,0.7388830347734457,0.7944708814865171,0.7656693601222975
0.3626630452652405,3506,1240,907,1226,0.7944708814865171,0.5028386050283861,0.7387273493468184,0.7944708814865171,0.7655857626378425
0.36263007220804694,3506,1241,907,1225,0.7944708814865171,0.5032441200324412,0.7385717295133769,0.7944708814865171,0.7655021834061135
0.3626264265338181,3507,1241,906,1225,0.7946974847042828,0.5032441200324412,0.7386267902274642,0.7946974847042828,0.7656369391987775
0.3626245942505447,3507,1242,906,1224,0.7946974847042828,0.5036496350364964,0.7384712571067593,0.7946974847042828,0.7655533726260642
0.3626222133505499,3508,1242,905,1224,0.7949240879220485,0.5036496350364964,0.7385263157894737,0.7949240879220485,0.7656880934191859
0.36262064761502827,3509,1242,904,1224,0.7951506911398142,0.5036496350364964,0.7385813512944643,0.7951506911398142,0.7658227848101267
0.3625950168521781,3510,1242,903,1224,0.7953772943575799,0.5036496350364964,0.7386363636363636,0.7953772943575799,0.7659574468085106
0.3625843936999291,3510,1243,903,1223,0.7953772943575799,0.5040551500405515,0.7384809593940669,0.7953772943575799,0.7658738817368537
0.36255711984857186,3510,1244,903,1222,0.7953772943575799,0.5044606650446066,0.7383256205300799,0.7953772943575799,0.7657903348969128
0.36250141575691835,3510,1245,903,1221,0.7953772943575799,0.5048661800486618,0.7381703470031545,0.7953772943575799,0.7657068062827226
0.36249284318274066,3511,1245,902,1221,0.7956038975753456,0.5048661800486618,0.7382253994953742,0.7956038975753456,0.7658414221834441
0.36247313535826875,3511,1246,902,1220,0.7956038975753456,0.505271695052717,0.7380702123186883,0.7956038975753456,0.7657579062159214
0.36245633088244433,3511,1247,902,1219,0.7956038975753456,0.5056772100567721,0.7379150903741067,0.7956038975753456,0.7656744084614545
0.36241458571947116,3511,1248,902,1218,0.7956038975753456,0.5060827250608273,0.7377600336205085,0.7956038975753456,0.7655909289140862
0.3623809249930427,3511,1249,902,1217,0.7956038975753456,0.5064882400648824,0.7376050420168068,0.7956038975753456,0.7655074675678623
0.36237421810166826,3511,1250,902,1216,0.7956038975753456,0.5068937550689375,0.7374501155219492,0.7956038975753456,0.7654240244168302
0.36234503452621475,3512,1250,901,1216,0.7958305007931112,0.5068937550689375,0.7375052498950021,0.7958305007931112,0.7655585831062671
0.36230837736814697,3512,1251,901,1215,0.7958305007931112,0.5072992700729927,0.7373504094058366,0.7958305007931112,0.7654751525719267
0.36230467372419245,3513,1251,900,1215,0.7960571040108769,0.5072992700729927,0.7374055415617129,0.7960571040108769,0.7656096763648251
0.3623008650273101,3514,1251,899,1215,0.7962837072286426,0.5072992700729927,0.7374606505771248,0.7962837072286426,0.7657441708433209
0.3622722613769036,3514,1252,899,1214,0.7962837072286426,0.5077047850770479,0.7373059169114562,0.7962837072286426,0.7656607473581001
0.3622694849520419,3514,1253,899,1213,0.7962837072286426,0.508110300081103,0.737151248164464,0.7962837072286426,0.7655773420479302
0.3622151372347081,3514,1254,899,1212,0.7962837072286426,0.5085158150851582,0.736996644295302,0.7962837072286426,0.7654939549068728
0.36220209914774176,3514,1255,899,1211,0.7962837072286426,0.5089213300892133,0.7368421052631579,0.7962837072286426,0.7654105859289915
0.3621857745397242,3514,1256,899,1210,0.7962837072286426,0.5093268450932684,0.7366876310272537,0.7962837072286426,0.7653272351083523
0.3621785758695664,3515,1256,898,1210,0.7965103104464083,0.5093268450932684,0.736742821211486,0.7965103104464083,0.7654616724738675
0.36215177044083935,3515,1257,898,1209,0.7965103104464083,0.5097323600973236,0.7365884325230512,0.7965103104464083,0.7653783342406097
0.3621439450630298,3516,1257,897,1209,0.796736913664174,0.5097323600973236,0.7366436203645506,0.796736913664174,0.7655127367733506
0.36212692384484907,3517,1257,896,1209,0.7969635168819397,0.5097323600973236,0.7366987850858818,0.7969635168819397,0.7656471100468052
0.3621066145273373,3517,1258,896,1208,0.7969635168819397,0.5101378751013788,0.736544502617801,0.7969635168819397,0.7655637788419677
0.3620854024596679,3517,1259,896,1207,0.7969635168819397,0.5105433901054339,0.7363902847571189,0.7969635168819397,0.7654804657742953
0.36206727004025385,3518,1259,895,1207,0.7971901200997055,0.5105433901054339,0.736445467866862,0.7971901200997055,0.7656147986942328
0.3620493511213239,3520,1259,893,1207,0.7976433265352368,0.5105433901054339,0.7365557648043524,0.7976433265352368,0.7658833768494342
0.3620479783323708,3520,1260,893,1206,0.7976433265352368,0.5109489051094891,0.7364016736401674,0.7976433265352368,0.7658000652670511
0.3620461019138533,3521,1260,892,1206,0.7978699297530025,0.5109489051094891,0.7364568081991215,0.7978699297530025,0.7659343049815097
0.36201140271163296,3521,1261,892,1205,0.7978699297530025,0.5113544201135442,0.7363028021748222,0.7978699297530025,0.7658510059815117
0.36197096260322875,3521,1262,892,1204,0.7978699297530025,0.5117599351175993,0.7361488605477734,0.7978699297530025,0.7657677250978686
0.36197082808131725,3521,1263,892,1203,0.7978699297530025,0.5121654501216545,0.7359949832775919,0.7978699297530025,0.765684462324671
0.361863226018177,3522,1263,891,1203,0.7980965329707682,0.5121654501216545,0.7360501567398119,0.7980965329707682,0.7658186562296152
0.36183296996465986,3523,1263,890,1203,0.7983231361885339,0.5121654501216545,0.736105307145842,0.7983231361885339,0.7659528209587998
0.3617941046720302,3524,1263,889,1203,0.7985497394062996,0.5121654501216545,0.7361604345101316,0.7985497394062996,0.7660869565217392
0.36179126138668966,3525,1263,888,1203,0.7987763426240653,0.5121654501216545,0.7362155388471178,0.7987763426240653,0.7662210629279426
0.36178628782333117,3526,1263,887,1203,0.799002945841831,0.5121654501216545,0.7362706201712257,0.799002945841831,0.7663551401869159
0.36175296374984944,3527,1263,886,1203,0.7992295490595966,0.5121654501216545,0.7363256784968685,0.7992295490595966,0.7664891883081604
0.36173288500189527,3527,1264,886,1202,0.7992295490595966,0.5125709651257097,0.736171989146316,0.7992295490595966,0.7664059104737071
0.3617192340102692,3528,1264,885,1202,0.7994561522773623,0.5125709651257097,0.7362270450751253,0.7994561522773623,0.7665399239543726
0.36171494071822335,3529,1264,884,1202,0.799682755495128,0.5125709651257097,0.7362820780304611,0.799682755495128,0.7666739083206604
0.3616816644710204,3529,1265,884,1201,0.799682755495128,0.5129764801297648,0.7361284939507718,0.799682755495128,0.7665906375583795
0.36160940694946814,3529,1266,884,1200,0.799682755495128,0.51338199513382,0.7359749739311783,0.799682755495128,0.7665073848827108
0.36157208916403344,3529,1267,884,1199,0.799682755495128,0.513787510137875,0.7358215179316097,0.799682755495128,0.766424150287762
0.36155687054153063,3529,1268,884,1198,0.799682755495128,0.5141930251419302,0.7356681259120283,0.799682755495128,0.7663409337676439
0.3615367521407092,3530,1268,883,1198,0.7999093587128937,0.5141930251419302,0.7357232180075032,0.7999093587128937,0.7664748670068396
0.3615359006007204,3531,1268,882,1198,0.8001359619306594,0.5141930251419302,0.7357782871431549,0.8001359619306594,0.7666087711680417
0.36146376997422913,3531,1269,882,1197,0.8001359619306594,0.5145985401459854,0.735625,0.8001359619306594,0.7665255617062846
0.3614563456866582,3532,1269,881,1197,0.8003625651484251,0.5145985401459854,0.7356800666527806,0.8003625651484251,0.7666594313001953
0.36141950906518583,3533,1269,880,1197,0.8005891683661908,0.5145985401459854,0.7357351103706788,0.8005891683661908,0.7667932718393923
0.36140981498204733,3533,1270,880,1196,0.8005891683661908,0.5150040551500406,0.7355819279616906,0.8005891683661908,0.7667100694444444
0.36136481515140806,3534,1270,879,1196,0.8008157715839564,0.5150040551500406,0.7356369691923397,0.8008157715839564,0.7668438754475425
0.36130728525986655,3534,1271,879,1195,0.8008157715839564,0.5154095701540957,0.7354838709677419,0.8008157715839564,0.7667606856151009
0.36126385108505604,3535,1271,878,1195,0.8010423748017221,0.5154095701540957,0.735538909696213,0.8010423748017221,0.7668944570994685
0.3612434098529253,3536,1271,877,1195,0.8012689780194879,0.5154095701540957,0.7355939255252757,0.8012689780194879,0.7670281995661606
0.3612394132536928,3536,1272,877,1194,0.8012689780194879,0.5158150851581509,0.7354409317803661,0.8012689780194879,0.7669450168094567
0.3612180113550514,3536,1273,877,1193,0.8012689780194879,0.5162206001622061,0.7352880016635475,0.8012689780194879,0.7668618520928214
0.3612153866157939,3536,1274,877,1192,0.8012689780194879,0.5166261151662611,0.7351351351351352,0.8012689780194879,0.7667787054103872
0.361205354082208,3537,1274,876,1192,0.8014955812372536,0.5166261151662611,0.7351901891498649,0.8014955812372536,0.7669124024284476
0.3611676214749073,3538,1274,875,1192,0.8017221844550193,0.5166261151662611,0.7352452202826267,0.8017221844550193,0.7670460704607047
0.3611469717560076,3538,1275,875,1191,0.8017221844550193,0.5170316301703163,0.7350924579264492,0.8017221844550193,0.7669629308476046
0.36113849090708594,3539,1275,874,1191,0.801948787672785,0.5170316301703163,0.735147486497715,0.801948787672785,0.7670965644304757
0.36112742771152423,3539,1276,874,1190,0.801948787672785,0.5174371451743714,0.7349948078920041,0.801948787672785,0.7670134373645427
0.36111843345540245,3540,1276,873,1190,0.8021753908905507,0.5174371451743714,0.7350498338870431,0.8021753908905507,0.7671470365153321
0.3611183857990666,3541,1276,872,1190,0.8024019941083164,0.5174371451743714,0.7351048370354992,0.8024019941083164,0.7672806067172264
0.3611052241083857,3542,1276,871,1190,0.802628597326082,0.5174371451743714,0.7351598173515982,0.802628597326082,0.7674141479796339
0.3610120919558193,3542,1277,871,1189,0.802628597326082,0.5178426601784266,0.7350072629176178,0.802628597326082,0.7673310225303294
0.3609978918489323,3542,1278,871,1188,0.802628597326082,0.5182481751824818,0.7348547717842324,0.802628597326082,0.7672479150871874
0.3609584258920974,3543,1278,870,1188,0.8028552005438477,0.5182481751824818,0.7349097697573118,0.8028552005438477,0.7673814165042235
0.3608801588381321,3543,1279,870,1187,0.8028552005438477,0.518653690186537,0.7347573620904189,0.8028552005438477,0.7672983216025989
0.3608691935422454,3543,1280,870,1186,0.8028552005438477,0.519059205190592,0.7346050176238855,0.8028552005438477,0.767215244694673
0.36086696492187,3544,1280,869,1186,0.8030818037616134,0.519059205190592,0.7346600331674958,0.8030818037616134,0.767348706289921
0.36082798846944586,3545,1280,868,1186,0.8033084069793791,0.519059205190592,0.7347150259067358,0.8033084069793791,0.7674821389911236
0.36080924730568714,3546,1280,867,1186,0.8035350101971448,0.519059205190592,0.7347699958557812,0.8035350101971448,0.7676155428076632
0.3607957483653879,3547,1280,866,1186,0.8037616134149105,0.519059205190592,0.7348249430287963,0.8037616134149105,0.7677489177489177
0.36077314368233915,3547,1281,866,1185,0.8037616134149105,0.5194647201946472,0.7346727423363711,0.8037616134149105,0.7676658370306244
0.3607704613190499,3548,1281,865,1185,0.8039882166326762,0.5194647201946472,0.734727686891696,0.8039882166326762,0.7677991776671717
0.36076929203660174,3549,1281,864,1185,0.8042148198504419,0.5194647201946472,0.7347826086956522,0.8042148198504419,0.7679324894514769
0.360768856918674,3551,1281,862,1185,0.8046680262859732,0.5194647201946472,0.7348923841059603,0.8046680262859732,0.7681990265008112
0.3607262499234257,3552,1281,861,1185,0.8048946295037389,0.5194647201946472,0.7349472377405338,0.8048946295037389,0.7683322517845554
0.3607191301767728,3553,1281,860,1185,0.8051212327215046,0.5194647201946472,0.735002068680182,0.8051212327215046,0.7684654482534876
0.3607017196429264,3554,1281,859,1185,0.8053478359392703,0.5194647201946472,0.7350568769389866,0.8053478359392703,0.768598615916955
0.36065954074979234,3554,1282,859,1184,0.8053478359392703,0.5198702351987023,0.7349048800661704,0.8053478359392703,0.7685155151908314
0.36061624554394395,3554,1283,859,1183,0.8053478359392703,0.5202757502027575,0.7347529460409344,0.8053478359392703,0.7684324324324323
0.3605614069411442,3555,1283,858,1183,0.8055744391570361,0.5202757502027575,0.7348077718065317,0.8055744391570361,0.7685655604799482
0.36053809132711123,3555,1284,858,1182,0.8055744391570361,0.5206812652068127,0.7346559206447613,0.8055744391570361,0.7684824902723736
0.3604975668243807,3555,1285,858,1181,0.8055744391570361,0.5210867802108679,0.734504132231405,0.8055744391570361,0.7683994380201016
0.3604746804979663,3556,1285,857,1181,0.8058010423748018,0.5210867802108679,0.734558975418302,0.8058010423748018,0.7685325264750379
0.3604735704335799,3557,1285,856,1181,0.8060276455925675,0.5210867802108679,0.7346137959520859,0.8060276455925675,0.7686655861696381
0.3604712790714255,3557,1286,856,1180,0.8060276455925675,0.5214922952149229,0.7344621102622342,0.8060276455925675,0.7685825410544512
0.3604459618290095,3558,1286,855,1180,0.8062542488103331,0.5214922952149229,0.7345169281585466,0.8062542488103331,0.7687155665982499
0.36043901742709794,3558,1287,855,1179,0.8062542488103331,0.5218978102189781,0.7343653250773994,0.8062542488103331,0.7686325340246274
0.3603947864303281,3559,1287,854,1179,0.8064808520280988,0.5218978102189781,0.7344201403219149,0.8064808520280988,0.768765525434712
0.3603836489041061,3559,1288,854,1178,0.8064808520280988,0.5223033252230332,0.734268619764803,0.8064808520280988,0.768682505399568
0.36036638960546197,3560,1288,853,1178,0.8067074552458645,0.5223033252230332,0.7343234323432343,0.8067074552458645,0.7688154626930136
0.3603631985240258,3561,1288,852,1178,0.8069340584636302,0.5223033252230332,0.7343782223138792,0.8069340584636302,0.7689483912761823
0.3603436155124475,3561,1289,852,1177,0.8069340584636302,0.5227088402270884,0.7342268041237113,0.8069340584636302,0.7688653783871315
0.36034169308872144,3561,1290,852,1176,0.8069340584636302,0.5231143552311436,0.7340754483611627,0.8069340584636302,0.7687823834196891
0.3603375515498524,3562,1290,851,1176,0.8071606616813959,0.5231143552311436,0.7341302555647156,0.8071606616813959,0.7689152725310308
0.36030614621171086,3563,1290,850,1176,0.8073872648991616,0.5231143552311436,0.7341850401813311,0.8073872648991616,0.7690481329592056
0.3602988062483409,3564,1290,849,1176,0.8076138681169273,0.5231143552311436,0.7342398022249691,0.8076138681169273,0.7691809647134995
0.36028372967460986,3565,1290,848,1176,0.8078404713346929,0.5231143552311436,0.7342945417095778,0.8078404713346929,0.7693137678031939
0.36028263887082157,3566,1290,847,1176,0.8080670745524586,0.5231143552311436,0.734349258649094,0.8080670745524586,0.7694465422375661
0.360272168490862,3566,1291,847,1175,0.8080670745524586,0.5235198702351987,0.7341980646489603,0.8080670745524586,0.7693635382955772
0.36025491359367623,3566,1292,847,1174,0.8080670745524586,0.5239253852392538,0.7340469328941951,0.8080670745524586,0.7692805522597347
0.3602329912670862,3567,1292,846,1174,0.8082936777702243,0.5239253852392538,0.7341016670096727,0.8082936777702243,0.7694132873166523
0.3602269936775637,3567,1293,846,1173,0.8082936777702243,0.524330900243309,0.7339506172839506,0.8082936777702243,0.7693303138142995
0.3601679163108617,3567,1294,846,1172,0.8082936777702243,0.5247364152473641,0.7337996297058218,0.8082936777702243,0.7692473582057364
0.36016766876303624,3568,1294,845,1172,0.80852028098799,0.5247364152473641,0.7338543809132044,0.80852028098799,0.7693800539083557
0.36013878828445167,3569,1294,844,1172,0.8087468842057557,0.5247364152473641,0.7339091096031256,0.8087468842057557,0.7695127210004312
0.3601335117595705,3569,1295,844,1171,0.8087468842057557,0.5251419302514193,0.7337582236842105,0.8087468842057557,0.7694297725557832
0.3601124821517259,3569,1296,844,1170,0.8087468842057557,0.5255474452554745,0.7336073997944501,0.8087468842057557,0.7693468419918085
0.3601096922445146,3570,1296,843,1170,0.8089734874235214,0.5255474452554745,0.7336621454993835,0.8089734874235214,0.7694794697704493
0.36010455551882825,3571,1296,842,1170,0.8092000906412871,0.5255474452554745,0.7337168687076228,0.8092000906412871,0.7696120689655171
0.36007461034691146,3572,1296,841,1170,0.8094266938590527,0.5255474452554745,0.733771569433032,0.8094266938590527,0.7697446395862514
0.36006362198625713,3573,1296,840,1170,0.8096532970768185,0.5255474452554745,0.7338262476894639,0.8096532970768185,0.7698771816418876
0.3600459138146801,3574,1296,839,1170,0.8098799002945842,0.5255474452554745,0.7338809034907597,0.8098799002945842,0.7700096951416568
0.36001306579616454,3575,1296,838,1170,0.8101065035123499,0.5255474452554745,0.7339355368507493,0.8101065035123499,0.7701421800947867
0.36000707893250306,3575,1297,838,1169,0.8101065035123499,0.5259529602595296,0.7337848932676518,0.8101065035123499,0.7700592353257943
0.3599931246948816,3575,1298,838,1168,0.8101065035123499,0.5263584752635847,0.7336343115124153,0.8101065035123499,0.7699763084212795
0.359978620437513,3576,1298,837,1168,0.8103331067301156,0.5263584752635847,0.7336889618383258,0.8103331067301156,0.7701087541724992
0.3599721524770276,3576,1299,837,1167,0.8103331067301156,0.5267639902676399,0.7335384615384616,0.8103331067301156,0.7700258397932815
0.3599074755924942,3577,1299,836,1167,0.8105597099478813,0.5267639902676399,0.7335931091058244,0.8105597099478813,0.7701582516955539
0.35988748926703124,3578,1299,835,1167,0.810786313165647,0.5267639902676399,0.7336477342628666,0.810786313165647,0.7702906350914964
0.3598609130384999,3579,1299,834,1167,0.8110129163834127,0.5267639902676399,0.7337023370233703,0.8110129163834127,0.7704229899903132
0.35982757432357115,3580,1299,833,1167,0.8112395196011783,0.5267639902676399,0.7337569174011068,0.8112395196011783,0.7705553164012053
0.35982097128790363,3581,1299,832,1167,0.811466122818944,0.5267639902676399,0.733811475409836,0.811466122818944,0.7706876143333693
0.3598141356528565,3581,1300,832,1166,0.811466122818944,0.527169505271695,0.733661135013317,0.811466122818944,0.7706046911986227
0.35968495531732586,3581,1301,832,1165,0.811466122818944,0.5275750202757502,0.7335108562064727,0.811466122818944,0.7705217859064013
0.359672595642044,3582,1301,831,1165,0.8116927260367097,0.5275750202757502,0.7335654310874462,0.8116927260367097,0.7706540447504303
0.35966365959194774,3583,1301,830,1165,0.8119193292544754,0.5275750202757502,0.7336199836199836,0.8119193292544754,0.7707862751425191
0.35960780842729284,3584,1301,829,1165,0.8121459324722411,0.5275750202757502,0.7336745138178096,0.8121459324722411,0.7709184770918476
0.359566387828985,3584,1302,829,1164,0.8121459324722411,0.5279805352798054,0.7335243553008596,0.8121459324722411,0.7708355737176039
0.35954986705685815,3584,1303,829,1163,0.8121459324722411,0.5283860502838605,0.7333742582361367,0.8121459324722411,0.770752688172043
0.3595386536546309,3585,1303,828,1163,0.8123725356900068,0.5283860502838605,0.7334288052373159,0.8123725356900068,0.7708848510912805
0.3595048664532516,3586,1303,827,1163,0.8125991389077725,0.5283860502838605,0.7334833299243199,0.8125991389077725,0.7710169855944957
0.3594712898034639,3587,1303,826,1163,0.8128257421255382,0.5283860502838605,0.7335378323108385,0.8128257421255382,0.7711490916908524
0.35946049778369277,3588,1303,825,1163,0.8130523453433038,0.5283860502838605,0.73359231241055,0.8130523453433038,0.77128116938951
0.3594460656841673,3589,1303,824,1163,0.8132789485610695,0.5283860502838605,0.7336467702371219,0.8132789485610695,0.7714132186996238
0.359420353745749,3589,1304,824,1162,0.8132789485610695,0.5287915652879156,0.7334968322092785,0.8132789485610695,0.7713303245218137
0.3594109587861127,3589,1305,824,1161,0.8132789485610695,0.5291970802919708,0.73334695545566,0.8132789485610695,0.771247448157301
0.3594040044278798,3590,1305,823,1161,0.8135055517788352,0.5291970802919708,0.7334014300306435,0.8135055517788352,0.7713794585302964
0.35940112810783814,3590,1306,823,1160,0.8135055517788352,0.5296025952960259,0.733251633986928,0.8135055517788352,0.7712965946933076
0.35939764052337597,3590,1307,823,1159,0.8135055517788352,0.5300081103000811,0.7331018991219114,0.8135055517788352,0.7712137486573576
0.35937895108286255,3590,1308,823,1158,0.8135055517788352,0.5304136253041363,0.7329522253981217,0.8135055517788352,0.7711309204167114
0.35936274062966794,3591,1308,822,1158,0.8137321549966009,0.5304136253041363,0.7330067360685855,0.8137321549966009,0.7712628865979382
0.3593485389969934,3591,1309,822,1157,0.8137321549966009,0.5308191403081914,0.7328571428571429,0.8137321549966009,0.7711800708686781
0.359347205717542,3592,1309,821,1157,0.8139587582143667,0.5308191403081914,0.7329116506835339,0.8139587582143667,0.7713120034356882
0.35933396179309074,3593,1309,820,1157,0.8141853614321324,0.5308191403081914,0.7329661362709098,0.8141853614321324,0.7714439076757916
0.3592898202399442,3593,1310,820,1156,0.8141853614321324,0.5312246553122466,0.7328166428717112,0.8141853614321324,0.7713610991841993
0.3592626519105708,3594,1310,819,1156,0.8144119646498981,0.5312246553122466,0.7328711256117455,0.8144119646498981,0.7714929698400772
0.3592582179636658,3595,1310,818,1156,0.8146385678676638,0.5312246553122466,0.7329255861365953,0.8146385678676638,0.7716248121914574
0.3592563761781014,3596,1310,817,1156,0.8148651710854294,0.5312246553122466,0.7329800244598451,0.8148651710854294,0.7717566262474514
0.35924670239519285,3596,1311,817,1155,0.8148651710854294,0.5316301703163017,0.7328306500917058,0.8148651710854294,0.7716738197424893
0.3592255333334151,3596,1312,817,1154,0.8148651710854294,0.5320356853203568,0.732681336593317,0.8148651710854294,0.7715910310052569
0.35917061813007956,3596,1313,817,1153,0.8148651710854294,0.532441200324412,0.7325320839274801,0.8148651710854294,0.7715082600300366
0.35907475110077686,3596,1314,817,1152,0.8148651710854294,0.5328467153284672,0.7323828920570264,0.8148651710854294,0.7714255068111122
0.35905852502446084,3597,1314,816,1152,0.8150917743031951,0.5328467153284672,0.7324373854612095,0.8150917743031951,0.7715572715572716
0.35903967601778475,3598,1314,815,1152,0.8153183775209608,0.5328467153284672,0.7324918566775245,0.8153183775209608,0.7716890080428955
0.35900552709163996,3599,1314,814,1152,0.8155449807387265,0.5328467153284672,0.7325463057195196,0.8155449807387265,0.7718207162770748
0.35898800058865193,3600,1314,813,1152,0.8157715839564922,0.5328467153284672,0.7326007326007326,0.8157715839564922,0.7719523962688968
0.35893869876450873,3601,1314,812,1152,0.8159981871742579,0.5328467153284672,0.7326551373346897,0.8159981871742579,0.7720840480274442
0.3588796817334854,3602,1314,811,1152,0.8162247903920236,0.5328467153284672,0.7327095199349064,0.8162247903920236,0.7722156715617965
0.35886545845883866,3602,1315,811,1151,0.8162247903920236,0.5332522303325223,0.7325605043725849,0.8162247903920236,0.7721329046087889
0.35883363577019906,3602,1316,811,1150,0.8162247903920236,0.5336577453365775,0.7324115494103294,0.8162247903920236,0.7720501553959918
0.358808448594745,3602,1317,811,1149,0.8162247903920236,0.5340632603406326,0.7322626550111812,0.8162247903920236,0.7719674239177025
0.358799316842205,3602,1318,811,1148,0.8162247903920236,0.5344687753446877,0.7321138211382113,0.8162247903920236,0.7718847101682202
0.35879850461332086,3602,1319,811,1147,0.8162247903920236,0.5348742903487429,0.7319650477545214,0.8162247903920236,0.771802014141847
0.3587335975028753,3602,1320,811,1146,0.8162247903920236,0.5352798053527981,0.7318163348232426,0.8162247903920236,0.771719335832887
0.35870535479586463,3602,1321,811,1145,0.8162247903920236,0.5356853203568532,0.7316676823075361,0.8162247903920236,0.7716366752356469
0.358698185191877,3603,1321,810,1145,0.8164513936097892,0.5356853203568532,0.7317221770917953,0.8164513936097892,0.7717682339081077
0.35866899240810635,3603,1322,810,1144,0.8164513936097892,0.5360908353609084,0.7315736040609137,0.8164513936097892,0.7716855857785394
0.35864746273479053,3603,1323,810,1143,0.8164513936097892,0.5364963503649635,0.7314250913520097,0.8164513936097892,0.7716029553485384
0.3586362837794107,3604,1323,809,1143,0.8166779968275549,0.5364963503649635,0.7314796021920033,0.8166779968275549,0.7717344753747323
0.3585758596595156,3605,1323,808,1143,0.8169046000453206,0.5364963503649635,0.7315340909090909,0.8169046000453206,0.7718659672411948
0.35856916849520126,3606,1323,807,1143,0.8171312032630863,0.5364963503649635,0.7315885575167377,0.8171312032630863,0.7719974309569685
0.3585563356255839,3606,1324,807,1142,0.8171312032630863,0.5369018653690186,0.7314401622718053,0.8171312032630863,0.7719148025259552
0.3585481621321749,3607,1324,806,1142,0.817357806480852,0.5369018653690186,0.7314946258365443,0.817357806480852,0.7720462328767124
0.3585323324063348,3607,1325,806,1141,0.817357806480852,0.5373073803730738,0.731346309813463,0.817357806480852,0.7719636169074372
0.35850890773125743,3607,1326,806,1140,0.817357806480852,0.537712895377129,0.7311980539225623,0.817357806480852,0.7718810186175904
0.3584957670294112,3608,1326,805,1140,0.8175844096986177,0.537712895377129,0.7312525334414268,0.8175844096986177,0.7720124103990585
0.3584948176074383,3608,1327,805,1139,0.8175844096986177,0.5381184103811841,0.7311043566362715,0.8175844096986177,0.7719298245614035
0.3584801010948541,3609,1327,804,1139,0.8178110129163834,0.5381184103811841,0.7311588330632091,0.8178110129163834,0.7720611830142261
0.35847713874133397,3610,1327,803,1139,0.8180376161341492,0.5381184103811841,0.731213287421511,0.8180376161341492,0.772192513368984
0.3584550948187048,3611,1327,802,1139,0.8182642193519148,0.5381184103811841,0.7312677197245848,0.8182642193519148,0.7723238156346915
0.3584046571476295,3612,1327,801,1139,0.8184908225696805,0.5381184103811841,0.7313221299858271,0.8184908225696805,0.7724550898203594
0.35839726934502325,3613,1327,800,1139,0.8187174257874462,0.5381184103811841,0.7313765182186235,0.8187174257874462,0.7725863359349942
0.3583678255261871,3614,1327,799,1139,0.8189440290052119,0.5381184103811841,0.731430884436349,0.8189440290052119,0.7727175539875989
0.3583643927390972,3615,1327,798,1139,0.8191706322229776,0.5381184103811841,0.7314852286523674,0.8191706322229776,0.7728487439871726
0.3583426213799942,3616,1327,797,1139,0.8193972354407433,0.5381184103811841,0.7315395508800324,0.8193972354407433,0.7729799059427106
0.35824438826352295,3617,1327,796,1139,0.819623838658509,0.5381184103811841,0.731593851132686,0.819623838658509,0.773111039863204
0.35823216666113056,3617,1328,796,1138,0.819623838658509,0.5385239253852393,0.7314459049544995,0.819623838658509,0.7730284248771104
0.3581776938646434,3618,1328,795,1138,0.8198504418762746,0.5385239253852393,0.7315002021835827,0.8198504418762746,0.7731595255903408
0.3581704849995133,3618,1329,795,1137,0.8198504418762746,0.5389294403892944,0.7313523347483323,0.8198504418762746,0.773076923076923
0.35811824100296524,3618,1330,795,1136,0.8198504418762746,0.5393349553933495,0.7312045270816492,0.8198504418762746,0.7729943382117295
0.3581103920741177,3619,1330,794,1136,0.8200770450940403,0.5393349553933495,0.7312588401697313,0.8200770450940403,0.773125400555437
0.3580990585819188,3620,1330,793,1136,0.820303648311806,0.5393349553933495,0.7313131313131314,0.820303648311806,0.773256434903343
0.3580886385637712,3620,1331,793,1135,0.820303648311806,0.5397404703974047,0.7311654211270451,0.820303648311806,0.7731738573259291
0.3580052102819956,3620,1332,793,1134,0.820303648311806,0.5401459854014599,0.7310177705977383,0.820303648311806,0.773091297383876
0.35800206163368103,3620,1333,793,1133,0.820303648311806,0.540551500405515,0.7308701796890773,0.820303648311806,0.7730087550715353
0.35797521697083945,3621,1333,792,1133,0.8205302515295717,0.540551500405515,0.7309245054501413,0.8205302515295717,0.7731397459165155
0.3579711168600989,3621,1334,792,1132,0.8205302515295717,0.5409570154095702,0.7307769929364278,0.8205302515295717,0.7730572160546542
0.35797108768981817,3622,1334,791,1132,0.8207568547473374,0.5409570154095702,0.7308313155770783,0.8207568547473374,0.7731881737645426
0.35788913647601944,3623,1334,790,1132,0.8209834579651031,0.5409570154095702,0.7308856163001816,0.8209834579651031,0.7733191035218784
0.35786292713815104,3624,1334,789,1132,0.8212100611828688,0.5409570154095702,0.7309398951189996,0.8212100611828688,0.7734500053356098
0.35783747848312325,3624,1335,789,1131,0.8212100611828688,0.5413625304136253,0.7307924984875983,0.8212100611828688,0.7733674775928296
0.35783096980739765,3625,1335,788,1131,0.8214366644006345,0.5413625304136253,0.7308467741935484,0.8214366644006345,0.7734983463138803
0.3577658279845157,3625,1336,788,1130,0.8214366644006345,0.5417680454176804,0.7306994557548881,0.8214366644006345,0.7734158310219756
0.35776288440249654,3626,1336,787,1130,0.8216632676184001,0.5417680454176804,0.7307537283353487,0.8216632676184001,0.7735466666666667
0.357756795374797,3627,1336,786,1130,0.8218898708361658,0.5417680454176804,0.7308079790449326,0.8218898708361658,0.7736774744027304
0.3577130872663801,3627,1337,786,1129,0.8218898708361658,0.5421735604217356,0.7306607574536664,0.8218898708361658,0.7735949664071665
0.35768177328771633,3627,1338,786,1128,0.8218898708361658,0.5425790754257908,0.7305135951661631,0.8218898708361658,0.7735124760076775
0.3576704594183503,3628,1338,785,1128,0.8221164740539315,0.5425790754257908,0.7305678614579139,0.8221164740539315,0.773643245548566
0.3576541003938934,3629,1338,784,1128,0.8223430772716973,0.5425790754257908,0.730622105898933,0.8223430772716973,0.7737739872068231
0.35764885323370577,3629,1339,784,1127,0.8223430772716973,0.5429845904298459,0.730475040257649,0.8223430772716973,0.7736915041040402
0.35763409337850866,3629,1340,784,1126,0.8223430772716973,0.5433901054339011,0.7303280338096196,0.8223430772716973,0.7736090385845236
0.35762564988347717,3629,1341,784,1125,0.8223430772716973,0.5437956204379562,0.7301810865191147,0.8223430772716973,0.7735265906426516
0.35758768898606563,3629,1342,784,1124,0.8223430772716973,0.5442011354420113,0.7300341983504325,0.8223430772716973,0.7734441602728048
0.35753725195702896,3630,1342,783,1124,0.822569680489463,0.5442011354420113,0.7300884955752213,0.822569680489463,0.7735748534896112
0.3575326792619713,3630,1343,783,1123,0.822569680489463,0.5446066504460665,0.7299416850995375,0.822569680489463,0.7734924355422971
0.35753072683984227,3631,1343,782,1123,0.8227962837072287,0.5446066504460665,0.7299959790912747,0.8227962837072287,0.7736230957707467
0.3575299590348317,3631,1344,782,1122,0.8227962837072287,0.5450121654501217,0.7298492462311558,0.8227962837072287,0.7735406902428633
0.35750863035002384,3631,1345,782,1121,0.8227962837072287,0.5454176804541768,0.7297025723472669,0.8227962837072287,0.7734583022686121
0.3574788309104608,3632,1345,781,1121,0.8230228869249944,0.5454176804541768,0.7297568816556158,0.8230228869249944,0.7735889243876465
0.35746402318947956,3633,1345,780,1121,0.82324949014276,0.5454176804541768,0.7298111691442346,0.82324949014276,0.7737195186881056
0.35745028274995183,3634,1345,779,1121,0.8234760933605257,0.5454176804541768,0.7298654348262703,0.8234760933605257,0.7738500851788755
0.3573787552811032,3635,1345,778,1121,0.8237026965782914,0.5454176804541768,0.7299196787148594,0.8237026965782914,0.7739806238688385
0.3573780558150637,3635,1346,778,1120,0.8237026965782914,0.545823195458232,0.7297731379241116,0.8237026965782914,0.7738982329146263
0.35735190825521745,3636,1346,777,1120,0.8239292997960571,0.545823195458232,0.7298273785628262,0.8239292997960571,0.7740287386907931
0.3573159083176534,3637,1346,776,1120,0.8241559030138228,0.545823195458232,0.7298815974312663,0.8241559030138228,0.7741592166879524
0.3572826486268438,3638,1346,775,1120,0.8243825062315885,0.545823195458232,0.7299357945425361,0.8243825062315885,0.7742896669149729
0.35727969061645604,3638,1347,775,1119,0.8243825062315885,0.5462287104622872,0.7297893681043129,0.8243825062315885,0.774207278144286
0.3572731975332448,3639,1347,774,1119,0.8246091094493542,0.5462287104622872,0.7298435619735258,0.8246091094493542,0.7743376954995213
0.35726632467649394,3640,1347,773,1119,0.8248357126671199,0.5462287104622872,0.7298977341086825,0.8248357126671199,0.774468085106383
0.3572524816619315,3641,1347,772,1119,0.8250623158848855,0.5462287104622872,0.7299518845228549,0.8250623158848855,0.7745984469737262
0.3572459443684432,3641,1348,772,1118,0.8250623158848855,0.5466342254663422,0.7298055722589697,0.8250623158848855,0.7745160604126782
0.3571842699600883,3641,1349,772,1117,0.8250623158848855,0.5470397404703974,0.7296593186372745,0.8250623158848855,0.774433691375093
0.35717130866679697,3641,1350,772,1116,0.8250623158848855,0.5474452554744526,0.7295131236225205,0.8250623158848855,0.7743513398553806
0.3571371455044537,3642,1350,771,1116,0.8252889191026512,0.5474452554744526,0.7295673076923077,0.8252889191026512,0.7744816586921851
0.357136052776139,3643,1350,770,1116,0.8255155223204169,0.5474452554744526,0.7296214700580813,0.8255155223204169,0.7746119498192644
0.35711052193934517,3643,1351,770,1115,0.8255155223204169,0.5478507704785077,0.7294753704445335,0.8255155223204169,0.7745296056128416
0.35710395970014686,3644,1351,769,1115,0.8257421255381826,0.5478507704785077,0.7295295295295295,0.8257421255381826,0.7746598639455783
0.357081955497113,3644,1352,769,1114,0.8257421255381826,0.5482562854825629,0.7293835068054444,0.8257421255381826,0.7745775321500691
0.3570593251401777,3645,1352,768,1114,0.8259687287559483,0.5482562854825629,0.7294376625975585,0.8259687287559483,0.7747077577045696
0.3570497705204313,3646,1352,767,1114,0.826195331973714,0.5482562854825629,0.7294917967186875,0.826195331973714,0.7748379555838912
0.35702886779043475,3646,1353,767,1113,0.826195331973714,0.5486618004866181,0.7293458691738348,0.826195331973714,0.7747556311092224
0.35699318856163725,3647,1353,766,1113,0.8264219351914798,0.5486618004866181,0.7294,0.8264219351914798,0.7748857962392437
0.3569619952265574,3648,1353,765,1113,0.8266485384092455,0.5486618004866181,0.7294541091781643,0.8266485384092455,0.7750159337157425
0.35693819829485934,3648,1354,765,1112,0.8266485384092455,0.5490673154906731,0.7293082766893243,0.8266485384092455,0.7749336165693044
0.3569330982525903,3649,1354,764,1112,0.8268751416270111,0.5490673154906731,0.7293623825704577,0.8268751416270111,0.7750637213254036
0.3569028084365299,3649,1355,764,1111,0.8268751416270111,0.5494728304947283,0.7292166266986411,0.8268751416270111,0.7749814165870235
0.3568942526720521,3649,1356,764,1110,0.8268751416270111,0.5498783454987834,0.7290709290709291,0.8268751416270111,0.774899129326821
0.35685829573824873,3650,1356,763,1110,0.8271017448447768,0.5498783454987834,0.7291250499400719,0.8271017448447768,0.7750291963053403
0.3568526086870139,3650,1357,763,1109,0.8271017448447768,0.5502838605028386,0.7289794287996805,0.8271017448447768,0.7749469214437368
0.3568292449782125,3650,1358,763,1108,0.8271017448447768,0.5506893755068938,0.7288338658146964,0.8271017448447768,0.7748646640484025
0.3568125464538353,3650,1359,763,1107,0.8271017448447768,0.551094890510949,0.7286883609502894,0.8271017448447768,0.7747824241137763
0.3567940413620334,3650,1361,763,1105,0.8271017448447768,0.5519059205190592,0.7283975254440231,0.8271017448447768,0.7746179966044143
0.3567817135832681,3650,1362,763,1104,0.8271017448447768,0.5523114355231143,0.7282521947326417,0.8271017448447768,0.7745358090185677
0.3567728182129524,3650,1363,763,1103,0.8271017448447768,0.5527169505271695,0.7281069220027927,0.8271017448447768,0.7744536388712073
0.35675409084544774,3651,1363,762,1103,0.8273283480625425,0.5527169505271695,0.7281611487834064,0.8273283480625425,0.7745836427283335
0.35672142638289445,3651,1364,762,1102,0.8273283480625425,0.5531224655312247,0.7280159521435693,0.8273283480625425,0.7745014849384811
0.3567048334666191,3652,1364,761,1102,0.8275549512803082,0.5531224655312247,0.7280701754385965,0.8275549512803082,0.7746314561459328
0.3566829179672362,3653,1364,760,1102,0.8277815544980739,0.5531224655312247,0.7281243771177995,0.8277815544980739,0.7747613997879109
0.35667374359510107,3653,1365,760,1101,0.8277815544980739,0.5535279805352799,0.727979274611399,0.8277815544980739,0.7746792492842752
0.3566666599741688,3653,1366,760,1100,0.8277815544980739,0.5539334955393349,0.7278342299262801,0.8277815544980739,0.7745971162001697
0.35662451325118794,3653,1367,760,1099,0.8277815544980739,0.5543390105433901,0.7276892430278884,0.8277815544980739,0.774515000530054
0.3566080244208231,3653,1368,760,1098,0.8277815544980739,0.5547445255474452,0.7275443138816968,0.8277815544980739,0.774432902268391
0.35660741403951207,3654,1368,759,1098,0.8280081577158396,0.5547445255474452,0.7275985663082437,0.8280081577158396,0.7745627980922097
0.356604238884717,3655,1368,758,1098,0.8282347609336053,0.5547445255474452,0.7276527971331873,0.8282347609336053,0.7746926663840611
0.3565840463584387,3655,1369,758,1097,0.8282347609336053,0.5551500405515004,0.7275079617834395,0.8282347609336053,0.7746105753947229
0.35655392832139327,3656,1369,757,1097,0.828461364151371,0.5551500405515004,0.7275621890547264,0.828461364151371,0.7747404111040475
0.3565182181799886,3656,1370,757,1096,0.828461364151371,0.5555555555555556,0.7274174293672901,0.828461364151371,0.7746583324504714
0.3565150089296511,3656,1371,757,1095,0.828461364151371,0.5559610705596107,0.7272727272727273,0.828461364151371,0.7745762711864407
0.35649737590967917,3657,1371,756,1095,0.8286879673691366,0.5559610705596107,0.727326968973747,0.8286879673691366,0.7747060692723228
0.3564787783119899,3658,1371,755,1095,0.8289145705869023,0.5559610705596107,0.7273811891032015,0.8289145705869023,0.7748358398644356
0.3564383751676337,3659,1371,754,1095,0.829141173804668,0.5559610705596107,0.7274353876739562,0.829141173804668,0.7749655829715133
0.35641500758210914,3659,1372,754,1094,0.829141173804668,0.5563665855636658,0.727290797058239,0.829141173804668,0.7748835239305379
0.356414690181444,3659,1373,754,1093,0.829141173804668,0.556772100567721,0.7271462639109698,0.829141173804668,0.7748014822657492
0.35638638112389337,3659,1374,754,1092,0.829141173804668,0.5571776155717761,0.7270017881978939,0.829141173804668,0.7747194579716281
0.35636053813007196,3660,1374,753,1092,0.8293677770224337,0.5571776155717761,0.7270560190703218,0.8293677770224337,0.7748491584630041
0.356359924261579,3661,1374,752,1092,0.8295943802401994,0.5571776155717761,0.7271102284011917,0.8295943802401994,0.77497883149873
0.35632252938371556,3662,1374,751,1092,0.8298209834579651,0.5571776155717761,0.7271644162033359,0.8298209834579651,0.7751084770875224
0.35631518051606964,3662,1375,751,1091,0.8298209834579651,0.5575831305758313,0.7270200516180266,0.8298209834579651,0.775026455026455
0.3563026860024652,3663,1375,750,1091,0.8300475866757308,0.5575831305758313,0.7270742358078602,0.8300475866757308,0.7751560681409374
0.3562599487862398,3664,1375,749,1091,0.8302741898934964,0.5575831305758313,0.7271283984917642,0.8302741898934964,0.7752856538298774
0.3562300335887127,3665,1375,748,1091,0.8305007931112621,0.5575831305758313,0.7271825396825397,0.8305007931112621,0.7754152121019782
0.3562135536059011,3665,1376,748,1090,0.8305007931112621,0.5579886455798865,0.7270382860543543,0.8305007931112621,0.7753331922995557
0.35618879263176073,3665,1377,748,1089,0.8305007931112621,0.5583941605839416,0.7268940896469654,0.8305007931112621,0.7752511898466419
0.35618259518038264,3665,1378,748,1088,0.8305007931112621,0.5587996755879967,0.7267499504263335,0.8305007931112621,0.7751692047377327
0.3561601959488113,3665,1379,748,1087,0.8305007931112621,0.5592051905920519,0.7266058683584457,0.8305007931112621,0.7750872369673257
0.3561524945768275,3665,1380,748,1086,0.8305007931112621,0.559610705596107,0.7264618434093162,0.8305007931112621,0.7750052865299217
0.3561502271888333,3666,1380,747,1086,0.8307273963290279,0.559610705596107,0.7265160523186682,0.8307273963290279,0.7751347922613385
0.35614767534655045,3666,1381,747,1085,0.8307273963290279,0.5600162206001622,0.7263721022389539,0.8307273963290279,0.7750528541226217
0.3561270860109572,3667,1381,746,1085,0.8309539995467936,0.5600162206001622,0.7264263074484945,0.8309539995467936,0.7751823274495296
0.356099237046315,3668,1381,745,1085,0.8311806027645593,0.5600162206001622,0.7264804911863736,0.8311806027645593,0.7753117734094274
0.35609491077663563,3668,1382,745,1084,0.8311806027645593,0.5604217356042174,0.7263366336633663,0.8311806027645593,0.7752298425446476
0.35609375154238776,3669,1382,744,1084,0.831407205982325,0.5604217356042174,0.7263908137002574,0.831407205982325,0.7753592561284869
0.35608269800474857,3669,1383,744,1083,0.831407205982325,0.5608272506082725,0.7262470308788599,0.831407205982325,0.7752773375594296
0.35608173447577085,3670,1383,743,1083,0.8316338092000907,0.5608272506082725,0.7263012072036414,0.8316338092000907,0.7754067187830129
0.35606876527504755,3671,1383,742,1083,0.8318604124178564,0.5608272506082725,0.7263553620894341,0.8318604124178564,0.7755360726734973
0.3560613689150476,3671,1384,742,1082,0.8318604124178564,0.5612327656123277,0.7262116716122651,0.8318604124178564,0.7754541613857203
0.3560352758975956,3671,1385,742,1081,0.8318604124178564,0.5616382806163828,0.7260680379746836,0.8318604124178564,0.7753722673988805
0.35602215416194344,3671,1386,742,1080,0.8318604124178564,0.5620437956204379,0.7259244611429702,0.8318604124178564,0.7752903907074973
0.356009206792767,3671,1387,742,1079,0.8318604124178564,0.5624493106244931,0.7257809410834322,0.8318604124178564,0.7752085313060924
0.356006981016498,3672,1387,741,1079,0.832087015635622,0.5624493106244931,0.7258351452856295,0.832087015635622,0.7753378378378379
0.35598237418472956,3672,1388,741,1078,0.832087015635622,0.5628548256285483,0.7256916996047431,0.832087015635622,0.7752559907104404
0.35595517189712456,3673,1388,740,1078,0.8323136188533877,0.5628548256285483,0.7257459000197589,0.8323136188533877,0.7753852649356131
0.35595372782364965,3673,1389,740,1077,0.8323136188533877,0.5632603406326034,0.7256025286448045,0.8323136188533877,0.7753034300791557
0.3559453325837608,3673,1390,740,1076,0.8323136188533877,0.5636658556366586,0.7254592139047995,0.8323136188533877,0.7752216124947234
0.35593036789059135,3674,1390,739,1076,0.8325402220711534,0.5636658556366586,0.7255134281200631,0.8325402220711534,0.7753508494249235
0.3559140612197479,3674,1391,739,1075,0.8325402220711534,0.5640713706407137,0.7253701875616979,0.8325402220711534,0.7752690441021312
0.35589585539051277,3675,1391,738,1075,0.8327668252889191,0.5640713706407137,0.7254243979470983,0.8327668252889191,0.7753982487604177
0.3558381398334484,3675,1392,738,1074,0.8327668252889191,0.5644768856447688,0.7252812314979278,0.8327668252889191,0.7753164556962026
0.3558378552974574,3675,1393,738,1073,0.8327668252889191,0.564882400648824,0.7251381215469613,0.8327668252889191,0.775234679886088
0.3558333750747101,3675,1394,738,1072,0.8327668252889191,0.5652879156528792,0.7249950680607615,0.8327668252889191,0.7751529213246151
0.35582640584642633,3676,1394,737,1072,0.8329934285066848,0.5652879156528792,0.7250493096646943,0.8329934285066848,0.7752820837287778
0.35579665851335424,3677,1394,736,1072,0.8332200317244505,0.5652879156528792,0.7251035298757641,0.8332200317244505,0.775411218894981
0.3557377072048261,3677,1395,736,1071,0.8332200317244505,0.5656934306569343,0.7249605678233438,0.8332200317244505,0.7753294675803902
0.3557129971109325,3677,1396,736,1070,0.8332200317244505,0.5660989456609895,0.7248176621328603,0.8332200317244505,0.7752477335020028
0.35567765165606957,3677,1397,736,1069,0.8332200317244505,0.5665044606650446,0.7246748127709893,0.8332200317244505,0.775166016654369
0.35567246260822344,3677,1398,736,1068,0.8332200317244505,0.5669099756690997,0.7245320197044335,0.8332200317244505,0.7750843170320404
0.3556645503901812,3678,1398,735,1068,0.8334466349422162,0.5669099756690997,0.7245862884160756,0.8334466349422162,0.7752134049952576
0.35560890845590165,3678,1399,735,1067,0.8334466349422162,0.5673154906731549,0.7244435690368328,0.8334466349422162,0.775131717597471
0.35559011012024916,3678,1400,735,1066,0.8334466349422162,0.5677210056772101,0.7243009058684522,0.8334466349422162,0.775050047413339
0.3555634467914683,3678,1401,735,1065,0.8334466349422162,0.5681265206812652,0.7241582988777319,0.8334466349422162,0.7749683944374209
0.3555346664364842,3678,1402,735,1064,0.8334466349422162,0.5685320356853204,0.724015748031496,0.8334466349422162,0.7748867586642789
0.35551975662090496,3679,1402,734,1064,0.8336732381599818,0.5685320356853204,0.7240700649478449,0.8336732381599818,0.7750157994522857
0.3555156569251602,3680,1402,733,1064,0.8338998413777475,0.5685320356853204,0.7241243604879969,0.8338998413777475,0.7751448130595051
0.3555059165222128,3681,1402,732,1064,0.8341264445955132,0.5685320356853204,0.7241786346645682,0.8341264445955132,0.775273799494524
0.3555042847260598,3682,1402,731,1064,0.8343530478132789,0.5685320356853204,0.7242328874901652,0.8343530478132789,0.775402758765926
0.3555029657453928,3682,1403,731,1063,0.8343530478132789,0.5689375506893755,0.7240904621435595,0.8343530478132789,0.7753211202358391
0.3554783814298248,3683,1403,730,1063,0.8345796510310446,0.5689375506893755,0.7241447109712937,0.8345796510310446,0.7754500473734077
0.35547317614980356,3683,1404,730,1062,0.8345796510310446,0.5693430656934306,0.724002358954197,0.8345796510310446,0.7753684210526317
0.35545452460854676,3684,1404,729,1062,0.8348062542488104,0.5693430656934306,0.7240566037735849,0.8348062542488104,0.7754973160719925
0.35545100074549524,3684,1405,729,1061,0.8348062542488104,0.5697485806974858,0.7239143250147376,0.8348062542488104,0.7754157019574828
0.3554266034763947,3685,1405,728,1061,0.8350328574665761,0.5697485806974858,0.7239685658153242,0.8350328574665761,0.7755445648742504
0.3554138205470757,3685,1406,728,1060,0.8350328574665761,0.570154095701541,0.7238263602435671,0.8350328574665761,0.7754629629629629
0.3554040934584953,3686,1406,727,1060,0.8352594606843418,0.570154095701541,0.7238805970149254,0.8352594606843418,0.7755917937927407
0.355403682168321,3686,1407,727,1059,0.8352594606843418,0.5705596107055961,0.7237384645591989,0.8352594606843418,0.7755102040816326
0.35540201920560777,3686,1408,727,1058,0.8352594606843418,0.5709651257096513,0.7235963879073419,0.8352594606843418,0.7754286315346586
0.3553808918432631,3687,1408,726,1058,0.8354860639021074,0.5709651257096513,0.7236506378802747,0.8354860639021074,0.7755574253260412
0.35527440934044857,3688,1408,725,1058,0.8357126671198731,0.5709651257096513,0.7237048665620094,0.8357126671198731,0.7756861920286044
0.35526273366531297,3688,1409,725,1057,0.8357126671198731,0.5713706407137064,0.723562880125564,0.8357126671198731,0.7756046267087277
0.3552483653803336,3689,1409,724,1057,0.8359392703376388,0.5713706407137064,0.7236171047469596,0.8359392703376388,0.7757333613710441
0.35522250032198477,3690,1409,723,1057,0.8361658735554045,0.5713706407137064,0.7236713080996274,0.8361658735554045,0.7758620689655173
0.3552211516379956,3690,1410,723,1056,0.8361658735554045,0.5717761557177615,0.7235294117647059,0.8361658735554045,0.7757805108798487
0.35521873568722573,3690,1411,723,1055,0.8361658735554045,0.5721816707218167,0.7233875710644971,0.8361658735554045,0.7756989699390372
0.35520644847536664,3691,1411,722,1055,0.8363924767731702,0.5721816707218167,0.7234417875343003,0.8363924767731702,0.7758276405675251
0.35518755103459015,3691,1412,722,1054,0.8363924767731702,0.5725871857258719,0.7233000195963158,0.8363924767731702,0.7757461118116855
0.35517385669260404,3692,1412,721,1054,0.8366190799909359,0.5725871857258719,0.7233542319749217,0.8366190799909359,0.7758747504465693
0.35517342564528215,3692,1413,721,1053,0.8366190799909359,0.572992700729927,0.7232125367286973,0.8366190799909359,0.7757932338726624
0.3551306590865112,3693,1413,720,1053,0.8368456832087016,0.572992700729927,0.7232667450058754,0.8368456832087016,0.7759218405294674
0.35512217298047316,3693,1414,720,1052,0.8368456832087016,0.5733982157339822,0.7231251223810456,0.8368456832087016,0.7758403361344538
0.355118855884783,3693,1415,720,1051,0.8368456832087016,0.5738037307380373,0.7229835552075177,0.8368456832087016,0.7757588488604138
0.35511587154448854,3693,1416,720,1050,0.8368456832087016,0.5742092457420924,0.7228420434527305,0.8368456832087016,0.7756773787019534
0.3550768138486727,3693,1417,720,1049,0.8368456832087016,0.5746147607461476,0.7227005870841487,0.8368456832087016,0.7755959256536805
0.35506827657444545,3693,1418,720,1048,0.8368456832087016,0.5750202757502028,0.7225591860692624,0.8368456832087016,0.7755144897102058
0.35506016549942326,3694,1418,719,1048,0.8370722864264672,0.5750202757502028,0.7226134585289515,0.8370722864264672,0.7756430446194227
0.35505977603081734,3695,1418,718,1048,0.8372988896442329,0.5750202757502028,0.7226677097594367,0.8372988896442329,0.7757715725383163
0.3549986111868331,3695,1419,718,1047,0.8372988896442329,0.5754257907542579,0.7225263981228002,0.8372988896442329,0.7756901438018264
0.35497988749419557,3695,1420,718,1046,0.8372988896442329,0.5758313057583131,0.7223851417399805,0.8372988896442329,0.7756087321578506
0.35497960575972964,3695,1421,718,1045,0.8372988896442329,0.5762368207623683,0.722243940578577,0.8372988896442329,0.7755273376010074
0.3549157527039628,3696,1421,717,1045,0.8375254928619986,0.5762368207623683,0.7222982216142271,0.8375254928619986,0.7756558237145855
0.35491227000548814,3697,1421,716,1045,0.8377520960797643,0.5762368207623683,0.7223524814380617,0.8377520960797643,0.7757842828664359
0.3549111138562255,3697,1422,716,1044,0.8377520960797643,0.5766423357664233,0.7222113694080875,0.8377520960797643,0.7757028955098616
0.35488405750171076,3697,1423,716,1043,0.8377520960797643,0.5770478507704785,0.7220703125,0.8377520960797643,0.7756215252281549
0.3548794634886766,3697,1424,716,1042,0.8377520960797643,0.5774533657745337,0.7219293106815076,0.8377520960797643,0.775540172015943
0.35486352425654055,3698,1424,715,1042,0.83797869929753,0.5774533657745337,0.721983600156189,0.83797869929753,0.7756685894074462
0.3548194943621685,3698,1425,715,1041,0.83797869929753,0.5778588807785888,0.721842670310365,0.83797869929753,0.7755872483221476
0.3548189936786441,3698,1426,715,1040,0.83797869929753,0.578264395782644,0.7217017954722873,0.83797869929753,0.7755059242948515
0.3548084242634675,3698,1427,715,1039,0.83797869929753,0.5786699107866992,0.7215609756097561,0.83797869929753,0.775424617320193
0.3547735362113725,3698,1428,715,1038,0.83797869929753,0.5790754257907542,0.7214202106905969,0.83797869929753,0.7753433273928085
0.3547488103802214,3698,1429,715,1037,0.83797869929753,0.5794809407948094,0.7212795006826604,0.83797869929753,0.7752620545073375
0.35474309919885916,3699,1429,714,1037,0.8382053025152957,0.5794809407948094,0.7213338533541341,0.8382053025152957,0.7753904202913741
0.3547402596940381,3700,1429,713,1037,0.8384319057330614,0.5794809407948094,0.7213881848313511,0.8384319057330614,0.7755187591699853
0.3547361955220774,3700,1430,713,1036,0.8384319057330614,0.5798864557988646,0.7212475633528265,0.8384319057330614,0.7754374934506968
0.3547291777672987,3701,1430,712,1036,0.838658508950827,0.5798864557988646,0.7213018904696941,0.838658508950827,0.7755658005029338
0.35465014400214245,3701,1431,712,1035,0.838658508950827,0.5802919708029197,0.7211613406079501,0.838658508950827,0.7754845468831849
0.35464749206068563,3702,1431,711,1035,0.8388851121685927,0.5802919708029197,0.7212156633547633,0.8388851121685927,0.77561282212445
0.35461182957258075,3703,1431,710,1035,0.8391117153863585,0.5802919708029197,0.7212699649396183,0.8391117153863585,0.7757410704933486
0.35460752596345074,3703,1432,710,1034,0.8391117153863585,0.5806974858069749,0.7211295034079844,0.8391117153863585,0.7756598240469208
0.35457651664799245,3703,1433,710,1033,0.8391117153863585,0.5811030008110301,0.7209890965732088,0.8391117153863585,0.7755785946172373
0.35456745843035375,3703,1434,710,1032,0.8391117153863585,0.5815085158150851,0.7208487444033482,0.8391117153863585,0.7754973821989529
0.3545112614459195,3704,1434,709,1032,0.8393383186041242,0.5815085158150851,0.7209030751265084,0.8393383186041242,0.7756255889435663
0.3544901113076677,3705,1434,708,1032,0.8395649218218899,0.5815085158150851,0.7209573847051955,0.8395649218218899,0.7757537688442211
0.3544831557788453,3706,1434,707,1032,0.8397915250396556,0.5815085158150851,0.721011673151751,0.8397915250396556,0.7758819219093479
0.3544739379406095,3706,1435,707,1031,0.8397915250396556,0.5819140308191403,0.7208714257926473,0.8397915250396556,0.7758007117437722
0.3544365052454464,3707,1435,706,1031,0.8400181282574213,0.5819140308191403,0.720925709840529,0.8400181282574213,0.7759288330716904
0.3544151243502355,3707,1436,706,1030,0.8400181282574213,0.5823195458231955,0.7207855337351741,0.8400181282574213,0.7758476349937212
0.35440183337457226,3707,1437,706,1029,0.8400181282574213,0.5827250608272506,0.7206454121306376,0.8400181282574213,0.7757664539081301
0.35438426058385203,3708,1437,705,1029,0.840244731475187,0.5827250608272506,0.7206997084548105,0.840244731475187,0.775894538606403
0.3543841166325605,3708,1438,705,1028,0.840244731475187,0.5831305758313058,0.7205596579867859,0.840244731475187,0.7758133695993304
0.3543462932968448,3709,1438,704,1028,0.8404713346929527,0.5831305758313058,0.7206139498737129,0.8404713346929527,0.7759414225941422
0.3543422430414616,3709,1439,704,1027,0.8404713346929527,0.583536090835361,0.7204739704739704,0.8404713346929527,0.7758602656625877
0.3543318463840801,3709,1440,704,1026,0.8404713346929527,0.583941605839416,0.7203340454457177,0.8404713346929527,0.7757791257059192
0.35427874668748927,3710,1440,703,1026,0.8406979379107183,0.583941605839416,0.7203883495145631,0.8406979379107183,0.7759071421102166
0.354252570021261,3711,1440,702,1026,0.840924541128484,0.583941605839416,0.720442632498544,0.840924541128484,0.7760351317440402
0.3542522894600606,3712,1440,701,1026,0.8411511443462497,0.583941605839416,0.7204968944099379,0.8411511443462497,0.7761630946157868
0.35423288122855495,3712,1441,701,1025,0.8411511443462497,0.5843471208434712,0.7203570735493887,0.8411511443462497,0.7760819569307965
0.35422967282364604,3713,1441,700,1025,0.8413777475640154,0.5843471208434712,0.7204113310050446,0.8413777475640154,0.776209888157207
0.35422353653427585,3713,1442,700,1024,0.8413777475640154,0.5847526358475263,0.7202715809893308,0.8413777475640154,0.776128762541806
0.35418436918948726,3714,1442,699,1024,0.8416043507817811,0.5847526358475263,0.7203258339798293,0.8416043507817811,0.7762566621381545
0.3541602683092427,3714,1443,699,1023,0.8416043507817811,0.5851581508515815,0.7201861547411286,0.8416043507817811,0.7761755485893418
0.3541594236520132,3714,1444,699,1022,0.8416043507817811,0.5855636658556367,0.7200465296626599,0.8416043507817811,0.7760944519903875
0.35415654288304316,3715,1444,698,1022,0.8418309539995468,0.5855636658556367,0.7201007947276604,0.8418309539995468,0.7762223150856665
0.3541314409283074,3715,1445,698,1021,0.8418309539995468,0.5859691808596919,0.7199612403100775,0.8418309539995468,0.7761412305442389
0.3541016930344099,3716,1445,697,1021,0.8420575572173125,0.5859691808596919,0.720015500871924,0.8420575572173125,0.7762690620430333
0.3540730512214041,3716,1446,697,1020,0.8420575572173125,0.5863746958637469,0.7198760170476559,0.8420575572173125,0.7761879895561358
0.35406029390436605,3717,1446,696,1020,0.8422841604350781,0.5863746958637469,0.7199302730970366,0.8422841604350781,0.7763157894736842
0.3540519257037936,3717,1447,696,1019,0.8422841604350781,0.5867802108678021,0.7197908597986057,0.8422841604350781,0.776234729038321
0.35401608577828825,3718,1447,695,1019,0.8425107636528438,0.5867802108678021,0.7198451113262343,0.8425107636528438,0.7763624973898516
0.3539878494407627,3719,1447,694,1019,0.8427373668706095,0.5867802108678021,0.7198993418505614,0.8427373668706095,0.7764902390646206
0.35396690745776116,3719,1448,694,1018,0.8427373668706095,0.5871857258718572,0.719760015482872,0.8427373668706095,0.7764091858037577
0.3539624350995238,3719,1449,694,1017,0.8427373668706095,0.5875912408759124,0.7196207430340558,0.8427373668706095,0.7763281494624779
0.3539615478133803,3719,1450,694,1016,0.8427373668706095,0.5879967558799676,0.7194815244728188,0.8427373668706095,0.7762471300354832
0.3539494864051198,3719,1451,694,1015,0.8427373668706095,0.5884022708840227,0.7193423597678917,0.8427373668706095,0.776166127517479
0.35394132027207065,3719,1452,694,1014,0.8427373668706095,0.5888077858880778,0.7192032488880294,0.8427373668706095,0.7760851419031719
0.35393971876155406,3719,1453,694,1013,0.8427373668706095,0.589213300892133,0.7190641918020109,0.8427373668706095,0.7760041731872719
0.3539227447127216,3720,1453,693,1013,0.8429639700883752,0.589213300892133,0.7191184999033443,0.8429639700883752,0.7761318589609847
0.3538997492901946,3721,1453,692,1013,0.843190573306141,0.589213300892133,0.719172787011983,0.843190573306141,0.7762595180974237
0.3538692609096635,3722,1453,691,1013,0.8434171765239067,0.589213300892133,0.7192270531400966,0.8434171765239067,0.7763871506049229
0.35385309250769365,3722,1454,691,1012,0.8434171765239067,0.5896188158961881,0.7190880989180835,0.8434171765239067,0.7763061841693607
0.3538345080798609,3722,1455,691,1011,0.8434171765239067,0.5900243309002433,0.7189491983774386,0.8434171765239067,0.7762252346193951
0.3538269357719889,3722,1456,691,1010,0.8434171765239067,0.5904298459042985,0.7188103514870606,0.8434171765239067,0.7761443019497445
0.3537594568594269,3722,1457,691,1009,0.8434171765239067,0.5908353609083536,0.7186715582158718,0.8434171765239067,0.7760633861551293
0.3537581892969556,3723,1457,690,1009,0.8436437797416724,0.5908353609083536,0.7187258687258687,0.8436437797416724,0.776190972584176
0.3537517571446194,3723,1458,690,1008,0.8436437797416724,0.5912408759124088,0.7185871453387377,0.8436437797416724,0.7761100687929957
0.3537247709592441,3723,1459,690,1007,0.8436437797416724,0.5916463909164639,0.718448475492088,0.8436437797416724,0.776029181865555
0.3537141095269967,3724,1459,689,1007,0.8438703829594381,0.5916463909164639,0.7185027976075632,0.8438703829594381,0.7761567319716549
0.3537013122766102,3724,1460,689,1006,0.8438703829594381,0.592051905920519,0.7183641975308642,0.8438703829594381,0.7760758570386579
0.35369099852832,3725,1460,688,1006,0.8440969861772037,0.592051905920519,0.7184185149469624,0.8440969861772037,0.7762033757032717
0.35369091312138545,3725,1461,688,1005,0.8440969861772037,0.5924574209245742,0.7182799845738527,0.8440969861772037,0.776122512761746
0.3536786256416088,3726,1461,687,1005,0.8443235893949694,0.5924574209245742,0.7183342972816658,0.8443235893949694,0.77625
0.35366088143059815,3726,1462,687,1004,0.8443235893949694,0.5928629359286294,0.718195836545875,0.8443235893949694,0.7761691490469743
0.3536347000603686,3727,1462,686,1004,0.8445501926127351,0.5928629359286294,0.7182501445365196,0.8445501926127351,0.7762966048739847
0.35363070365903365,3727,1463,686,1003,0.8445501926127351,0.5932684509326845,0.7181117533718689,0.8445501926127351,0.7762157659064876
0.353618009076237,3727,1464,686,1002,0.8445501926127351,0.5936739659367397,0.7179734155268734,0.8445501926127351,0.7761349437734277
0.3536173031430704,3728,1464,685,1002,0.8447767958305008,0.5936739659367397,0.7180277349768875,0.8447767958305008,0.7762623633524206
0.3536126143057765,3729,1464,684,1002,0.8450033990482665,0.5936739659367397,0.7180820335066436,0.8450033990482665,0.7763897564022485
0.35359564416217276,3730,1464,683,1002,0.8452300022660322,0.5936739659367397,0.7181363111282248,0.8452300022660322,0.776517122931196
0.3535943033489333,3730,1465,683,1001,0.8452300022660322,0.5940794809407948,0.7179980750721848,0.8452300022660322,0.776436303080766
0.35358663341838475,3730,1466,683,1000,0.8452300022660322,0.5944849959448499,0.7178598922247883,0.8452300022660322,0.7763555000520346
0.35356639661629674,3731,1466,682,1000,0.8454566054837979,0.5944849959448499,0.7179141812584183,0.8454566054837979,0.7764828303850156
0.353557934980503,3732,1466,681,1000,0.8456832087015635,0.5944849959448499,0.7179684494036168,0.8456832087015635,0.776610134221205
0.3535349071763707,3733,1466,680,1000,0.8459098119193292,0.5944849959448499,0.718022696672437,0.8459098119193292,0.7767374115688721
0.3535281287540927,3734,1466,679,1000,0.8461364151370949,0.5944849959448499,0.7180769230769231,0.8461364151370949,0.7768646624362842
0.35347846850445014,3735,1466,678,1000,0.8463630183548606,0.5944849959448499,0.7181311286291098,0.8463630183548606,0.7769918868317037
0.3534479346000068,3735,1467,678,999,0.8463630183548606,0.5948905109489051,0.7179930795847751,0.8463630183548606,0.7769110764430578
0.353425060271885,3735,1468,678,998,0.8463630183548606,0.5952960259529603,0.7178550836056121,0.8463630183548606,0.7768302828618967
0.35336572681973116,3735,1469,678,997,0.8463630183548606,0.5957015409570154,0.71771714066103,0.8463630183548606,0.7767495060829781
0.35335711035838235,3735,1470,678,996,0.8463630183548606,0.5961070559610706,0.7175792507204611,0.8463630183548606,0.7766687461010605
0.3533570273314559,3735,1471,678,995,0.8463630183548606,0.5965125709651257,0.7174414137533615,0.8463630183548606,0.7765880029109055
0.35332059901105806,3736,1471,677,995,0.8465896215726263,0.5965125709651257,0.7174956788937968,0.8465896215726263,0.7767151767151766
0.3532928412735205,3737,1471,676,995,0.846816224790392,0.5965125709651257,0.7175499231950845,0.846816224790392,0.7768423240827357
0.3532877977474265,3737,1472,676,994,0.846816224790392,0.5969180859691808,0.717412171242081,0.846816224790392,0.776761588027437
0.35328732533155355,3738,1472,675,994,0.8470428280081577,0.5969180859691808,0.7174664107485604,0.8470428280081577,0.7768887041463161
0.35325103935029056,3738,1473,675,993,0.8470428280081577,0.597323600973236,0.717328727691422,0.8470428280081577,0.7768079800498753
0.3532264380900729,3738,1474,675,992,0.8470428280081577,0.5977291159772912,0.717191097467383,0.8470428280081577,0.7767272727272726
0.3532196392736408,3739,1474,674,992,0.8472694312259234,0.5977291159772912,0.7172453481680414,0.8472694312259234,0.7768543527945149
0.35319670913516327,3739,1475,674,991,0.8472694312259234,0.5981346309813463,0.7171077867280399,0.8472694312259234,0.7767736574218344
0.3531291912298901,3739,1476,674,990,0.8472694312259234,0.5985401459854015,0.7169702780441035,0.8472694312259234,0.7766929788117989
0.35308529647246834,3739,1477,674,989,0.8472694312259234,0.5989456609894566,0.7168328220858896,0.8472694312259234,0.7766123169591859
0.353076625747248,3739,1478,674,988,0.8472694312259234,0.5993511759935117,0.7166954188230784,0.8472694312259234,0.7765316718587746
0.35306710364421345,3739,1479,674,987,0.8472694312259234,0.5997566909975669,0.7165580682253737,0.8472694312259234,0.7764510435053473
0.35304819042031993,3739,1480,674,986,0.8472694312259234,0.6001622060016221,0.7164207702625024,0.8472694312259234,0.7763704318936877
0.35303744998849934,3740,1480,673,986,0.8474960344436892,0.6001622060016221,0.7164750957854407,0.8474960344436892,0.7764974566594002
0.3530041144034183,3741,1480,672,986,0.8477226376614548,0.6001622060016221,0.7165294004979889,0.8477226376614548,0.7766244550550134
0.35299001290276516,3741,1481,672,985,0.8477226376614548,0.6005677210056772,0.7163921869015702,0.8477226376614548,0.7765438505448885
0.35298072577904865,3741,1482,672,984,0.8477226376614548,0.6009732360097324,0.7162550258472142,0.8477226376614548,0.7764632627646326
0.35294799324155285,3741,1483,672,983,0.8477226376614548,0.6013787510137875,0.7161179173047473,0.8477226376614548,0.7763826917090381
0.3529362544896331,3742,1483,671,983,0.8479492408792205,0.6013787510137875,0.7161722488038278,0.8479492408792205,0.776509649304835
0.35292342694266493,3743,1483,670,983,0.8481758440969862,0.6013787510137875,0.7162265595101416,0.8481758440969862,0.7766365805581491
0.3529137890304765,3743,1484,670,982,0.8481758440969862,0.6017842660178426,0.7160895351061795,0.8481758440969862,0.7765560165975104
0.3529073109413546,3743,1485,670,981,0.8481758440969862,0.6021897810218978,0.7159525631216527,0.8481758440969862,0.7764754693496525
0.352900354081239,3744,1485,669,981,0.8484024473147519,0.6021897810218978,0.7160068846815835,0.8484024473147519,0.776602364654636
0.35285804572694557,3744,1486,669,980,0.8484024473147519,0.602595296025953,0.7158699808795411,0.8484024473147519,0.7765218293062325
0.35281466723216176,3745,1486,668,980,0.8486290505325176,0.602595296025953,0.7159242974574651,0.8486290505325176,0.7766486934881792
0.35279398433900017,3746,1486,667,980,0.8488556537502833,0.602595296025953,0.7159785932721713,0.8488556537502833,0.7767755313634007
0.3527807378215868,3746,1487,667,979,0.8488556537502833,0.6030008110300081,0.7158417733613606,0.8488556537502833,0.7766950031100974
0.3527714965013428,3746,1488,667,978,0.8488556537502833,0.6034063260340633,0.7157050057317539,0.8488556537502833,0.7766144915517778
0.3526570449962506,3747,1488,666,978,0.849082256968049,0.6034063260340633,0.7157593123209169,0.849082256968049,0.7767412935323383
0.35261985224978676,3748,1488,665,978,0.8493088601858146,0.6034063260340633,0.7158135981665393,0.8493088601858146,0.776868069229972
0.35258614590507653,3749,1488,664,978,0.8495354634035803,0.6034063260340633,0.7158678632805041,0.8495354634035803,0.7769948186528497
0.3525254373337627,3749,1489,664,977,0.8495354634035803,0.6038118410381184,0.7157311951126384,0.8495354634035803,0.7769143093979899
0.35251689421623017,3750,1489,663,977,0.849762066621346,0.6038118410381184,0.7157854552395495,0.849762066621346,0.777041027766266
0.35251043005836596,3750,1490,663,976,0.849762066621346,0.6042173560421735,0.7156488549618321,0.849762066621346,0.7769605304050553
0.35249381038426497,3751,1490,662,976,0.8499886698391117,0.6042173560421735,0.7157031100934936,0.8499886698391117,0.7770872177335819
0.35249206654485066,3751,1491,662,975,0.8499886698391117,0.6046228710462287,0.7155665776421213,0.8499886698391117,0.777006732263076
0.3524608975232945,3751,1492,662,974,0.8499886698391117,0.6050283860502839,0.7154300972725539,0.8499886698391117,0.7769262634631318
0.3524361833749899,3752,1492,661,974,0.8502152730568774,0.6050283860502839,0.7154843630816171,0.8502152730568774,0.7770529149839496
0.35231666391248856,3752,1493,661,973,0.8502152730568774,0.605433901054339,0.71534795042898,0.8502152730568774,0.7769724580658521
0.35228488320945184,3752,1494,661,972,0.8502152730568774,0.6058394160583942,0.7152115897826916,0.8502152730568774,0.7768920178072264
0.3522332314715913,3752,1495,661,971,0.8502152730568774,0.6062449310624494,0.715075281113017,0.8502152730568774,0.7768115942028986
0.3522307944421231,3752,1496,661,970,0.8502152730568774,0.6066504460665044,0.7149390243902439,0.8502152730568774,0.7767311872476969
0.3522177344449261,3752,1497,661,969,0.8502152730568774,0.6070559610705596,0.7148028195846828,0.8502152730568774,0.7766507969364521
0.352208925559989,3752,1498,661,968,0.8502152730568774,0.6074614760746148,0.7146666666666667,0.8502152730568774,0.7765704232639966
0.3521542099588766,3753,1498,660,968,0.8504418762746431,0.6074614760746148,0.7147210055227575,0.8504418762746431,0.7766970198675497
0.3521357175391542,3753,1499,660,967,0.8504418762746431,0.6078669910786699,0.7145849200304646,0.8504418762746431,0.7766166580444903
0.35200462623503814,3753,1500,660,966,0.8504418762746431,0.6082725060827251,0.7144488863506567,0.8504418762746431,0.776536312849162
0.3519934207931214,3754,1500,659,966,0.8506684794924088,0.6082725060827251,0.7145032356299962,0.8506684794924088,0.7766628736940105
0.351908188705079,3754,1501,659,965,0.8506684794924088,0.6086780210867803,0.7143672692673644,0.8506684794924088,0.7765825403392634
0.35190506076721656,3754,1502,659,964,0.8506684794924088,0.6090835360908353,0.7142313546423136,0.8506684794924088,0.7765022236011997
0.3518908475609038,3754,1503,659,963,0.8506684794924088,0.6094890510948905,0.7140954917253186,0.8506684794924088,0.7764219234746639
0.35188535580855057,3754,1504,659,962,0.8506684794924088,0.6098945660989457,0.7139596804868772,0.8506684794924088,0.7763416399545032
0.35186774926646947,3755,1504,658,962,0.8508950827101744,0.6098945660989457,0.7140140711161818,0.8508950827101744,0.7764681555004135
0.35186253627445535,3755,1505,658,961,0.8508950827101744,0.6103000811030008,0.7138783269961977,0.8508950827101744,0.7763878838002688
0.3518436601209337,3755,1506,658,960,0.8508950827101744,0.610705596107056,0.7137426344801369,0.8508950827101744,0.7763076286954723
0.35182857177097027,3755,1507,658,959,0.8508950827101744,0.6111111111111112,0.7136069935385785,0.8508950827101744,0.7762273901808785
0.35181327863489403,3755,1508,658,958,0.8508950827101744,0.6115166261151662,0.7134714041421243,0.8508950827101744,0.7761471682513437
0.35180651341745134,3756,1508,657,958,0.8511216859279401,0.6115166261151662,0.7135258358662614,0.8511216859279401,0.7762736385243361
0.35180378642189475,3757,1508,656,958,0.8513482891457058,0.6115166261151662,0.7135802469135802,0.8513482891457058,0.776400082661707
0.35176216688998313,3757,1509,656,957,0.8513482891457058,0.6119221411192214,0.7134447398404862,0.8513482891457058,0.7763198677549334
0.35175563715350666,3758,1509,655,957,0.8515748923634716,0.6119221411192214,0.7134991456236947,0.8515748923634716,0.7764462809917355
0.3517193088779627,3758,1510,655,956,0.8515748923634716,0.6123276561232766,0.7133637053910402,0.8515748923634716,0.7763660778845161
0.3516970603846331,3758,1511,655,955,0.8515748923634716,0.6127331711273317,0.7132283165686089,0.8515748923634716,0.7762858913447636
0.3516954389593896,3758,1512,655,954,0.8515748923634716,0.6131386861313869,0.7130929791271348,0.8515748923634716,0.7762057213673449
0.35167533674910384,3758,1513,655,953,0.8515748923634716,0.6135442011354421,0.7129576930373743,0.8515748923634716,0.7761255679471293
0.3516722963876837,3758,1514,655,952,0.8515748923634716,0.6139497161394971,0.7128224582701063,0.8515748923634716,0.7760454310789882
0.35164379324925843,3758,1515,655,951,0.8515748923634716,0.6143552311435523,0.7126872747961313,0.8515748923634716,0.7759653107577948
0.3514832286488926,3758,1516,655,950,0.8515748923634716,0.6147607461476075,0.7125521425862723,0.8515748923634716,0.7758852069784248
0.3514784127445195,3759,1516,654,950,0.8518014955812373,0.6147607461476075,0.71260663507109,0.8518014955812373,0.7760115606936415
0.35140803926726943,3760,1516,653,950,0.852028098799003,0.6147607461476075,0.7126611068991661,0.852028098799003,0.7761378883269687
0.3513985149438817,3761,1516,652,950,0.8522547020167687,0.6147607461476075,0.7127155580822437,0.8522547020167687,0.776264189886481
0.3513907221812485,3761,1517,652,949,0.8522547020167687,0.6151662611516626,0.7125805229253505,0.8522547020167687,0.7761840883293777
0.351378496256164,3762,1517,651,949,0.8524813052345344,0.6151662611516626,0.7126349687440803,0.8524813052345344,0.7763103590590178
0.35137553826527185,3763,1517,650,949,0.8527079084523,0.6151662611516626,0.7126893939393939,0.8527079084523,0.7764366037346538
0.35133887121931057,3764,1517,649,949,0.8529345116700657,0.6151662611516626,0.712743798523007,0.8529345116700657,0.776562822364349
0.3513376127750117,3765,1517,648,949,0.8531611148878314,0.6151662611516626,0.7127981825066263,0.8531611148878314,0.776689014956163
0.3513152723451977,3765,1518,648,948,0.8531611148878314,0.6155717761557178,0.7126632595116411,0.8531611148878314,0.7766089108910892
0.35128838443056015,3766,1518,647,948,0.8533877181055971,0.6155717761557178,0.7127176381529144,0.8533877181055971,0.7767350727028979
0.3512800062999874,3767,1518,646,948,0.8536143213233628,0.6155717761557178,0.7127719962157049,0.8536143213233628,0.7768612084965972
0.35126818743799604,3768,1518,645,948,0.8538409245411285,0.6155717761557178,0.7128263337116912,0.8538409245411285,0.776987318280235
0.35125475685403473,3768,1519,645,947,0.8538409245411285,0.615977291159773,0.7126915074711556,0.8538409245411285,0.7769072164948453
0.35124251386452066,3769,1519,644,947,0.8540675277588942,0.615977291159773,0.7127458396369137,0.8540675277588942,0.7770332955365427
0.3512059936330325,3769,1520,644,946,0.8540675277588942,0.616382806163828,0.7126110795991681,0.8540675277588942,0.7769532055246342
0.3511973702925502,3769,1521,644,945,0.8540675277588942,0.6167883211678832,0.712476370510397,0.8540675277588942,0.7768731320210245
0.3511858470820971,3769,1522,644,944,0.8540675277588942,0.6171938361719383,0.7123417123417124,0.8540675277588942,0.7767930750206101
0.35112293992816423,3770,1522,643,944,0.8542941309766598,0.6171938361719383,0.7123960695389266,0.8542941309766598,0.7769191138588356
0.35112251239981457,3770,1523,643,943,0.8542941309766598,0.6175993511759935,0.7122614774230115,0.8542941309766598,0.7768390686173501
0.3511208974698711,3770,1524,643,942,0.8542941309766598,0.6180048661800487,0.7121269361541368,0.8542941309766598,0.7767590398681364
0.351118164548893,3770,1525,643,941,0.8542941309766598,0.6184103811841039,0.7119924457034938,0.8542941309766598,0.7766790276060981
0.351107452686379,3771,1525,642,941,0.8545207341944255,0.6184103811841039,0.712046827794562,0.8545207341944255,0.7768050262642909
0.35105115908347584,3772,1525,641,941,0.8547473374121912,0.6184103811841039,0.7121011893524637,0.8547473374121912,0.776930998970134
0.35103914277911147,3772,1526,641,940,0.8547473374121912,0.6188158961881589,0.7119667799169498,0.8547473374121912,0.7768509937184637
0.3510316143408356,3772,1527,641,939,0.8547473374121912,0.6192214111922141,0.7118324212115493,0.8547473374121912,0.7767710049423392
0.3509861415334819,3773,1527,640,939,0.8549739406299569,0.6192214111922141,0.7118867924528302,0.8549739406299569,0.7768969422423555
0.3509824020117072,3774,1527,639,939,0.8552005438477226,0.6192214111922141,0.7119411431805319,0.8552005438477226,0.7770228536133414
0.3509794033542192,3774,1528,639,938,0.8552005438477226,0.6196269261962692,0.7118068653338363,0.8552005438477226,0.7769428718476582
0.35090272030123965,3775,1528,638,938,0.8554271470654883,0.6196269261962692,0.7118612106354893,0.8554271470654883,0.7770687525730753
0.3508955565721102,3776,1528,637,938,0.8556537502832541,0.6196269261962692,0.7119155354449472,0.8556537502832541,0.7771946073891118
0.35089350761298743,3777,1528,636,938,0.8558803535010198,0.6196269261962692,0.7119698397737984,0.8558803535010198,0.7773204363037663
0.3508385294191611,3777,1529,636,937,0.8558803535010198,0.6200324412003244,0.711835657745948,0.8558803535010198,0.7772404568371233
0.3508284758943034,3777,1530,636,936,0.8558803535010198,0.6204379562043796,0.7117015262860373,0.8558803535010198,0.7771604938271605
0.3508242743084495,3778,1530,635,936,0.8561069567187855,0.6204379562043796,0.7117558402411455,0.8561069567187855,0.77728628741899
0.3507925195352928,3779,1530,634,936,0.8563335599365511,0.6204379562043796,0.7118101337351667,0.8563335599365511,0.7774120551326887
0.3507856754849008,3779,1531,634,935,0.8563335599365511,0.6208434712084347,0.7116760828625236,0.8563335599365511,0.777332099146354
0.3507817627431574,3780,1531,633,935,0.8565601631543168,0.6208434712084347,0.7117303709282621,0.8565601631543168,0.7774578362813657
0.35071855183510525,3780,1532,633,934,0.8565601631543168,0.6212489862124899,0.7115963855421686,0.8565601631543168,0.7773778920308484
0.3506409309782992,3781,1532,632,934,0.8567867663720825,0.6212489862124899,0.7116506681724073,0.8567867663720825,0.7775035986016862
0.35063968233331755,3781,1533,632,933,0.8567867663720825,0.621654501216545,0.7115167482122695,0.8567867663720825,0.7774236660840957
0.3506201614674047,3781,1534,632,932,0.8567867663720825,0.6220600162206001,0.7113828786453433,0.8567867663720825,0.77734375
0.35061611488389954,3781,1535,632,931,0.8567867663720825,0.6224655312246553,0.7112490594431904,0.8567867663720825,0.7772638503443313
0.35059798765472483,3782,1535,631,931,0.8570133695898482,0.6224655312246553,0.7113033665600903,0.8570133695898482,0.7773895169578622
0.350517241906821,3782,1536,631,930,0.8570133695898482,0.6228710462287105,0.7111696126363295,0.8570133695898482,0.7773096290206557
0.35050362168124694,3782,1537,631,929,0.8570133695898482,0.6232765612327656,0.7110359090054521,0.8570133695898482,0.7772297575010274
0.35046204608383597,3783,1537,630,929,0.8572399728076139,0.6232765612327656,0.7110902255639098,0.8572399728076139,0.777355388883181
0.3504582877986946,3783,1538,630,928,0.8572399728076139,0.6236820762368208,0.7109565871076865,0.8572399728076139,0.7772755290733512
0.35043633799152174,3783,1539,630,927,0.8572399728076139,0.6240875912408759,0.7108229988726043,0.8572399728076139,0.7771956856702619
0.350431477362957,3783,1540,630,926,0.8572399728076139,0.624493106244931,0.7106894608303588,0.8572399728076139,0.7771158586688579
0.3504194109699706,3783,1541,630,925,0.8572399728076139,0.6248986212489862,0.7105559729526671,0.8572399728076139,0.7770360480640854
0.3504167252578093,3783,1542,630,924,0.8572399728076139,0.6253041362530414,0.7104225352112676,0.8572399728076139,0.7769562538508934
0.3503726382216714,3783,1543,630,923,0.8572399728076139,0.6257096512570965,0.7102891475779196,0.8572399728076139,0.7768764760242324
0.3503654104028792,3784,1543,629,923,0.8574665760253796,0.6257096512570965,0.7103435329453727,0.8574665760253796,0.7770020533880904
0.3503364574652188,3784,1544,629,922,0.8574665760253796,0.6261151662611517,0.7102102102102102,0.8574665760253796,0.7769222872395032
0.3503101578384336,3785,1544,628,922,0.8576931792431453,0.6261151662611517,0.7102645899793583,0.8576931792431453,0.7770478341203039
0.35027080669903626,3785,1545,628,921,0.8576931792431453,0.6265206812652068,0.7101313320825516,0.8576931792431453,0.776968079646926
0.3502206784920826,3785,1546,628,920,0.8576931792431453,0.6269261962692619,0.7099981241793285,0.8576931792431453,0.7768883415435139
0.3502190708132516,3785,1547,628,919,0.8576931792431453,0.6273317112733171,0.7098649662415604,0.8576931792431453,0.7768086198050282
0.35021589067762393,3786,1547,627,919,0.8579197824609109,0.6273317112733171,0.7099193699606225,0.8579197824609109,0.7769341268212601
0.3501416717463876,3787,1547,626,919,0.8581463856786766,0.6273317112733171,0.7099737532808399,0.8581463856786766,0.7770596080845389
0.3501354108319836,3787,1548,626,918,0.8581463856786766,0.6277372262773723,0.7098406747891284,0.8581463856786766,0.7769798933114485
0.3501058400008932,3787,1549,626,917,0.8581463856786766,0.6281427412814274,0.7097076461769115,0.8581463856786766,0.7769001948917837
0.3500649801483027,3787,1550,626,916,0.8581463856786766,0.6285482562854826,0.7095746674161514,0.8581463856786766,0.7768205128205128
0.35003142423475736,3787,1551,626,915,0.8581463856786766,0.6289537712895377,0.7094417384788311,0.8581463856786766,0.7767408470926059
0.3500236730233086,3788,1551,625,915,0.8583729888964423,0.6289537712895377,0.7094961603296498,0.8583729888964423,0.7768662838392125
0.3500218728297251,3789,1551,624,915,0.858599592114208,0.6289537712895377,0.7095505617977528,0.858599592114208,0.7769916948631191
0.35000979054804654,3790,1551,623,915,0.8588261953319737,0.6289537712895377,0.709604942894589,0.8588261953319737,0.777117080172237
0.3499967442243709,3790,1552,623,914,0.8588261953319737,0.6293592862935928,0.7094721078247848,0.8588261953319737,0.7770374167093799
0.34995785869072343,3790,1553,623,913,0.8588261953319737,0.629764801297648,0.7093393224780086,0.8588261953319737,0.7769577695776957
0.34994526316432195,3790,1554,623,912,0.8588261953319737,0.6301703163017032,0.7092065868263473,0.8588261953319737,0.7768781387721636
0.34990277444699086,3790,1555,623,911,0.8588261953319737,0.6305758313057583,0.7090739008419084,0.8588261953319737,0.7767985242877639
0.34988240064906956,3790,1556,623,910,0.8588261953319737,0.6309813463098135,0.70894126449682,0.8588261953319737,0.7767189261194795
0.3498660894097459,3791,1556,622,910,0.8590527985497394,0.6309813463098135,0.708995698522536,0.8590527985497394,0.7768442622950819
0.34984060022070795,3791,1557,622,909,0.8590527985497394,0.6313868613138686,0.7088631264023935,0.8590527985497394,0.7767646757504354
0.3498363708002102,3792,1557,621,909,0.8592794017675051,0.6313868613138686,0.7089175546831183,0.8592794017675051,0.7768899815611554
0.34983036546535795,3792,1558,621,908,0.8592794017675051,0.6317923763179237,0.7087850467289719,0.8592794017675051,0.7768104066373039
0.3498276279112905,3792,1559,621,907,0.8592794017675051,0.6321978913219789,0.7086525883012521,0.8592794017675051,0.7767308480131093
0.3498227937849913,3793,1559,620,907,0.8595060049852707,0.6321978913219789,0.7087070254110612,0.8595060049852707,0.7768561187916027
0.34979969617041184,3793,1560,620,906,0.8595060049852707,0.6326034063260341,0.7085746310480104,0.8595060049852707,0.7767765717796437
0.3497956409270033,3794,1560,619,906,0.8597326082030364,0.6326034063260341,0.7086290623832648,0.8597326082030364,0.7769018122248387
0.3497570338392085,3794,1561,619,905,0.8597326082030364,0.6330089213300892,0.7084967320261438,0.8597326082030364,0.7768222768222768
0.34972782144049863,3795,1561,618,905,0.8599592114208022,0.6330089213300892,0.7085511575802838,0.8599592114208022,0.7769474869485106
0.3497239260997498,3795,1562,618,904,0.8599592114208022,0.6334144363341444,0.7084188911704312,0.8599592114208022,0.7768679631525077
0.3496863007224195,3795,1563,618,903,0.8599592114208022,0.6338199513381995,0.7082866741321389,0.8599592114208022,0.7767884556340191
0.3496746525011662,3796,1563,617,903,0.8601858146385679,0.6338199513381995,0.7083411084157492,0.8601858146385679,0.7769136307818256
0.34964240801926383,3797,1563,616,903,0.8604124178563336,0.6338199513381995,0.7083955223880597,0.8604124178563336,0.7770387803131076
0.3496399234006495,3798,1563,615,903,0.8606390210740993,0.6338199513381995,0.7084499160604365,0.8606390210740993,0.7771639042357275
0.34955513717389464,3798,1564,615,902,0.8606390210740993,0.6342254663422546,0.7083177918687057,0.8606390210740993,0.777084398976982
0.34953840542640585,3799,1564,614,902,0.860865624291865,0.6342254663422546,0.7083721797501399,0.860865624291865,0.7772094926350246
0.34952387809988245,3799,1565,614,901,0.860865624291865,0.6346309813463098,0.7082401193139448,0.860865624291865,0.7771299989771914
0.34951463861813825,3799,1566,614,900,0.860865624291865,0.635036496350365,0.7081081081081081,0.860865624291865,0.777050521579055
0.34950812538851916,3799,1567,614,899,0.860865624291865,0.6354420113544201,0.7079761461051062,0.860865624291865,0.7769710604356274
0.3494953057075132,3799,1568,614,898,0.860865624291865,0.6358475263584753,0.7078442332774362,0.860865624291865,0.7768916155419223
0.3494939447518982,3800,1568,613,898,0.8610922275096307,0.6358475263584753,0.7078986587183308,0.8610922275096307,0.7770166649626827
0.3494732486642352,3800,1569,613,897,0.8610922275096307,0.6362530413625304,0.7077668094617248,0.8610922275096307,0.7769372316499694
0.34947257501093093,3801,1569,612,897,0.8613188307273963,0.6362530413625304,0.7078212290502793,0.8613188307273963,0.7770622508432996
0.34947104145937957,3801,1570,612,896,0.8613188307273963,0.6366585563665855,0.7076894433066468,0.8613188307273963,0.7769828291087489
0.349455349299246,3801,1571,612,895,0.8613188307273963,0.6370640713706407,0.7075577066269546,0.8613188307273963,0.7769034236075626
0.3494458242655016,3801,1572,612,894,0.8613188307273963,0.6374695863746959,0.707426018983808,0.8613188307273963,0.776824034334764
0.3494406114772386,3802,1572,611,894,0.861545433945162,0.6374695863746959,0.7074804614812058,0.861545433945162,0.7769490139981609
0.3494003858824117,3803,1572,610,894,0.8617720371629277,0.6374695863746959,0.7075348837209302,0.8617720371629277,0.7770739681242338
0.3493793228833703,3804,1572,609,894,0.8619986403806934,0.6374695863746959,0.7075892857142857,0.8619986403806934,0.7771988967208091
0.34937069614164984,3804,1573,609,893,0.8619986403806934,0.637875101378751,0.7074576901618003,0.8619986403806934,0.7771195097037794
0.3493703911301255,3805,1573,608,893,0.8622252435984591,0.637875101378751,0.7075120862774266,0.8622252435984591,0.7772444081299152
0.34936825380841274,3805,1574,608,892,0.8622252435984591,0.6382806163828062,0.7073805540063208,0.8622252435984591,0.7771650326797385
0.34936397852156054,3806,1574,607,892,0.8624518468162248,0.6382806163828062,0.7074349442379182,0.8624518468162248,0.7772899009496579
0.3493230848531974,3806,1575,607,891,0.8624518468162248,0.6386861313868614,0.7073034751904851,0.8624518468162248,0.7772105370635082
0.3493195894076986,3806,1576,607,890,0.8624518468162248,0.6390916463909164,0.707172054998142,0.8624518468162248,0.7771311893823379
0.34929799766067793,3807,1576,606,890,0.8626784500339905,0.6390916463909164,0.7072264536503808,0.8626784500339905,0.7772560228664761
0.3492971868346452,3808,1576,605,890,0.8629050532517561,0.6390916463909164,0.7072808320950966,0.8629050532517561,0.7773808308665918
0.3492656486670149,3809,1576,604,890,0.8631316564695218,0.6390916463909164,0.7073351903435469,0.8631316564695218,0.7775056133904878
0.3492492477905255,3809,1577,604,889,0.8631316564695218,0.6394971613949716,0.7072038618640921,0.8631316564695218,0.7774262679865293
0.3491964745651211,3809,1578,604,888,0.8631316564695218,0.6399026763990268,0.7070725821421942,0.8631316564695218,0.7773469387755102
0.3491942907400112,3810,1578,603,888,0.8633582596872875,0.6399026763990268,0.7071269487750557,0.8633582596872875,0.7774716865625956
0.3491783582999516,3810,1579,603,887,0.8633582596872875,0.6403081914030819,0.7069957320467619,0.8633582596872875,0.7773923689043052
0.3491577236702194,3811,1579,602,887,0.8635848629050532,0.6403081914030819,0.7070500927643785,0.8635848629050532,0.7775170866061409
0.34914724985950185,3811,1580,602,886,0.8635848629050532,0.6407137064071371,0.7069189389723614,0.8635848629050532,0.777437780497756
0.3491378896830255,3812,1580,601,886,0.8638114661228189,0.6407137064071371,0.706973293768546,0.8638114661228189,0.7775624681285058
0.34908898903781854,3812,1581,601,885,0.8638114661228189,0.6411192214111923,0.7068422028555535,0.8638114661228189,0.7774831735672039
0.3490720963602169,3813,1581,600,885,0.8640380693405847,0.6411192214111923,0.7068965517241379,0.8640380693405847,0.7776078311410217
0.34905041158364003,3813,1582,600,884,0.8640380693405847,0.6415247364152473,0.7067655236329935,0.8640380693405847,0.7775285481239804
0.3490431851796115,3814,1582,599,884,0.8642646725583504,0.6415247364152473,0.706819866567828,0.8642646725583504,0.7776531756550108
0.34903193225368856,3815,1582,598,884,0.8644912757761161,0.6415247364152473,0.7068741893644618,0.8644912757761161,0.7777777777777779
0.3490312561627492,3815,1583,598,883,0.8644912757761161,0.6419302514193025,0.7067432382363839,0.8644912757761161,0.7776985016817858
0.34902957115646005,3815,1584,598,882,0.8644912757761161,0.6423357664233577,0.706612335617707,0.8644912757761161,0.7776192417448023
0.3490281944768925,3815,1585,598,881,0.8644912757761161,0.6427412814274128,0.7064814814814815,0.8644912757761161,0.7775399979618873
0.3490101584200744,3815,1586,598,880,0.8644912757761161,0.643146796431468,0.7063506758007776,0.8644912757761161,0.7774607703281027
0.34900748711898466,3816,1586,597,880,0.8647178789938818,0.643146796431468,0.7064050351721585,0.8647178789938818,0.7775853285787061
0.34896507501073604,3817,1586,596,880,0.8649444822116474,0.643146796431468,0.7064593744216177,0.8649444822116474,0.7777098614506928
0.3489036669163185,3818,1586,595,880,0.8651710854294131,0.643146796431468,0.7065136935603257,0.8651710854294131,0.7778343689518182
0.34889362555005543,3819,1586,594,880,0.8653976886471788,0.643146796431468,0.7065679925994449,0.8653976886471788,0.777958851089835
0.34885748438627184,3820,1586,593,880,0.8656242918649445,0.643146796431468,0.7066222715501295,0.8656242918649445,0.7780833078724921
0.34884349945948134,3821,1586,592,880,0.8658508950827102,0.643146796431468,0.7066765304235251,0.8658508950827102,0.7782077393075356
0.3488141167273901,3821,1587,592,879,0.8658508950827102,0.6435523114355232,0.7065458579881657,0.8658508950827102,0.7781285001527339
0.34880030892088076,3822,1587,591,879,0.8660774983004759,0.6435523114355232,0.7066001109262341,0.8660774983004759,0.7782529016493586
0.34878743308140203,3823,1587,590,879,0.8663041015182416,0.6435523114355232,0.7066543438077634,0.8663041015182416,0.7783772778173674
0.34872122193250116,3824,1587,589,879,0.8665307047360072,0.6435523114355232,0.7067085566438736,0.8665307047360072,0.7785016286644951
0.34870722603155013,3824,1588,589,878,0.8665307047360072,0.6439578264395782,0.7065779748706578,0.8665307047360072,0.7784223918575063
0.34869577742912217,3824,1589,589,877,0.8665307047360072,0.6443633414436334,0.7064474413449104,0.8665307047360072,0.7783431711785062
0.348690582902971,3825,1589,588,877,0.8667573079537729,0.6443633414436334,0.7065016623568526,0.8667573079537729,0.7784674875343441
0.3486184895164919,3825,1590,588,876,0.8667573079537729,0.6447688564476886,0.7063711911357341,0.8667573079537729,0.7783882783882784
0.34860988287909644,3826,1590,587,876,0.8669839111715386,0.6447688564476886,0.7064254062038404,0.8669839111715386,0.7785125648590904
0.3486001159188899,3826,1591,587,875,0.8669839111715386,0.6451743714517437,0.7062949972309396,0.8669839111715386,0.7784333672431333
0.34859782877212026,3826,1592,587,874,0.8669839111715386,0.6455798864557989,0.7061646363971945,0.8669839111715386,0.7783541857389888
0.3485860942263073,3827,1592,586,874,0.8672105143893043,0.6455798864557989,0.706218859568186,0.8672105143893043,0.7784784377542717
0.34858576638945116,3827,1593,586,873,0.8672105143893043,0.6459854014598541,0.7060885608856089,0.8672105143893043,0.7783992677717889
0.3485453430293363,3828,1593,585,873,0.86743711760707,0.6459854014598541,0.7061427780852241,0.86743711760707,0.7785234899328858
0.34853918649795834,3829,1593,584,873,0.8676637208248357,0.6459854014598541,0.7061969752858723,0.8676637208248357,0.7786476868327402
0.3485383314605652,3829,1594,584,872,0.8676637208248357,0.6463909164639091,0.7060667527198967,0.8676637208248357,0.7785685237901586
0.34843900687292245,3829,1595,584,871,0.8676637208248357,0.6467964314679643,0.7059365781710915,0.8676637208248357,0.7784893768425333
0.34839616046843735,3829,1596,584,870,0.8676637208248357,0.6472019464720195,0.7058064516129032,0.8676637208248357,0.7784102459849563
0.3483852889526823,3829,1597,584,869,0.8676637208248357,0.6476074614760746,0.7056763730187984,0.8676637208248357,0.7783311312125215
0.34838526302571404,3829,1598,584,868,0.8676637208248357,0.6480129764801298,0.7055463423622628,0.8676637208248357,0.7782520325203253
0.3483816705929445,3829,1599,584,867,0.8676637208248357,0.648418491484185,0.7054163596168017,0.8676637208248357,0.7781729499034651
0.34832193169356823,3830,1599,583,867,0.8678903240426014,0.648418491484185,0.7054706207404678,0.8678903240426014,0.7782970940865677
0.348233099590135,3831,1599,582,867,0.868116927260367,0.648418491484185,0.7055248618784531,0.868116927260367,0.7784212130448034
0.34816758575910495,3831,1600,582,866,0.868116927260367,0.64882400648824,0.7053949548886025,0.868116927260367,0.7783421373425436
0.34809463928415096,3831,1601,582,865,0.868116927260367,0.6492295214922952,0.7052650957290133,0.868116927260367,0.7782630777044186
0.348086306446434,3832,1601,581,865,0.8683435304781328,0.6492295214922952,0.7053193447450764,0.8683435304781328,0.7783871622994111
0.348084031110486,3832,1602,581,864,0.8683435304781328,0.6496350364963503,0.7051895472948104,0.8683435304781328,0.7783081141464405
0.3480775668409616,3832,1603,581,863,0.8683435304781328,0.6500405515004055,0.7050597976080957,0.8683435304781328,0.7782290820471162
0.347991353200266,3833,1603,580,863,0.8685701336958985,0.6500405515004055,0.7051140544518028,0.8685701336958985,0.7783531322976952
0.3479626966806971,3834,1603,579,863,0.8687967369136642,0.6500405515004055,0.7051682913371344,0.8687967369136642,0.7784771573604061
0.34796050609391793,3834,1604,579,862,0.8687967369136642,0.6504460665044607,0.7050386171386539,0.8687967369136642,0.778398132169323
0.34792103573984506,3834,1605,579,861,0.8687967369136642,0.6508515815085159,0.7049089906232764,0.8687967369136642,0.7783191230207065
0.34791547094051806,3834,1606,579,860,0.8687967369136642,0.6512570965125709,0.7047794117647059,0.8687967369136642,0.7782401299096722
0.34790261686532614,3835,1606,578,860,0.8690233401314299,0.6512570965125709,0.7048336702811983,0.8690233401314299,0.7783641160949868
0.3478728657080459,3835,1607,578,859,0.8690233401314299,0.6516626115166261,0.7047041528849688,0.8690233401314299,0.778285134449518
0.34786887909482506,3835,1608,578,858,0.8690233401314299,0.6520681265206812,0.7045746830791842,0.8690233401314299,0.7782061688311689
0.3478094389989945,3836,1608,577,858,0.8692499433491956,0.6520681265206812,0.7046289493019838,0.8692499433491956,0.7783301207263874
0.34776771652594535,3836,1609,577,857,0.8692499433491956,0.6524736415247364,0.7044995408631772,0.8692499433491956,0.7782511665652262
0.3477451601059447,3837,1609,576,857,0.8694765465669613,0.6524736415247364,0.7045538009548292,0.8694765465669613,0.7783750887513946
0.34774058734388746,3838,1609,575,857,0.869703149784727,0.6524736415247364,0.7046080411235542,0.869703149784727,0.778498985801217
0.3477376551873096,3838,1610,575,856,0.869703149784727,0.6528791565287916,0.7044787077826725,0.869703149784727,0.7784200385356453
0.34773678832893573,3838,1611,575,855,0.869703149784727,0.6532846715328468,0.7043494219122775,0.869703149784727,0.7783411072804706
0.3477133216455207,3838,1612,575,854,0.869703149784727,0.6536901865369019,0.7042201834862385,0.869703149784727,0.7782621920308223
0.3477073147642809,3839,1612,574,854,0.8699297530024926,0.6536901865369019,0.704274445055953,0.8699297530024926,0.7783860502838605
0.34769008692869324,3839,1613,574,853,0.8699297530024926,0.654095701540957,0.7041452677916361,0.8699297530024926,0.7783071464774455
0.34765928292217263,3840,1613,573,853,0.8701563562202583,0.654095701540957,0.7041995231982395,0.8701563562202583,0.7784309750658829
0.3476242638803578,3840,1614,573,852,0.8701563562202583,0.6545012165450121,0.7040704070407041,0.8701563562202583,0.7783520826999089
0.3476176482024402,3841,1614,572,852,0.870382959438024,0.6545012165450121,0.7041246562786434,0.870382959438024,0.7784758816376164
0.3475494651160035,3842,1614,571,852,0.8706095626557897,0.6545012165450121,0.7041788856304986,0.8706095626557897,0.778599655486878
0.3475357024995785,3842,1615,571,851,0.8706095626557897,0.6549067315490673,0.7040498442367601,0.8706095626557897,0.7785207700101316
0.3475313441049932,3843,1615,570,851,0.8708361658735554,0.6549067315490673,0.7041040674239648,0.8708361658735554,0.7786445142336137
0.34750585821182556,3844,1615,569,851,0.8710627690913211,0.6549067315490673,0.7041582707455578,0.8710627690913211,0.7787682333873582
0.34743527099388544,3845,1615,568,851,0.8712893723090868,0.6549067315490673,0.7042124542124543,0.8712893723090868,0.7788919274789831
0.34743430682314047,3846,1615,567,851,0.8715159755268524,0.6549067315490673,0.7042666178355612,0.8715159755268524,0.7790155965161029
0.3474330774871982,3847,1615,566,851,0.8717425787446181,0.6549067315490673,0.7043207616257781,0.8717425787446181,0.779139240506329
0.3474309841826595,3848,1615,565,851,0.8719691819623838,0.6549067315490673,0.704374885593996,0.8719691819623838,0.7792628594572701
0.3474052708969693,3848,1616,565,850,0.8719691819623838,0.6553122465531225,0.7042459736456809,0.8719691819623838,0.7791839627417233
0.3473793818715401,3849,1616,564,850,0.8721957851801495,0.6553122465531225,0.7043000914913083,0.8721957851801495,0.7793075521360598
0.34736369016944607,3849,1617,564,849,0.8721957851801495,0.6557177615571776,0.7041712403951701,0.8721957851801495,0.7792286668691163
0.3473276552953769,3849,1618,564,848,0.8721957851801495,0.6561232765612328,0.7040424364368026,0.8721957851801495,0.7791497975708502
0.347315177545085,3849,1619,564,847,0.8721957851801495,0.6565287915652879,0.7039136795903438,0.8721957851801495,0.7790709442364132
0.3473129069639857,3850,1619,563,847,0.8724223883979153,0.6565287915652879,0.7039678186140063,0.8724223883979153,0.7791944950414896
0.34729793012527793,3850,1620,563,846,0.8724223883979153,0.656934306569343,0.7038391224862889,0.8724223883979153,0.7791156531417586
0.34727444941419744,3850,1621,563,845,0.8724223883979153,0.6573398215733982,0.7037104734052275,0.8724223883979153,0.7790368271954673
0.34721599946974424,3851,1621,562,845,0.872648991615681,0.6573398215733982,0.703764619883041,0.872648991615681,0.7791603439554882
0.34718924017807135,3851,1622,562,844,0.872648991615681,0.6577453365774534,0.7036360314270053,0.872648991615681,0.7790815294355654
0.34718582653593677,3852,1622,561,844,0.8728755948334467,0.6577453365774534,0.7036901717208622,0.8728755948334467,0.779205016688581
0.34716639302894803,3853,1622,560,844,0.8731021980512124,0.6577453365774534,0.703744292237443,0.8731021980512124,0.7793284789644014
0.3471657433702167,3854,1622,559,844,0.873328801268978,0.6577453365774534,0.7037983929875822,0.873328801268978,0.7794519162706037
0.34716229490564,3855,1622,558,844,0.8735554044867437,0.6577453365774534,0.703852473982107,0.8735554044867437,0.7795753286147624
0.34713367228405634,3855,1623,558,843,0.8735554044867437,0.6581508515815085,0.7037239868565169,0.8735554044867437,0.7794965119805883
0.34713265288766715,3855,1624,558,842,0.8735554044867437,0.6585563665855637,0.7035955466325972,0.8735554044867437,0.7794177112818439
0.3471052483858337,3855,1625,558,841,0.8735554044867437,0.6589618815896188,0.7034671532846716,0.8735554044867437,0.7793389265136967
0.3470357761648934,3855,1626,558,840,0.8735554044867437,0.6593673965936739,0.7033388067870826,0.8735554044867437,0.7792601576713161
0.3470068767416109,3855,1627,558,839,0.8735554044867437,0.6597729115977291,0.7032105071141919,0.8735554044867437,0.7791814047498737
0.347004307041297,3856,1627,557,839,0.8737820077045094,0.6597729115977291,0.7032646361480941,0.8737820077045094,0.7793047696038805
0.3469829201027719,3856,1628,557,838,0.8737820077045094,0.6601784266017843,0.7031363967906638,0.8737820077045094,0.77922602808932
0.3469658798534273,3857,1628,556,838,0.8740086109222751,0.6601784266017843,0.7031905195989061,0.8740086109222751,0.7793493635077793
0.3469557605149459,3859,1628,554,838,0.8744618173578065,0.6601784266017843,0.7032987060324403,0.8744618173578065,0.7795959595959596
0.3469521919926333,3859,1629,554,837,0.8744618173578065,0.6605839416058394,0.70317055393586,0.8744618173578065,0.7795172204827796
0.34694787863139065,3859,1630,554,836,0.8744618173578065,0.6609894566098946,0.7030424485334305,0.8744618173578065,0.7794384972732782
0.34694403434883153,3859,1631,554,835,0.8744618173578065,0.6613949716139497,0.7029143897996357,0.8744618173578065,0.7793597899626377
0.3469235180714622,3860,1631,553,835,0.8746884205755722,0.6613949716139497,0.7029684938991076,0.8746884205755722,0.7794830371567044
0.3468938140143534,3861,1631,552,835,0.8749150237933379,0.6613949716139497,0.7030225782957028,0.8749150237933379,0.7796062594649166
0.3468925141147826,3862,1631,551,835,0.8751416270111035,0.6613949716139497,0.703076643000182,0.8751416270111035,0.7797294568948112
0.34688031112361134,3863,1631,550,835,0.8753682302288692,0.6613949716139497,0.7031306880232981,0.8753682302288692,0.7798526294539215
0.34681232240874127,3863,1632,550,834,0.8753682302288692,0.6618004866180048,0.7030027297543221,0.8753682302288692,0.7797739200645942
0.3467879334765854,3864,1632,549,834,0.8755948334466349,0.6618004866180048,0.7030567685589519,0.8755948334466349,0.7798970632758098
0.3467561022768783,3864,1633,549,833,0.8755948334466349,0.66220600162206,0.702928870292887,0.8755948334466349,0.7798183652875882
0.3467549368234758,3865,1633,548,833,0.8758214366644006,0.66220600162206,0.7029829028737723,0.8758214366644006,0.7799414791645646
0.3467101130887491,3865,1634,548,832,0.8758214366644006,0.6626115166261152,0.7028550645571923,0.8758214366644006,0.7798627925746571
0.34664689149672934,3866,1634,547,832,0.8760480398821663,0.6626115166261152,0.7029090909090909,0.8760480398821663,0.7799858771310401
0.34664462343253555,3867,1634,546,832,0.876274643099932,0.6626115166261152,0.7029630976186148,0.876274643099932,0.7801089368569699
0.3466423241754637,3868,1634,545,832,0.8765012463176977,0.6626115166261152,0.7030170846964741,0.8765012463176977,0.7802319717599596
0.3466400993596027,3869,1634,544,832,0.8767278495354635,0.6626115166261152,0.7030710521533708,0.8767278495354635,0.7803549818475192
0.34663597172515015,3870,1634,543,832,0.8769544527532291,0.6626115166261152,0.703125,0.8769544527532291,0.7804779671271553
0.3465799795620949,3871,1634,542,832,0.8771810559709948,0.6626115166261152,0.7031789282470481,0.8771810559709948,0.7806009276063722
0.34656221011041277,3872,1634,541,832,0.8774076591887605,0.6626115166261152,0.7032328369051943,0.8774076591887605,0.7807238632926706
0.34652361664313824,3873,1634,540,832,0.8776342624065262,0.6626115166261152,0.7032867259851099,0.8776342624065262,0.7808467741935485
0.34649557417620347,3873,1635,540,831,0.8776342624065262,0.6630170316301703,0.7031590413943355,0.8776342624065262,0.7807680677351073
0.3464842714548152,3873,1636,540,830,0.8776342624065262,0.6634225466342255,0.703031403158468,0.8776342624065262,0.7806893771417053
0.3463919591367275,3873,1637,540,829,0.8776342624065262,0.6638280616382806,0.7029038112522686,0.8776342624065262,0.7806107024085458
0.34638831953753274,3874,1637,539,829,0.8778608656242919,0.6638280616382806,0.7029577209217928,0.8778608656242919,0.7807335751713018
0.34638548069967035,3874,1638,539,828,0.8778608656242919,0.6642335766423357,0.7028301886792453,0.8778608656242919,0.780654911838791
0.3463705802487266,3874,1639,539,827,0.8778608656242919,0.6646390916463909,0.7027027027027027,0.8778608656242919,0.7805762643562363
0.3463426874203992,3874,1640,539,826,0.8778608656242919,0.6650446066504461,0.7025752629669931,0.8778608656242919,0.7804976327188476
0.34631800527257994,3874,1641,539,825,0.8778608656242919,0.6654501216545012,0.7024478694469628,0.8778608656242919,0.7804190169218372
0.3462897286720803,3874,1642,539,824,0.8778608656242919,0.6658556366585564,0.7023205221174764,0.8778608656242919,0.780340416960419
0.34625685496044545,3874,1643,539,823,0.8778608656242919,0.6662611516626115,0.7021932209534167,0.8778608656242919,0.7802618328298087
0.34619175865744883,3874,1644,539,822,0.8778608656242919,0.6666666666666666,0.7020659659296846,0.8778608656242919,0.780183264525224
0.34617102237475234,3875,1644,538,822,0.8780874688420576,0.6666666666666666,0.7021199492661714,0.8780874688420576,0.7803060813532018
0.34614768070228463,3875,1645,538,821,0.8780874688420576,0.6670721816707218,0.7019927536231884,0.8780874688420576,0.7802275244135709
0.34612345329037103,3875,1646,538,820,0.8780874688420576,0.667477696674777,0.701865604057236,0.8780874688420576,0.7801489832897122
0.34610024790137733,3875,1647,538,819,0.8780874688420576,0.6678832116788321,0.7017385005432815,0.8780874688420576,0.7800704579768495
0.34606456557076903,3876,1647,537,819,0.8783140720598233,0.6678832116788321,0.701792504073873,0.8783140720598233,0.7801932367149759
0.3460568454439958,3876,1648,537,818,0.8783140720598233,0.6682887266828873,0.7016654598117307,0.8783140720598233,0.7801147227533461
0.34604450843247253,3877,1648,536,818,0.878540675277589,0.6682887266828873,0.7017194570135746,0.878540675277589,0.7802374723284363
0.34604223095863346,3878,1648,535,818,0.8787672784953546,0.6682887266828873,0.7017734346724575,0.8787672784953546,0.780360197202938
0.34598533297165185,3879,1648,534,818,0.8789938817131203,0.6682887266828873,0.7018273927989868,0.8789938817131203,0.7804828973843059
0.3459774571533987,3880,1648,533,818,0.879220484930886,0.6682887266828873,0.7018813314037626,0.879220484930886,0.7806055728799919
0.34597744593070234,3881,1648,532,818,0.8794470881486517,0.6682887266828873,0.7019352504973775,0.8794470881486517,0.7807282236974453
0.3459160856083703,3881,1649,532,817,0.8794470881486517,0.6686942416869425,0.7018083182640145,0.8794470881486517,0.7806497033088605
0.34589259902090475,3881,1650,532,816,0.8794470881486517,0.6690997566909975,0.7016814319291267,0.8794470881486517,0.7805711987127917
0.3458299869766103,3882,1650,531,816,0.8796736913664174,0.6690997566909975,0.7017353579175705,0.8796736913664174,0.7806938159879336
0.3458033847026344,3882,1651,531,815,0.8796736913664174,0.6695052716950527,0.7016085306343756,0.8796736913664174,0.7806153227428111
0.34580327262237553,3883,1651,530,815,0.8799002945841831,0.6695052716950527,0.7016624503071919,0.8799002945841831,0.780737910927918
0.3458024556825134,3883,1652,530,814,0.8799002945841831,0.6699107866991079,0.7015356820234869,0.8799002945841831,0.780659429030961
0.34580215057776725,3883,1653,530,813,0.8799002945841831,0.670316301703163,0.7014089595375722,0.8799002945841831,0.7805809629108452
0.34578560650314827,3883,1654,530,812,0.8799002945841831,0.6707218167072182,0.7012822828246342,0.8799002945841831,0.7805025125628141
0.3457642601910046,3884,1654,529,812,0.8801268978019487,0.6707218167072182,0.701336222462983,0.8801268978019487,0.780625062807758
0.3457533854811222,3885,1654,528,812,0.8803535010197144,0.6707218167072182,0.7013901426250225,0.8803535010197144,0.7807475884244373
0.34574875245429093,3885,1655,528,811,0.8803535010197144,0.6711273317112734,0.7012635379061372,0.8803535010197144,0.7806691449814126
0.3457399411957864,3887,1655,526,811,0.8808067074552459,0.6711273317112734,0.7013713460844461,0.8808067074552459,0.7809141135107985
0.3457363085747554,3888,1655,525,811,0.8810333106730116,0.6711273317112734,0.7014252209994588,0.8810333106730116,0.7810365608678184
0.34568295781272745,3889,1655,524,811,0.8812599138907773,0.6711273317112734,0.7014790764790765,0.8812599138907773,0.7811589836296073
0.34554632568173527,3889,1656,524,810,0.8812599138907773,0.6715328467153284,0.7013525698827773,0.8812599138907773,0.7810805382606949
0.34554077541789147,3889,1657,524,809,0.8812599138907773,0.6719383617193836,0.7012261089073206,0.8812599138907773,0.7810021086454464
0.3454955371186087,3890,1657,523,809,0.881486517108543,0.6719383617193836,0.7012799711555796,0.881486517108543,0.7811244979919679
0.3454920712404321,3890,1658,523,808,0.881486517108543,0.6723438767234388,0.701153568853641,0.881486517108543,0.7810460797108725
0.3454818393613286,3890,1659,523,807,0.881486517108543,0.6727493917274939,0.7010272121102902,0.881486517108543,0.7809676771732584
0.3454288633815394,3891,1659,522,807,0.8817131203263087,0.6727493917274939,0.701081081081081,0.8817131203263087,0.7810900331225534
0.3454207892002152,3891,1660,522,806,0.8817131203263087,0.6731549067315491,0.7009547829219961,0.8817131203263087,0.7810116419108792
0.34541010924776466,3891,1661,522,805,0.8817131203263087,0.6735604217356043,0.700828530259366,0.8817131203263087,0.7809332664325137
0.34540006977352133,3892,1661,521,805,0.8819397235440743,0.6735604217356043,0.7008824059067171,0.8819397235440743,0.7810555890026089
0.34536160869994775,3892,1662,521,804,0.8819397235440743,0.6739659367396593,0.700756211739287,0.8819397235440743,0.7809772248419785
0.3453529378208143,3892,1663,521,803,0.8819397235440743,0.6743714517437145,0.7006300630063006,0.8819397235440743,0.7808988764044944
0.34533350259195994,3892,1664,521,802,0.8819397235440743,0.6747769667477697,0.7005039596832253,0.8819397235440743,0.7808205436854248
0.34528676242388323,3893,1664,520,802,0.88216632676184,0.6747769667477697,0.700557854957711,0.88216632676184,0.7809428284854564
0.34526481468052705,3894,1664,519,802,0.8823929299796057,0.6747769667477697,0.7006117308384311,0.8823929299796057,0.7810650887573964
0.34521083907823114,3895,1664,518,802,0.8826195331973714,0.6747769667477697,0.7006655873358518,0.8826195331973714,0.7811873245086242
0.34520808545105697,3895,1665,518,801,0.8826195331973714,0.6751824817518248,0.7005395683453237,0.8826195331973714,0.7811089942845684
0.34516588102771356,3896,1665,517,801,0.8828461364151371,0.6751824817518248,0.7005934184499191,0.8828461364151371,0.7812312011229195
0.345163898179131,3897,1665,516,801,0.8830727396329028,0.6751824817518248,0.7006472491909385,0.8830727396329028,0.7813533834586465
0.3451331664600959,3897,1666,516,800,0.8830727396329028,0.67558799675588,0.7005213014560489,0.8830727396329028,0.7812750601443466
0.34511815416019276,3898,1666,515,800,0.8832993428506685,0.67558799675588,0.7005751258087707,0.8832993428506685,0.7813972135912599
0.3451144246370723,3898,1667,515,799,0.8832993428506685,0.6759935117599352,0.7004492362982929,0.8832993428506685,0.7813189015834836
0.34505950352424747,3898,1668,515,798,0.8832993428506685,0.6763990267639902,0.7003233920229968,0.8832993428506685,0.7812406052710692
0.34504060375189854,3899,1668,514,798,0.8835259460684342,0.6763990267639902,0.7003772229207832,0.8835259460684342,0.7813627254509018
0.3450193789278438,3901,1668,512,798,0.8839791525039655,0.6763990267639902,0.7004848267193392,0.8839791525039655,0.7816068924063314
0.3449889207155596,3901,1669,512,797,0.8839791525039655,0.6768045417680454,0.7003590664272891,0.8839791525039655,0.7815285986176499
0.34497212853448944,3901,1670,512,796,0.8839791525039655,0.6772100567721006,0.700233351283432,0.8839791525039655,0.7814503205128205
0.34496725900579833,3902,1670,511,796,0.8842057557217312,0.6772100567721006,0.7002871500358937,0.8842057557217312,0.7815723585378067
0.3449349417616066,3903,1670,510,796,0.8844323589394969,0.6772100567721006,0.7003409294814283,0.8844323589394969,0.7816943721209694
0.3449343550057712,3903,1671,510,795,0.8844323589394969,0.6776155717761557,0.7002152852529602,0.8844323589394969,0.7816161009312105
0.34492678118273634,3904,1671,509,795,0.8846589621572626,0.6776155717761557,0.7002690582959641,0.8846589621572626,0.7817380857028434
0.3448838647536409,3905,1671,508,795,0.8848855653750283,0.6776155717761557,0.7003228120516499,0.8848855653750283,0.7818600460506558
0.3448465888124531,3906,1671,507,795,0.8851121685927941,0.6776155717761557,0.7003765465303927,0.8851121685927941,0.7819819819819821
0.3448439273442904,3906,1672,507,794,0.8851121685927941,0.6780210867802109,0.7002509860164934,0.8851121685927941,0.7819037133420078
0.3448408261978479,3906,1673,507,793,0.8851121685927941,0.6784266017842661,0.7001254705144291,0.8851121685927941,0.7818254603682946
0.344826490656838,3907,1673,506,793,0.8853387718105598,0.6784266017842661,0.7001792114695341,0.8853387718105598,0.781947363154208
0.34478598114157594,3907,1674,506,792,0.8853387718105598,0.6788321167883211,0.7000537538075614,0.8853387718105598,0.7818691214728838
0.3447079043620473,3907,1675,506,791,0.8853387718105598,0.6792376317923763,0.6999283410963812,0.8853387718105598,0.7817908954477238
0.34460376041200247,3908,1675,505,791,0.8855653750283254,0.6792376317923763,0.6999820884828944,0.8855653750283254,0.7819127651060425
0.34459257733417725,3909,1675,504,791,0.8857919782460911,0.6792376317923763,0.7000358166189111,0.8857919782460911,0.782034610383115
0.34458427952729337,3909,1676,504,790,0.8857919782460911,0.6796431467964315,0.6999104744852283,0.8857919782460911,0.7819563912782557
0.3445581432017163,3910,1676,503,790,0.8860185814638568,0.6796431467964315,0.6999641962047977,0.8860185814638568,0.7820782078207821
0.34453730694912305,3910,1677,503,789,0.8860185814638568,0.6800486618004866,0.6998389117594416,0.8860185814638568,0.782
0.34453621008942154,3910,1678,503,788,0.8860185814638568,0.6804541768045418,0.699713672154617,0.8860185814638568,0.781921807819218
0.3445253337388984,3910,1679,503,787,0.8860185814638568,0.680859691808597,0.6995884773662552,0.8860185814638568,0.7818436312737453
0.34452302759320813,3910,1680,503,786,0.8860185814638568,0.681265206812652,0.6994633273703041,0.8860185814638568,0.7817654703588923
0.34450543278346407,3910,1681,503,785,0.8860185814638568,0.6816707218167072,0.6993382221427293,0.8860185814638568,0.7816873250699721
0.34446870007036584,3911,1681,502,785,0.8862451846816225,0.6816707218167072,0.6993919885550787,0.8862451846816225,0.7818090954522738
0.3444576213322896,3912,1681,501,785,0.8864717878993882,0.6816707218167072,0.6994457357411049,0.8864717878993882,0.781930841495103
0.3444529181499397,3912,1682,501,784,0.8864717878993882,0.6820762368207623,0.6993207007508044,0.8864717878993882,0.7818527031078245
0.34443647646531866,3913,1682,500,784,0.8866983911171539,0.6820762368207623,0.6993744414655942,0.8866983911171539,0.781974420463629
0.344394618589733,3914,1682,499,784,0.8869249943349196,0.6820762368207623,0.6994281629735526,0.8869249943349196,0.7820961134978519
0.34430778691866887,3915,1682,498,784,0.8871515975526852,0.6820762368207623,0.6994818652849741,0.8871515975526852,0.7822177822177823
0.3442972160650084,3916,1682,497,784,0.8873782007704509,0.6820762368207623,0.6995355484101465,0.8873782007704509,0.7823394266307062
0.34429494455779003,3917,1682,496,784,0.8876048039882166,0.6820762368207623,0.6995892123593499,0.8876048039882166,0.7824610467439073
0.34427656730601813,3918,1682,495,784,0.8878314072059823,0.6820762368207623,0.6996428571428571,0.8878314072059823,0.7825826425646658
0.34426918464730666,3918,1683,495,783,0.8878314072059823,0.6824817518248175,0.6995179432244242,0.8878314072059823,0.7825044937088076
0.34421145889549626,3919,1683,494,783,0.888058010423748,0.6824817518248175,0.6995715815780078,0.888058010423748,0.782626060908637
0.34419369188767385,3920,1683,493,783,0.8882846136415137,0.6824817518248175,0.6996252007852936,0.8882846136415137,0.7827476038338659
0.34418344301498716,3920,1684,493,782,0.8882846136415137,0.6828872668288727,0.6995003568879372,0.8882846136415137,0.782669461914745
0.3441798526790801,3921,1684,492,782,0.8885112168592794,0.6828872668288727,0.6995539696699375,0.8885112168592794,0.7827909762427632
0.3441728903190959,3921,1685,492,781,0.8885112168592794,0.6832927818329279,0.6994291830181948,0.8885112168592794,0.7827128455933725
0.3441687912837131,3922,1685,491,781,0.888737820077045,0.6832927818329279,0.6994827893704298,0.888737820077045,0.7828343313373254
0.3441668693399112,3922,1686,491,780,0.888737820077045,0.683698296836983,0.699358059914408,0.888737820077045,0.7827562119548948
0.34414211645225784,3923,1686,490,780,0.8889644232948107,0.683698296836983,0.6994116598324122,0.8889644232948107,0.7828776691279186
0.34413681480982,3923,1687,490,779,0.8889644232948107,0.6841038118410381,0.6992869875222817,0.8889644232948107,0.7827995610096777
0.34411854753278165,3924,1687,489,779,0.8891910265125765,0.6841038118410381,0.699340581001604,0.8891910265125765,0.7829209896249004
0.3440887459947461,3924,1688,489,778,0.8891910265125765,0.6845093268450932,0.699215965787598,0.8891910265125765,0.7828428927680798
0.34406092532931837,3925,1688,488,778,0.8894176297303422,0.6845093268450932,0.6992695528238019,0.8894176297303422,0.7829642928386197
0.34405906913068646,3925,1689,488,777,0.8894176297303422,0.6849148418491484,0.6991449946562166,0.8894176297303422,0.7828862072404507
0.34405696211855097,3925,1690,488,776,0.8894176297303422,0.6853203568532036,0.699020480854853,0.8894176297303422,0.7828081372157958
0.3440530323579385,3925,1691,488,775,0.8894176297303422,0.6857258718572588,0.6988960113960114,0.8894176297303422,0.7827300827599961
0.34403495688002983,3926,1691,487,775,0.8896442329481079,0.6857258718572588,0.6989496172333987,0.8896442329481079,0.7828514456630111
0.3440137373535811,3926,1692,487,774,0.8896442329481079,0.6861313868613139,0.6988252046991812,0.8896442329481079,0.7827734024523977
0.34400937279383575,3926,1693,487,773,0.8896442329481079,0.686536901865369,0.6987008364477665,0.8896442329481079,0.7826953748006381
0.34398677416144635,3926,1694,487,772,0.8896442329481079,0.6869424168694241,0.698576512455516,0.8896442329481079,0.7826173627030798
0.3439555008438829,3927,1694,486,772,0.8898708361658736,0.6869424168694241,0.6986301369863014,0.8898708361658736,0.7827386884592386
0.34394390361349225,3927,1695,486,771,0.8898708361658736,0.6873479318734793,0.6985058697972252,0.8898708361658736,0.782660687593423
0.34392497897908764,3928,1695,485,771,0.8900974393836393,0.6873479318734793,0.6985594878178908,0.8900974393836393,0.7827819848545237
0.3439194673580995,3929,1695,484,771,0.890324042601405,0.6873479318734793,0.6986130867709816,0.890324042601405,0.7829032579456012
0.3439137509570752,3930,1695,483,771,0.8905506458191706,0.6873479318734793,0.6986666666666667,0.8905506458191706,0.7830245068738793
0.3439064175501869,3931,1695,482,771,0.8907772490369363,0.6873479318734793,0.6987202275151084,0.8907772490369363,0.7831457316465784
0.34389639725213494,3932,1695,481,771,0.891003852254702,0.6873479318734793,0.6987737693264617,0.891003852254702,0.7832669322709165
0.3438610705759223,3933,1695,480,771,0.8912304554724677,0.6873479318734793,0.6988272921108742,0.8912304554724677,0.7833881087541081
0.34384846926037016,3934,1695,479,771,0.8914570586902334,0.6873479318734793,0.6988807958784864,0.8914570586902334,0.7835092611033658
0.34382742033635305,3935,1695,478,771,0.8916836619079991,0.6873479318734793,0.6989342806394316,0.8916836619079991,0.7836303893258987
0.3438195678871185,3935,1696,478,770,0.8916836619079991,0.6877534468775345,0.6988101580536317,0.8916836619079991,0.783552369573875
0.3438118760100193,3935,1697,478,769,0.8916836619079991,0.6881589618815896,0.6986860795454546,0.8916836619079991,0.7834743653558984
0.34380988525260625,3936,1697,477,769,0.8919102651257648,0.6881589618815896,0.6987395703887804,0.8919102651257648,0.7835954608799522
0.3438049281723356,3936,1698,477,768,0.8919102651257648,0.6885644768856448,0.6986155484558041,0.8919102651257648,0.783517467900866
0.3437874374441279,3936,1699,477,767,0.8919102651257648,0.6889699918896999,0.69849157054126,0.8919102651257648,0.7834394904458598
0.34370338205994877,3936,1700,477,766,0.8919102651257648,0.689375506893755,0.6983676366217175,0.8919102651257648,0.7833615285102994
0.34368537978026364,3937,1700,476,766,0.8921368683435305,0.689375506893755,0.6984211459996452,0.8921368683435305,0.7834825870646765
0.34368453136404414,3938,1700,475,766,0.8923634715612961,0.689375506893755,0.698474636395885,0.8923634715612961,0.7836036215301959
0.3436722755957298,3938,1701,475,765,0.8923634715612961,0.6897810218978102,0.6983507714133712,0.8923634715612961,0.7835256665340231
0.34364839387952983,3939,1701,474,765,0.8925900747790618,0.6897810218978102,0.698404255319149,0.8925900747790618,0.7836466726350343
0.3436162251780392,3939,1702,474,764,0.8925900747790618,0.6901865369018654,0.6982804467293033,0.8925900747790618,0.7835687288641338
0.34360995316132065,3939,1703,474,763,0.8925900747790618,0.6905920519059205,0.6981566820276498,0.8925900747790618,0.783490800596718
0.34359957461530427,3940,1703,473,763,0.8928166779968275,0.6905920519059205,0.6982101718943824,0.8928166779968275,0.7836117740652346
0.3435694947307636,3940,1704,473,762,0.8928166779968275,0.6909975669099757,0.6980864635010631,0.8928166779968275,0.7835338570150143
0.34343480536022275,3940,1705,473,761,0.8928166779968275,0.6914030819140308,0.6979627989371124,0.8928166779968275,0.7834559554583417
0.343430747117616,3940,1706,473,760,0.8928166779968275,0.6918085969180859,0.6978391781792419,0.8928166779968275,0.7833780693905954
0.34342069706906825,3940,1707,473,759,0.8928166779968275,0.6922141119221411,0.6977156012041792,0.8928166779968275,0.783300198807157
0.3434053148466582,3940,1708,473,758,0.8928166779968275,0.6926196269261963,0.6975920679886686,0.8928166779968275,0.7832223437034093
0.34333037590053783,3940,1709,473,757,0.8928166779968275,0.6930251419302514,0.6974685785094707,0.8928166779968275,0.7831445040747367
0.34332524249309015,3940,1710,473,756,0.8928166779968275,0.6934306569343066,0.6973451327433628,0.8928166779968275,0.783066679916526
0.343299605134474,3941,1710,472,756,0.8930432812145932,0.6934306569343066,0.6973986904972571,0.8930432812145932,0.7831875993640699
0.3432509321712556,3941,1711,472,755,0.8930432812145932,0.6938361719383617,0.6972753007784855,0.8930432812145932,0.783109786388475
0.3432499629047572,3941,1712,472,754,0.8930432812145932,0.6942416869424168,0.697151954714311,0.8930432812145932,0.7830319888734353
0.34324919612170385,3942,1712,471,754,0.8932698844323589,0.6942416869424168,0.6972055182171913,0.8932698844323589,0.7831528757325915
0.3432436493121163,3942,1713,471,753,0.8932698844323589,0.694647201946472,0.6970822281167108,0.8932698844323589,0.7830750893921333
0.34321482778028,3942,1714,471,752,0.8932698844323589,0.6950527169505272,0.696958981612447,0.8932698844323589,0.7829973185023339
0.34320260879125697,3942,1715,471,751,0.8932698844323589,0.6954582319545823,0.6968357786812799,0.8932698844323589,0.7829195630585899
0.34319161980911866,3942,1716,471,750,0.8932698844323589,0.6958637469586375,0.6967126193001061,0.8932698844323589,0.7828418230563002
0.3431239679131245,3943,1716,470,750,0.8934964876501247,0.6958637469586375,0.6967662131118573,0.8934964876501247,0.7829626687847498
0.3431189834338112,3943,1717,470,749,0.8934964876501247,0.6962692619626926,0.696643109540636,0.8934964876501247,0.7828849399384494
0.3430371710140193,3944,1717,469,749,0.8937230908678904,0.6962692619626926,0.6966966966966966,0.8937230908678904,0.7830057573952749
0.34303367776241367,3945,1717,468,749,0.893949694085656,0.6962692619626926,0.6967502649240551,0.893949694085656,0.7831265508684864
0.3430335468796241,3946,1717,467,749,0.8941762973034217,0.6962692619626926,0.6968038142327388,0.8941762973034217,0.7832473203652243
0.3430175342251762,3946,1718,467,748,0.8941762973034217,0.6966747769667477,0.696680790960452,0.8941762973034217,0.7831695941252357
0.3429766100733507,3947,1718,466,748,0.8944029005211874,0.6966747769667477,0.6967343336275376,0.8944029005211874,0.7832903353840047
0.3429474556282124,3948,1718,465,748,0.8946295037389531,0.6966747769667477,0.6967878573949876,0.8946295037389531,0.783411052683798
0.3429373564788121,3948,1719,465,747,0.8946295037389531,0.6970802919708029,0.6966649020645844,0.8946295037389531,0.7833333333333333
0.3429372400134081,3949,1719,464,747,0.8948561069567188,0.6970802919708029,0.6967184191954834,0.8948561069567188,0.7834540224184108
0.34293676978035026,3950,1719,463,747,0.8950827101744845,0.6970802919708029,0.6967719174457576,0.8950827101744845,0.7835746875619917
0.3429156790377798,3950,1720,463,746,0.8950827101744845,0.6974858069748581,0.6966490299823633,0.8950827101744845,0.7834969751066151
0.3429120040119019,3950,1721,463,745,0.8950827101744845,0.6978913219789132,0.6965261858578734,0.8950827101744845,0.7834192780642601
0.34289561533727386,3950,1722,463,744,0.8950827101744845,0.6982968369829684,0.6964033850493653,0.8950827101744845,0.7833415964303421
0.34286356993037265,3950,1723,463,743,0.8950827101744845,0.6987023519870236,0.6962806275339327,0.8950827101744845,0.7832639302002777
0.34284429831226193,3950,1724,463,742,0.8950827101744845,0.6991078669910786,0.6961579132886853,0.8950827101744845,0.7831862793694856
0.3428432155635985,3951,1724,462,742,0.8953093133922502,0.6991078669910786,0.6962114537444934,0.8953093133922502,0.7833068992862808
0.3428424230505243,3951,1725,462,741,0.8953093133922502,0.6995133819951338,0.6960887949260042,0.8953093133922502,0.7832292595896522
0.3428214975928984,3951,1726,462,740,0.8953093133922502,0.699918896999189,0.6959661793200634,0.8953093133922502,0.7831516352824579
0.3428004325309364,3951,1727,462,739,0.8953093133922502,0.7003244120032441,0.6958436069038394,0.8953093133922502,0.7830740263601228
0.3427782180098793,3951,1728,462,738,0.8953093133922502,0.7007299270072993,0.6957210776545166,0.8953093133922502,0.7829964328180736
0.3427728698443685,3952,1728,461,738,0.8955359166100159,0.7007299270072993,0.6957746478873239,0.8955359166100159,0.7831170117903496
0.3427690952309521,3952,1729,461,737,0.8955359166100159,0.7011354420113545,0.6956521739130435,0.8955359166100159,0.7830394293639786
0.3427587115030223,3952,1730,461,736,0.8955359166100159,0.7015409570154095,0.6955297430482225,0.8955359166100159,0.7829618623080734
0.34274585435315846,3952,1731,461,735,0.8955359166100159,0.7019464720194647,0.6954073552701038,0.8955359166100159,0.7828843106180665
0.34272001482566955,3953,1731,460,735,0.8957625198277815,0.7019464720194647,0.6954609429978889,0.8957625198277815,0.7830048529266119
0.3427010705313817,3954,1731,459,735,0.8959891230455472,0.7019464720194647,0.6955145118733509,0.8959891230455472,0.7831253713606655
0.3426913997138537,3954,1732,459,734,0.8959891230455472,0.7023519870235199,0.6953921913471685,0.8959891230455472,0.783047826517477
0.3426351959260825,3955,1732,458,734,0.8962157262633129,0.7023519870235199,0.6954457534728328,0.8962157262633129,0.7831683168316832
0.34262826684968223,3955,1733,458,733,0.8962157262633129,0.702757502027575,0.695323488045007,0.8962157262633129,0.783090783090783
0.34260328093159315,3955,1734,458,732,0.8962157262633129,0.7031630170316302,0.6952012656002813,0.8962157262633129,0.7830132647000594
0.34260053352862385,3956,1734,457,732,0.8964423294810786,0.7031630170316302,0.6952548330404218,0.8964423294810786,0.7831337226566366
0.34259758932930745,3957,1734,456,732,0.8966689326988443,0.7031630170316302,0.6953083816552451,0.8966689326988443,0.7832541567695962
0.3425778452159474,3958,1734,455,732,0.89689553591661,0.7031630170316302,0.6953619114546732,0.89689553591661,0.7833745670460167
0.3425540365274055,3959,1734,454,732,0.8971221391343757,0.7031630170316302,0.6954154224486211,0.8971221391343757,0.7834949534929744
0.34254964380842534,3959,1735,454,731,0.8971221391343757,0.7035685320356854,0.6952932911837021,0.8971221391343757,0.7834174334619569
0.34251753926630535,3959,1736,454,730,0.8971221391343757,0.7039740470397404,0.695171202809482,0.8971221391343757,0.7833399287692916
0.342491789564684,3959,1737,454,729,0.8971221391343757,0.7043795620437956,0.6950491573033708,0.8971221391343757,0.7832624394104264
0.34246726626836943,3960,1737,453,729,0.8973487423521413,0.7043795620437956,0.6951026856240127,0.8973487423521413,0.7833827893175074
0.34246357797914045,3960,1738,453,728,0.8973487423521413,0.7047850770478508,0.694980694980695,0.8973487423521413,0.7833053110473741
0.3424579535123532,3960,1739,453,727,0.8973487423521413,0.7051905920519059,0.6948587471486226,0.8973487423521413,0.7832278481012658
0.34243389932565377,3960,1740,453,726,0.8973487423521413,0.7055961070559611,0.6947368421052632,0.8973487423521413,0.7831504004746365
0.34240048896786063,3961,1740,452,726,0.8975753455699071,0.7055961070559611,0.6947903876512892,0.8975753455699071,0.7832707138619736
0.34231617506965767,3961,1741,452,725,0.8975753455699071,0.7060016220600163,0.694668537355314,0.8975753455699071,0.7831932773109244
0.342311039778522,3962,1741,451,725,0.8978019487876728,0.7060016220600163,0.6947220761002981,0.8978019487876728,0.7833135626729933
0.34230969046253923,3962,1742,451,724,0.8978019487876728,0.7064071370640713,0.6946002805049089,0.8978019487876728,0.7832361371948205
0.34230240452683786,3962,1743,451,723,0.8978019487876728,0.7068126520681265,0.694478527607362,0.8978019487876728,0.7831587270211505
0.34227876473326474,3962,1744,451,722,0.8978019487876728,0.7072181670721817,0.6943568173852086,0.8978019487876728,0.7830813321474454
0.34227673901957417,3963,1744,450,722,0.8980285520054385,0.7072181670721817,0.694410373225863,0.8980285520054385,0.7832015810276681
0.3422764971776827,3963,1745,450,721,0.8980285520054385,0.7076236820762368,0.6942887175893483,0.8980285520054385,0.783124197213714
0.34225153801316455,3963,1746,450,720,0.8980285520054385,0.708029197080292,0.6941671045717288,0.8980285520054385,0.7830468286899822
0.34222070112646685,3963,1747,450,719,0.8980285520054385,0.7084347120843472,0.694045534150613,0.8980285520054385,0.7829694754519412
0.3421586838095646,3964,1747,449,719,0.8982551552232042,0.7084347120843472,0.6940991069865172,0.8982551552232042,0.7830896878704069
0.34214485026193137,3965,1747,448,719,0.8984817584409699,0.7084347120843472,0.6941526610644257,0.8984817584409699,0.78320987654321
0.3421408197138464,3965,1748,448,718,0.8984817584409699,0.7088402270884022,0.6940311570103274,0.8984817584409699,0.783132530120482
0.34213983856249586,3966,1748,447,718,0.8987083616587356,0.7088402270884022,0.6940847042352117,0.8987083616587356,0.7832526908265034
0.34213630756340874,3966,1749,447,717,0.8987083616587356,0.7092457420924574,0.6939632545931759,0.8987083616587356,0.783175355450237
0.34212458986515304,3967,1749,446,717,0.8989349648765013,0.7092457420924574,0.6940167949615116,0.8989349648765013,0.7832954882021919
0.3421206987779994,3967,1750,446,716,0.8989349648765013,0.7096512570965126,0.6938953996851496,0.8989349648765013,0.783218163869694
0.342041599471939,3968,1750,445,716,0.899161568094267,0.7096512570965126,0.6939489331934243,0.899161568094267,0.7833382686802882
0.3420207210688313,3969,1750,444,716,0.8993881713120326,0.7096512570965126,0.6940024479804161,0.8993881713120326,0.7834583497828661
0.34200804622891856,3969,1751,444,715,0.8993881713120326,0.7100567721005677,0.6938811188811189,0.8993881713120326,0.7833810322707984
0.341995552278925,3969,1752,444,714,0.8993881713120326,0.7104622871046229,0.6937598321971683,0.8993881713120326,0.783303730017762
0.3419954003127068,3970,1752,443,714,0.8996147745297983,0.7104622871046229,0.693813351974834,0.8996147745297983,0.7834237789837197
0.3419929759342353,3970,1753,443,713,0.8996147745297983,0.7108678021086781,0.6936921195177355,0.8996147745297983,0.7833464877663773
0.34197256377692176,3970,1754,443,712,0.8996147745297983,0.7112733171127331,0.693570929419986,0.8996147745297983,0.7832692117983624
0.34195223514209033,3971,1754,442,712,0.899841377747564,0.7112733171127331,0.6936244541484716,0.899841377747564,0.7833892286447031
0.3419209198527698,3971,1755,442,711,0.899841377747564,0.7116788321167883,0.6935033181976947,0.899841377747564,0.7833119637045072
0.34190261359133434,3971,1756,442,710,0.899841377747564,0.7120843471208435,0.6933822245503755,0.899841377747564,0.7832347140039447
0.34189760170229466,3972,1756,441,710,0.9000679809653297,0.7120843471208435,0.6934357541899442,0.9000679809653297,0.7833546987476581
0.3418833651834415,3973,1756,440,710,0.9002945841830954,0.7120843471208435,0.6934892651422587,0.9002945841830954,0.7834746598304082
0.3418525241104116,3974,1756,439,710,0.9005211874008611,0.7120843471208435,0.6935427574171029,0.9005211874008611,0.7835945972591934
0.341798648563577,3975,1756,438,710,0.9007477906186268,0.7120843471208435,0.693596231024254,0.9007477906186268,0.7837145110410094
0.34178687948342124,3976,1756,437,710,0.9009743938363924,0.7120843471208435,0.6936496859734822,0.9009743938363924,0.7838344011828485
0.3417842761698435,3976,1757,437,709,0.9009743938363924,0.7124898621248986,0.6935286935286935,0.9009743938363924,0.7837571456731717
0.3417387192338793,3976,1758,437,708,0.9009743938363924,0.7128953771289538,0.6934077432856645,0.9009743938363924,0.7836799053907559
0.3417198787545273,3977,1758,436,708,0.9012009970541581,0.7128953771289538,0.6934612031386225,0.9012009970541581,0.7837997635001971
0.34167996049822486,3977,1759,436,707,0.9012009970541581,0.713300892133009,0.6933403068340307,0.9012009970541581,0.7837225342398265
0.34162106258879127,3977,1760,436,706,0.9012009970541581,0.7137064071370641,0.6932194526756145,0.9012009970541581,0.7836453201970445
0.3415984672886331,3979,1760,434,706,0.9016542034896895,0.7137064071370641,0.6933263634779578,0.9016542034896895,0.7838849487785657
0.34159139158446744,3979,1761,434,705,0.9016542034896895,0.7141119221411192,0.693205574912892,0.9016542034896895,0.7838077415542204
0.3415753447655382,3980,1761,433,705,0.9018808067074553,0.7141119221411192,0.6932590141090402,0.9018808067074553,0.7839275162497538
0.34156628542735123,3980,1762,433,704,0.9018808067074553,0.7145174371451744,0.6931382793451759,0.9018808067074553,0.7838503200393895
0.34155816914932524,3980,1763,433,703,0.9018808067074553,0.7149229521492295,0.6930175866271984,0.9018808067074553,0.7837731390311147
0.3415466699092363,3980,1764,433,702,0.9018808067074553,0.7153284671532847,0.6928969359331476,0.9018808067074553,0.783695973220439
0.3415138344325749,3981,1764,432,702,0.902107409925221,0.7153284671532847,0.6929503916449086,0.902107409925221,0.7838157117542823
0.34150334506842284,3982,1764,431,702,0.9023340131429867,0.7153284671532847,0.6930038287504351,0.9023340131429867,0.7839354267152279
0.3414881415408767,3982,1765,431,701,0.9023340131429867,0.7157339821573399,0.6928832434313555,0.9023340131429867,0.7838582677165356
0.3414861164895666,3982,1766,431,700,0.9023340131429867,0.716139497161395,0.6927627000695894,0.9023340131429867,0.7837811239051276
0.3414667681002745,3983,1766,430,700,0.9025606163607524,0.716139497161395,0.6928161419377283,0.9025606163607524,0.7839008069277701
0.34140672759679885,3983,1767,430,699,0.9025606163607524,0.7165450121654501,0.692695652173913,0.9025606163607524,0.7838236741119748
0.34140046949625974,3984,1767,429,699,0.902787219578518,0.7165450121654501,0.6927490871152843,0.902787219578518,0.7839433293978748
0.34140039103112496,3985,1767,428,699,0.9030138227962837,0.7165450121654501,0.6928025034770514,0.9030138227962837,0.7840629611411707
0.34137250966941163,3985,1768,428,698,0.9030138227962837,0.7169505271695052,0.6926820789153485,0.9030138227962837,0.7839858351367303
0.34136105902422254,3986,1768,427,698,0.9032404260140494,0.7169505271695052,0.6927354883559264,0.9032404260140494,0.784105439165929
0.34134467170123506,3987,1768,426,698,0.9034670292318151,0.7169505271695052,0.6927888792354474,0.9034670292318151,0.7842250196695515
0.34129555758262575,3987,1769,426,697,0.9034670292318151,0.7173560421735604,0.6926685198054204,0.9034670292318151,0.7841479004818567
0.34127044140523033,3987,1770,426,696,0.9034670292318151,0.7177615571776156,0.6925482021886399,0.9034670292318151,0.784070796460177
0.34126129600936483,3988,1770,425,696,0.9036936324495808,0.7177615571776156,0.6926015977770059,0.9036936324495808,0.7841903450988104
0.34125306778170367,3988,1771,425,695,0.9036936324495808,0.7181670721816708,0.692481333564855,0.9036936324495808,0.7841132520644907
0.3412445864533293,3988,1772,425,694,0.9036936324495808,0.7185725871857259,0.6923611111111111,0.9036936324495808,0.7840361741865725
0.34123472057676857,3988,1773,425,693,0.9036936324495808,0.718978102189781,0.6922409303940288,0.9036936324495808,0.7839591114605857
0.34122861728422815,3989,1773,424,693,0.9039202356673465,0.718978102189781,0.692294342242277,0.9039202356673465,0.7840786240786242
0.341172034090344,3989,1774,424,692,0.9039202356673465,0.7193836171938361,0.6921742148186708,0.9039202356673465,0.784001572327044
0.34113591511926333,3989,1775,424,691,0.9039202356673465,0.7197891321978913,0.6920541290770298,0.9039202356673465,0.783924535717795
0.3411049023172845,3990,1775,423,691,0.9041468388851122,0.7197891321978913,0.6921075455333912,0.9041468388851122,0.7840440165061898
0.34109891434899436,3990,1776,423,690,0.9041468388851122,0.7201946472019465,0.6919875130072841,0.9041468388851122,0.7839669908635426
0.34108083975227854,3991,1776,422,690,0.9043734421028778,0.7201946472019465,0.6920409224900295,0.9043734421028778,0.7840864440078587
0.34105650847874125,3991,1777,422,689,0.9043734421028778,0.7206001622060016,0.6919209431345353,0.9043734421028778,0.7840094293291425
0.3410535553181837,3991,1778,422,688,0.9043734421028778,0.7210056772100568,0.6918010053735483,0.9043734421028778,0.7839324297780397
0.3410163632850109,3991,1779,422,687,0.9043734421028778,0.7214111922141119,0.6916811091854419,0.9043734421028778,0.7838554453500932
0.3410124190559623,3991,1780,422,686,0.9043734421028778,0.721816707218167,0.6915612545486051,0.9043734421028778,0.7837784760408484
0.3409966059869321,3991,1781,422,685,0.9043734421028778,0.7222222222222222,0.6914414414414415,0.9043734421028778,0.7837015218458517
0.34099650152590955,3992,1781,421,685,0.9046000453206435,0.7222222222222222,0.6914948900051966,0.9046000453206435,0.7838209306891811
0.3409867974180491,3992,1782,421,684,0.9046000453206435,0.7226277372262774,0.6913751298926221,0.9046000453206435,0.7837439874349661
0.34097961797084164,3993,1782,420,684,0.9048266485384092,0.7226277372262774,0.6914285714285714,0.9048266485384092,0.7838633686690224
0.34097008428267955,3993,1783,420,683,0.9048266485384092,0.7230332522303325,0.691308864265928,0.9048266485384092,0.7837864363529297
0.3409279512918181,3994,1783,419,683,0.9050532517561749,0.7230332522303325,0.6913622987709884,0.9050532517561749,0.7839057899901865
0.34087677137219874,3995,1783,418,683,0.9052798549739406,0.7230332522303325,0.6914157147802008,0.9052798549739406,0.7840251202041018
0.34085297563470657,3995,1784,418,682,0.9052798549739406,0.7234387672343877,0.6912960719847725,0.9052798549739406,0.7839481946624804
0.3408141263359777,3995,1785,418,681,0.9052798549739406,0.7238442822384428,0.6911764705882353,0.9052798549739406,0.7838712842146571
0.34081024064967014,3996,1785,417,681,0.9055064581917063,0.7238442822384428,0.6912298910223145,0.9055064581917063,0.7839905826957033
0.3407993006463359,3996,1786,417,680,0.9055064581917063,0.7242497972424979,0.6911103424420616,0.9055064581917063,0.7839136831780286
0.3407661219541701,3997,1786,416,680,0.905733061409472,0.7242497972424979,0.6911637558360713,0.905733061409472,0.7840329540996468
0.3407583041801416,3997,1787,416,679,0.905733061409472,0.7246553122465531,0.6910442600276625,0.905733061409472,0.7839560655094634
0.3407090910775973,3997,1788,416,678,0.905733061409472,0.7250608272506083,0.6909248055315471,0.905733061409472,0.7838791919984311
0.3406861372193319,3997,1789,416,677,0.905733061409472,0.7254663422546634,0.6908053923263049,0.905733061409472,0.7838023335621139
0.34068600241178326,3998,1789,415,677,0.9059596646272378,0.7254663422546634,0.6908588214964576,0.9059596646272378,0.783921568627451
0.3406464620145399,3998,1790,415,676,0.9059596646272378,0.7258718572587186,0.6907394609536973,0.9059596646272378,0.7838447211057741
0.34058975537342023,3998,1791,415,675,0.9059596646272378,0.7262773722627737,0.690620141647953,0.9059596646272378,0.7837678886492845
0.3405860078692696,3999,1791,414,675,0.9061862678450034,0.7262773722627737,0.6906735751295336,0.9061862678450034,0.7838870920317554
0.3405551689215848,3999,1792,414,674,0.9061862678450034,0.7266828872668288,0.6905543084096011,0.9061862678450034,0.7838102704821639
0.34053221812590195,4000,1792,413,674,0.9064128710627691,0.7266828872668288,0.6906077348066298,0.9064128710627691,0.7839294463498285
0.3405273212064722,4000,1793,413,673,0.9064128710627691,0.727088402270884,0.6904885206283445,0.9064128710627691,0.7838526357044876
0.3404441840745921,4000,1794,413,672,0.9064128710627691,0.7274939172749392,0.6903693476009665,0.9064128710627691,0.7837758401097286
0.3403936652378808,4001,1794,412,672,0.9066394742805348,0.7274939172749392,0.6904227782571182,0.9066394742805348,0.7838949843260188
0.34036080979006444,4001,1795,412,671,0.9066394742805348,0.7278994322789943,0.690303657694962,0.9066394742805348,0.7838181996277795
0.340350215639692,4002,1795,411,671,0.9068660774983005,0.7278994322789943,0.6903570812489218,0.9068660774983005,0.7839373163565133
0.34032165243613066,4003,1795,410,671,0.9070926807160662,0.7278994322789943,0.6904104863746119,0.9070926807160662,0.7840564097541867
0.3402753230726181,4003,1796,410,670,0.9070926807160662,0.7283049472830495,0.6902914295568201,0.9070926807160662,0.7839796318057187
0.34027256673049117,4004,1796,409,670,0.9073192839338319,0.7283049472830495,0.6903448275862069,0.9073192839338319,0.7840986977381768
0.340271827247664,4005,1796,408,670,0.9075458871515976,0.7283049472830495,0.6903982072056541,0.9075458871515976,0.7842177403563735
0.3402692234925282,4006,1796,407,670,0.9077724903693632,0.7283049472830495,0.6904515684246811,0.9077724903693632,0.7843367596671561
0.3402631383908771,4007,1796,406,670,0.9079990935871289,0.7283049472830495,0.6905049112528002,0.9079990935871289,0.7844557556773688
0.3402544400498156,4008,1796,405,670,0.9082256968048946,0.7283049472830495,0.6905582356995176,0.9082256968048946,0.7845747283938534
0.3402401677732679,4008,1797,405,669,0.9082256968048946,0.7287104622871047,0.6904392764857881,0.9082256968048946,0.7844979448032884
0.3402085860163054,4008,1798,405,668,0.9082256968048946,0.7291159772911597,0.6903203582500861,0.9082256968048946,0.7844211762403366
0.3402080510298564,4009,1798,404,668,0.9084523000226603,0.7291159772911597,0.6903736869295678,0.9084523000226603,0.7845401174168298
0.3401861182095903,4010,1798,403,668,0.908678903240426,0.7291159772911597,0.6904269972451791,0.908678903240426,0.7846590353194404
0.34017556106562896,4010,1799,403,667,0.908678903240426,0.7295214922952149,0.6903081425374419,0.908678903240426,0.7845822735276854
0.3401670056182936,4010,1800,403,666,0.908678903240426,0.7299270072992701,0.6901893287435457,0.908678903240426,0.7845055267533992
0.3401610405496304,4011,1800,402,666,0.9089055064581917,0.7299270072992701,0.6902426432627775,0.9089055064581917,0.7846244131455399
0.3401230384764777,4012,1800,401,666,0.9091321096759574,0.7299270072992701,0.6902959394356504,0.9091321096759574,0.7847432762836185
0.3401190686103115,4012,1801,401,665,0.9091321096759574,0.7303325223033252,0.6901771890590057,0.9091321096759574,0.7846665362800704
0.34009338486288915,4013,1801,400,665,0.909358712893723,0.7303325223033252,0.6902304781561748,0.909358712893723,0.7847853720543658
0.34009299917848823,4013,1802,400,664,0.909358712893723,0.7307380373073804,0.6901117798796217,0.909358712893723,0.7847086429409464
0.3400901899780122,4014,1802,399,664,0.9095853161114887,0.7307380373073804,0.6901650618982118,0.9095853161114887,0.7848274513637696
0.3400534248409673,4014,1803,399,663,0.9095853161114887,0.7311435523114356,0.6900464156781846,0.9095853161114887,0.78475073313783
0.3400370752064818,4014,1804,399,662,0.9095853161114887,0.7315490673154906,0.6899278102440701,0.9095853161114887,0.7846740299090997
0.34001906199582155,4015,1804,398,662,0.9098119193292544,0.7315490673154906,0.6899810964083176,0.9098119193292544,0.7847928068803752
0.34001333474979456,4016,1804,397,662,0.9100385225470201,0.7315490673154906,0.6900343642611684,0.9100385225470201,0.7849115606371543
0.33993379287765557,4016,1805,397,661,0.9100385225470201,0.7319545823195458,0.6899158220237073,0.9100385225470201,0.7848348641782293
0.3399329221126808,4016,1806,397,660,0.9100385225470201,0.732360097323601,0.6897973205084164,0.9100385225470201,0.7847581827063995
0.33991049104200505,4016,1807,397,659,0.9100385225470201,0.7327656123276561,0.6896788596943156,0.9100385225470201,0.7846815162172723
0.3399033622303799,4016,1808,397,658,0.9100385225470201,0.7331711273317113,0.6895604395604396,0.9100385225470201,0.7846048647064569
0.33986333163706417,4017,1808,396,658,0.9102651257647859,0.7331711273317113,0.6896137339055795,0.9102651257647859,0.784723578823989
0.3398573074831104,4017,1809,396,657,0.9102651257647859,0.7335766423357665,0.6894953656024717,0.9102651257647859,0.7846469381775564
0.339855320492768,4017,1810,396,656,0.9102651257647859,0.7339821573398215,0.6893770379268921,0.9102651257647859,0.7845703125
0.3398339992771326,4018,1810,395,656,0.9104917289825516,0.7339821573398215,0.6894303363074811,0.9104917289825516,0.7846889952153109
0.3398304657615273,4018,1811,395,655,0.9104917289825516,0.7343876723438767,0.6893120603877166,0.9104917289825516,0.7846123803944542
0.3398257740446249,4018,1812,395,654,0.9104917289825516,0.7347931873479319,0.6891938250428816,0.9104917289825516,0.7845357805330471
0.33978090949540124,4018,1813,395,653,0.9104917289825516,0.735198702351987,0.6890756302521008,0.9104917289825516,0.7844591956267084
0.33976383577400115,4019,1813,394,653,0.9107183322003173,0.735198702351987,0.6891289437585734,0.9107183322003173,0.7845778428501707
0.33975134337457247,4020,1813,393,653,0.910944935418083,0.735198702351987,0.6891822389850849,0.910944935418083,0.7846964669139176
0.33973900683503944,4021,1813,392,653,0.9111715386358487,0.735198702351987,0.6892355159410353,0.9111715386358487,0.7848150678247291
0.33973509347186914,4022,1813,391,653,0.9113981418536143,0.735198702351987,0.6892887746358184,0.9113981418536143,0.7849336455893833
0.33973332256948763,4022,1814,391,652,0.9113981418536143,0.7356042173560422,0.6891706648389307,0.9113981418536143,0.7848570592252903
0.33972858456802507,4023,1814,390,652,0.91162474507138,0.7356042173560422,0.6892239163954086,0.91162474507138,0.7849756097560976
0.33971641073136377,4024,1814,389,652,0.9118513482891457,0.7356042173560422,0.6892771497088044,0.9118513482891457,0.7850941371573505
0.3396713725721959,4025,1814,388,652,0.9120779515069114,0.7356042173560422,0.6893303647884912,0.9120779515069114,0.7852126414358175
0.3396639534935663,4025,1815,388,651,0.9120779515069114,0.7360097323600974,0.6892123287671232,0.9120779515069114,0.7851360577391983
0.33965677100738423,4025,1816,388,650,0.9120779515069114,0.7364152473641524,0.6890943331621298,0.9120779515069114,0.7850594889799102
0.339648251872981,4026,1816,387,650,0.9123045547246771,0.7364152473641524,0.6891475522081479,0.9123045547246771,0.785177961969771
0.339631628067317,4027,1816,386,650,0.9125311579424428,0.7364152473641524,0.689200753037823,0.9125311579424428,0.7852964118564743
0.3396077185937637,4028,1816,385,650,0.9127577611602085,0.7364152473641524,0.6892539356605065,0.9127577611602085,0.7854148386467777
0.3395453397932717,4029,1816,384,650,0.9129843643779741,0.7364152473641524,0.6893071000855432,0.9129843643779741,0.7855332423474362
0.33954325254638573,4029,1817,384,649,0.9129843643779741,0.7368207623682076,0.6891891891891891,0.9129843643779741,0.7854566721902719
0.33952436718019063,4029,1818,384,648,0.9129843643779741,0.7372262773722628,0.6890713186249359,0.9129843643779741,0.7853801169590643
0.33952038494223397,4029,1819,384,647,0.9129843643779741,0.7376317923763179,0.688953488372093,0.9129843643779741,0.7853035766494494
0.33945083284187266,4029,1820,384,646,0.9129843643779741,0.7380373073803731,0.6888356984099846,0.9129843643779741,0.7852270512570648
0.33944328194176737,4030,1820,383,646,0.9132109675957398,0.7380373073803731,0.6888888888888889,0.9132109675957398,0.7853454155704959
0.339440783229692,4030,1821,383,645,0.9132109675957398,0.7384428223844283,0.6887711502307298,0.9132109675957398,0.7852689010132502
0.33941777738968026,4031,1821,382,645,0.9134375708135055,0.7384428223844283,0.6888243335611757,0.9134375708135055,0.7853872381880175
0.3394159793751787,4031,1822,382,644,0.9134375708135055,0.7388483373884833,0.6887066461643602,0.9134375708135055,0.7853107344632768
0.33938672517336727,4032,1822,381,644,0.9136641740312712,0.7388483373884833,0.6887598223436966,0.9136641740312712,0.7854290445115418
0.3393801217158174,4032,1823,381,643,0.9136641740312712,0.7392538523925385,0.6886421861656704,0.9136641740312712,0.7853525516166732
0.3393798160038833,4032,1824,381,642,0.9136641740312712,0.7396593673965937,0.6885245901639344,0.9136641740312712,0.7852760736196318
0.3393725815716724,4032,1825,381,641,0.9136641740312712,0.7400648824006488,0.6884070343179102,0.9136641740312712,0.785199610516066
0.33936768609676865,4033,1825,380,641,0.9138907772490369,0.7400648824006488,0.6884602253328781,0.9138907772490369,0.785317885308149
0.33936682300857784,4033,1826,380,640,0.9138907772490369,0.740470397404704,0.6883427206007852,0.9138907772490369,0.7852414330218069
0.33935758235391084,4034,1826,379,640,0.9141173804668026,0.740470397404704,0.68839590443686,0.9141173804668026,0.7853596807164411
0.3393330134154177,4035,1826,378,640,0.9143439836845684,0.740470397404704,0.6884490701245521,0.9143439836845684,0.7854779053922524
0.3393160531034095,4035,1827,378,639,0.9143439836845684,0.7408759124087592,0.6883316274309109,0.9143439836845684,0.7854014598540147
0.3393146152736489,4036,1827,377,639,0.9145705869023341,0.7408759124087592,0.6883847859457616,0.9145705869023341,0.7855196574542623
0.3393000352259413,4036,1828,377,638,0.9145705869023341,0.7412814274128142,0.6882673942701227,0.9145705869023341,0.7854432227303688
0.3392816785305266,4037,1828,376,638,0.9147971901200997,0.7412814274128142,0.6883205456095481,0.9147971901200997,0.7855613932671726
0.3392475638325186,4037,1829,376,637,0.9147971901200997,0.7416869424168694,0.6882032049096488,0.9147971901200997,0.7854849693549956
0.3392332997423436,4037,1830,376,636,0.9147971901200997,0.7420924574209246,0.688085904209988,0.9147971901200997,0.7854085603112841
0.3392070087347248,4037,1831,376,635,0.9147971901200997,0.7424979724249797,0.6879686434901159,0.9147971901200997,0.7853321661316992
0.339203085176561,4037,1832,376,634,0.9147971901200997,0.7429034874290349,0.6878514227295962,0.9147971901200997,0.7852557868119043
0.33920236252495867,4038,1832,375,634,0.9150237933378654,0.7429034874290349,0.6879045996592845,0.9150237933378654,0.785373918117281
0.33917902636991365,4039,1832,374,634,0.9152503965556311,0.7429034874290349,0.6879577584738545,0.9152503965556311,0.7854920264488526
0.33917457874059176,4040,1832,373,634,0.9154769997733968,0.7429034874290349,0.6880108991825613,0.9154769997733968,0.7856101118133204
0.3391545003369972,4040,1833,373,633,0.9154769997733968,0.7433090024330901,0.687893751064192,0.9154769997733968,0.7855337351740228
0.3391416848535787,4040,1834,373,632,0.9154769997733968,0.7437145174371452,0.6877766428328226,0.9154769997733968,0.7854573733838826
0.3390964090076806,4040,1835,373,631,0.9154769997733968,0.7441200324412003,0.6876595744680851,0.9154769997733968,0.7853810264385692
0.33909584253591907,4040,1836,373,630,0.9154769997733968,0.7445255474452555,0.6875425459496256,0.9154769997733968,0.7853046943337545
0.33908802828944906,4040,1837,373,629,0.9154769997733968,0.7449310624493106,0.687425557257104,0.9154769997733968,0.7852283770651117
0.3390782720654597,4040,1838,373,628,0.9154769997733968,0.7453365774533658,0.6873086083701939,0.9154769997733968,0.785152074628316
0.3390564839153507,4040,1839,373,627,0.9154769997733968,0.745742092457421,0.6871916992685831,0.9154769997733968,0.7850757870190441
0.33898080577677253,4041,1839,372,627,0.9157036029911625,0.745742092457421,0.6872448979591836,0.9157036029911625,0.7851938210434275
0.33895274488968313,4041,1840,372,626,0.9157036029911625,0.7461476074614761,0.6871280394490733,0.9157036029911625,0.7851175442005052
0.33892564435715833,4041,1841,372,625,0.9157036029911625,0.7465531224655312,0.6870112206732404,0.9157036029911625,0.7850412821758136
0.33891546446767357,4041,1842,372,624,0.9157036029911625,0.7469586374695864,0.6868944416114228,0.9157036029911625,0.784965034965035
0.3389143325744784,4042,1842,371,624,0.9159302062089282,0.7469586374695864,0.6869476546566962,0.9159302062089282,0.785083033893367
0.3388965019794802,4042,1843,371,623,0.9159302062089282,0.7473641524736415,0.6868309260832626,0.9159302062089282,0.7850067974363956
0.3388798426959885,4042,1844,371,622,0.9159302062089282,0.7477696674776967,0.6867142371729528,0.9159302062089282,0.7849305757840568
0.3388731800432179,4042,1845,371,621,0.9159302062089282,0.7481751824817519,0.6865975879055546,0.9159302062089282,0.7848543689320387
0.33882145044245304,4043,1845,370,621,0.9161568094266939,0.7481751824817519,0.6866508152173914,0.9161568094266939,0.784972332783225
0.33881160471147015,4043,1846,370,620,0.9161568094266939,0.748580697485807,0.6865342163355408,0.9161568094266939,0.7848961366724908
0.33878595816996504,4044,1846,369,620,0.9163834126444595,0.748580697485807,0.6865874363327674,0.9163834126444595,0.7850140735708045
0.3387745536203792,4045,1846,368,620,0.9166100158622252,0.748580697485807,0.6866406382617553,0.9166100158622252,0.7851319875776398
0.3387733135555686,4045,1847,368,619,0.9166100158622252,0.7489862124898621,0.6865241004752206,0.9166100158622252,0.7850557981562348
0.33876316451178234,4046,1847,367,619,0.9168366190799909,0.7489862124898621,0.6865772950958765,0.9168366190799909,0.7851736852319037
0.338757576522736,4046,1848,367,618,0.9168366190799909,0.7493917274939172,0.6864608076009501,0.9168366190799909,0.7850975065489473
0.3387510479020741,4046,1849,367,617,0.9168366190799909,0.7497972424979724,0.6863443596268024,0.9168366190799909,0.7850213426464882
0.33871480000400667,4046,1850,367,616,0.9168366190799909,0.7502027575020276,0.6862279511533242,0.9168366190799909,0.7849451935202251
0.338692875379921,4046,1851,367,615,0.9168366190799909,0.7506082725060828,0.6861115821604206,0.9168366190799909,0.7848690591658585
0.3386575627859729,4047,1851,366,615,0.9170632222977566,0.7506082725060828,0.6861648016276704,0.9170632222977566,0.7849869071864998
0.3386382064354208,4047,1852,366,614,0.9170632222977566,0.7510137875101379,0.6860484827936938,0.9170632222977566,0.7849107835531419
0.33863017183597577,4047,1853,366,613,0.9170632222977566,0.751419302514193,0.6859322033898305,0.9170632222977566,0.7848346746824397
0.3386181629567594,4047,1854,366,612,0.9170632222977566,0.7518248175182481,0.6858159633960346,0.9170632222977566,0.784758580570099
0.3386158147115698,4047,1855,366,611,0.9170632222977566,0.7522303325223033,0.6856997627922738,0.9170632222977566,0.7846825012118274
0.3386154386136989,4047,1856,366,610,0.9170632222977566,0.7526358475263585,0.6855836015585296,0.9170632222977566,0.7846064366033346
0.33860331138978056,4047,1857,366,609,0.9170632222977566,0.7530413625304136,0.6854674796747967,0.9170632222977566,0.7845303867403315
0.3386025199920964,4048,1857,365,609,0.9172898255155223,0.7530413625304136,0.6855207451312447,0.9172898255155223,0.7846481876332623
0.3385597670616677,4048,1858,365,608,0.9172898255155223,0.7534468775344688,0.685404673213681,0.9172898255155223,0.7845721484639985
0.3385282326697176,4049,1858,364,608,0.917516428733288,0.7534468775344688,0.6854579312679872,0.917516428733288,0.7846899224806201
0.33852120956621295,4050,1858,363,608,0.9177430319510537,0.7534468775344688,0.6855111712931619,0.9177430319510537,0.7848076736750316
0.3384943151031745,4050,1859,363,607,0.9177430319510537,0.7538523925385239,0.6853951599255373,0.9177430319510537,0.784731641154815
0.33846348895063016,4050,1860,363,606,0.9177430319510537,0.754257907542579,0.6852791878172588,0.9177430319510537,0.7846556233653006
0.33846149613204474,4050,1861,363,605,0.9177430319510537,0.7546634225466342,0.6851632549484012,0.9177430319510537,0.7845796203022085
0.3383999338952146,4050,1862,363,604,0.9177430319510537,0.7550689375506894,0.6850473612990527,0.9177430319510537,0.784503631961259
0.33839422223810595,4051,1862,362,604,0.9179696351688194,0.7550689375506894,0.6851006257398952,0.9179696351688194,0.7846213441797405
0.33839289446471615,4051,1863,362,603,0.9179696351688194,0.7554744525547445,0.6849847818735204,0.9179696351688194,0.7845453665149608
0.33837890077467414,4051,1864,362,602,0.9179696351688194,0.7558799675587997,0.6848689771766695,0.9179696351688194,0.7844694035631294
0.3383763763115291,4052,1864,361,602,0.918196238386585,0.7558799675587997,0.684922244759973,0.918196238386585,0.7845870849065737
0.3383753620937742,4053,1864,360,602,0.9184228416043508,0.7558799675587997,0.6849754943383471,0.9184228416043508,0.7847047434656341
0.33835910824696525,4053,1865,360,601,0.9184228416043508,0.7562854825628548,0.684859749915512,0.9184228416043508,0.7846287871454843
0.3383430042676007,4054,1865,359,601,0.9186494448221165,0.7562854825628548,0.6849129920594695,0.9186494448221165,0.7847464188927603
0.3383222877034652,4055,1865,358,601,0.9188760480398822,0.7562854825628548,0.6849662162162162,0.9188760480398822,0.7848640278718667
0.3383172037400502,4055,1866,358,600,0.9188760480398822,0.7566909975669099,0.6848505320047289,0.9188760480398822,0.7847880781885039
0.33828967542651567,4056,1866,357,600,0.9191026512576479,0.7566909975669099,0.684903748733536,0.9191026512576479,0.7849056603773585
0.33823877776259864,4056,1867,357,599,0.9191026512576479,0.7570965125709651,0.6847881141313523,0.9191026512576479,0.7848297213622291
0.33822562154586006,4056,1868,357,598,0.9191026512576479,0.7575020275750203,0.6846725185685347,0.9191026512576479,0.7847537970397601
0.33819205632450516,4057,1868,356,598,0.9193292544754136,0.7575020275750203,0.6847257383966244,0.9193292544754136,0.7848713484232926
0.33818598313010984,4057,1869,356,597,0.9193292544754136,0.7579075425790754,0.6846101923725953,0.9193292544754136,0.7847954347615824
0.3381352594998436,4057,1870,356,596,0.9193292544754136,0.7583130575831306,0.6844946853382824,0.9193292544754136,0.7847195357833655
0.3380734758660841,4058,1870,355,596,0.9195558576931793,0.7583130575831306,0.6845479082321188,0.9195558576931793,0.7848370563775263
0.3380663350700329,4059,1870,354,596,0.919782460910945,0.7583130575831306,0.6846011131725418,0.919782460910945,0.784954554244827
0.33806088341056867,4060,1870,353,596,0.9200090641287106,0.7583130575831306,0.684654300168634,0.9200090641287106,0.7850720293918592
0.33804971599727146,4060,1871,353,595,0.9200090641287106,0.7587185725871858,0.6845388635980442,0.9200090641287106,0.7849961330239753
0.33802486970128476,4060,1872,353,594,0.9200090641287106,0.7591240875912408,0.6844234659474039,0.9200090641287106,0.7849202513291444
0.33802161818368504,4060,1873,353,593,0.9200090641287106,0.759529602595296,0.6843081071970335,0.9200090641287106,0.7848443843031122
0.3380142498163769,4060,1874,353,592,0.9200090641287106,0.7599351175993512,0.6841927873272666,0.9200090641287106,0.7847685319416255
0.3379781146858033,4060,1875,353,591,0.9200090641287106,0.7603406326034063,0.6840775063184499,0.9200090641287106,0.784692694240433
0.3379570881940461,4061,1875,352,591,0.9202356673464763,0.7603406326034063,0.6841307277628033,0.9202356673464763,0.7848101265822784
0.33792817271422476,4061,1876,352,590,0.9202356673464763,0.7607461476074615,0.6840154960417719,0.9202356673464763,0.7847342995169081
0.33792391913966696,4062,1876,351,590,0.920462270564242,0.7607461476074615,0.6840687100033681,0.920462270564242,0.784851705149261
0.3378299279219449,4063,1876,350,590,0.9206888737820077,0.7607461476074615,0.6841219060447887,0.9206888737820077,0.784969088098918
0.33776849336223236,4064,1876,349,590,0.9209154769997734,0.7607461476074615,0.6841750841750842,0.9209154769997734,0.7850864483724525
0.33776330225280976,4065,1876,348,590,0.9211420802175391,0.7607461476074615,0.6842282444032991,0.9211420802175391,0.7852037859764343
0.3377469307123772,4066,1876,347,590,0.9213686834353048,0.7607461476074615,0.6842813867384719,0.9213686834353048,0.7853211009174312
0.3377327872909503,4067,1876,346,590,0.9215952866530704,0.7607461476074615,0.6843345111896348,0.9215952866530704,0.7854383932020085
0.33771254454305866,4068,1876,345,590,0.9218218898708361,0.7607461476074615,0.6843876177658142,0.9218218898708361,0.7855556628367288
0.33768499133827223,4069,1876,344,590,0.9220484930886018,0.7607461476074615,0.6844407064760303,0.9220484930886018,0.7856729098281521
0.33762168968569556,4069,1877,344,589,0.9220484930886018,0.7611516626115167,0.6843255970400269,0.9220484930886018,0.7855970653537986
0.3376014826300511,4069,1878,344,588,0.9220484930886018,0.7615571776155717,0.6842105263157895,0.9220484930886018,0.7855212355212354
0.33759917467365685,4070,1878,343,588,0.9222750963063675,0.7615571776155717,0.6842636180228648,0.9222750963063675,0.7856384518868836
0.3375646800807664,4071,1878,342,588,0.9225016995241332,0.7615571776155717,0.6843166918809884,0.9225016995241332,0.7857556456282571
0.33752620996212607,4071,1879,342,587,0.9225016995241332,0.7619626926196269,0.6842016806722689,0.9225016995241332,0.7856798224452378
0.33751355919108195,4072,1879,341,587,0.922728302741899,0.7619626926196269,0.6842547471013275,0.922728302741899,0.785796989579313
0.3374864939508082,4073,1879,340,587,0.9229549059596647,0.7619626926196269,0.6843077956989247,0.9229549059596647,0.7859141341051616
0.33747538449803594,4073,1880,340,586,0.9229549059596647,0.7623682076236821,0.6841928439442297,0.9229549059596647,0.7858383175766931
0.3374702663914996,4073,1881,340,585,0.9229549059596647,0.7627737226277372,0.6840779308028216,0.9229549059596647,0.7857625156747372
0.33745520551371255,4073,1882,340,584,0.9229549059596647,0.7631792376317924,0.6839630562552477,0.9229549059596647,0.7856867283950618
0.337446763556277,4073,1883,340,583,0.9229549059596647,0.7635847526358476,0.6838482202820685,0.9229549059596647,0.7856109557334361
0.3374311271648729,4074,1883,339,583,0.9231815091774304,0.7635847526358476,0.6839012925969448,0.9231815091774304,0.78572806171649
0.3374184119452438,4075,1883,338,583,0.923408112395196,0.7635847526358476,0.6839543470963411,0.923408112395196,0.7858451451161895
0.3373959828802878,4075,1884,338,582,0.923408112395196,0.7639902676399026,0.6838395703977177,0.923408112395196,0.7857693790975704
0.3373550420671503,4075,1885,338,581,0.923408112395196,0.7643957826439578,0.6837248322147651,0.923408112395196,0.785693627687265
0.3373476613329365,4076,1885,337,581,0.9236347156129617,0.7643957826439578,0.6837778896158363,0.9236347156129617,0.7858106805475227
0.3371348192303044,4076,1886,337,580,0.9236347156129617,0.764801297648013,0.6836632002683664,0.9236347156129617,0.7857349397590361
0.3370644093610554,4076,1887,337,579,0.9236347156129617,0.7652068126520681,0.683548549387892,0.9236347156129617,0.7856592135697764
0.33705059382654773,4076,1888,337,578,0.9236347156129617,0.7656123276561233,0.6834339369550637,0.9236347156129617,0.7855835019755228
0.33704649625410193,4076,1889,337,577,0.9236347156129617,0.7660178426601785,0.6833193629505449,0.9236347156129617,0.7855078049720563
0.337027877527703,4077,1889,336,577,0.9238613188307274,0.7660178426601785,0.6833724438484747,0.9238613188307274,0.7856248193467579
0.3370266054882138,4077,1890,336,576,0.9238613188307274,0.7664233576642335,0.6832579185520362,0.9238613188307274,0.7855491329479769
0.33701791594174346,4077,1891,336,575,0.9238613188307274,0.7668288726682887,0.6831434316353887,0.9238613188307274,0.7854734611309122
0.33701160965357707,4077,1892,336,574,0.9238613188307274,0.7672343876723439,0.6830289830792428,0.9238613188307274,0.7853978038913503
0.33700521552939045,4078,1892,335,574,0.9240879220484931,0.7672343876723439,0.6830820770519263,0.9240879220484931,0.7855147837811808
0.3369715264042607,4079,1892,334,574,0.9243145252662588,0.7672343876723439,0.6831351532406632,0.9243145252662588,0.7856317411402157
0.3369331796389338,4079,1893,334,573,0.9243145252662588,0.767639902676399,0.6830207635632953,0.9243145252662588,0.7855560905151661
0.33692858294581457,4079,1894,334,572,0.9243145252662588,0.7680454176804542,0.6829064121881802,0.9243145252662588,0.7854804544579241
0.3369213761902287,4079,1895,334,571,0.9243145252662588,0.7684509326845094,0.6827920990960831,0.9243145252662588,0.7854048329642824
0.3369183238775038,4079,1896,334,570,0.9243145252662588,0.7688564476885644,0.6826778242677825,0.9243145252662588,0.7853292260300347
0.3368707878929491,4080,1896,333,570,0.9245411284840245,0.7688564476885644,0.6827309236947792,0.9245411284840245,0.7854461449610166
0.33680207993667327,4080,1897,333,569,0.9245411284840245,0.7692619626926196,0.6826166973398026,0.9245411284840245,0.7853705486044272
0.3367957799691022,4080,1898,333,568,0.9245411284840245,0.7696674776966748,0.6825025092004015,0.9245411284840245,0.7852949667981908
0.33679543519909805,4081,1898,332,568,0.9247677317017902,0.7696674776966748,0.6825556113062385,0.9247677317017902,0.7854118552732872
0.3367857416546969,4081,1899,332,567,0.9247677317017902,0.7700729927007299,0.6824414715719064,0.9247677317017902,0.7853362840373328
0.33674569933212023,4082,1899,331,567,0.9249943349195558,0.7700729927007299,0.6824945661260658,0.9249943349195558,0.7854531460457956
0.3366938876168657,4083,1899,330,567,0.9252209381373215,0.7700729927007299,0.6825476429287863,0.9252209381373215,0.7855699855699856
0.33669183579075096,4083,1900,330,566,0.9252209381373215,0.7704785077047851,0.6824335617583153,0.9252209381373215,0.7854944209311274
0.3366800529836136,4083,1901,330,565,0.9252209381373215,0.7708840227088403,0.6823195187165776,0.9252209381373215,0.7854188708281234
0.33666745926662456,4083,1902,330,564,0.9252209381373215,0.7712895377128953,0.6822055137844611,0.9252209381373215,0.7853433352567801
0.3366021422347778,4084,1902,329,564,0.9254475413550872,0.7712895377128953,0.6822586034079519,0.9254475413550872,0.7854601403981152
0.3365936068520045,4084,1903,329,563,0.9254475413550872,0.7716950527169505,0.6821446467345916,0.9254475413550872,0.7853846153846153
0.336583739638812,4084,1904,329,562,0.9254475413550872,0.7721005677210057,0.6820307281229125,0.9254475413550872,0.7853091048937602
0.336571399659193,4084,1905,329,561,0.9254475413550872,0.7725060827250608,0.6819168475538487,0.9254475413550872,0.7852336089213614
0.33654318800444416,4085,1905,328,561,0.9256741445728529,0.7725060827250608,0.6819699499165276,0.9256741445728529,0.7853503796981641
0.3365129375272294,4085,1906,328,560,0.9256741445728529,0.772911597729116,0.6818561175095977,0.9256741445728529,0.785274894271434
0.3364636028795487,4086,1906,327,560,0.9259007477906186,0.772911597729116,0.681909212283044,0.9259007477906186,0.7853916386352715
0.33645730739183205,4087,1906,326,560,0.9261273510083843,0.772911597729116,0.6819622893375605,0.9261273510083843,0.7855083605612146
0.33645073597955294,4087,1907,326,559,0.9261273510083843,0.7733171127331712,0.6818485151818485,0.9261273510083843,0.7854328817142308
0.33644078305507436,4087,1908,326,558,0.9261273510083843,0.7737226277372263,0.6817347789824854,0.9261273510083843,0.7853574173712529
0.3364404915237982,4088,1908,325,558,0.92635395422615,0.7737226277372263,0.6817878585723816,0.92635395422615,0.7854741089441829
0.33643150013249234,4089,1908,324,558,0.9265805574439157,0.7737226277372263,0.6818409204602301,0.9265805574439157,0.7855907780979826
0.3364098995579503,4089,1909,324,557,0.9265805574439157,0.7741281427412814,0.6817272424141381,0.9265805574439157,0.7855153203342619
0.33637453499552467,4090,1909,323,557,0.9268071606616815,0.7741281427412814,0.6817802967161194,0.9268071606616815,0.7856319631194775
0.3363279361995152,4090,1910,323,556,0.9268071606616815,0.7745336577453366,0.6816666666666666,0.9268071606616815,0.7855565158935944
0.33631387091062126,4090,1911,323,555,0.9268071606616815,0.7749391727493917,0.6815530744875854,0.9268071606616815,0.7854810831572882
0.3363046311586458,4091,1911,322,555,0.9270337638794471,0.7749391727493917,0.6816061312895701,0.9270337638794471,0.785597695631301
0.3362915220647071,4091,1912,322,554,0.9270337638794471,0.7753446877534469,0.6814925870398134,0.9270337638794471,0.7855222734254992
0.33628961379070377,4091,1913,322,553,0.9270337638794471,0.7757502027575021,0.6813790806129247,0.9270337638794471,0.7854468657002975
0.3362710497218441,4092,1913,321,553,0.9272603670972128,0.7757502027575021,0.6814321398834304,0.9272603670972128,0.7855634478786715
0.3362682578281964,4093,1913,320,553,0.9274869703149785,0.7757502027575021,0.6814851814851814,0.9274869703149785,0.78568000767828
0.3362608856194472,4093,1914,320,552,0.9274869703149785,0.7761557177615572,0.6813717329781921,0.9274869703149785,0.7856046065259118
0.33621624225961244,4093,1915,320,551,0.9274869703149785,0.7765612327656123,0.6812583222370173,0.9274869703149785,0.7855292198445447
0.33619011482847566,4094,1915,319,551,0.9277135735327442,0.7765612327656123,0.6813113662839074,0.9277135735327442,0.7856457493763194
0.3361740425659151,4095,1915,318,551,0.9279401767505099,0.7765612327656123,0.6813643926788685,0.9279401767505099,0.7857622565480188
0.33617256170630044,4095,1916,318,550,0.9279401767505099,0.7769667477696675,0.6812510397604392,0.9279401767505099,0.7856868764389869
0.3361605777280949,4096,1916,317,550,0.9281667799682756,0.7769667477696675,0.6813040585495675,0.9281667799682756,0.7858033573141487
0.3361344258053963,4097,1916,316,550,0.9283933831860413,0.7769667477696675,0.6813570597039748,0.9283933831860413,0.7859198158450028
0.3361195033504918,4098,1916,315,550,0.9286199864038069,0.7769667477696675,0.6814100432324576,0.9286199864038069,0.7860362520379783
0.33610860154782957,4099,1916,314,550,0.9288465896215726,0.7769667477696675,0.6814630091438072,0.9288465896215726,0.7861526658995013
0.33610393772850883,4099,1917,314,549,0.9288465896215726,0.7773722627737226,0.6813497340425532,0.9288465896215726,0.7860772844951576
0.3360988712388293,4099,1918,314,548,0.9288465896215726,0.7777777777777778,0.6812364965929866,0.9288465896215726,0.7860019175455417
0.33609395328935593,4099,1919,314,547,0.9288465896215726,0.778183292781833,0.6811232967763377,0.9288465896215726,0.7859265650464962
0.336065844815053,4100,1919,313,547,0.9290731928393383,0.778183292781833,0.6811762751287589,0.9290731928393383,0.786042944785276
0.33603203906198753,4100,1920,313,546,0.9290731928393383,0.7785888077858881,0.6810631229235881,0.9290731928393383,0.7859676027988115
0.3360298967487238,4100,1921,313,545,0.9290731928393383,0.7789943227899432,0.6809500083042684,0.9290731928393383,0.7858922752539774
0.3360206305274792,4101,1921,312,545,0.929299796057104,0.7789943227899432,0.681002989040186,0.929299796057104,0.7860086248203162
0.33601711678826324,4102,1921,311,545,0.9295263992748697,0.7789943227899432,0.6810559521832974,0.9295263992748697,0.786124952088923
0.3360019142630249,4103,1921,310,545,0.9297530024926354,0.7789943227899432,0.6811088977423638,0.9297530024926354,0.7862412570662066
0.33596574890341857,4104,1921,309,545,0.9299796057104011,0.7789943227899432,0.681161825726141,0.9299796057104011,0.7863575397585745
0.33591320488970344,4104,1922,309,544,0.9299796057104011,0.7793998377939984,0.6810487885828078,0.9299796057104011,0.7862822109397453
0.3359053570263651,4104,1923,309,543,0.9299796057104011,0.7798053527980535,0.6809357889497263,0.9299796057104011,0.7862068965517242
0.3358708143159819,4104,1924,309,542,0.9299796057104011,0.7802108678021087,0.6808228268082283,0.9299796057104011,0.7861315965903648
0.335856116220412,4104,1925,309,541,0.9299796057104011,0.7806163828061639,0.6807099021396583,0.9299796057104011,0.7860563110515227
0.335822974522652,4104,1926,309,540,0.9299796057104011,0.781021897810219,0.6805970149253732,0.9299796057104011,0.7859810399310543
0.3358164317420903,4104,1927,309,539,0.9299796057104011,0.7814274128142741,0.6804841651467418,0.9299796057104011,0.7859057832248182
0.335807512740079,4104,1928,309,538,0.9299796057104011,0.7818329278183292,0.6803713527851459,0.9299796057104011,0.785830540928674
0.3357648056202824,4104,1929,309,537,0.9299796057104011,0.7822384428223844,0.6802585778219791,0.9299796057104011,0.7857553130384836
0.33574911323231094,4104,1930,309,536,0.9299796057104011,0.7826439578264396,0.6801458402386477,0.9299796057104011,0.78568009955011
0.33573515852562824,4104,1931,309,535,0.9299796057104011,0.7830494728304948,0.68003314001657,0.9299796057104011,0.7856049004594181
0.3357326610697729,4105,1931,308,535,0.9302062089281667,0.7830494728304948,0.6800861497680584,0.9302062089281667,0.7857211216384344
0.33571378152544207,4106,1931,307,535,0.9304328121459324,0.7830494728304948,0.6801391419579261,0.9304328121459324,0.7858373205741627
0.3356507098441024,4107,1931,306,535,0.9306594153636981,0.7830494728304948,0.680192116594899,0.9306594153636981,0.7859534972729884
0.3356399730468744,4107,1932,306,534,0.9306594153636981,0.7834549878345499,0.6800794833581719,0.9306594153636981,0.7858783008036739
0.3356258375582942,4108,1932,305,534,0.9308860185814638,0.7834549878345499,0.6801324503311258,0.9308860185814638,0.7859944513536782
0.33562128285602033,4109,1932,304,534,0.9311126217992296,0.7834549878345499,0.6801853997682503,0.9311126217992296,0.7861105796824182
0.3355675861690265,4110,1932,303,534,0.9313392250169953,0.7834549878345499,0.6802383316782522,0.9313392250169953,0.7862266857962696
0.335527073864532,4111,1932,302,534,0.931565828234761,0.7834549878345499,0.6802912460698328,0.931565828234761,0.7863427697016068
0.3355233377976996,4112,1932,301,534,0.9317924314525267,0.7834549878345499,0.6803441429516877,0.9317924314525267,0.7864588314048007
0.33551171331545643,4112,1933,301,533,0.9317924314525267,0.783860502838605,0.6802315963606286,0.9317924314525267,0.7863836297571237
0.3355094083663348,4113,1933,300,533,0.9320190346702923,0.783860502838605,0.6802844856103208,0.9320190346702923,0.7864996653599772
0.3354888131425299,4115,1933,298,533,0.9324722411058237,0.783860502838605,0.6803902116402116,0.9324722411058237,0.786731670012427
0.33548693224588966,4115,1934,298,532,0.9324722411058237,0.7842660178426601,0.6802777318565052,0.9324722411058237,0.7866564710380425
0.33546060290636764,4116,1934,297,532,0.9326988443235894,0.7842660178426601,0.6803305785123966,0.9326988443235894,0.7867724362037657
0.3354531282933956,4117,1934,296,532,0.9329254475413551,0.7842660178426601,0.6803834077012064,0.9329254475413551,0.786888379204893
0.33543716333452667,4118,1934,295,532,0.9331520507591208,0.7842660178426601,0.6804362194315928,0.9331520507591208,0.7870043000477783
0.33542048070251324,4118,1935,295,531,0.9331520507591208,0.7846715328467153,0.6803238063770032,0.9331520507591208,0.7869291037645709
0.33541995722467405,4118,1936,295,530,0.9331520507591208,0.7850770478507705,0.6802114304592005,0.9331520507591208,0.7868539218496227
0.3353900308014719,4118,1937,295,529,0.9331520507591208,0.7854825628548256,0.6800990916597853,0.9331520507591208,0.7867787542988155
0.33537692312629563,4118,1938,295,528,0.9331520507591208,0.7858880778588808,0.6799867899603699,0.9331520507591208,0.7867036011080333
0.3353680132483621,4119,1938,294,528,0.9333786539768865,0.7858880778588808,0.6800396235760278,0.9333786539768865,0.7868194842406877
0.3353492268814203,4119,1939,294,527,0.9333786539768865,0.7862935928629359,0.6799273687685705,0.9333786539768865,0.7867443415146596
0.33533803022796577,4120,1939,293,527,0.9336052571946521,0.7862935928629359,0.6799801947516092,0.9336052571946521,0.7868601986249045
0.3353176469950807,4120,1940,293,526,0.9336052571946521,0.786699107866991,0.6798679867986799,0.9336052571946521,0.786785066361119
0.33528000422152165,4121,1940,292,526,0.9338318604124178,0.786699107866991,0.6799208051476654,0.9338318604124178,0.7869008974603781
0.3352778922398231,4121,1941,292,525,0.9338318604124178,0.7871046228710462,0.6798086440118772,0.9338318604124178,0.7868257756563246
0.335277594356194,4121,1942,292,524,0.9338318604124178,0.7875101378751014,0.6796965198746495,0.9338318604124178,0.7867506681939672
0.33524492978346165,4122,1942,291,524,0.9340584636301835,0.7875101378751014,0.6797493403693932,0.9340584636301835,0.786866469409182
0.3352420821441327,4122,1943,291,523,0.9340584636301835,0.7879156528791565,0.6796372629843364,0.9340584636301835,0.7867913723993127
0.33522574177398506,4123,1943,290,523,0.9342850668479492,0.7879156528791565,0.6796900758325091,0.9342850668479492,0.7869071476285905
0.33520410424554675,4124,1943,289,523,0.9345116700657149,0.7879156528791565,0.6797428712708093,0.9345116700657149,0.7870229007633588
0.335198352753942,4124,1944,289,522,0.9345116700657149,0.7883211678832117,0.6796308503625577,0.9345116700657149,0.7869478103234423
0.33517982507306776,4125,1944,288,522,0.9347382732834806,0.7883211678832117,0.6796836381611469,0.9347382732834806,0.7870635374928449
0.3351486552830101,4126,1944,287,522,0.9349648765012463,0.7883211678832117,0.6797364085667216,0.9349648765012463,0.78717924258323
0.3351051182489545,4127,1944,286,522,0.9351914797190121,0.7883211678832117,0.6797891615878768,0.9351914797190121,0.7872949256009156
0.33509335645536087,4127,1945,286,521,0.9351914797190121,0.7887266828872669,0.6796772068511199,0.9351914797190121,0.7872198378636148
0.3350859644248236,4128,1945,285,521,0.9354180829367778,0.7887266828872669,0.6797299522476535,0.9354180829367778,0.7873354949456418
0.3350832880650588,4129,1945,284,521,0.9356446861545434,0.7887266828872669,0.6797826802765887,0.9356446861545434,0.7874511299704396
0.3350672863652652,4129,1946,284,520,0.9356446861545434,0.7891321978913219,0.6796707818930041,0.9356446861545434,0.7873760488176963
0.33500820495875555,4130,1946,283,520,0.9358712893723091,0.7891321978913219,0.6797235023041475,0.9358712893723091,0.7874916579273525
0.33488756740573516,4131,1946,282,520,0.9360978925900748,0.7891321978913219,0.679776205364489,0.9360978925900748,0.7876072449952336
0.33484766998572363,4131,1947,282,519,0.9360978925900748,0.7895377128953771,0.6796643632773939,0.9360978925900748,0.7875321704317987
0.33481584899483435,4131,1948,282,518,0.9360978925900748,0.7899432278994323,0.6795525579865109,0.9360978925900748,0.7874571101791841
0.33481124327081524,4132,1948,281,518,0.9363244958078405,0.7899432278994323,0.6796052631578947,0.9363244958078405,0.7875726674926141
0.3348086201924121,4132,1949,281,517,0.9363244958078405,0.7903487429034874,0.6794935043578358,0.9363244958078405,0.7874976176862969
0.3348074230731043,4133,1949,280,517,0.9365510990256062,0.7903487429034874,0.6795462019072673,0.9365510990256062,0.7876131491186278
0.3347930609784649,4133,1950,280,516,0.9365510990256062,0.7907542579075426,0.6794344895610719,0.9365510990256062,0.7875381097560976
0.3347372479660349,4133,1951,280,515,0.9365510990256062,0.7911597729115978,0.6793228139381986,0.9365510990256062,0.7874630846908641
0.3347309212367514,4134,1951,279,515,0.9367777022433719,0.7911597729115978,0.6793755135579294,0.9367777022433719,0.7875785863974091
0.3347235644489653,4135,1951,278,515,0.9370043054611376,0.7911597729115978,0.6794281958593493,0.9370043054611376,0.7876940661015334
0.3347166864934305,4135,1952,278,514,0.9370043054611376,0.7915652879156528,0.6793165763101692,0.9370043054611376,0.7876190476190477
0.33469149918161273,4135,1953,278,513,0.9370043054611376,0.791970802919708,0.6792049934296978,0.9370043054611376,0.7875440434244357
0.3346874066314748,4136,1953,277,513,0.9372309086789032,0.791970802919708,0.6792576777796026,0.9372309086789032,0.787659493429823
0.3346806472464419,4137,1953,276,513,0.9374575118966689,0.791970802919708,0.6793103448275862,0.9374575118966689,0.7877749214510139
0.33467149156703235,4137,1954,276,512,0.9374575118966689,0.7923763179237632,0.6791988179280907,0.9374575118966689,0.7876999238385378
0.3346686962048624,4137,1955,276,511,0.9374575118966689,0.7927818329278183,0.6790873276428102,0.9374575118966689,0.7876249405045217
0.3345790756483823,4137,1956,276,510,0.9374575118966689,0.7931873479318735,0.6789758739537174,0.9374575118966689,0.7875499714448886
0.33452210903475976,4138,1956,275,510,0.9376841151144346,0.7931873479318735,0.679028552674762,0.9376841151144346,0.7876653659465118
0.3344350798266994,4138,1957,275,509,0.9376841151144346,0.7935928629359287,0.6789171452009845,0.9376841151144346,0.7875904073087172
0.33438772680578227,4139,1957,274,509,0.9379107183322003,0.7935928629359287,0.6789698162729659,0.9379107183322003,0.7877057760015226
0.33434533855925846,4140,1957,273,509,0.938137321549966,0.7935928629359287,0.6790224700672461,0.938137321549966,0.7878211227402473
0.3342850320547262,4140,1958,273,508,0.938137321549966,0.7939983779399837,0.6789111183994753,0.938137321549966,0.787746170678337
0.3342774504241548,4140,1959,273,507,0.938137321549966,0.7944038929440389,0.6787998032464339,0.938137321549966,0.7876712328767123
0.33424904230928243,4140,1960,273,506,0.938137321549966,0.7948094079480941,0.6786885245901639,0.938137321549966,0.7875963093313041
0.33415425999430426,4140,1961,273,505,0.938137321549966,0.7952149229521492,0.6785772824127192,0.938137321549966,0.7875214000380444
0.3341332251696386,4140,1962,273,504,0.938137321549966,0.7956204379562044,0.6784660766961652,0.938137321549966,0.7874465049928673
0.33408808180215516,4140,1963,273,503,0.938137321549966,0.7960259529602596,0.6783549074225791,0.938137321549966,0.7873716241917079
0.33408799968341246,4140,1964,273,502,0.938137321549966,0.7964314679643146,0.6782437745740498,0.938137321549966,0.787296757630503
0.33405008403279657,4141,1964,272,502,0.9383639247677317,0.7964314679643146,0.6782964782964783,0.9383639247677317,0.7874120555238638
0.3340107034774473,4141,1965,272,501,0.9383639247677317,0.7968369829683698,0.678185391418277,0.9383639247677317,0.7873371993535507
0.3339500825540592,4141,1966,272,500,0.9383639247677317,0.797242497972425,0.6780743409202554,0.9383639247677317,0.7872623574144486
0.3339163907218921,4142,1966,271,500,0.9385905279854974,0.797242497972425,0.6781270464963982,0.9385905279854974,0.787377625700979
0.33390310911047316,4143,1966,270,500,0.938817131203263,0.797242497972425,0.6781797348174824,0.938817131203263,0.7874928720775518
0.3338834194831204,4143,1967,270,499,0.938817131203263,0.7976480129764801,0.6780687397708675,0.938817131203263,0.7874180366815546
0.3338667705923496,4144,1967,269,499,0.9390437344210287,0.7976480129764801,0.6781214203894617,0.9390437344210287,0.7875332573166097
0.3338608942773433,4145,1967,268,499,0.9392703376387944,0.7976480129764801,0.6781740837696335,0.9392703376387944,0.7876484560570071
0.3338447812025084,4145,1968,268,498,0.9392703376387944,0.7980535279805353,0.6780631441190904,0.9392703376387944,0.7875736272088163
0.3337635136878361,4146,1968,267,498,0.9394969408565602,0.7980535279805353,0.6781157998037292,0.9394969408565602,0.7876888002279853
0.3337584166526312,4147,1968,266,498,0.9397235440743259,0.7980535279805353,0.6781684382665576,0.9397235440743259,0.7878039513677811
0.33372487608899243,4147,1969,266,497,0.9397235440743259,0.7984590429845905,0.6780575539568345,0.9397235440743259,0.7877291290720866
0.33370682724092693,4147,1970,266,496,0.9397235440743259,0.7988645579886455,0.6779467059015858,0.9397235440743259,0.7876543209876543
0.3336896100837435,4148,1970,265,496,0.9399501472920916,0.7988645579886455,0.6779993461915659,0.9399501472920916,0.7877694425980439
0.33366460718026986,4149,1970,264,496,0.9401767505098573,0.7988645579886455,0.6780519692760255,0.9401767505098573,0.7878845423471327
0.3336641657638256,4149,1971,264,495,0.9401767505098573,0.7992700729927007,0.6779411764705883,0.9401767505098573,0.7878097408145828
0.33366107701957104,4150,1971,263,495,0.940403353727623,0.7992700729927007,0.6779937918640745,0.940403353727623,0.7879248148851339
0.33365647283964284,4150,1972,263,494,0.940403353727623,0.7996755879967559,0.6778830447566155,0.940403353727623,0.7878500237304225
0.3336415508710886,4150,1973,263,493,0.940403353727623,0.800081103000811,0.6777723338232893,0.940403353727623,0.787775246772969
0.3336361969513762,4151,1973,262,493,0.9406299569453886,0.800081103000811,0.6778249510124101,0.9406299569453886,0.7878902913542755
0.3336032765300324,4151,1974,262,492,0.9406299569453886,0.8004866180048662,0.6777142857142857,0.9406299569453886,0.787815524767508
0.33357751068760705,4151,1975,262,491,0.9406299569453886,0.8008921330089214,0.6776036565458701,0.9406299569453886,0.7877407723692951
0.333514480804536,4152,1975,261,491,0.9408565601631543,0.8008921330089214,0.6776562755018769,0.9408565601631543,0.7878557874762808
0.33351138808966807,4153,1975,260,491,0.94108316338092,0.8008921330089214,0.6777088772845953,0.94108316338092,0.7879707807608386
0.333501104237662,4154,1975,259,491,0.9413097665986857,0.8008921330089214,0.677761461902431,0.9413097665986857,0.7880857522291786
0.33348679650705326,4154,1976,259,490,0.9413097665986857,0.8012976480129764,0.6776508972267536,0.9413097665986857,0.7880110025609408
0.33347050218399027,4154,1977,259,489,0.9413097665986857,0.8017031630170316,0.6775403686184962,0.9413097665986857,0.7879362670713201
0.3334678788697967,4155,1977,258,489,0.9415363698164514,0.8017031630170316,0.6775929549902152,0.9415363698164514,0.7880512091038406
0.3334187218629733,4155,1978,258,488,0.9415363698164514,0.8021086780210868,0.6774824718734714,0.9415363698164514,0.7879764839749669
0.3332401667130152,4156,1978,257,488,0.9417629730342171,0.8021086780210868,0.677535050537985,0.9417629730342171,0.7880914003982176
0.3332315047897869,4156,1979,257,487,0.9417629730342171,0.8025141930251419,0.6774246128769356,0.9417629730342171,0.7880166856276071
0.3331491736132171,4156,1980,257,486,0.9417629730342171,0.8029197080291971,0.6773142112125163,0.9417629730342171,0.7879419850222771
0.3331361557079857,4157,1980,256,486,0.9419895762519828,0.8029197080291971,0.6773667915919831,0.9419895762519828,0.7880568720379147
0.3331288904632753,4157,1981,256,485,0.9419895762519828,0.8033252230332523,0.6772564353209515,0.9419895762519828,0.7879821817837173
0.33308059996510636,4157,1982,256,484,0.9419895762519828,0.8037307380373074,0.6771461150024434,0.9419895762519828,0.7879075056861259
0.33307373483246244,4158,1982,255,484,0.9422161794697484,0.8037307380373074,0.6771986970684039,0.9422161794697484,0.7880223633090117
0.3330419907466382,4159,1982,254,484,0.9424427826875141,0.8037307380373074,0.6772512620094447,0.9424427826875141,0.7881371991661928
0.33296521672275686,4159,1983,254,483,0.9424427826875141,0.8041362530413625,0.6771409964181049,0.9424427826875141,0.7880625296068213
0.33293282069131963,4160,1983,253,483,0.9426693859052798,0.8041362530413625,0.6771935536382875,0.9426693859052798,0.7881773399014778
0.33292852753140556,4160,1984,253,482,0.9426693859052798,0.8045417680454177,0.6770833333333334,0.9426693859052798,0.7881026806858009
0.33286793892109545,4160,1985,253,481,0.9426693859052798,0.8049472830494728,0.6769731489015459,0.9426693859052798,0.7880280356128054
0.3328517318467247,4160,1986,253,480,0.9426693859052798,0.805352798053528,0.6768630003254149,0.9426693859052798,0.7879534046784733
0.3328465480705862,4160,1987,253,479,0.9426693859052798,0.8057583130575832,0.676752887587441,0.9426693859052798,0.7878787878787878
0.3328343236705813,4161,1987,252,479,0.9428959891230455,0.8057583130575832,0.6768054651919323,0.9428959891230455,0.787993561215794
0.3328147621612936,4161,1988,252,478,0.9428959891230455,0.8061638280616383,0.6766953976256301,0.9428959891230455,0.7879189547434198
0.3327842831265043,4161,1989,252,477,0.9428959891230455,0.8065693430656934,0.6765853658536586,0.9428959891230455,0.7878443623970464
0.33278238525731074,4161,1990,252,476,0.9428959891230455,0.8069748580697486,0.6764753698585596,0.9428959891230455,0.7877697841726619
0.33276083956981717,4161,1991,252,475,0.9428959891230455,0.8073803730738037,0.6763654096228868,0.9428959891230455,0.7876952200662565
0.33273270886916245,4161,1992,252,474,0.9428959891230455,0.8077858880778589,0.6762554851292053,0.9428959891230455,0.7876206700738217
0.33272192709736725,4162,1992,251,474,0.9431225923408112,0.8077858880778589,0.6763080922976925,0.9431225923408112,0.7877354026686855
0.3327203710949378,4162,1993,251,473,0.9431225923408112,0.8081914030819141,0.6761982128350934,0.9431225923408112,0.7876608629825889
0.3327187801419917,4162,1994,251,472,0.9431225923408112,0.8085969180859692,0.6760883690708253,0.9431225923408112,0.7875863374018356
0.3327097650569139,4163,1994,250,472,0.9433491955585769,0.8085969180859692,0.6761409777489037,0.9433491955585769,0.7877010406811731
0.33268901505736936,4163,1995,250,471,0.9433491955585769,0.8090024330900243,0.676031178954206,0.9433491955585769,0.7876265253996784
0.33263148162008493,4163,1996,250,470,0.9433491955585769,0.8094079480940795,0.6759214158142556,0.9433491955585769,0.7875520242149072
0.3326002886511354,4163,1997,250,469,0.9433491955585769,0.8098134630981346,0.6758116883116884,0.9433491955585769,0.7874775371228601
0.33258084132411686,4164,1997,249,469,0.9435757987763427,0.8098134630981346,0.6758643077422496,0.9435757987763427,0.7875922073009268
0.3325021187888865,4165,1997,248,469,0.9438024019941084,0.8098134630981346,0.6759169100941252,0.9438024019941084,0.7877068557919622
0.33244970778080474,4166,1997,247,469,0.944029005211874,0.8098134630981346,0.6759694953756288,0.944029005211874,0.787821482602118
0.33233998571991463,4166,1998,247,468,0.944029005211874,0.8102189781021898,0.6758598312783907,0.944029005211874,0.7877469982036495
0.33233202136724616,4167,1998,246,468,0.9442556084296397,0.8102189781021898,0.6759124087591241,0.9442556084296397,0.787861599546228
0.33233071739493303,4168,1998,245,468,0.9444822116474054,0.8102189781021898,0.6759649691858579,0.9444822116474054,0.7879761792229889
0.3322967438810554,4168,1999,245,467,0.9444822116474054,0.810624493106245,0.6758553591697746,0.9444822116474054,0.7879017013232515
0.3322457339009601,4169,1999,244,467,0.9447088148651711,0.810624493106245,0.6759079118028535,0.9447088148651711,0.7880162555524053
0.33205462200035185,4169,2000,244,466,0.9447088148651711,0.8110300081103001,0.6757983465715676,0.9447088148651711,0.7879417879417879
0.3320085839499249,4169,2001,244,465,0.9447088148651711,0.8114355231143552,0.6756888168557537,0.9447088148651711,0.7878673344042333
0.3319681550641122,4170,2001,243,465,0.9449354180829368,0.8114355231143552,0.6757413709285367,0.9449354180829368,0.7879818594104309
0.33194224533130195,4170,2002,243,464,0.9449354180829368,0.8118410381184104,0.6756318859364874,0.9449354180829368,0.7879074161549363
0.3319366258592228,4170,2003,243,463,0.9449354180829368,0.8122465531224655,0.6755224364166532,0.9449354180829368,0.7878329869639146
0.33192675957363305,4171,2003,242,463,0.9451620213007025,0.8122465531224655,0.6755749919015225,0.9451620213007025,0.7879474827618778
0.3319174934199203,4172,2003,241,463,0.9453886245184682,0.8122465531224655,0.6756275303643725,0.9453886245184682,0.7880619569323762
0.33190248039149833,4172,2004,241,462,0.9453886245184682,0.8126520681265207,0.6755181347150259,0.9453886245184682,0.7879875342336387
0.33186361946080556,4172,2005,241,461,0.9453886245184682,0.8130575831305759,0.6754087744859965,0.9453886245184682,0.7879131255901795
0.3318508200821326,4173,2005,240,461,0.9456152277362339,0.8130575831305759,0.6754613143412107,0.9456152277362339,0.7880275705787932
0.3318450505032586,4174,2005,239,461,0.9458418309539995,0.8130575831305759,0.6755138371904839,0.9458418309539995,0.7881419939577038
0.3317937153961621,4174,2006,239,460,0.9458418309539995,0.813463098134631,0.6754045307443366,0.9458418309539995,0.7880675918059096
0.3317411322861115,4175,2006,238,460,0.9460684341717652,0.813463098134631,0.6754570457854716,0.9460684341717652,0.7881819898055503
0.33173707921075507,4175,2007,238,459,0.9460684341717652,0.8138686131386861,0.6753477838887092,0.9460684341717652,0.7881075979235488
0.3316295848494454,4175,2008,238,458,0.9460684341717652,0.8142741281427412,0.6752385573346272,0.9460684341717652,0.7880332200830502
0.33141387294727054,4175,2009,238,457,0.9460684341717652,0.8146796431467964,0.6751293661060802,0.9460684341717652,0.7879588562800793
0.33140821325847203,4176,2009,237,457,0.9462950373895309,0.8146796431467964,0.6751818916734034,0.9462950373895309,0.7880732213625212
0.33140812673719405,4176,2010,237,456,0.9462950373895309,0.8150851581508516,0.6750727449078564,0.9462950373895309,0.7879988678177186
0.3313667533240136,4177,2010,236,456,0.9465216406072966,0.8150851581508516,0.6751252626474866,0.9465216406072966,0.7881132075471698
0.3313643546524523,4177,2011,236,455,0.9465216406072966,0.8154906731549068,0.675016160310278,0.9465216406072966,0.7880388642580889
0.33135214955875847,4178,2011,235,455,0.9467482438250623,0.8154906731549068,0.6750686702213605,0.9467482438250623,0.7881531786455386
0.33131088189070823,4179,2011,234,455,0.946974847042828,0.8154906731549068,0.6751211631663974,0.946974847042828,0.7882674714703385
0.3312811299352018,4180,2011,233,455,0.9472014502605937,0.8154906731549068,0.6751736391536101,0.9472014502605937,0.7883817427385892
0.3311927981805909,4181,2011,232,455,0.9474280534783593,0.8154906731549068,0.6752260981912145,0.9474280534783593,0.7884959924563885
0.3311500995666946,4181,2012,232,454,0.9474280534783593,0.8158961881589619,0.6751170676570322,0.9474280534783593,0.7884216481237035
0.33109469397007524,4181,2013,232,453,0.9474280534783593,0.816301703163017,0.6750080723280594,0.9474280534783593,0.788347317808994
0.33106324327237935,4181,2014,232,452,0.9474280534783593,0.8167072181670721,0.6748991121872477,0.9474280534783593,0.7882730015082956
0.3310202487744611,4182,2014,231,452,0.947654656696125,0.8167072181670721,0.6749515816655907,0.947654656696125,0.7883872183994721
0.3309704096157266,4182,2015,231,451,0.947654656696125,0.8171127331711273,0.6748426658060351,0.947654656696125,0.7883129123468425
0.33094581935864137,4182,2016,231,450,0.947654656696125,0.8175182481751825,0.6747337850919651,0.947654656696125,0.7882386202996889
0.33091136552506933,4183,2016,230,450,0.9478812599138908,0.8175182481751825,0.6747862558477173,0.9478812599138908,0.7883528081417264
0.3308986176131318,4184,2016,229,450,0.9481078631316565,0.8175182481751825,0.6748387096774193,0.9481078631316565,0.7884669744652785
0.3308662511921661,4184,2017,229,449,0.9481078631316565,0.8179237631792377,0.6747298822770521,0.9481078631316565,0.788392688901451
0.3308550087159081,4185,2017,228,449,0.9483344663494222,0.8179237631792377,0.6747823282811997,0.9483344663494222,0.7885068299576073
0.33085381827165805,4186,2017,227,449,0.9485610695671879,0.8179237631792377,0.6748347573754635,0.9485610695671879,0.7886209495101734
0.3307739626403578,4186,2018,227,448,0.9485610695671879,0.8183292781832928,0.6747259832366216,0.9485610695671879,0.7885466704342093
0.33073963891556707,4187,2018,226,448,0.9487876727849536,0.8183292781832928,0.6747784045124899,0.9487876727849536,0.7886607647391223
0.33071119491559425,4187,2019,226,447,0.9487876727849536,0.818734793187348,0.6746696745085401,0.9487876727849536,0.7885864959035691
0.33069144862504457,4188,2019,225,447,0.9490142760027193,0.818734793187348,0.6747220879652006,0.9490142760027193,0.7887005649717514
0.3306450464152977,4188,2020,225,446,0.9490142760027193,0.819140308191403,0.6746134020618557,0.9490142760027193,0.7886263063741644
0.33061870385844205,4190,2020,223,446,0.9494674824382506,0.819140308191403,0.6747181964573269,0.9494674824382506,0.7888543725877812
0.3305157561080877,4191,2020,222,446,0.9496940856560163,0.819140308191403,0.6747705683464821,0.9496940856560163,0.7889683734939759
0.33041491385828853,4191,2021,222,445,0.9496940856560163,0.8195458231954582,0.6746619446233098,0.9496940856560163,0.7888941176470587
0.33034982569481947,4191,2022,222,444,0.9496940856560163,0.8199513381995134,0.674553355866731,0.9496940856560163,0.7888198757763976
0.33032261629209775,4192,2022,221,444,0.949920688873782,0.8199513381995134,0.6746057289990345,0.949920688873782,0.7889338477463066
0.33031460529197787,4193,2022,220,444,0.9501472920915477,0.8199513381995134,0.6746580852775543,0.9501472920915477,0.7890477982687242
0.33031458426540433,4194,2022,219,444,0.9503738953093134,0.8199513381995134,0.6747104247104247,0.9503738953093134,0.7891617273497038
0.33026686534546296,4194,2023,219,443,0.9503738953093134,0.8203568532035685,0.6746018980215538,0.9503738953093134,0.7890874882408278
0.33021132307446865,4195,2023,218,443,0.9506004985270791,0.8203568532035685,0.6746542296558379,0.9506004985270791,0.7892013921550184
0.3301819047886363,4196,2023,217,443,0.9508271017448447,0.8203568532035685,0.6747065444605242,0.9508271017448447,0.7893152746425884
0.33014395206062835,4196,2024,217,442,0.9508271017448447,0.8207623682076237,0.6745980707395498,0.9508271017448447,0.7892410420389353
0.3301337786345442,4196,2025,217,441,0.9508271017448447,0.8211678832116789,0.6744896318919787,0.9508271017448447,0.7891668233966521
0.33003976479486163,4197,2025,216,441,0.9510537049626104,0.8211678832116789,0.6745419479267116,0.9510537049626104,0.789280677009873
0.330032439382218,4197,2026,216,440,0.9510537049626104,0.8215733982157339,0.6744335529487385,0.9510537049626104,0.7892064685972171
0.32993490935638775,4197,2027,216,439,0.9510537049626104,0.8219789132197891,0.6743251928020566,0.9510537049626104,0.7891322741374448
0.32992401496830304,4197,2028,216,438,0.9510537049626104,0.8223844282238443,0.6742168674698795,0.9510537049626104,0.7890580936266215
0.3299154922703955,4197,2029,216,437,0.9510537049626104,0.8227899432278994,0.674108576935432,0.9510537049626104,0.788983927060814
0.32984336455954905,4197,2030,216,436,0.9510537049626104,0.8231954582319546,0.6740003211819495,0.9510537049626104,0.7889097744360902
0.32972660533351417,4198,2030,215,436,0.9512803081803761,0.8231954582319546,0.6740526653821451,0.9512803081803761,0.7890235880086458
0.3297206598928405,4198,2031,215,435,0.9512803081803761,0.8236009732360098,0.6739444533633007,0.9512803081803761,0.7889494455929337
0.3297107227179317,4198,2032,215,434,0.9512803081803761,0.8240064882400648,0.6738362760834671,0.9512803081803761,0.7888753171098375
0.32970626255938745,4198,2033,215,433,0.9512803081803761,0.82441200324412,0.6737281335259188,0.9512803081803761,0.7888012025554303
0.32969779881546923,4198,2034,215,432,0.9512803081803761,0.8248175182481752,0.673620025673941,0.9512803081803761,0.7887271019257867
0.32969623850478663,4198,2035,215,431,0.9512803081803761,0.8252230332522303,0.6735119525108294,0.9512803081803761,0.7886530152169828
0.3296957018098946,4198,2036,215,430,0.9512803081803761,0.8256285482562855,0.673403914019891,0.9512803081803761,0.7885789424250963
0.32968210566543193,4198,2037,215,429,0.9512803081803761,0.8260340632603407,0.6732959101844427,0.9512803081803761,0.7885048835462058
0.3296770556820196,4198,2038,215,428,0.9512803081803761,0.8264395782643957,0.6731879409878126,0.9512803081803761,0.7884308385763921
0.3296467687256458,4198,2039,215,427,0.9512803081803761,0.8268450932684509,0.6730800064133398,0.9512803081803761,0.7883568075117371
0.3295955200914366,4198,2040,215,426,0.9512803081803761,0.8272506082725061,0.6729721064443732,0.9512803081803761,0.7882827903483239
0.3295235454226354,4198,2041,215,425,0.9512803081803761,0.8276561232765612,0.6728642410642731,0.9512803081803761,0.7882087870822382
0.32951511067761236,4198,2042,215,424,0.9512803081803761,0.8280616382806164,0.6727564102564103,0.9512803081803761,0.7881347977095655
0.3295023606302893,4198,2043,215,423,0.9512803081803761,0.8284671532846716,0.672648614004166,0.9512803081803761,0.7880608222263938
0.3294914685959167,4198,2044,215,422,0.9512803081803761,0.8288726682887266,0.6725408522909324,0.9512803081803761,0.7879868606288126
0.3294584078078999,4199,2044,214,422,0.9515069113981418,0.8288726682887266,0.6725933045010412,0.9515069113981418,0.7881006006006006
0.3294163092355895,4199,2045,214,421,0.9515069113981418,0.8292781832927818,0.6724855861627163,0.9515069113981418,0.7880266491507929
0.32940422112919016,4200,2045,213,421,0.9517335146159075,0.8292781832927818,0.6725380304243395,0.9517335146159075,0.7881403640457872
0.32940211316336065,4200,2046,213,420,0.9517335146159075,0.829683698296837,0.6724303554274735,0.9517335146159075,0.7880664227413452
0.3293980096313949,4200,2047,213,419,0.9517335146159075,0.8300892133008921,0.6723227149031535,0.9517335146159075,0.7879924953095685
0.3293595229088966,4200,2048,213,418,0.9517335146159075,0.8304947283049473,0.6722151088348272,0.9517335146159075,0.7879185817465529
0.3293004057296112,4200,2049,213,417,0.9517335146159075,0.8309002433090025,0.672107537205953,0.9517335146159075,0.7878446820483962
0.32924482444418324,4201,2049,212,417,0.9519601178336733,0.8309002433090025,0.67216,0.9519601178336733,0.787958360686486
0.3292254752195455,4201,2050,212,416,0.9519601178336733,0.8313057583130575,0.6720524716045433,0.9519601178336733,0.7878844711177795
0.32921793799341725,4201,2051,212,415,0.9519601178336733,0.8317112733171127,0.6719449776071658,0.9519601178336733,0.7878105954055322
0.32920362578169937,4201,2052,212,414,0.9519601178336733,0.8321167883211679,0.6718375179913642,0.9519601178336733,0.7877367335458467
0.3291448513454896,4202,2052,211,414,0.952186721051439,0.8321167883211679,0.6718899904061401,0.952186721051439,0.7878503796756351
0.32913841700710955,4202,2053,211,413,0.952186721051439,0.832522303325223,0.6717825739408473,0.952186721051439,0.7877765279340082
0.32911276932752676,4202,2054,211,412,0.952186721051439,0.8329278183292782,0.6716751918158568,0.952186721051439,0.7877026900365545
0.3291020581446262,4203,2054,210,412,0.9524133242692047,0.8329278183292782,0.671727665015183,0.9524133242692047,0.7878163074039363
0.3290878236328028,4204,2054,209,412,0.9526399274869704,0.8329278183292782,0.671780121444551,0.9526399274869704,0.7879299034767127
0.32907897673212977,4205,2054,208,412,0.952866530704736,0.8329278183292782,0.6718325611119987,0.952866530704736,0.7880434782608695
0.3290785075156488,4205,2055,208,411,0.952866530704736,0.8333333333333334,0.6717252396166135,0.952866530704736,0.7879696430244544
0.329066033644679,4205,2056,208,410,0.952866530704736,0.8337388483373885,0.6716179524037693,0.952866530704736,0.7878958216226344
0.32904428767971744,4206,2056,207,410,0.9530931339225017,0.8337388483373885,0.6716703928457362,0.9530931339225017,0.7880093676814989
0.32897883057186206,4206,2057,207,409,0.9530931339225017,0.8341443633414436,0.6715631486508064,0.9530931339225017,0.7879355563881604
0.32897549911527924,4206,2058,207,408,0.9530931339225017,0.8345498783454988,0.671455938697318,0.9530931339225017,0.7878617589210453
0.3289696855277849,4206,2059,207,407,0.9530931339225017,0.8349553933495539,0.6713487629688747,0.9530931339225017,0.787787975276269
0.32893022972172914,4207,2059,206,407,0.9533197371402674,0.8349553933495539,0.6714012128949888,0.9533197371402674,0.7879014889034553
0.32890182798542167,4208,2059,205,407,0.9535463403580331,0.8349553933495539,0.6714536460826552,0.9535463403580331,0.7880149812734083
0.3288955456812732,4210,2059,203,407,0.9539995467935645,0.8349553933495539,0.671558462274685,0.9539995467935645,0.7882419022654933
0.3288555105168555,4210,2060,203,406,0.9539995467935645,0.8353609083536091,0.671451355661882,0.9539995467935645,0.788168117569971
0.3288443005876569,4211,2060,202,406,0.9542261500113302,0.8353609083536091,0.6715037474087068,0.9542261500113302,0.7882815424934482
0.328742715196765,4212,2060,201,406,0.9544527532290958,0.8353609083536091,0.6715561224489796,0.9544527532290958,0.7883949461862423
0.32871779903423776,4212,2061,201,405,0.9544527532290958,0.8357664233576643,0.6714490674318508,0.9544527532290958,0.7883211678832118
0.3287004001207479,4212,2062,201,404,0.9544527532290958,0.8361719383617194,0.6713420465412815,0.9544527532290958,0.7882474033872928
0.3286531600846054,4213,2062,200,404,0.9546793564468615,0.8361719383617194,0.671394422310757,0.9546793564468615,0.7883607784431138
0.32860722727973435,4213,2063,200,403,0.9546793564468615,0.8365774533657745,0.6712874442319949,0.9546793564468615,0.7882870240434091
0.32859749888343914,4214,2063,199,403,0.9549059596646272,0.8365774533657745,0.6713398120121077,0.9549059596646272,0.788400374181478
0.32856561391687833,4214,2064,199,402,0.9549059596646272,0.8369829683698297,0.6712328767123288,0.9549059596646272,0.7883266298755962
0.3285369246968376,4214,2065,199,401,0.9549059596646272,0.8373884833738848,0.6711259754738016,0.9549059596646272,0.7882528993640106
0.3285262450023796,4214,2066,199,400,0.9549059596646272,0.83779399837794,0.6710191082802548,0.9549059596646272,0.7881791826428505
0.3285167383976636,4214,2067,199,399,0.9549059596646272,0.8381995133819952,0.6709122751154275,0.9549059596646272,0.7881054797082476
0.3284811714433453,4215,2067,198,399,0.9551325628823929,0.8381995133819952,0.6709646609360076,0.9551325628823929,0.788218793828892
0.3284607699864038,4215,2068,198,398,0.9551325628823929,0.8386050283860503,0.6708578704440554,0.9551325628823929,0.7881451009723262
0.32844106990750666,4216,2068,197,398,0.9553591661001586,0.8386050283860503,0.6709102482495226,0.9553591661001586,0.7882583902028606
0.32840433843586886,4217,2068,196,398,0.9555857693179243,0.8386050283860503,0.6709626093874304,0.9555857693179243,0.7883716582538791
0.3283500830605845,4217,2069,196,397,0.9555857693179243,0.8390105433901054,0.6708558701877188,0.9555857693179243,0.7882979717730629
0.3283194896909475,4218,2069,195,397,0.95581237253569,0.8390105433901054,0.6709082233179577,0.95581237253569,0.788411214953271
0.32830676465635555,4219,2069,194,397,0.9560389757534556,0.8390105433901054,0.6709605597964376,0.9560389757534556,0.7885244369685075
0.3283009172936771,4219,2070,194,396,0.9560389757534556,0.8394160583941606,0.6708538718397201,0.9560389757534556,0.788450756867875
0.32828677795008465,4219,2071,194,395,0.9560389757534556,0.8398215733982157,0.6707472178060413,0.9560389757534556,0.7883770905353639
0.32825980412227385,4220,2071,193,395,0.9562655789712214,0.8398215733982157,0.6707995549197266,0.9562655789712214,0.7884902840059791
0.32825974385351075,4221,2071,192,395,0.9564921821889871,0.8398215733982157,0.6708518753973299,0.9564921821889871,0.7886034563288185
0.3281958983738605,4221,2072,192,394,0.9564921821889871,0.8402270884022709,0.6707452725250278,0.9564921821889871,0.7885297963758641
0.3281327542528452,4222,2072,191,394,0.9567187854067528,0.8402270884022709,0.6707975850015888,0.9567187854067528,0.7886429438684973
0.3280535500464801,4222,2073,191,393,0.9567187854067528,0.8406326034063261,0.6706910246227165,0.9567187854067528,0.7885692939858049
0.32800301839716006,4222,2074,191,392,0.9567187854067528,0.8410381184103812,0.670584498094028,0.9567187854067528,0.7884956578578766
0.3280017009695961,4222,2075,191,391,0.9567187854067528,0.8414436334144363,0.6704780053993965,0.9567187854067528,0.788422035480859
0.32798347167421044,4223,2075,190,391,0.9569453886245185,0.8414436334144363,0.6705303270879645,0.9569453886245185,0.7885351507795724
0.32796859588605126,4223,2076,190,390,0.9569453886245185,0.8418491484184915,0.6704238768058421,0.9569453886245185,0.7884615384615384
0.3278616279052531,4223,2077,190,389,0.9569453886245185,0.8422546634225466,0.6703174603174603,0.9569453886245185,0.7883879398861195
0.32778955167569196,4224,2077,189,389,0.9571719918422842,0.8422546634225466,0.6703697825741946,0.9571719918422842,0.7885010266940451
0.3277818582266216,4225,2077,188,389,0.9573985950600499,0.8422546634225466,0.6704220882259601,0.9573985950600499,0.7886140923938406
0.3277294165835367,4226,2077,187,389,0.9576251982778156,0.8422546634225466,0.67047437728066,0.9576251982778156,0.7887271369914146
0.3277180408341215,4226,2078,187,388,0.9576251982778156,0.8426601784266018,0.6703680203045685,0.9576251982778156,0.7886535411029205
0.3276744860650935,4226,2079,187,387,0.9576251982778156,0.843065693430657,0.6702616970658207,0.9576251982778156,0.7885799589475648
0.32762910691401514,4226,2080,187,386,0.9576251982778156,0.8434712084347121,0.6701554075483667,0.9576251982778156,0.788506390521504
0.3275712764978636,4227,2080,186,386,0.9578518014955812,0.8434712084347121,0.670207705723799,0.9578518014955812,0.7886194029850746
0.3275542109097362,4228,2080,185,386,0.9580784047133469,0.8434712084347121,0.6702599873176919,0.9580784047133469,0.7887323943661972
0.3275311920150952,4228,2081,185,385,0.9580784047133469,0.8438767234387672,0.6701537486130924,0.9580784047133469,0.7886588323074054
0.32752975005019397,4228,2082,185,384,0.9580784047133469,0.8442822384428224,0.6700475435816164,0.9580784047133469,0.7885852839690386
0.3274218740264854,4229,2082,184,384,0.9583050079311126,0.8442822384428224,0.6700998257011567,0.9583050079311126,0.78869824692279
0.32735986041560833,4229,2083,184,383,0.9583050079311126,0.8446877534468775,0.6699936628643853,0.9583050079311126,0.7886247086247088
0.32734918585361855,4230,2083,183,383,0.9585316111488783,0.8446877534468775,0.6700459369554886,0.9585316111488783,0.7887376468394555
0.32731308426787803,4230,2084,183,382,0.9585316111488783,0.8450932684509327,0.6699398162812797,0.9585316111488783,0.7886641185792859
0.32728245431104436,4230,2085,183,381,0.9585316111488783,0.8454987834549879,0.669833729216152,0.9585316111488783,0.7885906040268456
0.32720002429051487,4230,2086,183,380,0.9585316111488783,0.845904298459043,0.6697276757441418,0.9585316111488783,0.7885171031783018
0.3271844855144333,4231,2086,182,380,0.958758214366644,0.845904298459043,0.6697799588412221,0.958758214366644,0.7886300093196645
0.3271340841774101,4232,2086,181,380,0.9589848175844097,0.845904298459043,0.669832225387781,0.9589848175844097,0.7887428944180411
0.3270970830362391,4233,2086,180,380,0.9592114208021754,0.845904298459043,0.669884475391676,0.9592114208021754,0.7888557584793142
0.3270919335708979,4234,2086,179,380,0.959438024019941,0.845904298459043,0.6699367088607595,0.959438024019941,0.7889686015093638
0.3270723809815238,4234,2087,179,379,0.959438024019941,0.8463098134630981,0.6698307229868692,0.959438024019941,0.7888950996832494
0.3270283566426917,4235,2087,178,379,0.9596646272377067,0.8463098134630981,0.6698829484340398,0.9596646272377067,0.7890079180251514
0.3270046663977206,4236,2087,177,379,0.9598912304554724,0.8463098134630981,0.6699351573620117,0.9598912304554724,0.7891207153502235
0.3270002080479688,4236,2088,177,378,0.9598912304554724,0.8467153284671532,0.6698292220113852,0.9598912304554724,0.789047219893825
0.3269495038811614,4236,2089,177,377,0.9598912304554724,0.8471208434712084,0.6697233201581028,0.9598912304554724,0.7889737381262804
0.32694488714383896,4236,2090,177,376,0.9598912304554724,0.8475263584752636,0.6696174517862789,0.9598912304554724,0.7889002700437657
0.32693910247318947,4236,2091,177,375,0.9598912304554724,0.8479318734793188,0.6695116168800379,0.9598912304554724,0.7888268156424579
0.32688259474103554,4237,2091,176,375,0.9601178336732381,0.8479318734793188,0.6695638432364096,0.9601178336732381,0.7889395773205474
0.3268332093769777,4238,2091,175,375,0.9603444368910039,0.8479318734793188,0.6696160530889556,0.9603444368910039,0.789052318004096
0.32679912171504555,4239,2091,174,375,0.9605710401087696,0.8479318734793188,0.6696682464454976,0.9605710401087696,0.7891650376989667
0.32677619106577943,4239,2092,174,374,0.9605710401087696,0.8483373884833739,0.6695624703838257,0.9605710401087696,0.7890915860014893
0.3267411281392745,4239,2093,174,373,0.9605710401087696,0.8487429034874291,0.6694567277321541,0.9605710401087696,0.7890181479758027
0.3267048517151352,4239,2094,174,372,0.9605710401087696,0.8491484184914841,0.6693510184746566,0.9605710401087696,0.7889447236180905
0.3267000125301381,4240,2094,173,372,0.9607976433265353,0.8491484184914841,0.6694032207136091,0.9607976433265353,0.7890574113706151
0.32668244923644585,4241,2094,172,372,0.961024246544301,0.8491484184914841,0.6694554064719811,0.961024246544301,0.7891700781540752
0.32668016011427253,4242,2094,171,372,0.9612508497620667,0.8491484184914841,0.6695075757575758,0.9612508497620667,0.7892827239743233
0.3266778849794196,4243,2094,170,372,0.9614774529798323,0.8491484184914841,0.6695597285781916,0.9614774529798323,0.7893953488372094
0.3266411878954253,4243,2095,170,371,0.9614774529798323,0.8495539334955393,0.6694540864626065,0.9614774529798323,0.789321923541996
0.3265812070883916,4244,2095,169,371,0.961704056197598,0.8495539334955393,0.6695062312667613,0.961704056197598,0.789434523809524
0.3265148901425687,4244,2096,169,370,0.961704056197598,0.8499594484995945,0.6694006309148265,0.961704056197598,0.7893611085278528
0.326468458279802,4244,2097,169,369,0.961704056197598,0.8503649635036497,0.669295063870052,0.961704056197598,0.7892877068997581
0.3264492068263311,4244,2098,169,368,0.961704056197598,0.8507704785077048,0.6691895301166825,0.961704056197598,0.7892143189214318
0.32642524840823783,4244,2099,169,367,0.961704056197598,0.85117599351176,0.6690840296389721,0.961704056197598,0.7891409445890666
0.3264220293501393,4244,2100,169,366,0.961704056197598,0.851581508515815,0.6689785624211854,0.961704056197598,0.7890675838988566
0.3263891204122609,4245,2100,168,366,0.9619306594153637,0.851581508515815,0.6690307328605201,0.9619306594153637,0.7891801450083658
0.32635639942768685,4246,2100,167,366,0.9621572626331294,0.851581508515815,0.6690828868578632,0.9621572626331294,0.7892926851937913
0.32633504651650275,4247,2100,166,366,0.9623838658508951,0.851581508515815,0.6691350244209863,0.9623838658508951,0.7894052044609665
0.3263122790911331,4247,2101,166,365,0.9623838658508951,0.8519870235198702,0.6690296156269692,0.9623838658508951,0.789331846482669
0.3263077079354668,4247,2102,166,364,0.9623838658508951,0.8523925385239254,0.6689242400378013,0.9623838658508951,0.7892585021371493
0.32628972565367026,4248,2102,165,364,0.9626104690686608,0.8523925385239254,0.6689763779527559,0.9626104690686608,0.7893709932175044
0.326284877866755,4249,2102,164,364,0.9628370722864265,0.8523925385239254,0.6690284994489056,0.9628370722864265,0.7894834633965068
0.32627415146535976,4249,2103,164,363,0.9628370722864265,0.8527980535279805,0.6689231738035264,0.9628370722864265,0.7894101254064096
0.3262021497493193,4249,2104,164,362,0.9628370722864265,0.8532035685320357,0.6688178813159137,0.9628370722864265,0.789336801040312
0.32618432769787264,4249,2105,164,361,0.9628370722864265,0.8536090835360909,0.6687126219704124,0.9628370722864265,0.7892634902944181
0.3261696554954108,4249,2106,164,360,0.9628370722864265,0.8540145985401459,0.6686073957513768,0.9628370722864265,0.7891901931649331
0.32615858662074737,4249,2107,164,359,0.9628370722864265,0.8544201135442011,0.6685022026431718,0.9628370722864265,0.7891169096480638
0.3261382300020507,4249,2108,164,358,0.9628370722864265,0.8548256285482563,0.6683970426301714,0.9628370722864265,0.7890436397400186
0.3260646874793907,4249,2109,164,357,0.9628370722864265,0.8552311435523114,0.6682919156967599,0.9628370722864265,0.7889703834370069
0.32605738720043326,4250,2109,163,357,0.9630636755041921,0.8552311435523114,0.668344079257745,0.9630636755041921,0.7890828072781284
0.3260232713251782,4251,2109,162,357,0.9632902787219578,0.8552311435523114,0.6683962264150943,0.9632902787219578,0.7891952102478418
0.3259925772517652,4252,2109,161,357,0.9635168819397235,0.8552311435523114,0.6684483571765446,0.9635168819397235,0.7893075923519585
0.3259271931453199,4253,2109,160,357,0.9637434851574892,0.8552311435523114,0.6685004715498271,0.9637434851574892,0.7894199535962877
0.3259252255208659,4253,2110,160,356,0.9637434851574892,0.8556366585563666,0.6683954109696684,0.9637434851574892,0.7893466963622865
0.325922379314735,4254,2110,159,356,0.9639700883752549,0.8556366585563666,0.6684475172847266,0.9639700883752549,0.7894590331261019
0.3259129376982239,4254,2111,159,355,0.9639700883752549,0.8560421735604218,0.6683424980361351,0.9639700883752549,0.7893857858600853
0.32590204284861757,4254,2112,159,354,0.9639700883752549,0.8564476885644768,0.6682375117813384,0.9639700883752549,0.7893125521848038
0.3258851195614925,4255,2112,158,354,0.9641966915930206,0.8564476885644768,0.6682896183445893,0.9641966915930206,0.7894248608534323
0.3258839146279976,4255,2113,158,353,0.9641966915930206,0.856853203568532,0.6681846733668342,0.9641966915930206,0.7893516371394118
0.3258609451765272,4256,2113,157,353,0.9644232948107863,0.856853203568532,0.6682367718637149,0.9644232948107863,0.7894639213503989
0.3258466723877886,4256,2114,157,352,0.9644232948107863,0.8572587185725872,0.6681318681318681,0.9644232948107863,0.7893907075952888
0.32577314588090517,4257,2114,156,352,0.964649898028552,0.8572587185725872,0.6681839585622351,0.964649898028552,0.7895029673590505
0.3257121258773431,4257,2115,156,351,0.964649898028552,0.8576642335766423,0.6680790960451978,0.964649898028552,0.7894297635605008
0.3257042226952226,4258,2115,155,351,0.9648765012463177,0.8576642335766423,0.6681311784089126,0.9648765012463177,0.7895419988874466
0.3256563458701663,4259,2115,154,351,0.9651031044640834,0.8576642335766423,0.6681832444304989,0.9651031044640834,0.7896542134050246
0.32563818461305605,4259,2116,154,350,0.9651031044640834,0.8580697485806975,0.668078431372549,0.9651031044640834,0.789581015943641
0.3256101144844436,4260,2116,153,350,0.9653297076818491,0.8580697485806975,0.6681304893350063,0.9653297076818491,0.7896932060431922
0.32560346295686704,4260,2117,153,349,0.9653297076818491,0.8584752635847527,0.6680257174219852,0.9653297076818491,0.7896200185356812
0.32560175385630175,4261,2117,152,349,0.9655563108996148,0.8584752635847527,0.6680777673251803,0.9655563108996148,0.7897321842275971
0.32557205843394543,4261,2118,152,348,0.9655563108996148,0.8588807785888077,0.6679730365261013,0.9655563108996148,0.7896590066716087
0.3255221849950984,4261,2119,152,347,0.9655563108996148,0.8592862935928629,0.6678683385579938,0.9655563108996148,0.7895858426758083
0.3255191768240145,4261,2120,152,346,0.9655563108996148,0.8596918085969181,0.6677636734054223,0.9655563108996148,0.7895126922364276
0.3254985986419107,4261,2121,152,345,0.9655563108996148,0.8600973236009732,0.6676590410529615,0.9655563108996148,0.7894395553496989
0.32548053948570727,4261,2122,152,344,0.9655563108996148,0.8605028386050284,0.667554441485195,0.9655563108996148,0.7893664320118563
0.3254740874577628,4261,2123,152,343,0.9655563108996148,0.8609083536090836,0.6674498746867168,0.9655563108996148,0.789293322219135
0.3254682302124824,4261,2124,152,342,0.9655563108996148,0.8613138686131386,0.66734534064213,0.9655563108996148,0.7892202259677717
0.3254476832633225,4261,2125,152,341,0.9655563108996148,0.8617193836171938,0.6672408393360476,0.9655563108996148,0.789147143254005
0.32541610694854955,4262,2125,151,341,0.9657829141173805,0.8617193836171938,0.6672929387819008,0.9657829141173805,0.7892592592592593
0.32540060189594644,4262,2126,151,340,0.9657829141173805,0.862124898621249,0.6671884783969944,0.9657829141173805,0.7891861864642163
0.3253398758596591,4263,2126,150,340,0.9660095173351462,0.862124898621249,0.6672405697292221,0.9660095173351462,0.7892982780966488
0.3252614553661466,4263,2127,150,339,0.9660095173351462,0.8625304136253041,0.6671361502347418,0.9660095173351462,0.7892252152179949
0.3252482546817362,4264,2127,149,339,0.9662361205529119,0.8625304136253041,0.6671882334532937,0.9662361205529119,0.7893372824879675
0.32522485685050306,4264,2128,149,338,0.9662361205529119,0.8629359286293593,0.6670838548185232,0.9662361205529119,0.7892642295233689
0.3252195086281458,4265,2128,148,338,0.9664627237706775,0.8629359286293593,0.6671359299233537,0.9664627237706775,0.7893762724412364
0.3252084411965557,4265,2129,148,337,0.9664627237706775,0.8633414436334145,0.6670315921176102,0.9664627237706775,0.7893032293883593
0.32516319923765,4266,2129,147,337,0.9666893269884432,0.8633414436334145,0.6670836591086786,0.9666893269884432,0.7894152479644707
0.32513127755133553,4267,2129,146,337,0.9669159302062089,0.8633414436334145,0.6671357098186367,0.9669159302062089,0.7895272458136738
0.3250988865677655,4267,2130,146,336,0.9669159302062089,0.8637469586374696,0.6670314209785837,0.9669159302062089,0.7894542090656799
0.3249979180021809,4267,2131,146,335,0.9669159302062089,0.8641524736415247,0.666927164738981,0.9669159302062089,0.789381185829248
0.3249549946233899,4267,2132,146,334,0.9669159302062089,0.8645579886455799,0.6668229410845444,0.9669159302062089,0.7893081761006288
0.32494223941842204,4267,2133,146,333,0.9669159302062089,0.864963503649635,0.66671875,0.9669159302062089,0.7892351798760752
0.3249371312186732,4267,2134,146,332,0.9669159302062089,0.8653690186536902,0.6666145914700828,0.9669159302062089,0.7891621971518401
0.32492353650371736,4267,2135,146,331,0.9669159302062089,0.8657745336577454,0.6665104654795376,0.9669159302062089,0.7890892279241795
0.3248951705681934,4267,2136,146,330,0.9669159302062089,0.8661800486618005,0.6664063720131188,0.9669159302062089,0.7890162721893491
0.3248793540740751,4267,2137,146,329,0.9669159302062089,0.8665855636658556,0.6663023110555902,0.9669159302062089,0.7889433299436072
0.32487811484595813,4267,2138,146,328,0.9669159302062089,0.8669910786699108,0.6661982825917252,0.9669159302062089,0.788870401183213
0.324873545362971,4268,2138,145,328,0.9671425334239746,0.8669910786699108,0.666250390259132,0.9671425334239746,0.7889823458730011
0.32487143665379575,4269,2138,144,328,0.9673691366417403,0.8669910786699108,0.6663024816606836,0.9673691366417403,0.7890942698706099
0.32486258884728425,4270,2138,143,328,0.967595739859506,0.8669910786699108,0.666354556803995,0.967595739859506,0.7892061731817762
0.32483309657529275,4270,2139,143,327,0.967595739859506,0.8673965936739659,0.6662505851146825,0.967595739859506,0.7891332470892626
0.3247218468455297,4271,2139,142,327,0.9678223430772717,0.8673965936739659,0.6663026521060842,0.9678223430772717,0.7892451261202994
0.324709223543501,4272,2139,141,327,0.9680489462950373,0.8673965936739659,0.6663547028544688,0.9680489462950373,0.7893569844789357
0.32470453126183507,4272,2140,141,326,0.9680489462950373,0.8678021086780211,0.6662507797878977,0.9680489462950373,0.789284064665127
0.3246567655926134,4273,2140,140,326,0.968275549512803,0.8678021086780211,0.6663028223920162,0.968275549512803,0.789395898762239
0.3246280532451049,4274,2140,139,326,0.9685021527305687,0.8678021086780211,0.6663548487683193,0.9685021527305687,0.789507712200979
0.3246147156266647,4275,2140,138,326,0.9687287559483345,0.8678021086780211,0.666406858924396,0.9687287559483345,0.7896195049870706
0.3246101864378352,4275,2141,138,325,0.9687287559483345,0.8682076236820763,0.6663029925187033,0.9687287559483345,0.7895465878659157
0.3245285566031395,4276,2141,137,325,0.9689553591661002,0.8682076236820763,0.6663549945457379,0.9689553591661002,0.7896583564173592
0.3245266362932101,4277,2141,136,325,0.9691819623838659,0.8682076236820763,0.6664069803677158,0.9691819623838659,0.7897701043301634
0.32440363309511555,4277,2142,136,324,0.9691819623838659,0.8686131386861314,0.6663031624863686,0.9691819623838659,0.7896971935007386
0.3243922917820082,4277,2143,136,323,0.9691819623838659,0.8690186536901865,0.6661993769470405,0.9691819623838659,0.7896242961321888
0.32433779136976476,4278,2143,135,323,0.9694085656016316,0.8690186536901865,0.6662513627160879,0.9694085656016316,0.7897360162451541
0.324328302494292,4278,2144,135,322,0.9694085656016316,0.8694241686942417,0.6661476175646216,0.9694085656016316,0.7896631287494232
0.32430290182011706,4280,2144,133,322,0.969861772037163,0.8694241686942417,0.6662515566625156,0.969861772037163,0.7898864999538617
0.3242367225805253,4280,2145,133,321,0.969861772037163,0.8698296836982968,0.666147859922179,0.969861772037163,0.7898136187488467
0.32419544796338834,4281,2145,132,321,0.9700883752549286,0.8698296836982968,0.6661998132586368,0.9700883752549286,0.789925269858843
0.32413905114508074,4281,2146,132,320,0.9700883752549286,0.870235198702352,0.6660961568383382,0.9700883752549286,0.7898523985239853
0.3241257899893646,4282,2146,131,320,0.9703149784726943,0.870235198702352,0.6661481020535158,0.9703149784726943,0.7899640254589061
0.3240616917218228,4282,2147,131,319,0.9703149784726943,0.8706407137064072,0.6660444859231607,0.9703149784726943,0.7898911639918835
0.3239879694015733,4283,2147,130,319,0.97054158169046,0.8706407137064072,0.6660964230171074,0.97054158169046,0.7900027667619663
0.3239818050782066,4284,2147,129,319,0.9707681849082257,0.8706407137064072,0.6661483439589488,0.9707681849082257,0.7901143489487275
0.3239715758945232,4285,2147,128,319,0.9709947881259914,0.8706407137064072,0.6662002487562189,0.9709947881259914,0.7902259105578607
0.3239177848735837,4285,2148,128,318,0.9709947881259914,0.8710462287104623,0.6660966889476139,0.9709947881259914,0.7901530518163378
0.32383235008341293,4285,2149,128,317,0.9709947881259914,0.8714517437145174,0.6659931613304321,0.9709947881259914,0.790080206508712
0.32382450200896784,4285,2150,128,316,0.9709947881259914,0.8718572587185726,0.6658896658896659,0.9709947881259914,0.7900073746312685
0.32381637036270566,4285,2151,128,315,0.9709947881259914,0.8722627737226277,0.665786202610317,0.9709947881259914,0.7899345561802931
0.323780635259306,4286,2151,127,315,0.9712213913437571,0.8722627737226277,0.6658381233493864,0.9712213913437571,0.7900460829493088
0.3237780762553417,4286,2152,127,314,0.9712213913437571,0.8726682887266829,0.6657347002174588,0.9712213913437571,0.7899732743525941
0.3237543703428072,4286,2153,127,313,0.9712213913437571,0.8730738037307381,0.6656313092095045,0.9712213913437571,0.7899004791743457
0.3237122936095694,4287,2153,126,313,0.9714479945615228,0.8730738037307381,0.6656832298136646,0.9714479945615228,0.7900119782548602
0.3236935858273023,4288,2153,125,313,0.9716745977792884,0.8730738037307381,0.6657351342959168,0.9716745977792884,0.7901234567901234
0.32368174624700946,4288,2154,125,312,0.9716745977792884,0.8734793187347932,0.66563179136914,0.9716745977792884,0.7900506678949792
0.32367157043663347,4288,2155,125,311,0.9716745977792884,0.8738848337388483,0.6655284805214962,0.9716745977792884,0.7899778924097274
0.32366479063027226,4289,2155,124,311,0.9719012009970541,0.8738848337388483,0.6655803848541278,0.9719012009970541,0.7900893432808326
0.3236551745451161,4289,2156,124,310,0.9719012009970541,0.8742903487429035,0.6654771140418929,0.9719012009970541,0.7900165776386074
0.3236394748956595,4289,2157,124,309,0.9719012009970541,0.8746958637469586,0.6653738752714862,0.9719012009970541,0.7899438253982871
0.32362030939451053,4289,2158,124,308,0.9719012009970541,0.8751013787510138,0.6652706685279975,0.9719012009970541,0.7898710865561693
0.3235637432314061,4289,2159,124,307,0.9719012009970541,0.875506893755069,0.6651674937965261,0.9719012009970541,0.7897983611085536
0.32349770789463245,4290,2159,123,307,0.9721278042148198,0.875506893755069,0.6652194138626144,0.9721278042148198,0.7899097772049346
0.32347342851201843,4291,2159,122,307,0.9723544074325855,0.875506893755069,0.6652713178294574,0.9723544074325855,0.7900211727883641
0.3234610913951576,4291,2160,122,306,0.9723544074325855,0.8759124087591241,0.665168190978143,0.9723544074325855,0.7899484536082474
0.32343911802032455,4292,2160,121,306,0.9725810106503512,0.8759124087591241,0.6652200867947923,0.9725810106503512,0.790059825126553
0.3234358006371389,4292,2161,121,305,0.9725810106503512,0.8763179237631792,0.6651169998450334,0.9725810106503512,0.789987115773974
0.3234214819517816,4292,2162,121,304,0.9725810106503512,0.8767234387672344,0.6650139448404091,0.9725810106503512,0.7899144198030735
0.3234188587907387,4292,2163,121,303,0.9725810106503512,0.8771289537712895,0.6649109217660728,0.9725810106503512,0.7898417372101583
0.32340798691605177,4292,2164,121,302,0.9725810106503512,0.8775344687753447,0.6648079306071871,0.9725810106503512,0.7897690679915356
0.32339599357110405,4293,2164,120,302,0.972807613868117,0.8775344687753447,0.6648598420319034,0.972807613868117,0.7898804047838086
0.3233655766559969,4293,2165,120,301,0.972807613868117,0.8779399837793999,0.6647568906782285,0.972807613868117,0.7898077453776102
0.3233235700345477,4294,2165,119,301,0.9730342170858827,0.8779399837793999,0.664808793930949,0.9730342170858827,0.7899190581309787
0.3233061774967275,4295,2165,118,301,0.9732608203036484,0.8779399837793999,0.6648606811145511,0.9732608203036484,0.7900303504092707
0.32326113381954447,4296,2165,117,301,0.973487423521414,0.8779399837793999,0.6649125522364959,0.973487423521414,0.790141622218135
0.3232370635803413,4296,2166,117,300,0.973487423521414,0.878345498783455,0.6648096564531105,0.973487423521414,0.7900689655172415
0.3231960583345656,4297,2166,116,300,0.9737140267391797,0.878345498783455,0.6648615194182268,0.9737140267391797,0.7901802133137182
0.32317298721175014,4297,2167,116,299,0.9737140267391797,0.8787510137875101,0.6647586633663366,0.9737140267391797,0.7901075664245656
0.3231409340385473,4297,2168,116,298,0.9737140267391797,0.8791565287915653,0.6646558391337973,0.9737140267391797,0.7900349328920757
0.32313512891503815,4297,2169,116,297,0.9737140267391797,0.8795620437956204,0.6645530467058459,0.9737140267391797,0.7899623127125655
0.32311611965930803,4298,2169,115,297,0.9739406299569454,0.8795620437956204,0.6646049172723055,0.9739406299569454,0.7900735294117647
0.3230409860849207,4298,2170,115,296,0.9739406299569454,0.8799675587996756,0.6645021645021645,0.9739406299569454,0.790000919033177
0.3230380481679137,4298,2171,115,295,0.9739406299569454,0.8803730738037308,0.6643994434997681,0.9739406299569454,0.7899283219996325
0.3230167161299377,4298,2172,115,294,0.9739406299569454,0.8807785888077859,0.6642967542503864,0.9739406299569454,0.7898557383074519
0.3230094693820779,4298,2173,115,293,0.9739406299569454,0.8811841038118411,0.6641940967392984,0.9739406299569454,0.7897831679529586
0.3230049338193389,4298,2174,115,292,0.9739406299569454,0.8815896188158961,0.6640914709517923,0.9739406299569454,0.7897106109324759
0.32300490133175097,4299,2174,114,292,0.9741672331747111,0.8815896188158961,0.6641433647458674,0.9741672331747111,0.7898217894543451
0.32299974976027573,4299,2175,114,291,0.9741672331747111,0.8819951338199513,0.6640407784986099,0.9741672331747111,0.7897492422154864
0.3229555001494603,4299,2176,114,290,0.9741672331747111,0.8824006488240065,0.663938223938224,0.9741672331747111,0.7896767083027186
0.32294200268444206,4299,2177,114,289,0.9741672331747111,0.8828061638280617,0.6638357010500309,0.9741672331747111,0.7896041877123703
0.32291936047077696,4299,2178,114,288,0.9741672331747111,0.8832116788321168,0.6637332098193608,0.9741672331747111,0.7895316804407714
0.3229092884875693,4299,2179,114,287,0.9741672331747111,0.883617193836172,0.6636307502315529,0.9741672331747111,0.7894591864842531
0.32290714274978377,4300,2179,113,287,0.9743938363924768,0.883617193836172,0.6636826670782529,0.9743938363924768,0.7895703268453912
0.3228773122928254,4300,2180,113,286,0.9743938363924768,0.884022708840227,0.6635802469135802,0.9743938363924768,0.7894978426512439
0.322847757836124,4301,2180,112,286,0.9746204396102425,0.884022708840227,0.6636321555315537,0.9746204396102425,0.7896089590600329
0.32278883709348705,4301,2181,112,285,0.9746204396102425,0.8844282238442822,0.6635297747608763,0.9746204396102425,0.7895364846259754
0.3227768571215295,4301,2182,112,284,0.9746204396102425,0.8848337388483374,0.6634274255745797,0.9746204396102425,0.7894640234948604
0.32269014016798586,4301,2183,112,283,0.9746204396102425,0.8852392538523925,0.6633251079580506,0.9746204396102425,0.7893915756630264
0.32264846777033546,4301,2184,112,282,0.9746204396102425,0.8856447688564477,0.6632228218966847,0.9746204396102425,0.7893191411268123
0.32263236529688377,4302,2184,111,282,0.9748470428280082,0.8856447688564477,0.6632747456059205,0.9748470428280082,0.7894302229562346
0.32259445893271516,4302,2185,111,281,0.9748470428280082,0.8860502838605029,0.6631724988438416,0.9748470428280082,0.7893577981651377
0.322556595637559,4303,2185,110,281,0.9750736460457738,0.8860502838605029,0.6632244143033292,0.9750736460457738,0.7894688560682506
0.3225301364767943,4303,2186,110,280,0.9750736460457738,0.8864557988645579,0.6631222068115272,0.9750736460457738,0.7893964410199963
0.3225096921998112,4303,2187,110,279,0.9750736460457738,0.8868613138686131,0.663020030816641,0.9750736460457738,0.7893240392552509
0.32249748168381803,4304,2187,109,279,0.9753002492635395,0.8868613138686131,0.6630719457710677,0.9753002492635395,0.789435069699193
0.3224021122620371,4305,2187,108,279,0.9755268524813052,0.8868613138686131,0.6631238447319778,0.9755268524813052,0.7895460797799175
0.3224017214617345,4306,2187,107,279,0.9757534556990709,0.8868613138686131,0.6631757277067611,0.9757534556990709,0.7896570695030259
0.3223917159999564,4307,2187,106,279,0.9759800589168366,0.8868613138686131,0.6632275947028026,0.9759800589168366,0.7897680388741175
0.322357439084259,4307,2188,106,278,0.9759800589168366,0.8872668288726683,0.663125481139338,0.9759800589168366,0.7896956362302896
0.32235337249371077,4308,2188,105,278,0.9762066621346023,0.8872668288726683,0.6631773399014779,0.9762066621346023,0.7898065817215143
0.3223411174258017,4308,2189,105,277,0.9762066621346023,0.8876723438767234,0.6630752655071571,0.9762066621346023,0.7897341888175985
0.3223106186255081,4308,2190,105,276,0.9762066621346023,0.8880778588807786,0.6629732225300092,0.9762066621346023,0.7896618091833929
0.3222830622236832,4308,2191,105,275,0.9762066621346023,0.8884833738848338,0.6628712109555316,0.9762066621346023,0.7895894428152493
0.32227272883731034,4308,2192,105,274,0.9762066621346023,0.8888888888888888,0.6627692307692308,0.9762066621346023,0.7895170897095207
0.3222562360337858,4309,2192,104,274,0.976433265352368,0.8888888888888888,0.6628211044454699,0.976433265352368,0.7896280007330034
0.32224472604313553,4309,2193,104,273,0.976433265352368,0.889294403892944,0.6627191633343587,0.976433265352368,0.7895556573522675
0.3221941558353191,4309,2194,104,272,0.976433265352368,0.8896999188969992,0.6626172535752729,0.976433265352368,0.78948332722609
0.3221836632999064,4309,2195,104,271,0.976433265352368,0.8901054339010543,0.6625153751537516,0.976433265352368,0.7894110103508291
0.32213912498294645,4310,2195,103,271,0.9766598685701336,0.8901054339010543,0.6625672559569562,0.9766598685701336,0.7895218904561274
0.32210645177128655,4310,2196,103,270,0.9766598685701336,0.8905109489051095,0.6624654165385798,0.9766598685701336,0.7894495832951736
0.3220867557486265,4310,2197,103,269,0.9766598685701336,0.8909164639091647,0.6623636084216997,0.9766598685701336,0.7893772893772893
0.3220549936572666,4311,2197,102,269,0.9768864717878993,0.8909164639091647,0.6624154886293793,0.9768864717878993,0.7894881421115282
0.3219813945533239,4311,2198,102,268,0.9768864717878993,0.8913219789132197,0.6623137194653557,0.9768864717878993,0.7894158579014833
0.3219742092760148,4311,2199,102,267,0.9768864717878993,0.8917274939172749,0.6622119815668203,0.9768864717878993,0.7893435869266685
0.3219099578455695,4311,2200,102,266,0.9768864717878993,0.8921330089213301,0.6621102749193672,0.9768864717878993,0.7892713291834492
0.32188998802852403,4311,2201,102,265,0.9768864717878993,0.8925385239253852,0.6620085995085995,0.9768864717878993,0.7891990846681922
0.3218848577633058,4311,2202,102,264,0.9768864717878993,0.8929440389294404,0.661906955320129,0.9768864717878993,0.7891268533772653
0.32187290842029587,4312,2202,101,264,0.9771130750056651,0.8929440389294404,0.6619588578446423,0.9771130750056651,0.7892376681614349
0.3218486010811028,4313,2202,100,264,0.9773396782234308,0.8929440389294404,0.6620107444359171,0.9773396782234308,0.7893484626647146
0.3217764574503355,4313,2203,100,263,0.9773396782234308,0.8933495539334956,0.6619091467157765,0.9773396782234308,0.7892762375331686
0.32176845916673324,4313,2204,100,262,0.9773396782234308,0.8937550689375506,0.6618075801749271,0.9773396782234308,0.7892040256175663
0.321750254710948,4313,2205,100,261,0.9773396782234308,0.8941605839416058,0.6617060447990181,0.9773396782234308,0.7891318269142805
0.32170858615625775,4314,2205,99,261,0.9775662814411965,0.8941605839416058,0.6617579383341003,0.9775662814411965,0.7892425905598244
0.3216084222843171,4315,2205,98,261,0.9777928846589622,0.8941605839416058,0.6618098159509203,0.9777928846589622,0.789353333943108
0.32156189147287495,4315,2206,98,260,0.9777928846589622,0.894566098945661,0.6617083269437203,0.9777928846589622,0.7892811413938174
0.32155360106684394,4315,2207,98,259,0.9777928846589622,0.8949716139497161,0.661606869058571,0.9777928846589622,0.7892089620484682
0.3214644175454412,4315,2208,98,258,0.9777928846589622,0.8953771289537713,0.6615054422811589,0.9777928846589622,0.7891367959034381
0.3214551406709843,4315,2209,98,257,0.9777928846589622,0.8957826439578265,0.6614040465971797,0.9777928846589622,0.7890646429551066
0.32145204551751,4315,2210,98,256,0.9777928846589622,0.8961881589618816,0.6613026819923372,0.9777928846589622,0.7889925031998538
0.32144951857357107,4315,2211,98,255,0.9777928846589622,0.8965936739659367,0.6612013484523445,0.9777928846589622,0.7889203766340617
0.3214439251088301,4315,2212,98,254,0.9777928846589622,0.8969991889699919,0.6611000459629233,0.9777928846589622,0.7888482632541133
0.32130568186847525,4317,2212,96,254,0.9782460910944936,0.8969991889699919,0.6612038597028641,0.9782460910944936,0.7890696399195759
0.32127434430931556,4317,2213,96,253,0.9782460910944936,0.897404703974047,0.6611026033690659,0.9782460910944936,0.7889975326692863
0.32124153072805645,4317,2214,96,252,0.9782460910944936,0.8978102189781022,0.6610013780431787,0.9782460910944936,0.7889254385964912
0.3212312605486619,4318,2214,95,252,0.9784726943122593,0.8978102189781022,0.661053276178812,0.9784726943122593,0.789036089538602
0.3212103768642966,4318,2215,95,251,0.9784726943122593,0.8982157339821574,0.660952089392316,0.9784726943122593,0.7889640051160242
0.3212030667975146,4318,2216,95,250,0.9784726943122593,0.8986212489862125,0.6608509335782063,0.9784726943122593,0.788891933863159
0.3211924822093145,4318,2217,95,249,0.9784726943122593,0.8990267639902676,0.6607498087222647,0.9784726943122593,0.7888198757763975
0.32117826117353887,4319,2217,94,249,0.9786992975300249,0.8990267639902676,0.6608017135862914,0.9786992975300249,0.7889304959357019
0.32117419621129717,4319,2218,94,248,0.9786992975300249,0.8994322789943228,0.660700627199021,0.9786992975300249,0.7888584474885846
0.32110454356694124,4319,2219,94,247,0.9786992975300249,0.8998377939983779,0.6605995717344754,0.9786992975300249,0.7887864121997991
0.321063900332896,4319,2220,94,246,0.9786992975300249,0.9002433090024331,0.6604985471784677,0.9786992975300249,0.7887143900657414
0.3210517987530266,4320,2220,93,246,0.9789259007477906,0.9002433090024331,0.6605504587155964,0.9789259007477906,0.7888249794576828
0.321002202162671,4320,2221,93,245,0.9789259007477906,0.9006488240064883,0.6604494725577129,0.9789259007477906,0.7887529669527114
0.32095452646354933,4320,2222,93,244,0.9789259007477906,0.9010543390105434,0.6603485172730051,0.9789259007477906,0.7886809675947056
0.32092995942777647,4320,2223,93,243,0.9789259007477906,0.9014598540145985,0.6602475928473177,0.9789259007477906,0.7886089813800657
0.3208782101231144,4321,2223,92,243,0.9791525039655563,0.9014598540145985,0.660299511002445,0.9791525039655563,0.7887195400200784
0.32083988515158074,4321,2224,92,242,0.9791525039655563,0.9018653690186537,0.6601986249045072,0.9791525039655563,0.7886475634239825
0.320809254671889,4322,2224,91,242,0.979379107183322,0.9018653690186537,0.6602505346776657,0.979379107183322,0.7887580983666392
0.3207621145136226,4323,2224,90,242,0.9796057104010877,0.9018653690186537,0.6603024285932488,0.9796057104010877,0.7888686131386861
0.3206788378219385,4323,2225,90,241,0.9796057104010877,0.9022708840227088,0.6602015882712279,0.9796057104010877,0.7887966426420947
0.32067005319425196,4323,2226,90,240,0.9796057104010877,0.902676399026764,0.6601007787448465,0.9796057104010877,0.7887246852764093
0.32063995941365825,4323,2227,90,239,0.9796057104010877,0.9030819140308192,0.66,0.9796057104010877,0.7886527410380371
0.32062258907571745,4323,2228,90,238,0.9796057104010877,0.9034874290348743,0.6598992520225919,0.9796057104010877,0.7885808099233856
0.32057320605063677,4323,2229,90,237,0.9796057104010877,0.9038929440389294,0.6597985347985348,0.9796057104010877,0.7885088919288645
0.32054008200881423,4324,2229,89,237,0.9798323136188534,0.9038929440389294,0.6598504501754922,0.9798323136188534,0.7886193689585993
0.32053936824330564,4325,2229,88,237,0.980058916836619,0.9038929440389294,0.6599023497101008,0.980058916836619,0.7887298258411599
0.32053648939143214,4325,2230,88,236,0.980058916836619,0.9042984590429846,0.6598016781083142,0.980058916836619,0.7886579139314368
0.32050768335761326,4326,2230,87,236,0.9802855200543847,0.9042984590429846,0.6598535692495424,0.9802855200543847,0.7887683471601787
0.3204935655141857,4326,2231,87,235,0.9802855200543847,0.9047039740470397,0.6597529357938081,0.9802855200543847,0.7886964448495898
0.3204644873951214,4326,2232,87,234,0.9802855200543847,0.9051094890510949,0.6596523330283623,0.9802855200543847,0.788624555646705
0.3204289922198309,4327,2232,86,234,0.9805121232721504,0.9051094890510949,0.6597042232047569,0.9805121232721504,0.7887349617207438
0.320408638407493,4327,2233,86,233,0.9805121232721504,0.9055150040551501,0.6596036585365853,0.9805121232721504,0.7886630821106352
0.32040024597554534,4327,2234,86,232,0.9805121232721504,0.9059205190592052,0.6595031245237006,0.9805121232721504,0.7885912156005104
0.32039784109997266,4327,2235,86,231,0.9805121232721504,0.9063260340632603,0.6594026211520878,0.9805121232721504,0.7885193621867881
0.320394393431961,4328,2235,85,231,0.9807387264899161,0.9063260340632603,0.6594545177510285,0.9807387264899161,0.7886297376093295
0.32039006928988967,4328,2236,85,230,0.9807387264899161,0.9067315490673155,0.6593540524070689,0.9807387264899161,0.7885578937778992
0.3203832990366172,4330,2236,83,230,0.9811919329254476,0.9067315490673155,0.6594578129759366,0.9811919329254476,0.7887785772839057
0.32037919286374755,4330,2237,83,229,0.9811919329254476,0.9071370640713706,0.6593573930257347,0.9811919329254476,0.7887067395264116
0.32033351627835954,4330,2238,83,228,0.9811919329254476,0.9075425790754258,0.6592570036540804,0.9811919329254476,0.7886349148529278
0.3203283699858962,4330,2239,83,227,0.9811919329254476,0.907948094079481,0.6591566448470086,0.9811919329254476,0.7885631032598798
0.3203070624098531,4330,2240,83,226,0.9811919329254476,0.9083536090835361,0.6590563165905632,0.9811919329254476,0.7884913047436949
0.32029281346975547,4330,2241,83,225,0.9811919329254476,0.9087591240875912,0.6589560188707959,0.9811919329254476,0.7884195193008012
0.32017675086482905,4330,2242,83,224,0.9811919329254476,0.9091646390916464,0.6588557516737675,0.9811919329254476,0.7883477469276287
0.32015281757026115,4331,2242,82,224,0.9814185361432133,0.9091646390916464,0.6589076525178762,0.9814185361432133,0.7884580375022757
0.3200651472706932,4332,2242,81,224,0.981645139360979,0.9091646390916464,0.6589595375722543,0.981645139360979,0.7885683080003641
0.3200388430286804,4333,2242,80,224,0.9818717425787447,0.9091646390916464,0.6590114068441064,0.9818717425787447,0.7886785584273753
0.3199966228523438,4333,2243,80,223,0.9818717425787447,0.9095701540957015,0.6589111922141119,0.9818717425787447,0.7886067886067885
0.3199964820025071,4333,2244,80,222,0.9818717425787447,0.9099756690997567,0.6588110080583853,0.9818717425787447,0.7885350318471338
0.31994273955954267,4333,2245,80,221,0.9818717425787447,0.9103811841038119,0.6587108543630282,0.9818717425787447,0.7884632881448458
0.31988152498470496,4334,2245,79,221,0.9820983457965103,0.9103811841038119,0.6587627298981608,0.9820983457965103,0.7885735080058224
0.3198371460346497,4335,2245,78,221,0.982324949014276,0.9103811841038119,0.6588145896656535,0.982324949014276,0.7886837078140636
0.31983604398331095,4335,2246,78,220,0.982324949014276,0.910786699107867,0.6587144810819024,0.982324949014276,0.788611970165545
0.31980205160401465,4336,2246,77,220,0.9825515522320417,0.910786699107867,0.6587663324217563,0.9825515522320417,0.7887221464301956
0.31980169669472513,4336,2247,77,219,0.9825515522320417,0.9111922141119222,0.658666261582865,0.9825515522320417,0.7886504183339397
0.3197288609290947,4337,2247,76,219,0.9827781554498074,0.9111922141119222,0.6587181044957473,0.9827781554498074,0.7887605710648359
0.31971369806444094,4337,2248,76,218,0.9827781554498074,0.9115977291159773,0.6586180713743356,0.9827781554498074,0.7886888525186397
0.31959031052736847,4337,2249,76,217,0.9827781554498074,0.9120032441200324,0.6585180686304282,0.9827781554498074,0.7886171470133649
0.31956863103841593,4337,2250,76,216,0.9827781554498074,0.9124087591240876,0.6584180962501898,0.9827781554498074,0.7885454545454545
0.31953510308980776,4337,2251,76,215,0.9827781554498074,0.9128142741281428,0.6583181542197936,0.9827781554498074,0.7884737751113535
0.3194384757302994,4338,2251,75,215,0.9830047586675731,0.9128142741281428,0.6583700106237669,0.9830047586675731,0.7885838938374841
0.31938379312161774,4338,2252,75,214,0.9830047586675731,0.9132197891321979,0.6582701062215478,0.9830047586675731,0.7885122239389258
0.31937650992142375,4339,2252,74,214,0.9832313618853388,0.9132197891321979,0.6583219541799423,0.9832313618853388,0.7886223191566702
0.3193378647791636,4340,2252,73,214,0.9834579651031045,0.9132197891321979,0.658373786407767,0.9834579651031045,0.7887323943661971
0.3193200641935327,4341,2252,72,214,0.9836845683208701,0.9132197891321979,0.6584256029121796,0.9836845683208701,0.7888424495729602
0.31925970851552643,4341,2253,72,213,0.9836845683208701,0.9136253041362531,0.6583257506824386,0.9836845683208701,0.7887707822294904
0.3191375519517622,4342,2253,71,213,0.9839111715386358,0.9136253041362531,0.6583775587566338,0.9839111715386358,0.7888808139534883
0.3191324876789204,4343,2253,70,213,0.9841377747564015,0.9136253041362531,0.658429351121892,0.9841377747564015,0.7889908256880733
0.3190940882074639,4343,2254,70,212,0.9841377747564015,0.9140308191403081,0.6583295437319994,0.9841377747564015,0.7889191643960036
0.31907183074381024,4344,2254,69,212,0.9843643779741672,0.9140308191403081,0.6583813276750531,0.9843643779741672,0.7890291526655163
0.3190669566707341,4344,2255,69,211,0.9843643779741672,0.9144363341443633,0.6582815578117897,0.9843643779741672,0.7889575009081001
0.31901437484766226,4346,2255,67,211,0.9848175844096986,0.9144363341443633,0.6583850931677019,0.9848175844096986,0.7891774105683675
0.3189936159000615,4346,2256,67,210,0.9848175844096986,0.9148418491484185,0.6582853680702817,0.9848175844096986,0.7891057648660916
0.3189355334172816,4346,2257,67,209,0.9848175844096986,0.9152473641524737,0.6581856731788581,0.9848175844096986,0.7890341321713871
0.31892341678730873,4346,2258,67,208,0.9848175844096986,0.9156528791565288,0.6580860084797092,0.9848175844096986,0.7889625124807116
0.31892202312811196,4346,2259,67,207,0.9848175844096986,0.916058394160584,0.6579863739591219,0.9848175844096986,0.7888909057905246
0.31889825957044476,4346,2260,67,206,0.9848175844096986,0.916463909164639,0.6578867696033909,0.9848175844096986,0.7888193120972865
0.3188766123396336,4346,2261,67,205,0.9848175844096986,0.9168694241686942,0.6577871953988195,0.9848175844096986,0.7887477313974591
0.3188654764029889,4347,2261,66,205,0.9850441876274643,0.9168694241686942,0.6578389830508474,0.9850441876274643,0.7888576354232827
0.31884540161431546,4347,2262,66,204,0.9850441876274643,0.9172749391727494,0.657739446209714,0.9850441876274643,0.788786064235166
0.3188319949702468,4347,2263,66,203,0.9850441876274643,0.9176804541768045,0.6576399394856278,0.9850441876274643,0.7887145060328404
0.31881484717418884,4347,2264,66,202,0.9850441876274643,0.9180859691808597,0.6575404628649221,0.9850441876274643,0.788642960812772
0.31878976781325513,4348,2264,65,202,0.98527079084523,0.9180859691808597,0.6575922565033273,0.98527079084523,0.7887528344671202
0.31878664282605196,4348,2265,65,201,0.98527079084523,0.9184914841849149,0.6574928171782852,0.98527079084523,0.788681298748413
0.31875960592686714,4349,2265,64,201,0.9854973940629957,0.9184914841849149,0.6575446023586332,0.9854973940629957,0.7887911489979141
0.31870070533316297,4349,2266,64,200,0.9854973940629957,0.9188969991889699,0.6574452003023432,0.9854973940629957,0.7887196227783824
0.3186255000233803,4349,2267,64,199,0.9854973940629957,0.9193025141930251,0.6573458282950423,0.9854973940629957,0.7886481095294224
0.31861169273318135,4349,2268,64,198,0.9854973940629957,0.9197080291970803,0.6572464863231071,0.9854973940629957,0.7885766092475068
0.3185815024332439,4349,2269,64,197,0.9854973940629957,0.9201135442011354,0.6571471743729224,0.9854973940629957,0.7885051219291088
0.3184950242391361,4350,2269,63,197,0.9857239972807614,0.9201135442011354,0.6571989726544796,0.9857239972807614,0.7886149383611314
0.31848055409797327,4351,2269,62,197,0.9859506004985271,0.9201135442011354,0.657250755287009,0.9859506004985271,0.7887247348862504
0.3184072879271585,4351,2270,62,196,0.9859506004985271,0.9205190592051906,0.6571514876906812,0.9859506004985271,0.7886532535798442
0.31829941952140006,4352,2270,61,196,0.9861772037162928,0.9205190592051906,0.6572032618544247,0.9861772037162928,0.7887630267331218
0.31827655763950413,4353,2270,60,196,0.9864038069340585,0.9205190592051906,0.657255020383512,0.9864038069340585,0.788872779992751
0.31822441363722453,4353,2271,60,195,0.9864038069340585,0.9209245742092458,0.6571557971014492,0.9864038069340585,0.7888013047023648
0.3182130256377551,4353,2272,60,194,0.9864038069340585,0.9213300892133008,0.6570566037735849,0.9864038069340585,0.7887298423627468
0.3181953574848774,4353,2273,60,193,0.9864038069340585,0.921735604217356,0.6569574403863567,0.9864038069340585,0.7886583929703778
0.31819506087031574,4354,2273,59,193,0.9866304101518242,0.921735604217356,0.6570092047683718,0.9866304101518242,0.788768115942029
0.3181749131202328,4354,2274,59,192,0.9866304101518242,0.9221411192214112,0.6569100784550392,0.9866304101518242,0.7886966760257224
0.3181496164455848,4354,2275,59,191,0.9866304101518242,0.9225466342254663,0.6568109820485745,0.9866304101518242,0.7886252490490854
0.31811729969383346,4354,2276,59,190,0.9866304101518242,0.9229521492295215,0.656711915535445,0.9866304101518242,0.7885538350086027
0.3181035233495135,4354,2277,59,189,0.9866304101518242,0.9233576642335767,0.6566128789021264,0.9866304101518242,0.7884824339007606
0.31803881915930404,4354,2278,59,188,0.9866304101518242,0.9237631792376317,0.6565138721351025,0.9866304101518242,0.7884110457220461
0.3180380742375742,4355,2278,58,188,0.9868570133695899,0.9237631792376317,0.6565656565656566,0.9868570133695899,0.7885207314865109
0.3179488284074747,4355,2279,58,187,0.9868570133695899,0.9241686942416869,0.6564666867651492,0.9868570133695899,0.7884493527654566
0.3178996377656453,4356,2279,57,187,0.9870836165873556,0.9241686942416869,0.6565184626978147,0.9870836165873556,0.7885590152063722
0.3178835560166741,4357,2279,56,187,0.9873102198051212,0.9241686942416869,0.6565702230259193,0.9873102198051212,0.7886686577970857
0.3178740826647831,4358,2279,55,187,0.9875368230228869,0.9241686942416869,0.6566219677565165,0.9875368230228869,0.7887782805429864
0.3178370845859405,4359,2279,54,187,0.9877634262406526,0.9241686942416869,0.6566736968966557,0.9877634262406526,0.7888878834494616
0.3178362592883083,4359,2280,54,186,0.9877634262406526,0.9245742092457421,0.6565747853592409,0.9877634262406526,0.7888165038002172
0.31777297563239887,4359,2281,54,185,0.9877634262406526,0.9249797242497972,0.6564759036144578,0.9877634262406526,0.7887451370668597
0.3177642312589951,4359,2282,54,184,0.9877634262406526,0.9253852392538524,0.6563770516488481,0.9877634262406526,0.788673783245884
0.3176448355465519,4359,2283,54,183,0.9877634262406526,0.9257907542579076,0.6562782294489612,0.9877634262406526,0.7886024423337856
0.3176266600625011,4359,2284,54,182,0.9877634262406526,0.9261962692619627,0.6561794370013548,0.9877634262406526,0.7885311143270622
0.31753466785402645,4359,2285,54,181,0.9877634262406526,0.9266017842660178,0.6560806742925949,0.9877634262406526,0.7884597992222122
0.31744616507886453,4360,2285,53,181,0.9879900294584183,0.9266017842660178,0.6561324303987961,0.9879900294584183,0.7885693615482005
0.3174455275766284,4360,2286,53,180,0.9879900294584183,0.927007299270073,0.6560337044839001,0.9879900294584183,0.7884980558820871
0.31741540063468615,4361,2286,52,180,0.988216632676184,0.927007299270073,0.6560854520836468,0.988216632676184,0.7886075949367088
0.317369964992738,4361,2287,52,179,0.988216632676184,0.9274128142741281,0.6559867629362214,0.988216632676184,0.7885362987071692
0.317366146447797,4361,2288,52,178,0.988216632676184,0.9278183292781833,0.6558881034742067,0.988216632676184,0.7884650153679262
0.3173602224032365,4361,2289,52,177,0.988216632676184,0.9282238442822385,0.6557894736842105,0.988216632676184,0.7883937449154841
0.3172987973143562,4361,2290,52,176,0.988216632676184,0.9286293592862936,0.6556908735528492,0.988216632676184,0.7883224873463485
0.31723494982790307,4362,2290,51,176,0.9884432358939497,0.9286293592862936,0.6557426337943476,0.9884432358939497,0.7884319927699955
0.31722621753696406,4362,2291,51,175,0.9884432358939497,0.9290348742903487,0.6556440703442056,0.9884432358939497,0.7883607446231701
0.317224785445275,4362,2292,51,174,0.9884432358939497,0.9294403892944039,0.6555455365193869,0.9884432358939497,0.7882895093521279
0.31719791701764727,4362,2293,51,173,0.9884432358939497,0.929845904298459,0.6554470323065364,0.9884432358939497,0.788218286953379
0.31717670821117205,4362,2294,51,172,0.9884432358939497,0.9302514193025142,0.6553485576923077,0.9884432358939497,0.7881470774234348
0.3171535633975163,4362,2295,51,171,0.9884432358939497,0.9306569343065694,0.6552501126633619,0.9884432358939497,0.7880758807588075
0.3171470683052207,4362,2296,51,170,0.9884432358939497,0.9310624493106245,0.6551516972063682,0.9884432358939497,0.7880046969560112
0.3171232106588772,4362,2297,51,169,0.9884432358939497,0.9314679643146796,0.6550533113080043,0.9884432358939497,0.7879335260115607
0.3170745795383057,4362,2298,51,168,0.9884432358939497,0.9318734793187348,0.6549549549549549,0.9884432358939497,0.7878623679219723
0.3169367918269063,4363,2298,50,168,0.9886698391117154,0.9318734793187348,0.655006755742381,0.9886698391117154,0.7879718258985009
0.31691786439869796,4363,2299,50,167,0.9886698391117154,0.9322789943227899,0.6549084359051336,0.9886698391117154,0.787900677200903
0.3168419200300279,4363,2300,50,166,0.9886698391117154,0.9326845093268451,0.654810145580069,0.9886698391117154,0.7878295413506682
0.31680862666793,4364,2300,49,166,0.988896442329481,0.9326845093268451,0.6548619447779112,0.988896442329481,0.7879389726460233
0.31670659431345816,4364,2301,49,165,0.988896442329481,0.9330900243309003,0.6547636909227307,0.988896442329481,0.7878678461816213
0.31667967416238935,4364,2302,49,164,0.988896442329481,0.9334955393349554,0.6546654665466547,0.988896442329481,0.78779673255709
0.31665475595831455,4365,2302,48,164,0.9891230455472467,0.9334955393349554,0.6547172641367932,0.9891230455472467,0.7879061371841156
0.31664923041845044,4365,2303,48,163,0.9891230455472467,0.9339010543390105,0.654619076184763,0.9891230455472467,0.7878350329392653
0.3166039618435048,4365,2304,48,162,0.9891230455472467,0.9343065693430657,0.6545209176788124,0.9891230455472467,0.7877639415268001
0.3165824847685574,4365,2305,48,161,0.9891230455472467,0.9347120843471208,0.6544227886056971,0.9891230455472467,0.7876928629432464
0.316571629572999,4366,2305,47,161,0.9893496487650124,0.9347120843471208,0.6544745915155149,0.9893496487650124,0.7878022374594008
0.3165095405135635,4366,2306,47,160,0.9893496487650124,0.935117599351176,0.6543764988009593,0.9893496487650124,0.7877311682453767
0.3164925071207903,4367,2306,46,160,0.9895762519827782,0.935117599351176,0.6544282931215345,0.9895762519827782,0.7878405195742378
0.316431616417891,4367,2307,46,159,0.9895762519827782,0.9355231143552312,0.6543302367395865,0.9895762519827782,0.7877694597276089
0.3164044858529366,4367,2308,46,158,0.9895762519827782,0.9359286293592863,0.6542322097378277,0.9895762519827782,0.7876984126984127
0.31638395458577623,4367,2309,46,157,0.9895762519827782,0.9363341443633414,0.6541342121030557,0.9895762519827782,0.7876273784831815
0.31636020078557253,4367,2310,46,156,0.9895762519827782,0.9367396593673966,0.6540362438220758,0.9895762519827782,0.7875563570784491
0.3163572290678207,4367,2311,46,155,0.9895762519827782,0.9371451743714517,0.6539383048817011,0.9895762519827782,0.7874853484807501
0.31633187921572786,4367,2312,46,154,0.9895762519827782,0.9375506893755069,0.6538403952687528,0.9895762519827782,0.7874143526866211
0.3161940565599186,4367,2313,46,153,0.9895762519827782,0.9379562043795621,0.6537425149700599,0.9895762519827782,0.787343369692599
0.3161293666031608,4368,2313,45,153,0.9898028552005439,0.9379562043795621,0.6537943421643466,0.9898028552005439,0.7874526771227691
0.3161242302336613,4368,2314,45,152,0.9898028552005439,0.9383617193836172,0.6536964980544747,0.9898028552005439,0.7873817034700316
0.3161103213464849,4368,2315,45,151,0.9898028552005439,0.9387672343876723,0.653598683226096,0.9898028552005439,0.7873107426099494
0.3160770261155534,4369,2315,44,151,0.9900294584183096,0.9387672343876723,0.6536505086774387,0.9900294584183096,0.7874200234297559
0.3160471691390354,4370,2315,43,151,0.9902560616360753,0.9387672343876723,0.6537023186237846,0.9902560616360753,0.7875292845557759
0.31599840449241573,4371,2315,42,151,0.990482664853841,0.9387672343876723,0.653754113072091,0.990482664853841,0.7876385259933327
0.3159243599442592,4371,2316,42,150,0.990482664853841,0.9391727493917275,0.6536563481381785,0.990482664853841,0.7875675675675675
0.3159190912497826,4371,2317,42,149,0.990482664853841,0.9395782643957826,0.6535586124401914,0.990482664853841,0.7874966219259527
0.31591137824226695,4371,2318,42,148,0.990482664853841,0.9399837793998378,0.6534609059650172,0.990482664853841,0.7874256890650333
0.31588570462909094,4372,2318,41,148,0.9907092680716066,0.9399837793998378,0.6535127055306428,0.9907092680716066,0.7875349004773485
0.315808731645194,4372,2319,41,147,0.9907092680716066,0.940389294403893,0.6534150351218054,0.9907092680716066,0.787463976945245
0.3157645718858274,4372,2320,41,146,0.9907092680716066,0.9407948094079481,0.653317393903168,0.9907092680716066,0.7873930661864025
0.3157426781982935,4372,2321,41,145,0.9907092680716066,0.9412003244120033,0.6532197818616465,0.9907092680716066,0.7873221681973709
0.3156655031592194,4372,2322,41,144,0.9907092680716066,0.9416058394160584,0.6531221989841649,0.9907092680716066,0.7872512829747007
0.31555163857803575,4373,2322,40,144,0.9909358712893723,0.9416058394160584,0.6531740104555639,0.9909358712893723,0.7873604609290602
0.31553661274268857,4373,2323,40,143,0.9909358712893723,0.9420113544201135,0.6530764635603346,0.9909358712893723,0.7872895850211541
0.3155243023216395,4373,2324,40,142,0.9909358712893723,0.9424168694241687,0.6529789457966254,0.9909358712893723,0.7872187218721873
0.3154688916550659,4373,2325,40,141,0.9909358712893723,0.9428223844282239,0.6528814571513885,0.9909358712893723,0.7871478714787148
0.31544854693878144,4373,2326,40,140,0.9909358712893723,0.943227899432279,0.6527839976115838,0.9909358712893723,0.787077033837293
0.3154421394462983,4374,2326,39,140,0.991162474507138,0.943227899432279,0.6528358208955224,0.991162474507138,0.7871861783496805
0.3153957250244206,4374,2327,39,139,0.991162474507138,0.9436334144363342,0.6527383972541412,0.991162474507138,0.7871153500089978
0.3153310064885153,4374,2328,39,138,0.991162474507138,0.9440389294403893,0.6526410026857654,0.991162474507138,0.7870445344129553
0.3152963444770444,4375,2328,38,138,0.9913890777249037,0.9440389294403893,0.6526928241086081,0.9913890777249037,0.7871536523929471
0.31526459495407605,4375,2329,38,137,0.9913890777249037,0.9444444444444444,0.6525954653937948,0.9913890777249037,0.7870828460915713
0.3151722377990258,4375,2330,38,136,0.9913890777249037,0.9448499594484996,0.6524981357196122,0.9913890777249037,0.787012052527433
0.31515195530197804,4376,2330,37,136,0.9916156809426694,0.9448499594484996,0.6525499552639428,0.9916156809426694,0.7871211439877687
0.31513568358753996,4376,2331,37,135,0.9916156809426694,0.9452554744525548,0.6524526613985389,0.9916156809426694,0.7870503597122303
0.3151191517988342,4376,2332,37,134,0.9916156809426694,0.9456609894566099,0.652355396541443,0.9916156809426694,0.7869795881665317
0.3150328352843461,4376,2333,37,133,0.9916156809426694,0.9460665044606651,0.652258160679684,0.9916156809426694,0.7869088293472398
0.31498576430670555,4376,2334,37,132,0.9916156809426694,0.9464720194647201,0.652160953800298,0.9916156809426694,0.7868380832509215
0.31494548871880723,4376,2335,37,131,0.9916156809426694,0.9468775344687753,0.6520637758903293,0.9916156809426694,0.786767349874146
0.31493262988485643,4376,2336,37,130,0.9916156809426694,0.9472830494728305,0.6519666269368296,0.9916156809426694,0.7866966292134832
0.31491868610908047,4376,2337,37,129,0.9916156809426694,0.9476885644768857,0.6518695069268583,0.9916156809426694,0.7866259212655042
0.3148626842736953,4376,2338,37,128,0.9916156809426694,0.9480940794809408,0.6517724158474829,0.9916156809426694,0.7865552260267819
0.31482452637029457,4376,2339,37,127,0.9916156809426694,0.948499594484996,0.6516753536857781,0.9916156809426694,0.7864845434938893
0.31473881479872506,4376,2340,37,126,0.9916156809426694,0.948905109489051,0.6515783204288267,0.9916156809426694,0.7864138736634019
0.314670277885504,4376,2341,37,125,0.9916156809426694,0.9493106244931062,0.651481316063719,0.9916156809426694,0.7863432165318958
0.3146424580490415,4376,2342,37,124,0.9916156809426694,0.9497161394971614,0.6513843405775528,0.9916156809426694,0.7862725720959483
0.31460957956402413,4376,2343,37,123,0.9916156809426694,0.9501216545012166,0.6512873939574342,0.9916156809426694,0.786201940352138
0.3145291127797008,4376,2344,37,122,0.9916156809426694,0.9505271695052717,0.6511904761904762,0.9916156809426694,0.7861313212970448
0.3145038984333274,4376,2345,37,121,0.9916156809426694,0.9509326845093269,0.6510935872638001,0.9916156809426694,0.7860607149272499
0.31447735296453805,4377,2345,36,121,0.9918422841604351,0.9509326845093269,0.6511454924129724,0.9918422841604351,0.7861697350696003
0.3144366381670319,4378,2345,35,121,0.9920688873782008,0.9509326845093269,0.6511973821210769,0.9920688873782008,0.7862787356321839
0.31438374326950785,4378,2346,35,120,0.9920688873782008,0.9513381995133819,0.6511005353955979,0.9920688873782008,0.7862081350453444
0.31435050150602956,4378,2347,35,119,0.9920688873782008,0.9517437145174371,0.6510037174721189,0.9920688873782008,0.7861375471359311
0.31433507816137946,4378,2348,35,118,0.9920688873782008,0.9521492295214923,0.6509069283377936,0.9920688873782008,0.7860669719005297
0.3142865359875414,4378,2349,35,117,0.9920688873782008,0.9525547445255474,0.650810167979783,0.9920688873782008,0.785996409335727
0.31417724847521145,4378,2350,35,116,0.9920688873782008,0.9529602595296026,0.6507134363852557,0.9920688873782008,0.7859258594381114
0.3139991098612206,4378,2351,35,115,0.9920688873782008,0.9533657745336578,0.650616733541388,0.9920688873782008,0.7858553222042721
0.31391498884934493,4378,2352,35,114,0.9920688873782008,0.9537712895377128,0.6505200594353641,0.9920688873782008,0.7857847976307996
0.31388620041920545,4379,2352,34,114,0.9922954905959664,0.9537712895377128,0.6505719803892438,0.9922954905959664,0.7858937544867193
0.31383998132614754,4380,2352,33,114,0.9925220938137321,0.9537712895377128,0.6506238859180036,0.9925220938137321,0.7860026917900403
0.3138110653491836,4380,2353,33,113,0.9925220938137321,0.954176804541768,0.6505272538244468,0.9925220938137321,0.7859321729768527
0.3137819643975068,4380,2354,33,112,0.9925220938137321,0.9545823195458232,0.6504306504306504,0.9925220938137321,0.7858616668161837
0.31373895780011013,4380,2355,33,111,0.9925220938137321,0.9549878345498783,0.6503340757238307,0.9925220938137321,0.7857911733046287
0.3137154918322925,4380,2356,33,110,0.9925220938137321,0.9553933495539335,0.6502375296912114,0.9925220938137321,0.7857206924387837
0.3136653197068747,4381,2356,32,110,0.9927486970314978,0.9553933495539335,0.6502894463411014,0.9927486970314978,0.7858295964125561
0.31359988001529976,4381,2357,32,109,0.9927486970314978,0.9557988645579887,0.6501929355891956,0.9927486970314978,0.7857591247421756
0.31358218571400187,4382,2357,31,109,0.9929753002492635,0.9557988645579887,0.6502448434485829,0.9929753002492635,0.7858680057388809
0.31355902317989753,4383,2357,30,109,0.9932019034670292,0.9557988645579887,0.6502967359050446,0.9932019034670292,0.7859768672106161
0.31351352234730895,4383,2358,30,108,0.9932019034670292,0.9562043795620438,0.650200267022697,0.9932019034670292,0.7859064012910166
0.3134797164094532,4383,2359,30,107,0.9932019034670292,0.9566098945660989,0.6501038267576387,0.9932019034670292,0.7858359480053787
0.3133998731951414,4383,2360,30,106,0.9932019034670292,0.9570154095701541,0.6500074150971378,0.9932019034670292,0.7857655073503048
0.31335279934827537,4384,2360,29,106,0.9934285066847949,0.9570154095701541,0.6500593119810202,0.9934285066847949,0.7858743389800126
0.3133232654675923,4384,2361,29,105,0.9934285066847949,0.9574209245742092,0.6499629355077835,0.9934285066847949,0.7858039075103065
0.31317996330522174,4385,2361,28,105,0.9936551099025606,0.9574209245742092,0.6500148235991698,0.9936551099025606,0.7859127161932072
0.31314637488174196,4385,2362,28,104,0.9936551099025606,0.9578264395782644,0.6499184822884245,0.9936551099025606,0.78584229390681
0.3131234031999219,4385,2363,28,103,0.9936551099025606,0.9582319545823196,0.6498221695317131,0.9936551099025606,0.7857718842397634
0.3131092271868147,4385,2364,28,102,0.9936551099025606,0.9586374695863747,0.6497258853163431,0.9936551099025606,0.7857014871886758
0.3130381978576063,4385,2365,28,101,0.9936551099025606,0.9590429845904298,0.6496296296296297,0.9936551099025606,0.7856311027501568
0.31299605549756077,4386,2365,27,101,0.9938817131203264,0.9590429845904298,0.6496815286624203,0.9938817131203264,0.7857398781798639
0.3129694781468495,4386,2366,27,100,0.9938817131203264,0.959448499594485,0.6495853080568721,0.9938817131203264,0.7856695029108822
0.31296493111293633,4387,2366,26,100,0.994108316338092,0.959448499594485,0.649637198282245,0.994108316338092,0.785778255418234
0.3127580803421182,4387,2367,26,99,0.994108316338092,0.9598540145985401,0.6495410127331951,0.994108316338092,0.7857078893167369
0.3127478026724065,4388,2367,25,99,0.9943349195558577,0.9598540145985401,0.6495928941524797,0.9943349195558577,0.7858166189111749
0.31273827244966884,4388,2368,25,98,0.9943349195558577,0.9602595296025953,0.6494967436352872,0.9943349195558577,0.7857462619751098
0.3127276123274163,4388,2369,25,97,0.9943349195558577,0.9606650446066505,0.6494006215776232,0.9943349195558577,0.7856759176365264
0.3126739689619441,4389,2369,24,97,0.9945615227736234,0.9606650446066505,0.6494525007398638,0.9945615227736234,0.7857846208933846
0.3126524013183128,4389,2370,24,96,0.9945615227736234,0.9610705596107056,0.6493564136706613,0.9945615227736234,0.7857142857142856
0.3124520715066924,4389,2371,24,95,0.9945615227736234,0.9614760746147607,0.6492603550295858,0.9945615227736234,0.7856439631253915
0.31244207780617345,4389,2372,24,94,0.9945615227736234,0.9618815896188159,0.6491643248040231,0.9945615227736234,0.785573653123322
0.31234543131488646,4389,2373,24,93,0.9945615227736234,0.962287104622871,0.6490683229813664,0.9945615227736234,0.785503355704698
0.31231466576316225,4390,2373,23,93,0.9947881259913891,0.962287104622871,0.6491202129232589,0.9947881259913891,0.7856120257695061
0.312279136425328,4390,2374,23,92,0.9947881259913891,0.9626926196269262,0.6490242460082791,0.9947881259913891,0.7855417374966449
0.31225515714464264,4390,2375,23,91,0.9947881259913891,0.9630981346309814,0.6489283074648928,0.9947881259913891,0.7854714617999643
0.3122428109832228,4390,2376,23,90,0.9947881259913891,0.9635036496350365,0.6488323972805202,0.9947881259913891,0.7854011986760892
0.3122418829859747,4390,2377,23,89,0.9947881259913891,0.9639091646390916,0.648736515442589,0.9947881259913891,0.7853309481216458
0.3121784932734035,4390,2378,23,88,0.9947881259913891,0.9643146796431468,0.6486406619385343,0.9947881259913891,0.7852607101332617
0.3121608476374748,4392,2378,21,88,0.9952413324269205,0.9643146796431468,0.6487444608567208,0.9952413324269205,0.7854779576142358
0.31212320926589554,4393,2378,20,88,0.9954679356446862,0.9643146796431468,0.6487963373209275,0.9954679356446862,0.7855865522174534
0.31209434995458646,4393,2379,20,87,0.9954679356446862,0.9647201946472019,0.6487005316007088,0.9954679356446862,0.7855163164953064
0.3120593525693359,4393,2380,20,86,0.9954679356446862,0.9651257096512571,0.648604754170973,0.9954679356446862,0.7854460933309494
0.31197184274570444,4394,2380,19,86,0.9956945388624519,0.9651257096512571,0.6486566282846177,0.9956945388624519,0.7855546616608564
0.31194159781947334,4394,2381,19,85,0.9956945388624519,0.9655312246553123,0.648560885608856,0.9956945388624519,0.7854844476224526
0.31193969926900256,4394,2382,19,84,0.9956945388624519,0.9659367396593674,0.648465171192444,0.9956945388624519,0.7854142461345964
0.3119063506890573,4394,2383,19,83,0.9956945388624519,0.9663422546634225,0.6483694850228715,0.9956945388624519,0.7853440571939232
0.31182824516789115,4394,2384,19,82,0.9956945388624519,0.9667477696674777,0.6482738270876365,0.9956945388624519,0.7852738807970691
0.3116546331377387,4394,2385,19,81,0.9956945388624519,0.9671532846715328,0.648178197374244,0.9956945388624519,0.7852037169406719
0.3116188050940986,4394,2386,19,80,0.9956945388624519,0.967558799675588,0.6480825958702064,0.9956945388624519,0.7851335656213704
0.3115048955812375,4394,2387,19,79,0.9956945388624519,0.9679643146796432,0.6479870225630437,0.9956945388624519,0.7850634268358048
0.3114697806228558,4394,2388,19,78,0.9956945388624519,0.9683698296836983,0.6478914774402831,0.9956945388624519,0.7849933005806163
0.31140747499166194,4394,2389,19,77,0.9956945388624519,0.9687753446877534,0.647795960489459,0.9956945388624519,0.7849231868524473
0.3113735591191751,4394,2390,19,76,0.9956945388624519,0.9691808596918086,0.6477004716981132,0.9956945388624519,0.7848530856479414
0.3113437152140164,4394,2391,19,75,0.9956945388624519,0.9695863746958637,0.6476050110537951,0.9956945388624519,0.7847829969637434
0.31131232226653144,4394,2392,19,74,0.9956945388624519,0.9699918896999189,0.6475095785440613,0.9956945388624519,0.7847129207964997
0.31130942262494143,4394,2393,19,73,0.9956945388624519,0.9703974047039741,0.6474141741564756,0.9956945388624519,0.7846428571428571
0.311255596714743,4395,2393,18,73,0.9959211420802175,0.9703974047039741,0.6474661166764879,0.9959211420802175,0.7847513614855816
0.3112267334648038,4395,2394,18,72,0.9959211420802175,0.9708029197080292,0.6473707467962881,0.9959211420802175,0.7846813069094805
0.3111915547342693,4395,2395,18,71,0.9959211420802175,0.9712084347120844,0.6472754050073638,0.9959211420802175,0.7846112648397751
0.3111782107970235,4395,2396,18,70,0.9959211420802175,0.9716139497161395,0.6471800912973052,0.9959211420802175,0.7845412352731167
0.3111359030267317,4395,2397,18,69,0.9959211420802175,0.9720194647201946,0.6470848056537103,0.9959211420802175,0.784471218206158
0.31113471985358654,4395,2398,18,68,0.9959211420802175,0.9724249797242498,0.6469895480641837,0.9959211420802175,0.7844012136355524
0.3110793699233931,4395,2399,18,67,0.9959211420802175,0.972830494728305,0.6468943185163379,0.9959211420802175,0.7843312215579549
0.31104955807676027,4397,2399,16,67,0.9963743485157489,0.972830494728305,0.6469982342554443,0.9963743485157489,0.7845481309661877
0.311026917395316,4398,2399,15,67,0.9966009517335146,0.972830494728305,0.6470501691922907,0.9966009517335146,0.784656556645852
0.3109406792254815,4398,2400,15,66,0.9966009517335146,0.9732360097323601,0.646954986760812,0.9966009517335146,0.7845865667647846
0.31091799357299593,4398,2401,15,65,0.9966009517335146,0.9736415247364153,0.6468598323282836,0.9966009517335146,0.7845165893685336
0.31088895593714583,4398,2402,15,64,0.9966009517335146,0.9740470397404704,0.6467647058823529,0.9966009517335146,0.784446624453759
0.3107300623342137,4398,2403,15,63,0.9966009517335146,0.9744525547445255,0.6466696074106749,0.9966009517335146,0.7843766720171215
0.31066265248084574,4398,2404,15,62,0.9966009517335146,0.9748580697485807,0.6465745369009115,0.9966009517335146,0.7843067320552831
0.3106376997824071,4398,2405,15,61,0.9966009517335146,0.9752635847526359,0.646479494340732,0.9966009517335146,0.7842368045649072
0.3105826633870582,4398,2406,15,60,0.9966009517335146,0.975669099756691,0.6463844797178131,0.9966009517335146,0.7841668895426586
0.3105258503369725,4399,2406,14,60,0.9968275549512803,0.975669099756691,0.6464364437913299,0.9968275549512803,0.7842752718844714
0.3105066468652004,4400,2406,13,60,0.997054158169046,0.975669099756691,0.6464883925947693,0.997054158169046,0.7843836349050717
0.3104737109524846,4400,2407,13,59,0.997054158169046,0.9760746147607462,0.6463934185397385,0.997054158169046,0.7843137254901962
0.3104625687426379,4400,2408,13,58,0.997054158169046,0.9764801297648013,0.6462984723854289,0.997054158169046,0.7842438285357811
0.3104535074509443,4400,2409,13,57,0.997054158169046,0.9768856447688564,0.6462035541195477,0.997054158169046,0.7841739440384958
0.310360683689181,4400,2410,13,56,0.997054158169046,0.9772911597729116,0.6461086637298091,0.997054158169046,0.7841040719950104
0.31030731810979484,4401,2410,12,56,0.9972807613868117,0.9772911597729116,0.6461606225223903,0.9972807613868117,0.7842124019957235
0.3102285355747379,4401,2411,12,55,0.9972807613868117,0.9776966747769668,0.646065766294774,0.9972807613868117,0.784142538975501
0.31017747412832475,4403,2411,10,55,0.997733967822343,0.9776966747769668,0.6461696507191077,0.997733967822343,0.7843591342299813
0.310162855143461,4403,2412,10,54,0.997733967822343,0.9781021897810219,0.646074834922964,0.997733967822343,0.78428927680798
0.3098385466027418,4403,2413,10,53,0.997733967822343,0.9785077047850771,0.6459800469483568,0.997733967822343,0.7842194318283017
0.30980814295239184,4404,2413,9,53,0.9979605710401088,0.9785077047850771,0.6460319788763386,0.9979605710401088,0.7843276936776491
0.3097747326565953,4404,2414,9,52,0.9979605710401088,0.9789132197891321,0.6459372249926665,0.9979605710401088,0.7842578577152526
0.30976083349226247,4404,2415,9,51,0.9979605710401088,0.9793187347931873,0.645842498900132,0.9979605710401088,0.7841880341880342
0.30964451800080084,4405,2415,8,51,0.9981871742578745,0.9793187347931873,0.6458944281524927,0.9981871742578745,0.7842962699189886
0.30961000802825184,4405,2416,8,50,0.9981871742578745,0.9797242497972425,0.6457997361090749,0.9981871742578745,0.7842264554032403
0.3095364809088169,4405,2417,8,49,0.9981871742578745,0.9801297648012977,0.6457050718264439,0.9981871742578745,0.7841566533155317
0.30951920494079826,4405,2418,8,48,0.9981871742578745,0.9805352798053528,0.6456104352923934,0.9981871742578745,0.7840868636525454
0.30934963293909057,4406,2418,7,48,0.9984137774756402,0.9805352798053528,0.645662368112544,0.9984137774756402,0.7841950698585032
0.3092776602820574,4406,2419,7,47,0.9984137774756402,0.980940794809408,0.6455677655677655,0.9984137774756402,0.784125289197366
0.3091926976364177,4406,2420,7,46,0.9984137774756402,0.981346309813463,0.6454731907412833,0.9984137774756402,0.7840555209538215
0.30891859803036614,4407,2420,6,46,0.9986403806934059,0.981346309813463,0.6455251208437088,0.9986403806934059,0.7841637010676157
0.3087561854206766,4407,2421,6,45,0.9986403806934059,0.9817518248175182,0.6454305799648506,0.9986403806934059,0.7840939418201228
0.30869897732779594,4407,2422,6,44,0.9986403806934059,0.9821573398215734,0.6453360667740519,0.9986403806934059,0.7840241949830993
0.30860966260673833,4407,2423,6,43,0.9986403806934059,0.9825628548256286,0.6452415812591508,0.9986403806934059,0.783954460553233
0.3085704061123931,4407,2424,6,42,0.9986403806934059,0.9829683698296837,0.645147123407993,0.9986403806934059,0.7838847385272145
0.30844793560084627,4407,2425,6,41,0.9986403806934059,0.9833738848337389,0.645052693208431,0.9986403806934059,0.7838150289017342
0.3083418237399928,4407,2426,6,40,0.9986403806934059,0.9837793998377939,0.6449582906483243,0.9986403806934059,0.7837453316734839
0.30830409238310397,4408,2426,5,40,0.9988669839111716,0.9837793998377939,0.6450102429031314,0.9988669839111716,0.7838534720369876
0.30789636928395225,4408,2427,5,39,0.9988669839111716,0.9841849148418491,0.64491587417703,0.9988669839111716,0.7837837837837838
0.30788175333183,4408,2428,5,38,0.9988669839111716,0.9845904298459043,0.6448215330602691,0.9988669839111716,0.7837141079207041
0.30787225715686456,4408,2429,5,37,0.9988669839111716,0.9849959448499594,0.6447272195407342,0.9988669839111716,0.7836444444444444
0.3077749746367906,4408,2430,5,36,0.9988669839111716,0.9854014598540146,0.6446329336063177,0.9988669839111716,0.7835747933517021
0.3075659427195415,4408,2431,5,35,0.9988669839111716,0.9858069748580698,0.6445386752449188,0.9988669839111716,0.7835051546391752
0.30743481501004394,4408,2432,5,34,0.9988669839111716,0.986212489862125,0.6444444444444445,0.9988669839111716,0.7834355283035636
0.30735027784644287,4409,2432,4,34,0.9990935871289373,0.986212489862125,0.6444964186522438,0.9990935871289373,0.7835436289319354
0.30734237866033215,4409,2433,4,33,0.9990935871289373,0.98661800486618,0.6444022215726396,0.9990935871289373,0.7834740115504221
0.3073369600770628,4409,2434,4,32,0.9990935871289373,0.9870235198702352,0.6443080520239661,0.9990935871289373,0.783404406538735
0.30727054632213985,4410,2434,3,32,0.9993201903467029,0.9870235198702352,0.6443600233781415,0.9993201903467029,0.783512481122857
0.30723820740428154,4410,2435,3,31,0.9993201903467029,0.9874290348742903,0.6442658875091307,0.9993201903467029,0.7834428850595132
0.3072293690093208,4410,2436,3,30,0.9993201903467029,0.9878345498783455,0.6441717791411042,0.9993201903467029,0.7833733013589128
0.3071784859785924,4410,2437,3,29,0.9993201903467029,0.9882400648824007,0.6440776982620126,0.9993201903467029,0.7833037300177619
0.3070452836440062,4410,2438,3,28,0.9993201903467029,0.9886455798864558,0.6439836448598131,0.9993201903467029,0.783234171032768
0.3069501753070767,4410,2439,3,27,0.9993201903467029,0.9890510948905109,0.6438896189224704,0.9993201903467029,0.7831646244006393
0.3069027064522788,4410,2440,3,26,0.9993201903467029,0.9894566098945661,0.6437956204379562,0.9993201903467029,0.7830950901180858
0.30688191202585696,4410,2441,3,25,0.9993201903467029,0.9898621248986212,0.643701649394249,0.9993201903467029,0.7830255681818182
0.3067752110037339,4410,2442,3,24,0.9993201903467029,0.9902676399026764,0.6436077057793345,0.9993201903467029,0.7829560585885487
0.30662265690750495,4410,2443,3,23,0.9993201903467029,0.9906731549067316,0.6435137895812053,0.9993201903467029,0.7828865613349903
0.30661331707731954,4410,2444,3,22,0.9993201903467029,0.9910786699107867,0.6434199007878612,0.9993201903467029,0.7828170764178575
0.30646924561144395,4410,2445,3,21,0.9993201903467029,0.9914841849148418,0.6433260393873085,0.9993201903467029,0.7827476038338658
0.3064334319543212,4410,2446,3,20,0.9993201903467029,0.991889699918897,0.6432322053675612,0.9993201903467029,0.782678143579732
0.30614663626640537,4411,2446,2,20,0.9995467935644686,0.991889699918897,0.643284235088231,0.9995467935644686,0.7827861579414375
0.3061387466570541,4411,2447,2,19,0.9995467935644686,0.9922952149229521,0.6431904345290173,0.9995467935644686,0.7827167065921392
0.3060696622834712,4411,2448,2,18,0.9995467935644686,0.9927007299270073,0.6430966613208923,0.9995467935644686,0.7826472675656493
0.30603316592097446,4411,2449,2,17,0.9995467935644686,0.9931062449310625,0.643002915451895,0.9995467935644686,0.782577840858689
0.30599131310083405,4411,2450,2,16,0.9995467935644686,0.9935117599351176,0.6429091969100714,0.9995467935644686,0.7825084264679794
0.3059340704791646,4411,2451,2,15,0.9995467935644686,0.9939172749391727,0.6428155056834742,0.9995467935644686,0.782439024390244
0.3058974497093632,4411,2452,2,14,0.9995467935644686,0.9943227899432279,0.6427218417601632,0.9995467935644686,0.7823696346222064
0.30585388408984754,4411,2453,2,13,0.9995467935644686,0.994728304947283,0.6426282051282052,0.9995467935644686,0.7823002571605925
0.30568242770540494,4411,2454,2,12,0.9995467935644686,0.9951338199513382,0.6425345957756737,0.9995467935644686,0.7822308920021279
0.30557050916692546,4411,2455,2,11,0.9995467935644686,0.9955393349553934,0.6424410136906495,0.9995467935644686,0.782161539143541
0.30532281899651686,4411,2456,2,10,0.9995467935644686,0.9959448499594485,0.6423474588612204,0.9995467935644686,0.7820921985815603
0.3052856365607102,4412,2456,1,10,0.9997733967822343,0.9959448499594485,0.6423995340710542,0.9997733967822343,0.7822001595603226
0.30514932489988134,4412,2457,1,9,0.9997733967822343,0.9963503649635036,0.6423060125200175,0.9997733967822343,0.7821308278673993
0.30513466125099387,4412,2458,1,8,0.9997733967822343,0.9967558799675588,0.642212518195051,0.9997733967822343,0.7820615084640611
0.3050169771465125,4412,2459,1,7,0.9997733967822343,0.9971613949716139,0.6421190510842673,0.9997733967822343,0.7819922013470401
0.30471160039487716,4412,2460,1,6,0.9997733967822343,0.9975669099756691,0.6420256111757858,0.9997733967822343,0.7819229065130704
0.30437981715075185,4412,2461,1,5,0.9997733967822343,0.9979724249797243,0.6419321984577332,0.9997733967822343,0.7818536239588871
0.30419841194493413,4413,2461,0,5,1.0,0.9979724249797243,0.6419842886237999,1.0,0.7819615486843271
0.3037116955892871,4413,2462,0,4,1.0,0.9983779399837794,0.6418909090909091,1.0,0.7818922749822821
0.3035086701603561,4413,2463,0,3,1.0,0.9987834549878345,0.6417975567190227,1.0,0.7818230135530162
0.3034848519443491,4413,2464,0,2,1.0,0.9991889699918897,0.641704231496292,1.0,0.7817537643932684
0.30347663464962654,4413,2465,0,1,1.0,0.9995944849959448,0.6416109334108753,1.0,0.7816845274997786
0.30324493768909394,4413,2466,0,0,1.0,1.0,0.6415176624509377,1.0,0.781615302869288