threshold,fpr,tpr
0.0,0.0,0.0
0.6647260023844436,1.76488237059e-5,0.0
0.6629587271759947,5.2946471117700005e-5,0.0
0.6619006181647563,7.05952948236e-5,0.0
0.658736413063193,8.824411852950001e-5,0.0
0.6583857697744402,1.0589294223540001e-4,0.0
0.657334959388646,1.235417659413e-4,0.0
0.656985062089208,1.411905896472e-4,0.0
0.6562858261388372,1.5883941335310001e-4,0.0
0.6559364872896775,1.7648823705900002e-4,0.0
0.6552383673482371,1.9413706076490002e-4,0.0
0.6545409904230218,2.1178588447080002e-4,0.0
0.6531484624589089,2.2943470817670002e-4,0.0
0.6472631938792203,2.470835318826e-4,0.0
0.64314084296025,2.6473235558850005e-4,0.0
0.6417725686706496,2.823811792944e-4,0.0
0.6400663186578537,3.0003000300030005e-4,0.0
0.6387045853811618,3.1767882670620003e-4,0.0
0.6359898038770464,3.3532765041210006e-4,0.0
0.6339612929306183,3.5297647411800003e-4,0.0
0.6332865614142716,3.7062529782390006e-4,0.0
0.6299236604138653,3.8827412152980003e-4,0.0
0.6292532261912822,4.4122059264750007e-4,0.0
0.6289182767087357,4.7651824005930007e-4,0.0
0.6282489125263576,4.941670637652e-4,0.0
0.6275802607551547,5.118158874711001e-4,0.0
0.6265786172109042,5.294647111770001e-4,0.0
0.6235832683583734,5.471135348829e-4,0.0
0.6222566025699087,5.647623585888e-4,5.518763796909492e-4
0.6219253773677695,5.824111822947001e-4,0.0011037527593818985
0.6215943284757477,6.177088297065e-4,0.0011037527593818985
0.6212634557999936,6.353576534124001e-4,0.0011037527593818985
0.6206022387221418,6.530064771183001e-4,0.0011037527593818985
0.620271894132595,6.706553008242001e-4,0.0011037527593818985
0.6199417253844182,6.883041245301e-4,0.0011037527593818985
0.6196117323840115,7.059529482360001e-4,0.0011037527593818985
0.6189522732523584,7.412505956478001e-4,0.0011037527593818985
0.6186228069341614,7.588994193537e-4,0.0011037527593818985
0.6182935159898334,8.118458904714001e-4,0.0011037527593818985
0.6179644003260232,8.647923615891001e-4,0.0011037527593818985
0.6176354598494297,8.824411852950001e-4,0.0011037527593818985
0.6173066944668013,9.177388327068001e-4,0.0011037527593818985
0.6169781040849361,9.353876564127001e-4,0.0011037527593818985
0.6166496886106818,0.0010236317749422001,0.0011037527593818985
0.6163214479509354,0.0010589294223540002,0.0011037527593818985
0.6159933820126439,0.0011295247171776,0.0011037527593818985
0.6156654907028034,0.001235417659413,0.0011037527593818985
0.61533777392846,0.0012707153068248001,0.0011037527593818985
0.6150102315967088,0.0012883641305307001,0.0011037527593818985
0.614355669889612,0.0013236617779425002,0.0011037527593818985
0.614028650328704,0.0013766082490602,0.0011037527593818985
0.6137018048392638,0.0014119058964720001,0.0011037527593818985
0.6133751333286338,0.0014295547201779002,0.0011037527593818985
0.6130486357042055,0.0014648523675897002,0.0011037527593818985
0.61272231187342,0.0014825011912956002,0.0011037527593818985
0.6123961617437672,0.0015177988387074,0.0016556291390728477
0.6120701852227869,0.0015883941335310002,0.0016556291390728477
0.6117443822180675,0.0016942870757664001,0.0016556291390728477
0.611418752637247,0.0017472335468841002,0.0016556291390728477
0.6110932963880124,0.0018707753128254002,0.0016556291390728477
0.6107680133780996,0.0019590194313549004,0.0016556291390728477
0.6104429035152943,0.0019766682550608,0.0016556291390728477
0.6097932028623917,0.0020119659024726002,0.0016556291390728477
0.6094686118881103,0.0021002100210021,0.0016556291390728477
0.6091441936925679,0.0021531564921198,0.0016556291390728477
0.6088199481837948,0.0021708053158257003,0.0016556291390728477
0.6084958752698705,0.0022061029632375003,0.0016556291390728477
0.6081719748589232,0.0022766982580611004,0.0016556291390728477
0.6078482468591301,0.0022943470817670003,0.0016556291390728477
0.6075246911787173,0.0023825912002965,0.0016556291390728477
0.6072013077259599,0.0024531864951201003,0.0016556291390728477
0.6068780964091814,0.0024884841425319004,0.0016556291390728477
0.6065550571367547,0.0025237817899437004,0.0016556291390728477
0.6062321898171009,0.0025767282610614003,0.0016556291390728477
0.6059094943586902,0.0027179188507086,0.0016556291390728477
0.6055869706700414,0.0028061629692381004,0.0016556291390728477
0.6052646186597219,0.0028591094403558003,0.0016556291390728477
0.6049424382363479,0.0029297047351794004,0.0016556291390728477
0.6046204293085843,0.0029826512062971003,0.0016556291390728477
0.6042985917851444,0.003000300030003,0.0016556291390728477
0.6039769255747904,0.0030355976774148,0.0016556291390728477
0.6036554305863329,0.0031061929722384003,0.0016556291390728477
0.6033341067286309,0.0031767882670620004,0.0016556291390728477
0.603012953910592,0.0032826812092974,0.0016556291390728477
0.6026919720411724,0.0033709253278269005,0.0016556291390728477
0.6023711610293768,0.0034415206226505,0.0016556291390728477
0.6020505207842581,0.0035474135648859003,0.0016556291390728477
0.6017300512149178,0.0036356576834154003,0.0016556291390728477
0.6014097522305059,0.0037415506256508004,0.0016556291390728477
0.6010896237402201,0.0038650923915921004,0.0016556291390728477
0.6007696656533075,0.0039356876864157005,0.0016556291390728477
0.6004498778790625,0.0041121759234747,0.0016556291390728477
0.6001302603268284,0.004165122394592401,0.002207505518763797
0.5998108129059966,0.0043063129842396,0.002207505518763797
0.5994915355260065,0.004412205926475001,0.002207505518763797
0.5991724280963462,0.004482801221298601,0.002207505518763797
0.5988534905265513,0.0045180988687104,0.002207505518763797
0.5985347227262063,0.0046063429872399,0.002207505518763797
0.5982161246049433,0.004641640634651701,0.0027593818984547464
0.5978976960724427,0.004729884753181201,0.0027593818984547464
0.597579437038433,0.004818128871710701,0.0027593818984547464
0.5972613474126905,0.004906372990240201,0.0027593818984547464
0.5969434271050399,0.004976968285063801,0.0027593818984547464
0.5966256760253537,0.005118158874711001,0.0027593818984547464
0.5963080940835522,0.005206402993240501,0.0027593818984547464
0.5959906811896042,0.005294647111770001,0.0027593818984547464
0.5956734372535258,0.005365242406593601,0.0027593818984547464
0.5953563621853813,0.005471135348829001,0.0027593818984547464
0.595039455895283,0.005559379467358501,0.0027593818984547464
0.5947227182933906,0.005682921233299801,0.0027593818984547464
0.5944061492899122,0.005771165351829301,0.0027593818984547464
0.5940897487951031,0.0059123559414765,0.0027593818984547464
0.593773516719267,0.0060711953548296,0.0027593818984547464
0.5934574529727548,0.006088844178535501,0.0027593818984547464
0.5931415574659654,0.0061417906496532,0.0027593818984547464
0.5928258301093454,0.006282981239300401,0.0027593818984547464
0.5925102708133889,0.006353576534124001,0.0033112582781456954
0.5921948794886377,0.0064594694763594005,0.0033112582781456954
0.5918796560456815,0.006583011242300701,0.0033112582781456954
0.591564600395157,0.006688904184536101,0.0033112582781456954
0.5912497124477493,0.006900690069006901,0.0033112582781456954
0.59093499211419,0.006988934187536401,0.0033112582781456954
0.5906204393052592,0.0071124759534777005,0.0033112582781456954
0.5903060539317839,0.007306613014242601,0.0033112582781456954
0.5899918359046389,0.0074478036038898,0.0033112582781456954
0.5896777851347461,0.007553696546125201,0.0033112582781456954
0.5893639015330752,0.007712535959478301,0.0033112582781456954
0.5890501850106429,0.0079066730202432,0.0033112582781456954
0.5887366354785134,0.007941970667655,0.0033112582781456954
0.5884232528477985,0.008118458904714,0.0033112582781456954
0.588110037029657,0.008242000670655301,0.0033112582781456954
0.5877969879352952,0.008365542436596601,0.0033112582781456954
0.5874841054759664,0.008471435378832002,0.0033112582781456954
0.5871713895629714,0.008559679497361502,0.0033112582781456954
0.5868588401076582,0.008789114205538202,0.0033112582781456954
0.5865464570214218,0.008877358324067702,0.0033112582781456954
0.5862342402157045,0.009053846561126701,0.0033112582781456954
0.5859221896019956,0.009230334798185701,0.0033112582781456954
0.5856103050918319,0.009353876564127001,0.0033112582781456954
0.5852985865967967,0.009548013624891901,0.004415011037527594
0.5849870340285208,0.009636257743421401,0.004415011037527594
0.584675647298682,0.009777448333068602,0.004415011037527594
0.5843644263190049,0.010077478336068901,0.004415011037527594
0.5840533710012614,0.010218668925716101,0.004415011037527594
0.58374248125727,0.010483401281304601,0.004415011037527594
0.5834317569988964,0.010677538342069502,0.004415011037527594
0.583121198138053,0.010995217168775702,0.004415011037527594
0.5828108045866994,0.011207003053246501,0.004415011037527594
0.5825005762568419,0.011471735408835,0.004415011037527594
0.5821905130605335,0.011665872469599901,0.004415011037527594
0.5818806149098743,0.011754116588129401,0.004415011037527594
0.5815708817170108,0.012001200120012,0.004415011037527594
0.5812613133941367,0.0122306348281887,0.004415011037527594
0.580951909853492,0.012354176594130002,0.004415011037527594
0.5806426710073638,0.012530664831189002,0.004415011037527594
0.5803335967680858,0.012654206597130301,0.004966887417218543
0.5800246870480383,0.012795397186777501,0.004966887417218543
0.579715941759648,0.013007183071248301,0.004966887417218543
0.5794073608153888,0.0131307248371896,0.004966887417218543
0.5790989441277805,0.013324861897954501,0.005518763796909493
0.5787906916093901,0.013483701311307602,0.006070640176600441
0.5784826031728306,0.0136778383720725,0.006070640176600441
0.578174678730762,0.013907273080249201,0.006622516556291391
0.5778669181958903,0.014101410141014101,0.00717439293598234
0.5775593214809684,0.014295547201779002,0.00717439293598234
0.5772518884987956,0.0144014401440144,0.00772626931567329
0.5769446191622172,0.014613226028485202,0.008278145695364239
0.5766375133841252,0.014754416618132402,0.009381898454746136
0.5763305710774581,0.014913256031485501,0.009933774834437087
0.5760237921552005,0.015142690739662202,0.010485651214128035
0.5757171765303833,0.0153015301530153,0.010485651214128035
0.5754107241160841,0.015566262508603802,0.010485651214128035
0.5751044348254261,0.015742750745662802,0.010485651214128035
0.5747983085715793,0.016025131924957203,0.010485651214128035
0.5744923452677597,0.0164310548701929,0.011037527593818985
0.5741865448272295,0.016731084873193202,0.011037527593818985
0.5738809071632972,0.0168722754628404,0.011037527593818985
0.5735754321893172,0.016995817228781702,0.012141280353200883
0.5732701198186901,0.0172605495843702,0.012141280353200883
0.5729649699648628,0.0175076331162528,0.012693156732891833
0.5726599825413282,0.017737067824429503,0.012693156732891833
0.572355157461625,0.0180370978274298,0.012693156732891833
0.5720504946393381,0.0184077231252537,0.012693156732891833
0.5717459939880984,0.018654806657136303,0.012693156732891833
0.571441655421583,0.019025431954960204,0.013245033112582781
0.5711374788535144,0.019360759605372303,0.013245033112582781
0.5708334641976616,0.019625491960960802,0.013245033112582781
0.570529611367839,0.0199608196113729,0.013245033112582781
0.5702259202779072,0.0202079031432555,0.013245033112582781
0.5699223908417728,0.0205785284410794,0.013245033112582781
0.5696190229733876,0.0207550166781384,0.013245033112582781
0.56931581658675,0.021178588447080003,0.013245033112582781
0.5690127715959036,0.021372725507844904,0.01379690949227373
0.5687098879149378,0.021813946100492403,0.01379690949227373
0.5684071654579882,0.022166922574610403,0.01379690949227373
0.5681046041392355,0.0225551966961402,0.01434878587196468
0.5678022038729064,0.022802280228022803,0.01434878587196468
0.5674999645732732,0.0231905543495526,0.014900662251655629
0.5671978861546538,0.0233846914103175,0.016004415011037526
0.566895968531412,0.023684721413317802,0.016004415011037526
0.5665942116179568,0.024143590829671203,0.016004415011037526
0.5662926153287428,0.0245495137749069,0.017660044150110375
0.5659911795782703,0.025043680838672103,0.017660044150110375
0.5656899042810849,0.0254672526076137,0.019315673289183224
0.565388789351778,0.025926122023967102,0.02041942604856512
0.5650878347049864,0.0263673426166146,0.02097130242825607
0.564787040255392,0.026737967914438502,0.023730684326710817
0.5644864059177224,0.027196837330791902,0.023730684326710817
0.5641859316067505,0.027496867333792203,0.023730684326710817
0.5638856172372947,0.027885141455322005,0.024834437086092714
0.5635854627242186,0.028291064400557703,0.025938189845474614
0.5632854679824312,0.028749933816911103,0.02704194260485651
0.5629856329268866,0.029049963819911404,0.02759381898454746
0.5626859574725844,0.029491184412558904,0.02869757174392936
0.5623864415345695,0.0297912144155592,0.029801324503311258
0.5620870850279318,0.030232435008206705,0.029801324503311258
0.5617878878678065,0.030938387956442704,0.03090507726269316
0.5614888499693739,0.031397257372796104,0.03200883002207505
0.5611899712478595,0.031750233846914104,0.032560706401766004
0.5608912516185341,0.0322091032632675,0.03421633554083885
0.5605926909967133,0.032579728561091405,0.0347682119205298
0.5602942892977577,0.032968002682621206,0.0358719646799117
0.5599960464370737,0.033497467393798205,0.0358719646799117
0.5596979623301117,0.0338327950442103,0.0358719646799117
0.5594000368923678,0.034062229752387006,0.0369757174392936
0.559102270039383,0.034468152697622705,0.0380794701986755
0.5589038468650158,0.0344858015213286,0.0380794701986755
0.5588046616867429,0.0348740756428584,0.0380794701986755
0.5585072117500784,0.0351917544695646,0.03863134657836645
0.5582099201450653,0.035650623885918005,0.039735099337748346
0.5580118136621304,0.0356682727096239,0.039735099337748346
0.5579127867874238,0.0361624397733891,0.04083885209713024
0.5576158115929197,0.036621309189742504,0.041390728476821195
0.5573189944773632,0.037062529782390004,0.04359823399558499
0.5570223353566093,0.037627292140978805,0.04415011037527594
0.5567258341465577,0.0382097033232735,0.04415011037527594
0.5564294907631535,0.038774465681862304,0.04470198675496689
0.5561333051223856,0.039250983921921605,0.04525386313465784
0.5559359356218719,0.0392686327456275,0.045805739514348784
0.5558372771402884,0.039692204514569104,0.046357615894039736
0.5555414067329405,0.040415806286511,0.04690949227373068
0.5552456938164655,0.040874675702864405,0.04690949227373068
0.5549501383070314,0.04156297982739451,0.04690949227373068
0.5546547401208511,0.0421277421859833,0.04690949227373068
0.5543594991741819,0.042586611602336705,0.04690949227373068
0.5540644153833256,0.043380808669102204,0.04690949227373068
0.5537694886646287,0.043945571027691005,0.048013245033112585
0.5534747189344822,0.0443514939729267,0.04856512141280353
0.5531801061093216,0.044951553978927306,0.04911699779249448
0.5528856501056268,0.0455869116323397,0.05187637969094923
0.552689433184976,0.045604560456045606,0.05187637969094923
0.5525913508399224,0.046134025167222606,0.052428256070640174
0.5522972082287771,0.046628192230987804,0.05353200883002208
0.5520032221888044,0.04717530576587071,0.054635761589403975
0.5517093926366617,0.04788125871410671,0.05518763796909492
0.5514157194890512,0.048604860486048604,0.05573951434878587
0.5511222026627193,0.049346111081696405,0.056291390728476824
0.5508288420744565,0.049787331674343904,0.05684326710816777
0.5505356376410978,0.050475635798874006,0.05684326710816777
0.5502425892795226,0.051146291099698205,0.05905077262693157
0.5499496969066544,0.05169340463458111,0.06015452538631347
0.5496569604394607,0.0523464111116994,0.061258278145695365
0.5493643797949536,0.05275233405693511,0.06236203090507726
0.549071954890189,0.053475935828877004,0.0640176600441501
0.5487796856422673,0.05411129348228941,0.06456953642384106
0.5484875719683329,0.05472900231199591,0.06512141280353201
0.548195613785574,0.055276115846878804,0.0684326710816777
0.5479038110112233,0.056229152326997406,0.0695364238410596
0.5476121635625575,0.05682921233299801,0.0717439293598234
0.5473206713568971,0.057376325867880905,0.0728476821192053
0.5470293343116068,0.05788814175535201,0.07339955849889625
0.5467381523440952,0.05862939235099981,0.07505518763796909
0.546447125371815,0.0593176964755299,0.07505518763796909
0.5461562533122625,0.0601118935422954,0.076158940397351
0.5458655360829784,0.06090609060906091,0.07671081677704195
0.5455749736015468,0.06152379943876741,0.07781456953642384
0.5452845657855961,0.06214150826847391,0.07781456953642384
0.5449943125527984,0.06291805651153351,0.07836644591611479
0.5447042138208694,0.06357106298865181,0.07836644591611479
0.5445109004594517,0.0635887118123577,0.07836644591611479
0.5444142695075689,0.06410052769982881,0.07836644591611479
0.5441244795307003,0.06480648064806481,0.07891832229580574
0.5438348438081109,0.06556538006741851,0.08112582781456953
0.5435453622576915,0.06634192831047811,0.08278145695364239
0.5432560347973767,0.06704788125871411,0.08333333333333333
0.5429668613451452,0.06764794126471471,0.08498896247240618
0.5426778418190186,0.0683715430366566,0.08498896247240618
0.5423889761370627,0.0690951448085985,0.08498896247240618
0.5421002642173867,0.0696069606960696,0.08554083885209714
0.5419078749873381,0.0696246095197755,0.08554083885209714
0.5418117059781434,0.0703305624680115,0.08554083885209714
0.5415233013375292,0.07105416423995341,0.08609271523178808
0.5412350502137843,0.07190130777783661,0.08609271523178808
0.541042968044748,0.0719189566015425,0.08609271523178808
0.5409469525251918,0.0724660701364254,0.08664459161147903
0.5406590081900786,0.07318967190836731,0.08719646799116998
0.5403712171268155,0.0738603272091915,0.08774834437086093
0.5400835792538162,0.07456628015742751,0.08774834437086093
0.539796094489538,0.07507809604489861,0.08774834437086093
0.5396045230001715,0.07509574486860451,0.08774834437086093
0.5395087627524817,0.0756428584034874,0.08830022075055188
0.5393172932360071,0.07566050722719331,0.08830022075055188
0.5392215839611912,0.07649000194137061,0.08830022075055188
0.5390302163633288,0.07650765076507651,0.08830022075055188
0.5389345580342542,0.0771783060659007,0.08940397350993377
0.5387432923007529,0.07719595488960661,0.08940397350993377
0.5386476848903013,0.078007800780078,0.08995584988962473
0.5383609644480067,0.0789608372601966,0.09050772626931568
0.5381699022805904,0.07897848608390251,0.09050772626931568
0.5380743966260879,0.07987857609290341,0.09050772626931568
0.5377879813433054,0.08063747551225711,0.09105960264900662
0.5375017185184631,0.0812022378708459,0.09161147902869757
0.5372156080704081,0.0820846790561409,0.09161147902869757
0.5370249523854198,0.08210232787984681,0.09161147902869757
0.536929649918031,0.08298476906514181,0.09161147902869757
0.5368820050267996,0.08298476906514181,0.09216335540838852
0.5367390957184548,0.08300241788884771,0.09216335540838852
0.536643843980265,0.08365542436596601,0.09216335540838852
0.5363581901760869,0.08448491908014331,0.09216335540838852
0.5361678387853026,0.0845025679038492,0.09216335540838852
0.5360726884245163,0.08512027673355571,0.09271523178807947
0.5357873386446163,0.08584387850549761,0.09326710816777042
0.5355971898467726,0.0858615273292035,0.09326710816777042
0.5355021407554926,0.0866380755722631,0.09437086092715231
0.5352170946762946,0.08723813557826371,0.09547461368653422
0.5349322003262141,0.08819117205838231,0.09602649006622517
0.5346474576244863,0.08926775030444221,0.09602649006622517
0.534457713365888,0.0892853991281481,0.09602649006622517
0.534362866490389,0.09015019148973721,0.09713024282560706
0.5341732232320536,0.0901678403134431,0.09713024282560706
0.5340784268432436,0.09108557914614991,0.09823399558498896
0.5337941386024139,0.09177388327068,0.09878587196467992
0.5335100016873067,0.092656324455975,0.0998896247240618
0.5333206611073016,0.09267397327968091,0.0998896247240618
0.533226016017372,0.09345052152274051,0.10264900662251655
0.5329421815121024,0.0941917721183883,0.1032008830022075
0.5326584980910334,0.094950671537742,0.10375275938189846
0.5323749656737433,0.09576251742821341,0.10375275938189846
0.5320915841798535,0.0965567144949789,0.10430463576158941
0.5318083535290278,0.0974921021513916,0.1054083885209713
0.5315252736409728,0.09828629921815711,0.10596026490066225
0.5312423444354382,0.09911579393233441,0.10596026490066225
0.5310538086379826,0.09913344275604032,0.10596026490066225
0.530959565832216,0.10010412805986481,0.1065121412803532
0.5306769377511412,0.10100421806886571,0.1065121412803532
0.5303944601120912,0.10172781984080762,0.1076158940397351
0.5301121328349864,0.10261026102610261,0.10816777041942605
0.5298299558397894,0.10366919044845661,0.108719646799117
0.529641921293435,0.1036868392721625,0.108719646799117
0.5295479290465057,0.10476341751822241,0.10927152317880795
0.5293599945903398,0.10478106634192831,0.10927152317880795
0.5292660523751834,0.10562820987981152,0.11037527593818984
0.5290782179559282,0.1056458587035174,0.11037527593818984
0.5289843257459128,0.10656359753622421,0.11147902869757174
0.5287027490788273,0.10748133636893101,0.11258278145695365
0.5285151145736741,0.10749898519263691,0.11258278145695365
0.5284213222941023,0.10834612873052012,0.11313465783664459
0.528140045311956,0.10905208167875612,0.11313465783664459
0.527858918052649,0.11009336227740421,0.11368653421633554
0.5275779404364841,0.11092285699158151,0.11479028697571744
0.5272971123838069,0.11194648876652372,0.11589403973509933
0.5270164338150053,0.1130230670125836,0.11810154525386314
0.5268293977764396,0.11304071583628951,0.11810154525386314
0.5267359046505095,0.11415259172976121,0.12030905077262694
0.5265489681706296,0.11417024055346711,0.12030905077262694
0.5264555248107917,0.11533506291805651,0.12251655629139073
0.5261752942163672,0.1164469388115282,0.12362030905077263
0.5258952127877932,0.11722348705458781,0.12472406181015452
0.525615280445669,0.11826476765323592,0.12693156732891833
0.5253354971106365,0.11918250648594271,0.1280353200883002
0.5251490576298289,0.11920015530964861,0.1280353200883002
0.5250558627033797,0.12027673355570852,0.13024282560706402
0.5248695224637122,0.12029438237941441,0.13024282560706402
0.5247763771446246,0.12114152591729761,0.13245033112582782
0.5245901360932717,0.12115917474100352,0.13245033112582782
0.5244970403551399,0.12234164592929882,0.1357615894039735
0.524217852255736,0.12348881947018231,0.13796909492273732
0.5239388127672657,0.12433596300806551,0.1390728476821192
0.523659921810624,0.1254478389015372,0.141280353200883
0.5234740769848334,0.1254654877252431,0.141280353200883
0.5233811793067478,0.12673620303206792,0.14183222958057395
0.523102585176616,0.1276715906884806,0.1434878587196468
0.5228241393412499,0.1288717107004818,0.1456953642384106
0.5225458417217128,0.12991299129912992,0.14735099337748345
0.5223603922785197,0.1299306401228358,0.14735099337748345
0.5222676922391096,0.1309013254266603,0.14845474613686535
0.5222213483886736,0.13091897425036622,0.14845474613686535
0.5219896908145876,0.1319426060253084,0.15176600441501104
0.521711837369336,0.1329485889765447,0.15397350993377484
0.5214341318245859,0.133954571927781,0.15562913907284767
0.5212490769228186,0.1339722207514869,0.15562913907284767
0.5211565741016103,0.1349252572316055,0.15783664459161148
0.5208791641217242,0.13594888900654772,0.1600441501103753
0.5206019018062844,0.1370431160763135,0.16280353200883002
0.5203247870766895,0.13820793844090293,0.16445916114790288
0.5202324482834328,0.13822558726460882,0.16445916114790288
0.5201401258769658,0.1382432360883147,0.16445916114790288
0.5200478198543801,0.13942570727661002,0.1661147902869757
0.5198632569492233,0.1394433561003159,0.1661147902869757
0.5197710000608385,0.1405728808174935,0.1683222958057395
0.519494327617589,0.1420200843613773,0.16942604856512142
0.5194021362007907,0.14203773318508323,0.16942604856512142
0.5193099611446279,0.142073030832495,0.16942604856512142
0.5192178024461973,0.1434319902578493,0.17108167770419427
0.5191256601025958,0.14344963908155522,0.17108167770419427
0.519033534110921,0.14346728790526111,0.17108167770419427
0.5189414244682711,0.14447327085649742,0.1727373068432671
0.5186651936054599,0.1453380632180865,0.17328918322295805
0.5184811213888657,0.14537336086549832,0.17328918322295805
0.5183891097794547,0.1465028855826759,0.1749448123620309
0.5182051355439136,0.14652053440638182,0.1749448123620309
0.5182051355439135,0.1465558320537936,0.1749448123620309
0.5181131729119883,0.1477030055946771,0.1782560706401766
0.5178373829248352,0.14888547678297243,0.1837748344370861
0.5177914322015165,0.14888547678297243,0.18432671081677704
0.5176536044949627,0.14890312560667832,0.18432671081677704
0.5175617397398113,0.1501738409135031,0.18543046357615894
0.5172862432787746,0.15135631210179842,0.18818984547461368
0.5171026604461728,0.15137396092550431,0.18818984547461368
0.517010893463624,0.15273292035085861,0.1926048565121413
0.5167356902163007,0.15372125447838902,0.19646799116997793
0.516460633458787,0.15493902331409612,0.19757174392935983
0.5162773436318304,0.154956672137802,0.19757174392935983
0.5161857231131068,0.1561744409735091,0.20143487858719647
0.5159109591013257,0.1572686680432749,0.2041942604856512
0.5157278643516146,0.1572863168669808,0.2041942604856512
0.5156363413455504,0.15836289511304072,0.20695364238410596
0.5154533440565898,0.1583805439367466,0.20695364238410596
0.5153618697679293,0.1594924198302183,0.20860927152317882
0.5151789698878412,0.15951006865392423,0.20860927152317882
0.5150875442906524,0.16076313513704313,0.21136865342163355
0.5149047417675864,0.1608513792555726,0.21136865342163355
0.514813364835951,0.1621044457386915,0.21357615894039736
0.5145393313260975,0.16318102398475143,0.2163355408388521
0.5143567233616346,0.16323397045586913,0.2163355408388521
0.5142654436834061,0.1644340904678703,0.22075055187637968
0.5140829329205795,0.16445173929157622,0.22075055187637968
0.5139917018302322,0.16551066871393022,0.22461368653421634
0.5137181056889725,0.16662254460740192,0.23013245033112584
0.5134446551820648,0.1677520693245795,0.23233995584988962
0.5131713502319887,0.16893454051287482,0.23620309050772628
0.5129892277585811,0.1689521893365807,0.23620309050772628
0.5128981907612646,0.17034644640934682,0.23841059602649006
0.512716165231068,0.1703640952330527,0.23841059602649006
0.5126251766924542,0.1715818640687598,0.24282560706401765
0.5123523079481608,0.17306436526005542,0.24613686534216336
0.5121704761496059,0.1730820140837613,0.24613686534216336
0.5120795844510284,0.17410564585870353,0.24944812362030905
0.5118070061237425,0.17528811704699881,0.25165562913907286
0.5116253678506386,0.1753410635181165,0.25165562913907286
0.5115345728890297,0.17641764176417643,0.25275938189845476
0.5112622846696576,0.1776177617761776,0.25496688741721857
0.510990141388435,0.17918850708600273,0.25662251655629137
0.5107181429682117,0.18045922239282752,0.25938189845474613
0.5104462893318789,0.1815887471100051,0.2632450331125828
0.5101745804023684,0.1829477065353594,0.26490066225165565
0.5099935214706675,0.18296535535906533,0.26490066225165565
0.5099030161026533,0.1842184218421842,0.26655629139072845
0.5096315963557475,0.18564797656236212,0.26986754966887416
0.5094507301269274,0.185665625386068,0.26986754966887416
0.5093603210847062,0.18698928716401053,0.2726269315673289
0.509179551130402,0.1870245848114223,0.2726269315673289
0.5090891902126252,0.18815410952859993,0.27593818984547464
0.5089085164815904,0.1881894071760117,0.27593818984547464
0.5088182036626415,0.18953071777766012,0.27869757174392934
0.5086376261036567,0.189548366601366,0.27869757174392934
0.5085473613579329,0.19081908190819083,0.28090507726269315
0.5082766632217179,0.19237217839431,0.282560706401766
0.5080962778532842,0.19240747604172181,0.282560706401766
0.5080061091772563,0.1938193819381938,0.28421633554083886
0.5078258198273781,0.19385467958560562,0.28421633554083886
0.5077356991478486,0.1949312578316655,0.28642384105960267
0.5074654330568357,0.1962372707859021,0.2886313465783664
0.5072853355907645,0.19627256843331392,0.2886313465783664
0.5071953108275999,0.19761387903496233,0.2886313465783664
0.5070153092268346,0.1976491766823741,0.2886313465783664
0.5069253323835641,0.19902578493143433,0.29083885209713023
0.506745426597076,0.1990610825788461,0.29083885209713023
0.5066554976481916,0.20043769082790633,0.2913907284768212
0.5064756876249792,0.20050828612272992,0.2913907284768212
0.5063858065449871,0.20209668025626093,0.2924944812362031
0.5062060922340756,0.2021319779036727,0.2924944812362031
0.5061162589974953,0.20340269321049753,0.293598233995585
0.5059366403479376,0.20342034203420342,0.293598233995585
0.5058468549293023,0.20488519440179312,0.2947019867549669
0.5056673318901781,0.20493814087291082,0.2947019867549669
0.5055775942640343,0.2062088561797356,0.2958057395143488
0.5053981667844504,0.20622650500344153,0.2958057395143488
0.5053084769253584,0.2073207320732073,0.29856512141280356
0.5050395028369823,0.20869734032226753,0.29856512141280356
0.5049498766277432,0.20871498914597342,0.29856512141280356
0.5048602663239081,0.20876793561709112,0.29856512141280356
0.5047706719226545,0.21005629974762183,0.29911699779249445
0.5045019841061638,0.21155644976262333,0.30022075055187636
0.5043229383563516,0.21157409858632922,0.30022075055187636
0.5042334393113395,0.21286246271685993,0.30022075055187636
0.5040544888670081,0.21288011154056583,0.30022075055187636
0.5039650374620519,0.21432731508444963,0.3018763796909492
0.5036967784822114,0.21580981627574522,0.3029801324503311
0.5035180184966762,0.21584511392315703,0.3029801324503311
0.5034286622957691,0.2172393709959231,0.30353200883002207
0.5031606888267165,0.21863362806868922,0.3057395143487859
0.5028928579990856,0.22009848043627891,0.3068432671081678
0.5027143833217359,0.22013377808369072,0.3068432671081678
0.5026251697369488,0.2215103863327509,0.30739514348785874
0.5024467900610998,0.22154568398016272,0.30739514348785874
0.5023576239644191,0.22265755987363442,0.3090507726269316
0.5021793392395018,0.2226752086973403,0.3090507726269316
0.5020902206056495,0.2240341681226946,0.31015452538631344
0.5019120307811219,0.2240871145938123,0.31015452538631344
0.5018229595848337,0.22548137166657842,0.31125827814569534
0.5016448646101807,0.22555196696140203,0.31125827814569534
0.5015558408262057,0.22726390286087433,0.31125827814569534
0.5013778406509388,0.22733449815569792,0.31125827814569534
0.5012888642540398,0.2287640528758758,0.31346578366445915
0.5011109588276977,0.22878170169958173,0.31346578366445915
0.5010220297926506,0.23005241700640652,0.31567328918322296
0.5009331165392845,0.2300700658301124,0.31567328918322296
0.5008442190647987,0.23014066112493603,0.31567328918322296
0.500755337366393,0.2315349181977021,0.31677704194260486
0.5005776212866236,0.23160551349252573,0.31677704194260486
0.5005776212866235,0.23162316231623162,0.31677704194260486
0.500488786899662,0.23291152644676233,0.3189845474613687
0.5003111654175944,0.23298212174158592,0.3189845474613687
0.5002223783168932,0.23437637881435203,0.3195364238410596
0.500044851382173,0.23444697410917562,0.3195364238410596
0.49995611154256214,0.23562944529747093,0.32064017660044153
0.49977867910486234,0.23568239176858863,0.32064017660044153
0.4996899865011845,0.23704135119394293,0.32339955849889623
0.49951264851020466,0.23705900001764882,0.32339955849889623
0.49942400311731655,0.23818852473482643,0.326158940397351
0.4992467595227829,0.23820617355853232,0.326158940397351
0.4991581613155542,0.23952983533647482,0.3283664459161148
0.49898101206721984,0.23958278180759252,0.3283664459161148
0.49893673457937743,0.23958278180759252,0.32891832229580575
0.498892461020534,0.24095939005665273,0.3305739514348786
0.4987154060681787,0.24101233652777043,0.3305739514348786
0.4987154060681786,0.2410476341751822,0.3305739514348786
0.4986269021569321,0.24251248654277194,0.3333333333333333
0.49844994145036253,0.24256543301388964,0.3333333333333333
0.4984499414503624,0.24258308183759553,0.3333333333333333
0.4983614846494652,0.24418912479483243,0.3360927152317881
0.4981846181385145,0.24424207126595013,0.3360927152317881
0.4980962084228899,0.2454774889253631,0.33719646799117
0.497919436057418,0.24549513774906903,0.33719646799117
0.49783107340200267,0.2468893948218351,0.33774834437086093
0.4976543951318963,0.24690704364554103,0.33774834437086093
0.4975660795116402,0.2482483542471894,0.3394039735099338
0.4973894952868128,0.24831894954201303,0.3394039735099338
0.4973894952868127,0.24833659836571892,0.3394039735099338
0.4973012266766792,0.24955436720142601,0.33995584988962474
0.4971247364470707,0.24957201602513193,0.33995584988962474
0.4970365148220364,0.25107216604013344,0.3405077262693157
0.49686011853761347,0.25112511251125114,0.3405077262693157
0.4968601185376134,0.251142761334957,0.3405077262693157
0.49677194387266843,0.25276645311589985,0.34105960264900664
0.4965956414834243,0.2527841019396057,0.34105960264900664
0.4965956414834241,0.2528370484107234,0.34105960264900664
0.49650751375357166,0.25423130548348954,0.34381898454746135
0.49624322438978286,0.2554490743191966,0.3443708609271523
0.4960671096409826,0.25546672314290253,0.3443708609271523
0.49606710964098255,0.2555020207903143,0.3443708609271523
0.4959790757063782,0.25677273609713913,0.3454746136865342
0.4958030547028963,0.25679038492084505,0.3454746136865342
0.49580305470289626,0.25684333139196275,0.3454746136865342
0.49571506762847417,0.25820229081731705,0.34823399558498896
0.49553914032041013,0.2582199396410229,0.34823399558498896
0.49545120008122673,0.2596847920086126,0.3487858719646799
0.4952753664187069,0.2597024408323185,0.3487858719646799
0.49518747298983196,0.26090256084431973,0.3509933774834437
0.4950995951588553,0.2609378584917315,0.3509933774834437
0.495011732923009,0.26095550731543743,0.3509933774834437
0.49492388627952555,0.2624203596830271,0.3515452538631347
0.49474823975857896,0.26249095497785074,0.3515452538631347
0.4946604398755832,0.264026402640264,0.35209713024282563
0.49448488685071884,0.26406170028767584,0.35209713024282563
0.49448488685071873,0.2641322955824994,0.35209713024282563
0.49439713370332034,0.2653500644182065,0.3554083885209713
0.4943093961289254,0.26536771324191244,0.3554083885209713
0.49422167412477036,0.2654030108893242,0.3554083885209713
0.4942216741247702,0.26542065971303014,0.3554083885209713
0.49413396768809187,0.26700905384656115,0.35596026490066224
0.4939586015061151,0.267026702670267,0.35596026490066224
0.4938709417552929,0.26831506680079775,0.35706401766004414
0.49369566892017475,0.2683856620956213,0.35706401766004414
0.49360805583035783,0.2697975679920933,0.3576158940397351
0.49343287629241,0.26981521681579923,0.3576158940397351
0.493345309838761,0.27103298565150635,0.36037527593818985
0.49317022354832174,0.27106828329891813,0.36037527593818985
0.49308270370601637,0.2727272727272727,0.36147902869757176
0.49290771061345023,0.2727978680220963,0.36147902869757176
0.49282023735767744,0.27406858332892114,0.36258278145695366
0.4926453374133756,0.274086232152627,0.36258278145695366
0.49255791071933736,0.2755687333439226,0.36423841059602646
0.49238310387371725,0.27558638216762854,0.36423841059602646
0.4922957237166291,0.27694534159298284,0.3669977924944812
0.49203367627522504,0.2780042710153368,0.3681015452538631
0.4918590554783265,0.27802191983904273,0.3681015452538631
0.49185905547832637,0.2780572174864545,0.3681015452538631
0.491771768320837,0.27939852808810295,0.37030905077262694
0.4916844966536549,0.2794161769118088,0.37030905077262694
0.49159724047403086,0.27943382573551473,0.37030905077262694
0.4915099997792166,0.28063394574751593,0.3730684326710817
0.4913355648330259,0.28065159457122185,0.3730684326710817
0.4912483705761549,0.28206350046769385,0.3730684326710817
0.4911611917931046,0.2820811492913997,0.3730684326710817
0.4910740284811289,0.28209879811510563,0.3730684326710817
0.49098688063748236,0.2832812693034009,0.37362030905077265
0.49094331251542467,0.28329891812710684,0.37362030905077265
0.4908126313441968,0.28331656695081275,0.37362030905077265
0.4908126313441967,0.2833342157745186,0.37362030905077265
0.49072552988906903,0.2845696334339316,0.37472406181015455
0.49055137334812565,0.2845872822576375,0.37472406181015455
0.49046431825682424,0.2858932952118741,0.37748344370860926
0.4902902544188515,0.28591094403558004,0.37748344370860926
0.49020324566669715,0.2872522546372284,0.37858719646799116
0.4901162523554432,0.28726990346093434,0.37858719646799116
0.4899423120446759,0.28868180935740634,0.37969094922737306
0.48976843346463395,0.28869945818111226,0.37969094922737306
0.4896815173167883,0.2903937452568786,0.38355408388520973
0.48950773129175906,0.29041139408058453,0.38355408388520973
0.48942086140910135,0.2919821393904096,0.38576158940397354
0.48937743224903957,0.29199978821411554,0.38576158940397354
0.4892471678898182,0.2920174370378214,0.38576158940397354
0.48924716788981815,0.2920703835089391,0.38576158940397354
0.48916034424772153,0.29369407528988195,0.38741721854304634
0.489073536013675,0.2937117241135878,0.38741721854304634
0.488986743184944,0.29374702176099965,0.38741721854304634
0.48889996575879474,0.2952295229522952,0.3879690949227373
0.4888132037324939,0.2952471717760011,0.3879690949227373
0.4888132037324938,0.29526482059970705,0.3879690949227373
0.4887264571033085,0.2953001182471188,0.3879690949227373
0.488639725868506,0.2963766964931787,0.39183222958057395
0.4883796245030796,0.29775330474223893,0.3923841059602649
0.4883362877380255,0.29777095356594485,0.3923841059602649
0.4882063005146377,0.29782390003706255,0.3923841059602649
0.48811966158877934,0.29912991299129915,0.39403973509933776
0.4879464298601429,0.29923580593353455,0.39403973509933776
0.48785983705190805,0.300559467711477,0.39514348785871967
0.48768669753396754,0.3006124141825947,0.39514348785871967
0.48768669753396743,0.30064771183000655,0.39514348785871967
0.4876001508188079,0.3022361059635375,0.39679911699779247
0.48742710346247975,0.3022890524346552,0.39679911699779247
0.4873406028158603,0.30410688127636293,0.3973509933774834
0.48716764757208714,0.3041598277474806,0.3973509933774834
0.48708119296948565,0.3056246801150703,0.3984547461368653
0.4868219212061437,0.3069659907167187,0.40066225165562913
0.4866491500404132,0.30700128836413054,0.40066225165562913
0.4866491500404131,0.3070189371878364,0.40066225165562913
0.4865627874523332,0.3081661107287199,0.4012141280353201
0.4863901082521424,0.30818375955242583,0.4012141280353201
0.48630379163459236,0.30927798662219164,0.4012141280353201
0.48626063907026396,0.30929563544589755,0.4012141280353201
0.4861312043509883,0.3093132842696034,0.4012141280353201
0.48604493367949797,0.3110075713453698,0.402317880794702
0.4860018040851418,0.31102522016907574,0.402317880794702
0.4858724382635539,0.3110428689927816,0.40286975717439294
0.4857862135136664,0.3124724237129595,0.4056291390728477
0.4857431068770557,0.3125077213603713,0.4056291390728477
0.4855276310637528,0.31384903196201974,0.40783664459161145
0.4853553192364517,0.3138666807857256,0.40783664459161145
0.4852691862564514,0.3155080213903743,0.4083885209713024
0.4850108790184955,0.31716701081872894,0.4094922737306843
0.4847527092766573,0.3184906725966714,0.4105960264900662
0.48458067246601977,0.3185083214203773,0.4105960264900662
0.48449467695774817,0.31988492966943755,0.4116997792494481
0.48445168492668894,0.3199025784931434,0.4116997792494481
0.48432273172175544,0.3199555249642611,0.4116997792494481
0.4843227317217554,0.319973173787967,0.4116997792494481
0.4842367819886182,0.3213144843896154,0.41280353200883
0.4840649282785255,0.32134978203702724,0.41280353200883
0.48406492827852543,0.3213674308607331,0.41280353200883
0.4839790242961567,0.32260284852014615,0.41501103752759383
0.483807262063245,0.3226381461675579,0.41501103752759383
0.4838072620632449,0.32265579499126384,0.41501103752759383
0.4837214038072916,0.32383826617955913,0.41611479028697573
0.48367848039325734,0.32385591500326505,0.41611479028697573
0.4836784803932573,0.3238735638269709,0.41611479028697573
0.4835497330028679,0.32389121265067683,0.41611479028697573
0.48354973300286774,0.32390886147438275,0.4166666666666667
0.4834639204489899,0.32532076737085475,0.41721854304635764
0.4832923410243871,0.3253384161945606,0.41721854304635764
0.4832065741482575,0.32662678032509135,0.41997792494481234
0.48294936483213907,0.3280563350452692,0.41997792494481234
0.48277796802128037,0.3281092815163869,0.41997792494481234
0.4827779680212803,0.32814457916379874,0.41997792494481234
0.4826922924277181,0.32932705035209403,0.42218543046357615
0.4824353568621169,0.3307742538959778,0.423841059602649
0.48226414247064464,0.33080955154338965,0.423841059602649
0.4821785580624967,0.3322391062635675,0.42549668874172186
0.48192189595605733,0.3336510121600395,0.4260485651214128
0.4817508637898206,0.3336510121600395,0.42660044150110377
0.4816653704700375,0.33506291805651156,0.42770419426048567
0.4814944293436767,0.3350805668802174,0.4282560706401766
0.48149442934367664,0.3351335133513351,0.4282560706401766
0.4814089815317145,0.3367572051322779,0.4299116997792494
0.48123813139676935,0.3368101516033956,0.4299116997792494
0.4812381313967692,0.3368630980745133,0.4299116997792494
0.4811527290684045,0.33831030161839715,0.4299116997792494
0.48111003358782223,0.338327950442103,0.4299116997792494
0.4809819698764405,0.3383455992658089,0.4299116997792494
0.48098196987644043,0.33836324808951485,0.4299116997792494
0.48089661300746234,0.3398104516333986,0.43432671081677704
0.48072594471007085,0.3398633981045163,0.43432671081677704
0.4806406332762814,0.34113411341134114,0.43543046357615894
0.4804700558250795,0.341151762235047,0.4359823399558499
0.48047005582507946,0.3411694110587529,0.4359823399558499
0.4803847898022938,0.34272250754487216,0.4359823399558499
0.4802143031489243,0.34275780519228394,0.43653421633554085
0.4801290825129703,0.34424030638357955,0.43763796909492275
0.4799586866091019,0.3442579552072854,0.43763796909492275
0.47987351133582024,0.34607578404899314,0.43984547461368656
0.4797032061331472,0.3461110816964049,0.44039735099337746
0.47961807619839136,0.3475759340639946,0.44150110375275936
0.4794478616486338,0.34759358288770054,0.44150110375275936
0.47936277702827046,0.34911138172640793,0.44150110375275936
0.4791926530831741,0.34916432819752563,0.44150110375275936
0.47919265308317405,0.34923492349234925,0.44150110375275936
0.47910761375308236,0.35077037115476256,0.4420529801324503
0.4789375803644187,0.35080566880217434,0.4420529801324503
0.47885258630049066,0.35234111646458766,0.44370860927152317
0.47868264342005656,0.35237641411199944,0.44370860927152317
0.47859769459819745,0.35378832000847144,0.4442604856512141
0.478427842177816,0.35385891530329505,0.4442604856512141
0.4784278421778159,0.3539295105981186,0.4442604856512141
0.47834293857394333,0.35542966061312015,0.4448123620309051
0.4783004924224165,0.355447309436826,0.4448123620309051
0.4781731765654627,0.35550025590794376,0.4448123620309051
0.47817317656546265,0.35555320237906146,0.4448123620309051
0.4780883181555073,0.3572474894548278,0.445364238410596
0.4779186465108015,0.3573004359259455,0.445364238410596
0.4778338332707067,0.35862409770388803,0.445364238410596
0.4776642519416755,0.3586593953512998,0.445364238410596
0.47757948384739746,0.35998305712924233,0.445916114790287
0.4775371054416496,0.36000070595294825,0.445916114790287
0.47732526981347395,0.3616067489101851,0.44757174392935983
0.4771558689715933,0.36164204655759696,0.44757174392935983
0.47707119109686874,0.36298335715924535,0.4503311258278146
0.47702885779489346,0.36300100598295126,0.4503311258278146
0.4769018804265152,0.36303630363036304,0.4503311258278146
0.47681724762555294,0.3644835071742468,0.4530905077262693
0.47664802707872844,0.36450115599795274,0.4530905077262693
0.4765634393275358,0.3661601454263073,0.45364238410596025
0.4763943088562679,0.36617779425001323,0.45364238410596025
0.476309766130865,0.367624997793897,0.4541942604856512
0.47614072568720683,0.36764264661760293,0.45474613686534215
0.4760562279636267,0.36928398722225164,0.45584988962472406
0.47588727749965676,0.36930163604595756,0.45584988962472406
0.4758872774996567,0.36933693369336934,0.456401766004415
0.47580282475394503,0.37066059547131186,0.45916114790286977
0.47563396422176746,0.37071354194242956,0.45916114790286977
0.4755495564299825,0.3723019360759605,0.4597130242825607
0.4752964229199399,0.3740491696228446,0.4613686534216336
0.4751277421077613,0.37408446727025646,0.4613686534216336
0.47504342415205625,0.37593759375937597,0.4630242825607064
0.4750012707856378,0.37595524258308183,0.4630242825607064
0.4748748331281352,0.37595524258308183,0.4641280353200883
0.47479056005460873,0.37782601789590725,0.46467991169977924
0.4746220587711513,0.37787896436702495,0.46467991169977924
0.4746220587711512,0.3778966131907308,0.46467991169977924
0.47453783055591264,0.3793085190872028,0.4652317880794702
0.47436941896515017,0.37934381673461465,0.4652317880794702
0.47428523558432156,0.38068512733626303,0.4652317880794702
0.47411691363851094,0.38072042498367487,0.4652317880794702
0.474032775068227,0.38216762852755864,0.46578366445916114
0.4738645427196506,0.38218527735126456,0.46578366445916114
0.4738645427196505,0.3822029261749704,0.46578366445916114
0.47378044893605886,0.38370307618997196,0.4685430463576159
0.47361230613702426,0.38375602266108966,0.4685430463576159
0.47352825711628505,0.38560914915020916,0.4696467991169978
0.4734442230112011,0.385626797973915,0.4696467991169978
0.4733602038191254,0.38569739326873864,0.4696467991169978
0.4732761995374113,0.3870916503415047,0.4707505518763797
0.4732342029871131,0.38710929916521064,0.4707505518763797
0.473108235694485,0.38712694798891656,0.4707505518763797
0.47302427612798187,0.38843296094315316,0.4718543046357616
0.4728564016916727,0.388450609766859,0.4718543046357616
0.4728564016916726,0.38846825859056494,0.4718543046357616
0.47277248681657863,0.38998605742927234,0.47295805739514346
0.4727305349636403,0.3900213550766841,0.47295805739514346
0.47260470173929575,0.3900743015478018,0.47295805739514346
0.4725208315318217,0.39185683274209776,0.47406181015452536
0.47235313576599947,0.39196272568433316,0.47406181015452536
0.47226931020236906,0.39356876864157003,0.4768211920529801
0.4722274029992188,0.39358641746527595,0.4768211920529801
0.47218549951473837,0.3936040662889818,0.4768211920529801
0.4721017037004674,0.3936570127600995,0.4768211920529801
0.4720179227569168,0.3951924604225128,0.48013245033112584
0.47185040547142076,0.39521010924621874,0.48013245033112584
0.47185040547142065,0.39522775806992466,0.4806843267108168
0.4717666691241988,0.396922045145691,0.48123620309050774
0.4715992410076188,0.3970279380879264,0.48123620309050774
0.471515549232987,0.39847514163181025,0.48233995584988965
0.4713482102378588,0.39851043927922203,0.4828918322295806
0.4713482102378587,0.39854573692663386,0.48344370860927155
0.4712645630120913,0.40001058929422356,0.48344370860927155
0.47122274496600386,0.4000282381179294,0.48344370860927155
0.47109731309097574,0.40004588694163534,0.48344370860927155
0.4710137103903593,0.40166957872257814,0.48399558498896245
0.47084654949584265,0.4017048763699899,0.48399558498896245
0.4708465494958425,0.40172252519369583,0.48399558498896245
0.4707629912966767,0.40329327050352093,0.48509933774834435
0.47072121775796544,0.40331091932722685,0.48509933774834435
0.47059591938137024,0.40336386579834455,0.48509933774834435
0.47059591938137013,0.40338151462205046,0.48509933774834435
0.4705124056599669,0.4049699087555814,0.48730684326710816
0.47034542267650736,0.4050228552266991,0.48730684326710816
0.4703454226765073,0.40504050405040504,0.48730684326710816
0.4702619534091912,0.40673479112617145,0.48951434878587197
0.47009505931024037,0.40675243994987736,0.4900662251655629
0.47003666036978364,0.4067700887735832,0.4900662251655629
0.4700116344733487,0.40869381055752635,0.4911699779249448
0.46984482921159365,0.40874675702864405,0.4911699779249448
0.46976144878147624,0.41054693704664585,0.4922737306843267
0.4697197641154583,0.4105645858703517,0.4922737306843267
0.4695947323096293,0.41065282998888125,0.4928256070640177
0.4695113962626485,0.41204708706164733,0.49724061810154524
0.46934476853344703,0.41208238470905917,0.49724061810154524
0.469344768533447,0.41210003353276503,0.49724061810154524
0.46928646280006725,0.41211768235647095,0.49724061810154524
0.4692614768459778,0.4136178323714724,0.4977924944812362
0.46909493781218453,0.4136707788425901,0.4977924944812362
0.4690366631147604,0.41368842766629604,0.4977924944812362
0.46901169046061447,0.41517092885759166,0.5005518763796909
0.4689700723250138,0.4151885776812975,0.5005518763796909
0.468845240075017,0.41522387532870936,0.5005518763796909
0.4688452400750169,0.4152415241524152,0.5011037527593819
0.46878699639702814,0.41525917297612114,0.5011037527593819
0.4687620370357463,0.4168122694622403,0.5033112582781457
0.4685956752511574,0.41684756710965215,0.5033112582781457
0.4685956752511573,0.41686521593335807,0.5038631346578366
0.4685125165005988,0.41834771712465363,0.5055187637969095
0.4684709426596075,0.41834771712465363,0.5060706401766004
0.46834624326985647,0.41838301477206546,0.5060706401766004
0.4682631287844352,0.41977727184483155,0.5077262693156733
0.4680969440604026,0.41979492066853746,0.5077262693156733
0.46809694406040253,0.41983021831594924,0.5077262693156733
0.46801387381655646,0.42120682656500946,0.5099337748344371
0.46797234422303113,0.4212244753887153,0.5099337748344371
0.46784777755212165,0.42124212421242124,0.5099337748344371
0.4678477775521216,0.42125977303612716,0.5099337748344371
0.467764751526301,0.42277757187483456,0.510485651214128
0.4677232440388457,0.4227952206985404,0.5110375275938189
0.4675987436743772,0.4228481671696581,0.5110375275938189
0.467515761843045,0.42427772188983603,0.5121412803532008
0.46747427644989265,0.42427772188983603,0.5132450331125827
0.4674742764498926,0.42429537071354195,0.5132450331125827
0.4674327947379805,0.4243130195372478,0.5132450331125827
0.46734984235657057,0.42438361483207143,0.5132450331125827
0.46726690469620213,0.42583081837595527,0.5160044150110376
0.4671839817542626,0.42584846719966113,0.5160044150110376
0.46710107352814045,0.42591906249448475,0.5160044150110376
0.46710107352814034,0.42593671131819066,0.5160044150110376
0.46701818001522366,0.42759570074654524,0.5171081677704195
0.46685243711856317,0.427630998393957,0.5171081677704195
0.46685243711856306,0.42766629604136885,0.5171081677704195
0.46676958772959853,0.42911349958525263,0.522075055187638
0.466686753043398,0.42913114840895855,0.522075055187638
0.4666039330573526,0.42916644605637033,0.522075055187638
0.46652112776885307,0.43086073313213674,0.5226269315673289
0.4663555612740601,0.43091367960325444,0.5226269315673289
0.4663555612740599,0.4309489772506662,0.5226269315673289
0.4662728000625511,0.43232558549972644,0.5237306843267108
0.4661073216982744,0.43237853197084414,0.5242825607064018
0.46602460454029415,0.43403752139919877,0.5253863134657837
0.4658592142596223,0.43405517022290463,0.5253863134657837
0.46585921425962223,0.43409046787031647,0.5253863134657837
0.465776541131721,0.43544942729567077,0.5259381898454746
0.46573521006973967,0.43544942729567077,0.5264900662251656
0.46561123888776734,0.43548472494308255,0.5264900662251656
0.46561123888776723,0.43550237376678846,0.5264900662251656
0.46552860976650795,0.43682603554473093,0.5275938189845475
0.4654873007049189,0.43682603554473093,0.5281456953642384
0.4653633955124107,0.43691427966326046,0.5281456953642384
0.4652808103743687,0.43832618555973246,0.5292494481236203
0.46511568406329123,0.43837913203085016,0.5292494481236203
0.46503314288505443,0.44003812145920473,0.5303532008830022
0.464868104470185,0.44014401440144013,0.5309050772626932
0.4647856072283537,0.44155592029791213,0.5314569536423841
0.4646206566629055,0.44159121794532397,0.5314569536423841
0.46462065666290536,0.44162651559273575,0.5314569536423841
0.4645382033340925,0.4430737191366195,0.532560706401766
0.46449698215702756,0.44310901678403136,0.532560706401766
0.46437334057130336,0.4431266656077372,0.532560706401766
0.4643733405713033,0.4431796120788549,0.532560706401766
0.46429093113213404,0.44483860150720955,0.5342163355408388
0.464126156125267,0.44485625033091547,0.5347682119205298
0.46412615612526686,0.44490919680203317,0.5347682119205298
0.4640437905523789,0.44625050740368155,0.5380794701986755
0.46400261324743614,0.44626815622738747,0.5380794701986755
0.4640026132474361,0.44628580505109333,0.5380794701986755
0.4639614395963952,0.44630345387479925,0.5380794701986755
0.46387910325472165,0.44633875152221103,0.5380794701986755
0.4638791032547216,0.4464446444644464,0.5380794701986755
0.46379678152476495,0.44789184800833026,0.5397350993377483
0.4637556261383702,0.4479094968320361,0.5397350993377483
0.4636321818896303,0.4479624433031538,0.5397350993377483
0.4635499039792676,0.4493743491996258,0.5413907284768212
0.46338539195999306,0.44939199802333174,0.5413907284768212
0.46338539195999295,0.44940964684703766,0.5413907284768212
0.46330315784589915,0.451280422159863,0.5419426048565121
0.4632620462616047,0.45129807098356894,0.5419426048565121
0.46313873339584705,0.45131571980727486,0.5419426048565121
0.463138733395847,0.45135101745468664,0.5419426048565121
0.4630565430547094,0.4529041139408058,0.543046357615894
0.4628922061272669,0.4529570604119235,0.543046357615894
0.4628100595357854,0.45449250807433683,0.5458057395143487
0.4626458100843645,0.45456310336916045,0.5463576158940397
0.4625637072192513,0.45623974162122094,0.5469094922737306
0.46239954519728876,0.4563809322108682,0.5474613686534217
0.4623585137958011,0.45639858103457404,0.5474613686534217
0.46231748603526845,0.45777518928363425,0.5496688741721855
0.46227646191536764,0.45779283810734017,0.5496688741721855
0.4621534113962259,0.45781048693104603,0.5496688741721855
0.46215341139622584,0.45784578457845787,0.5496688741721855
0.46207139591403545,0.45946947635940066,0.5502207505518764
0.4619893949866208,0.4594871251831065,0.5502207505518764
0.4619074086113992,0.4595930181253419,0.5513245033112583
0.4618664208800536,0.45961066694904784,0.5513245033112583
0.46182543678578797,0.46093432872699036,0.5557395143487859
0.46174347950720507,0.4609519775506962,0.5557395143487859
0.46166153677306915,0.46098727519810806,0.5557395143487859
0.4616615367730691,0.4610049240218139,0.5562913907284768
0.46157960858079883,0.46264626462646263,0.5579470198675497
0.4614976949278136,0.46266391345016855,0.5579470198675497
0.4614157958115334,0.46268156227387447,0.5584988962472406
0.46141579581153336,0.46273450874499217,0.5584988962472406
0.46133391122937817,0.46400522405181693,0.5596026490066225
0.46129297438779143,0.46402287287552285,0.5596026490066225
0.4611701856571266,0.46407581934664055,0.5596026490066225
0.46117018565712653,0.46409346817034647,0.5601545253863135
0.46108834466187293,0.46561126700905386,0.5629139072847682
0.4609247062402205,0.46564656465646564,0.5629139072847682
0.46092470624022047,0.4656818623038774,0.5629139072847682
0.4608429088086672,0.46697022643440816,0.5645695364238411
0.460679357491224,0.46700552408181994,0.5645695364238411
0.46063847873199804,0.46702317290552586,0.5645695364238411
0.4605976036001823,0.46864686468646866,0.5656732891832229
0.460434139340583,0.46868216233388044,0.5656732891832229
0.46043413934058297,0.46869981115758635,0.5656732891832229
0.4603524289668764,0.47018231234888197,0.5684326710816777
0.46031157921792026,0.47019996117258783,0.5684326710816777
0.46018905171878044,0.47025290764370553,0.5684326710816777
0.46018905171878033,0.47027055646741145,0.5684326710816777
0.46010738483924474,0.47175305765870706,0.5717439293598234
0.45994409455633606,0.4718236529535306,0.5717439293598234
0.4598624711478196,0.47335910061594394,0.5717439293598234
0.45982166487567083,0.47337674943964986,0.5717439293598234
0.459699267783807,0.47342969591076756,0.5717439293598234
0.4596176878231702,0.47496514357318087,0.5733995584988962
0.4594790351145434,0.47498279239688673,0.5733995584988962
0.45945457133178697,0.47503573886800443,0.5733995584988962
0.4594545713317869,0.47508868533912213,0.5733995584988962
0.4593730347959026,0.47650059123559413,0.5750551876379691
0.4593322719542885,0.47651824005930005,0.5750551876379691
0.4592100051309068,0.4765535377067118,0.5750551876379691
0.45921000513090676,0.47657118653041775,0.5750551876379691
0.4591285119966601,0.47819487831136054,0.5772626931567328
0.45908777085297636,0.47821252713506646,0.5772626931567328
0.45896556911183434,0.4782301759587724,0.5772626931567328
0.4589655691118342,0.47824782478247824,0.5772626931567328
0.45888411935612267,0.4794832424418912,0.5778145695364238
0.45884339989881956,0.47950089126559714,0.5778145695364238
0.458721263205274,0.47955383773671484,0.5778145695364238
0.45863985680500713,0.48071866010130426,0.5816777041942605
0.4585991590225412,0.4807363089250101,0.5816777041942605
0.45847708734196746,0.48077160657242196,0.5816777041942605
0.4583957242740675,0.4820423218792467,0.5827814569536424
0.4583143756451636,0.48205997070295264,0.5827814569536424
0.45823304145269317,0.48213056599777626,0.5827814569536424
0.4581517216940944,0.48364836483648366,0.5833333333333334
0.45811106722669637,0.4836660136601896,0.5833333333333334
0.4579891254682663,0.48368366248389544,0.5833333333333334
0.4579891254682662,0.4837189601313073,0.5833333333333334
0.45790784899591525,0.48548384250189724,0.5849889624724062
0.45782658694719264,0.48550149132560316,0.5849889624724062
0.4577453393195388,0.48553678897301494,0.5849889624724062
0.4576641061103945,0.48726637369619313,0.58719646799117
0.45750168293739973,0.48733696899101675,0.58719646799117
0.4574204929684332,0.48885476782972415,0.5888520971302428
0.45725815625277466,0.48892536312454776,0.5888520971302428
0.4571770095009693,0.49060200137660825,0.5905077262693157
0.457014759196626,0.49070789431884365,0.5905077262693157
0.45701475919662593,0.49074319196625543,0.5905077262693157
0.45693365563897737,0.49211980021531565,0.5927152317880795
0.4568931092576661,0.49213744903902157,0.5927152317880795
0.45677149169995296,0.49219039551013927,0.5927152317880795
0.4567714916999529,0.49229628845237466,0.5927152317880795
0.45669043131346904,0.49414941494149417,0.5943708609271523
0.4565283536937914,0.49420236141261187,0.5943708609271523
0.45652835369379136,0.49427295670743543,0.5943708609271523
0.45644733645549224,0.49566721378020157,0.5943708609271523
0.45630964014566405,0.49568486260390743,0.5943708609271523
0.45628534510921404,0.4957378090750251,0.5943708609271523
0.45628534510921387,0.49577310672243696,0.5943708609271523
0.45624485625626726,0.49580840436984874,0.5943708609271523
0.45620437099613204,0.497361500855968,0.5960264900662252
0.45616388932848956,0.49737914967967384,0.5960264900662252
0.4561234112530208,0.4974144473270857,0.5960264900662252
0.4560667479816098,0.49743209615079154,0.5960264900662252
0.45604246587733,0.49746739379820337,0.5960264900662252
0.45604246587732994,0.49748504262190923,0.5960264900662252
0.4560019985764704,0.49750269144561515,0.5960264900662252
0.45596153486650987,0.4991616808739697,0.597682119205298
0.45592107474712973,0.49917932969767564,0.597682119205298
0.4557997159292854,0.4992675738162051,0.597682119205298
0.45579971592928537,0.49933816911102874,0.597682119205298
0.4557188279977839,0.5008559679497362,0.5993377483443708
0.45567838941519606,0.500873616773442,0.5993377483443708
0.4556379544209588,0.5008912655971479,0.5993377483443708
0.45555709519626286,0.5009442120682657,0.5993377483443708
0.45547625032114897,0.5024973085543849,0.6020971302428256
0.4553146036094816,0.5026032014966203,0.6020971302428256
0.4552338017678365,0.504050405040504,0.6048565121412803
0.4551934062244475,0.5040680538642099,0.6048565121412803
0.4550722411001975,0.5041915956301513,0.6048565121412803
0.4550318598930263,0.5042092444538572,0.6048565121412803
0.4549914822691147,0.5056564479977409,0.6059602649006622
0.45495110822814444,0.5056740968214468,0.6059602649006622
0.45493495961490865,0.5056917456451527,0.6059602649006622
0.45483000759970305,0.5057270432925646,0.6065121412803532
0.454830007599703,0.5057976385873881,0.6070640176600441
0.454749291756288,0.5071036515416247,0.609271523178808
0.4547089392062908,0.5071213003653307,0.609271523178808
0.4545879030393272,0.5072095444838601,0.609271523178808
0.45458790303932717,0.5072624909549779,0.609271523178808
0.45450723016069783,0.509009724501862,0.6098233995584988
0.45434592735043566,0.5090450221492737,0.6098233995584988
0.4543459273504356,0.5090979686203915,0.6098233995584988
0.4542652974137219,0.5105451721642752,0.6103752759381899
0.4542249878113581,0.5105628209879811,0.6103752759381899
0.45410408046443046,0.510598118635393,0.6103752759381899
0.4541040804644303,0.5106687139302165,0.6103752759381899
0.4540234934467744,0.5124335963008065,0.6114790286975718
0.45388652833682674,0.5124512451245125,0.6114790286975718
0.4538623623127501,0.5125041915956301,0.6114790286975718
0.45386236231275007,0.5125571380667479,0.6114790286975718
0.4537818181913063,0.5143749669084555,0.6147902869757175
0.45362077282687,0.5144455622032792,0.6147902869757175
0.45362077282686997,0.5144985086743968,0.6147902869757175
0.45358052041692215,0.5145161574981028,0.6147902869757175
0.4535402715788048,0.5158398192760453,0.6164459161147903
0.45337931193830167,0.5159457122182807,0.6164459161147903
0.4533793119383016,0.516069253984222,0.6164459161147903
0.45329885354079363,0.517481159880694,0.6181015452538632
0.4532586296966167,0.5174988087043999,0.6181015452538632
0.45321840942173536,0.5175164575281057,0.6181015452538632
0.45313797957859303,0.5175517551755175,0.6181015452538632
0.45305756400883307,0.5190166075431073,0.619757174392936
0.45301736157567984,0.5190342563668131,0.619757174392936
0.4528967756793287,0.5191577981327544,0.619757174392936
0.45281640291451963,0.5206579481477559,0.6225165562913907
0.4526557001721296,0.5207108946188737,0.6225165562913907
0.4526557001721295,0.5207638410899913,0.6225165562913907
0.4525753701894865,0.522228693457581,0.6225165562913907
0.452414752988653,0.5223345863998164,0.6225165562913907
0.45241475298865297,0.5223698840472283,0.6225165562913907
0.45233446576540315,0.5237994387674062,0.6230684326710817
0.4522943274969634,0.523817087591112,0.6230684326710817
0.45217393406059264,0.5238523852385238,0.6230684326710817
0.4521739340605926,0.5239406293570533,0.6230684326710817
0.4521338100370649,0.5239582781807592,0.6230684326710817
0.4520936895739753,0.5254407793720548,0.6247240618101545
0.45205357267100765,0.5254584281957607,0.6247240618101545
0.45193324331967855,0.5254937258431726,0.6247240618101545
0.4519332433196784,0.5255643211379961,0.6247240618101545
0.45185304154694506,0.5270644711529977,0.6280353200883002
0.4518129459980768,0.5271174176241153,0.6280353200883002
0.45169268069767704,0.5272056617426448,0.6280353200883002
0.45169268069767693,0.5272409593900567,0.6280353200883002
0.45161252161609106,0.5290234905843526,0.6296909492273731
0.4515724474099555,0.5290587882317643,0.6296909492273731
0.45157244740995545,0.5290764370554703,0.6296909492273731
0.45145224612639095,0.529129383526588,0.6296909492273731
0.45145224612639084,0.5291999788214116,0.6296909492273731
0.45139616314419734,0.5292176276451175,0.6296909492273731
0.4513721297132281,0.5306471823652954,0.6313465783664459
0.4513320768384643,0.5306824800127071,0.6313465783664459
0.4512119395376592,0.530717777660119,0.6313465783664459
0.45121193953765915,0.5307883729549425,0.6313465783664459
0.4511318657702072,0.5321473323802969,0.6318984547461368
0.4509717608633571,0.532288522969944,0.6318984547461368
0.4509317435156504,0.5323414694410618,0.6318984547461368
0.4508917297189158,0.5337886729849456,0.6330022075055187
0.4507317100353963,0.5339122147508869,0.6330022075055187
0.4506517214912775,0.535306471823653,0.6346578366445916
0.45061173254252607,0.5353241206473589,0.6346578366445916
0.4504917869857245,0.5353594182947706,0.6346578366445916
0.4504518122288921,0.5353770671184765,0.6346578366445916
0.450451812228892,0.5353947159421825,0.6346578366445916
0.4504118410192523,0.5370184077231253,0.6346578366445916
0.4502519916463258,0.5370537053705371,0.6346578366445916
0.45025199164632573,0.5371066518416547,0.6346578366445916
0.4502120381679287,0.5371243006653607,0.6346578366445916
0.45017208823483623,0.5385185577381267,0.6357615894039735
0.45001232394922036,0.5385715042092445,0.6357615894039735
0.4500123239492203,0.5385891530329504,0.6357615894039735
0.4499324630700615,0.5398598683397752,0.6368653421633554
0.4498925379452937,0.539895165987187,0.6368653421633554
0.44985261636331464,0.5399128148108928,0.6368653421633554
0.44985261636331453,0.5399304636345987,0.6368653421633554
0.4497727838264646,0.5399834101057165,0.6368653421633554
0.44977278382646446,0.540071654224246,0.6368653421633554
0.4496929654569967,0.5415894530629534,0.6374172185430463
0.4495333712101511,0.5416600483577769,0.6374172185430463
0.449533371210151,0.5416953460051888,0.6379690949227373
0.4494535953277463,0.5433013889624256,0.6396247240618101
0.44929408603240867,0.5433896330809551,0.6396247240618101
0.4492940860324086,0.543424930728367,0.6396247240618101
0.449238271153996,0.5434425795520729,0.6396247240618101
0.44921435261445125,0.5449603783907803,0.6412803532008831
0.4491744912118017,0.5449780272144862,0.6412803532008831
0.4490549282254021,0.5450662713330157,0.6412803532008831
0.449054928225402,0.5451545154515451,0.6412803532008831
0.4489752372492884,0.5466370166428407,0.6423841059602649
0.44889556041543505,0.5466546654665466,0.6423841059602649
0.44881589772133235,0.5466723142902525,0.6423841059602649
0.4488158977213323,0.5467252607613703,0.6423841059602649
0.4487362491644707,0.548013624891901,0.6434878587196468
0.44869643018672134,0.5480312737156069,0.6434878587196468
0.4485769944524364,0.5482077619526659,0.6440397350993378
0.4484973882922472,0.5497079119676673,0.6445916114790287
0.4484575905100126,0.5497432096150792,0.6445916114790287
0.44841779625926664,0.5497608584387851,0.6445916114790287
0.4483382183509875,0.5498491025573146,0.6445916114790287
0.44833821835098747,0.5498844002047264,0.6445916114790287
0.4482586545649032,0.5514198478671396,0.6467991169977925
0.44817910489850754,0.5514374966908455,0.6467991169977925
0.44809956934929485,0.5514727943382574,0.6467991169977925
0.4480995693492948,0.5515257408093751,0.6467991169977925
0.44802004791475974,0.553131783766612,0.6495584988962473
0.44798029248971355,0.5531494325903179,0.6495584988962473
0.4479405405923974,0.5531670814140237,0.6495584988962473
0.4478610473797035,0.5532553255325533,0.6501103752759382
0.44778156827417404,0.5547554755475548,0.6528697571743929
0.4477418340108136,0.5547731243712607,0.6528697571743929
0.44770210327330545,0.5547907731949665,0.6528697571743929
0.4476226523745948,0.5548613684897902,0.6528697571743929
0.4475432155755394,0.5562732743862622,0.6550772626931567
0.44738438426638594,0.5563262208573798,0.6550772626931567
0.4473843842663859,0.5563615185047917,0.6550772626931567
0.4473049897512849,0.5578263708723814,0.6561810154525386
0.4472652977775092,0.5578440196960872,0.6561810154525386
0.4471462429875301,0.557896966167205,0.6561810154525386
0.44714624298753003,0.5580205079331463,0.6567328918322296
0.44706689073387584,0.55946771147703,0.6578366445916115
0.44702721988801103,0.5594853603007359,0.6578366445916115
0.44690822847051637,0.5595383067718537,0.6578366445916115
0.44690822847051626,0.5596265508903832,0.6578366445916115
0.4468289184558133,0.5610031591394433,0.6594922737306843
0.44674962251576367,0.5610208079631492,0.6594922737306843
0.44667034064786976,0.561073754434267,0.6594922737306843
0.44659107284963423,0.5627150950389157,0.6605960264900662
0.4464325794521515,0.5627503926863274,0.6605960264900662
0.4464325794521514,0.5627856903337393,0.6611479028697572
0.44635335384791175,0.5644976262332115,0.6622516556291391
0.4461949448159583,0.5645329238806234,0.6622516556291391
0.4461949448159582,0.564585870351741,0.66280353200883
0.44611576138325465,0.5659095321296835,0.6644591611479028
0.4460761749366299,0.5659448297770954,0.6644591611479028
0.44595743667192295,0.5659624786008013,0.6644591611479028
0.4459574366719229,0.5659801274245072,0.6650110375275938
0.44591786427437075,0.565997776248213,0.6650110375275938
0.44587829538830764,0.5674979262632146,0.6683222958057395
0.445838730013422,0.5675332239106263,0.6683222958057395
0.44572005495271405,0.5676391168528617,0.6683222958057395
0.44564095579575136,0.5690863203967456,0.6705298013245033
0.4456014114813884,0.5691216180441574,0.6705298013245033
0.4454827995910362,0.5692804574575104,0.6710816777041942
0.4454037425383021,0.5704805774695116,0.6738410596026491
0.4452456705196296,0.570586470411747,0.6738410596026491
0.44524567051962954,0.5706570657065707,0.67439293598234
0.4451666555487121,0.5724395969008665,0.6777041942604857
0.44500866767127034,0.5724925433719843,0.6777041942604857
0.4450086676712703,0.5725454898431019,0.6777041942604857
0.4449296947597695,0.5737632586788091,0.6793598233995585
0.4448902135597357,0.5737985563262209,0.6793598233995585
0.44477179097877034,0.5738162051499267,0.6793598233995585
0.44477179097877023,0.5738515027973385,0.6799116997792495
0.4447323237904575,0.5738691516210445,0.6799116997792495
0.44469286010429804,0.5751222181041633,0.6810154525386314
0.44453504037497715,0.5751575157515751,0.6810154525386314
0.4445350403749771,0.575192813398987,0.6810154525386314
0.4444561515151572,0.5766576657665766,0.6810154525386314
0.4444167123353703,0.5766753145902825,0.6810154525386314
0.4444167123353702,0.5766929634139885,0.6810154525386314
0.4442984157927742,0.5767282610614003,0.6810154525386314
0.4442984157927741,0.5767812075325179,0.6810154525386314
0.4442195689252424,0.5780695716630486,0.6826710816777042
0.4440619171650806,0.5781048693104605,0.6826710816777042
0.44406191716508053,0.578175464605284,0.6826710816777042
0.44402251296800077,0.5781931134289899,0.6826710816777042
0.4439831122674846,0.5793579357935793,0.6843267108167771
0.4439437150632218,0.5793755846172852,0.6843267108167771
0.4439279571603981,0.5793932334409911,0.6843267108167771
0.4438255444248512,0.5794814775595206,0.6843267108167771
0.44382554442485117,0.5795697216780502,0.6843267108167771
0.4437467814748505,0.5808933834559926,0.6859823399558499
0.4437074052415937,0.5809463299271104,0.6859823399558499
0.4435892975050765,0.5811051693404634,0.6859823399558499
0.44351057648034253,0.5826229681791708,0.6859823399558499
0.44335317633878263,0.5827288611214062,0.6865342163355408
0.44331383503239913,0.5827465099451121,0.6865342163355408
0.44327449721699874,0.5840701717230546,0.6881898454746137
0.4432351628922714,0.5841054693704665,0.6881898454746137
0.44314077475301916,0.5841231181941724,0.6881898454746137
0.44311718085903146,0.584193713488996,0.6887417218543046
0.4430778604938997,0.5842113623127019,0.6887417218543046
0.4430385436178928,0.5856232682091739,0.6903973509933775
0.4429992302307009,0.5856409170328798,0.6903973509933775
0.44288131099892036,0.5857291611514093,0.6903973509933775
0.4428813109989203,0.5857821076225269,0.6903973509933775
0.442802715616134,0.5872293111664108,0.6920529801324503
0.44276342315533257,0.5872469599901167,0.6920529801324503
0.4427634231553325,0.5872646088138226,0.6920529801324503
0.4427241341811798,0.5872822576375285,0.6920529801324503
0.44264556669158245,0.5872999064612343,0.6926048565121413
0.44256701314486735,0.5885353241206474,0.6948123620309051
0.44240994787018656,0.5885706217680592,0.6948123620309051
0.44240994787018645,0.5886235682391768,0.6948123620309051
0.4423314361372733,0.5901590159015901,0.695364238410596
0.4421744544679367,0.5902119623727079,0.695364238410596
0.4421744544679365,0.5902649088438255,0.6959161147902869
0.4420959845265681,0.5915709217980621,0.6959161147902869
0.4420567547781275,0.5915885706217681,0.6959161147902869
0.4419626175841035,0.591606219445474,0.6959161147902869
0.4419390864180726,0.5916768147402975,0.6959161147902869
0.4419390864180725,0.5917121123877094,0.6959161147902869
0.4418998705921137,0.5917474100351212,0.6959161147902869
0.4418606582460033,0.5929298812234165,0.6970198675496688
0.4417038436538698,0.593018125341946,0.6970198675496688
0.4417038436538697,0.5930357741656519,0.6970198675496688
0.441625457228866,0.594430031238418,0.6997792494481236
0.44158626923304956,0.5944653288858298,0.6997792494481236
0.4415470847146119,0.5944829777095356,0.6997792494481236
0.44146872610863896,0.594588870651771,0.6997792494481236
0.4413903814084789,0.5957360441926546,0.7003311258278145
0.4413512142723074,0.5957889906637722,0.7003311258278145
0.4412337337157266,0.5958948836060076,0.7003311258278145
0.4411945804798162,0.5959125324297135,0.7003311258278145
0.4411554307182002,0.5972008965602442,0.7008830022075055
0.4411162844305702,0.5972185453839501,0.7008830022075055
0.4411006268881653,0.5972361942076561,0.7008830022075055
0.44099886640851443,0.5973597359735974,0.7008830022075055
0.44092060509142345,0.5988598859885989,0.7008830022075055
0.4408814796412374,0.5988951836360107,0.7008830022075055
0.44084235766288016,0.5989128324597166,0.7008830022075055
0.4408423576628801,0.5989304812834224,0.7008830022075055
0.44076412412041976,0.5989481301071283,0.7008830022075055
0.4407641241204197,0.5990540230493637,0.7008830022075055
0.44068590446157796,0.6005188754169535,0.7008830022075055
0.4405295067848953,0.600589470711777,0.7014348785871964
0.44049041603913697,0.600607119535483,0.7014348785871964
0.44045132876212806,0.6022131624927198,0.7019867549668874
0.44041224495356057,0.6022308113164258,0.7019867549668874
0.4404122449535605,0.6022661089638376,0.7019867549668874
0.44037316461312676,0.6022837577875435,0.7019867549668874
0.44031845796239805,0.6023014066112493,0.7019867549668874
0.4402950143354293,0.6024072995534847,0.7019867549668874
0.44029501433542917,0.6024602460246025,0.7019867549668874
0.44025594439755006,0.6024778948483084,0.7019867549668874
0.4402168779265738,0.603783907802545,0.7025386313465783
0.4401778149221927,0.6038015566262509,0.7025386313465783
0.44006064670554507,0.6039074495684863,0.7025386313465783
0.44006064670554496,0.6040486401581334,0.7025386313465783
0.4399825518884505,0.6056370342916645,0.7041942604856513
0.439943509677182,0.6056723319390762,0.7041942604856513
0.4399435096771819,0.6056899807627821,0.7041942604856513
0.43982640382880167,0.605725278410194,0.7041942604856513
0.4398264038288016,0.6058488201761353,0.7047461368653422
0.43974835058132883,0.6069783448933128,0.7052980132450332
0.43967031118547883,0.6069959937170187,0.7052980132450332
0.43959228563879343,0.6070312913644306,0.7052980132450332
0.439514273938815,0.6084961437320202,0.7064017660044151
0.4394752732805729,0.6085137925557261,0.7064017660044151
0.4393582920691501,0.608531441379432,0.7064017660044151
0.43935829206915006,0.6085667390268439,0.7064017660044151
0.4393193052520867,0.6085843878505498,0.7064017660044151
0.43930371149394604,0.6086196854979615,0.7064017660044151
0.43928032189455035,0.6099256984521981,0.706953642384106
0.43920236555683095,0.609943347275904,0.706953642384106
0.43912442305353644,0.6101021866892572,0.706953642384106
0.4390854569890313,0.6101198355129631,0.706953642384106
0.4390464943822116,0.6116376343516705,0.7086092715231788
0.43900753523277075,0.6116729319990822,0.7086092715231788
0.43889067852565294,0.6118141225887295,0.7091611479028698
0.43885173320265936,0.6118317714124354,0.7091611479028698
0.43881279133551093,0.6132436773089074,0.7097130242825607
0.43877385292390086,0.6132613261326133,0.7097130242825607
0.43873491796752256,0.6132789749563191,0.7097130242825607
0.4386804148327987,0.613296623780025,0.7097130242825607
0.438657058419235,0.6134554631933782,0.7097130242825607
0.43857921268819555,0.614726178500203,0.7119205298013245
0.43854029500337766,0.6147438273239089,0.7119205298013245
0.4384235626680536,0.6147967737950265,0.7119205298013245
0.43842356266805355,0.6148497202661443,0.7119205298013245
0.43836909821235676,0.6148673690898502,0.7119205298013245
0.43834575837404816,0.6162439773389103,0.7141280353200883
0.4383068614049896,0.6162616261626163,0.7141280353200883
0.4381901912059148,0.6163322214574398,0.7141280353200883
0.43819019120591474,0.6164557632233811,0.7146799116997793
0.43811242832688657,0.6176558832353823,0.7163355408388521
0.4380735520625603,0.6176735320590883,0.7163355408388521
0.43803467924795114,0.6176911808827942,0.7163355408388521
0.43795694396665985,0.6177970738250296,0.7163355408388521
0.4379569439666598,0.617902966767265,0.7163355408388521
0.43791808149936545,0.6179206155909709,0.7163355408388521
0.43787922248056377,0.6193501703111488,0.7179911699779249
0.43784036690994893,0.6193678191348546,0.7179911699779249
0.43774712760724444,0.6194031167822664,0.7179911699779249
0.4377238208841655,0.6194560632533842,0.7179911699779249
0.43772382088416545,0.6195443073719137,0.7179911699779249
0.4376461407689682,0.6210621062106211,0.7196467991169978
0.43760730588104946,0.6211150526817387,0.7196467991169978
0.43749082189234334,0.6211856479765624,0.7196467991169978
0.4374908218923433,0.6212738920950919,0.7201986754966887
0.43745200078677204,0.6212915409187978,0.7201986754966887
0.4374131831260233,0.6226152026967403,0.7224061810154525
0.4372579469251404,0.6226857979915639,0.7229580573951435
0.43725794692514036,0.6227387444626815,0.7235099337748344
0.4371803494856877,0.6241859480065653,0.7240618101545254
0.43714155593013915,0.6242212456539772,0.7240618101545254
0.43714155593013904,0.6242388944776831,0.7240618101545254
0.43702519591653866,0.6242741921250948,0.7240618101545254
0.43698641612866884,0.6242918409488007,0.7240618101545254
0.4369476397819551,0.6257743421400964,0.7251655629139073
0.4367925688005555,0.6258978839060376,0.7257174392935982
0.4367538096550429,0.6259155327297435,0.7257174392935982
0.4367150539488547,0.6270274086232153,0.727924944812362
0.43667630168168575,0.6270450574469212,0.727924944812362
0.43656006551124316,0.6270980039180388,0.727924944812362
0.4365600655112431,0.6272038968602742,0.727924944812362
0.4364825919204503,0.6284393145196873,0.7290286975717439
0.4363276859826891,0.6285099098145108,0.7295805739514348
0.43632768598268906,0.6286334515804521,0.7295805739514348
0.43625025363084124,0.6301159527717478,0.7301324503311258
0.4362115426081084,0.6301336015954536,0.7306843267108167
0.4360954301490159,0.6303277386562186,0.7312362030905077
0.4360180390141617,0.6315984539630434,0.7312362030905077
0.43597934859718257,0.6316337516104552,0.7312362030905077
0.4359793485971825,0.631651400434161,0.7312362030905077
0.4358632979443812,0.6318102398475142,0.7312362030905077
0.43582462125847743,0.6318631863186318,0.7312362030905077
0.4357859480045809,0.6332221457439862,0.7317880794701986
0.4357472781823871,0.6332397945676921,0.7317880794701986
0.4356312893029777,0.6332750922151039,0.7317880794701986
0.4356312893029776,0.6333986339810451,0.7317880794701986
0.4355539805363032,0.6344928610508109,0.7323399558498896
0.43551533129793224,0.6345105098745168,0.7323399558498896
0.43539940415903294,0.6345634563456346,0.7323399558498896
0.4353994041590329,0.6346517004641641,0.7323399558498896
0.43532213654356805,0.6359047669472829,0.7350993377483444
0.4351676424468097,0.6360459575369302,0.7350993377483444
0.4351676424468096,0.6361871481265774,0.7356512141280354
0.43512902749046484,0.6362047969502833,0.7356512141280354
0.4351290274904648,0.6362224457739891,0.7356512141280354
0.4351135824673722,0.636240094597695,0.7356512141280354
0.4350904159606497,0.6375284587282257,0.7378587196467992
0.43505180785706027,0.6375461075519316,0.7378587196467992
0.4350518078570602,0.6375814051993435,0.7378587196467992
0.43501320317939246,0.6375990540230494,0.7378587196467992
0.4349360041006057,0.6376872981415789,0.7378587196467992
0.43493600410060557,0.6377931910838143,0.7378587196467992
0.43489740969887863,0.6378108399075202,0.7378587196467992
0.43485881872185755,0.639063906390639,0.7389624724061811
0.4348202311692384,0.639063906390639,0.7400662251655629
0.43478164704071715,0.639081555214345,0.7400662251655629
0.4347044890547534,0.6392227458039922,0.7400662251655629
0.43470448905475334,0.6393639363936393,0.7400662251655629
0.4346659151967032,0.6393815852173452,0.7400662251655629
0.43462734476153597,0.6405287587582288,0.7422737306843267
0.4345887777489478,0.6405464075819347,0.7422737306843267
0.43455021415863493,0.6405817052293464,0.7422737306843267
0.4344730972436207,0.6407052469952877,0.7422737306843267
0.43447309724362065,0.640846437584935,0.7422737306843267
0.43439599401406415,0.6419406646547008,0.7433774834437086
0.4343574475305736,0.6419936111258184,0.7444812362030905
0.43424182860161004,0.6420818552443479,0.7444812362030905
0.43424182860161,0.6422230458339951,0.7444812362030905
0.4341647664138563,0.6434231658459963,0.7450331125827815
0.4340877179018482,0.6434408146697023,0.7450331125827815
0.4340106830631588,0.6435996540830554,0.7455849889624724
0.43397217077055034,0.6436173029067612,0.7455849889624724
0.4339721707705502,0.6436349517304671,0.7455849889624724
0.4339336618953616,0.6448350717424683,0.7466887417218543
0.4338951564372893,0.6448350717424683,0.7472406181015453
0.43389515643728926,0.6448527205661743,0.7472406181015453
0.4338566543960304,0.6448703693898802,0.7472406181015453
0.43377966056273953,0.6450645064506451,0.7472406181015453
0.43370268039306387,0.6461940311678227,0.7483443708609272
0.433664195431324,0.6462116799915285,0.7483443708609272
0.43354876103485934,0.6463352217574698,0.7483443708609272
0.4335487610348593,0.6464234658759994,0.7483443708609272
0.4335102897312794,0.6464411146997052,0.7483443708609272
0.4334949021657235,0.6464587635234111,0.7483443708609272
0.4334718218414821,0.6479942111858245,0.75
0.4334333573651644,0.6480118600095304,0.75
0.4333179844140604,0.6480824553043539,0.75
0.4333179844140603,0.6482059970702952,0.75
0.43324108617517004,0.6494590635534142,0.7511037527593819
0.43320264217337023,0.6494943612008259,0.7511037527593819
0.4332026421733702,0.6495120100245318,0.7511037527593819
0.4330873306349196,0.6495473076719437,0.7511037527593819
0.4330873306349195,0.6496532006141791,0.7511037527593819
0.4330104733287162,0.6511004041580629,0.7516556291390728
0.43297204979053583,0.6511180529817687,0.7516556291390728
0.43293362966189947,0.6511357018054746,0.7516556291390728
0.43285679963204876,0.6511533506291806,0.7516556291390728
0.4328567996320487,0.6512768923951219,0.7516556291390728
0.432803026723852,0.6512945412188278,0.7516556291390728
0.43277998323674394,0.6522652265226523,0.7527593818984547
0.4327415801512902,0.6522828753463582,0.7527593818984547
0.4327031804735656,0.652300524170064,0.7527593818984547
0.43262639134009445,0.6524064171122995,0.7527593818984547
0.43262639134009434,0.6525476077019466,0.7527593818984547
0.43254961583391155,0.653906567127301,0.7544150110375276
0.43239610569373804,0.6539948112458305,0.7544150110375276
0.432396105693738,0.6541360018354777,0.7544150110375276
0.4323193710549119,0.6554420147897143,0.7555187637969095
0.4322810088422565,0.6554596636134201,0.7555187637969095
0.43216594262769575,0.6555655565556555,0.7555187637969095
0.4321659426276957,0.6556361518504792,0.7560706401766004
0.43212759402963713,0.6556538006741851,0.7560706401766004
0.43208924883447275,0.6567833253913626,0.7571743929359823
0.43205090704190063,0.6568009742150686,0.7571743929359823
0.4319359020767183,0.6569245159810099,0.7571743929359823
0.43185924910735657,0.6582128801115406,0.7588300220750552
0.43182092772399816,0.6582481777589524,0.7588300220750552
0.4318209277239981,0.6582658265826583,0.7588300220750552
0.4317059839755915,0.6583893683485995,0.7588300220750552
0.4316676761923398,0.6583893683485995,0.7593818984547461
0.43162937180836053,0.6596247860080126,0.7615894039735099
0.4315910708233521,0.6596600836554244,0.7615894039735099
0.431591070823352,0.6596777324791303,0.7615894039735099
0.4314761882591356,0.6597483277739539,0.7615894039735099
0.43147618825913553,0.6597836254213657,0.7615894039735099
0.4314379008669945,0.6598012742450715,0.7615894039735099
0.43139961687231654,0.6608425548437197,0.7626931567328918
0.4313613362748001,0.6608602036674256,0.7626931567328918
0.43136133627480006,0.6608955013148373,0.7626931567328918
0.4312465148622056,0.6609307989622492,0.7626931567328918
0.43124651486220555,0.6610719895518964,0.7626931567328918
0.43120824785032114,0.6610719895518964,0.7632450331125827
0.43116998423409114,0.6625015442720743,0.7632450331125827
0.4311317240132144,0.6625191930957801,0.7632450331125827
0.4310934671873898,0.662536841919486,0.7632450331125827
0.4310169637196913,0.6625721395668979,0.7632450331125827
0.4310169637196912,0.6627486278039568,0.7632450331125827
0.43094047382858575,0.6639840454633699,0.7649006622516556
0.43086399751166393,0.6640016942870758,0.7649006622516556
0.4308639975116639,0.6640546407581934,0.7649006622516556
0.43078753476651693,0.6641075872293112,0.7649006622516556
0.4307875347665168,0.6641781825241347,0.7649006622516556
0.43071108559073606,0.66536065371243,0.7660044150110376
0.4305582279376416,0.6653959513598419,0.7660044150110376
0.4305582279376415,0.6654665466546654,0.7660044150110376
0.43048181945551284,0.6666490178429607,0.7665562913907285
0.43044362029950023,0.6666490178429607,0.7671081677704195
0.4304436202995001,0.6666666666666666,0.7671081677704195
0.4304054245331207,0.6666843154903725,0.7671081677704195
0.43035195615420085,0.6667019643140785,0.7671081677704195
0.43032904316805887,0.6667372619614903,0.7671081677704195
0.4303290431680588,0.6668255060800198,0.7671081677704195
0.4302908575687748,0.6668431549037257,0.7671081677704195
0.43025267535792117,0.6680785725631386,0.7671081677704195
0.43021449653519717,0.6681491678579623,0.7682119205298014
0.430099980392797,0.6682550608001977,0.7682119205298014
0.43009998039279695,0.6682903584476094,0.7682119205298014
0.4300465499585733,0.6683080072713153,0.7682119205298014
0.43002365323300074,0.6696669666966697,0.7687637969094923
0.42998549473274217,0.6696846155203756,0.7687637969094923
0.4298710395469188,0.6698964014048464,0.7693156732891833
0.429794753015826,0.6712730096539066,0.7704194260485652
0.4297566148272152,0.6712730096539066,0.7709713024282561
0.42971848002282775,0.6712906584776125,0.7709713024282561
0.4296422205655217,0.6715024443620833,0.7709713024282561
0.4296040959120025,0.6715200931857892,0.7709713024282561
0.4295659746415057,0.6728790526111434,0.7709713024282561
0.4295278567537309,0.6728967014348494,0.7709713024282561
0.42941352338373756,0.6731261361430261,0.7709713024282561
0.4293754190238497,0.673143784966732,0.7709713024282561
0.4293373180451834,0.6743792026261449,0.7709713024282561
0.4292992204474385,0.6743968514498508,0.7709713024282561
0.4291849479367329,0.6744497979209686,0.7709713024282561
0.42918494793673284,0.6745909885106157,0.7715231788079471
0.429108783162037,0.6760205432307936,0.7715231788079471
0.42907070584352175,0.6760381920544996,0.772075055187638
0.42897933406410793,0.6760558408782055,0.772075055187638
0.4289564941597086,0.6760911385256173,0.772075055187638
0.42895649415970855,0.6761793826441468,0.772075055187638
0.428880369927279,0.6771677167716772,0.7731788079470199
0.4288423128771988,0.6771853655953831,0.7731788079470199
0.4288423128771987,0.6772030144190889,0.7731788079470199
0.42872816198790015,0.6773089073613243,0.7731788079470199
0.42872816198790004,0.6773618538324421,0.7731788079470199
0.4286901184441157,0.677379502656148,0.7731788079470199
0.42865207827615637,0.6784913785496197,0.7737306843267108
0.42861404148372234,0.6785266761970314,0.7737306843267108
0.42857600806651414,0.6785266761970314,0.7748344370860927
0.4285227669522319,0.6785443250207374,0.7748344370860927
0.42849995135657754,0.6786325691392668,0.7748344370860927
0.42849995135657737,0.6786855156103846,0.7748344370860927
0.4284239081439504,0.6799385820935034,0.7748344370860927
0.42838589159837953,0.6799562309172094,0.7748344370860927
0.42827186220104496,0.6800444750357388,0.7748344370860927
0.4282718622010449,0.6801327191542683,0.7753863134657837
0.42819585946597716,0.6813681368136814,0.7753863134657837
0.42815786315649207,0.6813857856373873,0.7753863134657837
0.4280438944566415,0.6814916785796227,0.7753863134657837
0.4280438944566414,0.6815269762270345,0.7759381898454746
0.42796793217758683,0.6829035844760947,0.7770419426048565
0.4278919833790838,0.6829565309472123,0.7775938189845475
0.4278160480587403,0.6830447750657419,0.7775938189845475
0.42781604805874024,0.683185965655389,0.7781456953642384
0.42774012621416413,0.6841566509592135,0.7781456953642384
0.42770217034454144,0.6841742997829194,0.7781456953642384
0.427664217842964,0.6842272462540372,0.7781456953642384
0.4275883229427489,0.6844743297859198,0.7781456953642384
0.4275124415111281,0.6859391821535095,0.7792494481236203
0.4274745058452937,0.686009777448333,0.7792494481236203
0.4274365735457116,0.6860274262720389,0.7792494481236203
0.4273607190441095,0.6861333192142743,0.7792494481236203
0.42732279684149216,0.6861509680379803,0.7792494481236203
0.4272848780039324,0.6876511180529817,0.7809050772626932
0.42724696253113176,0.6876687668766877,0.7809050772626932
0.42713323629829836,0.6877570109952171,0.7809050772626932
0.4271332362982983,0.6878805527611584,0.7809050772626932
0.42705743562806475,0.6891336192442774,0.7820088300220751
0.4270195403375492,0.6891512680679832,0.7820088300220751
0.4269058746408263,0.689204214539101,0.7820088300220751
0.42690587464082624,0.6893807027761599,0.7820088300220751
0.42686799279919874,0.6893807027761599,0.782560706401766
0.4268301143190474,0.690439632198514,0.7831125827814569
0.42679223920007386,0.6904749298459257,0.7831125827814569
0.42675436744198,0.6904925786696317,0.7831125827814569
0.4266786340072383,0.6905631739644553,0.7831125827814569
0.4266029140124367,0.6917279963290447,0.7836644591611479
0.42656505905426806,0.6917632939764564,0.7836644591611479
0.42652720745519007,0.6917985916238683,0.7836644591611479
0.4264515143331139,0.6919044845661037,0.7836644591611479
0.42645151433311373,0.6919927286846331,0.7836644591611479
0.4264136728095195,0.6919927286846331,0.7842163355408388
0.42637583464382356,0.693422283404811,0.7853200883002207
0.4263379998357283,0.6934575810522229,0.7858719646799117
0.4262245155540665,0.6935811228181642,0.7858719646799117
0.4261488761488331,0.6947635940064595,0.7864238410596026
0.42607325016685316,0.6947988916538713,0.7864238410596026
0.4259976376057443,0.6948694869486949,0.7864238410596026
0.42599763760574416,0.6949753798909303,0.7869757174392936
0.4259220384631247,0.6963343393162845,0.7875275938189845
0.42588424392300434,0.6963696369636964,0.7875275938189845
0.42577088042382927,0.6965284763770495,0.7875275938189845
0.42577088042382916,0.6965461252007553,0.7875275938189845
0.4256953215223919,0.6975697569756976,0.7875275938189845
0.42565754710018455,0.6975874057994035,0.7875275938189845
0.42565754710018444,0.6976050546231094,0.7880794701986755
0.42554424394403795,0.6978168405075802,0.7880794701986755
0.42546872526236246,0.6988404722825223,0.7880794701986755
0.4254309709473595,0.6988581211062282,0.7891832229580574
0.425317728102121,0.6988934187536401,0.7891832229580574
0.42531772810212093,0.6990169605195814,0.7891832229580574
0.42527998718597426,0.6990169605195814,0.7897350993377483
0.4252422496187987,0.7003935687686416,0.7897350993377483
0.4252045154002968,0.7004112175923475,0.7897350993377483
0.42518942265045817,0.7004288664160534,0.7897350993377483
0.42509133283386324,0.7005700570057005,0.7897350993377483
0.4250158945274965,0.7020702070207021,0.7902869757174393
0.4249404696086952,0.7020878558444079,0.7902869757174393
0.42486505807508373,0.7021055046681138,0.7908388520971302
0.4248650580750837,0.7021937487866434,0.7908388520971302
0.42482735732698174,0.7022113976103492,0.7908388520971302
0.42478965992428647,0.7032350293852915,0.7908388520971302
0.424751965866701,0.7032703270327033,0.7908388520971302
0.42463890376163554,0.7034644640934682,0.7908388520971302
0.42456354574503324,0.7046116376343516,0.7908388520971302
0.4245258717518743,0.7046292864580576,0.7908388520971302
0.42448820110174784,0.7046469352817635,0.7908388520971302
0.42441286982940624,0.7046645841054694,0.7908388520971302
0.4244128698294061,0.7048057746951165,0.7913907284768212
0.4243375519256353,0.7058470552937647,0.7919426048565121
0.4242095421633802,0.7058647041174706,0.7919426048565121
0.424186956214317,0.7058823529411765,0.7919426048565121
0.42418695621431696,0.7060411923545296,0.7919426048565121
0.4241116784020258,0.70702952648206,0.7919426048565121
0.4240740445056847,0.7070648241294718,0.7919426048565121
0.42403641394881825,0.7070824729531777,0.7919426048565121
0.4239611628523236,0.7071354194242954,0.7919426048565121
0.42396116285232355,0.7072766100139426,0.7919426048565121
0.4238859251101714,0.7086885159104146,0.7919426048565121
0.42384831124623323,0.7087238135578263,0.7919426048565121
0.42373548967941566,0.70879440885265,0.7935982339955849
0.4237354896794155,0.7089179506185913,0.7935982339955849
0.42368284989275734,0.7089355994422972,0.7935982339955849
0.4236602919860733,0.7099415823935334,0.7941501103752759
0.42362269814387477,0.7099768800409453,0.7941501103752759
0.42358510763759644,0.7100121776883571,0.7941501103752759
0.4235324865325894,0.7100298265120629,0.7941501103752759
0.4235099366316168,0.7101533682780042,0.7941501103752759
0.4234347789657664,0.7113005418188878,0.7941501103752759
0.4233596346376782,0.7113181906425937,0.7941501103752759
0.42328450364498493,0.7113711371137114,0.7941501103752759
0.4232845036449849,0.7114770300559468,0.7947019867549668
0.4232469431486718,0.7114770300559468,0.7958057395143487
0.42320938598532015,0.7125712571257126,0.7969094922737306
0.42317183215463394,0.7126065547731244,0.7980132450331126
0.4231342816563176,0.7126418524205361,0.7980132450331126
0.42305919065561187,0.7128359894813011,0.7980132450331126
0.42302165015263093,0.7128359894813011,0.7985651214128036
0.4229841129808373,0.714071407140714,0.7991169977924945
0.42294657913993533,0.71408905596442,0.7996688741721855
0.4229465791399353,0.7141067047881259,0.7996688741721855
0.4229090486296293,0.7141243536118318,0.7996688741721855
0.4228339975996234,0.7141773000829494,0.7996688741721855
0.42283399759962337,0.7143890859674202,0.7996688741721855
0.4227589598884553,0.7153597712712447,0.7996688741721855
0.42272144602669703,0.7153950689186566,0.7996688741721855
0.4226089244131794,0.7155715571557155,0.7996688741721855
0.4225339266443454,0.7166657842254813,0.7996688741721855
0.42249643275109583,0.7166834330491872,0.8002207505518764
0.4224964327510958,0.7167010818728932,0.8002207505518764
0.4223839710324737,0.7168069748151286,0.8002207505518764
0.42238397103247366,0.7168599212862463,0.8002207505518764
0.4223090131847125,0.7182012318878946,0.8007726269315674
0.4222715392493425,0.7182365295353065,0.8007726269315674
0.4222565506062894,0.7182541783590124,0.8007726269315674
0.4222340686392528,0.7182718271827183,0.8007726269315674
0.4221816153710363,0.7182894760064241,0.8007726269315674
0.42215913739373406,0.7183777201249537,0.8007726269315674
0.422159137393734,0.7185895060094245,0.8007726269315674
0.4220842194457958,0.7195248936658372,0.8007726269315674
0.42204676545768205,0.7195425424895431,0.8007726269315674
0.4220467654576819,0.7195778401369549,0.8007726269315674
0.42193442343322224,0.7196131377843666,0.8007726269315674
0.4219344234332222,0.7196837330791903,0.8007726269315674
0.4218595453638684,0.7207250136778384,0.8013245033112583
0.42182211131239283,0.7207603113252502,0.8013245033112583
0.42180713862190655,0.7207779601489561,0.8013245033112583
0.42178468058265833,0.7207956089726619,0.8013245033112583
0.4217098290872339,0.7209015019148973,0.8013245033112583
0.4217098290872338,0.721130936623074,0.8018763796909493
0.42167240832095443,0.721130936623074,0.8024282560706402
0.42163499087523726,0.7224016519298989,0.8040838852097131
0.4215975767497877,0.7224193007536047,0.8040838852097131
0.42159757674978765,0.7224369495773106,0.8040838852097131
0.421560165944311,0.7224545984010166,0.8040838852097131
0.4215452025516469,0.7224545984010166,0.804635761589404
0.42148535429209855,0.7226840331091933,0.804635761589404
0.4214105559162431,0.723795909002665,0.8051876379690949
0.4213731617062131,0.7238135578263709,0.8051876379690949
0.421373161706213,0.7238312066500767,0.8051876379690949
0.4212609989841798,0.7239194507686063,0.8051876379690949
0.42126099898417974,0.7239370995923122,0.8051876379690949
0.42118624042326097,0.7248901360724308,0.8051876379690949
0.4211488661180494,0.7249254337198425,0.8051876379690949
0.4211114951292774,0.7249430825435484,0.8051876379690949
0.42111149512927737,0.7249607313672544,0.8051876379690949
0.42103676309987487,0.7250489754857838,0.8062913907284768
0.4209620443326992,0.7261961490266674,0.8073951434878587
0.42092468992171095,0.7262137978503733,0.8073951434878587
0.42088733882539686,0.7262137978503733,0.8079470198675497
0.42083505285864986,0.7262314466740791,0.8079470198675497
0.42081264657561496,0.7263196907926087,0.8079470198675497
0.4208126465756149,0.7264608813822558,0.8079470198675497
0.42073796758100035,0.7273962690386686,0.8079470198675497
0.42070063305364586,0.7274668643334922,0.8079470198675497
0.42058864934786505,0.7277315966890807,0.8079470198675497
0.42051401010464085,0.7288258237588465,0.8079470198675497
0.42047669545033595,0.7288434725825523,0.8079470198675497
0.4204393841071774,0.7288611214062582,0.8079470198675497
0.4203871537889219,0.7288964190536701,0.8079470198675497
0.42036477135312417,0.7289493655247877,0.8079470198675497
0.4203647713531241,0.7290552584670231,0.8079470198675497
0.4203498503913158,0.7290552584670231,0.8084988962472406
0.4203274699416418,0.729072907290729,0.8084988962472406
0.4203125503038572,0.729090556114435,0.8084988962472406
0.4202901718401307,0.7300612414182595,0.8084988962472406
0.4202528770482971,0.7300788902419654,0.8084988962472406
0.42021558556584726,0.7300965390656713,0.8084988962472406
0.42014101252792474,0.7301141878893772,0.8084988962472406
0.4201410125279247,0.7302377296553185,0.8084988962472406
0.4200664527240138,0.7311201708406134,0.8084988962472406
0.4200291777840789,0.7311201708406134,0.8090507726269316
0.42002917778407883,0.7311378196643193,0.8090507726269316
0.41999190615176607,0.7311554684880253,0.8090507726269316
0.4199173728088333,0.7314025520199079,0.8090507726269316
0.4198428526928679,0.7326379696793208,0.8090507726269316
0.4198055975942644,0.7326379696793208,0.8096026490066225
0.4197906964804806,0.7326556185030267,0.8096026490066225
0.4196938521324502,0.7327262137978504,0.8096026490066225
0.41969385213245014,0.732779160268968,0.8096026490066225
0.41965661025553314,0.732796809092674,0.8096026490066225
0.4196417144300954,0.7328144579163799,0.8096026490066225
0.41961937168330443,0.7337498455727925,0.8096026490066225
0.41958213641547093,0.7337498455727925,0.8101545253863135
0.4195821364154709,0.7337674943964985,0.8101545253863135
0.41954490445173936,0.7337851432202044,0.8101545253863135
0.41949278525284805,0.7338027920439103,0.8101545253863135
0.4194704504354091,0.7339263338098516,0.8101545253863135
0.41939600963196855,0.7347734773477348,0.8107064017660044
0.4193587941843492,0.7347911261714407,0.8112582781456954
0.419343908929974,0.7347911261714407,0.8118101545253863
0.419321582039073,0.7348087749951465,0.8118101545253863
0.4192843731958469,0.7348087749951465,0.8123620309050773
0.4192471676543779,0.7348617214662643,0.8123620309050773
0.4192471676543778,0.7350029120559115,0.8129139072847682
0.41920996541437305,0.7350029120559115,0.8140176600441501
0.4191727664755393,0.7359559485360301,0.8140176600441501
0.41913557083758385,0.735973597359736,0.8140176600441501
0.4191355708375838,0.7360088950071477,0.8140176600441501
0.41902400372605786,0.7362736273627363,0.815121412803532
0.4189496421507291,0.7373678544325021,0.815121412803532
0.41891246631189294,0.737385503256208,0.815121412803532
0.4188009585871842,0.7374560985510316,0.815121412803532
0.4188009585871841,0.7376502356117964,0.815121412803532
0.4187266365942844,0.7383738373837384,0.815121412803532
0.41868948054402855,0.7383914862074443,0.8156732891832229
0.41857803217452544,0.738444432678562,0.8156732891832229
0.4185780321745254,0.7386032720919151,0.8156732891832229
0.41854088931080413,0.7386209209156209,0.8156732891832229
0.4185037497429852,0.7396092550431513,0.8162251655629139
0.41842948049388456,0.7396269038668573,0.8162251655629139
0.41835522442488426,0.7397504456327986,0.8162251655629139
0.4183552244248842,0.739856338575034,0.8167770419426048
0.41831810133219066,0.7398739873987399,0.8167770419426048
0.418280981533645,0.7407211309366231,0.8173289183222958
0.41824386502895505,0.740738779760329,0.8173289183222958
0.41820675181782857,0.7407564285840349,0.8173289183222958
0.41813253527509653,0.7407917262314466,0.8173289183222958
0.4181325352750964,0.7409858632922116,0.8184326710816777
0.41809543194290655,0.7410035121159175,0.8184326710816777
0.41805833190311126,0.7420624415382715,0.8184326710816777
0.418043492808998,0.7420800903619774,0.8184326710816777
0.4180212351554182,0.7420977391856832,0.8184326710816777
0.41802123515541817,0.7421330368330951,0.8184326710816777
0.4179841416995353,0.742150685656801,0.8184326710816777
0.41790996466203195,0.7424683644835072,0.8195364238410596
0.4178580485683415,0.7424860133072131,0.8195364238410596
0.4178358007882646,0.7435272939058611,0.8200883002207505
0.41779872378705185,0.743562591553273,0.8206401766004415
0.41776165007589716,0.7435802403769789,0.8206401766004415
0.41768751252259395,0.7436155380243906,0.8206401766004415
0.4176875125225939,0.7438273239088615,0.8211920529801324
0.41761338812601967,0.7447274139178623,0.8211920529801324
0.4175763308607762,0.7447450627415683,0.8211920529801324
0.41753927688383946,0.7447627115652742,0.8211920529801324
0.4174651787937192,0.7449568486260391,0.8211920529801324
0.41739109385332446,0.7459628315772754,0.8211920529801324
0.417354056313545,0.7459628315772754,0.8217439293598234
0.4173170220603219,0.7459981292246872,0.8217439293598234
0.4172429634123783,0.746033426872099,0.8217439293598234
0.4172429634123782,0.7461569686380403,0.8217439293598234
0.4171689179071607,0.7470923562944529,0.8222958057395143
0.417094885542337,0.7470923562944529,0.8228476821192053
0.4170208663155751,0.7472864933552179,0.8233995584988962
0.41694686022454347,0.7482042321879246,0.8233995584988962
0.416909862104198,0.7482395298353365,0.8245033112582781
0.4168950637753326,0.7482571786590424,0.8245033112582781
0.4167988874403472,0.74831012513016,0.8245033112582781
0.41679888744034715,0.7483807204249837,0.8245033112582781
0.4167249207425214,0.7494396498473377,0.8250551876379691
0.41668794231615736,0.7494749474947495,0.8250551876379691
0.416673151864395,0.7494749474947495,0.82560706401766
0.4166509671711041,0.7494925963184553,0.82560706401766
0.41657702672376556,0.7495278939658672,0.82560706401766
0.4165770267237655,0.7496690845555144,0.8272626931567328
0.41654006142089806,0.7496690845555144,0.8283664459161147
0.4165252762182083,0.7496867333792203,0.8283664459161147
0.4165030993981769,0.750445632798574,0.8283664459161147
0.41646614065531096,0.750445632798574,0.8289183222958058
0.41645135807645894,0.750445632798574,0.8294701986754967
0.4163552841029349,0.7505691745645153,0.8294701986754967
0.4163552841029348,0.7507456628015743,0.8305739514348786
0.4162813961286254,0.7518398898713401,0.8305739514348786
0.4162444570587803,0.7518751875187519,0.8322295805739515
0.4161336595149929,0.7519634316372814,0.8322295805739515
0.41613365951499287,0.7520869734032227,0.8333333333333334
0.41608196408803033,0.7521046222269285,0.8333333333333334
0.4160598108710163,0.7530047122359295,0.8338852097130243
0.41602289146372007,0.7530047122359295,0.8344370860927153
0.4159859753324976,0.7530223610596354,0.8344370860927153
0.41593429825203676,0.7530576587070472,0.8344370860927153
0.4159121528971113,0.7533047422389297,0.8344370860927153
0.415838343562532,0.7543460228375779,0.8349889624724062
0.4158014438073184,0.7543636716612838,0.8349889624724062
0.41580144380731837,0.7543813204849896,0.8349889624724062
0.4157645473264347,0.7543989693086955,0.8349889624724062
0.41569076418649503,0.7545225110746369,0.8349889624724062
0.415690764186495,0.7546460528405782,0.8355408388520972
0.41565387752685795,0.7546637016642841,0.8355408388520972
0.4156169941403887,0.7555461428495791,0.8355408388520972
0.41558011402679695,0.755563791673285,0.8355408388520972
0.4155653628977009,0.755563791673285,0.8360927152317881
0.4155432371857923,0.7555990893206967,0.8360927152317881
0.4155432371857921,0.7556343869681086,0.8360927152317881
0.41546949332038224,0.755740279910344,0.8360927152317881
0.4154326262953963,0.7557579287340499,0.8360927152317881
0.4153957625418359,0.756622721095639,0.8360927152317881
0.41535890205941084,0.7566403699193449,0.8360927152317881
0.4153589020594108,0.7566580187430508,0.8366445916114791
0.41532204484783075,0.7566756675667566,0.8366445916114791
0.41524834023604484,0.7567639116852862,0.8366445916114791
0.41524834023604473,0.7569403999223452,0.8366445916114791
0.4152114928352585,0.7569403999223452,0.8377483443708609
0.4151746487041563,0.7579640316972873,0.8383002207505519
0.41513780784244836,0.7579993293446992,0.8383002207505519
0.4151009702498443,0.758034626992111,0.8383002207505519
0.4150273048707878,0.75821111522917,0.8383002207505519
0.41495365256466643,0.7591641517092885,0.8383002207505519
0.41491683131323154,0.7591818005329944,0.8383002207505519
0.41491683131323137,0.7591994493567004,0.8388520971302428
0.4148063871619498,0.7592347470041122,0.8388520971302428
0.41480638716194973,0.7594112352411712,0.8394039735099338
0.4147327740607157,0.7602230811316426,0.8399558498896247
0.41469597240911527,0.7602407299553485,0.8405077262693157
0.41465917402313945,0.7602760276027603,0.8405077262693157
0.4146591740231394,0.7603113252501721,0.8405077262693157
0.4145855870469026,0.760328974073878,0.8405077262693157
0.4145855870469025,0.7605231111346429,0.8405077262693157
0.4145120131296872,0.7615114452621733,0.8410596026490066
0.4144752310674884,0.7615290940858792,0.8410596026490066
0.41443845226917575,0.7615467429095851,0.8410596026490066
0.4143649044630514,0.7616702846755263,0.8410596026490066
0.41429136970899716,0.7626586188030567,0.8416114790286976
0.4142546072257726,0.7626762676267627,0.8416114790286976
0.414217848004697,0.7626939164504686,0.8416114790286976
0.41421784800469696,0.7626939164504686,0.8421633554083885
0.41414433934783484,0.7628704046875275,0.8421633554083885
0.41414433934783473,0.7629233511586453,0.8421633554083885
0.414092891050017,0.7629409999823512,0.8421633554083885
0.4140708437360954,0.7637704946965285,0.8421633554083885
0.4140194045684859,0.7637704946965285,0.8427152317880795
0.41399736116716346,0.7638057923439403,0.8427152317880795
0.4139973611671634,0.7638234411676462,0.8427152317880795
0.4139459311281422,0.763841089991352,0.8427152317880795
0.41392389163872456,0.7640175782284111,0.8427152317880795
0.41388716176396684,0.7640175782284111,0.8432671081677704
0.4138504351484645,0.7650765076507651,0.8438189845474614
0.4138137117919284,0.765094156474471,0.8438189845474614
0.41381371179192833,0.7651118052981769,0.8443708609271523
0.4137769916940693,0.7651294541218828,0.8443708609271523
0.41370356127322583,0.7651647517692945,0.8443708609271523
0.4137035612732258,0.7652000494167064,0.8443708609271523
0.41366685094966305,0.7652176982404123,0.8443708609271523
0.41363014388362085,0.7661707347205309,0.8443708609271523
0.4136154619692449,0.7661883835442368,0.8443708609271523
0.41359344007481014,0.7662060323679427,0.8449227373068433
0.413556739522942,0.7662413300153544,0.8449227373068433
0.4135567395229419,0.7662589788390604,0.8449227373068433
0.4135053642214395,0.7662589788390604,0.8454746136865342
0.4134833481888769,0.7664178182524135,0.8460264900662252
0.4134466574061021,0.7664354670761194,0.8460264900662252
0.413409969879114,0.7673002594377085,0.8471302428256071
0.4133732856076235,0.7673179082614143,0.8471302428256071
0.41337328560762343,0.7673355570851202,0.847682119205298
0.4133586128105019,0.7673355570851202,0.8482339955849889
0.4132632523232495,0.7673708547325321,0.8482339955849889
0.4132632523232494,0.7674943964984734,0.8487858719646799
0.4131899130725264,0.7682356470941212,0.8493377483443708
0.41315324832795647,0.7683238912126507,0.8493377483443708
0.41311658683686264,0.7683415400363566,0.8493377483443708
0.4130432736139483,0.768429784154886,0.8493377483443708
0.41304327361394827,0.7685356770971215,0.8498896247240618
0.41296997340147423,0.7694181182824165,0.8498896247240618
0.4128966861971315,0.7694357671061224,0.8504415011037527
0.4128234119986116,0.7695240112246519,0.8509933774834437
0.41282341199861156,0.7696299041668873,0.8520971302428256
0.41275015080360644,0.7706358871181236,0.8537527593818984
0.41271352508170084,0.7706535359418295,0.8537527593818984
0.4126769026098085,0.7706711847655354,0.8537527593818984
0.4126036674149105,0.770741780060359,0.8543046357615894
0.4126036674149104,0.7708829706500062,0.8554083885209713
0.412567054691328,0.770900619473712,0.8554083885209713
0.4125304452166055,0.7718713047775366,0.8554083885209713
0.4124938389904546,0.7719242512486543,0.8554083885209713
0.41249383899045455,0.7719419000723602,0.8559602649006622
0.4123840398005494,0.7721360371331251,0.8565121412803532
0.41231085657818667,0.7730008294947142,0.8570640176600441
0.41227426983741317,0.7730184783184201,0.8576158940397351
0.412164529093266,0.7731243712606555,0.8576158940397351
0.41216452909326595,0.773194966555479,0.8576158940397351
0.41209138482609886,0.7739362171511269,0.858167770419426
0.4120548175603305,0.7739538659748327,0.858167770419426
0.41205481756033047,0.7739891636222446,0.858167770419426
0.4120401915625906,0.7739891636222446,0.8587196467991169
0.41201825353938837,0.7740068124459505,0.8587196467991169
0.4120182535393883,0.7740244612696564,0.8587196467991169
0.41198169276298446,0.7740421100933623,0.8587196467991169
0.4119670693608292,0.7740421100933623,0.859271523178808
0.41194513523083104,0.7742362471541272,0.8598233995584988
0.41187202989812366,0.7753128254001871,0.8598233995584988
0.411835482096994,0.775330474223893,0.8609271523178808
0.41179893753896346,0.775330474223893,0.8614790286975718
0.41172585815104834,0.775489313637246,0.8614790286975718
0.41172585815104823,0.7755775577557755,0.8614790286975718
0.411652791732076,0.7764599989410705,0.8614790286975718
0.4116162633852243,0.7765305942358942,0.8614790286975718
0.41157973827974526,0.7765305942358942,0.8620309050772627
0.4115797382797452,0.7765482430596001,0.8620309050772627
0.41150669779175475,0.7767776777677767,0.8625827814569537
0.41147018240866823,0.7767776777677767,0.8631346578366446
0.41143367026580396,0.7773424401263656,0.8653421633554084
0.4113971613628745,0.7773600889500715,0.8658940397350994
0.4113606556995925,0.7773777377737774,0.8658940397350994
0.41128765409082063,0.7774836307160128,0.8669977924944813
0.41128765409082046,0.77762482130566,0.8686534216335541
0.4112511581447557,0.77762482130566,0.869757174392936
0.41121466543718854,0.7785602089620727,0.8703090507726269
0.41117817596783157,0.7785955066094845,0.8714128035320088
0.4111416897363974,0.7786661019043081,0.8714128035320088
0.41109061445155315,0.7786661019043081,0.8725165562913907
0.4110687269861487,0.7787719948465435,0.8725165562913907
0.41106872698614866,0.7789484830836024,0.8725165562913907
0.41099577718414393,0.779725031326662,0.8730684326710817
0.41095930713801493,0.7797603289740739,0.8741721854304636
0.4108863767540679,0.7797779777977798,0.8741721854304636
0.410871792230452,0.7797779777977798,0.8747240618101545
0.41084991641567553,0.7798662219163093,0.8752759381898455
0.4108499164156755,0.7800427101533682,0.8763796909492274
0.41081345931262103,0.7800780078007801,0.8763796909492274
0.4108134593126209,0.780095656624486,0.8763796909492274
0.41079887737722953,0.7801309542718978,0.8763796909492274
0.4107770054446173,0.7809428001623692,0.8769315673289183
0.41074055481137745,0.7809428001623692,0.8774834437086093
0.4107041074126143,0.7809604489860751,0.8774834437086093
0.4106312223173701,0.7810310442808986,0.8774834437086093
0.41063122231737,0.7810839907520164,0.8774834437086093
0.41058021044684123,0.7811016395757223,0.8774834437086093
0.410558350156589,0.7821958666454881,0.8785871964679912
0.4105219189259047,0.7822311642928998,0.8785871964679912
0.41052191892590467,0.7823017595877235,0.8785871964679912
0.4104854909279755,0.7823194084114293,0.8785871964679912
0.41048549092797537,0.7823547060588412,0.8785871964679912
0.4104126446292347,0.7824605990010766,0.8785871964679912
0.4103762263278495,0.7824782478247825,0.8785871964679912
0.41033981125807195,0.7832194984204303,0.8791390728476821
0.4103033994196155,0.7832371472441362,0.8791390728476821
0.4102669908121932,0.7832547960678421,0.8791390728476821
0.4101941832893046,0.7833077425389597,0.8791390728476821
0.41019418328930457,0.7834665819523129,0.8791390728476821
0.4101213886871128,0.7844196184324315,0.880242825607064
0.41012138868711273,0.7844372672561374,0.880242825607064
0.41008499623056166,0.7844725649035492,0.880242825607064
0.41008499623056155,0.7845078625509609,0.880242825607064
0.41004860700332474,0.7845431601983728,0.880242825607064
0.4100486070033247,0.7845784578457846,0.880242825607064
0.4100122210051157,0.7845961066694905,0.880242825607064
0.40997583823564804,0.7848255413776671,0.8807947019867549
0.4099394586946351,0.784843190201373,0.8807947019867549
0.4099030823817904,0.7858668219763153,0.8824503311258278
0.40986670929682756,0.785902119623727,0.8835540838852097
0.40983033943946023,0.7859550660948448,0.8835540838852097
0.4097576094063662,0.7860609590370802,0.8841059602649006
0.40975760940636613,0.7861845008030215,0.8841059602649006
0.4097212492300667,0.7862021496267274,0.8841059602649006
0.40968489228021715,0.7871375372831401,0.8846578366445916
0.4096485385565314,0.7871375372831401,0.8852097130242825
0.40961218805872285,0.787155186106846,0.8852097130242825
0.4095394967395931,0.7873316743439049,0.8852097130242825
0.40946681832053816,0.7881788178817882,0.8852097130242825
0.40946681832053805,0.788196466705494,0.8852097130242825
0.40943048394782333,0.7882317643529059,0.8852097130242825
0.4094304839478233,0.7882317643529059,0.8857615894039735
0.409321500173496,0.7883023596477294,0.8857615894039735
0.40932150017349594,0.788390603766259,0.8857615894039735
0.40928517869570563,0.7884082525899648,0.8863134657836644
0.40927065100704996,0.7884259014136707,0.8863134657836644
0.4092488604409313,0.7892377473041422,0.8863134657836644
0.409212545408887,0.7892906937752598,0.8868653421633554
0.40919802029836955,0.7893083425989658,0.8868653421633554
0.40917623359928673,0.7893436402463776,0.8868653421633554
0.40913992501184465,0.7893612890700835,0.8868653421633554
0.40912540247900797,0.7893612890700835,0.8874172185430463
0.4091036196462747,0.7894142355412012,0.8879690949227373
0.4091036196462746,0.7895907237782602,0.8885209713024282
0.4090673175022909,0.789626021425672,0.8885209713024282
0.40903101857960766,0.7904202184924375,0.8896247240618101
0.4089802054990915,0.7904378673161434,0.8896247240618101
0.408958430396999,0.7904555161398493,0.8896247240618101
0.4088858550961621,0.7905261114346729,0.8896247240618101
0.4088350600490064,0.7905437602583788,0.8896247240618101
0.4088132926748111,0.7914262014436738,0.8912803532008831
0.40877701629322843,0.7914614990910855,0.891832229580574
0.4086682064614242,0.7915850408570269,0.8929359823399559
0.40866820646142404,0.7916556361518505,0.8934878587196468
0.4086319429541852,0.7916909337992623,0.8934878587196468
0.4085956826648182,0.792626321455675,0.8934878587196468
0.40855942559303765,0.7926792679267927,0.8934878587196468
0.40852317173855784,0.7926969167504986,0.8934878587196468
0.40845067368035926,0.7929263514586753,0.8934878587196468
0.40841442947606943,0.7929616491060871,0.8934878587196468
0.4083999326948939,0.7929792979297929,0.8934878587196468
0.4083781884879386,0.7937381973491466,0.8940397350993378
0.4083419507156816,0.7937558461728526,0.8940397350993378
0.40834195071568147,0.7937911438202644,0.8940397350993378
0.4083057161590128,0.793844090291382,0.8940397350993378
0.408269484817647,0.793844090291382,0.8945916114790287
0.408233256691299,0.7938793879387939,0.8945916114790287
0.40823325669129895,0.794038227352147,0.8945916114790287
0.4081970317796833,0.7940558761758528,0.8945916114790287
0.4081608100825148,0.7948324244189124,0.8951434878587197
0.40812459159950815,0.7948500732426184,0.8951434878587197
0.4081245915995081,0.7948853708900302,0.8951434878587197
0.4080159554326076,0.7951148055982069,0.8956953642384106
0.4079797498033967,0.7951324544219128,0.8956953642384106
0.4079435473869218,0.795979597959796,0.8962472406181016
0.407907348182898,0.7959972467835019,0.8962472406181016
0.4079073481828979,0.7960501932546196,0.8973509933774835
0.40779876984268215,0.7960678420783255,0.8973509933774835
0.4077987698426821,0.7962796279627963,0.8984547461368654
0.407762583485612,0.7962972767865022,0.8984547461368654
0.4077625834856119,0.7963149256102081,0.8984547461368654
0.40774810984188714,0.796332574433914,0.8984547461368654
0.40772640033956775,0.7971267715006795,0.9001103752759382
0.4076902204042647,0.7971444203243854,0.9001103752759382
0.4076034016576558,0.7971620691480913,0.9001103752759382
0.4075816998599525,0.7972503132666208,0.9006622516556292
0.40758169985995246,0.7974268015036797,0.9006622516556292
0.40754553276476463,0.7974444503273856,0.9006622516556292
0.4075093688788936,0.7980621591570922,0.9006622516556292
0.40747320820205446,0.798079807980798,0.9006622516556292
0.4074370507339625,0.798097456804504,0.9006622516556292
0.40740089647433303,0.798097456804504,0.9012141280353201
0.4073864356687871,0.7981151056282099,0.9012141280353201
0.40736474542288154,0.7981680520993276,0.9012141280353201
0.4073647454228815,0.7982915938652689,0.9012141280353201
0.4073285975793229,0.7983092426889747,0.9012141280353201
0.4072924529433727,0.7991740350505638,0.902317880794702
0.4072563115147464,0.7992622791690934,0.902317880794702
0.4072201732931592,0.7992975768165052,0.902317880794702
0.4071695851702213,0.7993152256402111,0.902317880794702
0.40714790646996435,0.7993681721113288,0.902317880794702
0.40714790646996424,0.7995799579957996,0.902317880794702
0.4070756524715115,0.8003565062388592,0.9034216335540839
0.4070395302808522,0.800391803886271,0.9039735099337748
0.407003411295525,0.8004094527099769,0.9039735099337748
0.4069311829397292,0.80056829212333,0.9039735099337748
0.40688063071746733,0.8005859409470358,0.9039735099337748
0.40685896740184907,0.8013977868375073,0.9039735099337748
0.40682286443891646,0.8014683821323308,0.9045253863134658
0.40678676467960984,0.8015389774271545,0.9050772626931567
0.4067145747707372,0.8015919238982722,0.9050772626931567
0.4067145747707371,0.8017331144879194,0.9050772626931567
0.4066423976729571,0.8021390374331551,0.9050772626931567
0.4066135304204418,0.802156686256861,0.9050772626931567
0.4066063139275165,0.8021743350805669,0.9050772626931567
0.40657023338399634,0.8022096327279786,0.9050772626931567
0.4065702333839962,0.8022272815516845,0.9050772626931567
0.40649808190158154,0.8024567162598613,0.9056291390728477
0.4064259432234401,0.8030920739132736,0.9056291390728477
0.40638987868526194,0.8031097227369796,0.9056291390728477
0.4062817042708888,0.803215615679215,0.9056291390728477
0.4062817042708887,0.8033215086214504,0.9056291390728477
0.40624565253187184,0.8033568062688622,0.9061810154525386
0.40620960399193534,0.8040451103933923,0.9061810154525386
0.40608706288145197,0.8040627592170981,0.9061810154525386
0.40606544181731774,0.8042745451015689,0.9061810154525386
0.40599337991711254,0.8047334145179224,0.9061810154525386
0.4059573537627926,0.8047334145179224,0.9067328918322296
0.4058709040348708,0.8047510633416283,0.9067328918322296
0.40584929447956003,0.8047687121653342,0.9067328918322296
0.40584929447956,0.8048746051075696,0.9067328918322296
0.4058132811107792,0.8048922539312755,0.9072847682119205
0.405798876658072,0.8049099027549814,0.9072847682119205
0.4057772709376741,0.8054217186424525,0.9078366445916115
0.4057412639599612,0.805492313937276,0.9078366445916115
0.4057268620635222,0.805509962760982,0.9078366445916115
0.40570526017735686,0.8055276115846879,0.9078366445916115
0.4057052601773568,0.8055452604083938,0.9083885209713024
0.4056332621963398,0.8056864509980409,0.9083885209713024
0.40563326219633977,0.8057570462928646,0.9083885209713024
0.40558287121209713,0.8057746951165705,0.9083885209713024
0.4055612769923553,0.8064806480648065,0.9083885209713024
0.4055612769923552,0.8064982968885124,0.9083885209713024
0.4055252891810416,0.8065335945359242,0.9083885209713024
0.4055108949506861,0.8065688921833359,0.9083885209713024
0.40545332313835436,0.8065865410070419,0.9083885209713024
0.4054173449064141,0.8066571363018655,0.9083885209713024
0.40541734490641407,0.8067806780678067,0.9089403973509934
0.40538136986703155,0.8067983268915127,0.9089403973509934
0.40536698074513133,0.8068159757152186,0.9089403973509934
0.4053453980199236,0.8075572263108663,0.9100441501103753
0.40530942936480696,0.8076101727819841,0.9100441501103753
0.40520154254857205,0.8076984169005136,0.9105960264900662
0.405201542548572,0.8078749051375725,0.9105960264900662
0.40516558665858815,0.8078925539612785,0.9111479028697572
0.4051296339591796,0.8085455604383968,0.9116997792494481
0.40509368445006316,0.8085632092621027,0.9116997792494481
0.4050936844500631,0.8085985069095145,0.9116997792494481
0.40505773813095575,0.8086338045569262,0.9116997792494481
0.40505773813095564,0.808686751028044,0.9116997792494481
0.4050074186428817,0.8087220486754558,0.9116997792494481
0.40498585506163587,0.8088985369125148,0.91280353200883
0.40494991831085747,0.8089161857362207,0.91280353200883
0.4049499183108573,0.8089338345599266,0.91280353200883
0.40491398474895585,0.8096221386844566,0.9139072847682119
0.40487805437564833,0.8096397875081626,0.9139072847682119
0.4048062031936834,0.8096574363318685,0.9139072847682119
0.4047918344874805,0.8096750851555744,0.9139072847682119
0.4047702823844602,0.8096927339792803,0.9139072847682119
0.40477028238446017,0.8098515733926334,0.9150110375275938
0.404698450328118,0.8105045798697517,0.9150110375275938
0.40466253908043337,0.8105751751645753,0.9150110375275938
0.40462663101936275,0.8105928239882811,0.9150110375275938
0.40462663101936264,0.8106634192831048,0.9150110375275938
0.4045763650868367,0.8106810681068107,0.9150110375275938
0.404554824455932,0.8109634492861051,0.9155629139072847
0.40448303063556396,0.8117576463528706,0.9166666666666666
0.40444713850332187,0.8117752951765764,0.9166666666666666
0.4044471385033218,0.8117929440002823,0.9166666666666666
0.40441124955599733,0.8118105928239883,0.9166666666666666
0.4043394812149711,0.8118811881188119,0.9166666666666666
0.40433948121497093,0.8119870810610473,0.9166666666666666
0.404303601820704,0.8120047298847531,0.9166666666666666
0.40430360182070385,0.8120047298847531,0.9172185430463576
0.4042677256102243,0.8127812781278128,0.9172185430463576
0.4042318525832495,0.8128165757752246,0.9172185430463576
0.40414577030551946,0.8128342245989305,0.9172185430463576
0.4041242526005294,0.8130107128359895,0.9172185430463576
0.4040883923047494,0.8130283616596954,0.9172185430463576
0.40405253519106193,0.8137872610790491,0.9183222958057395
0.4040166812591848,0.8137872610790491,0.9188741721854304
0.40398083050883565,0.813804909902755,0.9188741721854304
0.40390913855159194,0.8139461004924022,0.9188741721854304
0.4039091385515919,0.8141049399057553,0.9194260485651214
0.40387329734413274,0.8141225887294612,0.9194260485651214
0.4038374593170724,0.8147932440302854,0.9194260485651214
0.40380162447012874,0.814863839325109,0.9199779249448123
0.4037657928030195,0.8149167857962267,0.9199779249448123
0.40376579280301944,0.8149344346199325,0.9199779249448123
0.40372996431546243,0.8149520834436385,0.9199779249448123
0.403715633810651,0.8149697322673444,0.9199779249448123
0.40369413900717555,0.8150932740332857,0.9199779249448123
0.4036941390071755,0.8151815181518152,0.9199779249448123
0.4036439889162105,0.8151991669755211,0.9199779249448123
0.4036224979272837,0.8156933340392862,0.9216335540838853
0.4035866821551146,0.8157109828629922,0.9216335540838853
0.40355086956108716,0.8157286316866981,0.9216335540838853
0.40351506014491967,0.8157639293341099,0.9216335540838853
0.40350073726819036,0.8157815781578158,0.9216335540838853
0.40347925390633005,0.8160286616896983,0.9216335540838853
0.4034434508450362,0.8160463105134043,0.9216335540838853
0.40340765096075615,0.8167522634616403,0.9221854304635762
0.40337185425320815,0.816787561109052,0.9221854304635762
0.4033360607221103,0.8168405075801698,0.9221854304635762
0.4032644831881374,0.8169111028749934,0.9221854304635762
0.40326448318813735,0.8170699422883465,0.923289183222958
0.40322869918469867,0.8171052399357582,0.923289183222958
0.40319291835658283,0.817670002294347,0.9238410596026491
0.40315714070350794,0.8177052999417589,0.9238410596026491
0.4031213662251923,0.8177405975891707,0.92439293598234
0.40312136622519223,0.8177758952365825,0.92439293598234
0.40304982679171203,0.8181288717107005,0.9260485651214128
0.40301406183598415,0.8181641693581123,0.9260485651214128
0.40299975674232574,0.8181818181818182,0.9260485651214128
0.40297830005388874,0.8188877711300542,0.9260485651214128
0.4029425414451443,0.8189407176011719,0.9260485651214128
0.40290678600946916,0.8189583664248777,0.9260485651214128
0.40285673372974456,0.8189936640722896,0.9260485651214128
0.402835284656201,0.8190289617197014,0.9260485651214128
0.40283528465620094,0.8191878011330544,0.9260485651214128
0.40278524125894205,0.8192054499567604,0.9260485651214128
0.40276379599183176,0.819805509962761,0.9260485651214128
0.4027280564172806,0.8198231587864668,0.9260485651214128
0.4027280564172805,0.8198408076101728,0.9266004415011038
0.4026923200141097,0.8198761052575846,0.9266004415011038
0.4026923200141096,0.8198937540812905,0.9266004415011038
0.4026422943770537,0.8199114029049964,0.9266004415011038
0.4026208567207834,0.8202114329079967,0.9271523178807947
0.40258512983006517,0.8202290817317026,0.9271523178807947
0.402570839961465,0.8202643793791143,0.9271523178807947
0.4025494061096019,0.8208291417377032,0.9282560706401766
0.4025136855591121,0.8208820882088209,0.9282560706401766
0.40251368555911204,0.8208997370325268,0.9288079470198676
0.4024779681783145,0.8209173858562326,0.9288079470198676
0.4024065429246711,0.8209879811510563,0.9288079470198676
0.40240654292467093,0.8210762252695858,0.9288079470198676
0.40237083505126264,0.8210938740932917,0.9288079470198676
0.40237083505126253,0.8211115229169976,0.9288079470198676
0.40235655278911386,0.8211291717407034,0.9288079470198676
0.4023351303464216,0.8216939340992923,0.9288079470198676
0.4022994288098667,0.8217645293941159,0.9288079470198676
0.4022637304413168,0.8217998270415277,0.9288079470198676
0.4021923432071078,0.8219586664548808,0.9293598233995585
0.4021923432071077,0.8221351546919398,0.9293598233995585
0.4021566543408864,0.8221881011630575,0.9293598233995585
0.4021209686415457,0.8227705123453521,0.9293598233995585
0.4020852861088048,0.8227881611690581,0.9293598233995585
0.40207101398229333,0.822805809992764,0.9293598233995585
0.40204960674238244,0.8228411076401758,0.9299116997792495
0.40197825750737015,0.8229470005824112,0.9299116997792495
0.40197825750737004,0.8231058399957643,0.9299116997792495
0.40194258763821816,0.8231234888194702,0.9299116997792495
0.4019069209342612,0.8237411976491766,0.9299116997792495
0.4018712573952185,0.8237764952965885,0.9299116997792495
0.40178567781268487,0.8238117929440003,0.9299116997792495
0.40176428576476664,0.8238823882388239,0.9299116997792495
0.4017642857647665,0.8240588764758828,0.9304635761589404
0.40169298716388785,0.8247648294241189,0.9304635761589404
0.401657342608433,0.8248001270715307,0.9304635761589404
0.40165734260843294,0.8248354247189424,0.9304635761589404
0.4016217012159269,0.8248530735426484,0.9304635761589404
0.4016217012159268,0.8248883711900602,0.9304635761589404
0.4015860629860888,0.8249060200137661,0.9304635761589404
0.4015504279186383,0.8250825082508251,0.9315673289183223
0.4015147960132946,0.8250825082508251,0.9321192052980133
0.40151479601329454,0.825100157074531,0.9321192052980133
0.40147916726977706,0.825629621785708,0.9326710816777042
0.40144354168780527,0.8256825682568257,0.9326710816777042
0.4014292923401864,0.8257002170805315,0.9326710816777042
0.4014079192670985,0.8257355147279434,0.9326710816777042
0.40133668390835847,0.8258061100227669,0.9326710816777042
0.4013366839083584,0.8258590564938847,0.9326710816777042
0.40126546119131307,0.8263532235576498,0.9332229580573952
0.40122985457272475,0.8263885212050617,0.9332229580573952
0.40119425111371876,0.8264061700287676,0.9332229580573952
0.4011942511137187,0.8264944141472971,0.9332229580573952
0.4011586508140148,0.8264944141472971,0.9337748344370861
0.4011230536733326,0.8267767953265914,0.9337748344370861
0.4010874596913918,0.8267944441502973,0.9337748344370861
0.401051868867912,0.8272356647429449,0.9337748344370861
0.40105186886791194,0.8272533135666508,0.9337748344370861
0.40101628120261296,0.8272886112140626,0.9337748344370861
0.4009806966952146,0.8273239088614743,0.9337748344370861
0.40093088368959623,0.8273592065088862,0.9337748344370861
0.40090953715299865,0.8273768553325921,0.9337748344370861
0.4009095371529986,0.8275180459222393,0.9337748344370861
0.40087396211762066,0.827553343569651,0.9337748344370861
0.40083839023902246,0.8281357547519458,0.9337748344370861
0.4007672559510454,0.8281534035756517,0.9337748344370861
0.40076725595104534,0.8281887012230634,0.9337748344370861
0.4006961342868264,0.8283475406364166,0.934878587196468
0.4006605781879262,0.8283651894601225,0.934878587196468
0.4006605781879261,0.8283828382838284,0.934878587196468
0.4006250252441254,0.8289299518187113,0.934878587196468
0.4006250252441253,0.8289299518187113,0.9354304635761589
0.4005894754551441,0.828982898289829,0.9354304635761589
0.40050416883157774,0.8290005471135349,0.9354304635761589
0.40048284501431836,0.8290887912320644,0.9354304635761589
0.4004828450143182,0.8293005771165352,0.9354304635761589
0.4004473078418159,0.8293182259402411,0.9354304635761589
0.4004117738227336,0.8299359347699475,0.9354304635761589
0.4003762429567915,0.8299888812410653,0.9354304635761589
0.4003407152437098,0.8300241788884771,0.9354304635761589
0.40034071524370973,0.8300418277121829,0.9354304635761589
0.4002696692750087,0.8300947741833007,0.9354304635761589
0.4002696692750086,0.830218315949242,0.9359823399558499
0.40019863591439225,0.830747780660419,0.9365342163355408
0.40016312396141673,0.8308007271315366,0.9365342163355408
0.40016312396141657,0.8308183759552425,0.9365342163355408
0.4001276151596232,0.8308889712500662,0.9370860927152318
0.40007790813056593,0.830924268897478,0.9370860927152318
0.4000566070084643,0.8309948641923016,0.9370860927152318
0.40005660700846424,0.8311360547819487,0.9376379690949227
0.40002110765853965,0.8311890012530665,0.9376379690949227
0.39998561145867884,0.8317361147879494,0.9376379690949227
0.3999501184086024,0.8317361147879494,0.9381898454746137
0.39991462850803067,0.8317361147879494,0.9387417218543046
0.39986494793786626,0.8317537636116553,0.9387417218543046
0.3998436581542839,0.8317714124353612,0.9387417218543046
0.39984365815428374,0.8319302518487143,0.9387417218543046
0.3998081777005498,0.8319479006724202,0.9387417218543046
0.39977270039520285,0.8324597165598913,0.9398454746136865
0.39973722623796354,0.8324773653835972,0.9398454746136865
0.3997230374564753,0.8324950142073031,0.9398454746136865
0.39970175522855256,0.832512663031009,0.9398454746136865
0.399652101103197,0.8325303118547149,0.9398454746136865
0.39963082265209837,0.8327773953865975,0.9403973509933775
0.39955990266360586,0.8334480506874217,0.9415011037527594
0.3995244473891472,0.8334656995111276,0.9415011037527594
0.3995244473891471,0.8335009971585394,0.9415011037527594
0.39951026616030205,0.8335186459822452,0.9415011037527594
0.39948899526084125,0.8335892412770689,0.9415011037527594
0.3994535462784089,0.8336068901007748,0.9415011037527594
0.39943936756621795,0.8336245389244806,0.9415011037527594
0.39941810044157094,0.8337304318667161,0.9415011037527594
0.3994181004415709,0.8338539736326573,0.9415011037527594
0.3993826577500482,0.8338892712800692,0.9415011037527594
0.39936848155406496,0.8339069201037751,0.9415011037527594
0.39934721820356184,0.8344187359912462,0.9420529801324503
0.3992763485445812,0.8344363848149521,0.9420529801324503
0.39920549146239676,0.8346834683468347,0.9420529801324503
0.39917006763690566,0.8347187659942464,0.9420529801324503
0.3991700676369056,0.8347364148179524,0.9420529801324503
0.3991346469547765,0.835336474823953,0.9426048565121413
0.39909922941573067,0.8353541236476589,0.9426048565121413
0.399063815019489,0.8354600165898943,0.9426048565121413
0.39902840376577287,0.8354776654136001,0.9426048565121413
0.3989929956543032,0.8355659095321297,0.9426048565121413
0.39899299565430313,0.8357247489454828,0.9426048565121413
0.39895759068480113,0.8357600465928946,0.9426048565121413
0.39892218885698805,0.8362365648329538,0.9437086092715232
0.39888679017058515,0.8362542136566598,0.9442604856512141
0.39885139462531355,0.8362718624803657,0.9442604856512141
0.3988513946253135,0.8362895113040716,0.9448123620309051
0.3988160022208945,0.8363071601277775,0.9448123620309051
0.3987806129570495,0.8364836483648365,0.9448123620309051
0.3987452268334998,0.8365012971885424,0.9448123620309051
0.39874522683349967,0.8365189460122483,0.945364238410596
0.3987098438499665,0.837101357194543,0.9464679911699779
0.39867446400617124,0.8371190060182488,0.9470198675496688
0.39863908730183534,0.8371366548419548,0.9470198675496688
0.39856834331042734,0.8372072501367784,0.9470198675496688
0.39856834331042723,0.8373307919027196,0.9475717439293598
0.398532976022798,0.8373484407264256,0.9475717439293598
0.39853297602279797,0.8373660895501315,0.9475717439293598
0.3984976118735139,0.8378602566138967,0.9475717439293598
0.39846225086229653,0.8378955542613085,0.9475717439293598
0.3984268929888674,0.8379132030850144,0.9475717439293598
0.3984268929888673,0.8379485007324262,0.9475717439293598
0.3983773972370206,0.8379661495561321,0.9475717439293598
0.39835618665426004,0.8380190960272498,0.9475717439293598
0.39835618665426,0.8381073401457793,0.9475717439293598
0.3982854928674646,0.8387956442703094,0.9475717439293598
0.3982501506788006,0.8388132930940153,0.9475717439293598
0.3982148116262545,0.838848590741427,0.9475717439293598
0.39821481162625444,0.838866239565133,0.9475717439293598
0.39814414292840317,0.8391839183918391,0.9481236203090507
0.3981088132825415,0.839219216039251,0.9481236203090507
0.39807348677168475,0.8396780854556044,0.9481236203090507
0.3980381633955548,0.8397133831030161,0.9486754966887417
0.3980028431538735,0.839731031926722,0.9492273730684326
0.39795340008086394,0.839748680750428,0.9492273730684326
0.3979322120727445,0.8398545736926634,0.9492273730684326
0.3979322120727443,0.8399604666348988,0.9492273730684326
0.39789690123274035,0.8399957642823106,0.9492273730684326
0.3978827777740884,0.8400310619297224,0.9492273730684326
0.39786159352607253,0.8406664195831348,0.9497792494481236
0.3978262889524629,0.8407193660542525,0.9497792494481236
0.39782628895246286,0.8407193660542525,0.9503311258278145
0.39775568920330623,0.8407370148779584,0.9503311258278145
0.3977415707570137,0.8407546637016643,0.9503311258278145
0.3977203940272032,0.8409135031150173,0.9508830022075055
0.3976851019830465,0.8409311519387233,0.9508830022075055
0.39764981307055813,0.8415312119447239,0.9508830022075055
0.3975792446394751,0.8416018072395475,0.9508830022075055
0.39754396512032464,0.8416194560632534,0.9508830022075055
0.3975298541892359,0.8416547537106652,0.9508830022075055
0.3975086887317312,0.8417253490054888,0.9514348785871964
0.3975086887317311,0.8418135931240183,0.9519867549668874
0.3974734154734168,0.8418312419477242,0.9519867549668874
0.39745930704650706,0.8418488907714301,0.9519867549668874
0.39743814534510397,0.8422901113640776,0.9519867549668874
0.39743814534510385,0.8423077601877835,0.9519867549668874
0.39740287834651467,0.8423430578351953,0.9519867549668874
0.3974028783465146,0.8423607066589012,0.9519867549668874
0.39736761447737123,0.8424136531300189,0.9519867549668874
0.3973182503175111,0.8424313019537247,0.9519867549668874
0.39729709612631176,0.8426960343093133,0.9530905077262694
0.39726184164384015,0.8427136831330192,0.9530905077262694
0.3972618416438401,0.8427666296041368,0.9530905077262694
0.39722659028970386,0.843084308430843,0.9530905077262694
0.3971913420636252,0.843101957254549,0.9541942604856513
0.39715609696532683,0.8431725525493726,0.9547461368653422
0.3970856161509604,0.843278445491608,0.9547461368653422
0.3970856161509603,0.8434019872575493,0.9552980132450332
0.39705038043433716,0.8434196360812551,0.9552980132450332
0.397036287023171,0.8434725825523729,0.9552980132450332
0.3970151478443841,0.8440726425583734,0.9552980132450332
0.39697991838082375,0.8440726425583734,0.9558498896247241
0.3969446920433785,0.8440902913820794,0.9558498896247241
0.39687424874572436,0.8441785355006088,0.9558498896247241
0.3968742487457243,0.8442844284428442,0.956953642384106
0.3968390317849606,0.8443020772665502,0.956953642384106
0.3968390317849605,0.8443020772665502,0.9575055187637969
0.39682494587567224,0.844337374913962,0.9575055187637969
0.3968038179492027,0.844866839625139,0.9580573951434879
0.396789733289839,0.8448844884488449,0.9580573951434879
0.39676860723817325,0.8449021372725508,0.9580573951434879
0.3967686072381732,0.8449197860962567,0.9580573951434879
0.396733399651595,0.8449550837436685,0.9580573951434879
0.3966981951891907,0.8449727325673744,0.9580573951434879
0.3966629938506832,0.8450080302147862,0.9580573951434879
0.39666299385068315,0.8452021672755511,0.9586092715231788
0.3966277956357952,0.8452021672755511,0.9597130242825607
0.3966137172243913,0.8452374649229629,0.9597130242825607
0.3965926005442495,0.8458198761052576,0.9602649006622517
0.39655740857576904,0.8458904714000812,0.9602649006622517
0.3965222197300767,0.845925769047493,0.9602649006622517
0.39647296059186377,0.8459434178711989,0.9602649006622517
0.39645185140594785,0.8460140131660225,0.9602649006622517
0.3964518514059478,0.8461905014030815,0.9613686534216336
0.3964166719269572,0.8462081502267874,0.9613686534216336
0.39638149556964636,0.846631721995729,0.9619205298013245
0.39634632233373845,0.8466493708194349,0.9619205298013245
0.3963111522189562,0.8467023172905526,0.9619205298013245
0.39631115221895613,0.8467376149379644,0.9619205298013245
0.39627598522502283,0.8467376149379644,0.9624724061810155
0.3962408213516615,0.8469141031750234,0.9630242825607064
0.39619159717098923,0.8469317519987293,0.9630242825607064
0.396170502965547,0.8474788655336122,0.9630242825607064
0.39613534845224013,0.847514163181024,0.9630242825607064
0.3961001970583977,0.8475318120047299,0.9635761589403974
0.39610019705839766,0.8475494608284357,0.9635761589403974
0.39606504878374293,0.8475671096521417,0.9635761589403974
0.3960509903471916,0.8475847584758476,0.9635761589403974
0.3960299036279991,0.8476200561232594,0.9635761589403974
0.39602990362799906,0.8477788955366125,0.9641280353200883
0.3959947615908893,0.8478318420077302,0.9641280353200883
0.3959596226721369,0.8483260090714954,0.9641280353200883
0.39592448687146514,0.8483436578952013,0.9641280353200883
0.395910433424197,0.8483613067189072,0.9641280353200883
0.3958893541885975,0.8483789555426131,0.9641280353200883
0.39588935418859733,0.848396604366319,0.9641280353200883
0.39584017366996654,0.8484142531900248,0.9641280353200883
0.3958190981751673,0.8486789855456134,0.9641280353200883
0.3957699263842961,0.8486966343693193,0.9641280353200883
0.39574885462963344,0.8492084502567904,0.9646799116997793
0.39571373753163613,0.8492437479042022,0.9646799116997793
0.39569969156497314,0.8492613967279081,0.9646799116997793
0.39567862354978334,0.8493143431990258,0.9646799116997793
0.3956435126837984,0.8493143431990258,0.9652317880794702
0.3956294692097854,0.8493319920227317,0.9652317880794702
0.39560840493340477,0.8493672896701435,0.9652317880794702
0.3956084049334047,0.8494908314360848,0.9652317880794702
0.3955733002983261,0.8495084802597906,0.9652317880794702
0.39555925931652086,0.8495261290834966,0.9652317880794702
0.39553819877828583,0.8499497008524382,0.9652317880794702
0.39550310037300773,0.84998499849985,0.9652317880794702
0.39546800508221525,0.8500026473235559,0.9652317880794702
0.3954680050822152,0.8500202961472618,0.9657836644591612
0.3954188769069156,0.8500379449709677,0.9657836644591612
0.39539782384298194,0.8502144332080267,0.9663355408388521
0.3953627378939884,0.8502320820317326,0.9663355408388521
0.39532765505837514,0.8507615467429096,0.9663355408388521
0.39531362279581445,0.8507791955666155,0.9663355408388521
0.39527854431846954,0.8507968443903214,0.9663355408388521
0.39525749872618476,0.8508144932140272,0.9663355408388521
0.3951873548442009,0.8508850885088509,0.9663355408388521
0.39518735484420087,0.8510086302747922,0.9668874172185431
0.3951522875713459,0.851026279098498,0.9668874172185431
0.39513826153350184,0.851043927922204,0.9668874172185431
0.395117223410214,0.8515204461622633,0.967439293598234
0.39508216236052923,0.8515733926333809,0.967439293598234
0.3950471044220153,0.8516086902807928,0.967439293598234
0.39504710442201524,0.8516263391044987,0.9679911699779249
0.39501204959439606,0.8516263391044987,0.9685430463576159
0.3949769978773957,0.8516439879282046,0.9685430463576159
0.39497699787739565,0.8518028273415577,0.9685430463576159
0.39494194927073806,0.8518028273415577,0.9690949227373068
0.3949069037741472,0.85243818499497,0.9696467991169978
0.39487186138734715,0.852455833818676,0.9696467991169978
0.3948718613873471,0.8524911314660878,0.9701986754966887
0.39480178594201554,0.8524911314660878,0.9707505518763797
0.3947877723453221,0.8525087802897937,0.9707505518763797
0.3947667528829322,0.8525440779372054,0.9707505518763797
0.39476675288293217,0.8527735126453821,0.9707505518763797
0.39473172293253594,0.8527911614690881,0.9707505518763797
0.394717711822748,0.852808810292794,0.9707505518763797
0.3946966960905509,0.8533912214750887,0.9707505518763797
0.3946616723567014,0.8534088702987945,0.9707505518763797
0.39459163421230553,0.8534088702987945,0.9713024282560706
0.3945776280750048,0.8534441679462064,0.9713024282560706
0.39455661980120765,0.85351476324103,0.9713024282560706
0.3945566198012076,0.8536383050069712,0.9713024282560706
0.3945216084971421,0.8536559538306772,0.9713024282560706
0.39450760484542313,0.8536736026543831,0.9713024282560706
0.39448660029983323,0.8541501208944424,0.9724061810154525
0.3944866002998332,0.8541677697181483,0.9724061810154525
0.39445159520900536,0.854220716189266,0.9729580573951435
0.3944165932243829,0.8542383650129719,0.9729580573951435
0.3944165932243828,0.8542560138366778,0.9729580573951435
0.3943465985726513,0.8544148532500309,0.9735099337748344
0.3943116059049912,0.8544677997211486,0.9735099337748344
0.3943116059049911,0.8544854485448545,0.9735099337748344
0.39427661634243394,0.8549796156086197,0.9735099337748344
0.3942416298847041,0.8549972644323256,0.9735099337748344
0.39420664653152615,0.8550149132560315,0.9735099337748344
0.39415767505219984,0.8550325620797374,0.9735099337748344
0.3941366891377243,0.8550855085508551,0.9735099337748344
0.39413668913772426,0.8551737526693846,0.9735099337748344
0.3940667441588245,0.8556502709094439,0.9735099337748344
0.3940667441588244,0.8556679197331498,0.9735099337748344
0.39403177632427444,0.8556855685568557,0.9735099337748344
0.39403177632427433,0.8557208662042675,0.9735099337748344
0.3939968115926237,0.8557208662042675,0.9740618101545254
0.39399681159262356,0.8557561638516793,0.9740618101545254
0.3939618499635969,0.8557738126753852,0.9740618101545254
0.39392689143691895,0.855985598559856,0.9746136865342163
0.3938919360123144,0.8560032473835619,0.9746136865342163
0.393856983689508,0.8563915215050917,0.9746136865342163
0.3938220344682246,0.8564444679762094,0.9746136865342163
0.39382203446822456,0.856515063271033,0.9746136865342163
0.3937870883481888,0.8565327120947389,0.9746136865342163
0.393738168989711,0.8565503609184448,0.9746136865342163
0.3937172054107598,0.8565856585658566,0.9746136865342163
0.39371720541075966,0.856691551508092,0.9746136865342163
0.3936822685928161,0.8567092003317979,0.9746136865342163
0.39364733487501946,0.8572210162192689,0.9746136865342163
0.39361240425709487,0.8572739626903867,0.9751655629139073
0.3935774767387672,0.8573092603377985,0.9751655629139073
0.3935285834199077,0.8573445579852103,0.9751655629139073
0.39350763099980257,0.857556343869681,0.9751655629139073
0.3934727127786155,0.857573992693387,0.9751655629139073
0.39347271277861545,0.8575916415170929,0.9757174392935982
0.3934587463577351,0.8576092903407988,0.9757174392935982
0.3934377976559253,0.8580505109334463,0.9757174392935982
0.39343779765592524,0.8580681597571522,0.9757174392935982
0.39340288563145703,0.858103457404564,0.9757174392935982
0.393402885631457,0.8581387550519758,0.9757174392935982
0.39336797670493584,0.8581917015230934,0.9757174392935982
0.39331910941183373,0.8582093503467993,0.9757174392935982
0.393298168144635,0.858279945641623,0.9757174392935982
0.39329816814463486,0.8584387850549761,0.9768211920529801
0.39326326851030546,0.8584740827023879,0.9768211920529801
0.3932493095237064,0.8584917315260938,0.9768211920529801
0.3932283719728235,0.8591094403558003,0.9773730684326711
0.3931934785319145,0.859162386826918,0.9773730684326711
0.3931795220225296,0.8591800356506238,0.9773730684326711
0.39315858818730337,0.8591976844743298,0.9784768211920529
0.3931585881873033,0.8592153332980357,0.9784768211920529
0.3930888167858761,0.8592506309454475,0.9790286975717439
0.39308881678587604,0.8593741727113888,0.9790286975717439
0.3930190577663441,0.8599742327173894,0.9790286975717439
0.3929841828991022,0.8600095303648012,0.9790286975717439
0.39298418289910214,0.8600624768359189,0.9790286975717439
0.39294931112651,0.8600801256596248,0.9790286975717439
0.39294931112650994,0.8600977744833307,0.9790286975717439
0.3929144424482931,0.8601154233070366,0.9790286975717439
0.3928795768641769,0.860380155662625,0.9790286975717439
0.3928447143738868,0.860397804486331,0.9790286975717439
0.39283077024398055,0.8604154533100369,0.9790286975717439
0.3928098549771482,0.860927269197508,0.9795805739514348
0.3927749986736867,0.8609625668449198,0.9801324503311258
0.3927401454632278,0.8609978644923316,0.9801324503311258
0.39272620504502337,0.8610155133160375,0.9801324503311258
0.3926704483202198,0.8611390550819787,0.9801324503311258
0.39267044832021974,0.8612449480242141,0.9801324503311258
0.39263560438712186,0.861280245671626,0.9801324503311258
0.3926216676796314,0.8612978944953319,0.9801324503311258
0.3926007635459289,0.861792061559097,0.9806843267108167
0.39253109113816004,0.861809710382803,0.9806843267108167
0.39253109113816,0.8618273592065089,0.9806843267108167
0.3924823278096273,0.8618626568539207,0.9806843267108167
0.3924614310947186,0.8620920915620974,0.9806843267108167
0.3924266057089351,0.8621097403858032,0.9806843267108167
0.39242660570893495,0.8621273892095092,0.9806843267108167
0.3923917834134105,0.8623921215650977,0.9806843267108167
0.39239178341341047,0.8624097703888036,0.9806843267108167
0.39235696420787086,0.8624450680362153,0.9806843267108167
0.3923569642078708,0.8624627168599213,0.9806843267108167
0.3922525251284191,0.862515663331039,0.9806843267108167
0.39225252512841907,0.8626568539206861,0.9806843267108167
0.3922177182800771,0.8626745027443921,0.9806843267108167
0.3922037964055676,0.8627098003918039,0.9806843267108167
0.39218291452034926,0.8631686698081573,0.9806843267108167
0.3921829145203492,0.8631863186318632,0.9806843267108167
0.3921481138489614,0.863221616279275,0.9806843267108167
0.3921133162656396,0.8632392651029809,0.9806843267108167
0.39207852177010993,0.8632392651029809,0.9812362030905077
0.3920646048364184,0.8632569139266868,0.9812362030905077
0.39204373036209816,0.863398104516334,0.9812362030905077
0.39200894204133035,0.8634157533400398,0.9812362030905077
0.39199502757739013,0.8634334021637458,0.9812362030905077
0.3919741568075327,0.8638040274615697,0.9817880794701986
0.3919741568075326,0.8638216762852756,0.9817880794701986
0.39193937466043116,0.8638569739326873,0.9823399558498896
0.3919393746604311,0.8638922715800992,0.9828918322295805
0.3919045955997518,0.863927569227511,0.9828918322295805
0.39183504673656455,0.8639981645223346,0.9828918322295805
0.39183504673656444,0.8642099504068054,0.9828918322295805
0.39180027693350866,0.8642275992305113,0.9828918322295805
0.3917863698761933,0.8642628968779231,0.9828918322295805
0.3917655102157799,0.8647570639416883,0.9834437086092715
0.39173074658310414,0.8648982545313355,0.9834437086092715
0.3917168419937875,0.8649159033550414,0.9834437086092715
0.3916959860352078,0.8649335521787472,0.9834437086092715
0.3916959860352077,0.8649688498261591,0.9834437086092715
0.391647326450061,0.864986498649865,0.9834437086092715
0.39164732645006095,0.8650041474735709,0.9834437086092715
0.39162647419265817,0.8650747427683945,0.9834437086092715
0.3916264741926581,0.8651806357106299,0.9834437086092715
0.39157782324282425,0.8652159333580417,0.9834437086092715
0.3915569746859415,0.8657806957166305,0.9834437086092715
0.39152222955783644,0.8657983445403364,0.9834437086092715
0.39152222955783633,0.86586893983516,0.9839955849889624
0.39148748751286866,0.8659042374825718,0.9839955849889624
0.39143885382906357,0.8659218863062776,0.9839955849889624
0.39141801267125087,0.8660101304248072,0.9839955849889624
0.39141801267125076,0.8662395651329838,0.9839955849889624
0.39138327987405364,0.8662572139566898,0.9839955849889624
0.3913485501588995,0.8667690298441609,0.9845474613686535
0.39131382352551525,0.8667866786678667,0.9845474613686535
0.39127909997362703,0.8668396251389845,0.9845474613686535
0.39124437950296154,0.8668572739626904,0.9845474613686535
0.39120966211324554,0.8669455180812199,0.9845474613686535
0.3912096621132454,0.8670690598471612,0.9850993377483444
0.39117494780420536,0.8670867086708671,0.9850993377483444
0.3911402365755678,0.8674043874975733,0.9850993377483444
0.3911055284270595,0.867457333968691,0.9850993377483444
0.3911055284270594,0.8674749827923969,0.9850993377483444
0.39109164603003105,0.8674926316161028,0.9850993377483444
0.391070823358407,0.8675455780872204,0.9850993377483444
0.3910708233584069,0.8675632269109264,0.9850993377483444
0.39102224143593123,0.8675808757346323,0.9850993377483444
0.3910014224595768,0.8677573639716913,0.9850993377483444
0.39096672662885246,0.8677750127953971,0.9850993377483444
0.3909667266288524,0.8677926616191031,0.9850993377483444
0.390932033876891,0.8681809357406329,0.9856512141280354
0.39089734420341926,0.8682515310354565,0.9856512141280354
0.39086265760816413,0.8682691798591624,0.9856512141280354
0.3908626576081641,0.8683044775065741,0.9862030905077263
0.39082797409085224,0.86832212633028,0.9862030905077263
0.3907932936512106,0.8684103704488095,0.9862030905077263
0.39079329365121057,0.8685515610384568,0.9862030905077263
0.39075861628896613,0.8685692098621627,0.9862030905077263
0.39072394200384586,0.8690280792785161,0.9862030905077263
0.39069620479109535,0.869045728102222,0.9862030905077263
0.3906892707955765,0.8690986745733397,0.9862030905077263
0.39068927079557647,0.8691163233970456,0.9862030905077263
0.3906546026638851,0.8691339722207515,0.9862030905077263
0.3906060724476485,0.8691516210444574,0.9862030905077263
0.39058527562914436,0.8692751628103987,0.9862030905077263
0.39055061672554914,0.8693104604578105,0.9862030905077263
0.39051596089744,0.869751681050458,0.9862030905077263
0.39048130814454407,0.8698046275215757,0.9862030905077263
0.390481308144544,0.8698222763452816,0.9862030905077263
0.39044665846658844,0.8698575739926934,0.9862030905077263
0.39039815408283096,0.8698752228163993,0.9862030905077263
0.390377368334407,0.869928169287517,0.9862030905077263
0.39037736833440695,0.8700164134060465,0.9862030905077263
0.3903080904987128,0.8703517410564586,0.9867549668874173
0.39027345619136655,0.8703870387038704,0.9867549668874173
0.390238824957324,0.8704046875275763,0.9867549668874173
0.3902388249573239,0.8704223363512822,0.9867549668874173
0.390190346392295,0.8704399851749881,0.9867549668874173
0.3901695717080585,0.8706517710594589,0.9867549668874173
0.39012110174621784,0.8706870687068707,0.9867549668874173
0.39010033074873507,0.8711282892995181,0.9873068432671082
0.39010033074873496,0.87116358694693,0.9873068432671082
0.39006571487711994,0.8711812357706359,0.9873068432671082
0.3899964923486202,0.8711988845943418,0.9873068432671082
0.38998264931712895,0.8712165334180477,0.9873068432671082
0.3899618856911906,0.8712518310654594,0.9873068432671082
0.38996188569119045,0.8712871287128713,0.9873068432671082
0.3899272821046108,0.8713224263602831,0.9873068432671082
0.38989268158860857,0.8716224563632834,0.9873068432671082
0.3898580841429114,0.871675402834401,0.9873068432671082
0.3898234897672469,0.8717107004818129,0.9873068432671082
0.38982348976724684,0.8717812957766364,0.9873068432671082
0.38977506279845264,0.8718165934240483,0.9873068432671082
0.389754310224926,0.8719048375425777,0.9873068432671082
0.38975431022492596,0.872046028132225,0.9873068432671082
0.38971972505772484,0.8720636769559309,0.9873068432671082
0.3896851429594668,0.8723813557826371,0.9878587196467992
0.3896505639298796,0.872399004606343,0.9878587196467992
0.38965056392987946,0.8724166534300489,0.9878587196467992
0.38962290291546964,0.8724343022537547,0.9878587196467992
0.3896159879686907,0.8724695999011666,0.9878587196467992
0.38954684525041927,0.8726284393145197,0.9878587196467992
0.3895468452504192,0.8727872787278728,0.9878587196467992
0.38951227849279213,0.8728049275515787,0.9878587196467992
0.3895122784927921,0.8728049275515787,0.9884105960264901
0.3894984526486032,0.8728225763752846,0.9884105960264901
0.38947771480247456,0.8731755528494026,0.9884105960264901
0.3894431541791943,0.8732108504968144,0.9884105960264901
0.38940859662267907,0.8732637969679321,0.9884105960264901
0.3893602211952052,0.873281445791638,0.9884105960264901
0.3893394907088558,0.8733520410864616,0.9884105960264901
0.3893394907088557,0.8734932316761088,0.9884105960264901
0.38929112386626713,0.8735108804998147,0.9884105960264901
0.38927039705882777,0.8739521010924622,0.9889624724061811
0.38923585483205686,0.8740050475635799,0.9889624724061811
0.3892358548320568,0.8740579940346976,0.9889624724061811
0.38920131567041866,0.8740756428584034,0.9889624724061811
0.38920131567041855,0.8740756428584034,0.989514348785872
0.38916677957364115,0.8740932916821094,0.989514348785872
0.3891322465414525,0.8742344822717566,0.9900662251655629
0.3890977165735806,0.8742697799191684,0.9900662251655629
0.3890631896697537,0.8748521911014631,0.9906181015452539
0.3890631896697536,0.874869839925169,0.9906181015452539
0.38902866582969986,0.8748874887488749,0.9906181015452539
0.3890286658296997,0.8749227863962867,0.9906181015452539
0.38899414505314706,0.8749404352199925,0.9906181015452539
0.3889458211121375,0.8749580840436985,0.9906181015452539
0.3889251126894577,0.8749933816911103,0.9906181015452539
0.3889251126894576,0.8751875187518752,0.9906181015452539
0.38889060110177737,0.875222816399287,0.9911699779249448
0.38885609257651116,0.8756463881682286,0.9911699779249448
0.38882158711338705,0.8757169834630522,0.9911699779249448
0.388821587113387,0.8757699299341699,0.9911699779249448
0.38878708471213336,0.8757875787578758,0.9911699779249448
0.38878708471213325,0.8758228764052876,0.9911699779249448
0.3887525853724784,0.8758405252289935,0.9911699779249448
0.3887180890941507,0.8759817158186407,0.9911699779249448
0.3886835958768783,0.8759993646423466,0.9911699779249448
0.3886491057203898,0.8764405852349941,0.9911699779249448
0.38864910572038974,0.8764582340586999,0.9911699779249448
0.38861461862441343,0.8765111805298177,0.9917218543046358
0.3885801345886778,0.8765288293535236,0.9917218543046358
0.38853186207933516,0.8765464781772295,0.9917218543046358
0.3885111756968423,0.8766170734720531,0.9917218543046358
0.3885111756968422,0.8767406152379944,0.9917218543046358
0.38847670084019925,0.8767582640617003,0.9917218543046358
0.3884767008401992,0.876793561709112,0.9917218543046358
0.3884629117541205,0.8768288593565239,0.9917218543046358
0.3884422290427108,0.8772524311254655,0.9917218543046358
0.38840776030410556,0.8773053775965832,0.9917218543046358
0.3883732946241121,0.8773230264202891,0.9917218543046358
0.388373294624112,0.8773936217151127,0.9922737306843267
0.38832504781007193,0.8774112705388186,0.9922737306843267
0.38830437243887433,0.8776054075995835,0.9922737306843267
0.3882699159330875,0.8776230564232894,0.9922737306843267
0.3882561341868952,0.8776583540707011,0.9922737306843267
0.3882354624848268,0.8779936817211133,0.9922737306843267
0.38823546248482665,0.8780289793685251,0.9922737306843267
0.388201012093821,0.878046628192231,0.9922737306843267
0.38820101209382096,0.8780819258396428,0.9922737306843267
0.38816656475979877,0.8781348723107605,0.9928256070640177
0.3880976792616202,0.8781878187818782,0.9928256070640177
0.3880976792616201,0.8783113605478194,0.9928256070640177
0.38806324109692125,0.8783290093715254,0.9928256070640177
0.3880632410969212,0.8783466581952313,0.9933774834437086
0.3880494666867085,0.8783643070189372,0.9933774834437086
0.388028805988121,0.8788761229064083,0.9933774834437086
0.38801503280019184,0.8788937717301142,0.9933774834437086
0.38799437393494834,0.8789114205538201,0.9933774834437086
0.387959944937132,0.8789467182012319,0.9933774834437086
0.3878910961064841,0.8789643670249377,0.9939293598233996
0.38789109610648403,0.8791585040857027,0.9939293598233996
0.387842909194972,0.8791761529094085,0.9939293598233996
0.38782225949400845,0.8795467782072325,0.9939293598233996
0.3877878457689077,0.8795997246783502,0.9939293598233996
0.38775343509753696,0.879617373502056,0.9939293598233996
0.3877534350975369,0.8796879687968797,0.9939293598233996
0.38768462291490163,0.8799350523287622,0.9939293598233996
0.3876502214030952,0.8799527011524682,0.9944812362030905
0.38761582294393504,0.8803586240977039,0.9944812362030905
0.38758142753715025,0.8804115705688216,0.9944812362030905
0.3875676702290407,0.8804292193925275,0.9944812362030905
0.38754703518246997,0.8804645170399393,0.9944812362030905
0.3875470351824699,0.8804998146873511,0.9944812362030905
0.38751264587962336,0.880517463511057,0.9944812362030905
0.3875126458796233,0.8805351123347629,0.9944812362030905
0.38747825962833976,0.8805880588058805,0.9944812362030905
0.3874782596283396,0.8807998446903514,0.9944812362030905
0.3874438764283481,0.8808351423377632,0.9944812362030905
0.3874094962793779,0.8812410652829988,0.9944812362030905
0.3874094962793778,0.8812587141067048,0.9944812362030905
0.38737511918115825,0.8812763629304107,0.9944812362030905
0.3873751191811582,0.8813293094015284,0.9944812362030905
0.3873613691960199,0.8813469582252342,0.9944812362030905
0.38729262659087377,0.8813646070489402,0.9944812362030905
0.38727200618829605,0.881576392933411,0.9950331125827815
0.387237641290372,0.8815940417571169,0.9950331125827815
0.38723764129037197,0.8816116905808228,0.9950331125827815
0.38720327944184524,0.8819999647023525,0.9950331125827815
0.3871689206424453,0.8820352623497644,0.9950331125827815
0.3871689206424451,0.8820529111734703,0.9950331125827815
0.38713456489190134,0.882105857644588,0.9950331125827815
0.38708647196270307,0.8821235064682938,0.9950331125827815
0.3870658625362998,0.8822117505868234,0.9950331125827815
0.38706586253629977,0.8823882388238824,0.9950331125827815
0.3870315159307011,0.8824058876475883,0.9955849889624724
0.3870177781418536,0.882441185295,0.9955849889624724
0.3869971723728767,0.8827941617691181,0.9955849889624724
0.38696283186255587,0.882811810592824,0.9955849889624724
0.3869628318625558,0.8828294594165299,0.9955849889624724
0.3869284943994682,0.8829000547113535,0.9955849889624724
0.38692849439946814,0.8829177035350594,0.9955849889624724
0.38685982861391116,0.8831824358906479,0.9955849889624724
0.386825500290901,0.8832000847143537,0.9955849889624724
0.3867911750140426,0.8835530611884718,0.9955849889624724
0.3867568527830657,0.8835883588358836,0.9955849889624724
0.3867568527830656,0.8836766029544131,0.9961368653421634
0.3867225335977,0.8838001447203544,0.9961368653421634
0.38665390436272135,0.883870740015178,0.9961368653421634
0.3866539043627213,0.884047228252237,0.9961368653421634
0.38661959431256776,0.884047228252237,0.9966887417218543
0.38660587114499,0.8840648770759428,0.9966887417218543
0.38658528730694464,0.8844178535500609,0.9966887417218543
0.38655098334558174,0.8844708000211786,0.9966887417218543
0.38651668242820875,0.8845943417871199,0.9966887417218543
0.38644808972435263,0.8847002347293553,0.9966887417218543
0.3864480897243526,0.8848414253190025,0.9966887417218543
0.3863795091932157,0.8851238064982969,0.9966887417218543
0.38634522349174183,0.8851767529694146,0.9966887417218543
0.3863452234917418,0.8851944017931205,0.9966887417218543
0.3863109408326376,0.885264997087944,0.9966887417218543
0.38627666121563314,0.88528264591165,0.9966887417218543
0.38624238464045874,0.8853355923827677,0.9966887417218543
0.3862423846404587,0.8854944317961208,0.9966887417218543
0.38620811110684405,0.8855120806198267,0.9966887417218543
0.38619440254497445,0.8855297294435326,0.9966887417218543
0.38617384061451937,0.8860238965072977,0.9966887417218543
0.38613957316321484,0.8861121406258273,0.9966887417218543
0.38610530875266075,0.8861297894495331,0.9966887417218543
0.38607104738258696,0.886147438273239,0.9966887417218543
0.3860710473825868,0.886165087096945,0.9966887417218543
0.38603678905272387,0.8862003847443568,0.9966887417218543
0.3860367890527238,0.8863945218051217,0.9966887417218543
0.38600938457760375,0.8864121706288276,0.9966887417218543
0.38600253376280164,0.8864827659236512,0.9966887417218543
0.38596828151255064,0.8868886888688869,0.9966887417218543
0.3859340323017011,0.8869945818111223,0.9966887417218543
0.385934032301701,0.8870298794585341,0.9966887417218543
0.38589978612998316,0.88704752828224,0.9966887417218543
0.3858997861299831,0.8870828259296518,0.9966887417218543
0.3858655429971272,0.8871534212244754,0.9966887417218543
0.3858313029028637,0.8873475582852403,0.9966887417218543
0.3857970658469229,0.887400504756358,0.9966887417218543
0.38576283182903537,0.8876475882882406,0.9966887417218543
0.3857286008489313,0.8877358324067701,0.9966887417218543
0.3856601480009956,0.887753481230476,0.9966887417218543
0.38564645888922544,0.8877887788778878,0.9966887417218543
0.385625926132625,0.8878946718201232,0.9966887417218543
0.38562592613262486,0.888088808880888,0.9966887417218543
0.3855917073009597,0.8881417553520058,0.9966887417218543
0.3855574915057305,0.8885123806498297,0.9966887417218543
0.3855574915057304,0.8885476782972415,0.9966887417218543
0.3855232787466678,0.8885653271209474,0.9966887417218543
0.38552327874666775,0.8885653271209474,0.9972406181015453
0.3854890690235021,0.8885829759446533,0.9972406181015453
0.3854548623359644,0.8886006247683592,0.9972406181015453
0.38542065868378494,0.8887065177105946,0.9972406181015453
0.3853864580666945,0.8887418153580063,0.9972406181015453
0.38538645806669447,0.8887594641817123,0.9972406181015453
0.3853522604844238,0.8891300894795362,0.9972406181015453
0.3853522604844237,0.8891477383032421,0.9972406181015453
0.3853180659367034,0.8892183335980657,0.9972406181015453
0.3852838744232643,0.8892889288928892,0.9972406181015453
0.3852360114015291,0.8893242265403011,0.9972406181015453
0.3852155004981524,0.8894301194825365,0.9972406181015453
0.38521550049815234,0.8896242565433014,0.9972406181015453
0.38518131808594114,0.8896419053670073,0.9972406181015453
0.385167645970369,0.889694851838125,0.9972406181015453
0.3851471387069343,0.8901007747833607,0.9972406181015453
0.38507878904745674,0.8901537212544783,0.9972406181015453
0.3850787890474567,0.8902066677255961,0.9972406181015453
0.3850446187664478,0.8902419653730079,0.9972406181015453
0.3850309515030552,0.8902596141967138,0.9972406181015453
0.3850104515175668,0.8903655071389492,0.9972406181015453
0.3850036184316222,0.890383155962655,0.9972406181015453
0.38497628730054445,0.890400804786361,0.9972406181015453
0.38496262246259566,0.8904537512574787,0.9972406181015453
0.3849421261151118,0.8908420253790085,0.9977924944812362
0.38494212611511175,0.8908596742027144,0.9977924944812362
0.3849147993493296,0.8908773230264203,0.9977924944812362
0.3849079679609999,0.890930269497538,0.9977924944812362
0.38490796796099985,0.8909479183212439,0.9977924944812362
0.3848943055480647,0.8909655671449498,0.9977924944812362
0.38487381283793964,0.8910538112634793,0.9977924944812362
0.3848396607456623,0.8910714600871852,0.9977924944812362
0.3848396607456622,0.8910891089108911,0.9977924944812362
0.38480551168389865,0.8911420553820087,0.9977924944812362
0.3848055116838986,0.8912655971479501,0.9977924944812362
0.38477136565237985,0.8913008947953619,0.9977924944812362
0.38473722265083715,0.8916891689168917,0.9977924944812362
0.38470991043100505,0.8917068177405976,0.9977924944812362
0.3847030826790016,0.8918303595065389,0.9977924944812362
0.3846689457366044,0.8918656571539507,0.9977924944812362
0.3846689457366043,0.8919362524487743,0.9977924944812362
0.3846211591061926,0.8919539012724802,0.9977924944812362
0.3846006809390494,0.8920421453910097,0.9977924944812362
0.38460068093904937,0.8921480383332451,0.9977924944812362
0.38458702943335055,0.892165687156951,0.9977924944812362
0.38456655308335413,0.8922362824517746,0.9977924944812362
0.3845529027890328,0.8922539312754805,0.9977924944812362
0.3845324282560222,0.8927128006918339,0.9977924944812362
0.38453242825602213,0.8927304495155398,0.9977924944812362
0.38449830645678457,0.8927480983392457,0.9977924944812362
0.3844983064567845,0.8928010448103634,0.9977924944812362
0.3844846585848957,0.8928186936340693,0.9977924944812362
0.38446418768537266,0.8929069377525988,0.9977924944812362
0.3844232491560301,0.8929245865763047,0.9977924944812362
0.3843959592249515,0.8929775330474223,0.9983443708609272
0.38439595922495146,0.8931540212844814,0.9983443708609272
0.38436184953540486,0.8931893189318932,0.9983443708609272
0.3843618495354048,0.893206967755599,0.9983443708609272
0.38434820650709156,0.8932422654030109,0.9983443708609272
0.38432774287260935,0.8935069977585994,0.9983443708609272
0.3842936392362965,0.8935952418771289,0.9983443708609272
0.3842663585061332,0.8936128907008348,0.9983443708609272
0.38425953862619777,0.8936481883482466,0.9983443708609272
0.38425953862619766,0.8937011348193643,0.9983443708609272
0.38419134648356806,0.893754081290482,0.9983443708609272
0.384191346483568,0.8938423254090115,0.9983443708609272
0.38417770950730695,0.8938599742327173,0.9983443708609272
0.38415725495050024,0.8938776230564233,0.9983443708609272
0.3841436191843273,0.8939129207038351,0.9983443708609272
0.38412316644257244,0.8943541412964826,0.9983443708609272
0.3840890809595164,0.8944247365913062,0.9983443708609272
0.38407544761319773,0.8944423854150121,0.9983443708609272
0.38405499850106334,0.894460034238718,0.9983443708609272
0.3840549985010633,0.8945306295335416,0.9983443708609272
0.38398684265689337,0.8947071177706006,0.9983443708609272
0.3839527692706398,0.8947247665943064,0.9983443708609272
0.38393914076274166,0.8947424154180124,0.9983443708609272
0.38392551273859116,0.8947600642417183,0.9983443708609272
0.38391869890791586,0.8952189336580717,0.9983443708609272
0.3838846315684535,0.8952365824817776,0.9983443708609272
0.3838846315684534,0.8952718801291893,0.9983443708609272
0.38385056725198424,0.8953601242477189,0.9983443708609272
0.38381650595824,0.8953954218951307,0.9983443708609272
0.38380288228704523,0.8954130707188366,0.9983443708609272
0.3837824476869526,0.895518963661072,0.9983443708609272
0.3837824476869525,0.8956601542507192,0.9983443708609272
0.38373477118436666,0.8956778030744251,0.9983443708609272
0.38371434021067496,0.896030779548543,0.9983443708609272
0.3837143402106749,0.896048428372249,0.9983443708609272
0.38368029100514855,0.8960660771959549,0.9983443708609272
0.3836802910051485,0.8961190236670726,0.9983443708609272
0.38366667216894057,0.8961366724907784,0.9983443708609272
0.38364624482100623,0.8961719701381903,0.9983443708609272
0.3836462448210061,0.8961896189618962,0.9983443708609272
0.3836122016579798,0.8962072677856021,0.9983443708609272
0.3835985852386217,0.896224916609308,0.9983443708609272
0.3835781615158013,0.8965072977886024,0.9983443708609272
0.38357816151580126,0.8965249466123083,0.9983443708609272
0.38354412439420266,0.8965425954360142,0.9983443708609272
0.38351689687156115,0.8965602442597201,0.9983443708609272
0.38351009029291583,0.8968779230864263,0.9983443708609272
0.3835100902929158,0.8969132207338381,0.9983443708609272
0.3834760592116728,0.896930869557544,0.9983443708609272
0.3834760592116727,0.8969838160286617,0.9983443708609272
0.38344203115020553,0.8970544113234853,0.9983443708609272
0.3833739840855266,0.8971250066183089,0.9983443708609272
0.38337398408552653,0.8972661972079561,0.9983443708609272
0.3833399650817791,0.897283846031662,0.9983443708609272
0.383339965081779,0.8973014948553679,0.9983443708609272
0.3833263583255322,0.8973367925027796,0.9983443708609272
0.3833059490967356,0.8976191736820741,0.9988962472406181
0.3832719361301284,0.8976721201531918,0.9988962472406181
0.38323792618168956,0.8977074178006036,0.9988962472406181
0.3832039192511513,0.8977427154480154,0.9988962472406181
0.3831699153382459,0.8980074478036039,0.9994481236203091
0.3831359144427054,0.8980250966273098,0.9994481236203091
0.38313591444270534,0.8980427454510157,0.9994481236203091
0.38312231492929133,0.8980603942747216,0.9994481236203091
0.3831019165642621,0.8982721801591924,0.9994481236203091
0.3830679217026484,0.8983074778066041,0.9994481236203091
0.38306792170264836,0.8983604242777219,0.9994481236203091
0.38303392985759654,0.8984310195725455,0.9994481236203091
0.3829659552161076,0.8985016148673691,0.9994481236203091
0.38296595521610755,0.8985898589858986,0.9994481236203091
0.38293197241913507,0.8986251566333104,0.9994481236203091
0.3829183801446987,0.8986428054570162,0.9994481236203091
0.38289799263765395,0.8989957819311343,0.9994481236203091
0.38286401587139657,0.8991193236970756,0.9994481236203091
0.3828504260090963,0.8991369725207815,0.9994481236203091
0.3828300421200952,0.8991546213444874,0.9994481236203091
0.38279607138348243,0.8991722701681933,0.9994481236203091
0.3827621036612908,0.8992781631104287,0.9994481236203091
0.38276210366129076,0.89940170487637,0.9994481236203091
0.3827553104785595,0.8994193537000759,0.9994481236203091
0.38272813895325264,0.8994723001711936,0.9994481236203091
0.38271455391394055,0.8994899489948995,0.9994481236203091
0.38269417725910077,0.8999488184112528,0.9994481236203091
0.3826602185785674,0.9000194137060765,0.9994481236203091
0.38262626291138535,0.9000370625297824,0.9994481236203091
0.3825787300392516,0.9000547113534882,0.9994481236203091
0.3825583606160056,0.9002488484142532,0.9994481236203091
0.38252441398727316,0.900284146061665,0.9994481236203091
0.3825244139872731,0.9003017948853709,0.9994481236203091
0.38251083617923404,0.9003194437090768,0.9994481236203091
0.38249047037082246,0.9006547713594889,0.9994481236203091
0.3824565297663864,0.9007077178306065,0.9994481236203091
0.3824225921736976,0.9007253666543125,0.9994481236203091
0.3824225921736975,0.9007606643017243,0.9994481236203091
0.3823750846031597,0.9007783131254302,0.9994481236203091
0.38235472602249276,0.9008842060676656,0.9994481236203091
0.3823547260224927,0.9010077478336069,0.9994481236203091
0.3823207974634423,0.9010606943047246,0.9994481236203091
0.3822868719150703,0.9015372125447839,0.9994481236203091
0.3822529493771096,0.9015548613684898,0.9994481236203091
0.3822529493771095,0.9015901590159016,0.9994481236203091
0.38223938120478046,0.9016078078396075,0.9994481236203091
0.3822190298492929,0.9016431054870193,0.9994481236203091
0.38221902984929285,0.9017313496055488,0.9994481236203091
0.3821918963941638,0.9017489984292547,0.9994481236203091
0.3821851133313532,0.9017666472529606,0.9994481236203091
0.38217154756688315,0.9017842960766664,0.9994481236203091
0.3821715475668831,0.9018195937240783,0.9994481236203091
0.38215119982302354,0.9020666772559609,0.9994481236203091
0.3821172893240368,0.9021019749033727,0.9994481236203091
0.38211728932403666,0.9021372725507845,0.9994481236203091
0.38210372596699815,0.9021549213744904,0.9994481236203091
0.38208338183412577,0.9024726002011966,0.9994481236203091
0.38204947735302364,0.9024902490249025,0.9994481236203091
0.3820494773530236,0.9025255466723143,0.9994481236203091
0.3820359164029894,0.9025431954960202,0.9994481236203091
0.38201557588046325,0.902578493143432,0.9994481236203091
0.3819884568683858,0.9025961419671379,0.9994481236203091
0.38194778195990037,0.9026137907908438,0.9994481236203091
0.3819477819599003,0.9027373325567851,0.9994481236203091
0.38191388951136385,0.902754981380491,0.9994481236203091
0.38188000007030143,0.9030373625597854,0.9994481236203091
0.38184611363644627,0.903090309030903,0.9994481236203091
0.3818122302095316,0.9031256066783149,0.9994481236203091
0.38176479846300276,0.9031432555020208,0.9994481236203091
0.381744472375456,0.903284446091668,0.9994481236203091
0.3817105979677616,0.9033373925627857,0.9994481236203091
0.3817105979677615,0.9033726902101975,0.9994481236203091
0.38169704904634316,0.9033903390339034,0.9994481236203091
0.38167672656594037,0.9036727202131978,0.9994481236203091
0.3816428581697258,0.9036903690369037,0.9994481236203091
0.38162931165275005,0.9037080178606096,0.9994481236203091
0.38160899277885096,0.9037786131554332,0.9994481236203091
0.3816089927788509,0.9037962619791391,0.9994481236203091
0.3815751303930493,0.903813910802845,0.9994481236203091
0.38154127101205415,0.9039198037450804,0.9994481236203091
0.38154127101205404,0.9040962919821394,0.9994481236203091
0.38150741463559873,0.9041315896295512,0.9994481236203091
0.3815074146355986,0.9041492384532571,0.9994481236203091
0.38149387292622794,0.9042021849243748,0.9994481236203091
0.3814735612634165,0.9044669172799633,0.9994481236203091
0.3814464807285684,0.9044845661036692,0.9994481236203091
0.38143971089524104,0.9045551613984928,0.9994481236203091
0.38142617158903297,0.9045904590459046,0.9994481236203091
0.3814058635308056,0.9046081078696105,0.9994481236203091
0.3813584822663719,0.9046257566933164,0.9994481236203091
0.3813381778120889,0.9046610543407282,0.9994481236203091
0.38133817781208884,0.9048022449303754,0.9994481236203091
0.38130433945727454,0.9048375425777871,0.9994481236203091
0.3812908049561125,0.9048551914014931,0.9994481236203091
0.3812705041051343,0.9051552214044933,0.9994481236203091
0.38127050410513424,0.9051728702281993,0.9994481236203091
0.3812366717554016,0.9051905190519052,0.9994481236203091
0.3812231396561231,0.9052081678756111,0.9994481236203091
0.38120284240781027,0.9052611143467288,0.9994481236203091
0.3811554863642722,0.9052787631704347,0.9994481236203091
0.38113519271798546,0.9053140608178465,0.9994481236203091
0.38113519271798535,0.9055611443497291,0.9994481236203091
0.38110137237521924,0.9056140908208468,0.9994481236203091
0.3811013723752192,0.9056493884682586,0.9994481236203091
0.38106755503352885,0.9060376625897884,0.9994481236203091
0.381033740692648,0.9062317996505533,0.9994481236203091
0.3810202157964626,0.9062494484742591,0.9994481236203091
0.38099992935231025,0.906284746121671,0.9994481236203091
0.38096612101224936,0.9063376925927887,0.9994481236203091
0.3809323156721992,0.9063906390639064,0.9994481236203091
0.38093231567219915,0.9066200737720831,0.9994481236203091
0.3809187943761225,0.906637722595789,0.9994481236203091
0.3808985133318935,0.9066906690669067,0.9994481236203091
0.38088499323564,0.9067083178906126,0.9994481236203091
0.3808714736192861,0.9067259667143185,0.9994481236203091
0.38086471399106614,0.9070259967173188,0.9994481236203091
0.3808309176494509,0.9070612943647306,0.9994481236203091
0.38083091764945076,0.9070965920121424,0.9994481236203091
0.38081739995252445,0.9071142408358482,0.9994481236203091
0.38079712430678153,0.9072024849543778,0.9994481236203091
0.3807971243067815,0.9072554314254955,0.9994481236203091
0.38076333396279205,0.9072907290729073,0.9994481236203091
0.38074981866476715,0.9073083778966132,0.9994481236203091
0.3807295466172165,0.9075378126047899,0.9994481236203091
0.3807025188994351,0.9075554614284957,0.9994481236203091
0.38069576226978863,0.9075907590759076,0.9994481236203091
0.3806957622697885,0.9076084078996135,0.9994481236203091
0.3806822493702392,0.9076260567233194,0.9994481236203091
0.38066198092024234,0.9079084379026138,0.9994481236203091
0.38062820256831176,0.9080143308448492,0.9994481236203091
0.38061469206681237,0.9080319796685551,0.9994481236203091
0.38059442721373093,0.908049628492261,0.9994481236203091
0.3805944272137309,0.9081555214344964,0.9994481236203091
0.38056065485623364,0.9081908190819082,0.9994481236203091
0.38054714675235857,0.908208467905614,0.9994481236203091
0.3805268854955542,0.90822611672932,0.9994481236203091
0.3805268854955541,0.908402604966379,0.9994481236203091
0.3804931191314264,0.9084379026137908,0.9994481236203091
0.38045935576358475,0.9087908790879088,0.9994481236203091
0.38042559539176296,0.9088614743827323,0.9994481236203091
0.3804120920818604,0.9088791232064383,0.9994481236203091
0.38041209208186033,0.9088967720301442,0.9994481236203091
0.3803918380156954,0.9089144208538501,0.9994481236203091
0.38039183801569537,0.9089497185012619,0.9994481236203091
0.3803580836351162,0.9089673673249677,0.9994481236203091
0.3803445827215618,0.9089850161486737,0.9994481236203091
0.38032433224975953,0.9090909090909091,0.9994481236203091
0.38029733329785587,0.909108557914615,0.9994481236203091
0.38027708534172805,0.9091262067383209,0.9994481236203091
0.38025683846365077,0.9093732902702035,0.9994481236203091
0.3802568384636507,0.9094085879176153,0.9994481236203091
0.38022984430308265,0.9094262367413212,0.9994481236203091
0.38022309606236715,0.9094791832124389,0.9994481236203091
0.3802230960623671,0.9095321296835566,0.9994481236203091
0.38018935665524306,0.9096027249783802,0.9994481236203091
0.3801623672851602,0.909620373802086,0.9994481236203091
0.38014212651495155,0.909638022625792,0.9994481236203091
0.3801218868224109,0.9097086179206156,0.9994481236203091
0.3801218868224108,0.90999099909991,0.9994481236203091
0.38009490224196296,0.9100086479236159,0.9994481236203091
0.38008815639617133,0.9100262967473218,0.9994481236203091
0.3800881563961713,0.9100439455710277,0.9994481236203091
0.38007466506375753,0.9100615943947336,0.9994481236203091
0.38005442896302877,0.9104675173399693,0.9994481236203091
0.3800207045227176,0.9105028149873811,0.9994481236203091
0.38000721558452644,0.910520463811087,0.9994481236203091
0.3799869830749722,0.9105557614584988,0.9994481236203091
0.3799869830749721,0.9106263567533224,0.9994481236203091
0.37995326461952694,0.9106616544007342,0.9994481236203091
0.3799397780751335,0.9106793032244401,0.9994481236203091
0.3799195491561165,0.9109616844037345,0.9994481236203091
0.3798858366844751,0.911049928522264,0.9994481236203091
0.3798521272043376,0.9114382026437938,0.9994481236203091
0.3798521272043375,0.9114558514674997,0.9994481236203091
0.37981842071543825,0.9114735002912056,0.9994481236203091
0.3798184207154382,0.9115087979386174,0.9994481236203091
0.3798049389573657,0.9115264467623233,0.9994481236203091
0.3797847172175117,0.9116146908808528,0.9994481236203091
0.37975101671029265,0.9116499885282646,0.9994481236203091
0.37973753734474364,0.9116676373519705,0.9994481236203091
0.3797173191935157,0.9117558814705,0.9994481236203091
0.3797173191935156,0.9119676673549708,0.9994481236203091
0.3796836246669153,0.9119853161786767,0.9994481236203091
0.3796836246669152,0.9120029650023825,0.9994481236203091
0.3796768861203931,0.9120206138260885,0.9994481236203091
0.3796701476934652,0.9120382626497944,0.9994481236203091
0.37964993313022627,0.9123735903002065,0.9994481236203091
0.379622982053433,0.9123912391239124,0.9994481236203091
0.3796162445831834,0.9124971320661478,0.9994481236203091
0.37960277000140763,0.9125500785372654,0.9994481236203091
0.3795825590255212,0.9125677273609714,0.9994481236203091
0.37954887645697444,0.9125853761846773,0.9994481236203091
0.379515196877278,0.9126736203032068,0.9994481236203091
0.37951519687727797,0.9127618644217363,0.9994481236203091
0.37948152028616655,0.9127795132454422,0.9994481236203091
0.3794680504864663,0.9128324597165599,0.9994481236203091
0.37944784668337495,0.9132207338380897,0.9994481236203091
0.3794478466833749,0.9132383826617956,0.9994481236203091
0.37941417606863803,0.9132560314855015,0.9994481236203091
0.3794141760686379,0.9132913291329133,0.9994481236203091
0.37940070865933917,0.9133089779566191,0.9994481236203091
0.3793805084416906,0.913344275604031,0.9994481236203091
0.3793468438022675,0.9133795732514428,0.9994481236203091
0.37934684380226746,0.9133972220751487,0.9994481236203091
0.3793333787829457,0.9134148708988545,0.9994481236203091
0.3793131821501038,0.9134854661936782,0.9994481236203091
0.37931318215010373,0.9136090079596195,0.9994481236203091
0.3792795234849341,0.9136266567833254,0.9994481236203091
0.3792660608551654,0.9136443056070312,0.9994481236203091
0.3792458678064937,0.9139443356100316,0.9994481236203091
0.3792122151145175,0.914050228552267,0.9994481236203091
0.3791785654087404,0.9141031750233847,0.9994481236203091
0.37917856540874034,0.9141384726707965,0.9994481236203091
0.3791449186888973,0.9141561214945024,0.9994481236203091
0.3791314608369623,0.9141737703182083,0.9994481236203091
0.3791112749547236,0.9142443656130319,0.9994481236203091
0.37911127495472347,0.9144561514975027,0.9994481236203091
0.379077634205954,0.9144914491449145,0.9994481236203091
0.3790641787422999,0.9145090979686203,0.9994481236203091
0.3790439964423237,0.914756181500503,0.9994481236203091
0.37901036166356794,0.9147914791479148,0.9994481236203091
0.3790103616635679,0.9148444256190325,0.9994481236203091
0.378996908587771,0.9148797232664443,0.9994481236203091
0.37897672986942166,0.914932669737562,0.9994481236203091
0.3789767298694216,0.9149679673849738,0.9994481236203091
0.3789431010596201,0.9150385626797974,0.9994481236203091
0.37890947523389856,0.9151974020931505,0.9994481236203091
0.37890275042682064,0.9152150509168564,0.9994481236203091
0.37884223253363597,0.9155503785672685,0.9994481236203091
0.3788086156585655,0.9155856762146803,0.9994481236203091
0.37880861565856544,0.915638622685798,0.9994481236203091
0.3787750017665159,0.9157621644517393,0.9994481236203091
0.37874139085722247,0.9158327597465629,0.9994481236203091
0.3787077829304205,0.9159386526887983,0.9994481236203091
0.37870778293042046,0.9160621944547396,0.9994481236203091
0.37867417798584535,0.9161327897495631,0.9994481236203091
0.3786607368429796,0.916150438573269,0.9994481236203091
0.37864729617721077,0.916168087396975,0.9994481236203091
0.37864057602323253,0.9163975221051517,0.9994481236203091
0.3786405760232324,0.9164151709288576,0.9994481236203091
0.37860697704231727,0.9164681173999752,0.9994481236203091
0.3786069770423172,0.9165034150473871,0.9994481236203091
0.378573381042835,0.916521063871093,0.9994481236203091
0.37857338104283494,0.9165387126947989,0.9994481236203091
0.3785397880245212,0.9165563615185048,0.9994481236203091
0.37852635165186366,0.9165740103422106,0.9994481236203091
0.37852635165186355,0.9165916591659166,0.9994481236203091
0.3785061979871113,0.916697552108152,0.9994481236203091
0.37850619798711127,0.9167152009318579,0.9994481236203091
0.3784390268539454,0.9169446356400346,0.9994481236203091
0.37840544575766033,0.9169622844637405,0.9994481236203091
0.3783718676412213,0.9170152309348581,0.9994481236203091
0.37836515237549184,0.9170681774059759,0.9994481236203091
0.3783248632838446,0.9170858262296818,0.9994481236203091
0.37832486328384457,0.9171034750533877,0.9994481236203091
0.3783047203468238,0.9171564215245054,0.9994481236203091
0.3783047203468237,0.9172799632904467,0.9994481236203091
0.3782778647657223,0.9173152609378585,0.9994481236203091
0.37827115116833626,0.9173329097615643,0.9994481236203091
0.37825772433101695,0.9173858562326821,0.9994481236203091
0.3782375849686374,0.9176329397645647,0.9994481236203091
0.37821073415342843,0.9176505885882706,0.9994481236203091
0.37820402174746265,0.9177211838830942,0.9994481236203091
0.37817046150454786,0.917756481530506,0.9994481236203091
0.3781704615045478,0.9177917791779178,0.9994481236203091
0.3781369042396285,0.9178270768253296,0.9994481236203091
0.37812348216744035,0.9178447256490355,0.9994481236203091
0.3781234821674403,0.9178623744727414,0.9994481236203091
0.37810334995244055,0.918109458004624,0.9994481236203091
0.37806979864271967,0.9181447556520358,0.9994481236203091
0.37803625031020166,0.9183565415365066,0.9994481236203091
0.37803625031020155,0.9183741903602125,0.9994481236203091
0.37800270495462235,0.9184271368313301,0.9994481236203091
0.3780027049546223,0.9184800833024479,0.9994481236203091
0.37798928764587425,0.9185153809498597,0.9994481236203091
0.37793562317322316,0.9185330297735655,0.9994481236203091
0.3779222082455612,0.9185506785972715,0.9994481236203091
0.37790208674687514,0.9186036250683892,0.9994481236203091
0.37790208674687503,0.9186918691869187,0.9994481236203091
0.3778685532964092,0.9187095180106246,0.9994481236203091
0.37785514074941073,0.9187271668343305,0.9994481236203091
0.37783502282156145,0.9191330897795662,0.9994481236203091
0.37780149532206775,0.9192389827218016,0.9994481236203091
0.3777880851553102,0.9192566315455075,0.9994481236203091
0.37776797079766417,0.9192742803692134,0.9994481236203091
0.3777679707976641,0.9193095780166252,0.9994481236203091
0.37775456182086886,0.9193272268403311,0.9994481236203091
0.3777344492480865,0.919344875664037,0.9994481236203091
0.37772104146114777,0.9193625244877429,0.9994481236203091
0.3777009306730712,0.9194507686062724,0.9994481236203091
0.37770093067307114,0.919521363901096,0.9994481236203091
0.37766741507235385,0.9196096080196255,0.9994481236203091
0.3776540096648113,0.9196272568433314,0.9994481236203091
0.3776339024456708,0.9199625844937435,0.9994481236203091
0.37763390244567074,0.9199802333174494,0.9994481236203091
0.37760709448545166,0.9199978821411553,0.9994481236203091
0.3776003927927581,0.9200155309648612,0.9994481236203091
0.377600392792758,0.9201037750833907,0.9994481236203091
0.3775668861133516,0.9201390727308025,0.9994481236203091
0.3775601851342679,0.9201567215545083,0.9994481236203091
0.37751998175717116,0.9201743703782143,0.9994481236203091
0.3774998816740029,0.9202979121441556,0.9994481236203091
0.37746638391353277,0.9203155609678615,0.9994481236203091
0.3774663839135327,0.9203508586152733,0.9994481236203091
0.37745298564164587,0.9203685074389792,0.9994481236203091
0.37743288912551387,0.9206861862656854,0.9994481236203091
0.3774060954350863,0.9207038350893912,0.9994481236203091
0.3773993973096823,0.9208097280316266,0.9994481236203091
0.37738600141550305,0.9208273768553326,0.9994481236203091
0.37736590846577445,0.9208626745027444,0.9994481236203091
0.37736590846577434,0.9208979721501562,0.9994481236203091
0.3773592110536005,0.920915620973862,0.9994481236203091
0.37733242259352634,0.920933269797568,0.9994481236203091
0.3772989396926747,0.9209685674449798,0.9994481236203091
0.3772989396926746,0.9211627045057447,0.9994481236203091
0.37727215551122134,0.9211803533294506,0.9994481236203091
0.3772654597629555,0.9212156509768624,0.9994481236203091
0.3772520686229259,0.921286246271686,0.9994481236203091
0.37723198280410525,0.9215862762746863,0.9994481236203091
0.3772185928523493,0.9216039250983922,0.9994481236203091
0.37719850881586026,0.9216745203932158,0.9994481236203091
0.3771851200522728,0.9216921692169217,0.9994481236203091
0.37718512005227267,0.9217098180406276,0.9994481236203091
0.377165037797957,0.9217451156880394,0.9994481236203091
0.37716503779795696,0.921798062159157,0.9994481236203091
0.37712487649695303,0.921815710982863,0.9994481236203091
0.3771181833625647,0.9218333598065689,0.9994481236203091
0.37709810467212135,0.9219745503962161,0.9994481236203091
0.3770981046721213,0.921992199219922,0.9994481236203091
0.3770646425636618,0.9220451456910397,0.9994481236203091
0.3770512585516932,0.9220627945147456,0.9994481236203091
0.3770311834244898,0.9222745803992164,0.9994481236203091
0.37703118342448977,0.9223098780466282,0.9994481236203091
0.37699772725434194,0.9223628245177459,0.9994481236203091
0.37699772725434183,0.9224334198125695,0.9994481236203091
0.3769642740529546,0.9225040151073931,0.9994481236203091
0.3769174445580285,0.9225393127548049,0.9994481236203091
0.376897376555408,0.9226099080496285,0.9994481236203091
0.37689737655540795,0.922698152168158,0.9994481236203091
0.3768639322587219,0.9227510986392757,0.9994481236203091
0.37685055537102025,0.9227687474629815,0.9994481236203091
0.3768304909297429,0.9230687774659819,0.9994481236203091
0.3767970525682075,0.9231040751133937,0.9994481236203091
0.3767836780544185,0.9231217239370996,0.9994481236203091
0.37676361717385237,0.9231570215845114,0.9994481236203091
0.3767636171738523,0.923209968055629,0.9994481236203091
0.37671681260611684,0.923227616879335,0.9994481236203091
0.3766967552856301,0.923404105116394,0.9994481236203091
0.37669675528563,0.9234217539400998,0.9994481236203091
0.37667001385281645,0.9234394027638058,0.9994481236203091
0.3766633287912364,0.9234747004112176,0.9994481236203091
0.3766633287912363,0.9235276468823352,0.9994481236203091
0.37662990526296986,0.9238100280616297,0.9994481236203091
0.3765964847005675,0.9238276768853356,0.9994481236203091
0.37659648470056745,0.9239688674749827,0.9994481236203091
0.376563067103766,0.9239865162986887,0.9994481236203091
0.37654970089535483,0.9240041651223946,0.9994481236203091
0.3765296524723024,0.9240394627698064,0.9994481236203091
0.37651628744995247,0.9240571115935123,0.9994481236203091
0.3764962408059134,0.9241277068883359,0.9994481236203091
0.37649624080591326,0.9241983021831595,0.9994481236203091
0.376449469453793,0.9242159510068654,0.9994481236203091
0.3764294263673066,0.9244277368913362,0.9994481236203091
0.37639602359456287,0.9245689274809834,0.9994481236203091
0.37636262378584157,0.9246042251283952,0.9994481236203091
0.3763626237858415,0.9246571715995129,0.9994481236203091
0.3763292269408794,0.9246748204232188,0.9994481236203091
0.3763158690326883,0.9246924692469247,0.9994481236203091
0.37631586903268827,0.9247101180706306,0.9994481236203091
0.37629583305941366,0.9247630645417483,0.9994481236203091
0.3762958330594136,0.9249219039551014,0.9994481236203091
0.3762824763365473,0.9249395527788072,0.9994481236203091
0.3762624421411812,0.9250277968973368,0.9994481236203091
0.37624908660353473,0.9250630945447486,0.9994481236203091
0.3762290541859193,0.9253807733714547,0.9994481236203091
0.3762290541859192,0.9253984221951607,0.9994481236203091
0.37618231602584223,0.9254160710188666,0.9994481236203091
0.3761622871632549,0.9254866663136901,0.9994481236203091
0.3761155572975074,0.9255396127848079,0.9994481236203091
0.3760955319893175,0.9256102080796315,0.9994481236203091
0.3760955319893174,0.9257513986692787,0.9994481236203091
0.37606215884496413,0.9257690474929846,0.9994481236203091
0.3760488104164277,0.9257866963166905,0.9994481236203091
0.37602878866200407,0.9260161310248672,0.9994481236203091
0.3759954214401745,0.9260867263196908,0.9994481236203091
0.3759620571792126,0.9261926192619262,0.9994481236203091
0.37592869587885575,0.9262102680856321,0.9994481236203091
0.37591535218762345,0.9262455657330438,0.9994481236203091
0.3758953375388411,0.9262808633804557,0.9994481236203091
0.375895337538841,0.926404405146397,0.9994481236203091
0.3758619821589059,0.9264397027938088,0.9994481236203091
0.37584864083569525,0.9264573516175147,0.9994481236203091
0.37582862973878767,0.9267220839731032,0.9994481236203091
0.3757952802782238,0.9267397327968091,0.9994481236203091
0.3757952802782237,0.9268103280916327,0.9994481236203091
0.37576193377695133,0.9268809233864563,0.9994481236203091
0.3757552648317888,0.9268985722101621,0.9994481236203091
0.37572859023470806,0.926933869857574,0.9994481236203091
0.37571525364628,0.9269515186812799,0.9994481236203091
0.37569524965123124,0.9271280069183389,0.9994481236203091
0.3756619120262583,0.9271456557420448,0.9994481236203091
0.37566191202625826,0.9272162510368684,0.9994481236203091
0.3756485778045915,0.9272338998605743,0.9994481236203091
0.3756285773595268,0.9275692275109864,0.9994481236203091
0.37561524432108306,0.9276045251583982,0.9994481236203091
0.37559524565077423,0.9276751204532218,0.9994481236203091
0.375561916899738,0.9277104181006336,0.9994481236203091
0.37556191689973795,0.9277633645717513,0.9994481236203091
0.3755285911061557,0.9277810133954572,0.9994481236203091
0.37551526161675114,0.927816311042869,0.9994481236203091
0.37549526826976504,0.9279045551613985,0.9994481236203091
0.3754952682697649,0.9280457457510457,0.9994481236203091
0.375468612129654,0.9280633945747516,0.9994481236203091
0.3754619483903034,0.9281163410458693,0.9994481236203091
0.3754286314675085,0.9283987222251637,0.9994481236203091
0.37542863146750843,0.9284163710488695,0.9994481236203091
0.375395317501118,0.9284340198725755,0.9994481236203091
0.37539531750111793,0.9284693175199873,0.9994481236203091
0.37538199274229617,0.9284869663436932,0.9994481236203091
0.3753620064908695,0.9285046151673991,0.9994481236203091
0.3753620064908694,0.9285575616385168,0.9994481236203091
0.37532869843650074,0.9285752104622227,0.9994481236203091
0.37529539333774936,0.9286634545807522,0.9994481236203091
0.3752820721257629,0.9286811034044581,0.9994481236203091
0.37526875138661653,0.928698752228164,0.9994481236203091
0.3752620911943532,0.9287164010518699,0.9994481236203091
0.37522879200604986,0.9289458357600466,0.9994481236203091
0.37518217810648213,0.9289634845837524,0.9994481236203091
0.37516220249367316,0.929051728702282,0.9994481236203091
0.37515554419241753,0.9290693775259878,0.9994481236203091
0.3750956247985217,0.9290870263496938,0.9994481236203091
0.3750956247985216,0.9291046751733997,0.9994481236203091
0.37506234038175,0.9291576216445174,0.9994481236203091
0.37506234038174996,0.9291752704682233,0.9994481236203091
0.37502905891849836,0.9295988422371649,0.9994481236203091
0.37499578040850445,0.9296517887082826,0.9994481236203091
0.3749824698313604,0.9296694375319885,0.9994481236203091
0.3749625048515064,0.9297047351794003,0.9994481236203091
0.374929232247242,0.9297223840031061,0.9994481236203091
0.37489596259544944,0.9298282769453416,0.9994481236203091
0.37488265556136574,0.9298459257690475,0.9994481236203091
0.37486269589586657,0.9298812234164593,0.9994481236203091
0.3748294321482314,0.9300577116535182,0.9994481236203091
0.37482943214823133,0.9300753604772242,0.9994481236203091
0.3748028232753497,0.9300930093009301,0.9994481236203091
0.3747961713522821,0.930110658124636,0.9994481236203091
0.37479617135228205,0.9302518487142832,0.9994481236203091
0.3747828678603158,0.930269497537989,0.9994481236203091
0.3747629135077567,0.9303047951854009,0.9994481236203091
0.37472965861439334,0.9303224440091068,0.9994481236203091
0.3747163574833147,0.9303400928328127,0.9994481236203091
0.37471635748331467,0.9303577416565186,0.9994481236203091
0.37469640667193016,0.9303930393039304,0.9994481236203091
0.3746964066719301,0.9304459857750481,0.9994481236203091
0.3746698072424317,0.930463634598754,0.9994481236203091
0.37466315768010516,0.93048128342246,0.9994481236203091
0.3746498589094952,0.9304989322461658,0.9994481236203091
0.3746299116386566,0.9307813134254602,0.9994481236203091
0.3745966685473229,0.9309048551914015,0.9994481236203091
0.3745634284058419,0.9309578016625192,0.9994481236203091
0.37456342840584184,0.930993099309931,0.9994481236203091
0.374530191213952,0.9310283969573427,0.9994481236203091
0.37451689716302294,0.9310460457810487,0.9994481236203091
0.37449695697139157,0.9310813434284605,0.9994481236203091
0.3744969569713915,0.9311519387232841,0.9994481236203091
0.374483664100121,0.93116958754699,0.9994481236203091
0.3744703717006845,0.9311872363706959,0.9994481236203091
0.3744637256778987,0.9312754804892254,0.9994481236203091
0.37445043398618194,0.9312931293129313,0.9994481236203091
0.374430497333212,0.9314519687262844,0.9994481236203091
0.3744304973332119,0.9314696175499902,0.9994481236203091
0.3743972719370694,0.931522564021108,0.9994481236203091
0.3743640494892096,0.9315755104922256,0.9994481236203091
0.3743374736535095,0.9315931593159316,0.9994481236203091
0.3743308299893709,0.9316284569633434,0.9994481236203091
0.3743308299893708,0.9316637546107552,0.9994481236203091
0.3742976134372916,0.931699052258167,0.9994481236203091
0.37429761343729157,0.9318049452004024,0.9994481236203091
0.3742643998327102,0.9318225940241083,0.9994481236203091
0.37426439983271015,0.9318402428478142,0.9994481236203091
0.3742511152161184,0.9318578916715201,0.9994481236203091
0.3742311891753651,0.9320696775559909,0.9994481236203091
0.3742046227713235,0.9320873263796968,0.9994481236203091
0.37419798146499483,0.9321402728508145,0.9994481236203091
0.37418469920594116,0.9321932193219322,0.9994481236203091
0.37416477670133796,0.9322108681456381,0.9994481236203091
0.37416477670133785,0.9322991122641676,0.9994481236203091
0.37413157488413284,0.9323167610878735,0.9994481236203091
0.37413157488413273,0.9323344099115793,0.9994481236203091
0.37409837601311813,0.9323697075589912,0.9994481236203091
0.3740983760131181,0.9324403028538147,0.9994481236203091
0.3740651800880323,0.9324932493249325,0.9994481236203091
0.37403198710861413,0.9327756305042268,0.9994481236203091
0.3740319871086141,0.9327932793279328,0.9994481236203091
0.37399879707460204,0.9328462257990505,0.9994481236203091
0.3739855218856524,0.9328638746227564,0.9994481236203091
0.37398552188565237,0.9328815234464622,0.9994481236203091
0.3739656099857347,0.9328991722701682,0.9994481236203091
0.37395233597476984,0.9329168210938741,0.9994481236203091
0.3739324258417509,0.93293446991758,0.9994481236203091
0.3739191530086662,0.9329697675649918,0.9994481236203091
0.3739191530086661,0.9329874163886976,0.9994481236203091
0.37389924464238916,0.9331286069783449,0.9994481236203091
0.3738727018028522,0.9331462558020508,0.9994481236203091
0.3738660663873884,0.9331815534494626,0.9994481236203091
0.3738660663873883,0.9332168510968744,0.9994481236203091
0.3738527959097505,0.9332344999205803,0.9994481236203091
0.37383289107648704,0.9334992322761688,0.9994481236203091
0.37383289107648693,0.9335168810998747,0.9994481236203091
0.37381962177641587,0.9335345299235805,0.9994481236203091
0.3737997187094241,0.9335521787472865,0.9994481236203091
0.373799718709424,0.9336051252184042,0.9994481236203091
0.37378645058681503,0.9336227740421101,0.9994481236203091
0.37376654928593817,0.9337463158080513,0.9994481236203091
0.3737333828057682,0.9337639646317573,0.9994481236203091
0.37372011703777014,0.9337992622791691,0.9994481236203091
0.373700219268653,0.9338345599265809,0.9994481236203091
0.3737002192686529,0.9339228040451104,0.9994481236203091
0.37368695467780366,0.9339404528688163,0.9994481236203091
0.3736736905577846,0.9339581016925222,0.9994481236203091
0.37366705867433125,0.933975750516228,0.9994481236203091
0.373633901022542,0.9343110781666402,0.9994481236203091
0.37363390102254196,0.9343287269903461,0.9994481236203091
0.37360074631302403,0.9344522687562874,0.9994481236203091
0.3735874852529943,0.9344699175799933,0.9994481236203091
0.37356759454551636,0.9345405128748169,0.9994481236203091
0.3735344457197578,0.9345758105222287,0.9994481236203091
0.3735211870130857,0.9345934593459346,0.9994481236203091
0.37350129983548747,0.9347522987592877,0.9994481236203091
0.37348804230533744,0.9347699475829936,0.9994481236203091
0.37346815689244417,0.9347875964066995,0.9994481236203091
0.37343501689036707,0.9349993822911703,0.9994481236203091
0.373435016890367,0.9350523287622879,0.9994481236203091
0.37340187982899514,0.9351052752334057,0.9994481236203091
0.37340187982899503,0.9351935193519352,0.9994481236203091
0.3733687457080674,0.9352464658230529,0.9994481236203091
0.3733422405282697,0.9352817634704647,0.9994481236203091
0.37333561452732295,0.9353523587652883,0.9994481236203091
0.37332236287821796,0.9353700075889942,0.9994481236203091
0.3733024862865009,0.9354406028838178,0.9994481236203091
0.37330248628650087,0.9355464958260532,0.9994481236203091
0.3732693609853404,0.9355641446497591,0.9994481236203091
0.3732693609853403,0.9356170911208768,0.9994481236203091
0.3732362386235805,0.9359524187712889,0.9994481236203091
0.3732031192009605,0.9360406628898184,0.9994481236203091
0.3731898722548132,0.9360583117135243,0.9994481236203091
0.3731700027172195,0.9360936093609361,0.9994481236203091
0.37317000271721945,0.9361465558320538,0.9994481236203091
0.37313688917209675,0.9361642046557597,0.9994481236203091
0.37312364457680236,0.9361995023031715,0.9994481236203091
0.37310377856533156,0.9363583417165245,0.9994481236203091
0.373070670896663,0.9363759905402305,0.9994481236203091
0.37307067089666296,0.9363936393639364,0.9994481236203091
0.3730574286518043,0.9364112881876423,0.9994481236203091
0.37305742865180425,0.9364289370113482,0.9994481236203091
0.3730441868769826,0.9364465858350541,0.9994481236203091
0.3730375661658305,0.936640722895819,0.9994481236203091
0.37302432509603317,0.9366583717195249,0.9994481236203091
0.3730110844962313,0.9366760205432308,0.9994481236203091
0.3730044643725734,0.9366936693669367,0.9994481236203091
0.37300446437257334,0.9367642646617603,0.9994481236203091
0.37299122447773325,0.9367819134854662,0.9994481236203091
0.37297136551663085,0.9369054552514074,0.9994481236203091
0.3729448885465683,0.9369231040751134,0.9994481236203091
0.37292503205250377,0.9369584017225252,0.9994481236203091
0.3729051766156474,0.9370289970173488,0.9994481236203091
0.3728720865700852,0.9370642946647606,0.9994481236203091
0.37285885137403113,0.9370995923121724,0.9994481236203091
0.3728389994607952,0.9373290270203491,0.9994481236203091
0.37280591528751694,0.9375055152574081,0.9994481236203091
0.3727728340499898,0.937523164081114,0.9994481236203091
0.37277283404998973,0.9375761105522317,0.9994481236203091
0.3727397557479532,0.9375937593759376,0.9994481236203091
0.3727066803811469,0.9376820034944671,0.9994481236203091
0.37270668038114685,0.9378055452604084,0.9994481236203091
0.3726736079493102,0.9379290870263497,0.9994481236203091
0.37264053845218287,0.9381585217345264,0.9994481236203091
0.37260747188950427,0.93822911702935,0.9994481236203091
0.3725942460860202,0.9382467658530559,0.9994481236203091
0.3725744082610142,0.9382820635004677,0.9994481236203091
0.3725744082610141,0.9382997123241736,0.9994481236203091
0.37252812411006897,0.9383173611478794,0.9994481236203091
0.3725281241100689,0.9383350099715854,0.9994481236203091
0.372508289805558,0.9384232540901148,0.9994481236203091
0.37247523497807117,0.9384409029138208,0.9994481236203091
0.3724752349780711,0.9384585517375267,0.9994481236203091
0.37244218308373145,0.9386703376219975,0.9994481236203091
0.37242896314721846,0.9386879864457034,0.9994481236203091
0.3724091341222786,0.9387762305642329,0.9994481236203091
0.37239591535884753,0.9387938793879388,0.9994481236203091
0.37237608809345246,0.9388291770353506,0.9994481236203091
0.37237608809345235,0.9388468258590565,0.9994481236203091
0.37236287050299904,0.9388644746827624,0.9994481236203091
0.37234965338170767,0.9388821235064683,0.9994481236203091
0.37234304499699244,0.9388997723301742,0.9994481236203091
0.37233643672956157,0.9389174211538801,0.9994481236203091
0.37231000483263876,0.9390233140961155,0.9994481236203091
0.37227696760013107,0.9390409629198214,0.9994481236203091
0.3722637535279866,0.9390939093909391,0.9994481236203091
0.3722439332992092,0.9394115882176453,0.9994481236203091
0.3722307203996261,0.9394292370413512,0.9994481236203091
0.372210901929613,0.939464534688763,0.9994481236203091
0.37217787349108233,0.9395174811598807,0.9994481236203091
0.3721778734910823,0.9395527788072925,0.9994481236203091
0.3721448479833572,0.939623374102116,0.9994481236203091
0.37211182540617743,0.9397998623391751,0.9994481236203091
0.3721118254061774,0.939817511162881,0.9994481236203091
0.3720788057592831,0.9398704576339987,0.9994481236203091
0.37206559872094697,0.9399057552814105,0.9994481236203091
0.37204578904241403,0.9400469458710577,0.9994481236203091
0.3720127752553104,0.9400645946947636,0.9994481236203091
0.37201277525531035,0.9400822435184695,0.9994481236203091
0.371979764397712,0.9402234341081167,0.9994481236203091
0.3719467564693592,0.9402410829318226,0.9994481236203091
0.37193355411814855,0.9402587317555285,0.9994481236203091
0.3719137514699919,0.9403116782266462,0.9994481236203091
0.37191375146999184,0.9403822735214697,0.9994481236203091
0.37188074939935,0.9404352199925875,0.9994481236203091
0.37186754939107824,0.9404528688162934,0.9994481236203091
0.371847750257174,0.9405764105822347,0.9994481236203091
0.3718477502571739,0.9405940594059405,0.9994481236203091
0.3718147540432037,0.9406646547007642,0.9994481236203091
0.3717817607571795,0.940699952348176,0.9994481236203091
0.3717817607571794,0.9407176011718819,0.9994481236203091
0.3717487703988414,0.9407528988192937,0.9994481236203091
0.3717157829679298,0.9409823335274704,0.9994481236203091
0.37168279846418484,0.941035279998588,0.9994481236203091
0.3716696054822352,0.941052928822294,0.9994481236203091
0.37164981688734666,0.9412117682356471,0.9994481236203091
0.3716498168873466,0.941229417059353,0.9994481236203091
0.37161683823715574,0.9412823635304707,0.9994481236203091
0.37158386251335235,0.9413706076490002,0.9994481236203091
0.3715508897156767,0.9413882564727061,0.9994481236203091
0.3715508897156766,0.941405905296412,0.9994481236203091
0.371537701415864,0.9414235541201179,0.9994481236203091
0.37151791984386917,0.9414941494149415,0.9994481236203091
0.3715179198438691,0.9415647447097651,0.9994481236203091
0.3714849528976702,0.941582393533471,0.9994481236203091
0.37145198887682007,0.9418118282416477,0.9994481236203091
0.3714190277810593,0.9418471258890595,0.9994481236203091
0.37140584416172184,0.9418824235364713,0.9994481236203091
0.3713860696101283,0.9419177211838831,0.9994481236203091
0.37138606961012827,0.9419706676550008,0.9994481236203091
0.3713201620417175,0.9420412629498244,0.9994481236203091
0.3713201620417174,0.9421824535394716,0.9994481236203091
0.3712938022894067,0.9422001023631775,0.9994481236203091
0.37128721264371867,0.9423059953054129,0.9994481236203091
0.3712740337031953,0.9423412929528246,0.9994481236203091
0.37125426616951157,0.9425707276610014,0.9994481236203091
0.37122132261883684,0.9425883764847073,0.9994481236203091
0.3712213226188368,0.9426589717795308,0.9994481236203091
0.37118838199143495,0.9427295670743545,0.9994481236203091
0.37115544428704655,0.9427472158980604,0.9994481236203091
0.3711422700236769,0.9427648647217663,0.9994481236203091
0.3711225095054123,0.9428354600165899,0.9994481236203091
0.37112250950541226,0.9428531088402958,0.9994481236203091
0.3710961637843136,0.9428707576640017,0.9994481236203091
0.37108957764627276,0.9428884064877076,0.9994481236203091
0.3710895776462727,0.9429060553114135,0.9994481236203091
0.3710764057208574,0.9429237041351194,0.9994481236203091
0.37105664870936866,0.9430648947247666,0.9994481236203091
0.3710237226944408,0.9431001923721783,0.9994481236203091
0.3710105531065648,0.9431178411958843,0.9994481236203091
0.37099079960122966,0.9431531388432961,0.9994481236203091
0.3709907996012296,0.9431884364907079,0.9994481236203091
0.37095787942947606,0.9432766806092374,0.9994481236203091
0.370957879429476,0.9432943294329433,0.9994481236203091
0.3709447121787247,0.9433119782566491,0.9994481236203091
0.3709249621789209,0.9433649247277669,0.9994481236203091
0.37092496217892085,0.9434884664937082,0.9994481236203091
0.37089204784930485,0.9435414129648259,0.9994481236203091
0.3708788829352633,0.9435590617885318,0.9994481236203091
0.3708591364403687,0.9437179012018849,0.9994481236203091
0.37085913644036866,0.9437355500255908,0.9994481236203091
0.37083280941593527,0.9437531988492966,0.9994481236203091
0.3708262279518533,0.9438061453204144,0.9994481236203091
0.37082622795185327,0.9438237941441203,0.9994481236203091
0.3707933223834995,0.943859091791532,0.9994481236203091
0.37076041973504825,0.9438943894389439,0.9994481236203091
0.3707275200062405,0.9439826335574734,0.9994481236203091
0.3707143609321594,0.9440002823811793,0.9994481236203091
0.37069462319681695,0.9440355800285911,0.9994481236203091
0.3706946231968169,0.944053228852297,0.9994481236203091
0.37066172930651864,0.9443885565027091,0.9994481236203091
0.3706288383350866,0.9444415029738268,0.9994481236203091
0.37053018293139794,0.9444768006212386,0.9994481236203091
0.3705301829313979,0.9445650447397681,0.9994481236203091
0.37049730363284095,0.9446885865057094,0.9994481236203091
0.37046442725185547,0.9449003723901802,0.9994481236203091
0.37046442725185535,0.944935670037592,0.9994481236203091
0.3704315537881825,0.9449533188612979,0.9994481236203091
0.37043155378818243,0.9450415629798274,0.9994481236203091
0.37041840521950276,0.9450592118035333,0.9994481236203091
0.3703986832415631,0.9451298070983569,0.9994481236203091
0.37039868324156305,0.9451651047457686,0.9994481236203091
0.3703723889043723,0.9452004023931805,0.9994481236203091
0.3703526693764534,0.9452180512168864,0.9994481236203091
0.3703526693764533,0.9452533488642982,0.9994481236203091
0.37033295089845003,0.945482783572475,0.9994481236203091
0.37031980582970675,0.9455004323961808,0.9994481236203091
0.37031980582970664,0.9455180812198867,0.9994481236203091
0.37030008910143875,0.9455886765147103,0.9994481236203091
0.37030008910143863,0.9456239741621221,0.9994481236203091
0.3702738017633753,0.9456592718095339,0.9994481236203091
0.3702672302204458,0.9457298671043575,0.9994481236203091
0.3702672302204457,0.9457651647517693,0.9994481236203091
0.37023437425521244,0.9458357600465929,0.9994481236203091
0.3702212326854739,0.9458534088702988,0.9994481236203091
0.3702015212054801,0.9459416529888283,0.9994481236203091
0.37016867107098994,0.9459593018125342,0.9994481236203091
0.3701358238514834,0.9460122482836519,0.9994481236203091
0.37013582385148336,0.9461357900495931,0.9994481236203091
0.3701029795467017,0.9461534388732991,0.9994481236203091
0.37010297954670157,0.9461887365207109,0.9994481236203091
0.37007013815638606,0.9463828735814758,0.9994481236203091
0.37005700241625245,0.9464005224051817,0.9994481236203091
0.37003729968027815,0.9464534688762994,0.9994481236203091
0.3700241651057552,0.9464711177000052,0.9994481236203091
0.3700044641181193,0.9464887665237112,0.9994481236203091
0.3700044641181192,0.946524064171123,0.9994481236203091
0.3699716314696508,0.9465417129948289,0.9994481236203091
0.36995849922603885,0.9465593618185348,0.9994481236203091
0.3699584992260388,0.9465770106422406,0.9994481236203091
0.36993880173461424,0.9467711477030056,0.9994481236203091
0.3699256706563027,0.9467887965267114,0.9994481236203091
0.369905974912751,0.9468064453504174,0.9994481236203091
0.36990597491275096,0.9468240941741233,0.9994481236203091
0.36987315100380264,0.9469652847637705,0.9994481236203091
0.3698403300075107,0.9470358800585941,0.9994481236203091
0.36984033000751065,0.9470535288823,0.9994481236203091
0.36980751192361666,0.9471594218245354,0.9994481236203091
0.36980094865630286,0.9471770706482413,0.9994481236203091
0.3697746967518621,0.9471947194719472,0.9994481236203091
0.3697418844919887,0.9472653147667708,0.9994481236203091
0.3697418844919886,0.9474947494749475,0.9994481236203091
0.36970907514373785,0.9475123982986534,0.9994481236203091
0.36970907514373774,0.9476006424171829,0.9994481236203091
0.3696762687068514,0.9478124283016537,0.9994481236203091
0.3696434651810709,0.9478653747727714,0.9994481236203091
0.36963034458581046,0.9478830235964772,0.9994481236203091
0.3696106645661381,0.9479183212438891,0.9994481236203091
0.3695778668617946,0.947935970067595,0.9994481236203091
0.36956474859496447,0.9479712677150068,0.9994481236203091
0.36954507206778237,0.9480595118335363,0.9994481236203091
0.3695450720677823,0.9481301071283599,0.9994481236203091
0.3695188383278373,0.9481477559520658,0.9994481236203091
0.3695122801838428,0.9482007024231836,0.9994481236203091
0.36947949120971796,0.9483418930128307,0.9994481236203091
0.3694794912097179,0.9483595418365366,0.9994481236203091
0.36944670514514955,0.9483948394839484,0.9994481236203091
0.36944670514514943,0.948465434778772,0.9994481236203091
0.36941392198987927,0.9485360300735955,0.9994481236203091
0.3693811417436491,0.9485713277210074,0.9994481236203091
0.3693680304596304,0.9485889765447133,0.9994481236203091
0.3693483644062009,0.9486242741921251,0.9994481236203091
0.36934836440620084,0.9487301671343605,0.9994481236203091
0.36931558997727637,0.9487478159580663,0.9994481236203091
0.3692828184566177,0.9489419530188313,0.9994481236203091
0.36925004984396675,0.9490478459610667,0.9994481236203091
0.3692500498439667,0.9490654947847726,0.9994481236203091
0.3692172841390654,0.9490831436084785,0.9994481236203091
0.36921728413906535,0.9491184412558903,0.9994481236203091
0.36917141703673145,0.9491360900795962,0.9994481236203091
0.3691517614514794,0.9491537389033021,0.9994481236203091
0.3691517614514793,0.9492596318455375,0.9994481236203091
0.3691190044682788,0.9492772806692434,0.9994481236203091
0.36908625039179593,0.9494008224351846,0.9994481236203091
0.3690862503917959,0.9494184712588906,0.9994481236203091
0.3690731495750259,0.9494361200825965,0.9994481236203091
0.3690534992217728,0.9494537689063024,0.9994481236203091
0.3690534992217727,0.9495420130248319,0.9994481236203091
0.3690403995675144,0.9496126083196555,0.9994481236203091
0.368988005600074,0.9496479059670673,0.9994481236203091
0.36897490827052964,0.9496655547907732,0.9994481236203091
0.36895526314788274,0.9498420430278322,0.9994481236203091
0.36890942859587667,0.9498596918515381,0.9994481236203091
0.3688897869595271,0.9499479359700675,0.9994481236203091
0.36888978695952707,0.9499655847937735,0.9994481236203091
0.3688570532228471,0.9500185312648912,0.9994481236203091
0.3688243223908221,0.950053828912303,0.9994481236203091
0.3687915944631941,0.9500714777360089,0.9994481236203091
0.3687785041053164,0.9501067753834207,0.9994481236203091
0.36875886943970554,0.9501420730308325,0.9994481236203091
0.3687261473200987,0.9501597218545383,0.9994481236203091
0.36869342810411593,0.9503009124441856,0.9994481236203091
0.3686934281041158,0.9503185612678915,0.9994481236203091
0.3686672548217657,0.9503362100915974,0.9994481236203091
0.3686607117914994,0.950389156562715,0.9994481236203091
0.36864762607933765,0.950406805386421,0.9994481236203091
0.3686279983819917,0.9504244542101269,0.9994481236203091
0.3686279983819916,0.9504421030338328,0.9994481236203091
0.3686149138310013,0.9504597518575387,0.9994481236203091
0.368595287875335,0.9504774006812446,0.9994481236203091
0.368562580271272,0.95058329362348,0.9994481236203091
0.36852987556954486,0.9506185912708918,0.9994481236203091
0.36851679450145036,0.9506538889183036,0.9994481236203091
0.3684971737698962,0.9508480259790685,0.9994481236203091
0.36846447487206846,0.9508656748027744,0.9994481236203091
0.3684644748720684,0.950918621273892,0.9994481236203091
0.3684317788758041,0.950936270097598,0.9994481236203091
0.36839908578084574,0.9509539189213039,0.9994481236203091
0.3683990857808456,0.9509892165687157,0.9994481236203091
0.36838600935517035,0.9510421630398334,0.9994481236203091
0.3683860093551703,0.9510598118635393,0.9994481236203091
0.3683663955869358,0.9511480559820688,0.9994481236203091
0.3683402455203898,0.9511833536294806,0.9994481236203091
0.368333708293817,0.9512363001005983,0.9994481236203091
0.36833370829381695,0.9512539489243041,0.9994481236203091
0.3683010239012318,0.9514127883376573,0.9994481236203091
0.3682683424089229,0.9514480859850691,0.9994481236203091
0.36823566381663303,0.9514833836324809,0.9994481236203091
0.3682356638166329,0.9515363301035986,0.9994481236203091
0.36822912844615463,0.9515539789273045,0.9994481236203091
0.3682029881241046,0.9515892765747163,0.9994481236203091
0.3681703153310806,0.9518716577540107,0.9994481236203091
0.3681572470256746,0.9518893065777166,0.9994481236203091
0.36814417918413145,0.9519069554014224,0.9994481236203091
0.3681376454373035,0.9519422530488343,0.9994481236203091
0.36812457829152406,0.9519599018725402,0.9994481236203091
0.3681049784425161,0.9521010924621874,0.9994481236203091
0.368104978442516,0.9521187412858932,0.9994481236203091
0.3680919124562606,0.9521540389333051,0.9994481236203091
0.3680723143464612,0.952171687757011,0.9994481236203091
0.36807231434646115,0.9522246342281286,0.9994481236203091
0.3680592495196267,0.9522422830518346,0.9994481236203091
0.36803965314888154,0.9522599318755405,0.9994481236203091
0.36800699484951993,0.9522952295229523,0.9994481236203091
0.3680069948495199,0.95234817599407,0.9994481236203091
0.3679743394481193,0.9524011224651877,0.9994481236203091
0.3679743394481192,0.9524717177600113,0.9994481236203091
0.36797433944811914,0.9524893665837172,0.9994481236203091
0.3679482172133577,0.9525070154074231,0.9994481236203091
0.36794168694442225,0.952524664231129,0.9994481236203091
0.36794168694442214,0.9525952595259526,0.9994481236203091
0.36792862675424287,0.9526129083496585,0.9994481236203091
0.3679090373381718,0.9528070454104234,0.9994481236203091
0.3678959783068991,0.9528246942341293,0.9994481236203091
0.3678829197391602,0.9528423430578352,0.9994481236203091
0.3678763906291109,0.9528776407052469,0.9994481236203091
0.36784374681698245,0.9528952895289529,0.9994481236203091
0.3678437468169824,0.9529305871763647,0.9994481236203091
0.36779805034635954,0.9529482360000706,0.9994481236203091
0.36777846788249446,0.9530011824711883,0.9994481236203091
0.367752359552515,0.9530188312948942,0.9994481236203091
0.3677458327596209,0.9530364801186001,0.9994481236203091
0.36771320053265166,0.9531070754134237,0.9994481236203091
0.3676870968359547,0.9531247242371296,0.9994481236203091
0.3676805712013297,0.953212968355659,0.9994481236203091
0.36766752027952465,0.953230617179365,0.9994481236203091
0.3676479447653982,0.9532482660030709,0.9994481236203091
0.3676479447653981,0.9532835636504827,0.9994481236203091
0.36763489500167734,0.9533012124741886,0.9994481236203091
0.3676348950016773,0.9533188612978944,0.9994481236203091
0.3676022726188606,0.9533365101216004,0.9994481236203091
0.3675827005786785,0.9534953495349535,0.9994481236203091
0.3675827005786784,0.9535129983586594,0.9994481236203091
0.36756965313081774,0.9535306471823652,0.9994481236203091
0.3675500828273766,0.9535482960060712,0.9994481236203091
0.36755008282737656,0.9535659448297771,0.9994481236203091
0.36753703653729186,0.953583593653483,0.9994481236203091
0.3675174679704375,0.9537247842431302,0.9994481236203091
0.3674848560076045,0.953760081890542,0.9994481236203091
0.36748485600760444,0.9537953795379538,0.9994481236203091
0.36747181203276336,0.9538130283616597,0.9994481236203091
0.36745224693862055,0.9538659748327774,0.9994481236203091
0.3674392041212472,0.9538836236564833,0.9994481236203091
0.367419640763229,0.9539012724801892,0.9994481236203091
0.36741964076322897,0.9539189213038951,0.9994481236203091
0.36738703748117313,0.9539895165987187,0.9994481236203091
0.367387037481173,0.9540954095409541,0.9994481236203091
0.36736095693855747,0.95411305836466,0.9994481236203091
0.36735443709219606,0.9541307071883659,0.9994481236203091
0.36734139774660984,0.9541483560120718,0.9994481236203091
0.3673218395960412,0.9542718977780131,0.9994481236203091
0.36732183959604114,0.9543071954254249,0.9994481236203091
0.3672892449924518,0.9543424930728367,0.9994481236203091
0.36728924499245175,0.9543777907202485,0.9994481236203091
0.3672892449924517,0.9543954395439544,0.9994481236203091
0.36727620796087673,0.9544307371913662,0.9994481236203091
0.3672566532811711,0.954466034838778,0.9994481236203091
0.367256653281171,0.9544836836624839,0.9994481236203091
0.3672305819944364,0.9545013324861898,0.9994481236203091
0.36722406446194256,0.9545542789573075,0.9994481236203091
0.3671914785345096,0.9546778207232488,0.9994481236203091
0.36715889549861547,0.9547131183706606,0.9994481236203091
0.3671588954986154,0.9547660648417783,0.9994481236203091
0.36715889549861536,0.9547837136654842,0.9994481236203091
0.36712631535400364,0.9549072554314255,0.9994481236203091
0.36709373810041757,0.9549249042551314,0.9994481236203091
0.36706116373760084,0.954995499549955,0.9994481236203091
0.3670285922652967,0.9550131483736609,0.9994481236203091
0.36702859226529666,0.9550484460210727,0.9994481236203091
0.36701556448566114,0.9550660948447786,0.9994481236203091
0.3669960236832488,0.9551366901396022,0.9994481236203091
0.36699602368324874,0.9552249342581317,0.9994481236203091
0.3669634579912006,0.9552955295529553,0.9994481236203091
0.36695043252352383,0.9553131783766612,0.9994481236203091
0.36693089518889577,0.9554190713188966,0.9994481236203091
0.36693089518889566,0.9554543689663084,0.9994481236203091
0.36689833527607774,0.9554896666137201,0.9994481236203091
0.36686577825249017,0.955524964261132,0.9994481236203091
0.36685275625198227,0.9555426130848379,0.9994481236203091
0.3668332241178767,0.9556132083796615,0.9994481236203091
0.36683322411787667,0.9556308572033674,0.9994481236203091
0.36680067287198104,0.9557896966167205,0.9994481236203091
0.36677463395496895,0.9558073454404264,0.9994481236203091
0.36673557904531756,0.9559308872063677,0.9994481236203091
0.3667355790453175,0.9559485360300736,0.9994481236203091
0.3667030364640371,0.9559661848537795,0.9994481236203091
0.36670303646403707,0.9560014825011913,0.9994481236203091
0.3666704967704492,0.9561426730908384,0.9994481236203091
0.36663795996429766,0.9561603219145444,0.9994481236203091
0.36662494605026186,0.9561956195619562,0.9994481236203091
0.36660542604532625,0.956230917209368,0.9994481236203091
0.3666054260453262,0.9562838636804857,0.9994481236203091
0.3666054260453261,0.9563015125041916,0.9994481236203091
0.3665728950132786,0.9563368101516034,0.9994481236203091
0.3665403668678987,0.9564427030938388,0.9994481236203091
0.3665078416089304,0.9565309472123683,0.9994481236203091
0.36647531923611754,0.9565485960360742,0.9994481236203091
0.36644279974920396,0.9565662448597801,0.9994481236203091
0.36641028314793367,0.9566015425071919,0.9994481236203091
0.3664102831479336,0.9567250842731332,0.9994481236203091
0.36637776943205047,0.9568133283916627,0.9994481236203091
0.3663777694320504,0.9568309772153686,0.9994481236203091
0.3663452586012985,0.9569192213338981,0.9994481236203091
0.3663452586012984,0.9569545189813099,0.9994481236203091
0.3663127506554217,0.9569721678050158,0.9994481236203091
0.3663127506554216,0.9570427630998394,0.9994481236203091
0.3662997482847786,0.9570604119235453,0.9994481236203091
0.36628024559416394,0.957113358394663,0.9994481236203091
0.3662477434172694,0.9571310072183689,0.9994481236203091
0.36624774341726934,0.9571486560420748,0.9994481236203091
0.36623474335407596,0.9571663048657807,0.9994481236203091
0.36622174375232325,0.9572016025131925,0.9994481236203091
0.36621524412448214,0.9572369001606043,0.9994481236203091
0.36621524412448203,0.9573604419265456,0.9994481236203091
0.36618924676663744,0.9573780907502515,0.9994481236203091
0.3661827477155461,0.9574310372213692,0.9994481236203091
0.3661502541902054,0.9575898766347223,0.9994481236203091
0.36612426144594973,0.9576075254584282,0.9994481236203091
0.36611776354820436,0.9576781207532518,0.9994481236203091
0.36610476809868164,0.9576957695769577,0.9994481236203091
0.36608527578928696,0.9577310672243695,0.9994481236203091
0.3660852757892869,0.9578369601666049,0.9994481236203091
0.36605279091319737,0.9578722578140167,0.9994481236203091
0.36605279091319726,0.9579252042851344,0.9994481236203091
0.3660203089196798,0.9579781507562521,0.9994481236203091
0.36602030891967974,0.9580310972273698,0.9994481236203091
0.36598782980847844,0.9580840436984875,0.9994481236203091
0.3659878298084784,0.9581016925221933,0.9994481236203091
0.36597483897098915,0.9581193413458993,0.9994481236203091
0.3659748389709891,0.9581369901696052,0.9994481236203091
0.36595535357933756,0.9581899366407229,0.9994481236203091
0.3659553535793375,0.9582075854644287,0.9994481236203091
0.3659228802320014,0.9582428831118406,0.9994481236203091
0.365909891699915,0.9582781807592524,0.9994481236203091
0.36589040976621434,0.9583311272303701,0.9994481236203091
0.36589040976621423,0.958348776054076,0.9994481236203091
0.3658579421817205,0.9583840737014878,0.9994481236203091
0.3658254774782644,0.958525264291135,0.9994481236203091
0.36581249240351527,0.9585429131148409,0.9994481236203091
0.3657930156555902,0.9585782107622527,0.9994481236203091
0.36579301565559014,0.9585958595859586,0.9994481236203091
0.3657605567134424,0.9587899966467235,0.9994481236203091
0.36572810065156536,0.9588958895889589,0.9994481236203091
0.36569564746970346,0.9589135384126648,0.9994481236203091
0.3656956474697034,0.9589488360600766,0.9994481236203091
0.36566319716760115,0.9589664848837824,0.9994481236203091
0.36565021785303575,0.9589841337074884,0.9994481236203091
0.36563074974500304,0.959054729002312,0.9994481236203091
0.3656307497450029,0.9591076754734297,0.9994481236203091
0.3656177715821676,0.9591253242971356,0.9994481236203091
0.3655983052016534,0.9591782707682533,0.9994481236203091
0.3655853281904458,0.9592135684156651,0.9994481236203091
0.3655658635372968,0.9593018125341946,0.9994481236203091
0.3655658635372967,0.9593194613579005,0.9994481236203091
0.3655334247516778,0.9593547590053123,0.9994481236203091
0.36553342475167777,0.95940770547643,0.9994481236203091
0.36552045004341943,0.9594253543001359,0.9994481236203091
0.36550098884454096,0.9594430031238418,0.9994481236203091
0.3655009888445409,0.9595312472423713,0.9994481236203091
0.36546855581563087,0.959584193713489,0.9994481236203091
0.3654555834099131,0.9596018425371949,0.9994481236203091
0.3654361256646921,0.959760681950548,0.9994481236203091
0.365436125664692,0.9597959795979598,0.9994481236203091
0.36540369839146924,0.9598136284216657,0.9994481236203091
0.3654036983914692,0.9598312772453717,0.9994481236203091
0.3653907282878833,0.9598489260690775,0.9994481236203091
0.36537127399570696,0.959937170187607,0.9994481236203091
0.3653712739957069,0.9599548190113129,0.9994481236203091
0.3653583050430338,0.9599724678350188,0.9994481236203091
0.36533885247715003,0.9600077654824306,0.9994481236203091
0.3653388524771499,0.9600607119535483,0.9994481236203091
0.3653258846752875,0.9600783607772542,0.9994481236203091
0.3653064338355429,0.9602019025431955,0.9994481236203091
0.3652740180706305,0.9602195513669014,0.9994481236203091
0.36524160518215754,0.9602548490143132,0.9994481236203091
0.3652416051821575,0.9603607419565486,0.9994481236203091
0.3652286408321142,0.9603783907802544,0.9994481236203091
0.3652091951698686,0.9603960396039604,0.9994481236203091
0.36520919516986855,0.9604136884276663,0.9994481236203091
0.3651767880335086,0.9605548790173135,0.9994481236203091
0.36514438377282243,0.960643123135843,0.9994481236203091
0.3651443837728224,0.9606607719595489,0.9994481236203091
0.3651119823875547,0.9606784207832548,0.9994481236203091
0.3650795838774505,0.9607137184306666,0.9994481236203091
0.3650536671393133,0.9607313672543725,0.9994481236203091
0.3650471882422545,0.9608019625491961,0.9994481236203091
0.3650471882422544,0.960819611372902,0.9994481236203091
0.3650212738038602,0.9608372601966079,0.9994481236203091
0.3650147954817117,0.9608549090203138,0.9994481236203091
0.3649824055955669,0.9609784507862551,0.9994481236203091
0.36498240559556683,0.960996099609961,0.9994481236203091
0.36495001858356513,0.9610137484336669,0.9994481236203091
0.3649500185835651,0.9610490460810787,0.9994481236203091
0.36491763444545133,0.9611196413759023,0.9994481236203091
0.3648528747898677,0.9611372901996081,0.9994481236203091
0.36485287478986766,0.9612431831418436,0.9994481236203091
0.3648204992718878,0.9612608319655495,0.9994481236203091
0.3648075498691132,0.9612784807892554,0.9994481236203091
0.36478812662677595,0.9613314272603731,0.9994481236203091
0.3647557568542773,0.961349076084079,0.9994481236203091
0.36474280974955237,0.9613667249077849,0.9994481236203091
0.36472338995413683,0.9614196713789026,0.9994481236203091
0.3647233899541368,0.9614373202026085,0.9994481236203091
0.36469102592609964,0.9614549690263144,0.9994481236203091
0.36467808111901656,0.9614902666737262,0.9994481236203091
0.36465866476991093,0.961525564321138,0.9994481236203091
0.3646586647699109,0.961684403734491,0.9994481236203091
0.36464572111149596,0.961702052558197,0.9994481236203091
0.36462630648531585,0.9617726478530206,0.9994481236203091
0.36461336397546706,0.9617902966767264,0.9994481236203091
0.3645939510720597,0.961896189618962,0.9994481236203091
0.3645939510720596,0.9619314872663737,0.9994481236203091
0.36456159852988745,0.9619844337374914,0.9994481236203091
0.36452924885854454,0.962055029032315,0.9994481236203091
0.36450337118829607,0.9620726778560209,0.9994481236203091
0.36449690205777613,0.9620903266797268,0.9994481236203091
0.3644839641411726,0.9621079755034327,0.9994481236203091
0.3644839641411725,0.9621256243271386,0.9994481236203091
0.36446455812732764,0.9621432731508445,0.9994481236203091
0.36446455812732753,0.9621785707982563,0.9994481236203091
0.3644386850494278,0.9621962196219622,0.9994481236203091
0.364432217066944,0.9622668149167858,0.9994481236203091
0.3644192814463518,0.9622844637404917,0.9994481236203091
0.36439987887637093,0.9625138984486684,0.9994481236203091
0.3643675435553536,0.9625315472723743,0.9994481236203091
0.36435461023036525,0.9625668449197861,0.9994481236203091
0.36433521110363754,0.9626903866857274,0.9994481236203091
0.3643352111036374,0.962760981980551,0.9994481236203091
0.3643028815209678,0.9628139284516687,0.9994481236203091
0.3642899504911759,0.9628492260990805,0.9994481236203091
0.3642705548070901,0.9628668749227864,0.9994481236203091
0.36427055480709003,0.9629198213939041,0.9994481236203091
0.3642382309617497,0.9630080655124336,0.9994481236203091
0.36420590998469216,0.9631316072783749,0.9994481236203091
0.3642059099846921,0.9631492561020808,0.9994481236203091
0.36419298239693126,0.9631669049257867,0.9994481236203091
0.364173591875663,0.9631845537494926,0.9994481236203091
0.3641735918756629,0.9632022025731986,0.9994481236203091
0.36416066543504216,0.9632198513969044,0.9994481236203091
0.3641412766344076,0.9632375002206103,0.9994481236203091
0.3641412766344075,0.9632727978680221,0.9994481236203091
0.36410896426067146,0.963290446691728,0.9994481236203091
0.36409604011402547,0.963308095515434,0.9994481236203091
0.36407665475420026,0.9633963396339634,0.9994481236203091
0.3640443481147396,0.963466934928787,0.9994481236203091
0.3640443481147395,0.9635198813999047,0.9994481236203091
0.36401204434203493,0.9635728278710224,0.9994481236203091
0.3639797434358319,0.9636257743421401,0.9994481236203091
0.36396682387591417,0.963643423165846,0.9994481236203091
0.3639474453958762,0.9637669649317873,0.9994481236203091
0.3639345269823862,0.9637846137554932,0.9994481236203091
0.36391515022191345,0.9638375602266109,0.9994481236203091
0.3639151502219134,0.9638728578740227,0.9994481236203091
0.36388285791368946,0.9639081555214345,0.9994481236203091
0.36388285791368935,0.9639434531688463,0.9994481236203091
0.3638505684709497,0.9640140484636699,0.9994481236203091
0.3638376534961325,0.9640316972873758,0.9994481236203091
0.36381828189344007,0.9642081855244348,0.9994481236203091
0.36378599818090623,0.9642611319955525,0.9994481236203091
0.36377308549802906,0.9642787808192584,0.9994481236203091
0.3637537173330941,0.9643317272903761,0.9994481236203091
0.36375371733309403,0.9644023225851996,0.9994481236203091
0.3637214393497493,0.9644376202326115,0.9994481236203091
0.36368916423061776,0.964508215527435,0.9994481236203091
0.3636891642306177,0.964525864351141,0.9994481236203091
0.36366334619737517,0.9645435131748469,0.9994481236203091
0.36365689197544526,0.9645964596459646,0.9994481236203091
0.3636246225839777,0.9647023525882,0.9994481236203091
0.36362462258397765,0.9647552990593177,0.9994481236203091
0.36359235605596096,0.9647729478830236,0.9994481236203091
0.363560092391141,0.9648611920015531,0.9994481236203091
0.3635471877268512,0.964878840825259,0.9994481236203091
0.3635278315892637,0.9649317872963767,0.9994481236203091
0.36352783158926366,0.9649670849437885,0.9994481236203091
0.363495573650075,0.9649847337674944,0.9994481236203091
0.36349557365007495,0.9650376802386121,0.9994481236203091
0.3634697693596891,0.965055329062318,0.9994481236203091
0.3634633185733208,0.9650906267097298,0.9994481236203091
0.36346331857332076,0.9651082755334357,0.9994481236203091
0.3634310663587473,0.965231817299377,0.9994481236203091
0.3633988170061004,0.9652671149467889,0.9994481236203091
0.36338591806632414,0.9653024125942006,0.9994481236203091
0.36336657051512616,0.9653377102416124,0.9994481236203091
0.3633665705151261,0.9653730078890242,0.9994481236203091
0.36332143023488883,0.96539065671273,0.9994481236203091
0.36330208611717996,0.9655318473023773,0.9994481236203091
0.36330208611717985,0.9655494961260832,0.9994481236203091
0.3632698482097001,0.9656024425972008,0.9994481236203091
0.3632376131628774,0.9656906867157304,0.9994481236203091
0.36323761316287734,0.9657083355394362,0.9994481236203091
0.3632053809764578,0.9657789308342599,0.9994481236203091
0.36317315165018776,0.9659201214239072,0.9994481236203091
0.3631409251838133,0.965937770247613,0.9994481236203091
0.36314092518381325,0.9659554190713189,0.9994481236203091
0.3631280353979774,0.9659730678950248,0.9994481236203091
0.36310870157708064,0.9660083655424366,0.9994481236203091
0.3631087015770806,0.9660436631898484,0.9994481236203091
0.363076480829736,0.9660613120135543,0.9994481236203091
0.3630442629415257,0.9661672049557897,0.9994481236203091
0.36301204791219616,0.9662025026032015,0.9994481236203091
0.3629798357414935,0.9662378002506133,0.9994481236203091
0.36297983574149345,0.966290746721731,0.9994481236203091
0.3629476264291641,0.9663260443691428,0.9994481236203091
0.36294762642916406,0.9663436931928487,0.9994481236203091
0.36293474350452004,0.9663613420165545,0.9994481236203091
0.36291541997495436,0.9663789908402605,0.9994481236203091
0.3629154199749543,0.9664848837824959,0.9994481236203091
0.3629025381934872,0.9665025326062018,0.9994481236203091
0.36288321637861065,0.9665731279010253,0.9994481236203091
0.3628510156398794,0.9666084255484372,0.9994481236203091
0.36281881775850705,0.966643723195849,0.9994481236203091
0.362818817758507,0.9666613720195549,0.9994481236203091
0.3628059394059618,0.9666790208432608,0.9994481236203091
0.36278662273423995,0.9666966696669667,0.9994481236203091
0.3627866227342399,0.9667496161380844,0.9994481236203091
0.3627544305668246,0.9667672649617903,0.9994481236203091
0.3627415544997203,0.966802562609202,0.9994481236203091
0.36272224125600766,0.9669084555514375,1.0
0.3626964918639345,0.9669261043751434,1.0
0.3626900548015354,0.9669614020225552,1.0
0.3626771810194662,0.9669790508462611,1.0
0.3626578712031545,0.9670319973173788,1.0
0.36262569046061155,0.9670496461410847,1.0
0.3626128189631723,0.9670672949647906,1.0
0.36259351257365313,0.9671025926122024,1.0
0.362593512573653,0.9671555390833201,1.0
0.362529165365476,0.9672437832018496,1.0
0.36252916536547597,0.9673143784966732,1.0
0.3624969960437507,0.9674555690863204,1.0
0.3624648295765965,0.9676320573233794,1.0
0.36243266596375995,0.9676497061470853,1.0
0.3624069371284293,0.9676673549707911,1.0
0.36240050520498795,0.9676850037944971,1.0
0.3623876417005604,0.967702652618203,1.0
0.36233619224862423,0.9678614920315561,1.0
0.3623361922486242,0.9678791408552619,1.0
0.3623233310270027,0.9678967896789679,1.0
0.3623040400505262,0.9679320873263797,1.0
0.3623040400505261,0.9679673849737915,1.0
0.36229117997015553,0.9679850337974975,1.0
0.36227189070547966,0.968055629092321,1.0
0.36227189070547955,0.9680732779160269,1.0
0.3622397442132315,0.9680909267397328,1.0
0.36223974421323146,0.9681262243871446,1.0
0.36220760057352863,0.968214468505674,1.0
0.3621433218507463,0.96823211732938,1.0
0.3621433218507462,0.9682850638004977,1.0
0.36211118676716053,0.9683380102716154,1.0
0.3620790545351077,0.968408605566439,1.0
0.36207905453510764,0.9684262543901448,1.0
0.3620469251543347,0.9684615520375567,1.0
0.3620469251543346,0.9684792008612626,1.0
0.3620147986245887,0.9685144985086744,1.0
0.3620147986245886,0.9686027426272039,1.0
0.36198267494561637,0.9686203914509098,1.0
0.36195055411716504,0.9687262843931452,1.0
0.361950554117165,0.9687439332168511,1.0
0.3619184361389816,0.968761582040557,1.0
0.3618863210108133,0.9689027726302042,1.0
0.36188632101081325,0.9689204214539101,1.0
0.3618542087324071,0.9689557191013219,1.0
0.3618413646189214,0.9689733679250278,1.0
0.3618220993035102,0.9690263143961455,1.0
0.3617899927238697,0.9690439632198514,1.0
0.3617771508897486,0.9690969096909691,1.0
0.36175788899323275,0.969114558514675,1.0
0.3617578889932327,0.9692028026332045,1.0
0.3617257881113466,0.9692381002806163,1.0
0.3617257881113465,0.9692733979280281,1.0
0.3616936900779584,0.9694322373413812,1.0
0.3616487576162103,0.9694498861650871,1.0
0.36162950255566495,0.9694851838124989,1.0
0.3616295025556649,0.9695204814599107,1.0
0.3615974130662542,0.9695381302836166,1.0
0.3615653264243306,0.9695557791073225,1.0
0.3615653264243305,0.969644023225852,1.0
0.3615332426296413,0.9696969696969697,1.0
0.36152040990893464,0.9697322673443814,1.0
0.3615011616819338,0.9698381602866168,1.0
0.36150116168193375,0.9698734579340287,1.0
0.3614690835809553,0.9699087555814405,1.0
0.3614370083264534,0.9700675949947936,1.0
0.36143700832645337,0.9700852438184995,1.0
0.36139210775175035,0.9701028926422054,1.0
0.36137286635586885,0.9701205414659113,1.0
0.3613728663558688,0.9701558391133231,1.0
0.36137286635586874,0.970173487937029,1.0
0.3613279737493905,0.9701911367607349,1.0
0.3613087357681594,0.9702793808792644,1.0
0.3612766747422518,0.9702970297029703,1.0
0.36124461656130535,0.9703323273503821,1.0
0.3612446165613053,0.9703852738214997,1.0
0.3612446165613052,0.9704029226452057,1.0
0.3612125612250678,0.9704205714689116,1.0
0.36119973988703474,0.9704382202926175,1.0
0.3611805087332867,0.9705794108822647,1.0
0.36114845908570975,0.9706147085296765,1.0
0.3611484590857097,0.9706323573533824,1.0
0.36113564002299964,0.9706500061770883,1.0
0.3611356400229996,0.9706676550007942,1.0
0.36113564002299947,0.9706853038245001,1.0
0.36111641228208446,0.9707382502956178,1.0
0.3611164122820844,0.9707558991193237,1.0
0.3610843683221584,0.9707911967667355,1.0
0.36107155153436726,0.9708088455904414,1.0
0.3610523272056793,0.9708970897089709,1.0
0.3610202889323949,0.9709323873563827,1.0
0.3610074744191192,0.9709500361800886,1.0
0.36098825350205294,0.9710735779460299,1.0
0.3609562209144009,0.9710912267697358,1.0
0.3609241911691868,0.9711618220645594,1.0
0.36091138006692725,0.9711794708882653,1.0
0.3608921642661583,0.971232417359383,1.0
0.3608601402050633,0.9712500661830888,1.0
0.3608601402050632,0.9713206614779125,1.0
0.36084733137631003,0.9713383103016184,1.0
0.3608281189856493,0.9713559591253242,1.0
0.3607961006076646,0.971408905596442,1.0
0.36079610060766454,0.9714618520675598,1.0
0.36076408507085667,0.9715500961860892,1.0
0.3607320723749736,0.9716030426572069,1.0
0.36073207237497357,0.9716559891283246,1.0
0.3606680555049738,0.9716736379520305,1.0
0.3606680555049737,0.9717089355994423,1.0
0.36066805550497366,0.97176188207056,1.0
0.3606360513303526,0.9717971797179717,1.0
0.36060404999564816,0.9719736679550308,1.0
0.3605720515006084,0.9719913167787367,1.0
0.3605720515006083,0.9720089656024425,1.0
0.36054005584498106,0.9720795608972662,1.0
0.36054005584498094,0.9720972097209721,1.0
0.36050806302851446,0.972114858544678,1.0
0.3605080630285144,0.9722031026632075,1.0
0.36049526669683624,0.9722207514869134,1.0
0.36047607305095647,0.972291346781737,1.0
0.3604440859120554,0.9723089956054429,1.0
0.3604121016115593,0.9723266444291488,1.0
0.36041210161155923,0.9723619420765606,1.0
0.3603993086860577,0.9723795909002665,1.0
0.36038012014921605,0.9724148885476783,1.0
0.360380120149216,0.9724325373713842,1.0
0.3603673283589053,0.97245018619509,1.0
0.3603673283589052,0.972467835018796,1.0
0.36034814152477407,0.9725913767847373,1.0
0.36033535086955315,0.9726090256084432,1.0
0.3603161657379815,0.9726619720795608,1.0
0.3603161657379814,0.9726796209032668,1.0
0.3602841927885865,0.9726972697269727,1.0
0.36028419278858637,0.9727325673743845,1.0
0.3602522226763372,0.9727502161980904,1.0
0.36023943542578196,0.9727678650217964,1.0
0.3602266486291136,0.9727855138455022,1.0
0.360220255400982,0.9728384603166199,1.0
0.3601882909622691,0.9728561091403258,1.0
0.36018829096226906,0.9728914067877376,1.0
0.3601563293599468,0.9729267044351494,1.0
0.36015632935994674,0.972997299729973,1.0
0.3601243705937634,0.9730855438485025,1.0
0.36011158788135256,0.9731031926722084,1.0
0.3600924146634672,0.9731208414959143,1.0
0.3600604615688066,0.9731384903196202,1.0
0.36002851130953,0.9731914367907379,1.0
0.36002851130952995,0.9733149785566791,1.0
0.35999656388538576,0.9733326273803851,1.0
0.3599646192961222,0.9733679250277969,1.0
0.3599199016332742,0.9733855738515028,1.0
0.35990073862123145,0.9734032226752087,1.0
0.3599007386212314,0.9734738179700323,1.0
0.35990073862123134,0.9734914667937382,1.0
0.35986880253510106,0.9735091156174441,1.0
0.359868802535101,0.97352676444115,1.0
0.3598368692828455,0.9735973597359736,1.0
0.35983686928284536,0.9736150085596795,1.0
0.359804938864213,0.9736679550307972,1.0
0.3597730112789524,0.9737209015019149,1.0
0.35977301127895234,0.9737385503256208,1.0
0.35972831741917344,0.9737561991493267,1.0
0.3597091646075408,0.973862092091562,1.0
0.35967724552088715,0.973879740915268,1.0
0.3596772455208871,0.9738973897389739,1.0
0.35964532926659964,0.9739679850337974,1.0
0.3596453292665996,0.9740032826812093,1.0
0.35960065126849394,0.974056229152327,1.0
0.35958150525411803,0.9741091756234447,1.0
0.3595495974954214,0.9741268244471506,1.0
0.3595176925680858,0.9741797709182684,1.0
0.35951769256808574,0.9742150685656801,1.0
0.35950493138987627,0.9742503662130919,1.0
0.35948579047185986,0.9742856638605037,1.0
0.359473030426024,0.9743033126842096,1.0
0.3594538912064927,0.9743209615079155,1.0
0.3594538912064926,0.9743739079790332,1.0
0.3594219947717328,0.9744621520975627,1.0
0.35940923699034266,0.9744798009212686,1.0
0.35939010116732917,0.9745327473923863,1.0
0.3593901011673291,0.9745680450397981,1.0
0.3593263224485857,0.9746562891583276,1.0
0.35929443733374383,0.9746915868057394,1.0
0.3592625550482537,0.9747798309242689,1.0
0.3592306755918642,0.9748151285716807,1.0
0.35923067559186417,0.9748327773953867,1.0
0.3591987989643242,0.974938670337622,1.0
0.35919879896432416,0.9749739679850338,1.0
0.3591669251653829,0.9749916168087397,1.0
0.35913505419478914,0.9750445632798574,1.0
0.3591031860522921,0.9750622121035633,1.0
0.35909043958710407,0.9750975097509751,1.0
0.3590713207376407,0.975115158574681,1.0
0.35907132073764064,0.9751504562220928,1.0
0.3590394582505839,0.9752034026932105,1.0
0.3590075985908711,0.975273997988034,1.0
0.359007598590871,0.97529164681174,1.0
0.35896299981673296,0.9753092956354459,1.0
0.3589438877524732,0.9753798909302694,1.0
0.3589120365732866,0.9754151885776813,1.0
0.3588801882204404,0.975485783872505,1.0
0.3588483426936838,0.9755210815199167,1.0
0.3588483426936837,0.9755387303436226,1.0
0.35883560527423,0.9755563791673285,1.0
0.3587846601174363,0.9755740279910344,1.0
0.35878466011743626,0.9755916768147403,1.0
0.35875282306744394,0.975644623285858,1.0
0.3586891574424686,0.9756799209332698,1.0
0.35868915744246854,0.9757505162280934,1.0
0.35865732886698415,0.9757681650517993,1.0
0.3586573288669841,0.9757858138755052,1.0
0.35865732886698404,0.975821111522917,1.0
0.3586255031158343,0.9759093556414465,1.0
0.3585936801887686,0.9759446532888583,1.0
0.35858095180862976,0.9759623021125642,1.0
0.3585618600855363,0.975997599759976,1.0
0.3585618600855362,0.9760328974073877,1.0
0.3585491328348606,0.9760505462310937,1.0
0.3584982283495697,0.9761564391733291,1.0
0.35846641671633434,0.976174087997035,1.0
0.3584664167163343,0.9762270344681527,1.0
0.35843460790593024,0.9762799809392704,1.0
0.3584346079059302,0.9762976297629763,1.0
0.35839008031324415,0.9763152785866822,1.0
0.3583900803132441,0.9763329274103881,1.0
0.35837099875261397,0.9764035227052117,1.0
0.3583264790619618,0.9764211715289176,1.0
0.35830740088761726,0.9764564691763294,1.0
0.35830740088761714,0.9764917668237412,1.0
0.3582438143089367,0.9765094156474471,1.0
0.35821202525133916,0.976527064471153,1.0
0.3581484555983776,0.9765447132948589,1.0
0.3581166750025132,0.9766153085896825,1.0
0.3580848972267259,0.9766506062370943,1.0
0.35805312227076547,0.976685903884506,1.0
0.3580531222707654,0.9767212015319179,1.0
0.3580213501343817,0.9768094456504474,1.0
0.3579895808173245,0.9768623921215651,1.0
0.3579895808173244,0.9769153385926828,1.0
0.357976873879857,0.9769329874163887,1.0
0.35792605064018873,0.9769682850638005,1.0
0.35789428977960996,0.9770035827112123,1.0
0.3578942897796099,0.9770212315349182,1.0
0.35788158622452376,0.9770388803586241,1.0
0.35788158622452365,0.97705652918233,1.0
0.35786253173735705,0.9771271244771536,1.0
0.3578307765131801,0.9771447733008595,1.0
0.3577990241068288,0.9772153685956831,1.0
0.35779902410682873,0.977233017419389,1.0
0.35778632393322346,0.9772506662430949,1.0
0.3577355277466035,0.9772683150668008,1.0
0.35773552774660344,0.9773565591853303,1.0
0.3577037837922294,0.9773918568327421,1.0
0.357672042654681,0.9774624521275657,1.0
0.35765934698831675,0.9774801009512716,1.0
0.3576403043337083,0.9775153985986834,1.0
0.3576276097939045,0.9775330474223893,1.0
0.35760856882906156,0.9775506962460953,1.0
0.3576085688290615,0.9776036427172129,1.0
0.35759587541571813,0.9776212915409188,1.0
0.3575768361404907,0.9776565891883306,1.0
0.3575641438535077,0.9776742380120365,1.0
0.357545106267746,0.9777977797779778,1.0
0.3575133792105774,0.9778154286016837,1.0
0.35751337921057735,0.9778330774253896,1.0
0.3574816549687351,0.9779213215439191,1.0
0.357481654968735,0.977938970367625,1.0
0.35744993354196936,0.9779566191913309,1.0
0.3574499335419693,0.9779742680150368,1.0
0.3574372457594286,0.9779919168387426,1.0
0.3574182149300304,0.9780272144861545,1.0
0.3574055282733503,0.9780448633098604,1.0
0.35738649913266834,0.9780801609572722,1.0
0.3572913686255465,0.978115458604684,1.0
0.3572913686255464,0.9781331074283899,1.0
0.3572596640839949,0.9781507562520958,1.0
0.35725966408399484,0.9781860538995076,1.0
0.3572279623557717,0.978291946841743,1.0
0.35722796235577164,0.9783272444891548,1.0
0.3571962634406272,0.9783978397839784,1.0
0.3571835846621757,0.9784154886076843,1.0
0.357164567338312,0.9785037327262138,1.0
0.3571518896849221,0.9785213815499197,1.0
0.3571328740485763,0.9785390303736256,1.0
0.35712019752014834,0.9785566791973315,1.0
0.3571201975201483,0.9785919768447433,1.0
0.3571011835711705,0.9786272744921551,1.0
0.3570694959058451,0.9786625721395669,1.0
0.35705682162704155,0.9786802209632728,1.0
0.3570378110523506,0.9787331674343905,1.0
0.35700612901043743,0.9787508162580963,1.0
0.35697444977985626,0.9787861139055082,1.0
0.3569744497798562,0.9788037627292141,1.0
0.35697444977985615,0.97882141155292,1.0
0.3569427733603574,0.9788390603766259,1.0
0.35694277336035735,0.9788567092003317,1.0
0.35693010357960503,0.9789096556714495,1.0
0.3569110997516915,0.978997899789979,1.0
0.3568794289536092,0.9790155486136849,1.0
0.35684776096586107,0.9790508462610967,1.0
0.356847760965861,0.9790861439085085,1.0
0.3568160957881976,0.9791037927322144,1.0
0.35681609578819756,0.9791214415559203,1.0
0.35678443342036964,0.9791567392033321,1.0
0.3567844334203696,0.9792449833218616,1.0
0.3567527738621277,0.9793155786166852,1.0
0.35672111711322263,0.9794214715589206,1.0
0.356708455200219,0.9794391203826265,1.0
0.35668946317340494,0.9794567692063324,1.0
0.35667680238396654,0.9794920668537442,1.0
0.3566578120424255,0.979527364501156,1.0
0.35659451820598426,0.9795979597959796,1.0
0.3565945182059842,0.9796332574433914,1.0
0.3565628755000241,0.9796509062670973,1.0
0.3565312356019053,0.979721501561921,1.0
0.35649959851137875,0.9797391503856268,1.0
0.3564995985113787,0.9797567992093327,1.0
0.3564869444612382,0.9797744480330386,1.0
0.3564869444612381,0.9797920968567445,1.0
0.3564679642281952,0.9798273945041563,1.0
0.3564363327521056,0.9798450433278622,1.0
0.35640470408286107,0.9798626921515681,1.0
0.356404704082861,0.9799156386226858,1.0
0.3563730782202122,0.9799509362700976,1.0
0.3563414551639101,0.9800038827412153,1.0
0.3563098349137058,0.9800215315649212,1.0
0.3562971875992756,0.9800391803886271,1.0
0.3562782174693502,0.980056829212333,1.0
0.35627821746935007,0.9801097756834507,1.0
0.3562466028305943,0.9801274245071566,1.0
0.35621499099718923,0.9802156686256861,1.0
0.3562149909971892,0.9802509662730979,1.0
0.3561833819688861,0.9802686150968039,1.0
0.35618338196888605,0.9802862639205097,1.0
0.3561707391429376,0.9803039127442156,1.0
0.35615177574543583,0.9803215615679215,1.0
0.3561517757454358,0.9803392103916274,1.0
0.3561201723265897,0.9803568592153333,1.0
0.3560885717120988,0.9803745080390392,1.0
0.356025378895187,0.9804274545101569,1.0
0.3559937866922687,0.9804451033338628,1.0
0.35598115059605606,0.9804627521575687,1.0
0.3559621972927103,0.9805333474523923,1.0
0.3559306106962631,0.9805509962760982,1.0
0.35593061069626303,0.9805686450998041,1.0
0.3559179768424995,0.9806039427472159,1.0
0.35589902690267816,0.9806568892183336,1.0
0.35583586772310116,0.9807098356894512,1.0
0.3558358677231011,0.9807274845131572,1.0
0.35580429233661154,0.9807451333368631,1.0
0.3557916629665525,0.980762782160569,1.0
0.35577271975198954,0.9808333774553926,1.0
0.3557727197519895,0.9808510262790985,1.0
0.355760091502608,0.9808686751028044,1.0
0.3557411499689868,0.9809039727502162,1.0
0.3557095829873544,0.980939270397628,1.0
0.3557095829873543,0.9809569192213339,1.0
0.35567801880684397,0.9809745680450398,1.0
0.35566539391889823,0.9810098656924516,1.0
0.3556464574272069,0.9810451633398634,1.0
0.35564645742720685,0.981133407458393,1.0
0.3555833430695586,0.9812393004006283,1.0
0.3555707215421539,0.9812569492243342,1.0
0.3555581004627538,0.9812745980480401,1.0
0.3555517900910505,0.981292246871746,1.0
0.3555517900910504,0.9813275445191578,1.0
0.35552023991242165,0.9813451933428637,1.0
0.3555202399124216,0.9814157886376873,1.0
0.35548869253342363,0.9814334374613932,1.0
0.3554571479538082,0.9815040327562168,1.0
0.3554571479538081,0.9815216815799227,1.0
0.3554256061733267,0.9815746280510403,1.0
0.35539406719173094,0.9816628721695699,1.0
0.35536253100877246,0.9816805209932759,1.0
0.3553625310087724,0.9817334674643935,1.0
0.35534991731915183,0.9817511162880994,1.0
0.3553499173191518,0.9817687651118053,1.0
0.3553309976242029,0.9817864139355112,1.0
0.35533099762420284,0.981821711582923,1.0
0.35528685558662626,0.9818393604066289,1.0
0.3552679392492375,0.9819099557014525,1.0
0.35526793924923744,0.9819276045251584,1.0
0.35523641425834507,0.9819452533488643,1.0
0.3552048920648484,0.9820334974673938,1.0
0.3551733726684994,0.9820687951148056,1.0
0.35517337266849935,0.9820864439385115,1.0
0.35516076569310556,0.9821040927622174,1.0
0.35514185606904985,0.9821217415859232,1.0
0.3551418560690498,0.982174688057041,1.0
0.3550977375281387,0.9821923368807469,1.0
0.355078831259856,0.9822099857044528,1.0
0.35507883125985595,0.9822276345281586,1.0
0.35501581763528184,0.9822982298229823,1.0
0.3549717147518656,0.9823158786466882,1.0
0.3549528151933424,0.9823864739415118,1.0
0.3548898239320532,0.9824041227652177,1.0
0.35488982393205315,0.9824217715889236,1.0
0.3548457367005752,0.9824394204126295,1.0
0.35482684384943014,0.9825100157074531,1.0
0.3547953579994984,0.982527664531159,1.0
0.35478276444183793,0.9825629621785708,1.0
0.3547638749434894,0.9825806110022767,1.0
0.3547638749434893,0.9826335574733944,1.0
0.3547009172122474,0.9826512062971003,1.0
0.35470091721224734,0.9826865039445121,1.0
0.3546694425365187,0.9827218015919239,1.0
0.35465685344826187,0.9827394504156298,1.0
0.3546442648068581,0.9827570992393357,1.0
0.35463797065372116,0.9827747480630415,1.0
0.3546379706537211,0.9828100457104534,1.0
0.3546253826825673,0.9828276945341593,1.0
0.3546253826825672,0.9828453433578652,1.0
0.35460650156360674,0.9828629921815711,1.0
0.35459391470945684,0.982880641005277,1.0
0.3545750352659278,0.9829335874763947,1.0
0.35454357176043655,0.9829512363001006,1.0
0.3545121110468851,0.9830747780660419,1.0
0.35448065312502586,0.9830924268897479,1.0
0.3544806531250258,0.9831277245371596,1.0
0.3544680707379005,0.9831453733608655,1.0
0.354449197994611,0.9831983198319832,1.0
0.3544491979946109,0.983215968655689,1.0
0.3544177456553928,0.9832512663031009,1.0
0.35441774565539275,0.9832689151268068,1.0
0.3543862961071236,0.9833395104216304,1.0
0.3543862961071235,0.9833748080690422,1.0
0.35435484934955574,0.983410105716454,1.0
0.3543422714278696,0.9834277545401598,1.0
0.3543234053824418,0.9834630521875717,1.0
0.35432340538244167,0.9834983498349835,1.0
0.35429196420553377,0.9835159986586894,1.0
0.35429196420553366,0.9835336474823952,1.0
0.35426052581858436,0.983586593953513,1.0
0.3542605258185843,0.9836042427772189,1.0
0.35426052581858425,0.9836218916009248,1.0
0.3542479512449374,0.9836395404246306,1.0
0.35422909022134585,0.9836571892483366,1.0
0.3542290902213458,0.9836748380720425,1.0
0.354216516763514,0.9836924868957484,1.0
0.3541976574135707,0.983763082190572,1.0
0.3541662273950116,0.9838160286616897,1.0
0.3541536561685129,0.9838336774853956,1.0
0.35413480016542076,0.9838513263091015,1.0
0.3541033757245508,0.9838866239565133,1.0
0.35407195407215436,0.9839042727802192,1.0
0.3540719540721543,0.9839219216039251,1.0
0.35404053520798384,0.983957219251337,1.0
0.3540279684429636,0.9839748680750428,1.0
0.3540279684429635,0.9839925168987487,1.0
0.354009119131792,0.9840101657224546,1.0
0.3540091191317919,0.9840278145461605,1.0
0.3539462953423545,0.9840631121935723,1.0
0.35394629534235444,0.9841337074883959,1.0
0.3539337319224037,0.9841513563121018,1.0
0.35391488762861395,0.9841690051358077,1.0
0.3539023253234887,0.9842043027832195,1.0
0.35388348270186276,0.9842219516069254,1.0
0.35388348270186265,0.9842396004306313,1.0
0.35385208056185335,0.9842748980780431,1.0
0.3538206812083385,0.9842925469017489,1.0
0.3537892846410709,0.9843278445491608,1.0
0.3537578908598034,0.9843984398439845,1.0
0.3537264998642888,0.9844160886676903,1.0
0.35369511165427964,0.9844866839625139,1.0
0.35365117283944586,0.9845219816099257,1.0
0.35363234358978973,0.9845572792573375,1.0
0.3536009637348146,0.9845749280810434,1.0
0.3535695866643567,0.9845925769047493,1.0
0.35356958666435667,0.984627874552161,1.0
0.3535382123781686,0.984645523375867,1.0
0.35353821237816857,0.9846808210232788,1.0
0.3535068408760035,0.9847514163181024,1.0
0.3534754721576143,0.9847867139655142,1.0
0.3534629254496605,0.984822011612926,1.0
0.3534441062227539,0.9848396604366318,1.0
0.3534441062227538,0.9848573092603378,1.0
0.3533813827026317,0.9848749580840437,1.0
0.353350025116876,0.9849102557314555,1.0
0.353337482861699,0.9849279045551614,1.0
0.35331867031366126,0.9849808510262791,1.0
0.3532873182927407,0.9850161486736909,1.0
0.3532873182927406,0.9850337974973968,1.0
0.35325596905386725,0.9850514463211028,1.0
0.3532559690538672,0.9850690951448086,1.0
0.35319327892127456,0.985174988087044,1.0
0.35318074222984636,0.9851926369107499,1.0
0.3531619380270616,0.9852102857344558,1.0
0.3531305999139085,0.9852632322055735,1.0
0.35311806544728874,0.9852808810292794,1.0
0.3530679320297948,0.9852985298529853,1.0
0.3530679320297947,0.985351476324103,1.0
0.35303660225834066,0.9853691251478089,1.0
0.35303660225834055,0.9854044227952207,1.0
0.35302407112819323,0.9854220716189266,1.0
0.35300527526695935,0.9854750180900443,1.0
0.35296142214907833,0.9854926669137501,1.0
0.35294262962342876,0.985527964561162,1.0
0.3528987842878869,0.9855809110322797,1.0
0.3528799950972296,0.9855985598559855,1.0
0.35287999509722956,0.9856515063271033,1.0
0.35284868200251274,0.9856691551508092,1.0
0.3528361575426459,0.9856868039745151,1.0
0.352817371686389,0.9857221016219269,1.0
0.3527923254339113,0.9857397504456328,1.0
0.35278606414861174,0.9857573992693387,1.0
0.3527735419113825,0.9857750480930446,1.0
0.3527547593889343,0.9858456433878682,1.0
0.35272345740711036,0.9858632922115741,1.0
0.35271093739212456,0.9858985898589859,1.0
0.3526921582028934,0.9859162386826918,1.0
0.35269215820289335,0.9859338875063977,1.0
0.35266086177603684,0.9859515363301036,1.0
0.3526608617760368,0.9859691851538095,1.0
0.3526483439829,0.9859868339775154,1.0
0.3526295681262943,0.9860044828012213,1.0
0.35256698915716567,0.9860221316249272,1.0
0.3525669891571656,0.986039780448633,1.0
0.35253570383728666,0.9860927269197508,1.0
0.3525231904866648,0.9861103757434567,1.0
0.35250442129353615,0.9861280245671626,1.0
0.35250442129353604,0.9861809710382803,1.0
0.3524606303957121,0.9861986198619862,1.0
0.35244186453343496,0.986233917509398,1.0
0.35241059031659167,0.9862515663331038,1.0
0.35239808140690826,0.9863045128042216,1.0
0.3523793188748916,0.9863574592753392,1.0
0.35234805020808846,0.986410405746457,1.0
0.3523167843159361,0.9864810010412806,1.0
0.3522855211981881,0.9865162986886924,1.0
0.3522542608545985,0.986586893983516,1.0
0.3521917484889095,0.9866221916309278,1.0
0.35217924734707623,0.9866398404546337,1.0
0.3521792473470762,0.9866574892783396,1.0
0.3521479964337836,0.9866751381020455,1.0
0.35211674829356626,0.9866927869257514,1.0
0.3520980007404097,0.9867104357494573,1.0
0.3520667570366012,0.986763382220575,1.0
0.35202302050890577,0.9867810310442809,1.0
0.3520042779460447,0.9867986798679867,1.0
0.35199178345852933,0.9868339775153986,1.0
0.351960549179998,0.9868516263391045,1.0
0.3519293176730659,0.9868692751628104,1.0
0.3519105800991721,0.9868869239865163,1.0
0.3518980889374872,0.9869045728102221,1.0
0.35187935302628726,0.9869751681050458,1.0
0.3518481287243622,0.9869928169287517,1.0
0.3518169071931511,0.9870457633998694,1.0
0.35175447244188746,0.9870810610472812,1.0
0.35175447244188734,0.9870987098709871,1.0
0.3517232592213432,0.987116358694693,1.0
0.3517232592213431,0.9871693051658107,1.0
0.35171077470866374,0.9871869539895166,1.0
0.3516920487705295,0.9872046028132225,1.0
0.35162963617711096,0.9872399004606343,1.0
0.3515672346596659,0.9872575492843402,1.0
0.3515110827622982,0.9872751981080461,1.0
0.35144246484483443,0.987292846931752,1.0
0.35141127931053917,0.9873104957554579,1.0
0.35139880587167155,0.9873281445791638,1.0
0.35138009654351793,0.9873457934028697,1.0
0.3513800965435178,0.9873810910502815,1.0
0.35138009654351776,0.9873987398739874,1.0
0.3513489165435248,0.9874163886976933,1.0
0.3513489165435247,0.9874340375213992,1.0
0.3513364453182405,0.987451686345105,1.0
0.35132397453562575,0.987469335168811,1.0
0.3513177393103145,0.9874869839925169,1.0
0.3512865648436415,0.9875046328162228,1.0
0.351261627262045,0.9875222816399287,1.0
0.35125539314326026,0.9875752281110464,1.0
0.3512553931432602,0.9876105257584582,1.0
0.3512242242089254,0.98764582340587,1.0
0.35122422420892535,0.9876634722295758,1.0
0.3511930580403913,0.9876811210532818,1.0
0.35119305804039125,0.9876987698769877,1.0
0.35118059234734694,0.9877164187006936,1.0
0.35109957612714005,0.9877340675243995,1.0
0.3510684210193554,0.9877870139955172,1.0
0.3510684210193553,0.9878046628192231,1.0
0.35100611909726254,0.9878576092903408,1.0
0.3509438282315031,0.9879105557614585,1.0
0.3509313713849385,0.9879282045851644,1.0
0.3509126869441352,0.9879458534088703,1.0
0.3508815484201149,0.9879811510562821,1.0
0.350850412659197,0.987998799879988,1.0
0.3508379591284436,0.9880164487036939,1.0
0.3508379591284435,0.9880340975273998,1.0
0.3508192796611363,0.9880517463511057,1.0
0.35078814942568753,0.9880693951748116,1.0
0.35075702195260566,0.9881046928222234,1.0
0.3507258972416456,0.9881223416459293,1.0
0.35069477529256216,0.9881399904696352,1.0
0.3506947752925621,0.9881929369407529,1.0
0.35066365610511024,0.9882105857644587,1.0
0.35065120920333154,0.9882458834118706,1.0
0.35063876274335887,0.9882635322355765,1.0
0.350632539679045,0.9883341275304001,1.0
0.3506200938817522,0.988351776354106,1.0
0.3506014260141212,0.9883870740015178,1.0
0.35060142601412114,0.9884047228252237,1.0
0.3506014260141211,0.9884223716489297,1.0
0.3505889813212163,0.9884400204726355,1.0
0.3505765370700394,0.9884576692963414,1.0
0.3505703151100938,0.9884753181200473,1.0
0.350557871521479,0.9884929669437532,1.0
0.3505392069667179,0.9885106157674591,1.0
0.3505267644822952,0.9886341575334004,1.0
0.3505081015837487,0.9887224016519299,1.0
0.3504645586846082,0.9887400504756358,1.0
0.3504334599256152,0.9887576992993417,1.0
0.3503837076510379,0.9887929969467535,1.0
0.3503215272407541,0.9888106457704594,1.0
0.3502904411737732,0.9888282945941653,1.0
0.3502780075193599,0.988863592241577,1.0
0.3502593578652398,0.9889165387126948,1.0
0.35024692531413687,0.9889341875364007,1.0
0.35021584586701887,0.9889518363601066,1.0
0.3501971995225365,0.9889694851838124,1.0
0.3501661244878772,0.9889871340075184,1.0
0.35013505221068647,0.9890047828312243,1.0
0.3500729159277322,0.9890224316549302,1.0
0.3500604899944365,0.9890400804786361,1.0
0.3500418519214792,0.9890753781260478,1.0
0.3500294270908089,0.9890930269497538,1.0
0.35001079067171625,0.9891106757734597,1.0
0.3500107906717162,0.9891459734208715,1.0
0.34996730955248556,0.9891812710682834,1.0
0.34995488736771685,0.9891989198919892,1.0
0.34994867644068184,0.9892165687156951,1.0
0.3498865732326724,0.989234217539401,1.0
0.34988657323267236,0.9892695151868128,1.0
0.3498431075447182,0.9893048128342246,1.0
0.3498244810457319,0.9893224616579305,1.0
0.34982448104573177,0.9893577593053423,1.0
0.3497934390845511,0.9893754081290482,1.0
0.34976239987790425,0.9893930569527541,1.0
0.3497623998779042,0.98941070577646,1.0
0.34971894961575006,0.9894283546001659,1.0
0.34966929878272207,0.9894460034238718,1.0
0.3496382705917664,0.9894636522475777,1.0
0.34963827059176633,0.9894813010712836,1.0
0.349625860086325,0.9894989498949895,1.0
0.34960724515412245,0.9895695451898131,1.0
0.34953279533582754,0.9896048428372249,1.0
0.34951418535861895,0.9896401404846367,1.0
0.3495141853586189,0.9896754381320485,1.0
0.34948317093177955,0.9896930869557544,1.0
0.3494521592570307,0.9897813310742839,1.0
0.3494211503341281,0.9898166287216957,1.0
0.34939014416282776,0.9898872240165193,1.0
0.3493901441628277,0.9899048728402252,1.0
0.34935914074288527,0.9899225216639311,1.0
0.34934674014523376,0.989940170487637,1.0
0.3493281400740566,0.9900460634298724,1.0
0.3492661469887642,0.9900813610772842,1.0
0.34923515457181226,0.990116658724696,1.0
0.34917317798807673,0.9901519563721078,1.0
0.34916078399122386,0.9901696051958137,1.0
0.34914219382080514,0.9902049028432255,1.0
0.34912980092374357,0.9902402004906373,1.0
0.3490988206055712,0.9902578493143432,1.0
0.3490988206055711,0.990275498138049,1.0
0.3490802337342339,0.990293146961755,1.0
0.34903686821617386,0.9903107957854609,1.0
0.34900589614446126,0.9903284446091668,1.0
0.34894396024578833,0.9903460934328727,1.0
0.3489253816195937,0.9903813910802844,1.0
0.3489129964183402,0.9903990399039904,1.0
0.3488944194407353,0.9904343375514022,1.0
0.348838694442211,0.9904519863751081,1.0
0.3488325033251374,0.990469635198814,1.0
0.3487891685821155,0.9905049328462258,1.0
0.34877059819740613,0.9905225816699317,1.0
0.3487705981974061,0.9905402304936376,1.0
0.34873964975338106,0.9905578793173435,1.0
0.3487087040555916,0.9905755281410494,1.0
0.3486777611037939,0.9905931769647554,1.0
0.3486653846918979,0.9906108257884612,1.0
0.3486158834371991,0.9906284746121671,1.0
0.34861588343719907,0.990646123435873,1.0
0.3486035092216678,0.9906637722595789,1.0
0.34858494872191476,0.9906814210832848,1.0
0.3485540167516477,0.9906990699069907,1.0
0.34852308752615435,0.9907343675544025,1.0
0.348492161045191,0.9907520163781084,1.0
0.34846123730851414,0.9907696652018143,1.0
0.34844886858218926,0.9908049628492261,1.0
0.3484488685821891,0.990822611672932,1.0
0.3484179486871046,0.9908402604966379,1.0
0.3483993980670464,0.9908579093203438,1.0
0.34839939806704634,0.9908932069677556,1.0
0.3483684825617683,0.9909108557914615,1.0
0.3483561171277982,0.9909638022625792,1.0
0.34833756979980274,0.990999099909991,1.0
0.3483066597809065,0.9910167487336969,1.0
0.34828193374063576,0.9910343975574027,1.0
0.348275752504836,0.9910696952048146,1.0
0.3482448479713479,0.9910873440285205,1.0
0.34824484797134786,0.9911049928522264,1.0
0.34821394618019885,0.9911226416759323,1.0
0.3482139461801988,0.9911402904996383,1.0
0.3481830471311454,0.9911579393233441,1.0
0.3481706882792564,0.99117558814705,1.0
0.3481521508239444,0.9911932369707559,1.0
0.3481212572583525,0.9912285346181677,1.0
0.34810890059971183,0.9912461834418737,1.0
0.3481089005997118,0.9912814810892854,1.0
0.3480594783510227,0.9913167787366972,1.0
0.34804712388524117,0.991352076384109,1.0
0.3479977104072102,0.9913697252078149,1.0
0.34796683054601485,0.9913873740315208,1.0
0.3479544793687922,0.9914050228552267,1.0
0.34793595342496914,0.9914226716789326,1.0
0.34792360334373845,0.9914403205026385,1.0
0.34792360334373834,0.9914579693263444,1.0
0.3479050790438301,0.9914932669737562,1.0
0.3478742074023545,0.9915109157974621,1.0
0.34787420740235436,0.991528564621168,1.0
0.34786185951281545,0.9915638622685798,1.0
0.34783099170646026,0.9915815110922857,1.0
0.34781864535087426,0.9915991599159916,1.0
0.3478124723374211,0.9916168087396975,1.0
0.34771989028141986,0.9916344575634034,1.0
0.3477198902814198,0.9916521063871093,1.0
0.34768903507282034,0.991705052858227,1.0
0.347658182602183,0.9917403505056388,1.0
0.347596485873823,0.9917932969767564,1.0
0.3475656416156145,0.9918109458004624,1.0
0.34756564161561443,0.9918285946241683,1.0
0.347553304678702,0.9918462434478742,1.0
0.3475039613099259,0.9918638922715801,1.0
0.34750396130992584,0.991881541095286,1.0
0.3474916265623727,0.991899189918992,1.0
0.34747312526196017,0.9919344875664037,1.0
0.3474299593916737,0.9919521363901096,1.0
0.34738063353466314,0.9919697852138155,1.0
0.3473374791544334,0.9919874340375214,1.0
0.34728816642716837,0.9920050828612273,1.0
0.34724502353393677,0.9920403805086391,1.0
0.3472265353632701,0.992058029332345,1.0
0.34721421046302625,0.9920933269797568,1.0
0.34719572393292236,0.9921109758034627,1.0
0.3471341092742168,0.9921286246271686,1.0
0.3471033060453737,0.9921462734508745,1.0
0.34710330604537365,0.9921639222745804,1.0
0.34707866543032256,0.9921815710982863,1.0
0.34701091275797213,0.9921992199219922,1.0
0.34698012046107257,0.9922698152168158,1.0
0.34694933089655255,0.9922874640405217,1.0
0.3468569785948459,0.9923051128642276,1.0
0.3467954240511617,0.9923404105116393,1.0
0.34673388043117837,0.9923580593353453,1.0
0.3466723477329572,0.9923757081590512,1.0
0.34667234773295713,0.9923933569827571,1.0
0.3466600425037539,0.992411005806463,1.0
0.3466292813416129,0.9924286546301689,1.0
0.34661082595456,0.9924463034538747,1.0
0.34656776720593946,0.9924639522775807,1.0
0.3465493150940489,0.9925168987486984,1.0
0.3464878151494865,0.9925698452198161,1.0
0.3464570692700807,0.9926051428672279,1.0
0.3463955856958089,0.9926404405146397,1.0
0.3463832902903494,0.9926757381620515,1.0
0.3463341130326436,0.9927110358094633,1.0
0.34632181980917287,0.9927463334568751,1.0
0.34627265127864815,0.992763982280581,1.0
0.3461989115712322,0.9927816311042869,1.0
0.3461497604904237,0.9927992799279928,1.0
0.3461374738105965,0.9928169287516987,1.0
0.3461190446085742,0.9928345775754046,1.0
0.34605762102143,0.9928522263991105,1.0
0.34604533761211836,0.9928698752228164,1.0
0.3460269133156516,0.9928875240465223,1.0
0.3459962083347466,0.99294047051764,1.0
0.3459655060784731,0.9929581193413459,1.0
0.3459532259388064,0.9929757681650518,1.0
0.34589183177846694,0.9929934169887576,1.0
0.34587341565502455,0.9930110658124636,1.0
0.34586113878413244,0.9930463634598754,1.0
0.3458427242948599,0.9930816611072872,1.0
0.34583044851336586,0.993099309930993,1.0
0.3456893083405474,0.9931346075784049,1.0
0.34564636407016097,0.9931522564021108,1.0
0.3455543585971545,0.9931699052258167,1.0
0.34550529902580557,0.9932228516969344,1.0
0.34547464033077074,0.9932405005206403,1.0
0.3454623776145172,0.9932581493443462,1.0
0.345401070561967,0.9932757981680521,1.0
0.3453520327534612,0.993293446991758,1.0
0.34532138765863435,0.993311095815464,1.0
0.3453213876586343,0.9933463934628757,1.0
0.3452907452831251,0.9933640422865816,1.0
0.3452907452831249,0.9933816911102875,1.0
0.3452601056266919,0.9934169887576993,1.0
0.3452172146752742,0.9934346375814052,1.0
0.34519883447008926,0.993469935228817,1.0
0.3451375741868965,0.9934875840525229,1.0
0.3451069481222257,0.9935052328762288,1.0
0.3450946984573071,0.9935228816999347,1.0
0.345094698457307,0.9935405305236406,1.0
0.3450763247751839,0.9935581793473465,1.0
0.3450457041455297,0.9935758281710524,1.0
0.3450150862330223,0.9935934769947583,1.0
0.3450150862330222,0.9936111258184642,1.0
0.3449844710374202,0.993646423465876,1.0
0.34497222571985886,0.9936640722895819,1.0
0.3449538585584825,0.9936817211132878,1.0
0.3448926417496362,0.9936993699369937,1.0
0.34489264174963613,0.9937170187606996,1.0
0.34486203741924537,0.9937346675844055,1.0
0.3448497964474987,0.9937523164081113,1.0
0.34483143580455494,0.9937699652318173,1.0
0.34478859810590584,0.9937876140555232,1.0
0.3447580030079128,0.9938052628792291,1.0
0.34470905649797634,0.9938405605266409,1.0
0.3446968209563289,0.9938582093503467,1.0
0.34467846845817285,0.9938758581740527,1.0
0.3446478831326241,0.9938935069977586,1.0
0.34464788313262407,0.9939111558214645,1.0
0.34463564976234196,0.9939288046451704,1.0
0.3446173005210892,0.9939464534688763,1.0
0.3446050682363451,0.9939641022925823,1.0
0.34458672062332735,0.9939817511162881,1.0
0.3445561434390977,0.993999399939994,1.0
0.34454391332514095,0.9940170487636999,1.0
0.344494997210272,0.9940346975874058,1.0
0.34447054175719666,0.9940523464111117,1.0
0.344421636059148,0.9940699952348176,1.0
0.34437273730441387,0.9940876440585235,1.0
0.3443605137005077,0.9941052928822294,1.0
0.34434217910816883,0.9941229417059353,1.0
0.3442810708502579,0.9941405905296412,1.0
0.3442810708502578,0.9941582393533471,1.0
0.34426885050007733,0.994175888177053,1.0
0.34423830152231283,0.9941935370007589,1.0
0.34421997343684796,0.9942288346481707,1.0
0.34419553750751336,0.9942464834718766,1.0
0.34418942879622966,0.9942641322955825,1.0
0.344158886866015,0.9942817811192884,1.0
0.3441588868660149,0.9942994299429943,1.0
0.3441588868660148,0.9943347275904061,1.0
0.34412834764596334,0.994352376414112,1.0
0.3441283476459633,0.9943700252378179,1.0
0.34408559729050725,0.9943876740615238,1.0
0.3440672773353876,0.9944229717089356,1.0
0.3440123233222151,0.9944406205326415,1.0
0.3439940072683799,0.9944759181800533,1.0
0.34397569218973606,0.994511215827465,1.0
0.34395127360175215,0.994528864651171,1.0
0.34388413142256935,0.9945465134748769,1.0
0.34387192516186177,0.9945641622985828,1.0
0.34376208831055227,0.9945818111222887,1.0
0.34373158430074485,0.9945994599459946,1.0
0.3437315843007448,0.9946171087697006,1.0
0.3436888832343815,0.9946347575934064,1.0
0.34367058440128423,0.9946524064171123,1.0
0.3436400885111509,0.9946700552408182,1.0
0.34362789091281276,0.9946877040645241,1.0
0.3436095953270953,0.99470535288823,1.0
0.34351813200899356,0.994723001711936,1.0
0.34342669303694817,0.9947406505356418,1.0
0.34341450301314047,0.9947582993593477,1.0
0.3433657472446378,0.9947759481830536,1.0
0.343304812267997,0.9947935970067595,1.0
0.3433048122679969,0.9948112458304654,1.0
0.34321343007821725,0.9948288946541713,1.0
0.3431829747540463,0.994881841125289,1.0
0.34314034184031633,0.9948994899489949,1.0
0.34312207221289875,0.9949171387727008,1.0
0.3430916249954426,0.9949347875964067,1.0
0.34306118047974526,0.9949700852438185,1.0
0.34306118047974515,0.9949877340675244,1.0
0.3430368268122925,0.9950053828912303,1.0
0.3430307386655668,0.9950230317149362,1.0
0.3429698631408081,0.9950406805386421,1.0
0.34287857010906986,0.9950759781860539,1.0
0.3428663995410344,0.9950936270097598,1.0
0.3428359750109018,0.9951112758334657,1.0
0.34283597501090174,0.9951289246571716,1.0
0.3428177215887153,0.9951465734808775,1.0
0.34278730137806057,0.9951642223045833,1.0
0.3427751340496335,0.9951818711282893,1.0
0.3427447176180188,0.9951995199519952,1.0
0.3426656475266688,0.9952171687757011,1.0
0.34257443547220784,0.995234817599407,1.0
0.3425440368497455,0.9952524664231129,1.0
0.3425440368497454,0.9952701152468189,1.0
0.3424224693319682,0.9953054128942306,1.0
0.34239208419434547,0.9953407105416424,1.0
0.3423799308942597,0.9953583593653483,1.0
0.3423617017529726,0.9953760081890543,1.0
0.3423313220076106,0.9953936570127601,1.0
0.3423313220076105,0.995411305836466,1.0
0.3423191708642952,0.9954289546601719,1.0
0.3422887948929464,0.9954466034838778,1.0
0.3422887948929463,0.9954642523075837,1.0
0.34227057060396193,0.9954819011312896,1.0
0.34224019894519686,0.9954995499549955,1.0
0.34217946371258945,0.9955171987787014,1.0
0.3421794637125894,0.9955348476024073,1.0
0.34210659566065194,0.9955524964261132,1.0
0.3419851833890148,0.9955701452498191,1.0
0.3418456125441328,0.995587794073525,1.0
0.3418031457681542,0.9956054428972309,1.0
0.3417849473363118,0.9956230917209368,1.0
0.3417424880966471,0.9956407405446427,1.0
0.3417242928943668,0.9956583893683486,1.0
0.3416939697100007,0.9956936870157604,1.0
0.3416030163004626,0.9957466334868781,1.0
0.34148178274713975,0.995764282310584,1.0
0.34142118210592265,0.9957819311342899,1.0
0.3414090632682704,0.9957995799579958,1.0
0.34139088581834,0.9958172287817016,1.0
0.34133030130803377,0.9958348776054076,1.0
0.3413181856962202,0.9958525264291135,1.0
0.34130001308483304,0.9958701752528194,1.0
0.3412878985481082,0.9958878240765253,1.0
0.3412394447011437,0.9959054729002312,1.0
0.34117888706614763,0.9959231217239372,1.0
0.3411183401779371,0.995940770547643,1.0
0.341118340177937,0.9959760681950548,1.0
0.34110623208974133,0.9959937170187607,1.0
0.3410456980951561,0.9960113658424666,1.0
0.3408762600548128,0.9960290146661726,1.0
0.34083391369949634,0.9960466634898784,1.0
0.3407855243063625,0.9960819611372902,1.0
0.3407552844243941,0.9960996099609961,1.0
0.3407431892229611,0.996117258784702,1.0
0.34072504722578645,0.996134907608408,1.0
0.3406948127103013,0.9961525564321138,1.0
0.3406948127103012,0.9961702052558197,1.0
0.34063435172774603,0.9961878540795256,1.0
0.34060412526019995,0.9962055029032315,1.0
0.3405920354242027,0.9962231517269374,1.0
0.3405739014748243,0.9962584493743492,1.0
0.3405618127116284,0.9962760981980551,1.0
0.3405315926808911,0.996293747021761,1.0
0.3405013753317532,0.9963113958454669,1.0
0.3404832462093389,0.9963290446691728,1.0
0.3404711606639762,0.9963466934928787,1.0
0.34044094867732255,0.9963643423165846,1.0
0.3404409486773225,0.9963819911402905,1.0
0.3403624100579726,0.9963996399639964,1.0
0.34027181108808247,0.9964172887877023,1.0
0.3402718110880824,0.9964349376114082,1.0
0.340259733047667,0.9964525864351141,1.0
0.34022953982221554,0.99647023525882,1.0
0.34021142517298586,0.9964878840825259,1.0
0.3401812362341732,0.9965055329062318,1.0
0.3401087937102381,0.9965408305536436,1.0
0.3400906854898253,0.9965584793773495,1.0
0.34000015884862156,0.9965761282010553,1.0
0.3399096563041458,0.9965937770247613,1.0
0.33987949414304036,0.9966114258484672,1.0
0.33986743002802133,0.9966290746721731,1.0
0.33978902371755804,0.996646723495879,1.0
0.3397588722608837,0.9966643723195849,1.0
0.3397166647163502,0.9966820211432909,1.0
0.3396382931869538,0.9967173187907026,1.0
0.3395478869652658,0.9967349676144085,1.0
0.33947557931478844,0.9967526164381144,1.0
0.33942738276917916,0.9967702652618203,1.0
0.33934305527886566,0.9967879140855262,1.0
0.33927681266262705,0.9968055629092321,1.0
0.339264769939951,0.9968408605566439,1.0
0.33926476993995097,0.9968585093803498,1.0
0.33917446314411154,0.9968761582040557,1.0
0.3391443662209719,0.9968938070277616,1.0
0.3391263093490271,0.9969114558514675,1.0
0.3391142719685072,0.9969291046751734,1.0
0.3390962166988539,0.9969467534988793,1.0
0.3390059547691617,0.9969820511462911,1.0
0.33900595476916157,0.996999699969997,1.0
0.3389337625246264,0.9970702952648206,1.0
0.33886158565362706,0.9970879440885265,1.0
0.33881347627886393,0.9971055929122324,1.0
0.3387232896100995,0.9971232417359382,1.0
0.3386932327222121,0.9971408905596442,1.0
0.33867519986971356,0.9971585393833501,1.0
0.3386331269475681,0.997176188207056,1.0
0.338633126947568,0.9971938370307619,1.0
0.3386150972952473,0.9972114858544678,1.0
0.3385249634317606,0.9972291346781736,1.0
0.3384949241425086,0.9972467835018796,1.0
0.33840482226717195,0.9972644323255855,1.0
0.3382847237402053,0.9972997299729973,1.0
0.3382547057688187,0.9973350276204092,1.0
0.3382126850837888,0.997352676444115,1.0
0.3381526645889356,0.9973703252678209,1.0
0.338140661768201,0.9973879740915268,1.0
0.33812265833592575,0.9974056229152327,1.0
0.33810465586219696,0.9974232717389386,1.0
0.33809265474554523,0.9974409205626446,1.0
0.3380326555517272,0.9974585693863504,1.0
0.33796067057392026,0.9974762182100563,1.0
0.33794267672481454,0.9974938670337622,1.0
0.3379246838337451,0.9975115158574681,1.0
0.3378107511014146,0.997529164681174,1.0
0.33780475570600094,0.99754681350488,1.0
0.33774480760382897,0.9975644623285858,1.0
0.3376249433134442,0.9975821111522917,1.0
0.3375830008625063,0.9975997599759976,1.0
0.33755304515907275,0.9976174087997035,1.0
0.33753507301293667,0.9976350576234094,1.0
0.3375230921137829,0.9976527064471153,1.0
0.33750512156241985,0.9976703552708212,1.0
0.33746319399669117,0.9976880040945271,1.0
0.33744522663444987,0.997705652918233,1.0
0.3374212716395376,0.9977233017419389,1.0
0.3373134952049704,0.9977409505656448,1.0
0.33720575319549967,0.9977585993893507,1.0
0.33713394430880944,0.9977762482130565,1.0
0.3370860802133829,0.9977938970367625,1.0
0.3369664497027319,0.9978115458604684,1.0
0.3366556090333515,0.9978291946841743,1.0
0.3366376846689002,0.9978468435078802,1.0
0.3363987843151098,0.9978644923315861,1.0
0.33635699418737736,0.997882141155292,1.0
0.33630924039830057,0.9978997899789979,1.0
0.3363092403983005,0.9979174388027038,1.0
0.3362973030104086,0.9979703852738215,1.0
0.3361898855850135,0.9979880340975275,1.0
0.33610039727366836,0.9980056829212333,1.0
0.33607057313027566,0.9980233317449392,1.0
0.3360288237755424,0.9980409805686451,1.0
0.33599900598328253,0.998058629392351,1.0
0.33596919083692883,0.9980762782160569,1.0
0.335951303019054,0.9980939270397629,1.0
0.33583207523632075,0.9981115758634687,1.0
0.33582015478553606,0.9981292246871746,1.0
0.33577247721344283,0.9981645223345864,1.0
0.33574268216830466,0.9981821711582923,1.0
0.33570097354678985,0.9981998199819982,1.0
0.3355997027504213,0.9982174688057041,1.0
0.33559374659623686,0.99823511762941,1.0
0.3355341908680556,0.9982527664531159,1.0
0.335504416967451,0.9982704152768218,1.0
0.33548059974922667,0.9982880641005277,1.0
0.3354746457088577,0.9983057129242336,1.0
0.33529607362641045,0.9983410105716454,1.0
0.3352068232333556,0.9983586593953513,1.0
0.3351830271410974,0.9983763082190572,1.0
0.3351770783819856,0.9983939570427631,1.0
0.33507596562888986,0.998411605866469,1.0
0.33502839371195664,0.9984292546901748,1.0
0.33482628840218936,0.9984469035138808,1.0
0.3347787519328128,0.9984645523375867,1.0
0.3346718195509958,0.9984822011612926,1.0
0.3346302439605372,0.9984998499849985,1.0
0.3344996114403394,0.9985174988087044,1.0
0.3344105730526397,0.9985351476324102,1.0
0.33425629598767875,0.9985527964561162,1.0
0.3339479553475912,0.9985704452798221,1.0
0.33375242517951675,0.998588094103528,1.0
0.3336931962191577,0.9986057429272339,1.0
0.3334149608694234,0.9986233917509398,1.0
0.33339720904497205,0.9986410405746458,1.0
0.33327888770004305,0.9986586893983516,1.0
0.3332552284705473,0.9986763382220575,1.0
0.3332079150500917,0.9986939870457634,1.0
0.3331606083468894,0.9987116358694693,1.0
0.33307192638016153,0.9987292846931752,1.0
0.332953720476758,0.9987469335168812,1.0
0.3328650935802358,0.998764582340587,1.0
0.33276467828279405,0.9987822311642929,1.0
0.33270562461171366,0.9987998799879988,1.0
0.33268791055405195,0.9988175288117047,1.0
0.33265838922045676,0.9988351776354106,1.0
0.33264658142051967,0.9988528264591165,1.0
0.332617063754299,0.9988704752828224,1.0
0.3325875487073525,0.9988881241065283,1.0
0.33256984093633946,0.9989057729302342,1.0
0.33239281507219504,0.9989234217539401,1.0
0.3323810166988846,0.998941070577646,1.0
0.33212745294211926,0.998958719401352,1.0
0.3321156639879096,0.9989763682250578,1.0
0.3320979813411883,0.9989940170487637,1.0
0.3318034091288575,0.9990116658724696,1.0
0.3317209757419545,0.9990293146961755,1.0
0.3315149818626369,0.9990469635198814,1.0
0.3315090982032349,0.9990646123435873,1.0
0.33148556460982764,0.9990822611672932,1.0
0.33136204065050523,0.9990999099909991,1.0
0.3311856576945954,0.999117558814705,1.0
0.33099761935926675,0.9991352076384109,1.0
0.33095062645954104,0.9991528564621168,1.0
0.3308801496191838,0.9991705052858227,1.0
0.33080381664507363,0.9991881541095285,1.0
0.33077446249809106,0.9992058029332345,1.0
0.33076272156864506,0.9992234517569404,1.0
0.3306922847431477,0.9992411005806463,1.0
0.3304282802126647,0.9992587494043522,1.0
0.3303813681440264,0.9992763982280581,1.0
0.33035205148335667,0.999294047051764,1.0
0.3302465330431948,0.9993116958754699,1.0
0.3300590279176594,0.9993293446991758,1.0
0.3300297398601132,0.9993822911702935,1.0
0.3298716292525063,0.9993999399939995,1.0
0.32986577475898676,0.9994175888177053,1.0
0.3297545591218389,0.9994352376414112,1.0
0.3297194461851158,0.9994528864651171,1.0
0.32954978635851195,0.999470535288823,1.0
0.3291523055861216,0.9994881841125289,1.0
0.3290471703593076,0.9995058329362349,1.0
0.3290179720897687,0.9995234817599407,1.0
0.32868529488779813,0.9995411305836466,1.0
0.3286677948822814,0.9995587794073525,1.0
0.32849284606478885,0.9995764282310584,1.0
0.32839374974174024,0.9995940770547643,1.0
0.328265551816059,0.9996117258784702,1.0
0.32825972582686985,0.999629374702176,1.0
0.3282189467976008,0.999647023525882,1.0
0.3281606998291226,0.9996646723495879,1.0
0.3279278153041284,0.9996823211732938,1.0
0.3264180891170228,0.9996999699969997,1.0
0.32640070982306235,0.9997176188207056,1.0
0.3263427855257547,0.9997352676444115,1.0
0.32619801975114865,0.9997529164681174,1.0
0.32550403744753736,0.9997705652918233,1.0
0.32540584275734863,0.9997882141155292,1.0
0.3252037704833471,0.9998058629392351,1.0
0.3249729843908784,0.999823511762941,1.0
0.32474236207947654,0.9998411605866468,1.0
0.3245810238489857,0.9998588094103528,1.0
0.32452342247999333,0.9998764582340587,1.0
0.3243967354476438,0.9998941070577646,1.0
0.32433916678316427,0.9999117558814705,1.0
0.3240227216972086,0.9999470535288822,1.0
0.3233448445267801,0.9999647023525882,1.0
0.3230293695623023,0.9999823511762941,1.0
0.31877500078111926,1.0,1.0
1.0,1.0,1.0