threshold,tp,fp,fn,tn,tpr,fpr,precision,recall,f1
-0.6224785422339717,0,1,878,1019,0.0,9.80392156862745e-4,0.0,0.0,0.0
-0.6156712543933078,1,1,877,1019,0.0011389521640091116,9.80392156862745e-4,0.5,0.0011389521640091116,0.002272727272727272
-0.612782196598096,2,1,876,1019,0.002277904328018223,9.80392156862745e-4,0.6666666666666666,0.002277904328018223,0.004540295119182747
-0.6126572686790229,2,2,876,1018,0.002277904328018223,0.00196078431372549,0.5,0.002277904328018223,0.0045351473922902496
-0.6066905847345855,3,2,875,1018,0.003416856492027335,0.00196078431372549,0.6,0.003416856492027335,0.006795016987542468
-0.6014456077143702,3,3,875,1017,0.003416856492027335,0.0029411764705882353,0.5,0.003416856492027335,0.006787330316742081
-0.5956465452222557,4,3,874,1017,0.004555808656036446,0.0029411764705882353,0.5714285714285714,0.004555808656036446,0.00903954802259887
-0.5946884274962724,4,4,874,1016,0.004555808656036446,0.00392156862745098,0.5,0.004555808656036446,0.009029345372460496
-0.5926591191477621,5,4,873,1016,0.0056947608200455585,0.00392156862745098,0.5555555555555556,0.0056947608200455585,0.011273957158962795
-0.5924015735530028,5,5,873,1015,0.0056947608200455585,0.004901960784313725,0.5,0.0056947608200455585,0.01126126126126126
-0.5920912167741399,5,6,873,1014,0.0056947608200455585,0.0058823529411764705,0.45454545454545453,0.0056947608200455585,0.011248593925759281
-0.5916946995761385,5,7,873,1013,0.0056947608200455585,0.006862745098039216,0.4166666666666667,0.0056947608200455585,0.011235955056179775
-0.591015892018487,5,8,873,1012,0.0056947608200455585,0.00784313725490196,0.38461538461538464,0.0056947608200455585,0.011223344556677891
-0.590821009640753,6,8,872,1012,0.00683371298405467,0.00784313725490196,0.42857142857142855,0.00683371298405467,0.013452914798206277
-0.5892570646112604,6,9,872,1011,0.00683371298405467,0.008823529411764706,0.4,0.00683371298405467,0.01343784994400896
-0.5864387234327474,6,10,872,1010,0.00683371298405467,0.00980392156862745,0.375,0.00683371298405467,0.013422818791946308
-0.5818774389360506,7,10,871,1010,0.007972665148063782,0.00980392156862745,0.4117647058823529,0.007972665148063782,0.01564245810055866
-0.5813750603371708,8,10,870,1010,0.009111617312072893,0.00980392156862745,0.4444444444444444,0.009111617312072893,0.017857142857142856
-0.5800658557956647,8,11,870,1009,0.009111617312072893,0.010784313725490196,0.42105263157894735,0.009111617312072893,0.017837235228539576
-0.5793690080014671,9,11,869,1009,0.010250569476082005,0.010784313725490196,0.45,0.010250569476082005,0.0200445434298441
-0.5743862064889188,10,11,868,1009,0.011389521640091117,0.010784313725490196,0.47619047619047616,0.011389521640091117,0.022246941045606233
-0.5732587997381628,10,12,868,1008,0.011389521640091117,0.011764705882352941,0.45454545454545453,0.011389521640091117,0.022222222222222223
-0.5726867396286598,10,13,868,1007,0.011389521640091117,0.012745098039215686,0.43478260869565216,0.011389521640091117,0.022197558268590458
-0.5708726644404764,10,14,868,1006,0.011389521640091117,0.013725490196078431,0.4166666666666667,0.011389521640091117,0.022172949002217297
-0.5697343937112488,11,14,867,1006,0.012528473804100227,0.013725490196078431,0.44,0.012528473804100227,0.024363233665559248
-0.569175212234324,11,15,867,1005,0.012528473804100227,0.014705882352941176,0.4230769230769231,0.012528473804100227,0.024336283185840708
-0.5671634697428121,12,15,866,1005,0.01366742596810934,0.014705882352941176,0.4444444444444444,0.01366742596810934,0.026519337016574586
-0.5632912642156779,12,16,866,1004,0.01366742596810934,0.01568627450980392,0.42857142857142855,0.01366742596810934,0.026490066225165563
-0.562444221750823,12,17,866,1003,0.01366742596810934,0.016666666666666666,0.41379310344827586,0.01366742596810934,0.026460859977949284
-0.5622028836208685,12,18,866,1002,0.01366742596810934,0.01764705882352941,0.4,0.01366742596810934,0.02643171806167401
-0.5619969227311674,12,19,866,1001,0.01366742596810934,0.018627450980392157,0.3870967741935484,0.01366742596810934,0.026402640264026406
-0.5614545144468258,12,20,866,1000,0.01366742596810934,0.0196078431372549,0.375,0.01366742596810934,0.026373626373626374
-0.5581714090733083,13,20,865,1000,0.014806378132118452,0.0196078431372549,0.3939393939393939,0.014806378132118452,0.02854006586169045
-0.557691637191986,13,21,865,999,0.014806378132118452,0.020588235294117647,0.38235294117647056,0.014806378132118452,0.028508771929824563
-0.5559658738667436,14,21,864,999,0.015945330296127564,0.020588235294117647,0.4,0.015945330296127564,0.030668127053669225
-0.5556220562952162,15,21,863,999,0.017084282460136675,0.020588235294117647,0.4166666666666667,0.017084282460136675,0.03282275711159738
-0.5550367767087374,15,22,863,998,0.017084282460136675,0.021568627450980392,0.40540540540540543,0.017084282460136675,0.03278688524590164
-0.5549853733949877,15,23,863,997,0.017084282460136675,0.022549019607843137,0.39473684210526316,0.017084282460136675,0.03275109170305677
-0.5521189773607615,16,23,862,997,0.018223234624145785,0.022549019607843137,0.41025641025641024,0.018223234624145785,0.03489640130861505
-0.5511188441174382,17,23,861,997,0.0193621867881549,0.022549019607843137,0.425,0.0193621867881549,0.03703703703703704
-0.55073170609358,17,24,861,996,0.0193621867881549,0.023529411764705882,0.4146341463414634,0.0193621867881549,0.03699673558215452
-0.5507299497217243,17,25,861,995,0.0193621867881549,0.024509803921568627,0.40476190476190477,0.0193621867881549,0.036956521739130443
-0.5500213480634814,18,25,860,995,0.02050113895216401,0.024509803921568627,0.4186046511627907,0.02050113895216401,0.03908794788273616
-0.5493167511696307,19,25,859,995,0.02164009111617312,0.024509803921568627,0.4318181818181818,0.02164009111617312,0.04121475054229935
-0.5487998303195796,19,26,859,994,0.02164009111617312,0.025490196078431372,0.4222222222222222,0.02164009111617312,0.041170097508125676
-0.5484247212054457,20,26,858,994,0.022779043280182234,0.025490196078431372,0.43478260869565216,0.022779043280182234,0.043290043290043295
-0.5480650111329916,21,26,857,994,0.023917995444191344,0.025490196078431372,0.44680851063829785,0.023917995444191344,0.04540540540540541
-0.5473081775077079,22,26,856,994,0.025056947608200455,0.025490196078431372,0.4583333333333333,0.025056947608200455,0.04751619870410367
-0.5468696107936023,23,26,855,994,0.02619589977220957,0.025490196078431372,0.46938775510204084,0.02619589977220957,0.049622437971952545
-0.5466193802089591,23,27,855,993,0.02619589977220957,0.026470588235294117,0.46,0.02619589977220957,0.04956896551724139
-0.5451736693936677,24,27,854,993,0.02733485193621868,0.026470588235294117,0.47058823529411764,0.02733485193621868,0.051668460710441344
-0.5435695523046693,24,28,854,992,0.02733485193621868,0.027450980392156862,0.46153846153846156,0.02733485193621868,0.05161290322580645
-0.5414642121797059,24,29,854,991,0.02733485193621868,0.028431372549019607,0.4528301886792453,0.02733485193621868,0.05155746509129968
-0.5398361720324608,25,29,853,991,0.02847380410022779,0.028431372549019607,0.46296296296296297,0.02847380410022779,0.0536480686695279
-0.5397310179515776,25,30,853,990,0.02847380410022779,0.029411764705882353,0.45454545454545453,0.02847380410022779,0.05359056806002144
-0.539338751368459,26,30,852,990,0.029612756264236904,0.029411764705882353,0.4642857142857143,0.029612756264236904,0.055674518201284794
-0.5388387130607908,26,31,852,989,0.029612756264236904,0.030392156862745098,0.45614035087719296,0.029612756264236904,0.05561497326203209
-0.5377003499768321,27,31,851,989,0.030751708428246014,0.030392156862745098,0.46551724137931033,0.030751708428246014,0.05769230769230769
-0.5376181761119473,27,32,851,988,0.030751708428246014,0.03137254901960784,0.4576271186440678,0.030751708428246014,0.05763073639274279
-0.536462430645645,28,32,850,988,0.03189066059225513,0.03137254901960784,0.4666666666666667,0.03189066059225513,0.05970149253731344
-0.5358418600452828,28,33,850,987,0.03189066059225513,0.03235294117647059,0.45901639344262296,0.03189066059225513,0.059637912673056445
-0.5356707149823358,29,33,849,987,0.03302961275626424,0.03235294117647059,0.46774193548387094,0.03302961275626424,0.061702127659574474
-0.5341403597515109,29,34,849,986,0.03302961275626424,0.03333333333333333,0.4603174603174603,0.03302961275626424,0.0616365568544102
-0.5332185593350146,30,34,848,986,0.03416856492027335,0.03333333333333333,0.46875,0.03416856492027335,0.06369426751592358
-0.5328559669741614,30,35,848,985,0.03416856492027335,0.03431372549019608,0.46153846153846156,0.03416856492027335,0.06362672322375397
-0.532216890252518,31,35,847,985,0.03530751708428246,0.03431372549019608,0.4696969696969697,0.03530751708428246,0.0656779661016949
-0.5322132972207837,31,36,847,984,0.03530751708428246,0.03529411764705882,0.4626865671641791,0.03530751708428246,0.0656084656084656
-0.5318836335833415,31,37,847,983,0.03530751708428246,0.03627450980392157,0.45588235294117646,0.03530751708428246,0.06553911205073995
-0.531495024156397,32,37,846,983,0.03644646924829157,0.03627450980392157,0.463768115942029,0.03644646924829157,0.0675818373812038
-0.5313464918763519,32,38,846,982,0.03644646924829157,0.03725490196078431,0.45714285714285713,0.03644646924829157,0.06751054852320675
-0.5311678721858412,33,38,845,982,0.03758542141230068,0.03725490196078431,0.4647887323943662,0.03758542141230068,0.06954689146469968
-0.5302881911851344,33,39,845,981,0.03758542141230068,0.03823529411764706,0.4583333333333333,0.03758542141230068,0.0694736842105263
-0.5302875200169596,34,39,844,981,0.0387243735763098,0.03823529411764706,0.4657534246575342,0.0387243735763098,0.07150368033648792
-0.529707338984339,34,40,844,980,0.0387243735763098,0.0392156862745098,0.4594594594594595,0.0387243735763098,0.07142857142857142
-0.5296115580884959,35,40,843,980,0.03986332574031891,0.0392156862745098,0.4666666666666667,0.03986332574031891,0.07345225603357818
-0.5294615975068878,35,41,843,979,0.03986332574031891,0.04019607843137255,0.4605263157894737,0.03986332574031891,0.07337526205450734
-0.5293237362031062,36,41,842,979,0.04100227790432802,0.04019607843137255,0.4675324675324675,0.04100227790432802,0.07539267015706806
-0.528973168572908,36,42,842,978,0.04100227790432802,0.041176470588235294,0.46153846153846156,0.04100227790432802,0.07531380753138077
-0.5287843778167717,37,42,841,978,0.04214123006833713,0.041176470588235294,0.46835443037974683,0.04214123006833713,0.07732497387669801
-0.5285782262548303,38,42,840,978,0.04328018223234624,0.041176470588235294,0.475,0.04328018223234624,0.07933194154488518
-0.5284438486811248,38,43,840,977,0.04328018223234624,0.04215686274509804,0.4691358024691358,0.04328018223234624,0.07924921793534932
-0.5284201119089106,39,43,839,977,0.04441913439635535,0.04215686274509804,0.47560975609756095,0.04441913439635535,0.08124999999999999
-0.5279162085541863,39,44,839,976,0.04441913439635535,0.043137254901960784,0.46987951807228917,0.04441913439635535,0.08116545265348596
-0.5273733051410248,39,45,839,975,0.04441913439635535,0.04411764705882353,0.4642857142857143,0.04441913439635535,0.08108108108108107
-0.5265526352365993,40,45,838,975,0.04555808656036447,0.04411764705882353,0.47058823529411764,0.04555808656036447,0.08307372793354102
-0.5243109205375103,41,45,837,975,0.04669703872437358,0.04411764705882353,0.47674418604651164,0.04669703872437358,0.08506224066390042
-0.5236500761325898,42,45,836,975,0.04783599088838269,0.04411764705882353,0.4827586206896552,0.04783599088838269,0.08704663212435233
-0.522116609631517,43,45,835,975,0.0489749430523918,0.04411764705882353,0.48863636363636365,0.0489749430523918,0.08902691511387163
-0.5218735553831241,44,45,834,975,0.05011389521640091,0.04411764705882353,0.4943820224719101,0.05011389521640091,0.09100310237849019
-0.5215596521615851,45,45,833,975,0.05125284738041002,0.04411764705882353,0.5,0.05125284738041002,0.09297520661157024
-0.5207498002779163,45,46,833,974,0.05125284738041002,0.045098039215686274,0.4945054945054945,0.05125284738041002,0.09287925696594426
-0.5207094137493042,46,46,832,974,0.05239179954441914,0.045098039215686274,0.5,0.05239179954441914,0.09484536082474226
-0.520584735121882,46,47,832,973,0.05239179954441914,0.04607843137254902,0.4946236559139785,0.05239179954441914,0.09474768280123584
-0.520046337257759,47,47,831,973,0.05353075170842825,0.04607843137254902,0.5,0.05353075170842825,0.09670781893004116
-0.5196507740256849,47,48,831,972,0.05353075170842825,0.047058823529411764,0.49473684210526314,0.05353075170842825,0.09660842754367933
-0.519272443072667,47,49,831,971,0.05353075170842825,0.04803921568627451,0.4895833333333333,0.05353075170842825,0.09650924024640657
-0.518727112901843,47,50,831,970,0.05353075170842825,0.049019607843137254,0.4845360824742268,0.05353075170842825,0.09641025641025641
-0.5181292138641469,47,51,831,969,0.05353075170842825,0.05,0.47959183673469385,0.05353075170842825,0.09631147540983608
-0.5178823527791885,48,51,830,969,0.05466970387243736,0.05,0.48484848484848486,0.05466970387243736,0.09825997952917094
-0.5177880705518791,49,51,829,969,0.05580865603644647,0.05,0.49,0.05580865603644647,0.10020449897750511
-0.5173552341658267,49,52,829,968,0.05580865603644647,0.050980392156862744,0.48514851485148514,0.05580865603644647,0.10010214504596528
-0.5172066020620116,49,53,829,967,0.05580865603644647,0.05196078431372549,0.4803921568627451,0.05580865603644647,0.1
-0.5161772360012976,49,54,829,966,0.05580865603644647,0.052941176470588235,0.47572815533980584,0.05580865603644647,0.0998980632008155
-0.5158907690758765,50,54,828,966,0.05694760820045558,0.052941176470588235,0.4807692307692308,0.05694760820045558,0.10183299389002037
-0.5155304410893841,51,54,827,966,0.05808656036446469,0.052941176470588235,0.4857142857142857,0.05808656036446469,0.103763987792472
-0.5152797518141073,51,55,827,965,0.05808656036446469,0.05392156862745098,0.4811320754716981,0.05808656036446469,0.10365853658536585
-0.5145829400997242,52,55,826,965,0.05922551252847381,0.05392156862745098,0.48598130841121495,0.05922551252847381,0.10558375634517768
-0.5137061142965177,53,55,825,965,0.06036446469248292,0.05392156862745098,0.49074074074074076,0.06036446469248292,0.1075050709939148
-0.5133654618034627,53,56,825,964,0.06036446469248292,0.054901960784313725,0.48623853211009177,0.06036446469248292,0.10739614994934144
-0.5132997133172059,54,56,824,964,0.06150341685649203,0.054901960784313725,0.4909090909090909,0.06150341685649203,0.10931174089068826
-0.5123219454188731,54,57,824,963,0.06150341685649203,0.05588235294117647,0.4864864864864865,0.06150341685649203,0.10920121334681496
-0.5122947953277827,54,58,824,962,0.06150341685649203,0.056862745098039215,0.48214285714285715,0.06150341685649203,0.10909090909090909
-0.5120290682484447,54,59,824,961,0.06150341685649203,0.05784313725490196,0.4778761061946903,0.06150341685649203,0.10898082744702321
-0.5117406226354868,55,59,823,961,0.06264236902050115,0.05784313725490196,0.4824561403508772,0.06264236902050115,0.11088709677419355
-0.511340627765778,55,60,823,960,0.06264236902050115,0.058823529411764705,0.4782608695652174,0.06264236902050115,0.11077542799597183
-0.5108327891532991,55,61,823,959,0.06264236902050115,0.059803921568627454,0.47413793103448276,0.06264236902050115,0.11066398390342054
-0.5103912137079394,56,61,822,959,0.06378132118451026,0.059803921568627454,0.47863247863247865,0.06378132118451026,0.11256281407035178
-0.5094893937100958,56,62,822,958,0.06378132118451026,0.060784313725490195,0.4745762711864407,0.06378132118451026,0.11244979919678716
-0.5080341757069139,56,63,822,957,0.06378132118451026,0.061764705882352944,0.47058823529411764,0.06378132118451026,0.1123370110330993
-0.5070164782541843,56,64,822,956,0.06378132118451026,0.06274509803921569,0.4666666666666667,0.06378132118451026,0.11222444889779559
-0.5063009030268242,57,64,821,956,0.06492027334851937,0.06274509803921569,0.47107438016528924,0.06492027334851937,0.11411411411411412
-0.5051322607435049,58,64,820,956,0.06605922551252848,0.06274509803921569,0.47540983606557374,0.06605922551252848,0.116
-0.5051079092448552,58,65,820,955,0.06605922551252848,0.06372549019607843,0.4715447154471545,0.06605922551252848,0.11588411588411587
-0.5035864814970343,58,66,820,954,0.06605922551252848,0.06470588235294118,0.46774193548387094,0.06605922551252848,0.1157684630738523
-0.5032187698636895,59,66,819,954,0.06719817767653759,0.06470588235294118,0.472,0.06719817767653759,0.11764705882352942
-0.5029969586769437,60,66,818,954,0.0683371298405467,0.06470588235294118,0.47619047619047616,0.0683371298405467,0.1195219123505976
-0.5029101689585534,60,67,818,953,0.0683371298405467,0.06568627450980392,0.47244094488188976,0.0683371298405467,0.11940298507462686
-0.5016825934571897,60,68,818,952,0.0683371298405467,0.06666666666666667,0.46875,0.0683371298405467,0.11928429423459244
-0.5015273629023294,61,68,817,952,0.06947608200455581,0.06666666666666667,0.4728682170542636,0.06947608200455581,0.12115193644488578
-0.49988068411006353,62,68,816,952,0.07061503416856492,0.06666666666666667,0.47692307692307695,0.07061503416856492,0.12301587301587302
-0.4994680232726425,62,69,816,951,0.07061503416856492,0.06764705882352941,0.4732824427480916,0.07061503416856492,0.12289395441030722
-0.4989609677174766,62,70,816,950,0.07061503416856492,0.06862745098039216,0.4696969696969697,0.07061503416856492,0.12277227722772276
-0.4986637844806377,63,70,815,950,0.07175398633257403,0.06862745098039216,0.47368421052631576,0.07175398633257403,0.12462908011869435
-0.4985347418836942,64,70,814,950,0.07289293849658314,0.06862745098039216,0.47761194029850745,0.07289293849658314,0.12648221343873517
-0.4982139678154137,64,71,814,949,0.07289293849658314,0.0696078431372549,0.4740740740740741,0.07289293849658314,0.1263573543928924
-0.4978912646983578,65,71,813,949,0.07403189066059225,0.0696078431372549,0.47794117647058826,0.07403189066059225,0.1282051282051282
-0.4971076066589288,66,71,812,949,0.07517084282460136,0.0696078431372549,0.48175182481751827,0.07517084282460136,0.13004926108374384
-0.4963582682246479,66,72,812,948,0.07517084282460136,0.07058823529411765,0.4782608695652174,0.07517084282460136,0.12992125984251968
-0.49618327999695755,66,73,812,947,0.07517084282460136,0.07156862745098039,0.4748201438848921,0.07517084282460136,0.12979351032448377
-0.49595583791441916,67,73,811,947,0.07630979498861047,0.07156862745098039,0.4785714285714286,0.07630979498861047,0.1316306483300589
-0.4957409109421451,68,73,810,947,0.0774487471526196,0.07156862745098039,0.48226950354609927,0.0774487471526196,0.1334641805691855
-0.4956934993816107,69,73,809,947,0.0785876993166287,0.07156862745098039,0.4859154929577465,0.0785876993166287,0.13529411764705881
-0.4955857163215139,69,74,809,946,0.0785876993166287,0.07254901960784314,0.4825174825174825,0.0785876993166287,0.13516160626836438
-0.4954465149204295,70,74,808,946,0.07972665148063782,0.07254901960784314,0.4861111111111111,0.07972665148063782,0.13698630136986303
-0.4954301766824801,71,74,807,946,0.08086560364464693,0.07254901960784314,0.4896551724137931,0.08086560364464693,0.1388074291300098
-0.4953419753324761,71,75,807,945,0.08086560364464693,0.07352941176470588,0.4863013698630137,0.08086560364464693,0.138671875
-0.4949856028003305,71,76,807,944,0.08086560364464693,0.07450980392156863,0.48299319727891155,0.08086560364464693,0.13853658536585367
-0.4942504250505558,71,77,807,943,0.08086560364464693,0.07549019607843137,0.4797297297297297,0.08086560364464693,0.13840155945419105
-0.4942216457856844,72,77,806,943,0.08200455580865604,0.07549019607843137,0.48322147651006714,0.08200455580865604,0.14021421616358326
-0.4936854378261434,73,77,805,943,0.08314350797266515,0.07549019607843137,0.4866666666666667,0.08314350797266515,0.14202334630350194
-0.4936809475091344,73,78,805,942,0.08314350797266515,0.07647058823529412,0.48344370860927155,0.08314350797266515,0.14188532555879496
-0.49363263380564654,73,79,805,941,0.08314350797266515,0.07745098039215687,0.48026315789473684,0.08314350797266515,0.141747572815534
-0.49362883974466243,74,79,804,941,0.08428246013667426,0.07745098039215687,0.48366013071895425,0.08428246013667426,0.14354995150339478
-0.49358199782173806,74,80,804,940,0.08428246013667426,0.0784313725490196,0.4805194805194805,0.08428246013667426,0.1434108527131783
-0.4926225554134134,74,81,804,939,0.08428246013667426,0.07941176470588235,0.4774193548387097,0.08428246013667426,0.14327202323330104
-0.4925315812413084,75,81,803,939,0.08542141230068337,0.07941176470588235,0.4807692307692308,0.08542141230068337,0.1450676982591876
-0.4922953791952376,75,82,803,938,0.08542141230068337,0.0803921568627451,0.47770700636942676,0.08542141230068337,0.14492753623188406
-0.4918719647735441,76,82,802,938,0.08656036446469248,0.0803921568627451,0.4810126582278481,0.08656036446469248,0.1467181467181467
-0.4905061365303369,77,82,801,938,0.08769931662870159,0.0803921568627451,0.48427672955974843,0.08769931662870159,0.1485053037608486
-0.4898385998310895,78,82,800,938,0.0888382687927107,0.0803921568627451,0.4875,0.0888382687927107,0.15028901734104047
-0.4890150616583326,78,83,800,937,0.0888382687927107,0.08137254901960785,0.484472049689441,0.0888382687927107,0.1501443695861405
-0.4890031773154119,79,83,799,937,0.08997722095671981,0.08137254901960785,0.4876543209876543,0.08997722095671981,0.1519230769230769
-0.48870905853696345,79,84,799,936,0.08997722095671981,0.08235294117647059,0.48466257668711654,0.08997722095671981,0.15177713736791545
-0.48863807029789935,79,85,799,935,0.08997722095671981,0.08333333333333333,0.4817073170731707,0.08997722095671981,0.15163147792706336
-0.4880731859460855,80,85,798,935,0.09111617312072894,0.08333333333333333,0.48484848484848486,0.09111617312072894,0.15340364333652926
-0.48805206349743285,81,85,797,935,0.09225512528473805,0.08333333333333333,0.4879518072289157,0.09225512528473805,0.15517241379310345
-0.4879767031398633,81,86,797,934,0.09225512528473805,0.08431372549019608,0.48502994011976047,0.09225512528473805,0.15502392344497606
-0.4868579845636008,82,86,796,934,0.09339407744874716,0.08431372549019608,0.4880952380952381,0.09339407744874716,0.15678776290630975
-0.4865477227390552,82,87,796,933,0.09339407744874716,0.08529411764705883,0.48520710059171596,0.09339407744874716,0.15663801337153774
-0.48446715296671916,82,88,796,932,0.09339407744874716,0.08627450980392157,0.4823529411764706,0.09339407744874716,0.15648854961832062
-0.4838816903419949,82,89,796,931,0.09339407744874716,0.08725490196078431,0.47953216374269003,0.09339407744874716,0.1563393708293613
-0.4834342614066665,82,90,796,930,0.09339407744874716,0.08823529411764706,0.47674418604651164,0.09339407744874716,0.1561904761904762
-0.4833395691735597,82,91,796,929,0.09339407744874716,0.0892156862745098,0.47398843930635837,0.09339407744874716,0.1560418648905804
-0.48295764022185733,83,91,795,929,0.09453302961275627,0.0892156862745098,0.47701149425287354,0.09453302961275627,0.15779467680608367
-0.4813190916317196,84,91,794,929,0.09567198177676538,0.0892156862745098,0.48,0.09567198177676538,0.15954415954415954
-0.4804663692407825,85,91,793,929,0.09681093394077449,0.0892156862745098,0.48295454545454547,0.09681093394077449,0.16129032258064516
-0.4798485987868157,86,91,792,929,0.0979498861047836,0.0892156862745098,0.4858757062146893,0.0979498861047836,0.16303317535545025
-0.4789966101468941,86,92,792,928,0.0979498861047836,0.09019607843137255,0.48314606741573035,0.0979498861047836,0.1628787878787879
-0.4780967729588328,87,92,791,928,0.09908883826879271,0.09019607843137255,0.4860335195530726,0.09908883826879271,0.16461684011352884
-0.4778042838352213,87,93,791,927,0.09908883826879271,0.09117647058823529,0.48333333333333334,0.09908883826879271,0.16446124763705106
-0.4765099080430762,87,94,791,926,0.09908883826879271,0.09215686274509804,0.48066298342541436,0.09908883826879271,0.16430594900849857
-0.4764827130796752,87,95,791,925,0.09908883826879271,0.09313725490196079,0.47802197802197804,0.09908883826879271,0.1641509433962264
-0.476442471273066,88,95,790,925,0.10022779043280182,0.09313725490196079,0.4808743169398907,0.10022779043280182,0.1658812441093308
-0.47596767658917016,89,95,789,925,0.10136674259681093,0.09313725490196079,0.483695652173913,0.10136674259681093,0.16760828625235402
-0.47573956406388995,89,96,789,924,0.10136674259681093,0.09411764705882353,0.4810810810810811,0.10136674259681093,0.167450611476952
-0.4755488181953143,90,96,788,924,0.10250569476082004,0.09411764705882353,0.4838709677419355,0.10250569476082004,0.16917293233082706
-0.47469627616586624,90,97,788,923,0.10250569476082004,0.09509803921568627,0.48128342245989303,0.10250569476082004,0.16901408450704225
-0.4746806420174224,90,98,788,922,0.10250569476082004,0.09607843137254903,0.4787234042553192,0.10250569476082004,0.16885553470919326
-0.47442373546281624,90,99,788,921,0.10250569476082004,0.09705882352941177,0.47619047619047616,0.10250569476082004,0.16869728209934393
-0.47423043923047914,91,99,787,921,0.10364464692482915,0.09705882352941177,0.4789473684210526,0.10364464692482915,0.1704119850187266
-0.47391502975147376,92,99,786,921,0.10478359908883828,0.09705882352941177,0.4816753926701571,0.10478359908883828,0.1721234798877456
-0.4738616468951481,93,99,785,921,0.10592255125284739,0.09705882352941177,0.484375,0.10592255125284739,0.17383177570093455
-0.4728454258755624,94,99,784,921,0.1070615034168565,0.09705882352941177,0.48704663212435234,0.1070615034168565,0.17553688141923438
-0.4720784854667406,95,99,783,921,0.1082004555808656,0.09705882352941177,0.4896907216494845,0.1082004555808656,0.17723880597014924
-0.47195960586723795,95,100,783,920,0.1082004555808656,0.09803921568627451,0.48717948717948717,0.1082004555808656,0.17707362534948742
-0.47175838918266644,95,101,783,919,0.1082004555808656,0.09901960784313725,0.4846938775510204,0.1082004555808656,0.17690875232774675
-0.4717459325112037,95,102,783,918,0.1082004555808656,0.1,0.48223350253807107,0.1082004555808656,0.17674418604651165
-0.47090507343610044,96,102,782,918,0.10933940774487472,0.1,0.48484848484848486,0.10933940774487472,0.17843866171003717
-0.4708742915445823,97,102,781,918,0.11047835990888383,0.1,0.48743718592964824,0.11047835990888383,0.18012999071494892
-0.47051965959458586,97,103,781,917,0.11047835990888383,0.10098039215686275,0.485,0.11047835990888383,0.17996289424860853
-0.4704986567643457,98,103,780,917,0.11161731207289294,0.10098039215686275,0.48756218905472637,0.11161731207289294,0.18164967562557924
-0.470489737505722,99,103,779,917,0.11275626423690205,0.10098039215686275,0.4900990099009901,0.11275626423690205,0.18333333333333335
-0.4702773424645444,100,103,778,917,0.11389521640091116,0.10098039215686275,0.49261083743842365,0.11389521640091116,0.18501387604070307
-0.4690968154142668,100,104,778,916,0.11389521640091116,0.10196078431372549,0.49019607843137253,0.11389521640091116,0.1848428835489834
-0.46888309844695486,100,105,778,915,0.11389521640091116,0.10294117647058823,0.4878048780487805,0.11389521640091116,0.18467220683287164
-0.4686338742551099,101,105,777,915,0.11503416856492027,0.10294117647058823,0.49029126213592233,0.11503416856492027,0.18634686346863466
-0.4682733698537507,102,105,776,915,0.11617312072892938,0.10294117647058823,0.4927536231884058,0.11617312072892938,0.1880184331797235
-0.46815992664503503,102,106,776,914,0.11617312072892938,0.10392156862745099,0.49038461538461536,0.11617312072892938,0.1878453038674033
-0.46779073604826393,102,107,776,913,0.11617312072892938,0.10490196078431373,0.4880382775119617,0.11617312072892938,0.18767249310027598
-0.46761351568145393,103,107,775,913,0.11731207289293849,0.10490196078431373,0.49047619047619045,0.11731207289293849,0.18933823529411764
-0.4673692341955237,104,107,774,913,0.11845102505694761,0.10490196078431373,0.4928909952606635,0.11845102505694761,0.19100091827364557
-0.467332066268604,104,108,774,912,0.11845102505694761,0.10588235294117647,0.49056603773584906,0.11845102505694761,0.1908256880733945
-0.46656841647233477,104,109,774,911,0.11845102505694761,0.10686274509803921,0.48826291079812206,0.11845102505694761,0.19065077910174152
-0.4663552152131343,105,109,773,911,0.11958997722095673,0.10686274509803921,0.49065420560747663,0.11958997722095673,0.1923076923076923
-0.46631459139085724,105,110,773,910,0.11958997722095673,0.10784313725490197,0.4883720930232558,0.11958997722095673,0.192131747483989
-0.4662798436709622,105,111,773,909,0.11958997722095673,0.10882352941176471,0.4861111111111111,0.11958997722095673,0.19195612431444242
-0.46626892248435664,106,111,772,909,0.12072892938496584,0.10882352941176471,0.48847926267281105,0.12072892938496584,0.19360730593607306
-0.4658844030103574,106,112,772,908,0.12072892938496584,0.10980392156862745,0.48623853211009177,0.12072892938496584,0.19343065693430656
-0.4655219300236775,106,113,772,907,0.12072892938496584,0.11078431372549019,0.4840182648401826,0.12072892938496584,0.19325432999088424
-0.4653499947137089,107,113,771,907,0.12186788154897495,0.11078431372549019,0.4863636363636364,0.12186788154897495,0.19489981785063754
-0.4652763736660683,107,114,771,906,0.12186788154897495,0.11176470588235295,0.4841628959276018,0.12186788154897495,0.19472247497725206
-0.4651671309005684,108,114,770,906,0.12300683371298406,0.11176470588235295,0.4864864864864865,0.12300683371298406,0.19636363636363635
-0.46478537623137434,109,114,769,906,0.12414578587699317,0.11176470588235295,0.48878923766816146,0.12414578587699317,0.1980018165304269
-0.4641266398146902,110,114,768,906,0.1252847380410023,0.11176470588235295,0.49107142857142855,0.1252847380410023,0.1996370235934664
-0.46346402836734957,110,115,768,905,0.1252847380410023,0.11274509803921569,0.4888888888888889,0.1252847380410023,0.19945602901178605
-0.46326155127109936,110,116,768,904,0.1252847380410023,0.11372549019607843,0.48672566371681414,0.1252847380410023,0.1992753623188406
-0.4631479343861706,110,117,768,903,0.1252847380410023,0.11470588235294117,0.4845814977973568,0.1252847380410023,0.19909502262443443
-0.46264909297514045,110,118,768,902,0.1252847380410023,0.11568627450980393,0.4824561403508772,0.1252847380410023,0.19891500904159132
-0.4624229907623803,110,119,768,901,0.1252847380410023,0.11666666666666667,0.48034934497816595,0.1252847380410023,0.19873532068654023
-0.4620777843188627,111,119,767,901,0.1264236902050114,0.11666666666666667,0.4826086956521739,0.1264236902050114,0.2003610108303249
-0.46165356669581875,111,120,767,900,0.1264236902050114,0.11764705882352941,0.4805194805194805,0.1264236902050114,0.20018034265103699
-0.46145872163467655,112,120,766,900,0.1275626423690205,0.11764705882352941,0.4827586206896552,0.1275626423690205,0.2018018018018018
-0.4613267864831799,113,120,765,900,0.12870159453302962,0.11764705882352941,0.48497854077253216,0.12870159453302962,0.20342034203420345
-0.4607058924157365,113,121,765,899,0.12870159453302962,0.11862745098039215,0.4829059829059829,0.12870159453302962,0.20323741007194246
-0.4605679655966276,114,121,764,899,0.12984054669703873,0.11862745098039215,0.4851063829787234,0.12984054669703873,0.20485175202156333
-0.4603800319815878,115,121,763,899,0.13097949886104784,0.11862745098039215,0.4872881355932203,0.13097949886104784,0.2064631956912029
-0.4603069686784387,115,122,763,898,0.13097949886104784,0.11960784313725491,0.48523206751054854,0.13097949886104784,0.20627802690582964
-0.4602311476590464,116,122,762,898,0.13211845102505695,0.11960784313725491,0.48739495798319327,0.13211845102505695,0.2078853046594982
-0.46012731661366235,116,123,762,897,0.13211845102505695,0.12058823529411765,0.48535564853556484,0.13211845102505695,0.20769919427036707
-0.45958764551249653,117,123,761,897,0.13325740318906606,0.12058823529411765,0.4875,0.13325740318906606,0.20930232558139536
-0.4592703980365878,117,124,761,896,0.13325740318906606,0.12156862745098039,0.4854771784232365,0.13325740318906606,0.2091152815013405
-0.45901456406381425,117,125,761,895,0.13325740318906606,0.12254901960784313,0.4834710743801653,0.13325740318906606,0.20892857142857146
-0.45894397206644977,118,125,760,895,0.13439635535307518,0.12254901960784313,0.48559670781893005,0.13439635535307518,0.2105263157894737
-0.4588204615927817,119,125,759,895,0.13553530751708429,0.12254901960784313,0.48770491803278687,0.13553530751708429,0.21212121212121215
-0.4588087786999316,119,126,759,894,0.13553530751708429,0.12352941176470589,0.4857142857142857,0.13553530751708429,0.21193232413178986
-0.45815896715743676,119,127,759,893,0.13553530751708429,0.12450980392156863,0.483739837398374,0.13553530751708429,0.2117437722419929
-0.4578640088850317,119,128,759,892,0.13553530751708429,0.12549019607843137,0.4817813765182186,0.13553530751708429,0.21155555555555555
-0.4577092426891336,120,128,758,892,0.1366742596810934,0.12549019607843137,0.4838709677419355,0.1366742596810934,0.21314387211367677
-0.457652085467777,121,128,757,892,0.1378132118451025,0.12549019607843137,0.4859437751004016,0.1378132118451025,0.21472937000887315
-0.4575751085364494,121,129,757,891,0.1378132118451025,0.1264705882352941,0.484,0.1378132118451025,0.21453900709219856
-0.4573966812195832,121,130,757,890,0.1378132118451025,0.12745098039215685,0.4820717131474104,0.1378132118451025,0.21434898139946854
-0.45733312274500015,121,131,757,889,0.1378132118451025,0.1284313725490196,0.4801587301587302,0.1378132118451025,0.21415929203539824
-0.45670013938674847,121,132,757,888,0.1378132118451025,0.12941176470588237,0.4782608695652174,0.1378132118451025,0.21396993810786916
-0.4556226925715023,121,133,757,887,0.1378132118451025,0.1303921568627451,0.4763779527559055,0.1378132118451025,0.2137809187279152
-0.45538428957020644,121,135,757,885,0.1378132118451025,0.1323529411764706,0.47265625,0.1378132118451025,0.2134038800705467
-0.45468111711008574,122,135,756,885,0.13895216400911162,0.1323529411764706,0.47470817120622566,0.13895216400911162,0.21497797356828197
-0.4542396538114119,122,136,756,884,0.13895216400911162,0.13333333333333333,0.4728682170542636,0.13895216400911162,0.21478873239436616
-0.4535548524561754,122,137,756,883,0.13895216400911162,0.13431372549019607,0.47104247104247104,0.13895216400911162,0.21459982409850484
-0.4535078838479508,122,138,756,882,0.13895216400911162,0.13529411764705881,0.46923076923076923,0.13895216400911162,0.21441124780316345
-0.4526607824131202,123,138,755,882,0.14009111617312073,0.13529411764705881,0.47126436781609193,0.14009111617312073,0.2159789288849868
-0.451862189751041,123,139,755,881,0.14009111617312073,0.13627450980392156,0.46946564885496184,0.14009111617312073,0.2157894736842105
-0.4517469104867508,124,139,754,881,0.14123006833712984,0.13627450980392156,0.4714828897338403,0.14123006833712984,0.21735319894829094
-0.4514121817773051,125,139,753,881,0.14236902050113895,0.13627450980392156,0.4734848484848485,0.14236902050113895,0.2189141856392294
-0.450886788136388,125,140,753,880,0.14236902050113895,0.13725490196078433,0.4716981132075472,0.14236902050113895,0.21872265966754154
-0.4506524147164664,125,141,753,879,0.14236902050113895,0.13823529411764707,0.4699248120300752,0.14236902050113895,0.21853146853146851
-0.4500969689055263,125,142,753,878,0.14236902050113895,0.1392156862745098,0.4681647940074906,0.14236902050113895,0.2183406113537118
-0.44949455150150025,126,142,752,878,0.14350797266514806,0.1392156862745098,0.4701492537313433,0.14350797266514806,0.21989528795811517
-0.44944844911202403,126,143,752,877,0.14350797266514806,0.14019607843137255,0.4684014869888476,0.14350797266514806,0.2197035745422842
-0.44919416225544756,126,144,752,876,0.14350797266514806,0.1411764705882353,0.4666666666666667,0.14350797266514806,0.21951219512195122
-0.4487449467585426,126,145,752,875,0.14350797266514806,0.14215686274509803,0.46494464944649444,0.14350797266514806,0.21932114882506526
-0.4481959511809653,126,146,752,874,0.14350797266514806,0.14313725490196078,0.4632352941176471,0.14350797266514806,0.2191304347826087
-0.4472991676418953,127,146,751,874,0.14464692482915717,0.14313725490196078,0.4652014652014652,0.14464692482915717,0.2206776715899218
-0.4465710941232021,128,146,750,874,0.14578587699316628,0.14313725490196078,0.46715328467153283,0.14578587699316628,0.2222222222222222
-0.4465193485992799,129,146,749,874,0.1469248291571754,0.14313725490196078,0.4690909090909091,0.1469248291571754,0.22376409366869035
-0.44648777032920284,129,147,749,873,0.1469248291571754,0.14411764705882352,0.4673913043478261,0.1469248291571754,0.22357019064124786
-0.4458446781926865,130,147,748,873,0.1480637813211845,0.14411764705882352,0.4693140794223827,0.1480637813211845,0.2251082251082251
-0.44576958026277713,130,148,748,872,0.1480637813211845,0.1450980392156863,0.4676258992805755,0.1480637813211845,0.22491349480968856
-0.44570527670561527,131,148,747,872,0.1492027334851936,0.1450980392156863,0.46953405017921146,0.1492027334851936,0.226447709593777
-0.44510748711431847,131,149,747,871,0.1492027334851936,0.14607843137254903,0.46785714285714286,0.1492027334851936,0.22625215889464592
-0.44395025564675444,132,149,746,871,0.15034168564920272,0.14607843137254903,0.4697508896797153,0.15034168564920272,0.22778257118205344
-0.4439342042190115,132,150,746,870,0.15034168564920272,0.14705882352941177,0.46808510638297873,0.15034168564920272,0.22758620689655173
-0.44361158823785823,132,151,746,869,0.15034168564920272,0.1480392156862745,0.4664310954063604,0.15034168564920272,0.22739018087855298
-0.44346406929018667,133,151,745,869,0.15148063781321183,0.1480392156862745,0.46830985915492956,0.15148063781321183,0.2289156626506024
-0.4434059762307845,133,152,745,868,0.15148063781321183,0.14901960784313725,0.4666666666666667,0.15148063781321183,0.2287188306104901
-0.44326365807085133,133,153,745,867,0.15148063781321183,0.15,0.46503496503496505,0.15148063781321183,0.22852233676975944
-0.4432392657375584,133,154,745,866,0.15148063781321183,0.15098039215686274,0.4634146341463415,0.15148063781321183,0.22832618025751072
-0.44308705646338475,133,155,745,865,0.15148063781321183,0.15196078431372548,0.4618055555555556,0.15148063781321183,0.22813036020583188
-0.4428860020578011,134,155,744,865,0.15261958997722094,0.15196078431372548,0.46366782006920415,0.15261958997722094,0.22964867180805484
-0.44279664472085617,135,155,743,865,0.15375854214123008,0.15196078431372548,0.46551724137931033,0.15375854214123008,0.23116438356164382
-0.4427843667283957,136,155,742,865,0.1548974943052392,0.15196078431372548,0.46735395189003437,0.1548974943052392,0.23267750213858002
-0.44235130343220086,137,155,741,865,0.1560364464692483,0.15196078431372548,0.4691780821917808,0.1560364464692483,0.23418803418803422
-0.441960624421183,137,156,741,864,0.1560364464692483,0.15294117647058825,0.46757679180887374,0.1560364464692483,0.23398804440649015
-0.44171640541023166,138,156,740,864,0.1571753986332574,0.15294117647058825,0.46938775510204084,0.1571753986332574,0.2354948805460751
-0.4414926360062642,139,156,739,864,0.15831435079726652,0.15294117647058825,0.4711864406779661,0.15831435079726652,0.23699914748508102
-0.4410294339565664,139,157,739,863,0.15831435079726652,0.153921568627451,0.46959459459459457,0.15831435079726652,0.23679727427597955
-0.44088015573100864,139,158,739,862,0.15831435079726652,0.15490196078431373,0.468013468013468,0.15831435079726652,0.23659574468085107
-0.4406663719128462,139,159,739,861,0.15831435079726652,0.15588235294117647,0.4664429530201342,0.15831435079726652,0.23639455782312924
-0.4405650844791417,139,160,739,860,0.15831435079726652,0.1568627450980392,0.46488294314381273,0.15831435079726652,0.23619371282922685
-0.44054836172367506,139,161,739,859,0.15831435079726652,0.15784313725490196,0.4633333333333333,0.15831435079726652,0.23599320882852293
-0.4405265684887206,140,161,738,859,0.15945330296127563,0.15784313725490196,0.46511627906976744,0.15945330296127563,0.2374893977947413
-0.4403031365993303,140,162,738,858,0.15945330296127563,0.1588235294117647,0.46357615894039733,0.15945330296127563,0.23728813559322035
-0.44014576738740757,141,162,737,858,0.16059225512528474,0.1588235294117647,0.46534653465346537,0.16059225512528474,0.2387806943268417
-0.4398032975904501,142,162,736,858,0.16173120728929385,0.1588235294117647,0.46710526315789475,0.16173120728929385,0.24027072758037227
-0.43966557419940805,142,163,736,857,0.16173120728929385,0.15980392156862744,0.46557377049180326,0.16173120728929385,0.24006762468300932
-0.43942153697674197,143,163,735,857,0.16287015945330297,0.15980392156862744,0.4673202614379085,0.16287015945330297,0.24155405405405406
-0.43924349337234314,143,164,735,856,0.16287015945330297,0.1607843137254902,0.46579804560260585,0.16287015945330297,0.24135021097046414
-0.43918699330581873,144,164,734,856,0.16400911161731208,0.1607843137254902,0.4675324675324675,0.16400911161731208,0.24283305227655988
-0.43886848269778916,144,165,734,855,0.16400911161731208,0.16176470588235295,0.46601941747572817,0.16400911161731208,0.24262847514743047
-0.43761793875833227,145,165,733,855,0.16514806378132119,0.16176470588235295,0.46774193548387094,0.16514806378132119,0.24410774410774408
-0.4375915753624431,145,166,733,854,0.16514806378132119,0.1627450980392157,0.4662379421221865,0.16514806378132119,0.24390243902439024
-0.4369868982966469,145,167,733,853,0.16514806378132119,0.16372549019607843,0.46474358974358976,0.16514806378132119,0.24369747899159663
-0.4369583315587321,145,168,733,852,0.16514806378132119,0.16470588235294117,0.46325878594249204,0.16514806378132119,0.2434928631402183
-0.43670683628649626,146,168,732,852,0.1662870159453303,0.16470588235294117,0.46496815286624205,0.1662870159453303,0.2449664429530201
-0.43653612479001347,146,169,732,851,0.1662870159453303,0.16568627450980392,0.4634920634920635,0.1662870159453303,0.24476110645431684
-0.4361672688160033,147,169,731,851,0.1674259681093394,0.16568627450980392,0.4651898734177215,0.1674259681093394,0.2462311557788945
-0.43615452504658775,148,169,730,851,0.16856492027334852,0.16568627450980392,0.4668769716088328,0.16856492027334852,0.24769874476987444
-0.43564962945357183,149,169,729,851,0.16970387243735763,0.16568627450980392,0.46855345911949686,0.16970387243735763,0.2491638795986622
-0.43549533847614436,150,169,728,851,0.17084282460136674,0.16568627450980392,0.4702194357366771,0.17084282460136674,0.2506265664160401
-0.43545597286623083,150,170,728,850,0.17084282460136674,0.16666666666666666,0.46875,0.17084282460136674,0.25041736227045075
-0.43498175752594315,150,171,728,849,0.17084282460136674,0.1676470588235294,0.4672897196261682,0.17084282460136674,0.25020850708924103
-0.4347693699883434,150,172,728,848,0.17084282460136674,0.16862745098039217,0.4658385093167702,0.17084282460136674,0.24999999999999994
-0.434637630703641,150,173,728,847,0.17084282460136674,0.1696078431372549,0.46439628482972134,0.17084282460136674,0.2497918401332223
-0.4343284186625666,150,174,728,846,0.17084282460136674,0.17058823529411765,0.46296296296296297,0.17084282460136674,0.24958402662229617
-0.4340988358368049,150,175,728,845,0.17084282460136674,0.1715686274509804,0.46153846153846156,0.17084282460136674,0.24937655860349126
-0.43342964587555416,150,176,728,844,0.17084282460136674,0.17254901960784313,0.4601226993865031,0.17084282460136674,0.24916943521594687
-0.43244864771541613,150,177,728,843,0.17084282460136674,0.17352941176470588,0.45871559633027525,0.17084282460136674,0.24896265560165973
-0.4318584990929079,151,177,727,843,0.17198177676537585,0.17352941176470588,0.4603658536585366,0.17198177676537585,0.2504145936981758
-0.43138251223196017,152,177,726,843,0.17312072892938496,0.17352941176470588,0.46200607902735563,0.17312072892938496,0.251864125932063
-0.4313302760883508,153,177,725,843,0.17425968109339407,0.17352941176470588,0.4636363636363636,0.17425968109339407,0.25331125827814566
-0.4309795467690802,154,177,724,843,0.17539863325740318,0.17352941176470588,0.4652567975830816,0.17539863325740318,0.2547559966914805
-0.4306083896634857,155,177,723,843,0.1765375854214123,0.17352941176470588,0.46686746987951805,0.1765375854214123,0.256198347107438
-0.43008404906340975,156,177,722,843,0.1776765375854214,0.17352941176470588,0.46846846846846846,0.1776765375854214,0.25763831544178367
-0.4288288557860234,157,177,721,843,0.1788154897494305,0.17352941176470588,0.47005988023952094,0.1788154897494305,0.25907590759075905
-0.42843081994756194,158,177,720,843,0.17995444191343962,0.17352941176470588,0.4716417910447761,0.17995444191343962,0.2605111294311624
-0.4281861712361651,159,177,719,843,0.18109339407744876,0.17352941176470588,0.4732142857142857,0.18109339407744876,0.26194398682042835
-0.42719587347243465,160,177,718,843,0.18223234624145787,0.17352941176470588,0.47477744807121663,0.18223234624145787,0.26337448559670784
-0.42710430940166344,160,178,718,842,0.18223234624145787,0.17450980392156862,0.47337278106508873,0.18223234624145787,0.2631578947368421
-0.4268865236596639,160,179,718,841,0.18223234624145787,0.17549019607843136,0.471976401179941,0.18223234624145787,0.2629416598192276
-0.42687234302782096,160,180,718,840,0.18223234624145787,0.17647058823529413,0.47058823529411764,0.18223234624145787,0.2627257799671593
-0.42680212250283767,161,180,717,840,0.18337129840546698,0.17647058823529413,0.47214076246334313,0.18337129840546698,0.26415094339622647
-0.42571780357319583,162,180,716,840,0.1845102505694761,0.17647058823529413,0.47368421052631576,0.1845102505694761,0.2655737704918033
-0.4245494976269609,163,180,715,840,0.1856492027334852,0.17647058823529413,0.4752186588921283,0.1856492027334852,0.266994266994267
-0.4244508496826494,164,180,714,840,0.1867881548974943,0.17647058823529413,0.47674418604651164,0.1867881548974943,0.2684124386252046
-0.4239872636806943,164,181,714,839,0.1867881548974943,0.17745098039215687,0.4753623188405797,0.1867881548974943,0.26819296811120197
-0.42369503343789333,165,181,713,839,0.18792710706150342,0.17745098039215687,0.476878612716763,0.18792710706150342,0.2696078431372549
-0.4235355947173989,165,182,713,838,0.18792710706150342,0.1784313725490196,0.4755043227665706,0.18792710706150342,0.2693877551020408
-0.4232510488415727,166,182,712,838,0.18906605922551253,0.1784313725490196,0.47701149425287354,0.18906605922551253,0.2707993474714519
-0.4228248973209996,166,183,712,837,0.18906605922551253,0.17941176470588235,0.47564469914040114,0.18906605922551253,0.2705786471067645
-0.42261396504827853,166,184,712,836,0.18906605922551253,0.1803921568627451,0.4742857142857143,0.18906605922551253,0.2703583061889251
-0.4226029603408961,166,185,712,835,0.18906605922551253,0.18137254901960784,0.47293447293447294,0.18906605922551253,0.2701383238405208
-0.42249093309272,166,186,712,834,0.18906605922551253,0.18235294117647058,0.4715909090909091,0.18906605922551253,0.2699186991869919
-0.42244035345913095,166,187,712,833,0.18906605922551253,0.18333333333333332,0.4702549575070821,0.18906605922551253,0.26969943135662067
-0.4215472987594211,166,188,712,832,0.18906605922551253,0.1843137254901961,0.4689265536723164,0.18906605922551253,0.2694805194805195
-0.4214956126618638,166,189,712,831,0.18906605922551253,0.18529411764705883,0.4676056338028169,0.18906605922551253,0.26926196269261965
-0.4203013100421328,166,190,712,830,0.18906605922551253,0.18627450980392157,0.46629213483146065,0.18906605922551253,0.2690437601296597
-0.4200589979564952,167,190,711,830,0.19020501138952164,0.18627450980392157,0.4677871148459384,0.19020501138952164,0.2704453441295547
-0.4199640283268493,168,190,710,830,0.19134396355353075,0.18627450980392157,0.4692737430167598,0.19134396355353075,0.27184466019417475
-0.4198153380090626,168,191,710,829,0.19134396355353075,0.18725490196078431,0.467966573816156,0.19134396355353075,0.2716248989490703
-0.4195842894802646,168,192,710,828,0.19134396355353075,0.18823529411764706,0.4666666666666667,0.19134396355353075,0.27140549273021003
-0.41951999000177675,169,192,709,828,0.19248291571753987,0.18823529411764706,0.46814404432132967,0.19248291571753987,0.27280064568200163
-0.4189697450641424,170,192,708,828,0.19362186788154898,0.18823529411764706,0.4696132596685083,0.19362186788154898,0.27419354838709675
-0.4189602852812138,171,192,707,828,0.1947608200455581,0.18823529411764706,0.47107438016528924,0.1947608200455581,0.2755842062852538
-0.41869207394691377,172,192,706,828,0.1958997722095672,0.18823529411764706,0.4725274725274725,0.1958997722095672,0.2769726247987117
-0.41866489758942904,172,193,706,827,0.1958997722095672,0.1892156862745098,0.4712328767123288,0.1958997722095672,0.27674979887369267
-0.4185413293783977,173,193,705,827,0.1970387243735763,0.1892156862745098,0.4726775956284153,0.1970387243735763,0.27813504823151125
-0.4174915393400819,173,194,705,826,0.1970387243735763,0.19019607843137254,0.4713896457765668,0.1970387243735763,0.2779116465863454
-0.4168825490159288,174,194,704,826,0.19817767653758542,0.19019607843137254,0.47282608695652173,0.19817767653758542,0.27929373996789725
-0.4166906193157916,175,194,703,826,0.19931662870159453,0.19019607843137254,0.4742547425474255,0.19931662870159453,0.2806736166800321
-0.4158435336748078,176,194,702,826,0.20045558086560364,0.19019607843137254,0.4756756756756757,0.20045558086560364,0.28205128205128205
-0.41581990875273395,177,194,701,826,0.20159453302961275,0.19019607843137254,0.477088948787062,0.20159453302961275,0.28342674139311447
-0.4152527262005737,177,195,701,825,0.20159453302961275,0.19117647058823528,0.47580645161290325,0.20159453302961275,0.2832
-0.4146231907707053,177,196,701,824,0.20159453302961275,0.19215686274509805,0.4745308310991957,0.20159453302961275,0.2829736211031175
-0.41431818095239065,178,196,700,824,0.20273348519362186,0.19215686274509805,0.47593582887700536,0.20273348519362186,0.2843450479233227
-0.4140735792605861,179,196,699,824,0.20387243735763097,0.19215686274509805,0.47733333333333333,0.20387243735763097,0.2857142857142857
-0.4140505589882682,180,196,698,824,0.20501138952164008,0.19215686274509805,0.4787234042553192,0.20501138952164008,0.28708133971291866
-0.41252001656688375,180,197,698,823,0.20501138952164008,0.1931372549019608,0.47745358090185674,0.20501138952164008,0.28685258964143423
-0.41198036514720177,181,197,697,823,0.2061503416856492,0.1931372549019608,0.47883597883597884,0.2061503416856492,0.28821656050955413
-0.41195987852515437,181,198,697,822,0.2061503416856492,0.19411764705882353,0.47757255936675463,0.2061503416856492,0.28798727128082735
-0.4118475131368512,182,198,696,822,0.2072892938496583,0.19411764705882353,0.4789473684210526,0.2072892938496583,0.2893481717011129
-0.4115684591377134,182,199,696,821,0.2072892938496583,0.19509803921568628,0.4776902887139108,0.2072892938496583,0.2891183478951549
-0.4103701423059357,182,200,696,820,0.2072892938496583,0.19607843137254902,0.47643979057591623,0.2072892938496583,0.28888888888888886
-0.4103679544151046,182,201,696,819,0.2072892938496583,0.19705882352941176,0.4751958224543081,0.2072892938496583,0.288659793814433
-0.4093288831894079,183,201,695,819,0.20842824601366744,0.19705882352941176,0.4765625,0.20842824601366744,0.2900158478605388
-0.4092257770680525,184,201,694,819,0.20956719817767655,0.19705882352941176,0.4779220779220779,0.20956719817767655,0.29136975455265246
-0.4088418197147839,184,202,694,818,0.20956719817767655,0.1980392156862745,0.47668393782383417,0.20956719817767655,0.29113924050632917
-0.4086401251505052,184,203,694,817,0.20956719817767655,0.19901960784313724,0.4754521963824289,0.20956719817767655,0.2909090909090909
-0.40843077797947797,184,204,694,816,0.20956719817767655,0.2,0.4742268041237113,0.20956719817767655,0.2906793048973144
-0.4082583902677186,184,205,694,815,0.20956719817767655,0.20098039215686275,0.4730077120822622,0.20956719817767655,0.29044988161010266
-0.4082501584107107,184,206,694,814,0.20956719817767655,0.2019607843137255,0.4717948717948718,0.20956719817767655,0.2902208201892745
-0.4080943497973699,185,206,693,814,0.21070615034168566,0.2019607843137255,0.4731457800511509,0.21070615034168566,0.2915681639085895
-0.407719613093793,185,207,693,813,0.21070615034168566,0.20294117647058824,0.4719387755102041,0.21070615034168566,0.2913385826771654
-0.4077027290449004,185,208,693,812,0.21070615034168566,0.20392156862745098,0.4707379134860051,0.21070615034168566,0.2911093627065303
-0.407554612759999,185,209,693,811,0.21070615034168566,0.20490196078431372,0.46954314720812185,0.21070615034168566,0.2908805031446541
-0.40706989869068616,185,210,693,810,0.21070615034168566,0.20588235294117646,0.46835443037974683,0.21070615034168566,0.2906520031421838
-0.40697062351363417,185,211,693,809,0.21070615034168566,0.2068627450980392,0.4671717171717172,0.21070615034168566,0.2904238618524333
-0.4069664161904104,185,212,693,808,0.21070615034168566,0.20784313725490197,0.4659949622166247,0.21070615034168566,0.2901960784313725
-0.40676400540820223,186,212,692,808,0.21184510250569477,0.20784313725490197,0.46733668341708545,0.21184510250569477,0.29153605015673983
-0.40637678515262254,187,212,691,808,0.21298405466970388,0.20784313725490197,0.46867167919799496,0.21298405466970388,0.29287392325763506
-0.4063118818398227,187,213,691,807,0.21298405466970388,0.2088235294117647,0.4675,0.21298405466970388,0.29264475743348983
-0.40625596043268697,188,213,690,807,0.214123006833713,0.2088235294117647,0.4688279301745636,0.214123006833713,0.29397967161845195
-0.40622229394996495,188,214,690,806,0.214123006833713,0.20980392156862746,0.46766169154228854,0.214123006833713,0.29375
-0.4060812674090127,188,215,690,805,0.214123006833713,0.2107843137254902,0.4665012406947891,0.214123006833713,0.29352068696330996
-0.40599836665775574,189,215,689,805,0.2152619589977221,0.2107843137254902,0.46782178217821785,0.2152619589977221,0.2948517940717629
-0.40574613439305723,190,215,688,805,0.2164009111617312,0.2107843137254902,0.4691358024691358,0.2164009111617312,0.2961808261886204
-0.40549444340081636,191,215,687,805,0.21753986332574032,0.2107843137254902,0.47044334975369456,0.21753986332574032,0.29750778816199375
-0.4054741491676212,192,215,686,805,0.21867881548974943,0.2107843137254902,0.47174447174447176,0.21867881548974943,0.2988326848249027
-0.405165809946738,192,216,686,804,0.21867881548974943,0.21176470588235294,0.47058823529411764,0.21867881548974943,0.2986003110419907
-0.40496572246900336,192,217,686,803,0.21867881548974943,0.21274509803921568,0.46943765281173594,0.21867881548974943,0.29836829836829837
-0.4047906884522016,193,217,685,803,0.21981776765375854,0.21274509803921568,0.47073170731707314,0.21981776765375854,0.29968944099378886
-0.40448391918006077,194,217,684,803,0.22095671981776766,0.21274509803921568,0.4720194647201946,0.22095671981776766,0.30100853374709075
-0.4044626277883655,195,217,683,803,0.22209567198177677,0.21274509803921568,0.4733009708737864,0.22209567198177677,0.3023255813953489
-0.4043929683257025,195,218,683,802,0.22209567198177677,0.21372549019607842,0.4721549636803874,0.22209567198177677,0.3020914020139427
-0.40403637115274466,195,219,683,801,0.22209567198177677,0.21470588235294116,0.47101449275362317,0.22209567198177677,0.3018575851393189
-0.40402926191415134,196,219,682,801,0.22323462414578588,0.21470588235294116,0.472289156626506,0.22323462414578588,0.3031709203402939
-0.4039484476007652,196,220,682,800,0.22323462414578588,0.21568627450980393,0.47115384615384615,0.22323462414578588,0.3029366306027821
-0.4036393971747368,196,221,682,799,0.22323462414578588,0.21666666666666667,0.47002398081534774,0.22323462414578588,0.3027027027027027
-0.403614993120504,196,222,682,798,0.22323462414578588,0.21764705882352942,0.4688995215311005,0.22323462414578588,0.30246913580246915
-0.40350035556595315,197,222,681,798,0.224373576309795,0.21764705882352942,0.4701670644391408,0.224373576309795,0.30377794911333844
-0.40324609379236165,198,222,680,798,0.2255125284738041,0.21764705882352942,0.4714285714285714,0.2255125284738041,0.30508474576271183
-0.40296458020162573,198,223,680,797,0.2255125284738041,0.21862745098039216,0.47030878859857483,0.2255125284738041,0.3048498845265589
-0.40278728758799576,199,223,679,797,0.2266514806378132,0.21862745098039216,0.471563981042654,0.2266514806378132,0.30615384615384617
-0.4026215469711589,199,224,679,796,0.2266514806378132,0.2196078431372549,0.47044917257683216,0.2266514806378132,0.3059185242121445
-0.4024868924901473,200,224,678,796,0.22779043280182232,0.2196078431372549,0.4716981132075472,0.22779043280182232,0.3072196620583717
-0.4022410338337465,201,224,677,796,0.22892938496583143,0.2196078431372549,0.47294117647058825,0.22892938496583143,0.3085188027628549
-0.40185968241865594,201,225,677,795,0.22892938496583143,0.22058823529411764,0.47183098591549294,0.22892938496583143,0.30828220858895705
-0.4008150608741814,201,226,677,794,0.22892938496583143,0.22156862745098038,0.4707259953161593,0.22892938496583143,0.3080459770114943
-0.40052186454129257,201,227,677,793,0.22892938496583143,0.22254901960784312,0.4696261682242991,0.22892938496583143,0.30781010719754975
-0.4002557463668485,201,228,677,792,0.22892938496583143,0.2235294117647059,0.46853146853146854,0.22892938496583143,0.30757459831675593
-0.4002344953754685,202,228,676,792,0.23006833712984054,0.2235294117647059,0.4697674418604651,0.23006833712984054,0.308868501529052
-0.39978945839200036,203,228,675,792,0.23120728929384965,0.2235294117647059,0.4709976798143852,0.23120728929384965,0.31016042780748665
-0.39976841696120263,204,228,674,792,0.23234624145785876,0.2235294117647059,0.4722222222222222,0.23234624145785876,0.3114503816793893
-0.3996943816818215,205,228,673,792,0.23348519362186787,0.2235294117647059,0.47344110854503463,0.23348519362186787,0.3127383676582761
-0.3995287671191596,206,228,672,792,0.23462414578587698,0.2235294117647059,0.47465437788018433,0.23462414578587698,0.31402439024390244
-0.39931486046841197,207,228,671,792,0.2357630979498861,0.2235294117647059,0.47586206896551725,0.2357630979498861,0.31530845392231527
-0.3987480348369455,208,228,670,792,0.23690205011389523,0.2235294117647059,0.47706422018348627,0.23690205011389523,0.31659056316590567
-0.3978767103245316,209,228,669,792,0.23804100227790434,0.2235294117647059,0.4782608695652174,0.23804100227790434,0.3178707224334601
-0.3978164333531986,210,228,668,792,0.23917995444191345,0.2235294117647059,0.4794520547945205,0.23917995444191345,0.3191489361702128
-0.39773551424917475,211,228,667,792,0.24031890660592256,0.2235294117647059,0.4806378132118451,0.24031890660592256,0.32042520880789677
-0.39762098491689907,212,228,666,792,0.24145785876993167,0.2235294117647059,0.4818181818181818,0.24145785876993167,0.3216995447647952
-0.3976156824510244,213,228,665,792,0.24259681093394078,0.2235294117647059,0.48299319727891155,0.24259681093394078,0.32297194844579225
-0.39760412461159533,213,229,665,791,0.24259681093394078,0.22450980392156863,0.4819004524886878,0.24259681093394078,0.32272727272727275
-0.3973794586718846,214,229,664,791,0.2437357630979499,0.22450980392156863,0.48306997742663654,0.2437357630979499,0.323996971990916
-0.3972476715869632,215,229,663,791,0.244874715261959,0.22450980392156863,0.48423423423423423,0.244874715261959,0.32526475037821484
-0.39711742221884444,215,230,663,790,0.244874715261959,0.22549019607843138,0.48314606741573035,0.244874715261959,0.3250188964474679
-0.3970693009025237,215,231,663,789,0.244874715261959,0.22647058823529412,0.4820627802690583,0.244874715261959,0.324773413897281
-0.39698593823534817,215,232,663,788,0.244874715261959,0.22745098039215686,0.4809843400447427,0.244874715261959,0.32452830188679244
-0.3967938627860634,216,232,662,788,0.2460136674259681,0.22745098039215686,0.48214285714285715,0.2460136674259681,0.3257918552036199
-0.3966765339474481,216,233,662,787,0.2460136674259681,0.2284313725490196,0.48106904231625836,0.2460136674259681,0.3255463451394122
-0.3959762300841301,217,233,661,787,0.24715261958997722,0.2284313725490196,0.4822222222222222,0.24715261958997722,0.3268072289156626
-0.39592363238689615,217,234,661,786,0.24715261958997722,0.22941176470588234,0.4811529933481153,0.24715261958997722,0.326561324303988
-0.39517368512318973,217,235,661,785,0.24715261958997722,0.23039215686274508,0.48008849557522126,0.24715261958997722,0.32631578947368417
-0.39466900796823734,217,236,661,784,0.24715261958997722,0.23137254901960785,0.47902869757174393,0.24715261958997722,0.32607062359128475
-0.3944984861332921,217,237,661,783,0.24715261958997722,0.2323529411764706,0.4779735682819383,0.24715261958997722,0.3258258258258258
-0.3939998868568815,218,237,660,783,0.24829157175398633,0.2323529411764706,0.47912087912087914,0.24829157175398633,0.3270817704426106
-0.3938706107302951,219,237,659,783,0.24943052391799544,0.2323529411764706,0.48026315789473684,0.24943052391799544,0.328335832083958
-0.39384637212186646,220,237,658,783,0.2505694760820046,0.2323529411764706,0.4814004376367615,0.2505694760820046,0.32958801498127344
-0.3937829926260521,220,238,658,782,0.2505694760820046,0.23333333333333334,0.48034934497816595,0.2505694760820046,0.3293413173652695
-0.39366065898772085,221,238,657,782,0.2517084282460137,0.23333333333333334,0.48148148148148145,0.2517084282460137,0.3305908750934929
-0.39363730999682434,222,238,656,782,0.2528473804100228,0.23333333333333334,0.4826086956521739,0.2528473804100228,0.33183856502242154
-0.3932102126201747,223,238,655,782,0.2539863325740319,0.23333333333333334,0.4837310195227766,0.2539863325740319,0.3330843913368185
-0.39276285777529285,223,239,655,781,0.2539863325740319,0.23431372549019608,0.48268398268398266,0.2539863325740319,0.33283582089552244
-0.39253299453934304,223,240,655,780,0.2539863325740319,0.23529411764705882,0.4816414686825054,0.2539863325740319,0.3325876211782252
-0.3922179517416198,224,240,654,780,0.255125284738041,0.23529411764705882,0.4827586206896552,0.255125284738041,0.33383010432190763
-0.3921831023955866,225,240,653,780,0.25626423690205014,0.23529411764705882,0.4838709677419355,0.25626423690205014,0.33507073715562175
-0.39168352582829036,226,240,652,780,0.25740318906605925,0.23529411764705882,0.48497854077253216,0.25740318906605925,0.33630952380952384
-0.39137639187813705,226,241,652,779,0.25740318906605925,0.23627450980392156,0.48394004282655245,0.25740318906605925,0.3360594795539034
-0.39124765804469375,226,242,652,778,0.25740318906605925,0.2372549019607843,0.4829059829059829,0.25740318906605925,0.3358098068350669
-0.39116867450756415,226,243,652,777,0.25740318906605925,0.23823529411764705,0.48187633262260127,0.25740318906605925,0.33556050482553823
-0.3911231632000165,226,244,652,776,0.25740318906605925,0.23921568627450981,0.4808510638297872,0.25740318906605925,0.3353115727002967
-0.3900604874756238,226,245,652,775,0.25740318906605925,0.24019607843137256,0.47983014861995754,0.25740318906605925,0.335063009636768
-0.39003798799873296,226,246,652,774,0.25740318906605925,0.2411764705882353,0.4788135593220339,0.25740318906605925,0.33481481481481484
-0.3895668584363817,227,246,651,774,0.25854214123006836,0.2411764705882353,0.4799154334038055,0.25854214123006836,0.3360473723168024
-0.3893683228595959,228,246,650,774,0.25968109339407747,0.2411764705882353,0.4810126582278481,0.25968109339407747,0.33727810650887574
-0.38923697546728275,228,247,650,773,0.25968109339407747,0.24215686274509804,0.48,0.25968109339407747,0.33702882483370294
-0.3890176551815522,228,248,650,772,0.25968109339407747,0.24313725490196078,0.4789915966386555,0.25968109339407747,0.33677991137370755
-0.38876193602854137,229,248,649,772,0.2608200455580866,0.24313725490196078,0.480083857442348,0.2608200455580866,0.33800738007380077
-0.38874989106809577,229,249,649,771,0.2608200455580866,0.24411764705882352,0.4790794979079498,0.2608200455580866,0.33775811209439527
-0.3883913119400763,230,249,648,771,0.2619589977220957,0.24411764705882352,0.4801670146137787,0.2619589977220957,0.33898305084745767
-0.3874721357928463,230,250,648,770,0.2619589977220957,0.24509803921568626,0.4791666666666667,0.2619589977220957,0.3387334315169367
-0.3871840474816016,230,251,648,769,0.2619589977220957,0.246078431372549,0.4781704781704782,0.2619589977220957,0.33848417954378224
-0.3870743336300061,231,251,647,769,0.2630979498861048,0.246078431372549,0.47925311203319504,0.2630979498861048,0.33970588235294114
-0.3867809397199361,232,251,646,769,0.2642369020501139,0.246078431372549,0.4803312629399586,0.2642369020501139,0.3409257898603968
-0.38646465636160815,232,252,646,768,0.2642369020501139,0.24705882352941178,0.4793388429752066,0.2642369020501139,0.3406754772393539
-0.3859904271833197,232,253,646,767,0.2642369020501139,0.24803921568627452,0.47835051546391755,0.2642369020501139,0.3404255319148936
-0.38596576776490976,233,253,645,767,0.265375854214123,0.24803921568627452,0.4794238683127572,0.265375854214123,0.34164222873900296
-0.3859010383848524,233,254,645,766,0.265375854214123,0.24901960784313726,0.4784394250513347,0.265375854214123,0.3413919413919414
-0.3858782354660756,233,255,645,765,0.265375854214123,0.25,0.4774590163934426,0.265375854214123,0.3411420204978038
-0.3857914792034771,233,256,645,764,0.265375854214123,0.25098039215686274,0.47648261758691207,0.265375854214123,0.3408924652523775
-0.3856364245168094,233,257,645,763,0.265375854214123,0.2519607843137255,0.47551020408163264,0.265375854214123,0.34064327485380114
-0.3855529529590878,234,257,644,763,0.26651480637813213,0.2519607843137255,0.47657841140529533,0.26651480637813213,0.3418553688823959
-0.3854109917871885,235,257,643,763,0.26765375854214124,0.2519607843137255,0.47764227642276424,0.26765375854214124,0.34306569343065696
-0.3852593542925538,235,258,643,762,0.26765375854214124,0.2529411764705882,0.4766734279918864,0.26765375854214124,0.34281546316557254
-0.3851777398475031,236,258,642,762,0.26879271070615035,0.2529411764705882,0.4777327935222672,0.26879271070615035,0.34402332361516036
-0.3851753185998564,237,258,641,762,0.26993166287015946,0.2529411764705882,0.47878787878787876,0.26993166287015946,0.3452294246176256
-0.38509541246402323,238,258,640,762,0.27107061503416857,0.2529411764705882,0.4798387096774194,0.27107061503416857,0.3464337700145561
-0.3849506023607022,239,258,639,762,0.2722095671981777,0.2529411764705882,0.48088531187122735,0.2722095671981777,0.34763636363636363
-0.38464646310041617,240,258,638,762,0.2733485193621868,0.2529411764705882,0.4819277108433735,0.2733485193621868,0.34883720930232565
-0.38452900129810674,241,258,637,762,0.2744874715261959,0.2529411764705882,0.48296593186372744,0.2744874715261959,0.35003631082062453
-0.3840293124299026,241,259,637,761,0.2744874715261959,0.25392156862745097,0.482,0.2744874715261959,0.34978229317851955
-0.38398696986940956,242,259,636,761,0.275626423690205,0.25392156862745097,0.48303393213572854,0.275626423690205,0.3509789702683104
-0.38398017959285735,242,260,636,760,0.275626423690205,0.2549019607843137,0.4820717131474104,0.275626423690205,0.35072463768115936
-0.38397882231466496,242,261,636,759,0.275626423690205,0.25588235294117645,0.48111332007952284,0.275626423690205,0.3504706734250543
-0.38388333548941184,242,262,636,758,0.275626423690205,0.2568627450980392,0.4801587301587302,0.275626423690205,0.35021707670043417
-0.38387617580642935,242,263,636,757,0.275626423690205,0.257843137254902,0.4792079207920792,0.275626423690205,0.3499638467100506
-0.38368527617636905,243,263,635,757,0.2767653758542141,0.257843137254902,0.48023715415019763,0.2767653758542141,0.3511560693641618
-0.38357704884013627,244,263,634,757,0.27790432801822323,0.257843137254902,0.4812623274161736,0.27790432801822323,0.3523465703971119
-0.38344291122927343,244,264,634,756,0.27790432801822323,0.25882352941176473,0.48031496062992124,0.27790432801822323,0.35209235209235207
-0.38341665967823424,244,265,634,755,0.27790432801822323,0.25980392156862747,0.4793713163064833,0.27790432801822323,0.35183850036049025
-0.3833008601356736,244,266,634,754,0.27790432801822323,0.2607843137254902,0.47843137254901963,0.27790432801822323,0.3515850144092219
-0.3831627790504701,245,266,633,754,0.27904328018223234,0.2607843137254902,0.4794520547945205,0.27904328018223234,0.35277177825773937
-0.3830404531303671,245,267,633,753,0.27904328018223234,0.26176470588235295,0.478515625,0.27904328018223234,0.35251798561151076
-0.3830044747744087,246,267,632,753,0.28018223234624146,0.26176470588235295,0.47953216374269003,0.28018223234624146,0.3537023723939612
-0.3828503944331802,246,268,632,752,0.28018223234624146,0.2627450980392157,0.4785992217898833,0.28018223234624146,0.35344827586206895
-0.38229945268722687,247,268,631,752,0.28132118451025057,0.2627450980392157,0.4796116504854369,0.28132118451025057,0.3546302943287868
-0.3822405120676945,247,269,631,751,0.28132118451025057,0.26372549019607844,0.4786821705426357,0.28132118451025057,0.35437589670014347
-0.3822101512199745,248,269,630,751,0.2824601366742597,0.26372549019607844,0.4796905222437137,0.2824601366742597,0.35555555555555557
-0.38205851815169706,249,269,629,751,0.2835990888382688,0.26372549019607844,0.4806949806949807,0.2835990888382688,0.3567335243553009
-0.3819936300721231,249,270,629,750,0.2835990888382688,0.2647058823529412,0.4797687861271676,0.2835990888382688,0.3564781675017895
-0.3819617391682278,250,270,628,750,0.2847380410022779,0.2647058823529412,0.4807692307692308,0.2847380410022779,0.35765379113018597
-0.38171102241356736,250,271,628,749,0.2847380410022779,0.2656862745098039,0.4798464491362764,0.2847380410022779,0.357398141529664
-0.38166517825389734,250,272,628,748,0.2847380410022779,0.26666666666666666,0.4789272030651341,0.2847380410022779,0.35714285714285715
-0.38165431706196945,251,272,627,748,0.285876993166287,0.26666666666666666,0.47992351816443596,0.285876993166287,0.35831548893647397
-0.3813521373289211,252,272,626,748,0.2870159453302961,0.26666666666666666,0.48091603053435117,0.2870159453302961,0.3594864479315264
-0.3812128373361853,252,273,626,747,0.2870159453302961,0.2676470588235294,0.48,0.2870159453302961,0.35923022095509627
-0.38099052970324576,252,274,626,746,0.2870159453302961,0.26862745098039215,0.4790874524714829,0.2870159453302961,0.3589743589743589
-0.380606077927116,253,274,625,746,0.28815489749430523,0.26862745098039215,0.48007590132827327,0.28815489749430523,0.3601423487544484
-0.38050478796446435,254,274,624,746,0.28929384965831434,0.26862745098039215,0.4810606060606061,0.28929384965831434,0.36130867709815084
-0.38044621672917667,254,275,624,745,0.28929384965831434,0.2696078431372549,0.48015122873345933,0.28929384965831434,0.3610518834399431
-0.38011092373620303,255,275,623,745,0.29043280182232345,0.2696078431372549,0.4811320754716981,0.29043280182232345,0.36221590909090906
-0.37999268584603557,255,276,623,744,0.29043280182232345,0.27058823529411763,0.480225988700565,0.29043280182232345,0.36195883605393897
-0.37996948816625326,255,277,623,743,0.29043280182232345,0.27156862745098037,0.4793233082706767,0.29043280182232345,0.36170212765957444
-0.3798980033632142,256,277,622,743,0.29157175398633256,0.27156862745098037,0.4803001876172608,0.29157175398633256,0.3628632175761871
-0.37988192129130927,257,277,621,743,0.29271070615034167,0.27156862745098037,0.4812734082397004,0.29271070615034167,0.36402266288951834
-0.37959429315012366,257,278,621,742,0.29271070615034167,0.2725490196078431,0.4803738317757009,0.29271070615034167,0.3637650389242746
-0.3793938135399147,258,278,620,742,0.2938496583143508,0.2725490196078431,0.48134328358208955,0.2938496583143508,0.3649222065063649
-0.37928628645509677,259,278,619,742,0.2949886104783599,0.2725490196078431,0.4823091247672253,0.2949886104783599,0.36607773851590103
-0.3792859840806647,260,278,618,742,0.296127562642369,0.2725490196078431,0.483271375464684,0.296127562642369,0.3672316384180791
-0.37909898211155796,261,278,617,742,0.2972665148063781,0.2725490196078431,0.4842300556586271,0.2972665148063781,0.3683839096683133
-0.3789691337937934,261,279,617,741,0.2972665148063781,0.2735294117647059,0.48333333333333334,0.2972665148063781,0.3681241184767278
-0.3789631705234296,262,279,616,741,0.2984054669703872,0.2735294117647059,0.48428835489833644,0.2984054669703872,0.3692741367159972
-0.3789530710371231,262,280,616,740,0.2984054669703872,0.27450980392156865,0.4833948339483395,0.2984054669703872,0.36901408450704226
-0.378915344276613,263,280,615,740,0.29954441913439633,0.27450980392156865,0.4843462246777164,0.29954441913439633,0.3701618578465869
-0.3788321139949161,264,280,614,740,0.30068337129840544,0.27450980392156865,0.4852941176470588,0.30068337129840544,0.3713080168776371
-0.3787843217829515,264,281,614,739,0.30068337129840544,0.2754901960784314,0.48440366972477067,0.30068337129840544,0.37104708362614197
-0.378632865434495,264,282,614,738,0.30068337129840544,0.27647058823529413,0.4835164835164835,0.30068337129840544,0.3707865168539326
-0.37854645435347667,265,282,613,738,0.30182232346241455,0.27647058823529413,0.4844606946983547,0.30182232346241455,0.3719298245614035
-0.3783377341547855,265,283,613,737,0.30182232346241455,0.2774509803921569,0.4835766423357664,0.30182232346241455,0.3716690042075736
-0.3781638733144696,266,283,612,737,0.30296127562642367,0.2774509803921569,0.48451730418943534,0.30296127562642367,0.37281009110021024
-0.37814076039636024,266,284,612,736,0.30296127562642367,0.2784313725490196,0.48363636363636364,0.30296127562642367,0.3725490196078431
-0.37807845582072297,267,284,611,736,0.3041002277904328,0.2784313725490196,0.484573502722323,0.3041002277904328,0.3736878936319104
-0.3779323778428973,267,285,611,735,0.3041002277904328,0.27941176470588236,0.483695652173913,0.3041002277904328,0.37342657342657337
-0.37767276447101295,267,286,611,734,0.3041002277904328,0.2803921568627451,0.48282097649186256,0.3041002277904328,0.3731656184486373
-0.3775325830074651,267,287,611,733,0.3041002277904328,0.28137254901960784,0.48194945848375453,0.3041002277904328,0.3729050279329609
-0.3773148235965264,267,288,611,732,0.3041002277904328,0.2823529411764706,0.4810810810810811,0.3041002277904328,0.37264480111653875
-0.3769599105309289,267,289,611,731,0.3041002277904328,0.2833333333333333,0.4802158273381295,0.3041002277904328,0.37238493723849375
-0.37684056596519167,267,290,611,730,0.3041002277904328,0.28431372549019607,0.4793536804308797,0.3041002277904328,0.3721254355400696
-0.3767979966869926,267,291,611,729,0.3041002277904328,0.2852941176470588,0.478494623655914,0.3041002277904328,0.37186629526462395
-0.3766868667525505,268,291,610,729,0.3052391799544419,0.2852941176470588,0.47942754919499103,0.3052391799544419,0.3729993041057759
-0.3765793413037239,269,291,609,729,0.30637813211845105,0.2852941176470588,0.48035714285714287,0.30637813211845105,0.37413073713490963
-0.37639419876728725,270,291,608,729,0.30751708428246016,0.2852941176470588,0.48128342245989303,0.30751708428246016,0.3752605976372481
-0.37585838132324895,270,292,608,728,0.30751708428246016,0.28627450980392155,0.4804270462633452,0.30751708428246016,0.375
-0.3757749743373524,270,293,608,727,0.30751708428246016,0.2872549019607843,0.47957371225577267,0.30751708428246016,0.3747397640527412
-0.3756228033622423,271,293,607,727,0.3086560364464693,0.2872549019607843,0.4804964539007092,0.3086560364464693,0.375866851595007
-0.3753504153997864,271,294,607,726,0.3086560364464693,0.28823529411764703,0.479646017699115,0.3086560364464693,0.37560637560637566
-0.3752812792855606,272,294,606,726,0.3097949886104784,0.28823529411764703,0.48056537102473496,0.3097949886104784,0.3767313019390582
-0.37514678959541686,273,294,605,726,0.3109339407744875,0.28823529411764703,0.48148148148148145,0.3109339407744875,0.37785467128027683
-0.3749277247737678,274,294,604,726,0.3120728929384966,0.28823529411764703,0.4823943661971831,0.3120728929384966,0.37897648686030433
-0.37429173146733985,274,295,604,725,0.3120728929384966,0.28921568627450983,0.48154657293497366,0.3120728929384966,0.37871458189357293
-0.3742868012549265,275,295,603,725,0.3132118451025057,0.28921568627450983,0.4824561403508772,0.3132118451025057,0.3798342541436464
-0.37352120145749973,276,295,602,725,0.3143507972665148,0.28921568627450983,0.48336252189141854,0.3143507972665148,0.380952380952381
-0.3733952147786434,277,295,601,725,0.31548974943052394,0.28921568627450983,0.48426573426573427,0.31548974943052394,0.3820689655172414
-0.3732273016800809,277,296,601,724,0.31548974943052394,0.2901960784313726,0.48342059336823734,0.31548974943052394,0.3818056512749827
-0.3730600151821505,277,297,601,723,0.31548974943052394,0.2911764705882353,0.48257839721254353,0.31548974943052394,0.38154269972451793
-0.37287341385787043,278,297,600,723,0.31662870159453305,0.2911764705882353,0.4834782608695652,0.31662870159453305,0.3826565726083964
-0.37280974382271226,278,298,600,722,0.31662870159453305,0.29215686274509806,0.4826388888888889,0.31662870159453305,0.38239339752407153
-0.37269515628868327,279,298,599,722,0.31776765375854216,0.29215686274509806,0.48353552859618715,0.31776765375854216,0.3835051546391752
-0.3725982113976664,279,299,599,721,0.31776765375854216,0.2931372549019608,0.4826989619377163,0.31776765375854216,0.38324175824175827
-0.3725910008930686,280,299,598,721,0.31890660592255127,0.2931372549019608,0.4835924006908463,0.31890660592255127,0.3843514070006864
-0.3722804110520011,280,300,598,720,0.31890660592255127,0.29411764705882354,0.4827586206896552,0.31890660592255127,0.38408779149519895
-0.37217368197107753,281,300,597,720,0.3200455580865604,0.29411764705882354,0.4836488812392427,0.3200455580865604,0.38519533927347505
-0.3721030851480766,281,301,597,719,0.3200455580865604,0.2950980392156863,0.48281786941580757,0.3200455580865604,0.3849315068493151
-0.371905874426274,281,302,597,718,0.3200455580865604,0.296078431372549,0.48198970840480276,0.3200455580865604,0.38466803559206025
-0.3718494515398074,281,303,597,717,0.3200455580865604,0.29705882352941176,0.4811643835616438,0.3200455580865604,0.3844049247606019
-0.3716391543848387,281,304,597,716,0.3200455580865604,0.2980392156862745,0.48034188034188036,0.3200455580865604,0.3841421736158579
-0.37162394424848777,282,304,596,716,0.3211845102505695,0.2980392156862745,0.4812286689419795,0.3211845102505695,0.38524590163934425
-0.371546521372236,282,305,596,715,0.3211845102505695,0.29901960784313725,0.4804088586030664,0.3211845102505695,0.38498293515358367
-0.3714524929432091,283,305,595,715,0.3223234624145786,0.29901960784313725,0.4812925170068027,0.3223234624145786,0.3860845839017736
-0.3714087352784376,284,305,594,715,0.3234624145785877,0.29901960784313725,0.48217317487266553,0.3234624145785877,0.3871847307430129
-0.37115502280235074,284,306,594,714,0.3234624145785877,0.3,0.48135593220338985,0.3234624145785877,0.38692098092643046
-0.3702973114294454,284,307,594,713,0.3234624145785877,0.30098039215686273,0.4805414551607445,0.3234624145785877,0.38665759019741325
-0.3701905730243346,285,307,593,713,0.3246013667425968,0.30098039215686273,0.4814189189189189,0.3246013667425968,0.38775510204081637
-0.36992502218945966,285,308,593,712,0.3246013667425968,0.30196078431372547,0.4806070826306914,0.3246013667425968,0.3874915023793338
-0.36981331832706815,285,309,593,711,0.3246013667425968,0.3029411764705882,0.4797979797979798,0.3246013667425968,0.38722826086956524
-0.3697124239413762,286,309,592,711,0.32574031890660593,0.3029411764705882,0.48067226890756304,0.32574031890660593,0.38832315003394435
-0.3696895784273419,287,309,591,711,0.32687927107061504,0.3029411764705882,0.4815436241610738,0.32687927107061504,0.3894165535956581
-0.36951672690170895,287,310,591,710,0.32687927107061504,0.30392156862745096,0.4807370184254606,0.32687927107061504,0.3891525423728814
-0.3694981606998272,288,310,590,710,0.32801822323462415,0.30392156862745096,0.4816053511705686,0.32801822323462415,0.3902439024390244
-0.3692010607028663,288,311,590,709,0.32801822323462415,0.30490196078431375,0.48080133555926546,0.32801822323462415,0.38997968855788767
-0.36885704946286074,289,311,589,709,0.32915717539863326,0.30490196078431375,0.4816666666666667,0.32915717539863326,0.3910690121786197
-0.3687377408087005,290,311,588,709,0.33029612756264237,0.30490196078431375,0.4825291181364393,0.33029612756264237,0.39215686274509803
-0.3687145117210165,291,311,587,709,0.3314350797266515,0.30490196078431375,0.4833887043189369,0.3314350797266515,0.3932432432432433
-0.36845578761173203,292,311,586,709,0.3325740318906606,0.30490196078431375,0.4842454394693201,0.3325740318906606,0.3943281566509116
-0.36843723405438716,293,311,585,709,0.3337129840546697,0.30490196078431375,0.48509933774834435,0.3337129840546697,0.39541160593792174
-0.36839206213898906,294,311,584,709,0.3348519362186788,0.30490196078431375,0.4859504132231405,0.3348519362186788,0.39649359406608226
-0.3682713558542636,294,312,584,708,0.3348519362186788,0.3058823529411765,0.48514851485148514,0.3348519362186788,0.39622641509433965
-0.3682710070799344,294,313,584,707,0.3348519362186788,0.30686274509803924,0.4843492586490939,0.3348519362186788,0.395959595959596
-0.36813972758602564,295,313,583,707,0.3359908883826879,0.30686274509803924,0.48519736842105265,0.3359908883826879,0.3970390309555855
-0.368139134085524,296,313,582,707,0.33712984054669703,0.30686274509803924,0.4860426929392447,0.33712984054669703,0.3981170141223941
-0.367729648615593,297,313,581,707,0.33826879271070615,0.30686274509803924,0.48688524590163934,0.33826879271070615,0.39919354838709675
-0.3676842086222187,298,313,580,707,0.33940774487471526,0.30686274509803924,0.4877250409165303,0.33940774487471526,0.4002686366689053
-0.36757799580694983,299,313,579,707,0.34054669703872437,0.30686274509803924,0.48856209150326796,0.34054669703872437,0.40134228187919463
-0.36742466324285,300,313,578,707,0.3416856492027335,0.30686274509803924,0.4893964110929853,0.3416856492027335,0.4024144869215292
-0.3670992774764686,300,314,578,706,0.3416856492027335,0.307843137254902,0.48859934853420195,0.3416856492027335,0.40214477211796246
-0.36682303170979824,301,314,577,706,0.3428246013667426,0.307843137254902,0.4894308943089431,0.3428246013667426,0.4032150033489618
-0.36671347027436635,301,315,577,705,0.3428246013667426,0.3088235294117647,0.48863636363636365,0.3428246013667426,0.4029451137884873
-0.3666880179465643,301,316,577,704,0.3428246013667426,0.30980392156862746,0.4878444084278768,0.3428246013667426,0.4026755852842809
-0.3666666560020198,302,316,576,704,0.3439635535307517,0.30980392156862746,0.4886731391585761,0.3439635535307517,0.4037433155080214
-0.36665282892350304,303,316,575,704,0.3451025056947608,0.30980392156862746,0.4894991922455573,0.3451025056947608,0.40480961923847697
-0.3666296425638452,304,316,574,704,0.3462414578587699,0.30980392156862746,0.49032258064516127,0.3462414578587699,0.40587449933244324
-0.36655108655977475,305,316,573,704,0.34738041002277903,0.30980392156862746,0.49114331723027377,0.34738041002277903,0.4069379586390927
-0.36649832251962,305,317,573,703,0.34738041002277903,0.3107843137254902,0.4903536977491961,0.34738041002277903,0.4066666666666667
-0.36598653308296936,305,318,573,702,0.34738041002277903,0.31176470588235294,0.4895666131621188,0.34738041002277903,0.4063957361758827
-0.3659456992439806,305,319,573,701,0.34738041002277903,0.3127450980392157,0.48878205128205127,0.34738041002277903,0.4061251664447403
-0.36591746786887175,306,319,572,701,0.34851936218678814,0.3127450980392157,0.4896,0.34851936218678814,0.4071856287425149
-0.36587327512114337,307,319,571,701,0.34965831435079725,0.3127450980392157,0.4904153354632588,0.34965831435079725,0.40824468085106386
-0.3658583872533917,307,320,571,700,0.34965831435079725,0.3137254901960784,0.48963317384370014,0.34965831435079725,0.40797342192691033
-0.36573344157191706,307,321,571,699,0.34965831435079725,0.31470588235294117,0.4888535031847134,0.34965831435079725,0.4077025232403718
-0.3657302804500257,308,321,570,699,0.35079726651480636,0.31470588235294117,0.48966613672496023,0.35079726651480636,0.4087591240875912
-0.3651988914978382,309,321,569,699,0.35193621867881547,0.31470588235294117,0.49047619047619045,0.35193621867881547,0.40981432360742703
-0.36503815620441804,310,321,568,699,0.3530751708428246,0.31470588235294117,0.49128367670364503,0.3530751708428246,0.4108681245858184
-0.36499497236140005,311,321,567,699,0.3542141230068337,0.31470588235294117,0.4920886075949367,0.3542141230068337,0.4119205298013245
-0.36488926908791414,312,321,566,699,0.3553530751708428,0.31470588235294117,0.4928909952606635,0.3553530751708428,0.41297154202514885
-0.36475103889038496,313,321,565,699,0.3564920273348519,0.31470588235294117,0.49369085173501576,0.3564920273348519,0.414021164021164
-0.3647138187206488,313,322,565,698,0.3564920273348519,0.3156862745098039,0.49291338582677163,0.3564920273348519,0.41374752148050226
-0.36445322055923934,314,322,564,698,0.357630979498861,0.3156862745098039,0.4937106918238994,0.357630979498861,0.4147952443857332
-0.3644314732274117,315,322,563,698,0.35876993166287013,0.3156862745098039,0.4945054945054945,0.35876993166287013,0.4158415841584159
-0.36418031798457223,316,322,562,698,0.35990888382687924,0.3156862745098039,0.4952978056426332,0.35990888382687924,0.41688654353562
-0.3641603592071877,316,323,562,697,0.35990888382687924,0.31666666666666665,0.4945226917057903,0.35990888382687924,0.4166117336849044
-0.3638108895921215,317,323,561,697,0.36104783599088835,0.31666666666666665,0.4953125,0.36104783599088835,0.41765480895915674
-0.3637204645329318,318,323,560,697,0.3621867881548975,0.31666666666666665,0.4960998439937597,0.3621867881548975,0.41869651086240944
-0.3636839972811727,319,323,559,697,0.36332574031890663,0.31666666666666665,0.4968847352024922,0.36332574031890663,0.41973684210526313
-0.3634437379098119,319,324,559,696,0.36332574031890663,0.3176470588235294,0.49611197511664074,0.36332574031890663,0.4194608809993426
-0.3631755368081702,319,325,559,695,0.36332574031890663,0.31862745098039214,0.4953416149068323,0.36332574031890663,0.41918528252299614
-0.3628752569843181,320,325,558,695,0.36446469248291574,0.31862745098039214,0.49612403100775193,0.36446469248291574,0.42022324359816154
-0.36282470466325173,320,326,558,694,0.36446469248291574,0.3196078431372549,0.4953560371517028,0.36446469248291574,0.4199475065616798
-0.3627145782917466,320,327,558,693,0.36446469248291574,0.3205882352941177,0.4945904173106646,0.36446469248291574,0.419672131147541
-0.36269761800909783,320,328,558,692,0.36446469248291574,0.3215686274509804,0.49382716049382713,0.36446469248291574,0.4193971166448231
-0.3626452768737897,321,328,557,692,0.36560364464692485,0.3215686274509804,0.4946070878274268,0.36560364464692485,0.4204322200392927
-0.36247948006184855,322,328,556,692,0.36674259681093396,0.3215686274509804,0.49538461538461537,0.36674259681093396,0.42146596858638746
-0.36247781864459366,323,328,555,692,0.3678815489749431,0.3215686274509804,0.49615975422427033,0.3678815489749431,0.4224983649444081
-0.3624586764440008,323,329,555,691,0.3678815489749431,0.32254901960784316,0.495398773006135,0.3678815489749431,0.4222222222222222
-0.3623764938185135,323,330,555,690,0.3678815489749431,0.3235294117647059,0.4946401225114854,0.3678815489749431,0.4219464402351404
-0.3622112787319124,323,331,555,689,0.3678815489749431,0.32450980392156864,0.4938837920489297,0.3678815489749431,0.4216710182767624
-0.36190179456480637,324,331,554,689,0.3690205011389522,0.32450980392156864,0.4946564885496183,0.3690205011389522,0.42270058708414865
-0.3615063727391017,324,332,554,688,0.3690205011389522,0.3254901960784314,0.49390243902439024,0.3690205011389522,0.42242503259452413
-0.3614196460968555,325,332,553,688,0.3701594533029613,0.3254901960784314,0.4946727549467275,0.3701594533029613,0.42345276872964166
-0.36139330967815203,326,332,552,688,0.3712984054669704,0.3254901960784314,0.49544072948328266,0.3712984054669704,0.4244791666666667
-0.3613414727694551,327,332,551,688,0.3724373576309795,0.3254901960784314,0.496206373292868,0.3724373576309795,0.4255042290175667
-0.36077673975245617,328,332,550,688,0.3735763097949886,0.3254901960784314,0.49696969696969695,0.3735763097949886,0.4265279583875163
-0.36068120929520064,329,332,549,688,0.37471526195899774,0.3254901960784314,0.4977307110438729,0.37471526195899774,0.42755035737491875
-0.3606778000370329,330,332,548,688,0.37585421412300685,0.3254901960784314,0.4984894259818731,0.37585421412300685,0.42857142857142855
-0.36063687217387647,331,332,547,688,0.37699316628701596,0.3254901960784314,0.49924585218702866,0.37699316628701596,0.42959117456197277
-0.36049071821310197,332,332,546,688,0.37813211845102507,0.3254901960784314,0.5,0.37813211845102507,0.430609597924773
-0.3604086812310801,333,332,545,688,0.3792710706150342,0.3254901960784314,0.5007518796992482,0.3792710706150342,0.43162670123136754
-0.3602204826364102,334,332,544,688,0.3804100227790433,0.3254901960784314,0.5015015015015015,0.3804100227790433,0.4326424870466321
-0.3599663056059706,335,332,543,688,0.3815489749430524,0.3254901960784314,0.5022488755622189,0.3815489749430524,0.43365695792880254
-0.35952948101060894,335,333,543,687,0.3815489749430524,0.3264705882352941,0.5014970059880239,0.3815489749430524,0.4333764553686934
-0.3595134460281006,336,333,542,687,0.3826879271070615,0.3264705882352941,0.5022421524663677,0.3826879271070615,0.4343891402714933
-0.3594935582724507,337,333,541,687,0.3838268792710706,0.3264705882352941,0.5029850746268657,0.3838268792710706,0.4354005167958656
-0.3594755341809367,337,334,541,686,0.3838268792710706,0.32745098039215687,0.5022354694485842,0.3838268792710706,0.4351194318915429
-0.35926503054271425,337,335,541,685,0.3838268792710706,0.3284313725490196,0.5014880952380952,0.3838268792710706,0.4348387096774194
-0.35920750719189926,338,335,540,685,0.38496583143507973,0.3284313725490196,0.5022288261515602,0.38496583143507973,0.43584784010315925
-0.3591224048005459,339,335,539,685,0.38610478359908884,0.3284313725490196,0.5029673590504451,0.38610478359908884,0.4368556701030928
-0.35911037319829325,340,335,538,685,0.38724373576309795,0.3284313725490196,0.5037037037037037,0.38724373576309795,0.43786220218931104
-0.3590803096829844,340,336,538,684,0.38724373576309795,0.32941176470588235,0.5029585798816568,0.38724373576309795,0.43758043758043763
-0.3589405402313561,341,336,537,684,0.38838268792710706,0.32941176470588235,0.5036927621861153,0.38838268792710706,0.4385852090032154
-0.35875032694322245,341,337,537,683,0.38838268792710706,0.3303921568627451,0.5029498525073747,0.38838268792710706,0.4383033419023137
-0.3587403698749404,341,338,537,682,0.38838268792710706,0.33137254901960783,0.5022091310751104,0.38838268792710706,0.4380218368657675
-0.3585908008595071,341,339,537,681,0.38838268792710706,0.3323529411764706,0.5014705882352941,0.38838268792710706,0.43774069319640563
-0.3585454375121076,341,340,537,680,0.38838268792710706,0.3333333333333333,0.5007342143906021,0.38838268792710706,0.43745991019884545
-0.35845212904554863,341,341,537,679,0.38838268792710706,0.33431372549019606,0.5,0.38838268792710706,0.4371794871794872
-0.35843721479250523,342,341,536,679,0.3895216400911162,0.33431372549019606,0.5007320644216691,0.3895216400911162,0.4381806534272902
-0.35835471112840644,343,341,535,679,0.3906605922551253,0.33431372549019606,0.5014619883040936,0.3906605922551253,0.4391805377720871
-0.3582521465003772,343,342,535,678,0.3906605922551253,0.3352941176470588,0.5007299270072992,0.3906605922551253,0.4388995521433141
-0.35815463216773336,343,343,535,677,0.3906605922551253,0.3362745098039216,0.5,0.3906605922551253,0.43861892583120204
-0.35815395098810865,344,343,534,677,0.3917995444191344,0.3362745098039216,0.5007278020378457,0.3917995444191344,0.43961661341853037
-0.3581449264792118,345,343,533,677,0.3929384965831435,0.3362745098039216,0.501453488372093,0.3929384965831435,0.44061302681992337
-0.35784713103046817,346,343,532,677,0.3940774487471526,0.3362745098039216,0.502177068214804,0.3940774487471526,0.44160816847479256
-0.3578221330460292,347,343,531,677,0.3952164009111617,0.3362745098039216,0.5028985507246376,0.3952164009111617,0.4426020408163265
-0.35764132562818274,348,343,530,677,0.39635535307517084,0.3362745098039216,0.5036179450072359,0.39635535307517084,0.4435946462715105
-0.35740066740548315,349,343,529,677,0.39749430523917995,0.3362745098039216,0.5043352601156069,0.39749430523917995,0.4445859872611465
-0.3571276616538321,350,343,528,677,0.39863325740318906,0.3362745098039216,0.5050505050505051,0.39863325740318906,0.4455760661998727
-0.3570454238763289,351,343,527,677,0.39977220956719817,0.3362745098039216,0.5057636887608069,0.39977220956719817,0.4465648854961832
-0.3568273117943928,351,344,527,676,0.39977220956719817,0.33725490196078434,0.5050359712230216,0.39977220956719817,0.44628099173553715
-0.35674543238517575,352,344,526,676,0.4009111617312073,0.33725490196078434,0.5057471264367817,0.4009111617312073,0.44726810673443457
-0.35673791541546596,353,344,525,676,0.4020501138952164,0.33725490196078434,0.5064562410329986,0.4020501138952164,0.44825396825396824
-0.35664637992155435,354,344,524,676,0.4031890660592255,0.33725490196078434,0.5071633237822349,0.4031890660592255,0.449238578680203
-0.3561399312256043,355,344,523,676,0.4043280182232346,0.33725490196078434,0.5078683834048641,0.4043280182232346,0.4502219403931515
-0.3560762038503907,355,345,523,675,0.4043280182232346,0.3382352941176471,0.5071428571428571,0.4043280182232346,0.449936628643853
-0.3558601194248394,355,346,523,674,0.4043280182232346,0.3392156862745098,0.5064194008559201,0.4043280182232346,0.4496516782773907
-0.3557272825769638,355,347,523,673,0.4043280182232346,0.34019607843137256,0.5056980056980057,0.4043280182232346,0.44936708860759494
-0.35567823781292973,355,348,523,672,0.4043280182232346,0.3411764705882353,0.5049786628733998,0.4043280182232346,0.44908285895003164
-0.3552455388014232,356,348,522,672,0.4054669703872437,0.3411764705882353,0.5056818181818182,0.4054669703872437,0.45006321112515807
-0.3551264202660894,356,349,522,671,0.4054669703872437,0.34215686274509804,0.5049645390070922,0.4054669703872437,0.44977890082122557
-0.35504335168957085,357,349,521,671,0.40660592255125283,0.34215686274509804,0.5056657223796034,0.40660592255125283,0.45075757575757575
-0.35501772374561624,358,349,520,671,0.40774487471526194,0.34215686274509804,0.5063649222065064,0.40774487471526194,0.4517350157728707
-0.35498829634594875,358,350,520,670,0.40774487471526194,0.3431372549019608,0.5056497175141242,0.40774487471526194,0.45145018915510715
-0.35478206581930194,358,351,520,669,0.40774487471526194,0.34411764705882353,0.5049365303244006,0.40774487471526194,0.45116572148708256
-0.35461606462088596,358,352,520,668,0.40774487471526194,0.34509803921568627,0.504225352112676,0.40774487471526194,0.4508816120906801
-0.3545499147878627,358,353,520,667,0.40774487471526194,0.346078431372549,0.5035161744022504,0.40774487471526194,0.4505978602894902
-0.3544412751355565,359,353,519,667,0.40888382687927105,0.346078431372549,0.5042134831460674,0.40888382687927105,0.45157232704402517
-0.35434908144383365,360,353,518,667,0.41002277904328016,0.346078431372549,0.5049088359046283,0.41002277904328016,0.45254556882463853
-0.35423395536529717,361,353,517,667,0.41116173120728927,0.346078431372549,0.5056022408963585,0.41116173120728927,0.4535175879396985
-0.3541906175515229,362,353,516,667,0.4123006833712984,0.346078431372549,0.5062937062937063,0.4123006833712984,0.45448838669177655
-0.3541460895695436,362,354,516,666,0.4123006833712984,0.34705882352941175,0.505586592178771,0.4123006833712984,0.4542032622333752
-0.3535511341856341,363,354,515,666,0.4134396355353075,0.34705882352941175,0.5062761506276151,0.4134396355353075,0.45517241379310347
-0.35320872706889495,363,355,515,665,0.4134396355353075,0.3480392156862745,0.5055710306406686,0.4134396355353075,0.4548872180451128
-0.3529774666816555,364,355,514,665,0.4145785876993166,0.3480392156862745,0.5062586926286509,0.4145785876993166,0.45585472761427676
-0.3528561622057377,365,355,513,665,0.4157175398633257,0.3480392156862745,0.5069444444444444,0.4157175398633257,0.45682102628285354
-0.3528197044215792,366,355,512,665,0.4168564920273349,0.3480392156862745,0.507628294036061,0.4168564920273349,0.4577861163227017
-0.352771116893219,366,356,512,664,0.4168564920273349,0.34901960784313724,0.5069252077562327,0.4168564920273349,0.4575000000000001
-0.3527504648731088,367,356,511,664,0.417995444191344,0.34901960784313724,0.5076071922544951,0.417995444191344,0.4584634603372892
-0.3527001316138523,368,356,510,664,0.4191343963553531,0.34901960784313724,0.5082872928176796,0.4191343963553531,0.45942571785268416
-0.3526990029865761,369,356,509,664,0.4202733485193622,0.34901960784313724,0.5089655172413793,0.4202733485193622,0.4603867747972551
-0.35255889968510395,369,357,509,663,0.4202733485193622,0.35,0.5082644628099173,0.4202733485193622,0.4600997506234414
-0.35250301774346665,369,358,509,662,0.4202733485193622,0.3509803921568627,0.5075653370013755,0.4202733485193622,0.4598130841121496
-0.35249105379135254,370,358,508,662,0.4214123006833713,0.3509803921568627,0.5082417582417582,0.4214123006833713,0.460772104607721
-0.35243837440292425,371,358,507,662,0.42255125284738043,0.3509803921568627,0.5089163237311386,0.42255125284738043,0.4617299315494711
-0.3524023532651455,371,359,507,661,0.42255125284738043,0.3519607843137255,0.5082191780821917,0.42255125284738043,0.4614427860696518
-0.3523392640543089,371,360,507,660,0.42255125284738043,0.35294117647058826,0.5075239398084815,0.42255125284738043,0.4611559975139839
-0.3521781315978864,372,360,506,660,0.42369020501138954,0.35294117647058826,0.5081967213114754,0.42369020501138954,0.46211180124223605
-0.3520298016639449,373,360,505,660,0.42482915717539865,0.35294117647058826,0.5088676671214188,0.42482915717539865,0.4630664183736809
-0.3517519511563031,373,361,505,659,0.42482915717539865,0.353921568627451,0.5081743869209809,0.42482915717539865,0.46277915632754346
-0.3516369294393753,374,361,504,659,0.42596810933940776,0.353921568627451,0.508843537414966,0.42596810933940776,0.46373217606943584
-0.35161611220275846,375,361,503,659,0.4271070615034169,0.353921568627451,0.5095108695652174,0.4271070615034169,0.46468401486988853
-0.3511216589921526,375,362,503,658,0.4271070615034169,0.35490196078431374,0.508819538670285,0.4271070615034169,0.46439628482972134
-0.3510452212708486,376,362,502,658,0.428246013667426,0.35490196078431374,0.5094850948509485,0.428246013667426,0.4653465346534653
-0.35101413442187546,376,363,502,657,0.428246013667426,0.3558823529411765,0.5087956698240866,0.428246013667426,0.46505875077303654
-0.35085592943315597,376,364,502,656,0.428246013667426,0.3568627450980392,0.5081081081081081,0.428246013667426,0.4647713226205192
-0.35077875911852185,376,365,502,655,0.428246013667426,0.35784313725490197,0.5074224021592443,0.428246013667426,0.4644842495367511
-0.3506309574552355,377,365,501,655,0.4293849658314351,0.35784313725490197,0.5080862533692723,0.4293849658314351,0.4654320987654321
-0.3506296205717748,377,366,501,654,0.4293849658314351,0.3588235294117647,0.5074024226110363,0.4293849658314351,0.4651449722393584
-0.3506120091791291,377,367,501,653,0.4293849658314351,0.35980392156862745,0.5067204301075269,0.4293849658314351,0.4648581997533909
-0.3505721562991018,378,367,500,653,0.4305239179954442,0.35980392156862745,0.5073825503355704,0.4305239179954442,0.4658040665434381
-0.35045389386744225,378,368,500,652,0.4305239179954442,0.3607843137254902,0.5067024128686327,0.4305239179954442,0.46551724137931033
-0.350394037805496,379,368,499,652,0.4316628701594533,0.3607843137254902,0.5073627844712182,0.4316628701594533,0.46646153846153854
-0.350092281203311,380,368,498,652,0.4328018223234624,0.3607843137254902,0.5080213903743316,0.4328018223234624,0.46740467404674046
-0.34965785402865335,381,368,497,652,0.43394077448747154,0.3607843137254902,0.5086782376502003,0.43394077448747154,0.4683466502765826
-0.34964765246309515,381,369,497,651,0.43394077448747154,0.36176470588235293,0.508,0.43394077448747154,0.4680589680589681
-0.34932122701633506,382,369,496,651,0.43507972665148065,0.36176470588235293,0.5086551264980027,0.43507972665148065,0.46899938612645803
-0.3492608876408847,382,370,496,650,0.43507972665148065,0.3627450980392157,0.5079787234042553,0.43507972665148065,0.4687116564417178
-0.34923763088321597,383,370,495,650,0.43621867881548976,0.3627450980392157,0.5086321381142098,0.43621867881548976,0.4696505211526671
-0.3491964733082745,384,370,494,650,0.43735763097949887,0.3627450980392157,0.5092838196286472,0.43735763097949887,0.47058823529411764
-0.34906984891867654,385,370,493,650,0.438496583143508,0.3627450980392157,0.5099337748344371,0.438496583143508,0.4715248009797918
-0.3490654081645395,386,370,492,650,0.4396355353075171,0.3627450980392157,0.5105820105820106,0.4396355353075171,0.4724602203182375
-0.3490036276392519,387,370,491,650,0.4407744874715262,0.3627450980392157,0.5112285336856011,0.4407744874715262,0.473394495412844
-0.3489220999379573,388,370,490,650,0.4419134396355353,0.3627450980392157,0.5118733509234829,0.4419134396355353,0.4743276283618582
-0.3488814189353098,388,371,490,649,0.4419134396355353,0.3637254901960784,0.5111989459815547,0.4419134396355353,0.4740378741600489
-0.3488516334399497,389,371,489,649,0.4430523917995444,0.3637254901960784,0.5118421052631579,0.4430523917995444,0.474969474969475
-0.3487982368763654,389,372,489,648,0.4430523917995444,0.36470588235294116,0.5111695137976346,0.4430523917995444,0.474679682733374
-0.3486754179699827,390,372,488,648,0.44419134396355353,0.36470588235294116,0.5118110236220472,0.44419134396355353,0.47560975609756095
-0.34859276957687546,391,372,487,648,0.44533029612756264,0.36470588235294116,0.5124508519003932,0.44533029612756264,0.47653869591712367
-0.3485095793768244,392,372,486,648,0.44646924829157175,0.36470588235294116,0.5130890052356021,0.44646924829157175,0.4774665042630937
-0.3484640552414005,392,373,486,647,0.44646924829157175,0.3656862745098039,0.5124183006535947,0.44646924829157175,0.4771758977480219
-0.34842379954512365,393,373,485,647,0.44760820045558086,0.3656862745098039,0.5130548302872062,0.44760820045558086,0.4781021897810219
-0.34835158391912097,394,373,484,647,0.44874715261959,0.3656862745098039,0.5136897001303781,0.44874715261959,0.4790273556231003
-0.3482032539834311,395,373,483,647,0.4498861047835991,0.3656862745098039,0.5143229166666666,0.4498861047835991,0.479951397326853
-0.3481746205272869,395,374,483,646,0.4498861047835991,0.36666666666666664,0.5136540962288687,0.4498861047835991,0.47965998785670916
-0.3481460328202913,396,374,482,646,0.4510250569476082,0.36666666666666664,0.5142857142857142,0.4510250569476082,0.4805825242718446
-0.3480967440496608,397,374,481,646,0.4521640091116173,0.36666666666666664,0.5149156939040207,0.4521640091116173,0.48150394178289874
-0.3480844099650299,398,374,480,646,0.4533029612756264,0.36666666666666664,0.5155440414507773,0.4533029612756264,0.4824242424242424
-0.3477237719775825,399,374,479,646,0.4544419134396355,0.36666666666666664,0.5161707632600259,0.4544419134396355,0.48334342822531795
-0.3476893983320988,400,374,478,646,0.45558086560364464,0.36666666666666664,0.5167958656330749,0.45558086560364464,0.4842615012106537
-0.34766817169347586,400,375,478,645,0.45558086560364464,0.36764705882352944,0.5161290322580645,0.45558086560364464,0.483968542044767
-0.34763859805683595,401,375,477,645,0.45671981776765375,0.36764705882352944,0.5167525773195877,0.45671981776765375,0.48488512696493347
-0.3476359775566519,401,376,477,644,0.45671981776765375,0.3686274509803922,0.5160875160875161,0.45671981776765375,0.4845921450151057
-0.34737052930015055,401,377,477,643,0.45671981776765375,0.3696078431372549,0.5154241645244216,0.45671981776765375,0.48429951690821255
-0.3472887767042007,402,377,476,643,0.45785876993166286,0.3696078431372549,0.5160462130937099,0.45785876993166286,0.4852142426071213
-0.3471485484873622,403,377,475,643,0.45899772209567197,0.3696078431372549,0.5166666666666667,0.45899772209567197,0.48612786489746684
-0.3470212817800878,404,377,474,643,0.4601366742596811,0.3696078431372549,0.5172855313700384,0.4601366742596811,0.487040385774563
-0.34699250748855737,404,378,474,642,0.4601366742596811,0.37058823529411766,0.5166240409207161,0.4601366742596811,0.4867469879518072
-0.3468971237765654,405,378,473,642,0.4612756264236902,0.37058823529411766,0.5172413793103449,0.4612756264236902,0.48765803732691143
-0.3468446660757655,405,379,473,641,0.4612756264236902,0.3715686274509804,0.5165816326530612,0.4612756264236902,0.4873646209386282
-0.3467822528236156,405,380,473,640,0.4612756264236902,0.37254901960784315,0.5159235668789809,0.4612756264236902,0.4870715574263379
-0.3466683368848892,405,381,473,639,0.4612756264236902,0.3735294117647059,0.5152671755725191,0.4612756264236902,0.4867788461538462
-0.3464779852530371,406,381,472,639,0.4624145785876993,0.3735294117647059,0.5158831003811944,0.4624145785876993,0.48768768768768767
-0.3463910459283059,407,381,471,639,0.4635535307517084,0.3735294117647059,0.516497461928934,0.4635535307517084,0.48859543817527007
-0.3461739416450403,407,382,471,638,0.4635535307517084,0.37450980392156863,0.5158428390367554,0.4635535307517084,0.4883023395320936
-0.34609743357449774,407,383,471,637,0.4635535307517084,0.37549019607843137,0.5151898734177215,0.4635535307517084,0.4880095923261391
-0.3460301111109073,408,383,470,637,0.4646924829157175,0.37549019607843137,0.515802781289507,0.4646924829157175,0.48891551827441576
-0.3459649792583552,409,383,469,637,0.46583143507972663,0.37549019607843137,0.5164141414141414,0.46583143507972663,0.48982035928143713
-0.34568781155390826,410,383,468,637,0.46697038724373574,0.37549019607843137,0.5170239596469105,0.46697038724373574,0.4907241172950329
-0.34567010064422876,410,384,468,636,0.46697038724373574,0.3764705882352941,0.5163727959697733,0.46697038724373574,0.49043062200956933
-0.34549624153164404,410,385,468,635,0.46697038724373574,0.37745098039215685,0.5157232704402516,0.46697038724373574,0.49013747758517634
-0.34543561475895307,411,385,467,635,0.46810933940774485,0.37745098039215685,0.5163316582914573,0.46810933940774485,0.4910394265232976
-0.3453036356418551,411,386,467,634,0.46810933940774485,0.3784313725490196,0.5156838143036386,0.46810933940774485,0.4907462686567164
-0.34520131030863227,412,386,466,634,0.46924829157175396,0.3784313725490196,0.5162907268170426,0.46924829157175396,0.4916467780429594
-0.3449994155060518,412,387,466,633,0.46924829157175396,0.37941176470588234,0.5156445556946183,0.46924829157175396,0.4913536076326774
-0.34492984709000035,412,388,466,632,0.46924829157175396,0.3803921568627451,0.515,0.46924829157175396,0.4910607866507747
-0.344811713526899,413,388,465,632,0.47038724373576307,0.3803921568627451,0.5156054931335831,0.47038724373576307,0.4919594997022037
-0.3446805412847613,414,388,464,632,0.4715261958997722,0.3803921568627451,0.516209476309227,0.4715261958997722,0.4928571428571429
-0.34449480529662085,414,389,464,631,0.4715261958997722,0.3813725490196078,0.5155666251556662,0.4715261958997722,0.4925639500297442
-0.34446269515181294,414,390,464,630,0.4715261958997722,0.38235294117647056,0.5149253731343284,0.4715261958997722,0.4922711058263971
-0.34443883569284894,414,391,464,629,0.4715261958997722,0.38333333333333336,0.5142857142857142,0.4715261958997722,0.4919786096256684
-0.34431859214317717,414,392,464,628,0.4715261958997722,0.3843137254901961,0.5136476426799007,0.4715261958997722,0.4916864608076009
-0.34426638592623454,415,392,463,628,0.47266514806378135,0.3843137254901961,0.5142503097893433,0.47266514806378135,0.49258160237388726
-0.343993623254102,415,393,463,627,0.47266514806378135,0.38529411764705884,0.5136138613861386,0.47266514806378135,0.49228944246737844
-0.34396246443874373,416,393,462,627,0.47380410022779046,0.38529411764705884,0.5142150803461063,0.47380410022779046,0.49318316538233553
-0.34395178279872435,417,393,461,627,0.47494305239179957,0.38529411764705884,0.5148148148148148,0.47494305239179957,0.4940758293838863
-0.3438758434571275,417,394,461,626,0.47494305239179957,0.3862745098039216,0.5141800246609125,0.47494305239179957,0.4937833037300178
-0.3436569522529643,418,394,460,626,0.4760820045558087,0.3862745098039216,0.5147783251231527,0.4760820045558087,0.4946745562130178
-0.34361681163564634,419,395,459,625,0.4772209567198178,0.3872549019607843,0.5147420147420148,0.4772209567198178,0.4952718676122932
-0.34360571746273605,419,396,459,624,0.4772209567198178,0.38823529411764707,0.5141104294478528,0.4772209567198178,0.4949793266391022
-0.3436000463316852,419,397,459,623,0.4772209567198178,0.3892156862745098,0.5134803921568627,0.4772209567198178,0.4946871310507674
-0.3435950810281221,420,397,458,623,0.4783599088838269,0.3892156862745098,0.5140758873929009,0.4783599088838269,0.49557522123893805
-0.34349615983250453,420,398,458,622,0.4783599088838269,0.39019607843137255,0.5134474327628362,0.4783599088838269,0.4952830188679246
-0.34346643236738117,421,398,457,622,0.479498861047836,0.39019607843137255,0.514041514041514,0.479498861047836,0.49616971125515613
-0.3434177885523703,422,398,456,622,0.4806378132118451,0.39019607843137255,0.5146341463414634,0.4806378132118451,0.49705535924617195
-0.3433726969447286,422,399,456,621,0.4806378132118451,0.3911764705882353,0.5140073081607796,0.4806378132118451,0.49676280164802833
-0.34317910387103395,422,400,456,620,0.4806378132118451,0.39215686274509803,0.51338199513382,0.4806378132118451,0.49647058823529416
-0.3428237605144531,422,401,456,619,0.4806378132118451,0.3931372549019608,0.5127582017010935,0.4806378132118451,0.49617871840094063
-0.34271789794733637,423,401,455,619,0.48177676537585423,0.3931372549019608,0.5133495145631068,0.48177676537585423,0.4970622796709754
-0.34271121669279353,424,401,454,619,0.48291571753986334,0.3931372549019608,0.5139393939393939,0.48291571753986334,0.49794480328831475
-0.3426729920762127,424,402,454,618,0.48291571753986334,0.3941176470588235,0.513317191283293,0.48291571753986334,0.49765258215962443
-0.34239095059472546,425,402,453,618,0.48405466970387245,0.3941176470588235,0.5139056831922612,0.48405466970387245,0.49853372434017595
-0.3423130204199099,426,402,452,618,0.48519362186788156,0.3941176470588235,0.5144927536231884,0.48519362186788156,0.49941383352872215
-0.34200079288432833,426,403,452,617,0.48519362186788156,0.39509803921568626,0.5138721351025332,0.48519362186788156,0.49912126537785595
-0.34198911700740897,426,404,452,616,0.48519362186788156,0.396078431372549,0.5132530120481927,0.48519362186788156,0.4988290398126464
-0.3419643532243544,426,405,452,615,0.48519362186788156,0.39705882352941174,0.5126353790613718,0.48519362186788156,0.4985371562317144
-0.34165872804064434,427,405,451,615,0.4863325740318907,0.39705882352941174,0.5132211538461539,0.4863325740318907,0.4994152046783626
-0.3415940764459652,428,405,450,615,0.4874715261958998,0.39705882352941174,0.5138055222088835,0.4874715261958998,0.500292226767972
-0.3415171583867838,428,406,450,614,0.4874715261958998,0.3980392156862745,0.513189448441247,0.4874715261958998,0.5
-0.3411985277573674,429,406,449,614,0.4886104783599089,0.3980392156862745,0.5137724550898204,0.4886104783599089,0.500875656742557
-0.3407781856014353,429,407,449,613,0.4886104783599089,0.3990196078431373,0.5131578947368421,0.4886104783599089,0.5005834305717619
-0.340587496216908,430,407,448,613,0.489749430523918,0.3990196078431373,0.5137395459976105,0.489749430523918,0.5014577259475219
-0.3403726249998323,431,407,447,613,0.4908883826879271,0.3990196078431373,0.5143198090692124,0.4908883826879271,0.5023310023310024
-0.3403190730165593,431,408,447,612,0.4908883826879271,0.4,0.5137067938021455,0.4908883826879271,0.5020384391380315
-0.3402908021077122,432,408,446,612,0.4920273348519362,0.4,0.5142857142857142,0.4920273348519362,0.5029103608847497
-0.3402658613313391,432,409,446,611,0.4920273348519362,0.40098039215686276,0.5136741973840666,0.4920273348519362,0.5026178010471204
-0.3402572070521332,433,409,445,611,0.49316628701594534,0.40098039215686276,0.5142517814726841,0.49316628701594534,0.5034883720930233
-0.34024834414319033,433,410,445,610,0.49316628701594534,0.4019607843137255,0.5136417556346382,0.49316628701594534,0.5031958163858222
-0.34014727290429814,433,411,445,609,0.49316628701594534,0.40294117647058825,0.5130331753554502,0.49316628701594534,0.5029036004645762
-0.340117286170549,433,412,445,608,0.49316628701594534,0.403921568627451,0.5124260355029586,0.49316628701594534,0.5026117237376668
-0.3400532267705012,434,412,444,608,0.49430523917995445,0.403921568627451,0.5130023640661938,0.49430523917995445,0.5034802784222737
-0.3399981328008078,435,412,443,608,0.49544419134396356,0.403921568627451,0.51357733175915,0.49544419134396356,0.5043478260869566
-0.3399966707893763,436,412,442,608,0.49658314350797267,0.403921568627451,0.5141509433962265,0.49658314350797267,0.5052143684820394
-0.33988596960463385,436,413,442,607,0.49658314350797267,0.40490196078431373,0.5135453474676089,0.49658314350797267,0.5049218297625941
-0.3396915468881877,437,413,441,607,0.4977220956719818,0.40490196078431373,0.5141176470588236,0.4977220956719818,0.505787037037037
-0.33955896675626557,437,414,441,606,0.4977220956719818,0.40588235294117647,0.5135135135135135,0.4977220956719818,0.5054945054945055
-0.3394688948533877,437,415,441,605,0.4977220956719818,0.4068627450980392,0.5129107981220657,0.4977220956719818,0.5052023121387285
-0.3393735559968003,437,416,441,604,0.4977220956719818,0.40784313725490196,0.5123094958968347,0.4977220956719818,0.5049104563835932
-0.3393160553692807,438,416,440,604,0.4988610478359909,0.40784313725490196,0.5128805620608899,0.4988610478359909,0.5057736720554273
-0.33910054489389124,438,417,440,603,0.4988610478359909,0.4088235294117647,0.512280701754386,0.4988610478359909,0.5054818234275822
-0.3390912474252952,439,417,439,603,0.5,0.4088235294117647,0.5128504672897196,0.5,0.5063437139561707
-0.3389644579173656,439,418,439,602,0.5,0.40980392156862744,0.5122520420070011,0.5,0.5060518731988473
-0.33891834769139445,439,419,439,601,0.5,0.4107843137254902,0.5116550116550117,0.5,0.5057603686635944
-0.3388848603450146,440,419,438,601,0.5011389521640092,0.4107843137254902,0.5122235157159488,0.5011389521640092,0.5066206102475533
-0.3384884636183607,441,419,437,601,0.5022779043280182,0.4107843137254902,0.5127906976744186,0.5022779043280182,0.5074798619102417
-0.33846425365557736,442,419,436,601,0.5034168564920274,0.4107843137254902,0.5133565621370499,0.5034168564920274,0.5083381253594019
-0.3382447568951275,443,419,435,601,0.5045558086560364,0.4107843137254902,0.5139211136890951,0.5045558086560364,0.5091954022988505
-0.33822459449364073,444,419,434,601,0.5056947608200456,0.4107843137254902,0.5144843568945539,0.5056947608200456,0.5100516944284893
-0.33818249965507763,445,419,433,601,0.5068337129840547,0.4107843137254902,0.5150462962962963,0.5068337129840547,0.5109070034443168
-0.337729842710327,445,420,433,600,0.5068337129840547,0.4117647058823529,0.5144508670520231,0.5068337129840547,0.51061388410786
-0.33754667678203903,446,420,432,600,0.5079726651480638,0.4117647058823529,0.5150115473441108,0.5079726651480638,0.5114678899082569
-0.3375216828381295,447,420,431,600,0.5091116173120729,0.4117647058823529,0.5155709342560554,0.5091116173120729,0.512320916905444
-0.3375190431808374,448,420,430,600,0.510250569476082,0.4117647058823529,0.5161290322580645,0.510250569476082,0.5131729667812143
-0.3375126563455627,448,421,430,599,0.510250569476082,0.41274509803921566,0.5155350978135789,0.510250569476082,0.5128792215226102
-0.3372591588781094,449,421,429,599,0.5113895216400911,0.41274509803921566,0.5160919540229885,0.5113895216400911,0.5137299771167049
-0.33722888118218225,449,422,429,598,0.5113895216400911,0.4137254901960784,0.5154994259471871,0.5113895216400911,0.5134362492853058
-0.33720196370291194,450,422,428,598,0.5125284738041003,0.4137254901960784,0.5160550458715596,0.5125284738041003,0.5142857142857142
-0.33688177383666434,450,423,428,597,0.5125284738041003,0.4147058823529412,0.5154639175257731,0.5125284738041003,0.5139920045688179
-0.33673766191850535,450,424,428,596,0.5125284738041003,0.41568627450980394,0.5148741418764302,0.5125284738041003,0.5136986301369864
-0.336631841503211,451,424,427,596,0.5136674259681093,0.41568627450980394,0.5154285714285715,0.5136674259681093,0.5145464917284656
-0.33619765682214264,452,424,426,596,0.5148063781321185,0.41568627450980394,0.5159817351598174,0.5148063781321185,0.51539338654504
-0.33613161542594705,452,425,426,595,0.5148063781321185,0.4166666666666667,0.5153933865450399,0.5148063781321185,0.5150997150997151
-0.3358893016169198,452,426,426,594,0.5148063781321185,0.4176470588235294,0.5148063781321185,0.5148063781321185,0.5148063781321185
-0.33575663052018895,452,427,426,593,0.5148063781321185,0.41862745098039217,0.5142207053469852,0.5148063781321185,0.5145133750711439
-0.33571428199416986,453,427,425,593,0.5159453302961275,0.41862745098039217,0.5147727272727273,0.5159453302961275,0.515358361774744
-0.33569575826806947,454,427,424,593,0.5170842824601367,0.41862745098039217,0.5153234960272418,0.5170842824601367,0.5162023877202957
-0.33561700676121214,454,428,424,592,0.5170842824601367,0.4196078431372549,0.5147392290249433,0.5170842824601367,0.5159090909090909
-0.3355533946413591,454,429,424,591,0.5170842824601367,0.42058823529411765,0.5141562853907135,0.5170842824601367,0.5156161272004542
-0.33551513478236533,455,429,423,591,0.5182232346241458,0.42058823529411765,0.5147058823529411,0.5182232346241458,0.5164585698070375
-0.3355042172374829,455,430,423,590,0.5182232346241458,0.4215686274509804,0.5141242937853108,0.5182232346241458,0.5161656267725468
-0.33550418275781557,456,430,422,590,0.5193621867881549,0.4215686274509804,0.5146726862302483,0.5193621867881549,0.5170068027210885
-0.3354940000065646,456,431,422,589,0.5193621867881549,0.42254901960784313,0.5140924464487034,0.5193621867881549,0.51671388101983
-0.3354511855781268,457,431,421,589,0.520501138952164,0.42254901960784313,0.5146396396396397,0.520501138952164,0.5175537938844846
-0.3353071839817478,457,432,421,588,0.520501138952164,0.4235294117647059,0.5140607424071991,0.520501138952164,0.5172608941709111
-0.33488195914690333,458,432,420,588,0.5216400911161732,0.4235294117647059,0.5146067415730337,0.5216400911161732,0.5180995475113123
-0.33487816703209544,458,433,420,587,0.5216400911161732,0.4245098039215686,0.5140291806958474,0.5216400911161732,0.5178066704352743
-0.33487695236015014,458,434,420,586,0.5216400911161732,0.42549019607843136,0.5134529147982063,0.5216400911161732,0.5175141242937853
-0.3347292611432802,459,434,419,586,0.5227790432801822,0.42549019607843136,0.5139977603583427,0.5227790432801822,0.518351214003388
-0.33472169518443556,460,434,418,586,0.5239179954441914,0.42549019607843136,0.5145413870246085,0.5239179954441914,0.5191873589164786
-0.33467718372437016,461,434,417,586,0.5250569476082004,0.42549019607843136,0.5150837988826815,0.5250569476082004,0.5200225606316976
-0.3346221541967332,461,435,417,585,0.5250569476082004,0.4264705882352941,0.5145089285714286,0.5250569476082004,0.5197294250281849
-0.33431445703023294,462,435,416,585,0.5261958997722096,0.4264705882352941,0.5150501672240803,0.5261958997722096,0.52056338028169
-0.3342798983562583,462,436,416,584,0.5261958997722096,0.42745098039215684,0.5144766146993318,0.5261958997722096,0.5202702702702703
-0.33367718109347094,463,436,415,584,0.5273348519362187,0.42745098039215684,0.5150166852057843,0.5273348519362187,0.5211029825548678
-0.3335816873086025,464,436,414,584,0.5284738041002278,0.42745098039215684,0.5155555555555555,0.5284738041002278,0.5219347581552305
-0.33349108807880445,465,436,413,584,0.5296127562642369,0.42745098039215684,0.516093229744728,0.5296127562642369,0.5227655986509273
-0.3334550989889931,465,437,413,583,0.5296127562642369,0.4284313725490196,0.5155210643015521,0.5296127562642369,0.5224719101123596
-0.33334630562078577,466,437,412,583,0.530751708428246,0.4284313725490196,0.5160575858250277,0.530751708428246,0.523301516002246
-0.33325557394721855,466,438,412,582,0.530751708428246,0.4294117647058823,0.5154867256637168,0.530751708428246,0.5230078563411897
-0.33317863534348924,466,439,412,581,0.530751708428246,0.4303921568627451,0.5149171270718232,0.530751708428246,0.5227145260796412
-0.33308539211951343,467,439,411,581,0.5318906605922551,0.4303921568627451,0.5154525386313465,0.5318906605922551,0.5235426008968609
-0.3330263055171018,468,439,410,581,0.5330296127562643,0.4303921568627451,0.515986769570011,0.5330296127562643,0.5243697478991597
-0.33274715663442983,469,439,409,581,0.5341685649202733,0.4303921568627451,0.5165198237885462,0.5341685649202733,0.5251959686450168
-0.3326865836556323,469,440,409,580,0.5341685649202733,0.43137254901960786,0.5159515951595159,0.5341685649202733,0.5249020705092333
-0.3326691799704139,470,440,408,580,0.5353075170842825,0.43137254901960786,0.5164835164835165,0.5353075170842825,0.5257270693512305
-0.33254955533225294,471,440,407,580,0.5364464692482915,0.43137254901960786,0.5170142700329309,0.5364464692482915,0.5265511458915596
-0.33244865991850747,471,441,407,579,0.5364464692482915,0.4323529411764706,0.5164473684210527,0.5364464692482915,0.5262569832402234
-0.33236503510147736,472,441,406,579,0.5375854214123007,0.4323529411764706,0.5169769989047097,0.5375854214123007,0.5270798436627583
-0.33219287955386173,473,441,405,579,0.5387243735763098,0.4323529411764706,0.5175054704595186,0.5387243735763098,0.5279017857142856
-0.3320015435863999,473,442,405,578,0.5387243735763098,0.43333333333333335,0.5169398907103825,0.5387243735763098,0.5276073619631901
-0.3319209013213596,474,442,404,578,0.5398633257403189,0.43333333333333335,0.517467248908297,0.5398633257403189,0.5284280936454849
-0.3317983630353162,475,442,403,578,0.541002277904328,0.43333333333333335,0.5179934569247546,0.541002277904328,0.5292479108635098
-0.3317295182171355,475,443,403,577,0.541002277904328,0.4343137254901961,0.5174291938997821,0.541002277904328,0.5289532293986636
-0.331309148656613,475,444,403,576,0.541002277904328,0.43529411764705883,0.5168661588683352,0.541002277904328,0.528658875904285
-0.3312754342024887,475,445,403,575,0.541002277904328,0.4362745098039216,0.5163043478260869,0.541002277904328,0.5283648498331479
-0.33121695932033285,475,446,403,574,0.541002277904328,0.4372549019607843,0.5157437567861021,0.541002277904328,0.528071150639244
-0.33115565404264546,475,447,403,573,0.541002277904328,0.43823529411764706,0.5151843817787418,0.541002277904328,0.5277777777777778
-0.3310588026663873,475,448,403,572,0.541002277904328,0.4392156862745098,0.514626218851571,0.541002277904328,0.5274847307051638
-0.3309676951839306,476,448,402,572,0.5421412300683371,0.4392156862745098,0.5151515151515151,0.5421412300683371,0.5283018867924528
-0.3308808291857533,477,448,401,572,0.5432801822323462,0.4392156862745098,0.5156756756756756,0.5432801822323462,0.5291181364392679
-0.33087514813389374,478,448,400,572,0.5444191343963554,0.4392156862745098,0.5161987041036717,0.5444191343963554,0.5299334811529934
-0.33078453208822906,479,448,399,572,0.5455580865603644,0.4392156862745098,0.5167206040992449,0.5455580865603644,0.5307479224376732
-0.3306836201734107,479,449,399,571,0.5455580865603644,0.44019607843137254,0.5161637931034483,0.5455580865603644,0.530454042081949
-0.33057014486622827,480,449,398,571,0.5466970387243736,0.44019607843137254,0.5166846071044133,0.5466970387243736,0.5312672938572218
-0.33056659597965043,481,449,397,571,0.5478359908883826,0.44019607843137254,0.5172043010752688,0.5478359908883826,0.5320796460176991
-0.33054097888641704,481,450,397,570,0.5478359908883826,0.4411764705882353,0.5166487647690655,0.5478359908883826,0.5317855168601437
-0.33037019345697644,482,450,396,570,0.5489749430523918,0.4411764705882353,0.5171673819742489,0.5489749430523918,0.5325966850828728
-0.33023245081602814,482,451,396,569,0.5489749430523918,0.442156862745098,0.5166130760986066,0.5489749430523918,0.5323025952512423
-0.33016622558531444,483,451,395,569,0.5501138952164009,0.442156862745098,0.5171306209850107,0.5501138952164009,0.533112582781457
-0.3301601221821875,483,452,395,568,0.5501138952164009,0.44313725490196076,0.5165775401069519,0.5501138952164009,0.5328185328185328
-0.3301185395887754,484,452,394,568,0.55125284738041,0.44313725490196076,0.5170940170940171,0.55125284738041,0.5336273428886439
-0.3299012297736865,485,452,393,568,0.5523917995444191,0.44313725490196076,0.5176093916755603,0.5523917995444191,0.5344352617079889
-0.32975245312107376,485,453,393,567,0.5523917995444191,0.4441176470588235,0.5170575692963753,0.5523917995444191,0.5341409691629955
-0.32956758909265477,485,454,393,566,0.5523917995444191,0.44509803921568625,0.516506922257721,0.5523917995444191,0.5338470005503576
-0.3294933274313064,485,455,393,565,0.5523917995444191,0.44607843137254904,0.5159574468085106,0.5523917995444191,0.5335533553355336
-0.329405264534548,485,456,393,564,0.5523917995444191,0.4470588235294118,0.5154091392136025,0.5523917995444191,0.5332600329851567
-0.329310562981119,485,457,393,563,0.5523917995444191,0.44803921568627453,0.5148619957537155,0.5523917995444191,0.532967032967033
-0.3292551376159434,486,457,392,563,0.5535307517084282,0.44803921568627453,0.5153764581124072,0.5535307517084282,0.5337726523887973
-0.32921091258754787,487,457,391,563,0.5546697038724373,0.44803921568627453,0.5158898305084746,0.5546697038724373,0.5345773874862788
-0.3289777848234006,488,457,390,563,0.5558086560364465,0.44803921568627453,0.5164021164021164,0.5558086560364465,0.5353812397147558
-0.32880163377627747,489,457,389,563,0.5569476082004556,0.44803921568627453,0.5169133192389006,0.5569476082004556,0.5361842105263158
-0.3287721459188439,490,457,388,563,0.5580865603644647,0.44803921568627453,0.5174234424498416,0.5580865603644647,0.536986301369863
-0.3285202555488471,490,458,388,562,0.5580865603644647,0.44901960784313727,0.5168776371308017,0.5580865603644647,0.5366922234392113
-0.3284921083895962,490,459,388,561,0.5580865603644647,0.45,0.5163329820864068,0.5580865603644647,0.5363984674329502
-0.32844802051294697,490,460,388,560,0.5580865603644647,0.45098039215686275,0.5157894736842106,0.5580865603644647,0.5361050328227571
-0.32844398500536076,490,461,388,559,0.5580865603644647,0.4519607843137255,0.5152471083070452,0.5580865603644647,0.5358119190814652
-0.32813003945948155,492,461,386,559,0.5603644646924829,0.4519607843137255,0.5162644281217209,0.5603644646924829,0.537411250682687
-0.3279097597475044,493,461,385,559,0.5615034168564921,0.4519607843137255,0.5167714884696016,0.5615034168564921,0.5382096069868996
-0.32771058116554963,494,461,384,559,0.5626423690205011,0.4519607843137255,0.5172774869109947,0.5626423690205011,0.5390070921985817
-0.3275973398780854,495,461,383,559,0.5637813211845103,0.4519607843137255,0.5177824267782427,0.5637813211845103,0.539803707742639
-0.32754061120636335,495,462,383,558,0.5637813211845103,0.45294117647058824,0.5172413793103449,0.5637813211845103,0.5395095367847412
-0.3275190965426735,497,462,381,558,0.5660592255125285,0.45294117647058824,0.5182481751824818,0.5660592255125285,0.5410996189439303
-0.32745922349042517,497,463,381,557,0.5660592255125285,0.453921568627451,0.5177083333333333,0.5660592255125285,0.5408052230685527
-0.3273716390970899,497,464,381,556,0.5660592255125285,0.4549019607843137,0.5171696149843913,0.5660592255125285,0.5405111473626972
-0.3272887632372809,498,464,380,556,0.5671981776765376,0.4549019607843137,0.5176715176715176,0.5671981776765376,0.5413043478260869
-0.327203944990557,499,464,379,556,0.5683371298405467,0.4549019607843137,0.5181723779854621,0.5683371298405467,0.5420966865833786
-0.3271660329581249,499,465,379,555,0.5683371298405467,0.45588235294117646,0.5176348547717843,0.5683371298405467,0.5418023887079263
-0.32709703926870015,499,466,379,554,0.5683371298405467,0.4568627450980392,0.5170984455958549,0.5683371298405467,0.5415084102007597
-0.32705786133007003,499,467,379,553,0.5683371298405467,0.45784313725490194,0.5165631469979296,0.5683371298405467,0.5412147505422994
-0.327048107898793,499,468,379,552,0.5683371298405467,0.4588235294117647,0.516028955532575,0.5683371298405467,0.5409214092140923
-0.32700612990927086,499,469,379,551,0.5683371298405467,0.4598039215686274,0.515495867768595,0.5683371298405467,0.5406283856988083
-0.3268356104265483,499,470,379,550,0.5683371298405467,0.46078431372549017,0.5149638802889577,0.5683371298405467,0.5403356794802383
-0.32638453068306905,500,470,378,550,0.5694760820045558,0.46078431372549017,0.5154639175257731,0.5694760820045558,0.541125541125541
-0.32634520323414834,501,470,377,550,0.570615034168565,0.46078431372549017,0.5159629248197735,0.570615034168565,0.541914548404543
-0.32621085111642356,502,470,376,550,0.571753986332574,0.46078431372549017,0.5164609053497943,0.571753986332574,0.5427027027027028
-0.326097435973523,502,471,376,549,0.571753986332574,0.46176470588235297,0.5159301130524152,0.571753986332574,0.5424095083738519
-0.32573947928126956,503,471,375,549,0.5728929384965832,0.46176470588235297,0.5164271047227926,0.5728929384965832,0.5431965442764578
-0.3256927336812208,503,472,375,548,0.5728929384965832,0.4627450980392157,0.5158974358974359,0.5728929384965832,0.5429033998920669
-0.3255864723961152,503,473,375,547,0.5728929384965832,0.46372549019607845,0.5153688524590164,0.5728929384965832,0.5426105717367854
-0.32537982862027,503,474,375,546,0.5728929384965832,0.4647058823529412,0.5148413510747185,0.5728929384965832,0.5423180592991913
-0.32537847735672365,503,475,375,545,0.5728929384965832,0.46568627450980393,0.5143149284253579,0.5728929384965832,0.5420258620689654
-0.3253588064118061,503,476,375,544,0.5728929384965832,0.4666666666666667,0.5137895812053116,0.5728929384965832,0.5417339795368875
-0.3251997017392728,504,476,374,544,0.5740318906605922,0.4666666666666667,0.5142857142857142,0.5740318906605922,0.542518837459634
-0.32492177858678595,504,477,374,543,0.5740318906605922,0.4676470588235294,0.5137614678899083,0.5740318906605922,0.5422270037654653
-0.3246907340124159,505,477,373,543,0.5751708428246014,0.4676470588235294,0.5142566191446029,0.5751708428246014,0.543010752688172
-0.3246374156065249,505,478,373,542,0.5751708428246014,0.46862745098039216,0.513733468972533,0.5751708428246014,0.5427189682966147
-0.3245563998324622,505,479,373,541,0.5751708428246014,0.4696078431372549,0.5132113821138211,0.5751708428246014,0.5424274973147153
-0.32444675470039536,505,480,373,540,0.5751708428246014,0.47058823529411764,0.5126903553299492,0.5751708428246014,0.5421363392377885
-0.32440700982095855,505,481,373,539,0.5751708428246014,0.4715686274509804,0.5121703853955375,0.5751708428246014,0.5418454935622318
-0.3243549833756262,505,482,373,538,0.5751708428246014,0.4725490196078431,0.5116514690982776,0.5751708428246014,0.5415549597855228
-0.32432805319641733,505,483,373,537,0.5751708428246014,0.47352941176470587,0.5111336032388664,0.5751708428246014,0.5412647374062165
-0.32415392646222174,506,483,372,537,0.5763097949886105,0.47352941176470587,0.5116279069767442,0.5763097949886105,0.5420460632029994
-0.32387409436943204,506,484,372,536,0.5763097949886105,0.4745098039215686,0.5111111111111111,0.5763097949886105,0.5417558886509636
-0.3237857423567219,506,485,372,535,0.5763097949886105,0.47549019607843135,0.5105953582240161,0.5763097949886105,0.541466024612092
-0.3237824187771158,507,485,371,535,0.5774487471526196,0.47549019607843135,0.5110887096774194,0.5774487471526196,0.5422459893048128
-0.3236919374259046,507,486,371,534,0.5774487471526196,0.4764705882352941,0.5105740181268882,0.5774487471526196,0.5419561731694281
-0.3235645147099712,508,486,370,534,0.5785876993166287,0.4764705882352941,0.5110663983903421,0.5785876993166287,0.5427350427350427
-0.3235430641700049,509,486,369,534,0.5797266514806378,0.4764705882352941,0.5115577889447236,0.5797266514806378,0.5435130806193273
-0.3234857961113898,510,486,368,534,0.5808656036446469,0.4764705882352941,0.5120481927710844,0.5808656036446469,0.5442902881536819
-0.32340737542401915,510,487,368,533,0.5808656036446469,0.4774509803921569,0.5115346038114343,0.5808656036446469,0.544
-0.32334964757532586,510,488,368,532,0.5808656036446469,0.47843137254901963,0.5110220440881763,0.5808656036446469,0.5437100213219616
-0.32331887987530317,511,488,367,532,0.5820045558086561,0.47843137254901963,0.5115115115115115,0.5820045558086561,0.5444858817261587
-0.32330036866118883,511,489,367,531,0.5820045558086561,0.47941176470588237,0.511,0.5820045558086561,0.54419595314164
-0.3232968547614689,512,489,366,531,0.5831435079726651,0.47941176470588237,0.5114885114885115,0.5831435079726651,0.5449707291112295
-0.32310586248278733,513,489,365,531,0.5842824601366743,0.47941176470588237,0.5119760479041916,0.5842824601366743,0.5457446808510639
-0.3228317059824677,513,490,365,530,0.5842824601366743,0.4803921568627451,0.5114656031904287,0.5842824601366743,0.5454545454545453
-0.32275793840377315,514,490,364,530,0.5854214123006833,0.4803921568627451,0.5119521912350598,0.5854214123006833,0.5462274176408076
-0.3227455486244544,515,490,363,530,0.5865603644646925,0.4803921568627451,0.5124378109452736,0.5865603644646925,0.5469994689325546
-0.3226884217283987,516,490,362,530,0.5876993166287016,0.4803921568627451,0.5129224652087475,0.5876993166287016,0.5477707006369427
-0.3226880005054142,517,490,361,530,0.5888382687927107,0.4803921568627451,0.5134061569016882,0.5888382687927107,0.5485411140583554
-0.32262354307579433,517,491,361,529,0.5888382687927107,0.48137254901960785,0.5128968253968254,0.5888382687927107,0.5482502651113468
-0.322599160155943,517,492,361,528,0.5888382687927107,0.4823529411764706,0.512388503468781,0.5888382687927107,0.5479597244303126
-0.3225647052345339,518,492,360,528,0.5899772209567198,0.4823529411764706,0.5128712871287129,0.5899772209567198,0.548728813559322
-0.32209489979947364,518,493,360,527,0.5899772209567198,0.48333333333333334,0.5123639960435212,0.5899772209567198,0.5484383271572261
-0.3217513988357067,519,493,359,527,0.591116173120729,0.48333333333333334,0.5128458498023716,0.591116173120729,0.5492063492063494
-0.32169551342879826,519,494,359,526,0.591116173120729,0.4843137254901961,0.5123395853899309,0.591116173120729,0.5489159175039661
-0.32154018373851123,519,495,359,525,0.591116173120729,0.4852941176470588,0.5118343195266272,0.591116173120729,0.5486257928118393
-0.3215046277321086,520,495,358,525,0.592255125284738,0.4852941176470588,0.5123152709359606,0.592255125284738,0.5493924986793449
-0.32127305545250345,521,495,357,525,0.5933940774487472,0.4852941176470588,0.5127952755905512,0.5933940774487472,0.5501583949313622
-0.3212589704694507,521,496,357,524,0.5933940774487472,0.48627450980392156,0.512291052114061,0.5933940774487472,0.5498680738786279
-0.3211679531443377,522,496,356,524,0.5945330296127562,0.48627450980392156,0.5127701375245579,0.5945330296127562,0.550632911392405
-0.32114951278617854,522,497,356,523,0.5945330296127562,0.4872549019607843,0.5122669283611384,0.5945330296127562,0.5503426462836057
-0.3210569785464468,523,497,355,523,0.5956719817767654,0.4872549019607843,0.5127450980392156,0.5956719817767654,0.5511064278187565
-0.3208688361173653,523,498,355,522,0.5956719817767654,0.48823529411764705,0.5122428991185113,0.5956719817767654,0.5508162190626645
-0.32077434368032864,523,499,355,521,0.5956719817767654,0.4892156862745098,0.5117416829745597,0.5956719817767654,0.5505263157894738
-0.32076731641582185,523,500,355,520,0.5956719817767654,0.49019607843137253,0.5112414467253177,0.5956719817767654,0.5502367175170962
-0.32076255192191017,523,501,355,519,0.5956719817767654,0.49117647058823527,0.5107421875,0.5956719817767654,0.5499474237644584
-0.32074019905549545,523,502,355,518,0.5956719817767654,0.492156862745098,0.5102439024390244,0.5956719817767654,0.5496584340514976
-0.3206403768919331,523,503,355,517,0.5956719817767654,0.4931372549019608,0.5097465886939572,0.5956719817767654,0.5493697478991598
-0.32053787148220975,524,503,354,517,0.5968109339407744,0.4931372549019608,0.5102239532619279,0.5968109339407744,0.5501312335958004
-0.32048113535139666,527,503,351,517,0.6002277904328018,0.4931372549019608,0.5116504854368932,0.6002277904328018,0.5524109014675053
-0.3203582651157585,531,503,347,517,0.6047835990888383,0.4931372549019608,0.5135396518375241,0.6047835990888383,0.555439330543933
-0.32013465205145014,532,503,346,517,0.6059225512528473,0.4931372549019608,0.5140096618357488,0.6059225512528473,0.5561944589649765
-0.3199832905046733,532,504,346,516,0.6059225512528473,0.49411764705882355,0.5135135135135135,0.6059225512528473,0.5559038662486938
-0.31952585997249566,532,505,346,515,0.6059225512528473,0.4950980392156863,0.5130183220829315,0.6059225512528473,0.5556135770234987
-0.31951560242024923,532,506,346,514,0.6059225512528473,0.49607843137254903,0.51252408477842,0.6059225512528473,0.5553235908141962
-0.3194720490020702,533,506,345,514,0.6070615034168565,0.49607843137254903,0.5129932627526468,0.6070615034168565,0.556077203964528
-0.3194258169781933,533,507,345,513,0.6070615034168565,0.4970588235294118,0.5125,0.6070615034168565,0.5557872784150156
-0.3193529314838242,533,508,345,512,0.6070615034168565,0.4980392156862745,0.5120076849183477,0.6070615034168565,0.5554976550286607
-0.31934620123357704,534,508,344,512,0.6082004555808656,0.4980392156862745,0.5124760076775432,0.6082004555808656,0.55625
-0.31929187677973886,534,509,344,511,0.6082004555808656,0.49901960784313726,0.5119846596356663,0.6082004555808656,0.555960437272254
-0.31925472955880774,535,509,343,511,0.6093394077448747,0.49901960784313726,0.5124521072796935,0.6093394077448747,0.5567117585848075
-0.31890998794581527,535,510,343,510,0.6093394077448747,0.5,0.5119617224880383,0.6093394077448747,0.5564222568902756
-0.31889822289853614,535,511,343,509,0.6093394077448747,0.5009803921568627,0.511472275334608,0.6093394077448747,0.5561330561330562
-0.3188980106874013,535,512,343,508,0.6093394077448747,0.5019607843137255,0.5109837631327603,0.6093394077448747,0.5558441558441558
-0.31884226432488993,537,512,341,508,0.6116173120728929,0.5019607843137255,0.5119161105815062,0.6116173120728929,0.5573430202387131
-0.31880457836376785,538,512,340,508,0.6127562642369021,0.5019607843137255,0.5123809523809524,0.6127562642369021,0.5580912863070541
-0.3187200224209911,539,512,339,508,0.6138952164009112,0.5019607843137255,0.5128449096098954,0.6138952164009112,0.55883877656817
-0.3187157401381268,539,513,339,507,0.6138952164009112,0.5029411764705882,0.5123574144486692,0.6138952164009112,0.5585492227979275
-0.3186228244013774,540,513,338,507,0.6150341685649203,0.5029411764705882,0.5128205128205128,0.6150341685649203,0.5592957017089591
-0.3186150883607393,541,513,337,507,0.6161731207289294,0.5029411764705882,0.5132827324478179,0.6161731207289294,0.5600414078674949
-0.3185168986155604,542,513,336,507,0.6173120728929385,0.5029411764705882,0.5137440758293839,0.6173120728929385,0.5607863424728401
-0.31838392965516765,543,513,335,507,0.6184510250569476,0.5029411764705882,0.5142045454545454,0.6184510250569476,0.56153050672182
-0.31838298563332434,543,514,335,506,0.6184510250569476,0.503921568627451,0.5137180700094608,0.6184510250569476,0.5612403100775195
-0.31833115783823407,543,515,335,505,0.6184510250569476,0.5049019607843137,0.5132325141776938,0.6184510250569476,0.5609504132231405
-0.3182047170168947,544,515,334,505,0.6195899772209568,0.5049019607843137,0.5136921624173749,0.6195899772209568,0.5616933402168302
-0.3181388655795867,544,516,334,504,0.6195899772209568,0.5058823529411764,0.5132075471698113,0.6195899772209568,0.5614035087719298
-0.3180443648367631,545,516,333,504,0.6207289293849658,0.5058823529411764,0.5136663524976437,0.6207289293849658,0.5621454357916451
-0.3179232556416265,546,516,332,504,0.621867881548975,0.5058823529411764,0.5141242937853108,0.621867881548975,0.5628865979381444
-0.31782796883956954,546,517,332,503,0.621867881548975,0.5068627450980392,0.5136406396989652,0.621867881548975,0.562596599690881
-0.3177481391168503,547,517,331,503,0.623006833712984,0.5068627450980392,0.5140977443609023,0.623006833712984,0.5633367662203913
-0.31756312686852367,547,518,331,502,0.623006833712984,0.5078431372549019,0.5136150234741784,0.623006833712984,0.5630468347915595
-0.31744376794922713,551,518,327,502,0.6275626423690205,0.5078431372549019,0.5154349859681946,0.6275626423690205,0.5659989727786339
-0.3173263519766627,552,518,326,502,0.6287015945330297,0.5078431372549019,0.5158878504672897,0.6287015945330297,0.5667351129363449
-0.3172799693541969,556,518,322,502,0.6332574031890661,0.5078431372549019,0.5176908752327747,0.6332574031890661,0.569672131147541
-0.31725197595756266,556,519,322,501,0.6332574031890661,0.5088235294117647,0.5172093023255814,0.6332574031890661,0.5693804403481824
-0.31722868585398895,557,519,321,501,0.6343963553530751,0.5088235294117647,0.5176579925650557,0.6343963553530751,0.5701125895598772
-0.3171583264233109,559,519,319,501,0.6366742596810934,0.5088235294117647,0.5185528756957328,0.6366742596810934,0.5715746421267893
-0.31713034375915,561,519,317,501,0.6389521640091116,0.5088235294117647,0.5194444444444445,0.6389521640091116,0.5730337078651685
-0.3171251700215129,562,519,316,501,0.6400911161731208,0.5088235294117647,0.5198889916743756,0.6400911161731208,0.5737621235324146
-0.3171086436352623,563,519,315,501,0.6412300683371298,0.5088235294117647,0.5203327171903882,0.6412300683371298,0.5744897959183672
-0.31700426255208963,563,520,315,500,0.6412300683371298,0.5098039215686274,0.5198522622345337,0.6412300683371298,0.5741968383477817
-0.317000499043271,564,520,314,500,0.642369020501139,0.5098039215686274,0.5202952029520295,0.642369020501139,0.5749235474006117
-0.31697986770716224,565,520,313,500,0.643507972665148,0.5098039215686274,0.5207373271889401,0.643507972665148,0.5756495160468671
-0.3169493678875909,566,520,312,500,0.6446469248291572,0.5098039215686274,0.5211786372007366,0.6446469248291572,0.5763747454175153
-0.3168107011653725,567,520,311,500,0.6457858769931663,0.5098039215686274,0.5216191352345906,0.6457858769931663,0.5770992366412213
-0.3167818095497289,568,520,310,500,0.6469248291571754,0.5098039215686274,0.5220588235294118,0.6469248291571754,0.5778229908443541
-0.31671747592196553,569,520,309,500,0.6480637813211845,0.5098039215686274,0.5224977043158862,0.6480637813211845,0.5785460091509913
-0.31671545609929497,573,520,305,500,0.6526195899772209,0.5098039215686274,0.5242451967063129,0.6526195899772209,0.5814307458143074
-0.31668751250928256,575,520,303,500,0.6548974943052391,0.5098039215686274,0.5251141552511416,0.6548974943052391,0.5828687278256462
-0.31666128682750344,581,520,297,500,0.6617312072892938,0.5098039215686274,0.5277020890099909,0.6617312072892938,0.5871652349671551
-0.31653988109519,582,520,296,500,0.662870159453303,0.5098039215686274,0.5281306715063521,0.662870159453303,0.5878787878787878
-0.3165075381671735,582,521,296,499,0.662870159453303,0.5107843137254902,0.527651858567543,0.662870159453303,0.5875820292781423
-0.31635574445019854,583,521,295,499,0.664009111617312,0.5107843137254902,0.5280797101449275,0.664009111617312,0.5882946518668011
-0.3162675256115513,583,522,295,498,0.664009111617312,0.5117647058823529,0.5276018099547511,0.664009111617312,0.5879979828542612
-0.31622783273907307,584,522,294,498,0.6651480637813212,0.5117647058823529,0.5280289330922242,0.6651480637813212,0.5887096774193549
-0.3161384290966574,584,523,294,497,0.6651480637813212,0.5127450980392156,0.5275519421860885,0.6651480637813212,0.5884130982367758
-0.31612088496402563,585,523,293,497,0.6662870159453302,0.5127450980392156,0.5279783393501805,0.6662870159453302,0.5891238670694864
-0.3160978743495828,586,523,292,497,0.6674259681093394,0.5127450980392156,0.5284039675383229,0.6674259681093394,0.5898339204831405
-0.3160894084303226,586,524,292,496,0.6674259681093394,0.5137254901960784,0.527927927927928,0.6674259681093394,0.5895372233400402
-0.3159851152494706,586,525,292,495,0.6674259681093394,0.5147058823529411,0.5274527452745275,0.6674259681093394,0.5892408245349423
-0.3158983157362268,586,526,292,494,0.6674259681093394,0.515686274509804,0.5269784172661871,0.6674259681093394,0.5889447236180905
-0.3154909411402535,586,527,292,493,0.6674259681093394,0.5166666666666667,0.5265049415992812,0.6674259681093394,0.5886489201406329
-0.3154880527887568,587,527,291,493,0.6685649202733486,0.5166666666666667,0.5269299820466786,0.6685649202733486,0.5893574297188755
-0.3152119412765044,587,528,291,492,0.6685649202733486,0.5176470588235295,0.526457399103139,0.6685649202733486,0.5890617160060211
-0.3152051341769202,587,529,291,491,0.6685649202733486,0.5186274509803922,0.5259856630824373,0.6685649202733486,0.5887662988966901
-0.3151370452118379,588,529,290,491,0.6697038724373576,0.5186274509803922,0.5264100268576545,0.6697038724373576,0.5894736842105263
-0.31508223830152415,588,530,290,490,0.6697038724373576,0.5196078431372549,0.5259391771019678,0.6697038724373576,0.5891783567134268
-0.3150796001563075,589,530,289,490,0.6708428246013668,0.5196078431372549,0.5263628239499554,0.6708428246013668,0.5898848272408613
-0.31505530048730124,590,530,288,490,0.6719817767653758,0.5196078431372549,0.5267857142857143,0.6719817767653758,0.5905905905905906
-0.3148931355009308,590,531,288,489,0.6719817767653758,0.5205882352941177,0.5263157894736842,0.6719817767653758,0.5902951475737869
-0.31483460951448866,590,532,288,488,0.6719817767653758,0.5215686274509804,0.5258467023172906,0.6719817767653758,0.5900000000000001
-0.31470628964109065,591,532,287,488,0.673120728929385,0.5215686274509804,0.5262689225289403,0.673120728929385,0.5907046476761619
-0.3146913464632856,592,532,286,488,0.6742596810933941,0.5215686274509804,0.5266903914590747,0.6742596810933941,0.5914085914085915
-0.31467109775218793,593,532,285,488,0.6753986332574032,0.5215686274509804,0.5271111111111111,0.6753986332574032,0.5921118322516226
-0.31466697518883163,594,532,284,488,0.6765375854214123,0.5215686274509804,0.5275310834813499,0.6765375854214123,0.592814371257485
-0.3146592018133565,594,533,284,487,0.6765375854214123,0.5225490196078432,0.5270629991126885,0.6765375854214123,0.5925187032418952
-0.31404901889179354,594,534,284,486,0.6765375854214123,0.5235294117647059,0.526595744680851,0.6765375854214123,0.5922233300099701
-0.3140201825781814,594,535,284,485,0.6765375854214123,0.5245098039215687,0.5261293179805138,0.6765375854214123,0.5919282511210763
-0.31388888489920846,595,535,283,485,0.6776765375854215,0.5245098039215687,0.5265486725663717,0.6776765375854215,0.5926294820717132
-0.3137961039298899,595,536,283,484,0.6776765375854215,0.5254901960784314,0.5260831122900088,0.6776765375854215,0.5923344947735192
-0.3137624792658436,596,536,282,484,0.6788154897494305,0.5254901960784314,0.5265017667844523,0.6788154897494305,0.5930348258706467
-0.31347955436660074,597,536,281,484,0.6799544419134397,0.5254901960784314,0.526919682259488,0.6799544419134397,0.5937344604674291
-0.3133055052142328,598,536,280,484,0.6810933940774487,0.5254901960784314,0.527336860670194,0.6810933940774487,0.5944333996023857
-0.31315484693479584,598,537,280,483,0.6810933940774487,0.5264705882352941,0.5268722466960353,0.6810933940774487,0.5941381023348237
-0.3131209273372771,599,537,279,483,0.6822323462414579,0.5264705882352941,0.5272887323943662,0.6822323462414579,0.5948361469712016
-0.3129148339234658,599,538,279,482,0.6822323462414579,0.5274509803921569,0.5268249780123131,0.6822323462414579,0.5945409429280397
-0.31289451502430643,600,538,278,482,0.683371298405467,0.5274509803921569,0.5272407732864675,0.683371298405467,0.5952380952380952
-0.3128713968515708,600,539,278,481,0.683371298405467,0.5284313725490196,0.5267778753292361,0.683371298405467,0.5949429846306397
-0.3128198675216051,601,539,277,481,0.6845102505694761,0.5284313725490196,0.5271929824561403,0.6845102505694761,0.595639246778989
-0.31279477695195657,602,539,276,481,0.6856492027334852,0.5284313725490196,0.5276073619631901,0.6856492027334852,0.5963348192174343
-0.31270325176435126,602,540,276,480,0.6856492027334852,0.5294117647058824,0.5271453590192644,0.6856492027334852,0.596039603960396
-0.3124716747088444,602,541,276,479,0.6856492027334852,0.5303921568627451,0.5266841644794401,0.6856492027334852,0.5957446808510639
-0.3123160463724323,602,542,276,478,0.6856492027334852,0.5313725490196078,0.5262237762237763,0.6856492027334852,0.5954500494559841
-0.31216629616542574,602,543,276,477,0.6856492027334852,0.5323529411764706,0.525764192139738,0.6856492027334852,0.5951557093425605
-0.31216430821392793,602,544,276,476,0.6856492027334852,0.5333333333333333,0.525305410122164,0.6856492027334852,0.5948616600790514
-0.3120964245085537,602,545,276,475,0.6856492027334852,0.5343137254901961,0.5248474280732345,0.6856492027334852,0.5945679012345678
-0.3119555461780698,603,545,275,475,0.6867881548974943,0.5343137254901961,0.5252613240418118,0.6867881548974943,0.5952615992102666
-0.3115046250115164,603,546,275,474,0.6867881548974943,0.5352941176470588,0.5248041775456919,0.6867881548974943,0.594967932905772
-0.31149340515127205,603,547,275,473,0.6867881548974943,0.5362745098039216,0.5243478260869565,0.6867881548974943,0.5946745562130178
-0.31146782880325113,603,548,275,472,0.6867881548974943,0.5372549019607843,0.523892267593397,0.6867881548974943,0.5943814687037949
-0.31143493483631,603,549,275,471,0.6867881548974943,0.538235294117647,0.5234375,0.6867881548974943,0.594088669950739
-0.31130482875841264,603,550,275,470,0.6867881548974943,0.5392156862745098,0.5229835212489159,0.6867881548974943,0.5937961595273263
-0.31125136390812297,604,550,274,470,0.6879271070615034,0.5392156862745098,0.5233968804159446,0.6879271070615034,0.594488188976378
-0.3112427432044072,604,551,274,469,0.6879271070615034,0.5401960784313725,0.5229437229437229,0.6879271070615034,0.5941957697983277
-0.31120746865434856,604,552,274,468,0.6879271070615034,0.5411764705882353,0.5224913494809689,0.6879271070615034,0.5939036381514258
-0.311156961262807,604,553,274,467,0.6879271070615034,0.542156862745098,0.5220397579948142,0.6879271070615034,0.5936117936117936
-0.31105919271363247,604,554,274,466,0.6879271070615034,0.5431372549019607,0.5215889464594128,0.6879271070615034,0.5933202357563852
-0.3110398676848414,604,555,274,465,0.6879271070615034,0.5441176470588235,0.5211389128559103,0.6879271070615034,0.5930289641629848
-0.3110347651841398,605,555,273,465,0.6890660592255126,0.5441176470588235,0.521551724137931,0.6890660592255126,0.5937193326790972
-0.31090277793731774,605,556,273,464,0.6890660592255126,0.5450980392156862,0.5211024978466839,0.6890660592255126,0.5934281510544386
-0.3108740760110474,606,556,272,464,0.6902050113895216,0.5450980392156862,0.5215146299483648,0.6902050113895216,0.5941176470588235
-0.31081997208905676,606,557,272,463,0.6902050113895216,0.546078431372549,0.5210662080825451,0.6902050113895216,0.5938265556099951
-0.31058200720847945,606,558,272,462,0.6902050113895216,0.5470588235294118,0.520618556701031,0.6902050113895216,0.5935357492654261
-0.31024305443567146,606,559,272,461,0.6902050113895216,0.5480392156862746,0.5201716738197425,0.6902050113895216,0.593245227606461
-0.30976902461577965,607,559,271,461,0.6913439635535308,0.5480392156862746,0.5205831903945112,0.6913439635535308,0.5939334637964775
-0.3095723563619743,607,560,271,460,0.6913439635535308,0.5490196078431373,0.5201371036846615,0.6913439635535308,0.593643031784841
-0.30952285242246835,607,561,271,459,0.6913439635535308,0.55,0.5196917808219178,0.6913439635535308,0.5933528836754642
-0.3093537169386736,608,561,270,459,0.6924829157175398,0.55,0.5201026518391788,0.6924829157175398,0.5940400586223742
-0.30933238358655507,609,561,269,459,0.693621867881549,0.55,0.5205128205128206,0.693621867881549,0.5947265625
-0.3091682485106229,609,562,269,458,0.693621867881549,0.5509803921568628,0.520068317677199,0.693621867881549,0.5944363103953147
-0.30906400910481185,610,562,268,458,0.6947608200455581,0.5509803921568628,0.5204778156996587,0.6947608200455581,0.5951219512195122
-0.3090501247232219,610,563,268,457,0.6947608200455581,0.5519607843137255,0.5200341005967605,0.6947608200455581,0.5948317893710385
-0.308980737504265,610,564,268,456,0.6947608200455581,0.5529411764705883,0.5195911413969335,0.6947608200455581,0.594541910331384
-0.3084511343676709,611,564,267,456,0.6958997722095672,0.5529411764705883,0.52,0.6958997722095672,0.5952264978080858
-0.30842266539894003,611,565,267,455,0.6958997722095672,0.553921568627451,0.5195578231292517,0.6958997722095672,0.5949367088607594
-0.3083174358420792,611,566,267,454,0.6958997722095672,0.5549019607843138,0.5191163976210705,0.6958997722095672,0.5946472019464719
-0.30809717041506035,612,566,266,454,0.6970387243735763,0.5549019607843138,0.5195246179966044,0.6970387243735763,0.5953307392996109
-0.30808439685298883,612,567,266,453,0.6970387243735763,0.5558823529411765,0.5190839694656488,0.6970387243735763,0.5950413223140495
-0.3079490509383649,613,567,265,453,0.6981776765375854,0.5558823529411765,0.5194915254237288,0.6981776765375854,0.5957240038872692
-0.3077222704278553,613,568,265,452,0.6981776765375854,0.5568627450980392,0.519051651143099,0.6981776765375854,0.5954346770276834
-0.3076133544865592,614,568,264,452,0.6993166287015945,0.5568627450980392,0.5194585448392555,0.6993166287015945,0.5961165048543688
-0.3075721631942074,615,568,263,452,0.7004555808656037,0.5568627450980392,0.5198647506339814,0.7004555808656037,0.5967976710334788
-0.30747434058337414,616,568,262,452,0.7015945330296127,0.5568627450980392,0.5202702702702703,0.7015945330296127,0.597478176527643
-0.30743964483275704,616,569,262,451,0.7015945330296127,0.557843137254902,0.5198312236286919,0.7015945330296127,0.5971885603490062
-0.3073324093628606,617,569,261,451,0.7027334851936219,0.557843137254902,0.5202360876897133,0.7027334851936219,0.5978682170542635
-0.3072774618909473,617,570,261,450,0.7027334851936219,0.5588235294117647,0.5197978096040438,0.7027334851936219,0.5975786924939467
-0.30717430229058634,618,570,260,450,0.7038724373576309,0.5588235294117647,0.5202020202020202,0.7038724373576309,0.5982575024201355
-0.30696019077831266,618,571,260,449,0.7038724373576309,0.5598039215686275,0.5197645079899075,0.7038724373576309,0.5979680696661829
-0.3068443077316809,618,572,260,448,0.7038724373576309,0.5607843137254902,0.519327731092437,0.7038724373576309,0.597678916827853
-0.3068352773665121,619,572,259,448,0.7050113895216401,0.5607843137254902,0.5197313182199832,0.7050113895216401,0.5983566940550991
-0.3067715993939812,619,573,259,447,0.7050113895216401,0.5617647058823529,0.5192953020134228,0.7050113895216401,0.5980676328502414
-0.30669117822153386,619,574,259,446,0.7050113895216401,0.5627450980392157,0.5188600167644594,0.7050113895216401,0.5977788507967167
-0.3065511229500344,619,575,259,445,0.7050113895216401,0.5637254901960784,0.518425460636516,0.7050113895216401,0.5974903474903476
-0.3060070710422893,620,575,258,445,0.7061503416856492,0.5637254901960784,0.5188284518828452,0.7061503416856492,0.5981669078630004
-0.30575306098327526,621,575,257,445,0.7072892938496583,0.5637254901960784,0.5192307692307693,0.7072892938496583,0.5988428158148505
-0.3057466282422727,621,576,257,444,0.7072892938496583,0.5647058823529412,0.518796992481203,0.7072892938496583,0.5985542168674699
-0.30567878235379803,622,576,256,444,0.7084282460136674,0.5647058823529412,0.5191986644407346,0.7084282460136674,0.5992292870905588
-0.30554687633662475,622,577,256,443,0.7084282460136674,0.5656862745098039,0.5187656380316931,0.7084282460136674,0.5989407799711122
-0.30553265135753466,623,577,255,443,0.7095671981776766,0.5656862745098039,0.5191666666666667,0.7095671981776766,0.5996150144369585
-0.30549497850383694,623,578,255,442,0.7095671981776766,0.5666666666666667,0.5187343880099917,0.7095671981776766,0.5993265993265994
-0.3053863245725141,623,579,255,441,0.7095671981776766,0.5676470588235294,0.5183028286189684,0.7095671981776766,0.5990384615384615
-0.30515394321047423,623,580,255,440,0.7095671981776766,0.5686274509803921,0.5178719866999169,0.7095671981776766,0.5987506006727535
-0.30510668514028294,624,580,254,440,0.7107061503416856,0.5686274509803921,0.5182724252491694,0.7107061503416856,0.5994236311239193
-0.3048369030381099,624,581,254,439,0.7107061503416856,0.5696078431372549,0.5178423236514523,0.7107061503416856,0.599135861737878
-0.3048118380968351,624,582,254,438,0.7107061503416856,0.5705882352941176,0.5174129353233831,0.7107061503416856,0.5988483685220728
-0.3046198884590627,625,582,253,438,0.7118451025056948,0.5705882352941176,0.5178127589063795,0.7118451025056948,0.5995203836930456
-0.3046024713801876,625,583,253,437,0.7118451025056948,0.5715686274509804,0.5173841059602649,0.7118451025056948,0.5992329817833172
-0.30454909136552455,626,583,252,437,0.7129840546697038,0.5715686274509804,0.5177832919768404,0.7129840546697038,0.5999041686631529
-0.30451063989945476,627,583,251,437,0.714123006833713,0.5715686274509804,0.5181818181818182,0.714123006833713,0.6005747126436782
-0.30450538216289225,627,584,251,436,0.714123006833713,0.5725490196078431,0.5177539223781998,0.714123006833713,0.6002872187649593
-0.30444323668337075,628,584,250,436,0.715261958997722,0.5725490196078431,0.5181518151815182,0.715261958997722,0.600956937799043
-0.3043518365973856,628,585,250,435,0.715261958997722,0.5735294117647058,0.517724649629019,0.715261958997722,0.6006695361071258
-0.30424829342900994,629,585,249,435,0.7164009111617312,0.5735294117647058,0.5181219110378913,0.7164009111617312,0.6013384321223709
-0.30407902024163164,629,586,249,434,0.7164009111617312,0.5745098039215686,0.5176954732510288,0.7164009111617312,0.6010511227902533
-0.3040181416296292,629,587,249,433,0.7164009111617312,0.5754901960784313,0.5172697368421053,0.7164009111617312,0.6007640878701052
-0.3040113870953871,629,588,249,432,0.7164009111617312,0.5764705882352941,0.5168447000821693,0.7164009111617312,0.6004773269689737
-0.3038888367452766,630,588,248,432,0.7175398633257403,0.5764705882352941,0.5172413793103449,0.7175398633257403,0.601145038167939
-0.303805944744343,630,589,248,431,0.7175398633257403,0.5774509803921568,0.51681706316653,0.7175398633257403,0.6008583690987124
-0.30380353579307595,630,590,248,430,0.7175398633257403,0.5784313725490197,0.5163934426229508,0.7175398633257403,0.6005719733079122
-0.30372995692077104,631,590,247,430,0.7186788154897494,0.5784313725490197,0.5167895167895168,0.7186788154897494,0.6012386850881372
-0.3035654949059683,632,590,246,430,0.7198177676537585,0.5784313725490197,0.5171849427168577,0.7198177676537585,0.601904761904762
-0.30347166863873254,632,591,246,429,0.7198177676537585,0.5794117647058824,0.5167620605069502,0.7198177676537585,0.6016182770109472
-0.3033460116062291,633,591,245,429,0.7209567198177677,0.5794117647058824,0.5171568627450981,0.7209567198177677,0.6022835394862036
-0.30316039587842825,634,591,244,429,0.7220956719817767,0.5794117647058824,0.5175510204081633,0.7220956719817767,0.602948169281978
-0.30315667466188395,634,592,244,428,0.7220956719817767,0.5803921568627451,0.5171288743882545,0.7220956719817767,0.6026615969581749
-0.30304898085758947,635,592,243,428,0.7232346241457859,0.5803921568627451,0.5175224123879381,0.7232346241457859,0.6033254156769596
-0.3029873106056101,636,592,242,428,0.724373576309795,0.5803921568627451,0.5179153094462541,0.724373576309795,0.603988603988604
-0.302961077149661,636,593,242,427,0.724373576309795,0.5813725490196079,0.5174938974776241,0.724373576309795,0.603701945894637
-0.30278048494601384,637,593,241,427,0.7255125284738041,0.5813725490196079,0.5178861788617887,0.7255125284738041,0.6043643263757116
-0.3026360837568866,637,594,241,426,0.7255125284738041,0.5823529411764706,0.5174654752233956,0.7255125284738041,0.6040777619724987
-0.3026192042098509,638,594,240,426,0.7266514806378133,0.5823529411764706,0.5178571428571429,0.7266514806378133,0.604739336492891
-0.30234193592002834,638,595,240,425,0.7266514806378133,0.5833333333333334,0.5174371451743714,0.7266514806378133,0.6044528659403126
-0.30209981380064815,638,596,240,424,0.7266514806378133,0.5843137254901961,0.5170178282009724,0.7266514806378133,0.6041666666666666
-0.3020827319796846,638,597,240,423,0.7266514806378133,0.5852941176470589,0.5165991902834008,0.7266514806378133,0.603880738286796
-0.302064459898398,639,597,239,423,0.7277904328018223,0.5852941176470589,0.5169902912621359,0.7277904328018223,0.6045411542100284
-0.30192513197900794,640,597,238,423,0.7289293849658315,0.5852941176470589,0.5173807599029911,0.7289293849658315,0.6052009456264776
-0.3018983804419117,641,597,237,423,0.7300683371298405,0.5852941176470589,0.5177705977382876,0.7300683371298405,0.6058601134215501
-0.30180804875323564,642,597,236,423,0.7312072892938497,0.5852941176470589,0.5181598062953995,0.7312072892938497,0.6065186584789796
-0.30162646911496366,642,598,236,422,0.7312072892938497,0.5862745098039216,0.5177419354838709,0.7312072892938497,0.6062322946175638
-0.3015868778902115,642,599,236,421,0.7312072892938497,0.5872549019607843,0.5173247381144238,0.7312072892938497,0.6059462010382256
-0.3015410362717919,642,600,236,420,0.7312072892938497,0.5882352941176471,0.5169082125603864,0.7312072892938497,0.6056603773584905
-0.3015044783068589,642,601,236,419,0.7312072892938497,0.5892156862745098,0.5164923572003218,0.7312072892938497,0.6053748231966055
-0.30142463314889495,642,602,236,418,0.7312072892938497,0.5901960784313726,0.5160771704180064,0.7312072892938497,0.6050895381715362
-0.30137269473050743,642,603,236,417,0.7312072892938497,0.5911764705882353,0.5156626506024097,0.7312072892938497,0.6048045219029675
-0.30127648665218565,643,603,235,417,0.7323462414578588,0.5911764705882353,0.5160513643659711,0.7323462414578588,0.6054613935969868
-0.3012666554195933,643,604,235,416,0.7323462414578588,0.592156862745098,0.5156375300721732,0.7323462414578588,0.6051764705882353
-0.3011713863113062,644,604,234,416,0.7334851936218679,0.592156862745098,0.5160256410256411,0.7334851936218679,0.6058325493885232
-0.30115738363986183,645,604,233,416,0.734624145785877,0.592156862745098,0.5164131305044035,0.734624145785877,0.6064880112834978
-0.30093147365037615,645,605,233,415,0.734624145785877,0.5931372549019608,0.516,0.734624145785877,0.606203007518797
-0.3008938417775824,645,606,233,414,0.734624145785877,0.5941176470588235,0.5155875299760192,0.734624145785877,0.605918271488962
-0.3008620926032523,645,607,233,413,0.734624145785877,0.5950980392156863,0.5151757188498403,0.734624145785877,0.6056338028169015
-0.300788124579559,646,607,232,413,0.7357630979498861,0.5950980392156863,0.515562649640862,0.7357630979498861,0.6062881276396059
-0.3005223287253713,647,607,231,413,0.7369020501138952,0.5950980392156863,0.5159489633173844,0.7369020501138952,0.6069418386491557
-0.3004130454294322,647,608,231,412,0.7369020501138952,0.596078431372549,0.5155378486055777,0.7369020501138952,0.6066572902015941
-0.30040613680127715,648,608,230,412,0.7380410022779044,0.596078431372549,0.5159235668789809,0.7380410022779044,0.6073102155576383
-0.30033308106856105,649,608,229,412,0.7391799544419134,0.596078431372549,0.5163086714399363,0.7391799544419134,0.6079625292740046
-0.30027613089569605,649,609,229,411,0.7391799544419134,0.5970588235294118,0.5158982511923689,0.7391799544419134,0.6076779026217229
-0.3001851989622502,649,610,229,410,0.7391799544419134,0.5980392156862745,0.5154884829229547,0.7391799544419134,0.6073935423490876
-0.30000960638614016,649,611,229,409,0.7391799544419134,0.5990196078431372,0.515079365079365,0.7391799544419134,0.6071094480823198
-0.29997274210331576,649,612,229,408,0.7391799544419134,0.6,0.514670896114195,0.7391799544419134,0.6068256194483402
-0.29993238324964056,649,615,229,405,0.7391799544419134,0.6029411764705882,0.5134493670886076,0.7391799544419134,0.6059757236227824
-0.2998321204687509,649,616,229,404,0.7391799544419134,0.6039215686274509,0.5130434782608696,0.7391799544419134,0.6056929538030799
-0.299615416109953,649,617,229,403,0.7391799544419134,0.6049019607843137,0.5126382306477093,0.7391799544419134,0.6054104477611939
-0.2995978119392289,649,618,229,402,0.7391799544419134,0.6058823529411764,0.5122336227308603,0.7391799544419134,0.6051282051282051
-0.29954042256337426,649,619,229,401,0.7391799544419134,0.6068627450980392,0.5118296529968455,0.7391799544419134,0.6048462255358807
-0.29951213462296833,649,620,229,400,0.7391799544419134,0.6078431372549019,0.5114263199369582,0.7391799544419134,0.6045645086166744
-0.2994924297840312,650,620,228,400,0.7403189066059226,0.6078431372549019,0.5118110236220472,0.7403189066059226,0.6052141527001862
-0.2994613281060142,651,620,227,400,0.7414578587699316,0.6078431372549019,0.5121951219512195,0.7414578587699316,0.6058631921824105
-0.29940300690074106,651,621,227,399,0.7414578587699316,0.6088235294117647,0.5117924528301887,0.7414578587699316,0.6055813953488373
-0.29935421656887906,651,622,227,398,0.7414578587699316,0.6098039215686275,0.5113904163393559,0.7414578587699316,0.6052998605299861
-0.2992836156016388,652,622,226,398,0.7425968109339408,0.6098039215686275,0.5117739403453689,0.7425968109339408,0.6059479553903346
-0.2989928156139796,652,623,226,397,0.7425968109339408,0.6107843137254902,0.5113725490196078,0.7425968109339408,0.6056665118439387
-0.29886988463869235,652,624,226,396,0.7425968109339408,0.611764705882353,0.5109717868338558,0.7425968109339408,0.6053853296193129
-0.29878873087341423,653,624,225,396,0.7437357630979499,0.611764705882353,0.5113547376664056,0.7437357630979499,0.6060324825986079
-0.2986862498093839,653,625,225,395,0.7437357630979499,0.6127450980392157,0.5109546165884195,0.7437357630979499,0.6057513914656771
-0.29866682199575373,653,626,225,394,0.7437357630979499,0.6137254901960785,0.5105551211884285,0.7437357630979499,0.6054705609643023
-0.298634328323482,653,627,225,393,0.7437357630979499,0.6147058823529412,0.51015625,0.7437357630979499,0.6051899907321594
-0.29852790598128154,654,627,224,393,0.744874715261959,0.6147058823529412,0.5105386416861827,0.744874715261959,0.6058360352014823
-0.2982735936757696,655,627,223,393,0.7460136674259681,0.6147058823529412,0.5109204368174727,0.7460136674259681,0.6064814814814815
-0.2982078101013085,655,628,223,392,0.7460136674259681,0.615686274509804,0.5105222135619641,0.7460136674259681,0.6062008329477093
-0.2980698460673279,655,629,223,391,0.7460136674259681,0.6166666666666667,0.5101246105919003,0.7460136674259681,0.6059204440333025
-0.297975812140907,656,629,222,391,0.7471526195899773,0.6166666666666667,0.5105058365758754,0.7471526195899773,0.6065649560795191
-0.29760191694474997,657,629,221,391,0.7482915717539863,0.6166666666666667,0.5108864696734059,0.7482915717539863,0.6072088724584104
-0.2975385161578251,657,630,221,390,0.7482915717539863,0.6176470588235294,0.5104895104895105,0.7482915717539863,0.6069284064665127
-0.29742747383496015,658,630,220,390,0.7494305239179955,0.6176470588235294,0.5108695652173914,0.7494305239179955,0.6075715604801478
-0.297263870802985,659,630,219,390,0.7505694760820045,0.6176470588235294,0.5112490302560124,0.7505694760820045,0.6082141209044762
-0.2972628754284671,659,631,219,389,0.7505694760820045,0.6186274509803922,0.5108527131782946,0.7505694760820045,0.6079335793357934
-0.2971618931578341,659,632,219,388,0.7505694760820045,0.6196078431372549,0.5104570100697134,0.7505694760820045,0.6076532964499769
-0.2970182755607689,659,633,219,387,0.7505694760820045,0.6205882352941177,0.510061919504644,0.7505694760820045,0.6073732718894009
-0.2969338288626991,660,633,218,387,0.7517084282460137,0.6205882352941177,0.5104408352668214,0.7517084282460137,0.6080147397512667
-0.2968014587526683,660,634,218,386,0.7517084282460137,0.6215686274509804,0.5100463678516228,0.7517084282460137,0.6077348066298343
-0.29653542800767896,660,635,218,385,0.7517084282460137,0.6225490196078431,0.5096525096525096,0.7517084282460137,0.6074551311550852
-0.29648195811520583,661,635,217,385,0.7528473804100227,0.6225490196078431,0.5100308641975309,0.7528473804100227,0.6080956761729531
-0.29629280694955534,661,636,217,384,0.7528473804100227,0.6235294117647059,0.5096376252891287,0.7528473804100227,0.6078160919540229
-0.2962696222845266,662,636,216,384,0.7539863325740319,0.6235294117647059,0.5100154083204931,0.7539863325740319,0.6084558823529412
-0.29624424610437766,662,637,216,383,0.7539863325740319,0.6245098039215686,0.5096227867590454,0.7539863325740319,0.6081763895268717
-0.29614792723485356,662,638,216,382,0.7539863325740319,0.6254901960784314,0.5092307692307693,0.7539863325740319,0.6078971533516989
-0.2961178152815293,663,638,215,382,0.755125284738041,0.6254901960784314,0.509607993850884,0.755125284738041,0.6085360256998623
-0.29597072598805035,663,639,215,381,0.755125284738041,0.6264705882352941,0.5092165898617511,0.755125284738041,0.6082568807339449
-0.29596682255759,663,640,215,380,0.755125284738041,0.6274509803921569,0.508825786646201,0.755125284738041,0.6079779917469049
-0.2959396795653395,664,640,214,380,0.7562642369020501,0.6274509803921569,0.50920245398773,0.7562642369020501,0.608615948670944
-0.29579585006163395,665,640,213,380,0.7574031890660592,0.6274509803921569,0.5095785440613027,0.7574031890660592,0.6092533211177279
-0.29577416583175214,665,642,213,378,0.7574031890660592,0.6294117647058823,0.5087987758224942,0.7574031890660592,0.608695652173913
-0.2957504224706184,665,643,213,377,0.7574031890660592,0.6303921568627451,0.5084097859327217,0.7574031890660592,0.6084172003659652
-0.29538027830049135,666,643,212,377,0.7585421412300684,0.6303921568627451,0.5087853323147441,0.7585421412300684,0.6090534979423868
-0.29524683969782844,666,644,212,376,0.7585421412300684,0.6313725490196078,0.5083969465648855,0.7585421412300684,0.6087751371115174
-0.2951868574284342,666,645,212,375,0.7585421412300684,0.6323529411764706,0.5080091533180778,0.7585421412300684,0.6084970306075834
-0.29513038573490247,666,646,212,374,0.7585421412300684,0.6333333333333333,0.5076219512195121,0.7585421412300684,0.6082191780821918
-0.2950883155276936,667,646,211,374,0.7596810933940774,0.6333333333333333,0.507996953541508,0.7596810933940774,0.608854404381561
-0.29505471644400844,667,647,211,373,0.7596810933940774,0.634313725490196,0.5076103500761036,0.7596810933940774,0.6085766423357665
-0.2950287544412134,668,647,210,373,0.7608200455580866,0.634313725490196,0.5079847908745247,0.7608200455580866,0.6092111263109895
-0.2950212608614147,668,648,210,372,0.7608200455580866,0.6352941176470588,0.5075987841945289,0.7608200455580866,0.6089334548769371
-0.2949016581431593,669,648,209,372,0.7619589977220956,0.6352941176470588,0.5079726651480638,0.7619589977220956,0.6095671981776766
-0.29475628096873546,669,649,209,371,0.7619589977220956,0.6362745098039215,0.507587253414264,0.7619589977220956,0.6092896174863387
-0.29471187439849816,669,650,209,370,0.7619589977220956,0.6372549019607843,0.5072024260803639,0.7619589977220956,0.6090122894856622
-0.2946799131364669,670,650,208,370,0.7630979498861048,0.6372549019607843,0.5075757575757576,0.7630979498861048,0.6096451319381256
-0.29455893930041255,670,651,208,369,0.7630979498861048,0.638235294117647,0.5071915215745647,0.7630979498861048,0.6093678944974987
-0.2945309395604859,671,651,207,369,0.7642369020501139,0.638235294117647,0.5075642965204236,0.7642369020501139,0.61
-0.29426014421536534,672,651,206,369,0.765375854214123,0.638235294117647,0.5079365079365079,0.765375854214123,0.610631531122217
-0.2937515937421288,672,652,206,368,0.765375854214123,0.6392156862745098,0.5075528700906344,0.765375854214123,0.6103542234332425
-0.2937416196150376,673,652,205,368,0.7665148063781321,0.6392156862745098,0.5079245283018868,0.7665148063781321,0.6109850204266909
-0.29365609033717016,674,652,204,368,0.7676537585421412,0.6392156862745098,0.5082956259426847,0.7676537585421412,0.6116152450090744
-0.2935723197726005,674,653,204,367,0.7676537585421412,0.6401960784313725,0.5079125847776941,0.7676537585421412,0.6113378684807257
-0.29352665346461354,674,654,204,366,0.7676537585421412,0.6411764705882353,0.5075301204819277,0.7676537585421412,0.6110607434270172
-0.293461847946463,675,654,203,366,0.7687927107061503,0.6411764705882353,0.5079006772009029,0.7687927107061503,0.6116900770276393
-0.2932479530219121,676,654,202,366,0.7699316628701595,0.6411764705882353,0.5082706766917293,0.7699316628701595,0.6123188405797102
-0.2932045463355533,677,654,201,366,0.7710706150341685,0.6411764705882353,0.5086401202103682,0.7710706150341685,0.6129470348574015
-0.2930359340535814,677,655,201,365,0.7710706150341685,0.6421568627450981,0.5082582582582582,0.7710706150341685,0.6126696832579185
-0.2930319452538043,678,655,200,365,0.7722095671981777,0.6421568627450981,0.5086271567891973,0.7722095671981777,0.6132971506105834
-0.2929931190188412,678,656,200,364,0.7722095671981777,0.6431372549019608,0.5082458770614693,0.7722095671981777,0.6130198915009042
-0.29276998732409043,679,656,199,364,0.7733485193621867,0.6431372549019608,0.5086142322097378,0.7733485193621867,0.613646633529146
-0.2926833252195769,679,657,199,363,0.7733485193621867,0.6441176470588236,0.5082335329341318,0.7733485193621867,0.6133694670280035
-0.29266656796641705,679,658,199,362,0.7733485193621867,0.6450980392156863,0.5078534031413613,0.7733485193621867,0.6130925507900677
-0.29264263975399263,680,658,198,362,0.7744874715261959,0.6450980392156863,0.5082212257100149,0.7744874715261959,0.6137184115523465
-0.2925790986042159,681,658,197,362,0.775626423690205,0.6450980392156863,0.508588498879761,0.775626423690205,0.6143437077131257
-0.29249763292375125,682,658,196,362,0.7767653758542141,0.6450980392156863,0.508955223880597,0.7767653758542141,0.6149684400360685
-0.2923924401167781,683,658,195,362,0.7779043280182233,0.6450980392156863,0.5093214019388516,0.7779043280182233,0.615592609283461
-0.2923311254110249,683,659,195,361,0.7779043280182233,0.6460784313725491,0.5089418777943369,0.7779043280182233,0.6153153153153154
-0.29194907213151444,684,659,194,361,0.7790432801822323,0.6460784313725491,0.509307520476545,0.7790432801822323,0.6159387663214768
-0.29189534075226214,684,660,194,360,0.7790432801822323,0.6470588235294118,0.5089285714285714,0.7790432801822323,0.6156615661566156
-0.29177150648302663,685,660,193,360,0.7801822323462415,0.6470588235294118,0.5092936802973977,0.7801822323462415,0.6162843004948269
-0.29166924525037197,686,660,192,360,0.7813211845102506,0.6470588235294118,0.5096582466567607,0.7813211845102506,0.6169064748201439
-0.2916505686323171,686,661,192,359,0.7813211845102506,0.6480392156862745,0.5092798812175204,0.7813211845102506,0.6166292134831461
-0.2916369871212546,687,661,191,359,0.7824601366742597,0.6480392156862745,0.5096439169139466,0.7824601366742597,0.6172506738544474
-0.2916253483065524,688,661,190,359,0.7835990888382688,0.6480392156862745,0.5100074128984433,0.7835990888382688,0.6178715761113606
-0.29162482513032967,688,662,190,358,0.7835990888382688,0.6490196078431373,0.5096296296296297,0.7835990888382688,0.6175942549371634
-0.2914999319491058,689,662,189,358,0.784738041002278,0.6490196078431373,0.5099925980754997,0.784738041002278,0.6182144459398834
-0.29145263299238056,690,662,188,358,0.785876993166287,0.6490196078431373,0.5103550295857988,0.785876993166287,0.6188340807174888
-0.2913694852197869,691,662,187,358,0.7870159453302962,0.6490196078431373,0.5107169253510717,0.7870159453302962,0.6194531600179293
-0.29127719902379007,692,662,186,358,0.7881548974943052,0.6490196078431373,0.5110782865583456,0.7881548974943052,0.6200716845878135
-0.29122844279181404,692,663,186,357,0.7881548974943052,0.65,0.5107011070110701,0.7881548974943052,0.6197939991043439
-0.29122341447716826,692,664,186,356,0.7881548974943052,0.6509803921568628,0.5103244837758112,0.7881548974943052,0.6195165622202328
-0.29109461157358707,692,665,186,355,0.7881548974943052,0.6519607843137255,0.5099484156226971,0.7881548974943052,0.6192393736017897
-0.2910793304269215,692,666,186,354,0.7881548974943052,0.6529411764705882,0.5095729013254786,0.7881548974943052,0.6189624329159213
-0.29089288275125313,693,666,185,354,0.7892938496583144,0.6529411764705882,0.5099337748344371,0.7892938496583144,0.6195797943674565
-0.29071349628898424,693,667,185,353,0.7892938496583144,0.653921568627451,0.5095588235294117,0.7892938496583144,0.6193029490616622
-0.2907115964607346,694,667,184,353,0.7904328018223234,0.653921568627451,0.5099191770756797,0.7904328018223234,0.6199196069673962
-0.29068711772589734,695,667,183,353,0.7915717539863326,0.653921568627451,0.5102790014684288,0.7915717539863326,0.6205357142857143
-0.29052148302062364,695,668,183,352,0.7915717539863326,0.6549019607843137,0.5099046221570066,0.7915717539863326,0.6202588130298974
-0.29046472360314646,695,669,183,351,0.7915717539863326,0.6558823529411765,0.5095307917888563,0.7915717539863326,0.6199821587867976
-0.2903983464259871,696,669,182,351,0.7927107061503417,0.6558823529411765,0.5098901098901099,0.7927107061503417,0.6205974141774409
-0.2903875737204699,697,669,181,351,0.7938496583143508,0.6558823529411765,0.5102489019033675,0.7938496583143508,0.6212121212121212
-0.2902350563364708,697,670,181,350,0.7938496583143508,0.6568627450980392,0.5098756400877835,0.7938496583143508,0.6209354120267261
-0.2900710572125846,698,670,180,350,0.7949886104783599,0.6568627450980392,0.5102339181286549,0.7949886104783599,0.6215494211932324
-0.2899947332770981,698,671,180,349,0.7949886104783599,0.657843137254902,0.5098612125639153,0.7949886104783599,0.621272808188696
-0.28998578937715813,699,671,179,349,0.7961275626423691,0.657843137254902,0.5102189781021897,0.7961275626423691,0.6218861209964412
-0.28995441096150326,699,672,179,348,0.7961275626423691,0.6588235294117647,0.5098468271334792,0.7961275626423691,0.6216096042685638
-0.2899006362001892,699,673,179,347,0.7961275626423691,0.6598039215686274,0.5094752186588921,0.7961275626423691,0.6213333333333333
-0.2897839576817969,700,673,178,347,0.7972665148063781,0.6598039215686274,0.5098324836125273,0.7972665148063781,0.6219458018658375
-0.28953065484041846,701,673,177,347,0.7984054669703873,0.6598039215686274,0.5101892285298398,0.7984054669703873,0.6225577264653641
-0.28950597999984534,702,673,176,347,0.7995444191343963,0.6598039215686274,0.5105454545454545,0.7995444191343963,0.6231691078561917
-0.2893166573300439,702,674,176,346,0.7995444191343963,0.6607843137254902,0.5101744186046512,0.7995444191343963,0.6228926353149955
-0.28917954929020984,703,674,175,346,0.8006833712984055,0.6607843137254902,0.5105301379811183,0.8006833712984055,0.6235033259423504
-0.2891036196304354,704,674,174,346,0.8018223234624146,0.6607843137254902,0.5108853410740203,0.8018223234624146,0.624113475177305
-0.28909911817549766,705,674,173,346,0.8029612756264237,0.6607843137254902,0.5112400290065264,0.8029612756264237,0.6247230837394772
-0.2888141955503279,705,675,173,345,0.8029612756264237,0.6617647058823529,0.5108695652173914,0.8029612756264237,0.6244464127546502
-0.2887423525718086,705,676,173,344,0.8029612756264237,0.6627450980392157,0.5104996379435192,0.8029612756264237,0.6241699867197875
-0.2886607265853235,705,677,173,343,0.8029612756264237,0.6637254901960784,0.5101302460202605,0.8029612756264237,0.6238938053097346
-0.28864927839307297,705,678,173,342,0.8029612756264237,0.6647058823529411,0.5097613882863341,0.8029612756264237,0.6236178681999116
-0.28861126652652214,706,678,172,342,0.8041002277904328,0.6647058823529411,0.5101156069364162,0.8041002277904328,0.6242263483642795
-0.2885726524720159,706,679,172,341,0.8041002277904328,0.6656862745098039,0.5097472924187726,0.8041002277904328,0.6239505081749889
-0.28836856232060715,706,680,172,340,0.8041002277904328,0.6666666666666666,0.5093795093795094,0.8041002277904328,0.6236749116607774
-0.2882191609889877,707,680,171,340,0.8052391799544419,0.6666666666666666,0.5097332372025956,0.8052391799544419,0.6242825607064019
-0.2881231542078266,707,681,171,339,0.8052391799544419,0.6676470588235294,0.5093659942363112,0.8052391799544419,0.6240070609002648
-0.28802890754066307,708,681,170,339,0.806378132118451,0.6676470588235294,0.509719222462203,0.806378132118451,0.6246140273489192
-0.2880166139065922,709,681,169,339,0.8075170842824602,0.6676470588235294,0.5100719424460431,0.8075170842824602,0.6252204585537918
-0.2879744119821261,709,682,169,338,0.8075170842824602,0.6686274509803921,0.509705248023005,0.8075170842824602,0.624944909651829
-0.2878683528060867,710,682,168,338,0.8086560364464692,0.6686274509803921,0.5100574712643678,0.8086560364464692,0.6255506607929515
-0.28766455602741564,711,682,167,338,0.8097949886104784,0.6686274509803921,0.5104091888011486,0.8097949886104784,0.6261558784676353
-0.2875964513526104,711,683,167,337,0.8097949886104784,0.6696078431372549,0.5100430416068866,0.8097949886104784,0.6258802816901409
-0.28758707681826995,712,683,166,337,0.8109339407744874,0.6696078431372549,0.5103942652329749,0.8109339407744874,0.6264848218213814
-0.2875785140785479,713,683,165,337,0.8120728929384966,0.6696078431372549,0.5107449856733525,0.8120728929384966,0.6270888302550571
-0.28754623377597255,713,684,165,336,0.8120728929384966,0.6705882352941176,0.5103793843951324,0.8120728929384966,0.6268131868131868
-0.2871780868482198,713,685,165,335,0.8120728929384966,0.6715686274509803,0.5100143061516452,0.8120728929384966,0.6265377855887522
-0.2871669072709233,713,686,165,334,0.8120728929384966,0.6725490196078432,0.509649749821301,0.8120728929384966,0.6262626262626263
-0.2871597949090454,713,687,165,333,0.8120728929384966,0.6735294117647059,0.5092857142857142,0.8120728929384966,0.6259877085162423
-0.2871516287240922,714,687,164,333,0.8132118451025057,0.6735294117647059,0.5096359743040685,0.8132118451025057,0.6265906099166301
-0.2871170945456445,715,687,163,333,0.8143507972665148,0.6735294117647059,0.5099857346647646,0.8143507972665148,0.6271929824561403
-0.28707079703609745,716,687,162,333,0.8154897494305239,0.6735294117647059,0.5103349964362082,0.8154897494305239,0.6277948268303376
-0.2870208040158005,716,688,162,332,0.8154897494305239,0.6745098039215687,0.50997150997151,0.8154897494305239,0.6275197195442593
-0.2869119510270474,717,688,161,332,0.816628701594533,0.6745098039215687,0.5103202846975089,0.816628701594533,0.6281208935611037
-0.2866350743622785,717,689,161,331,0.816628701594533,0.6754901960784314,0.5099573257467994,0.816628701594533,0.6278458844133099
-0.2866073834287711,717,690,161,330,0.816628701594533,0.6764705882352942,0.509594882729211,0.816628701594533,0.6275711159737417
-0.2865324673347762,718,690,160,330,0.8177676537585421,0.6764705882352942,0.5099431818181818,0.8177676537585421,0.6281714785651793
-0.2864859355273874,719,690,159,330,0.8189066059225513,0.6764705882352942,0.5102909865152591,0.8189066059225513,0.6287713161346742
-0.2862447341810906,720,690,158,330,0.8200455580865603,0.6764705882352942,0.5106382978723404,0.8200455580865603,0.6293706293706294
-0.2860837280777068,720,691,158,329,0.8200455580865603,0.6774509803921569,0.5102763997165131,0.8200455580865603,0.6290956749672346
-0.2860714577250823,721,691,157,329,0.8211845102505695,0.6774509803921569,0.5106232294617564,0.8211845102505695,0.6296943231441048
-0.2860300306889266,722,691,156,329,0.8223234624145785,0.6774509803921569,0.5109695682944091,0.8223234624145785,0.6302924487123527
-0.28594259675886047,722,692,156,328,0.8223234624145785,0.6784313725490196,0.5106082036775106,0.8223234624145785,0.6300174520069808
-0.28577369212548465,723,692,155,328,0.8234624145785877,0.6784313725490196,0.5109540636042402,0.8234624145785877,0.6306149149585695
-0.28576816403362926,724,692,154,328,0.8246013667425968,0.6784313725490196,0.5112994350282486,0.8246013667425968,0.6312118570183086
-0.2856383194248356,724,693,154,327,0.8246013667425968,0.6794117647058824,0.510938602681722,0.8246013667425968,0.6309368191721133
-0.28540717616216243,724,694,154,326,0.8246013667425968,0.6803921568627451,0.5105782792665726,0.8246013667425968,0.6306620209059233
-0.2853986549328405,724,695,154,325,0.8246013667425968,0.6813725490196079,0.5102184637068358,0.8246013667425968,0.6303874619068349
-0.28533494360335293,724,696,154,324,0.8246013667425968,0.6823529411764706,0.5098591549295775,0.8246013667425968,0.6301131418624891
-0.2852682887934138,725,696,153,324,0.8257403189066059,0.6823529411764706,0.5102040816326531,0.8257403189066059,0.6307090039147455
-0.2852443442190575,726,696,152,324,0.826879271070615,0.6823529411764706,0.510548523206751,0.826879271070615,0.6313043478260869
-0.28503169780576326,726,697,152,323,0.826879271070615,0.6833333333333333,0.5101897399859452,0.826879271070615,0.6310299869621904
-0.28500456594507056,726,698,152,322,0.826879271070615,0.6843137254901961,0.5098314606741573,0.826879271070615,0.630755864465682
-0.2849112199820972,726,699,152,321,0.826879271070615,0.6852941176470588,0.5094736842105263,0.826879271070615,0.6304819800260529
-0.28488970686299747,726,700,152,320,0.826879271070615,0.6862745098039216,0.5091164095371669,0.826879271070615,0.6302083333333333
-0.2848128918261849,726,701,152,319,0.826879271070615,0.6872549019607843,0.508759635599159,0.826879271070615,0.629934924078091
-0.2847793160942048,726,702,152,318,0.826879271070615,0.6882352941176471,0.5084033613445378,0.826879271070615,0.629661751951431
-0.28474642971087394,727,702,151,318,0.8280182232346242,0.6882352941176471,0.5087473757872638,0.8280182232346242,0.6302557433896836
-0.28472272456921033,727,703,151,317,0.8280182232346242,0.6892156862745098,0.5083916083916084,0.8280182232346242,0.6299826689774696
-0.2847146388638534,728,703,150,317,0.8291571753986332,0.6892156862745098,0.5087351502445842,0.8291571753986332,0.6305760069294066
-0.2846115014546844,729,703,149,317,0.8302961275626424,0.6892156862745098,0.5090782122905028,0.8302961275626424,0.6311688311688312
-0.2846108733821562,729,704,149,316,0.8302961275626424,0.6901960784313725,0.5087229588276343,0.8302961275626424,0.630895716140199
-0.28440972041212337,729,705,149,315,0.8302961275626424,0.6911764705882353,0.5083682008368201,0.8302961275626424,0.6306228373702423
-0.2843316020710323,729,706,149,314,0.8302961275626424,0.692156862745098,0.50801393728223,0.8302961275626424,0.6303501945525292
-0.28426834034710574,730,706,148,314,0.8314350797266514,0.692156862745098,0.5083565459610028,0.8314350797266514,0.6309420916162489
-0.2842254005777518,730,707,148,313,0.8314350797266514,0.6931372549019608,0.5080027835768963,0.8314350797266514,0.630669546436285
-0.2841567096821923,731,707,147,313,0.8325740318906606,0.6931372549019608,0.5083449235048678,0.8325740318906606,0.6312607944732297
-0.2841066297739116,732,707,146,313,0.8337129840546698,0.6931372549019608,0.5086865879082696,0.8337129840546698,0.631851532153647
-0.2840806332173808,732,708,146,312,0.8337129840546698,0.6941176470588235,0.5083333333333333,0.8337129840546698,0.631578947368421
-0.2840295191624148,733,708,145,312,0.8348519362186788,0.6941176470588235,0.508674531575295,0.8348519362186788,0.6321690383786115
-0.2839796451737512,733,709,145,311,0.8348519362186788,0.6950980392156862,0.5083217753120666,0.8348519362186788,0.631896551724138
-0.2839135684168424,733,710,145,310,0.8348519362186788,0.696078431372549,0.507969507969508,0.8348519362186788,0.6316242998707453
-0.2838628217838187,734,710,144,310,0.835990888382688,0.696078431372549,0.5083102493074793,0.835990888382688,0.6322136089577951
-0.28372064592901397,734,713,144,307,0.835990888382688,0.6990196078431372,0.507256392536282,0.835990888382688,0.6313978494623657
-0.2836776750736812,735,713,143,307,0.837129840546697,0.6990196078431372,0.5075966850828729,0.837129840546697,0.6319862424763543
-0.2835911782077191,735,714,143,306,0.837129840546697,0.7,0.5072463768115942,0.837129840546697,0.6317146540610227
-0.28358170874927174,735,715,143,305,0.837129840546697,0.7009803921568627,0.506896551724138,0.837129840546697,0.6314432989690723
-0.28357735414829127,735,716,143,304,0.837129840546697,0.7019607843137254,0.5065472088215024,0.837129840546697,0.6311721768999571
-0.2835406384999428,735,717,143,303,0.837129840546697,0.7029411764705882,0.506198347107438,0.837129840546697,0.6309012875536482
-0.2835183934391727,735,718,143,302,0.837129840546697,0.703921568627451,0.5058499655884378,0.837129840546697,0.6306306306306307
-0.2834911514892333,735,719,143,301,0.837129840546697,0.7049019607843138,0.5055020632737276,0.837129840546697,0.6303602058319039
-0.28338728308054684,736,719,142,301,0.8382687927107062,0.7049019607843138,0.5058419243986254,0.8382687927107062,0.6309472781825974
-0.28337108984890547,737,719,141,301,0.8394077448747153,0.7049019607843138,0.5061813186813187,0.8394077448747153,0.6315338474721508
-0.2833261673727251,737,720,141,300,0.8394077448747153,0.7058823529411765,0.5058339052848319,0.8394077448747153,0.6312633832976445
-0.28325560344015843,738,720,140,300,0.8405466970387244,0.7058823529411765,0.5061728395061729,0.8405466970387244,0.6318493150684933
-0.28322637408757434,739,720,139,300,0.8416856492027335,0.7058823529411765,0.5065113091158328,0.8416856492027335,0.6324347454000856
-0.2832207174485728,739,721,139,299,0.8416856492027335,0.7068627450980393,0.5061643835616438,0.8416856492027335,0.6321642429426861
-0.2831748469343994,739,722,139,298,0.8416856492027335,0.707843137254902,0.5058179329226558,0.8416856492027335,0.6318939717828131
-0.2831477235527695,740,722,138,298,0.8428246013667426,0.707843137254902,0.506155950752394,0.8428246013667426,0.6324786324786325
-0.2829889540936886,740,723,138,297,0.8428246013667426,0.7088235294117647,0.50580997949419,0.8428246013667426,0.6322084579239641
-0.2829639202963644,741,723,137,297,0.8439635535307517,0.7088235294117647,0.5061475409836066,0.8439635535307517,0.6327924850555082
-0.2829331629895319,742,723,136,297,0.8451025056947609,0.7088235294117647,0.5064846416382253,0.8451025056947609,0.6333760136577038
-0.28292044189000687,742,724,136,296,0.8451025056947609,0.7098039215686275,0.5061391541609823,0.8451025056947609,0.6331058020477816
-0.28289958638636215,742,725,136,295,0.8451025056947609,0.7107843137254902,0.5057941376959781,0.8451025056947609,0.6328358208955224
-0.28284032818409116,743,725,135,295,0.8462414578587699,0.7107843137254902,0.5061307901907357,0.8462414578587699,0.6334185848252344
-0.2828263736811172,743,726,135,294,0.8462414578587699,0.711764705882353,0.505786249149081,0.8462414578587699,0.6331487004686833
-0.28281532370645196,743,727,135,293,0.8462414578587699,0.7127450980392157,0.5054421768707483,0.8462414578587699,0.6328790459965928
-0.2827782449965369,743,728,135,292,0.8462414578587699,0.7137254901960784,0.5050985723997281,0.8462414578587699,0.6326096211153683
-0.2827058648012454,743,729,135,291,0.8462414578587699,0.7147058823529412,0.5047554347826086,0.8462414578587699,0.6323404255319148
-0.2826328473472383,743,730,135,290,0.8462414578587699,0.7156862745098039,0.5044127630685675,0.8462414578587699,0.6320714589536368
-0.28261314719457636,743,731,135,289,0.8462414578587699,0.7166666666666667,0.5040705563093623,0.8462414578587699,0.6318027210884354
-0.28250221013343757,744,731,134,289,0.8473804100227791,0.7166666666666667,0.504406779661017,0.8473804100227791,0.6323841903952402
-0.2824908986632375,744,732,134,288,0.8473804100227791,0.7176470588235294,0.5040650406504065,0.8473804100227791,0.6321155480033985
-0.2824196250119975,744,733,134,287,0.8473804100227791,0.7186274509803922,0.5037237643872715,0.8473804100227791,0.6318471337579618
-0.28236019149760044,745,733,133,287,0.8485193621867881,0.7186274509803922,0.5040595399188093,0.8485193621867881,0.6324278438030561
-0.28225872269177665,745,734,133,286,0.8485193621867881,0.7196078431372549,0.5037187288708587,0.8485193621867881,0.6321595248196861
-0.28225194478383114,745,735,133,285,0.8485193621867881,0.7205882352941176,0.5033783783783784,0.8485193621867881,0.631891433418151
-0.28223068614744895,745,736,133,284,0.8485193621867881,0.7215686274509804,0.5030384875084403,0.8485193621867881,0.6316235693090293
-0.28221586612469357,745,737,133,283,0.8485193621867881,0.7225490196078431,0.5026990553306343,0.8485193621867881,0.6313559322033898
-0.2821256361434217,745,738,133,282,0.8485193621867881,0.7235294117647059,0.50236008091706,0.8485193621867881,0.6310885218127911
-0.28211531304144044,745,739,133,281,0.8485193621867881,0.7245098039215686,0.5020215633423181,0.8485193621867881,0.6308213378492802
-0.28198305002920176,745,740,133,280,0.8485193621867881,0.7254901960784313,0.5016835016835017,0.8485193621867881,0.6305543800253914
-0.28193992776386256,745,741,133,279,0.8485193621867881,0.7264705882352941,0.5013458950201884,0.8485193621867881,0.6302876480541456
-0.28189382989091155,745,742,133,278,0.8485193621867881,0.7274509803921568,0.5010087424344317,0.8485193621867881,0.6300211416490485
-0.28184629870531414,745,743,133,277,0.8485193621867881,0.7284313725490196,0.5006720430107527,0.8485193621867881,0.6297548605240912
-0.2818137991013125,745,744,133,276,0.8485193621867881,0.7294117647058823,0.5003357958361316,0.8485193621867881,0.6294888043937473
-0.28173204254703177,745,745,133,275,0.8485193621867881,0.7303921568627451,0.5,0.8485193621867881,0.6292229729729729
-0.2816081732159023,745,746,133,274,0.8485193621867881,0.7313725490196078,0.49966465459423204,0.8485193621867881,0.6289573659772055
-0.28156192997809726,746,746,132,274,0.8496583143507973,0.7313725490196078,0.5,0.8496583143507973,0.629535864978903
-0.281552304249935,746,747,132,273,0.8496583143507973,0.7323529411764705,0.4996651038178165,0.8496583143507973,0.6292703500632645
-0.28144485861818447,746,748,132,272,0.8496583143507973,0.7333333333333333,0.499330655957162,0.8496583143507973,0.6290050590219225
-0.28129250456950033,746,749,132,271,0.8496583143507973,0.734313725490196,0.49899665551839467,0.8496583143507973,0.6287399915718501
-0.28127593900664816,746,750,132,270,0.8496583143507973,0.7352941176470589,0.49866310160427807,0.8496583143507973,0.628475147430497
-0.28123035855191914,746,751,132,269,0.8496583143507973,0.7362745098039216,0.4983299933199733,0.8496583143507973,0.6282105263157894
-0.2812303434445776,746,752,132,268,0.8496583143507973,0.7372549019607844,0.4979973297730307,0.8496583143507973,0.6279461279461279
-0.28121186899190176,747,752,131,268,0.8507972665148064,0.7372549019607844,0.4983322214809873,0.8507972665148064,0.6285233487589399
-0.28119572930890524,748,752,130,268,0.8519362186788155,0.7372549019607844,0.49866666666666665,0.8519362186788155,0.6291000841042893
-0.2810786002450871,748,753,130,267,0.8519362186788155,0.7382352941176471,0.4983344437041972,0.8519362186788155,0.6288356452290879
-0.2809926721051217,748,754,130,266,0.8519362186788155,0.7392156862745098,0.4980026631158455,0.8519362186788155,0.6285714285714284
-0.2809911646725985,749,754,129,266,0.8530751708428246,0.7392156862745098,0.49833666001330673,0.8530751708428246,0.629147417051659
-0.28085131322343226,749,755,129,265,0.8530751708428246,0.7401960784313726,0.49800531914893614,0.8530751708428246,0.6288832913518051
-0.2808076948013144,749,756,129,264,0.8530751708428246,0.7411764705882353,0.49767441860465117,0.8530751708428246,0.6286193873268989
-0.28073670380057003,749,757,129,263,0.8530751708428246,0.7421568627450981,0.49734395750332006,0.8530751708428246,0.6283557046979865
-0.2807305751197967,749,758,129,262,0.8530751708428246,0.7431372549019608,0.49701393497013935,0.8530751708428246,0.6280922431865829
-0.2807286128080781,749,759,129,261,0.8530751708428246,0.7441176470588236,0.496684350132626,0.8530751708428246,0.6278290025146689
-0.28070053445264515,749,760,129,260,0.8530751708428246,0.7450980392156863,0.4963552021206097,0.8530751708428246,0.6275659824046921
-0.28063206633944493,749,761,129,259,0.8530751708428246,0.746078431372549,0.4960264900662252,0.8530751708428246,0.6273031825795644
-0.2804857386769656,749,762,129,258,0.8530751708428246,0.7470588235294118,0.4956982131039047,0.8530751708428246,0.6270406027626623
-0.2804732949353094,749,763,129,257,0.8530751708428246,0.7480392156862745,0.49537037037037035,0.8530751708428246,0.6267782426778242
-0.2804601863852924,749,764,129,256,0.8530751708428246,0.7490196078431373,0.4950429610046266,0.8530751708428246,0.6265161020493518
-0.2804476586975019,749,765,129,255,0.8530751708428246,0.75,0.4947159841479524,0.8530751708428246,0.6262541806020067
-0.28040249128316186,750,765,128,255,0.8542141230068337,0.75,0.49504950495049505,0.8542141230068337,0.6268282490597575
-0.28025436527722103,750,766,128,254,0.8542141230068337,0.7509803921568627,0.4947229551451187,0.8542141230068337,0.6265664160401002
-0.2802378059473998,750,767,128,253,0.8542141230068337,0.7519607843137255,0.4943968358602505,0.8542141230068337,0.6263048016701461
-0.28021256460916466,750,768,128,252,0.8542141230068337,0.7529411764705882,0.49407114624505927,0.8542141230068337,0.6260434056761269
-0.28016589156640553,750,769,128,251,0.8542141230068337,0.753921568627451,0.4937458854509546,0.8542141230068337,0.6257822277847309
-0.2801435978661838,750,770,128,250,0.8542141230068337,0.7549019607843137,0.4934210526315789,0.8542141230068337,0.6255212677231026
-0.28014358653047583,750,771,128,249,0.8542141230068337,0.7558823529411764,0.4930966469428008,0.8542141230068337,0.6252605252188412
-0.2801400769471526,750,772,128,248,0.8542141230068337,0.7568627450980392,0.492772667542707,0.8542141230068337,0.625
-0.2800385164771693,751,772,127,248,0.8553530751708428,0.7568627450980392,0.4931057124097177,0.8553530751708428,0.6255726780508122
-0.2799604060068271,751,773,127,247,0.8553530751708428,0.7578431372549019,0.4927821522309711,0.8553530751708428,0.6253122398001665
-0.27996001814299937,751,774,127,246,0.8553530751708428,0.7588235294117647,0.49245901639344264,0.8553530751708428,0.6250520183104452
-0.27992907709341625,751,775,127,245,0.8553530751708428,0.7598039215686274,0.4921363040629096,0.8553530751708428,0.6247920133111482
-0.2798684490316702,752,775,126,245,0.856492027334852,0.7598039215686274,0.49246889325474785,0.856492027334852,0.6253638253638254
-0.27986246678293414,752,776,126,244,0.856492027334852,0.7607843137254902,0.49214659685863876,0.856492027334852,0.6251039068994182
-0.27983460858800957,753,776,125,244,0.857630979498861,0.7607843137254902,0.4924787442773054,0.857630979498861,0.6256751142501039
-0.2798120506412902,754,776,124,244,0.8587699316628702,0.7607843137254902,0.4928104575163399,0.8587699316628702,0.6262458471760798
-0.2797758659756704,754,777,124,243,0.8587699316628702,0.7617647058823529,0.4924885695623775,0.8587699316628702,0.6259858862598588
-0.2796817307795744,754,778,124,242,0.8587699316628702,0.7627450980392156,0.49216710182767626,0.8587699316628702,0.6257261410788382
-0.27958160866120546,754,779,124,241,0.8587699316628702,0.7637254901960784,0.4918460534898891,0.8587699316628702,0.6254666113645789
-0.27955304796274216,754,780,124,240,0.8587699316628702,0.7647058823529411,0.4915254237288136,0.8587699316628702,0.6252072968490879
-0.27948051338256125,754,781,124,239,0.8587699316628702,0.765686274509804,0.49120521172638437,0.8587699316628702,0.6249481972648157
-0.27944809123069575,754,782,124,238,0.8587699316628702,0.7666666666666667,0.4908854166666667,0.8587699316628702,0.6246893123446562
-0.2793922727305646,754,783,124,237,0.8587699316628702,0.7676470588235295,0.49056603773584906,0.8587699316628702,0.6244306418219462
-0.279375092395759,755,783,123,237,0.8599088838268792,0.7676470588235295,0.4908972691807542,0.8599088838268792,0.625
-0.2793552142130184,756,783,122,237,0.8610478359908884,0.7676470588235295,0.49122807017543857,0.8610478359908884,0.6255688870500621
-0.2793319786266497,756,784,122,236,0.8610478359908884,0.7686274509803922,0.4909090909090909,0.8610478359908884,0.6253101736972704
-0.2792944795452518,757,784,121,236,0.8621867881548975,0.7686274509803922,0.49123945489941595,0.8621867881548975,0.6258784621744523
-0.2792906166980399,757,785,121,235,0.8621867881548975,0.7696078431372549,0.4909208819714656,0.8621867881548975,0.6256198347107438
-0.27914503535437807,757,786,121,234,0.8621867881548975,0.7705882352941177,0.49060272197018795,0.8621867881548975,0.6253614209004544
-0.27914122899193733,758,786,120,234,0.8633257403189066,0.7705882352941177,0.49093264248704666,0.8633257403189066,0.6259289843104873
-0.27910399235932154,758,787,120,233,0.8633257403189066,0.7715686274509804,0.4906148867313916,0.8633257403189066,0.6256706562113084
-0.27902995253658774,758,788,120,232,0.8633257403189066,0.7725490196078432,0.49029754204398446,0.8633257403189066,0.6254125412541254
-0.2790249255174123,759,788,119,232,0.8644646924829157,0.7725490196078432,0.4906270200387847,0.8644646924829157,0.6259793814432989
-0.2789595292862922,760,788,118,232,0.8656036446469249,0.7725490196078432,0.4909560723514212,0.8656036446469249,0.6265457543281121
-0.27889847190975253,761,788,117,232,0.8667425968109339,0.7725490196078432,0.49128469980632666,0.8667425968109339,0.6271116604861969
-0.278896153008687,761,789,117,231,0.8667425968109339,0.7735294117647059,0.49096774193548387,0.8667425968109339,0.6268533772652389
-0.27884749950804005,761,790,117,230,0.8667425968109339,0.7745098039215687,0.49065119277885233,0.8667425968109339,0.6265953067105804
-0.27881008518120665,762,790,116,230,0.8678815489749431,0.7745098039215687,0.49097938144329895,0.8678815489749431,0.6271604938271605
-0.2786661511704314,763,790,115,230,0.8690205011389521,0.7745098039215687,0.49130714745653575,0.8690205011389521,0.6277252159605101
-0.2786391751775752,763,791,115,229,0.8690205011389521,0.7754901960784314,0.49099099099099097,0.8690205011389521,0.6274671052631579
-0.2784694889545057,764,791,114,229,0.8701594533029613,0.7754901960784314,0.49131832797427655,0.8701594533029613,0.6280312371557748
-0.2784649506725331,764,792,114,228,0.8701594533029613,0.7764705882352941,0.4910025706940874,0.8701594533029613,0.6277732128184059
-0.2784164596987319,765,792,113,228,0.8712984054669703,0.7764705882352941,0.4913294797687861,0.8712984054669703,0.6283367556468172
-0.27835001935451475,766,792,112,228,0.8724373576309795,0.7764705882352941,0.49165596919127086,0.8724373576309795,0.6288998357963875
-0.27823201462339486,766,793,112,227,0.8724373576309795,0.7774509803921569,0.4913406029506094,0.8724373576309795,0.6286417726713172
-0.2782236810680212,766,794,112,226,0.8724373576309795,0.7784313725490196,0.491025641025641,0.8724373576309795,0.6283839212469238
-0.27811674870472186,766,795,112,225,0.8724373576309795,0.7794117647058824,0.4907110826393338,0.8724373576309795,0.6281262812628126
-0.27809200821563107,766,796,112,224,0.8724373576309795,0.7803921568627451,0.49039692701664533,0.8724373576309795,0.6278688524590164
-0.27793569326734907,767,796,111,224,0.8735763097949886,0.7803921568627451,0.490722968650032,0.8735763097949886,0.62843097091356
-0.27789840101652646,767,797,111,223,0.8735763097949886,0.7813725490196078,0.4904092071611253,0.8735763097949886,0.6281736281736282
-0.2778514881602155,767,798,111,222,0.8735763097949886,0.7823529411764706,0.49009584664536743,0.8735763097949886,0.6279164961113385
-0.2777811646038529,767,799,111,221,0.8735763097949886,0.7833333333333333,0.4897828863346105,0.8735763097949886,0.6276595744680851
-0.27775782643508584,768,799,110,221,0.8747152619589977,0.7833333333333333,0.4901084875558392,0.8747152619589977,0.6282208588957056
-0.2775896263889958,768,800,110,220,0.8747152619589977,0.7843137254901961,0.4897959183673469,0.8747152619589977,0.6279640228945216
-0.27748034811548694,768,801,110,219,0.8747152619589977,0.7852941176470588,0.4894837476099426,0.8747152619589977,0.6277073968124234
-0.2773354540294943,768,802,110,218,0.8747152619589977,0.7862745098039216,0.489171974522293,0.8747152619589977,0.6274509803921569
-0.27733425416728635,768,803,110,217,0.8747152619589977,0.7872549019607843,0.48886059834500317,0.8747152619589977,0.6271947733768886
-0.27731617932600655,769,803,109,217,0.8758542141230068,0.7872549019607843,0.4891857506361323,0.8758542141230068,0.6277551020408163
-0.277226432346701,769,804,109,216,0.8758542141230068,0.788235294117647,0.4888747616020343,0.8758542141230068,0.62749898000816
-0.27722372416440766,770,804,108,216,0.876993166287016,0.788235294117647,0.4891994917407878,0.876993166287016,0.6280587275693312
-0.27715887752363566,770,805,108,215,0.876993166287016,0.7892156862745098,0.4888888888888889,0.876993166287016,0.6278026905829596
-0.27714702261812385,771,805,107,215,0.878132118451025,0.7892156862745098,0.48921319796954316,0.878132118451025,0.628361858190709
-0.2771202760051988,771,806,107,214,0.878132118451025,0.7901960784313725,0.4889029803424223,0.878132118451025,0.6281059063136456
-0.27711762220127095,772,806,106,214,0.8792710706150342,0.7901960784313725,0.4892268694550063,0.8792710706150342,0.6286644951140065
-0.2770943937720231,773,806,105,214,0.8804100227790432,0.7901960784313725,0.4895503483217226,0.8804100227790432,0.6292226292226292
-0.277075076371598,774,806,104,214,0.8815489749430524,0.7901960784313725,0.489873417721519,0.8815489749430524,0.629780309194467
-0.27704484067119584,774,807,104,213,0.8815489749430524,0.7911764705882353,0.48956356736242884,0.8815489749430524,0.6295241968279789
-0.2770384027907238,774,808,104,212,0.8815489749430524,0.792156862745098,0.4892541087231353,0.8815489749430524,0.6292682926829268
-0.27699749333724083,774,809,104,211,0.8815489749430524,0.7931372549019607,0.48894504106127606,0.8815489749430524,0.6290125965054856
-0.27694837347311924,774,810,104,210,0.8815489749430524,0.7941176470588235,0.48863636363636365,0.8815489749430524,0.628757108042242
-0.2769182484334773,774,811,104,209,0.8815489749430524,0.7950980392156862,0.48832807570977915,0.8815489749430524,0.6285018270401949
-0.2768357892449402,775,811,103,209,0.8826879271070615,0.7950980392156862,0.48865069356872637,0.8826879271070615,0.6290584415584415
-0.27675353941404224,775,812,103,208,0.8826879271070615,0.796078431372549,0.48834278512917456,0.8826879271070615,0.6288032454361056
-0.2767294839693484,776,812,102,208,0.8838268792710706,0.796078431372549,0.48866498740554154,0.8838268792710706,0.6293592862935928
-0.2766936076751488,776,813,102,207,0.8838268792710706,0.7970588235294118,0.4883574575204531,0.8838268792710706,0.6291041751114714
-0.2766740113140598,776,814,102,206,0.8838268792710706,0.7980392156862746,0.4880503144654088,0.8838268792710706,0.6288492706645057
-0.27639828072188993,776,815,102,205,0.8838268792710706,0.7990196078431373,0.48774355751099935,0.8838268792710706,0.6285945727014985
-0.27631986250168866,776,816,102,204,0.8838268792710706,0.8,0.48743718592964824,0.8838268792710706,0.6283400809716599
-0.27631734522315327,776,817,102,203,0.8838268792710706,0.8009803921568628,0.48713119899560575,0.8838268792710706,0.6280857952246054
-0.2763074444190006,776,818,102,202,0.8838268792710706,0.8019607843137255,0.4868255959849435,0.8838268792710706,0.627831715210356
-0.276222165426598,777,818,101,202,0.8849658314350797,0.8019607843137255,0.4871473354231975,0.8849658314350797,0.6283865750101092
-0.2760734679296441,777,819,101,201,0.8849658314350797,0.8029411764705883,0.4868421052631579,0.8849658314350797,0.6281325788197252
-0.2760239122653975,778,819,100,201,0.8861047835990888,0.8029411764705883,0.48716343143393864,0.8861047835990888,0.6286868686868686
-0.2759594129769729,779,819,99,201,0.8872437357630979,0.8029411764705883,0.4874843554443054,0.8872437357630979,0.6292407108239094
-0.27593754446916274,780,819,98,201,0.8883826879271071,0.8029411764705883,0.4878048780487805,0.8883826879271071,0.6297941057731127
-0.2758961206933035,781,819,97,201,0.8895216400911162,0.8029411764705883,0.488125,0.8895216400911162,0.6303470540758676
-0.2757053305973221,782,819,96,201,0.8906605922551253,0.8029411764705883,0.4884447220487195,0.8906605922551253,0.6308995562726906
-0.2756703606619824,782,820,96,200,0.8906605922551253,0.803921568627451,0.48813982521847693,0.8906605922551253,0.6306451612903227
-0.2754390541528373,782,821,96,199,0.8906605922551253,0.8049019607843138,0.4878353087960075,0.8906605922551253,0.630390971382507
-0.2753848659096047,782,822,96,198,0.8906605922551253,0.8058823529411765,0.48753117206982544,0.8906605922551253,0.6301369863013699
-0.2752575934847839,782,823,96,197,0.8906605922551253,0.8068627450980392,0.48722741433021804,0.8906605922551253,0.6298832057994361
-0.27519249181335176,783,823,95,197,0.8917995444191344,0.8068627450980392,0.487546699875467,0.8917995444191344,0.6304347826086957
-0.27508574853332457,784,823,94,197,0.8929384965831435,0.8068627450980392,0.4878655880522713,0.8929384965831435,0.6309859154929577
-0.27494836741131873,784,824,94,196,0.8929384965831435,0.807843137254902,0.48756218905472637,0.8929384965831435,0.6307320997586484
-0.27485392491529415,784,825,94,195,0.8929384965831435,0.8088235294117647,0.4872591671845867,0.8929384965831435,0.6304784881383192
-0.2747534306593233,784,826,94,194,0.8929384965831435,0.8098039215686275,0.48695652173913045,0.8929384965831435,0.6302250803858521
-0.27474704166425756,784,827,94,193,0.8929384965831435,0.8107843137254902,0.4866542520173805,0.8929384965831435,0.6299718762555243
-0.27457441682695005,784,828,94,192,0.8929384965831435,0.8117647058823529,0.48635235732009924,0.8929384965831435,0.629718875502008
-0.274513812911146,784,829,94,191,0.8929384965831435,0.8127450980392157,0.486050836949783,0.8929384965831435,0.6294660778803695
-0.2744115461618655,784,830,94,190,0.8929384965831435,0.8137254901960784,0.4857496902106567,0.8929384965831435,0.6292134831460674
-0.2743200953033932,784,831,94,189,0.8929384965831435,0.8147058823529412,0.4854489164086687,0.8929384965831435,0.6289610910549538
-0.27425711544326137,784,832,94,188,0.8929384965831435,0.8156862745098039,0.48514851485148514,0.8929384965831435,0.6287089013632718
-0.274210195369408,784,833,94,187,0.8929384965831435,0.8166666666666667,0.48484848484848486,0.8929384965831435,0.6284569138276553
-0.27417912484865037,784,834,94,186,0.8929384965831435,0.8176470588235294,0.484548825710754,0.8929384965831435,0.6282051282051282
-0.27410492710758044,784,835,94,185,0.8929384965831435,0.8186274509803921,0.4842495367510809,0.8929384965831435,0.6279535442531038
-0.2740476183457493,784,836,94,184,0.8929384965831435,0.8196078431372549,0.4839506172839506,0.8929384965831435,0.6277021617293835
-0.27389550947783053,784,837,94,183,0.8929384965831435,0.8205882352941176,0.4836520666255398,0.8929384965831435,0.6274509803921569
-0.2738757150390445,784,838,94,182,0.8929384965831435,0.8215686274509804,0.4833538840937115,0.8929384965831435,0.6272000000000001
-0.2738419155971225,784,839,94,181,0.8929384965831435,0.8225490196078431,0.48305606900800985,0.8929384965831435,0.6269492203118753
-0.273796376550122,784,840,94,180,0.8929384965831435,0.8235294117647058,0.4827586206896552,0.8929384965831435,0.6266986410871302
-0.2737905009667138,785,840,93,180,0.8940774487471527,0.8235294117647058,0.48307692307692307,0.8940774487471527,0.6272473032361167
-0.2737628426273641,785,842,93,178,0.8940774487471527,0.8254901960784313,0.48248309772587583,0.8940774487471527,0.6267465069860279
-0.2737082261200512,785,843,93,177,0.8940774487471527,0.8264705882352941,0.4821867321867322,0.8940774487471527,0.6264964086193137
-0.27356431401917425,785,844,93,176,0.8940774487471527,0.8274509803921568,0.48189073050951503,0.8940774487471527,0.6262465097726366
-0.2734491540847335,785,845,93,175,0.8940774487471527,0.8284313725490197,0.4815950920245399,0.8940774487471527,0.6259968102073366
-0.2734405073810396,785,846,93,174,0.8940774487471527,0.8294117647058824,0.48129981606376454,0.8940774487471527,0.6257473096851335
-0.27341890431630245,785,847,93,173,0.8940774487471527,0.8303921568627451,0.4810049019607843,0.8940774487471527,0.6254980079681275
-0.27338548441904875,786,847,92,173,0.8952164009111617,0.8303921568627451,0.48132271892222905,0.8952164009111617,0.6260454002389487
-0.27331945836102334,786,848,92,172,0.8952164009111617,0.8313725490196079,0.4810281517747858,0.8952164009111617,0.6257961783439491
-0.2732915941133497,786,849,92,171,0.8952164009111617,0.8323529411764706,0.48073394495412847,0.8952164009111617,0.6255471547950656
-0.27320291768426225,786,850,92,170,0.8952164009111617,0.8333333333333334,0.480440097799511,0.8952164009111617,0.6252983293556086
-0.27319629516953275,786,851,92,169,0.8952164009111617,0.8343137254901961,0.48014660965180206,0.8952164009111617,0.6250497017892644
-0.2731560266457542,786,855,92,165,0.8952164009111617,0.8382352941176471,0.4789762340036563,0.8952164009111617,0.6240571655418817
-0.2731174744508302,786,856,92,164,0.8952164009111617,0.8392156862745098,0.47868453105968334,0.8952164009111617,0.6238095238095238
-0.2731096389042062,787,856,91,164,0.8963553530751709,0.8392156862745098,0.47900182592818014,0.8963553530751709,0.6243554145180484
-0.27291196073031737,787,857,91,163,0.8963553530751709,0.8401960784313726,0.4787104622871046,0.8963553530751709,0.6241078509119746
-0.272795050655122,787,858,91,162,0.8963553530751709,0.8411764705882353,0.478419452887538,0.8963553530751709,0.6238604835513277
-0.27255579954517484,787,859,91,161,0.8963553530751709,0.842156862745098,0.4781287970838396,0.8963553530751709,0.6236133122028527
-0.272431251550608,787,860,91,160,0.8963553530751709,0.8431372549019608,0.47783849423193686,0.8963553530751709,0.6233663366336634
-0.27237885863193223,787,861,91,159,0.8963553530751709,0.8441176470588235,0.47754854368932037,0.8963553530751709,0.6231195566112431
-0.2723405699675315,787,862,91,158,0.8963553530751709,0.8450980392156863,0.47725894481503944,0.8963553530751709,0.6228729719034428
-0.2723353210727535,788,862,90,158,0.89749430523918,0.8450980392156863,0.4775757575757576,0.89749430523918,0.6234177215189873
-0.2723292741069806,789,862,89,158,0.8986332574031891,0.8450980392156863,0.4778921865536039,0.8986332574031891,0.6239620403321471
-0.27224001672499504,790,862,88,158,0.8997722095671982,0.8450980392156863,0.4782082324455206,0.8997722095671982,0.6245059288537549
-0.272222862471239,790,863,88,157,0.8997722095671982,0.846078431372549,0.4779189352692075,0.8997722095671982,0.6242591860924536
-0.27219358238716396,791,863,87,157,0.9009111617312073,0.846078431372549,0.4782345828295042,0.9009111617312073,0.6248025276461295
-0.27212224433553583,792,863,86,157,0.9020501138952164,0.846078431372549,0.47854984894259817,0.9020501138952164,0.6253454401894987
-0.27199066267474004,793,863,85,157,0.9031890660592256,0.846078431372549,0.4788647342995169,0.9031890660592256,0.6258879242304658
-0.27196592553909726,794,863,84,157,0.9043280182232346,0.846078431372549,0.4791792395896198,0.9043280182232346,0.6264299802761341
-0.2717774792047001,794,864,84,156,0.9043280182232346,0.8470588235294118,0.47889022919179736,0.9043280182232346,0.6261829652996846
-0.27173109100986986,794,865,84,155,0.9043280182232346,0.8480392156862745,0.47860156720916214,0.9043280182232346,0.6259361450532125
-0.2716965606200284,795,865,83,155,0.9054669703872438,0.8480392156862745,0.4789156626506024,0.9054669703872438,0.6264775413711584
-0.27167728266555285,795,866,83,154,0.9054669703872438,0.8490196078431372,0.4786273329319687,0.9054669703872438,0.6262307995273729
-0.2716265734310601,795,867,83,153,0.9054669703872438,0.85,0.47833935018050544,0.9054669703872438,0.625984251968504
-0.2715309136113811,796,867,82,153,0.9066059225512528,0.85,0.47865303668069753,0.9066059225512528,0.6265249901613538
-0.271411860012198,796,868,82,152,0.9066059225512528,0.8509803921568627,0.47836538461538464,0.9066059225512528,0.6262785208497247
-0.2713871718461771,797,868,81,152,0.907744874715262,0.8509803921568627,0.4786786786786787,0.907744874715262,0.6268187180495478
-0.2711796849332498,797,869,81,151,0.907744874715262,0.8519607843137255,0.47839135654261705,0.907744874715262,0.6265723270440251
-0.271109479114743,797,870,81,150,0.907744874715262,0.8529411764705882,0.47810437912417514,0.907744874715262,0.6263261296660118
-0.27105640574055323,798,870,80,150,0.908883826879271,0.8529411764705882,0.4784172661870504,0.908883826879271,0.6268656716417911
-0.27102316493704764,799,870,79,150,0.9100227790432802,0.8529411764705882,0.4787297783103655,0.9100227790432802,0.6274047899489597
-0.2709604641860878,800,870,78,150,0.9111617312072893,0.8529411764705882,0.47904191616766467,0.9111617312072893,0.6279434850863422
-0.2707863951804342,801,870,77,150,0.9123006833712984,0.8529411764705882,0.4793536804308797,0.9123006833712984,0.6284817575519812
-0.27054790172089266,801,871,77,149,0.9123006833712984,0.8539215686274509,0.47906698564593303,0.9123006833712984,0.6282352941176471
-0.2705129592063504,802,871,76,149,0.9134396355353075,0.8539215686274509,0.4793783622235505,0.9134396355353075,0.6287730301842416
-0.2704467236879042,803,871,75,149,0.9145785876993167,0.8539215686274509,0.479689366786141,0.9145785876993167,0.6293103448275862
-0.2704435019459873,804,871,74,149,0.9157175398633257,0.8539215686274509,0.48,0.9157175398633257,0.6298472385428907
-0.2704301619119364,805,871,73,149,0.9168564920273349,0.8539215686274509,0.48031026252983294,0.9168564920273349,0.630383711824589
-0.27042772382788427,806,871,72,149,0.9179954441913439,0.8539215686274509,0.4806201550387597,0.9179954441913439,0.6309197651663405
-0.27041637607521624,807,871,71,149,0.9191343963553531,0.8539215686274509,0.48092967818831944,0.9191343963553531,0.6314553990610329
-0.2702735331747196,807,872,71,148,0.9191343963553531,0.8549019607843137,0.4806432400238237,0.9191343963553531,0.631208447399296
-0.27011320681018924,808,872,70,148,0.9202733485193622,0.8549019607843137,0.48095238095238096,0.9202733485193622,0.6317435496481626
-0.2698994667908603,808,873,70,147,0.9202733485193622,0.8558823529411764,0.4806662700773349,0.9202733485193622,0.631496678389996
-0.2695251990239833,809,873,69,147,0.9214123006833713,0.8558823529411764,0.48097502972651607,0.9214123006833713,0.63203125
-0.26952042491960987,809,874,69,146,0.9214123006833713,0.8568627450980392,0.48068924539512775,0.9214123006833713,0.6317844591956266
-0.26944641051276286,810,874,68,146,0.9225512528473804,0.8568627450980392,0.4809976247030879,0.9225512528473804,0.6323185011709601
-0.2691075435958872,810,875,68,145,0.9225512528473804,0.8578431372549019,0.4807121661721068,0.9225512528473804,0.6320717908700741
-0.268878176940903,810,876,68,144,0.9225512528473804,0.8588235294117647,0.4804270462633452,0.9225512528473804,0.6318252730109204
-0.2688295242944979,811,876,67,144,0.9236902050113895,0.8588235294117647,0.48073503260225253,0.9236902050113895,0.6323586744639377
-0.2687472134968514,811,877,67,143,0.9236902050113895,0.8598039215686275,0.48045023696682465,0.9236902050113895,0.632112236944661
-0.2686653636428072,811,878,67,142,0.9236902050113895,0.8607843137254902,0.48016577856719955,0.9236902050113895,0.6318659914296845
-0.2685982178764366,811,879,67,141,0.9236902050113895,0.861764705882353,0.4798816568047337,0.9236902050113895,0.631619937694704
-0.2685677355493008,812,879,66,141,0.9248291571753986,0.861764705882353,0.48018923713778827,0.9248291571753986,0.6321525885558583
-0.26835202307033784,812,880,66,140,0.9248291571753986,0.8627450980392157,0.4799054373522459,0.9248291571753986,0.6319066147859923
-0.2683351154197756,813,880,65,140,0.9259681093394078,0.8627450980392157,0.4802126402835204,0.9259681093394078,0.632438739789965
-0.26829212501428995,813,881,65,139,0.9259681093394078,0.8637254901960785,0.47992916174734357,0.9259681093394078,0.6321928460342147
-0.2682836123094066,814,881,64,139,0.9271070615034168,0.8637254901960785,0.48023598820059,0.9271070615034168,0.632724446171784
-0.26819621727350845,814,882,64,138,0.9271070615034168,0.8647058823529412,0.47995283018867924,0.9271070615034168,0.6324786324786325
-0.2681336974822353,815,882,63,138,0.928246013667426,0.8647058823529412,0.48025928108426635,0.928246013667426,0.6330097087378641
-0.26812132925183224,815,883,63,137,0.928246013667426,0.865686274509804,0.4799764428739694,0.928246013667426,0.6327639751552795
-0.2680978841713064,816,883,62,137,0.929384965831435,0.865686274509804,0.48028251912889935,0.929384965831435,0.6332945285215367
-0.26807238035490816,817,883,61,137,0.9305239179954442,0.865686274509804,0.48058823529411765,0.9305239179954442,0.6338246702870443
-0.26800207419983557,818,883,60,137,0.9316628701594533,0.865686274509804,0.4808935920047031,0.9316628701594533,0.6343544009305933
-0.26798571428156764,818,884,60,136,0.9316628701594533,0.8666666666666667,0.4806110458284371,0.9316628701594533,0.634108527131783
-0.2678659492122365,818,885,60,135,0.9316628701594533,0.8676470588235294,0.4803288314738696,0.9316628701594533,0.6338628438589693
-0.26782709532572135,818,886,60,134,0.9316628701594533,0.8686274509803922,0.4800469483568075,0.9316628701594533,0.6336173508907824
-0.2677958597565028,819,886,59,134,0.9328018223234624,0.8686274509803922,0.48035190615835777,0.9328018223234624,0.6341463414634146
-0.26765661391647827,819,887,59,133,0.9328018223234624,0.8696078431372549,0.48007033997655335,0.9328018223234624,0.6339009287925698
-0.26764488821707416,819,888,59,132,0.9328018223234624,0.8705882352941177,0.4797891036906854,0.9328018223234624,0.6336557059961315
-0.2674589419111287,820,888,58,132,0.9339407744874715,0.8705882352941177,0.48009367681498827,0.9339407744874715,0.6341840680587779
-0.26734037521321924,820,889,58,131,0.9339407744874715,0.8715686274509804,0.47981275599765943,0.9339407744874715,0.6339389253962118
-0.2673101415909225,820,890,58,130,0.9339407744874715,0.8725490196078431,0.47953216374269003,0.9339407744874715,0.6336939721792889
-0.2673024244152682,821,890,57,130,0.9350797266514806,0.8725490196078431,0.4798363530099357,0.9350797266514806,0.634221707222866
-0.26726971938206,821,891,57,129,0.9350797266514806,0.8735294117647059,0.47955607476635514,0.9350797266514806,0.633976833976834
-0.2672352419797832,821,892,57,128,0.9350797266514806,0.8745098039215686,0.4792761237594863,0.9350797266514806,0.6337321497491316
-0.26723486008233116,822,892,56,128,0.9362186788154897,0.8745098039215686,0.4795799299883314,0.9362186788154897,0.6342592592592593
-0.2671839455900375,822,893,56,127,0.9362186788154897,0.8754901960784314,0.4793002915451895,0.9362186788154897,0.6340146548399537
-0.26716716305988475,823,893,55,127,0.9373576309794989,0.8754901960784314,0.4796037296037296,0.9373576309794989,0.6345412490362374
-0.2669894193815112,823,894,55,126,0.9373576309794989,0.8764705882352941,0.4793244030285381,0.9373576309794989,0.6342967244701349
-0.26698281196039414,824,894,54,126,0.9384965831435079,0.8764705882352941,0.479627473806752,0.9384965831435079,0.6348228043143297
-0.2669776903001651,825,894,53,126,0.9396355353075171,0.8764705882352941,0.4799301919720768,0.9396355353075171,0.6353484790142473
-0.26688608453210505,825,895,53,125,0.9396355353075171,0.8774509803921569,0.4796511627906977,0.9396355353075171,0.6351039260969977
-0.26682849350748805,825,896,53,124,0.9396355353075171,0.8784313725490196,0.47937245787332944,0.9396355353075171,0.6348595613697575
-0.2666508606305009,825,897,53,123,0.9396355353075171,0.8794117647058823,0.47909407665505227,0.9396355353075171,0.6346153846153846
-0.2665068878468911,825,898,53,122,0.9396355353075171,0.8803921568627451,0.4788160185722577,0.9396355353075171,0.6343713956170703
-0.2663193398196038,826,898,52,122,0.9407744874715261,0.8803921568627451,0.4791183294663573,0.9407744874715261,0.6348962336664103
-0.2662975764880675,827,898,51,122,0.9419134396355353,0.8803921568627451,0.47942028985507246,0.9419134396355353,0.6354206684594699
-0.26629496742079495,828,898,50,122,0.9430523917995444,0.8803921568627451,0.4797219003476246,0.9430523917995444,0.6359447004608295
-0.26618494660547926,829,898,49,122,0.9441913439635535,0.8803921568627451,0.48002316155182395,0.9441913439635535,0.636468330134357
-0.26618054348063275,830,898,48,122,0.9453302961275627,0.8803921568627451,0.48032407407407407,0.9453302961275627,0.636991557943208
-0.2661344820838187,831,898,47,122,0.9464692482915718,0.8803921568627451,0.48062463851937537,0.9464692482915718,0.6375143843498274
-0.2661058725416315,832,898,46,122,0.9476082004555809,0.8803921568627451,0.48092485549132946,0.9476082004555809,0.6380368098159508
-0.2660325834383377,832,899,46,121,0.9476082004555809,0.8813725490196078,0.4806470248411323,0.9476082004555809,0.6377922575699502
-0.2659933987360839,833,899,45,121,0.94874715261959,0.8813725490196078,0.4809468822170901,0.94874715261959,0.6383141762452108
-0.26594660123301234,834,899,44,121,0.9498861047835991,0.8813725490196078,0.4812463935372187,0.9498861047835991,0.6388356951359633
-0.2659215029492687,835,899,43,121,0.9510250569476082,0.8813725490196078,0.4815455594002307,0.9510250569476082,0.6393568147013783
-0.265749867049861,835,900,43,120,0.9510250569476082,0.8823529411764706,0.4812680115273775,0.9510250569476082,0.639112131649445
-0.2655270626019298,835,901,43,119,0.9510250569476082,0.8833333333333333,0.48099078341013823,0.9510250569476082,0.6388676358071921
-0.2655240229609258,835,902,43,118,0.9510250569476082,0.884313725490196,0.4807138744962579,0.9510250569476082,0.6386233269598469
-0.2654445894615643,835,903,43,117,0.9510250569476082,0.8852941176470588,0.48043728423475257,0.9510250569476082,0.6383792048929663
-0.2653778627367035,836,903,42,117,0.9521640091116174,0.8852941176470588,0.4807360552041403,0.9521640091116174,0.6388995032479939
-0.26526269399098273,836,904,42,116,0.9521640091116174,0.8862745098039215,0.4804597701149425,0.9521640091116174,0.6386554621848739
-0.2651359599154027,837,904,41,116,0.9533029612756264,0.8862745098039215,0.4807581849511775,0.9533029612756264,0.6391752577319588
-0.26501394256518906,837,905,41,115,0.9533029612756264,0.8872549019607843,0.48048220436280137,0.9533029612756264,0.6389312977099236
-0.26488761188135307,837,906,41,114,0.9533029612756264,0.888235294117647,0.4802065404475043,0.9533029612756264,0.6386875238458604
-0.2648060293519181,837,907,41,113,0.9533029612756264,0.8892156862745098,0.47993119266055045,0.9533029612756264,0.6384439359267735
-0.2646719050650539,837,908,41,112,0.9533029612756264,0.8901960784313725,0.4796561604584527,0.9533029612756264,0.6382005337399924
-0.26466969990361566,838,908,40,112,0.9544419134396356,0.8901960784313725,0.47995418098510884,0.9544419134396356,0.6387195121951219
-0.26462400733430747,839,908,39,112,0.9555808656036446,0.8901960784313725,0.48025186033199774,0.9555808656036446,0.6392380952380953
-0.26443407328376284,840,908,38,112,0.9567198177676538,0.8901960784313725,0.4805491990846682,0.9567198177676538,0.6397562833206398
-0.26411314574433475,841,908,37,112,0.9578587699316629,0.8901960784313725,0.4808461978273299,0.9578587699316629,0.6402740768937952
-0.2641080791342987,842,908,36,112,0.958997722095672,0.8901960784313725,0.48114285714285715,0.958997722095672,0.6407914764079148
-0.26408376760406566,842,909,36,111,0.958997722095672,0.8911764705882353,0.480868075385494,0.958997722095672,0.6405477367820464
-0.26400054956815855,842,910,36,110,0.958997722095672,0.8921568627450981,0.4805936073059361,0.958997722095672,0.6403041825095058
-0.2639744135629167,843,910,35,110,0.9601366742596811,0.8921568627450981,0.48088990302338847,0.9601366742596811,0.6408209806157354
-0.26397259695683023,844,910,34,110,0.9612756264236902,0.8921568627450981,0.4811858608893957,0.9612756264236902,0.6413373860182371
-0.2639420133348946,845,910,33,110,0.9624145785876993,0.8921568627450981,0.48148148148148145,0.9624145785876993,0.6418533991644512
-0.2639293835965123,846,910,32,110,0.9635535307517085,0.8921568627450981,0.48177676537585423,0.9635535307517085,0.642369020501139
-0.26390692519975156,847,910,31,110,0.9646924829157175,0.8921568627450981,0.4820717131474104,0.9646924829157175,0.6428842504743834
-0.2638341024979715,848,910,30,110,0.9658314350797267,0.8921568627450981,0.48236632536973834,0.9658314350797267,0.6433990895295902
-0.26382456901235596,849,910,29,110,0.9669703872437357,0.8921568627450981,0.4826606026151222,0.9669703872437357,0.6439135381114903
-0.26379811913331463,850,910,28,110,0.9681093394077449,0.8921568627450981,0.48295454545454547,0.9681093394077449,0.6444275966641395
-0.2637784354892752,851,910,27,110,0.969248291571754,0.8921568627450981,0.4832481544576945,0.969248291571754,0.6449412656309208
-0.26375443604268056,851,911,27,109,0.969248291571754,0.8931372549019608,0.48297389330306467,0.969248291571754,0.6446969696969697
-0.2636857053338798,851,912,27,108,0.969248291571754,0.8941176470588236,0.4826999432785026,0.969248291571754,0.6444528587656191
-0.2636593531699522,852,912,26,108,0.9703872437357631,0.8941176470588236,0.48299319727891155,0.9703872437357631,0.6449659348978047
-0.263605467942512,853,912,25,108,0.9715261958997722,0.8941176470588236,0.48328611898017,0.9715261958997722,0.6454786227771472
-0.26356337796887924,854,912,24,108,0.9726651480637813,0.8941176470588236,0.48357870894677235,0.9726651480637813,0.6459909228441755
-0.263549034324652,854,913,24,107,0.9726651480637813,0.8950980392156863,0.4833050367855122,0.9726651480637813,0.6457466918714556
-0.263515292062916,854,914,24,106,0.9726651480637813,0.8960784313725491,0.4830316742081448,0.9726651480637813,0.6455026455026455
-0.263492932588372,854,915,24,105,0.9726651480637813,0.8970588235294118,0.4827586206896552,0.9726651480637813,0.6452587835285228
-0.26346081248690056,854,918,24,102,0.9726651480637813,0.9,0.481941309255079,0.9726651480637813,0.6445283018867924
-0.2634269087367474,854,919,24,101,0.9726651480637813,0.9009803921568628,0.48166948674562887,0.9726651480637813,0.6442851754055073
-0.2634242303534191,855,919,23,101,0.9738041002277904,0.9009803921568628,0.4819616685456595,0.9738041002277904,0.6447963800904977
-0.26339215829228246,855,920,23,100,0.9738041002277904,0.9019607843137255,0.48169014084507045,0.9738041002277904,0.6445533358462119
-0.26338793220526147,855,921,23,99,0.9738041002277904,0.9029411764705882,0.4814189189189189,0.9738041002277904,0.6443104747550867
-0.2633683745923036,855,922,23,98,0.9738041002277904,0.903921568627451,0.4811480022509848,0.9738041002277904,0.6440677966101694
-0.26336486916997587,856,922,22,98,0.9749430523917996,0.903921568627451,0.4814398200224972,0.9749430523917996,0.6445783132530121
-0.26329866885168723,856,923,22,97,0.9749430523917996,0.9049019607843137,0.4811691961776279,0.9749430523917996,0.6443357169740309
-0.2632620195632076,856,924,22,96,0.9749430523917996,0.9058823529411765,0.48089887640449436,0.9749430523917996,0.6440933032355154
-0.2632474468783802,857,924,21,96,0.9760820045558086,0.9058823529411765,0.4811903425042111,0.9760820045558086,0.6446032342986084
-0.2632408893797436,857,925,21,95,0.9760820045558086,0.9068627450980392,0.48092031425364756,0.9760820045558086,0.644360902255639
-0.2632057759632768,857,926,21,94,0.9760820045558086,0.907843137254902,0.4806505888951206,0.9760820045558086,0.644118752348741
-0.2631956976441692,858,926,20,94,0.9772209567198178,0.907843137254902,0.48094170403587444,0.9772209567198178,0.6446280991735538
-0.2631310117673302,858,927,20,93,0.9772209567198178,0.9088235294117647,0.48067226890756304,0.9772209567198178,0.6443860307923395
-0.2631296504003261,858,928,20,92,0.9772209567198178,0.9098039215686274,0.48040313549832026,0.9772209567198178,0.6441441441441441
-0.2631062888128476,859,928,19,92,0.9783599088838268,0.9098039215686274,0.48069390039171794,0.9783599088838268,0.6446529080675423
-0.2630834189338602,859,929,19,91,0.9783599088838268,0.9107843137254902,0.4804250559284116,0.9783599088838268,0.6444111027756939
-0.2630642547270322,859,930,19,90,0.9783599088838268,0.9117647058823529,0.48015651201788706,0.9783599088838268,0.6441694788151482
-0.2630436096880231,859,931,19,89,0.9783599088838268,0.9127450980392157,0.4798882681564246,0.9783599088838268,0.643928035982009
-0.26298029122140376,860,931,18,89,0.979498861047836,0.9127450980392157,0.480178671133445,0.979498861047836,0.6444361183964031
-0.26296880045898025,860,932,18,88,0.979498861047836,0.9137254901960784,0.4799107142857143,0.979498861047836,0.6441947565543071
-0.2629312257841467,861,932,17,88,0.9806378132118451,0.9137254901960784,0.48020078081427775,0.9806378132118451,0.6447023586671659
-0.26288051237662646,861,933,17,87,0.9806378132118451,0.9147058823529411,0.479933110367893,0.9806378132118451,0.6444610778443113
-0.2628483007798374,861,934,17,86,0.9806378132118451,0.9156862745098039,0.4796657381615599,0.9806378132118451,0.644219977553311
-0.2628134299040243,861,935,17,85,0.9806378132118451,0.9166666666666666,0.47939866369710465,0.9806378132118451,0.643979057591623
-0.26277410884267516,861,936,17,84,0.9806378132118451,0.9176470588235294,0.4791318864774624,0.9806378132118451,0.6437383177570093
-0.26275217702740095,861,937,17,83,0.9806378132118451,0.9186274509803921,0.4788654060066741,0.9806378132118451,0.6434977578475337
-0.26270687151742966,861,938,17,82,0.9806378132118451,0.9196078431372549,0.4785992217898833,0.9806378132118451,0.6432573776615615
-0.26261782573327436,861,939,17,81,0.9806378132118451,0.9205882352941176,0.47833333333333333,0.9806378132118451,0.6430171769977595
-0.26256655670668455,861,940,17,80,0.9806378132118451,0.9215686274509803,0.47806774014436426,0.9806378132118451,0.6427771556550952
-0.26254033765216017,862,940,16,80,0.9817767653758542,0.9215686274509803,0.47835738068812433,0.9817767653758542,0.6432835820895523
-0.2625156113124547,862,941,16,79,0.9817767653758542,0.9225490196078432,0.47809206877426513,0.9817767653758542,0.6430436404326744
-0.2625105872924815,862,942,16,78,0.9817767653758542,0.9235294117647059,0.4778270509977827,0.9817767653758542,0.6428038777032066
-0.26249410508273857,862,943,16,77,0.9817767653758542,0.9245098039215687,0.4775623268698061,0.9817767653758542,0.6425642937010808
-0.26245342806655614,862,944,16,76,0.9817767653758542,0.9254901960784314,0.47729789590254706,0.9817767653758542,0.6423248882265276
-0.26243778128656586,862,945,16,75,0.9817767653758542,0.9264705882352942,0.47703375760929717,0.9817767653758542,0.6420856610800745
-0.26220507308055735,862,946,16,74,0.9817767653758542,0.9274509803921569,0.47676991150442477,0.9817767653758542,0.6418466120625466
-0.2621977904769762,862,947,16,73,0.9817767653758542,0.9284313725490196,0.476506357103372,0.9817767653758542,0.6416077409750651
-0.2621959874002411,862,948,16,72,0.9817767653758542,0.9294117647058824,0.47624309392265196,0.9817767653758542,0.6413690476190476
-0.26213210844547874,862,949,16,71,0.9817767653758542,0.9303921568627451,0.47598012147984536,0.9817767653758542,0.6411305317962067
-0.262129364531746,863,949,15,71,0.9829157175398633,0.9303921568627451,0.4762693156732892,0.9829157175398633,0.641635687732342
-0.26207481888920947,863,950,15,70,0.9829157175398633,0.9313725490196079,0.4760066188637617,0.9829157175398633,0.6413972500929023
-0.2620422936436773,863,951,15,69,0.9829157175398633,0.9323529411764706,0.4757442116868798,0.9829157175398633,0.6411589895988113
-0.2619827307344705,863,952,15,68,0.9829157175398633,0.9333333333333333,0.47548209366391186,0.9829157175398633,0.6409209060527292
-0.2619503534507844,863,953,15,67,0.9829157175398633,0.9343137254901961,0.4752202643171806,0.9829157175398633,0.6406829992576095
-0.26189090966485734,863,954,15,66,0.9829157175398633,0.9352941176470588,0.47495872317006055,0.9829157175398633,0.6404452690166976
-0.2618786811319667,864,954,14,66,0.9840546697038725,0.9352941176470588,0.4752475247524752,0.9840546697038725,0.6409495548961425
-0.2618292798643929,865,954,13,66,0.9851936218678815,0.9352941176470588,0.4755360087960418,0.9851936218678815,0.6414534668149796
-0.26177475174778464,866,954,12,66,0.9863325740318907,0.9352941176470588,0.4758241758241758,0.9863325740318907,0.641957005189029
-0.2617317370978581,866,955,12,65,0.9863325740318907,0.9362745098039216,0.4755628775398133,0.9863325740318907,0.6417191552426824
-0.26169250227065227,867,955,11,65,0.9874715261958997,0.9362745098039216,0.47585071350164654,0.9874715261958997,0.6422222222222222
-0.26151746085875854,867,956,11,64,0.9874715261958997,0.9372549019607843,0.47558968732857926,0.9874715261958997,0.6419844502036283
-0.26151463120831314,867,957,11,63,0.9874715261958997,0.9382352941176471,0.4753289473684211,0.9874715261958997,0.6417468541820874
-0.2615013622326503,867,958,11,62,0.9874715261958997,0.9392156862745098,0.47506849315068495,0.9874715261958997,0.6415094339622641
-0.2614767368296241,868,958,10,62,0.9886104783599089,0.9392156862745098,0.47535596933187296,0.9886104783599089,0.6420118343195266
-0.2613217725864394,868,959,10,61,0.9886104783599089,0.9401960784313725,0.47509578544061304,0.9886104783599089,0.6417744916820702
-0.2612814651491366,868,960,10,60,0.9886104783599089,0.9411764705882353,0.474835886214442,0.9886104783599089,0.6415373244641537
-0.2612691356728585,868,961,10,59,0.9886104783599089,0.942156862745098,0.4745762711864407,0.9886104783599089,0.6413003324713705
-0.26121920278220045,868,962,10,58,0.9886104783599089,0.9431372549019608,0.4743169398907104,0.9886104783599089,0.6410635155096012
-0.26119419336867683,868,963,10,57,0.9886104783599089,0.9441176470588235,0.4740578918623703,0.9886104783599089,0.640826873385013
-0.2611385520421944,868,964,10,56,0.9886104783599089,0.9450980392156862,0.4737991266375546,0.9886104783599089,0.640590405904059
-0.2610724922636059,868,965,10,55,0.9886104783599089,0.946078431372549,0.4735406437534097,0.9886104783599089,0.6403541128734784
-0.2610453119823674,868,966,10,54,0.9886104783599089,0.9470588235294117,0.4732824427480916,0.9886104783599089,0.640117994100295
-0.26104387769461274,868,967,10,53,0.9886104783599089,0.9480392156862745,0.47302452316076293,0.9886104783599089,0.6398820493918171
-0.2610377622040449,868,968,10,52,0.9886104783599089,0.9490196078431372,0.47276688453159044,0.9886104783599089,0.6396462785556375
-0.2610335319443766,868,969,10,51,0.9886104783599089,0.95,0.472509526401742,0.9886104783599089,0.6394106813996316
-0.2609758533193217,868,970,10,50,0.9886104783599089,0.9509803921568627,0.4722524483133841,0.9886104783599089,0.6391752577319588
-0.2609666181470707,868,971,10,49,0.9886104783599089,0.9519607843137254,0.4719956498096792,0.9886104783599089,0.63894000736106
-0.26094141434542706,868,972,10,48,0.9886104783599089,0.9529411764705882,0.4717391304347826,0.9886104783599089,0.6387049300956585
-0.26090880785773124,868,973,10,47,0.9886104783599089,0.953921568627451,0.4714828897338403,0.9886104783599089,0.6384700257447591
-0.26078858536585947,868,974,10,46,0.9886104783599089,0.9549019607843138,0.47122692725298587,0.9886104783599089,0.6382352941176471
-0.26075943712812377,868,975,10,45,0.9886104783599089,0.9558823529411765,0.47097124253933803,0.9886104783599089,0.6380007350238882
-0.26063501858829724,869,975,9,45,0.989749430523918,0.9558823529411765,0.4712581344902386,0.989749430523918,0.6385011021307863
-0.2606324063889011,869,976,9,44,0.989749430523918,0.9568627450980393,0.47100271002710026,0.989749430523918,0.638266617701065
-0.26062265288673075,869,977,9,43,0.989749430523918,0.957843137254902,0.47074756229685805,0.989749430523918,0.6380323054331865
-0.260566105793797,869,978,9,42,0.989749430523918,0.9588235294117647,0.4704926908500271,0.989749430523918,0.6377981651376147
-0.2605470050674825,869,979,9,41,0.989749430523918,0.9598039215686275,0.47023809523809523,0.989749430523918,0.6375641966250917
-0.2605267369452272,869,980,9,40,0.989749430523918,0.9607843137254902,0.46998377501352084,0.989749430523918,0.6373303997066373
-0.2605091512493278,869,981,9,39,0.989749430523918,0.961764705882353,0.4697297297297297,0.989749430523918,0.6370967741935484
-0.2605036360937521,870,981,8,39,0.9908883826879271,0.961764705882353,0.4700162074554295,0.9908883826879271,0.6375961890802492
-0.26039205950077027,870,982,8,38,0.9908883826879271,0.9627450980392157,0.46976241900647947,0.9908883826879271,0.6373626373626373
-0.26037814932572195,870,983,8,37,0.9908883826879271,0.9637254901960784,0.4695089044792229,0.9908883826879271,0.637129256682534
-0.2603748951552342,870,984,8,36,0.9908883826879271,0.9647058823529412,0.4692556634304207,0.9908883826879271,0.6368960468521229
-0.26029715756217,870,987,8,33,0.9908883826879271,0.9676470588235294,0.46849757673667203,0.9908883826879271,0.6361974405850092
-0.26026008570473697,870,988,8,32,0.9908883826879271,0.9686274509803922,0.4682454251883746,0.9908883826879271,0.6359649122807017
-0.2601448568090104,870,989,8,31,0.9908883826879271,0.9696078431372549,0.4679935449166218,0.9908883826879271,0.6357325538911216
-0.26013348799289787,870,990,8,30,0.9908883826879271,0.9705882352941176,0.46774193548387094,0.9908883826879271,0.6355003652300949
-0.26011415922790504,871,990,7,30,0.9920273348519362,0.9705882352941176,0.46802794196668457,0.9920273348519362,0.6359985396129973
-0.2600964396676202,871,991,7,29,0.9920273348519362,0.9715686274509804,0.4677765843179377,0.9920273348519362,0.6357664233576642
-0.26006931645797104,871,992,7,28,0.9920273348519362,0.9725490196078431,0.4675254965110038,0.9920273348519362,0.6355344764684422
-0.2600118773068521,871,993,7,27,0.9920273348519362,0.9735294117647059,0.46727467811158796,0.9920273348519362,0.6353026987600292
-0.25999257037954454,871,994,7,26,0.9920273348519362,0.9745098039215686,0.4670241286863271,0.9920273348519362,0.6350710900473934
-0.2599892046245341,871,995,7,25,0.9920273348519362,0.9754901960784313,0.4667738478027867,0.9920273348519362,0.6348396501457725
-0.2598948258079639,871,996,7,24,0.9920273348519362,0.9764705882352941,0.46652383502945904,0.9920273348519362,0.634608378870674
-0.25985333405086297,871,997,7,23,0.9920273348519362,0.9774509803921568,0.4662740899357602,0.9920273348519362,0.6343772760378732
-0.2598382088404704,871,999,7,21,0.9920273348519362,0.9794117647058823,0.4657754010695187,0.9920273348519362,0.6339155749636098
-0.2597914152174582,871,1000,7,20,0.9920273348519362,0.9803921568627451,0.4655264564404062,0.9920273348519362,0.6336849763550382
-0.2597311026301053,871,1001,7,19,0.9920273348519362,0.9813725490196078,0.4652777777777778,0.9920273348519362,0.6334545454545455
-0.2597123805693013,871,1002,7,18,0.9920273348519362,0.9823529411764705,0.46502936465563266,0.9920273348519362,0.6332242820792439
-0.2597008396714987,871,1003,7,17,0.9920273348519362,0.9833333333333333,0.4647812166488794,0.9920273348519362,0.6329941860465116
-0.25969403699743254,871,1004,7,16,0.9920273348519362,0.984313725490196,0.46453333333333335,0.9920273348519362,0.6327642571739921
-0.25956715201269287,871,1005,7,15,0.9920273348519362,0.9852941176470589,0.4642857142857143,0.9920273348519362,0.6325344952795933
-0.25950082414887377,871,1006,7,14,0.9920273348519362,0.9862745098039216,0.4640383590836441,0.9920273348519362,0.6323049001814882
-0.259414660846203,871,1007,7,13,0.9920273348519362,0.9872549019607844,0.4637912673056443,0.9920273348519362,0.6320754716981132
-0.25935902729462734,872,1007,6,13,0.9931662870159453,0.9872549019607844,0.4640766365087813,0.9931662870159453,0.6325716358360537
-0.25926747507963543,872,1008,6,12,0.9931662870159453,0.9882352941176471,0.46382978723404256,0.9931662870159453,0.6323422770123277
-0.25918981563816884,872,1009,6,11,0.9931662870159453,0.9892156862745098,0.4635832004253057,0.9931662870159453,0.6321130844508881
-0.25916517459232535,873,1009,5,11,0.9943052391799544,0.9892156862745098,0.4638682252922423,0.9943052391799544,0.6326086956521739
-0.2591509938161975,874,1009,4,11,0.9954441913439636,0.9892156862745098,0.4641529474243229,0.9954441913439636,0.6331039478449837
-0.25892740079663196,875,1009,3,11,0.9965831435079726,0.9892156862745098,0.46443736730360935,0.9965831435079726,0.6335988414192615
-0.25889534244685125,876,1009,2,11,0.9977220956719818,0.9892156862745098,0.4647214854111406,0.9977220956719818,0.6340933767643865
-0.2588123489593887,876,1010,2,10,0.9977220956719818,0.9901960784313726,0.46447507953340406,0.9977220956719818,0.6338639652677279
-0.2587885783531994,876,1011,2,9,0.9977220956719818,0.9911764705882353,0.4642289348171701,0.9977220956719818,0.6336347197106691
-0.25872114167730265,877,1012,1,8,0.9988610478359908,0.9921568627450981,0.46426680783483326,0.9988610478359908,0.6338995301770871
-0.2586732691157512,878,1012,0,8,1.0,0.9921568627450981,0.46455026455026455,1.0,0.634393063583815
-0.25839571692437396,878,1013,0,7,1.0,0.9931372549019608,0.464304600740349,1.0,0.63416395810762
-0.2582600699701115,878,1014,0,6,1.0,0.9941176470588236,0.46405919661733613,1.0,0.6339350180505414
-0.25823821971497685,878,1015,0,5,1.0,0.9950980392156863,0.46381405176967777,1.0,0.6337062432334897
-0.25820066153929244,878,1016,0,4,1.0,0.996078431372549,0.4635691657866948,1.0,0.6334776334776335
-0.2581788163104453,878,1018,0,2,1.0,0.9980392156862745,0.4630801687763713,1.0,0.6330209084354723
-0.25816956303155963,878,1019,0,1,1.0,0.9990196078431373,0.4628360569319979,1.0,0.6327927927927928
-0.25813201484130566,878,1020,0,0,1.0,1.0,0.46259220231822973,1.0,0.6325648414985592