threshold,tp,fp,fn,tn,tpr,fpr,precision,recall,f1
0.7421784435527998,0,1,170,2186,0.0,4.572473708276177e-4,0.0,0.0,0.0
0.730028890874945,0,2,170,2185,0.0,9.144947416552355e-4,0.0,0.0,0.0
0.6977262509080074,0,3,170,2184,0.0,0.0013717421124828531,0.0,0.0,0.0
0.6962418468295749,0,4,170,2183,0.0,0.001828989483310471,0.0,0.0,0.0
0.6888670630505661,0,5,170,2182,0.0,0.002286236854138089,0.0,0.0,0.0
0.6696994761027122,0,6,170,2181,0.0,0.0027434842249657062,0.0,0.0,0.0
0.6640185276717988,0,7,170,2180,0.0,0.003200731595793324,0.0,0.0,0.0
0.6521060110279606,0,8,170,2179,0.0,0.003657978966620942,0.0,0.0,0.0
0.646574305013052,0,9,170,2178,0.0,0.00411522633744856,0.0,0.0,0.0
0.6329494650002679,0,10,170,2177,0.0,0.004572473708276178,0.0,0.0,0.0
0.6196117323840115,1,10,169,2177,0.0058823529411764705,0.004572473708276178,0.09090909090909091,0.0058823529411764705,0.011049723756906077
0.611418752637247,2,10,168,2177,0.011764705882352941,0.004572473708276178,0.16666666666666666,0.011764705882352941,0.02197802197802198
0.6101179667074305,3,10,167,2177,0.01764705882352941,0.004572473708276178,0.23076923076923078,0.01764705882352941,0.03278688524590164
0.6055869706700414,3,11,167,2176,0.01764705882352941,0.005029721079103796,0.21428571428571427,0.01764705882352941,0.03260869565217391
0.6039769255747904,4,11,166,2176,0.023529411764705882,0.005029721079103796,0.26666666666666666,0.023529411764705882,0.043243243243243246
0.6026919720411724,5,11,165,2176,0.029411764705882353,0.005029721079103796,0.3125,0.029411764705882353,0.053763440860215055
0.5972613474126905,6,11,164,2176,0.03529411764705882,0.005029721079103796,0.35294117647058826,0.03529411764705882,0.0641711229946524
0.5963080940835522,7,11,163,2176,0.041176470588235294,0.005029721079103796,0.3888888888888889,0.041176470588235294,0.07446808510638296
0.5947227182933906,7,12,163,2175,0.041176470588235294,0.0054869684499314125,0.3684210526315789,0.041176470588235294,0.07407407407407407
0.5906204393052592,8,12,162,2175,0.047058823529411764,0.0054869684499314125,0.4,0.047058823529411764,0.08421052631578947
0.5893639015330752,8,13,162,2174,0.047058823529411764,0.00594421582075903,0.38095238095238093,0.047058823529411764,0.08376963350785341
0.5871713895629714,8,14,162,2173,0.047058823529411764,0.006401463191586648,0.36363636363636365,0.047058823529411764,0.08333333333333333
0.5821905130605335,8,16,162,2171,0.047058823529411764,0.007315957933241884,0.3333333333333333,0.047058823529411764,0.08247422680412371
0.5818806149098743,8,17,162,2170,0.047058823529411764,0.007773205304069501,0.32,0.047058823529411764,0.08205128205128205
0.5812613133941367,8,18,162,2169,0.047058823529411764,0.00823045267489712,0.3076923076923077,0.047058823529411764,0.08163265306122448
0.5806426710073638,9,18,161,2169,0.052941176470588235,0.00823045267489712,0.3333333333333333,0.052941176470588235,0.09137055837563453
0.5785852810924282,10,18,160,2169,0.058823529411764705,0.00823045267489712,0.35714285714285715,0.058823529411764705,0.10101010101010101
0.5766375133841252,10,19,160,2168,0.058823529411764705,0.008687700045724738,0.3448275862068966,0.058823529411764705,0.10050251256281406
0.5763305710774581,10,20,160,2167,0.058823529411764705,0.009144947416552356,0.3333333333333333,0.058823529411764705,0.1
0.5760237921552005,11,20,159,2167,0.06470588235294118,0.009144947416552356,0.3548387096774194,0.06470588235294118,0.10945273631840798
0.5751044348254261,12,20,158,2167,0.07058823529411765,0.009144947416552356,0.375,0.07058823529411765,0.11881188118811882
0.5741865448272295,13,20,157,2167,0.07647058823529412,0.009144947416552356,0.3939393939393939,0.07647058823529412,0.12807881773399016
0.5733030250635136,13,21,157,2166,0.07647058823529412,0.009602194787379973,0.38235294117647056,0.07647058823529412,0.12745098039215688
0.5726599825413282,13,22,157,2165,0.07647058823529412,0.010059442158207591,0.37142857142857144,0.07647058823529412,0.12682926829268293
0.5708334641976616,13,23,157,2164,0.07647058823529412,0.010516689529035207,0.3611111111111111,0.07647058823529412,0.1262135922330097
0.5698630759969296,13,24,157,2163,0.07647058823529412,0.010973936899862825,0.35135135135135137,0.07647058823529412,0.12560386473429952
0.5687098879149378,13,25,157,2162,0.07647058823529412,0.011431184270690443,0.34210526315789475,0.07647058823529412,0.12500000000000003
0.5678022038729064,14,25,156,2162,0.08235294117647059,0.011431184270690443,0.358974358974359,0.08235294117647059,0.1339712918660287
0.5674999645732732,14,26,156,2161,0.08235294117647059,0.01188843164151806,0.35,0.08235294117647059,0.13333333333333333
0.5671978861546538,14,27,156,2160,0.08235294117647059,0.012345679012345678,0.34146341463414637,0.08235294117647059,0.13270142180094788
0.5657615492824631,14,28,156,2159,0.08235294117647059,0.012802926383173296,0.3333333333333333,0.08235294117647059,0.1320754716981132
0.565388789351778,15,28,155,2159,0.08823529411764706,0.012802926383173296,0.3488372093023256,0.08823529411764706,0.14084507042253522
0.5650878347049864,15,29,155,2158,0.08823529411764706,0.013260173754000914,0.3409090909090909,0.08823529411764706,0.14018691588785046
0.56398570426109,15,30,155,2157,0.08823529411764706,0.013717421124828532,0.3333333333333333,0.08823529411764706,0.13953488372093023
0.5606921935417118,15,31,155,2156,0.08823529411764706,0.01417466849565615,0.32608695652173914,0.08823529411764706,0.1388888888888889
0.5605926909967133,15,32,155,2155,0.08823529411764706,0.014631915866483767,0.3191489361702128,0.08823529411764706,0.1382488479262673
0.559444006382542,15,33,155,2154,0.08823529411764706,0.015089163237311385,0.3125,0.08823529411764706,0.13761467889908258
0.5585072117500784,15,34,155,2153,0.08823529411764706,0.015546410608139003,0.30612244897959184,0.08823529411764706,0.13698630136986303
0.5579127867874238,15,35,155,2152,0.08823529411764706,0.01600365797896662,0.3,0.08823529411764706,0.13636363636363635
0.5573189944773632,15,36,155,2151,0.08823529411764706,0.01646090534979424,0.29411764705882354,0.08823529411764706,0.13574660633484162
0.5570223353566093,15,37,155,2150,0.08823529411764706,0.016918152720621856,0.28846153846153844,0.08823529411764706,0.13513513513513514
0.5552456938164655,15,38,155,2149,0.08823529411764706,0.017375400091449476,0.2830188679245283,0.08823529411764706,0.13452914798206278
0.5550781930404062,16,38,154,2149,0.09411764705882353,0.017375400091449476,0.2962962962962963,0.09411764705882353,0.14285714285714285
0.5538677801235609,16,39,154,2148,0.09411764705882353,0.01783264746227709,0.2909090909090909,0.09411764705882353,0.14222222222222222
0.5537694886646287,17,39,153,2148,0.1,0.01783264746227709,0.30357142857142855,0.1,0.15044247787610618
0.5531801061093216,17,40,153,2147,0.1,0.01828989483310471,0.2982456140350877,0.1,0.14977973568281938
0.5529837846874048,17,41,153,2146,0.1,0.018747142203932327,0.29310344827586204,0.1,0.14912280701754385
0.5518856715940733,17,42,153,2145,0.1,0.019204389574759947,0.288135593220339,0.1,0.14847161572052403
0.5514157194890512,17,43,153,2144,0.1,0.019661636945587563,0.2833333333333333,0.1,0.14782608695652177
0.5511222026627193,17,44,153,2143,0.1,0.020118884316415182,0.2786885245901639,0.1,0.1471861471861472
0.5501449411605893,17,45,153,2142,0.1,0.0205761316872428,0.27419354838709675,0.1,0.14655172413793105
0.5499496969066544,17,46,153,2141,0.1,0.021033379058070414,0.2698412698412698,0.1,0.1459227467811159
0.5493643797949536,17,49,153,2138,0.1,0.02240512117055327,0.25757575757575757,0.1,0.1440677966101695
0.549071954890189,17,50,153,2137,0.1,0.022862368541380886,0.2537313432835821,0.1,0.14345991561181434
0.5483116833039638,17,51,153,2136,0.1,0.023319615912208505,0.25,0.1,0.14285714285714288
0.5477871333973059,17,52,153,2135,0.1,0.02377686328303612,0.2463768115942029,0.1,0.14225941422594143
0.5476121635625575,18,52,152,2135,0.10588235294117647,0.02377686328303612,0.2571428571428571,0.10588235294117647,0.15
0.5472768310388786,18,53,152,2134,0.10588235294117647,0.02423411065386374,0.2535211267605634,0.10588235294117647,0.14937759336099585
0.5470293343116068,19,53,151,2134,0.11176470588235295,0.02423411065386374,0.2638888888888889,0.11176470588235295,0.15702479338842976
0.5468643121618723,19,54,151,2133,0.11176470588235295,0.024691358024691357,0.2602739726027397,0.11176470588235295,0.15637860082304528
0.5455749736015468,20,54,150,2133,0.11764705882352941,0.024691358024691357,0.2702702702702703,0.11764705882352941,0.1639344262295082
0.5452838745229137,21,54,149,2133,0.12352941176470589,0.024691358024691357,0.28,0.12352941176470589,0.17142857142857143
0.5451490950449497,21,55,149,2132,0.12352941176470589,0.025148605395518976,0.27631578947368424,0.12352941176470589,0.17073170731707318
0.5449943125527984,21,56,149,2131,0.12352941176470589,0.025605852766346592,0.2727272727272727,0.12352941176470589,0.17004048582995954
0.5447042138208694,21,58,149,2129,0.12352941176470589,0.026520347508001828,0.26582278481012656,0.12352941176470589,0.1686746987951807
0.5444142695075689,21,59,149,2128,0.12352941176470589,0.026977594878829447,0.2625,0.12352941176470589,0.168
0.5427741645632188,21,60,149,2127,0.12352941176470589,0.027434842249657063,0.25925925925925924,0.12352941176470589,0.16733067729083664
0.5424852476089738,22,60,148,2127,0.12941176470588237,0.027434842249657063,0.2682926829268293,0.12941176470588237,0.17460317460317465
0.5421002642173867,22,61,148,2126,0.12941176470588237,0.027892089620484683,0.26506024096385544,0.12941176470588237,0.1739130434782609
0.5383609644480067,22,62,148,2125,0.12941176470588237,0.0283493369913123,0.2619047619047619,0.12941176470588237,0.1732283464566929
0.5375017185184631,23,62,147,2125,0.13529411764705881,0.0283493369913123,0.27058823529411763,0.13529411764705881,0.18039215686274507
0.5360726884245163,23,63,147,2124,0.13529411764705881,0.02880658436213992,0.26744186046511625,0.13529411764705881,0.17968749999999997
0.5352170946762946,23,64,147,2123,0.13529411764705881,0.029263831732967534,0.26436781609195403,0.13529411764705881,0.17898832684824903
0.5336331091095828,24,64,146,2123,0.1411764705882353,0.029263831732967534,0.2727272727272727,0.1411764705882353,0.18604651162790697
0.5333301265401933,24,65,146,2122,0.1411764705882353,0.029721079103795154,0.2696629213483146,0.1411764705882353,0.18532818532818532
0.5313366374330661,25,65,145,2122,0.14705882352941177,0.029721079103795154,0.2777777777777778,0.14705882352941177,0.1923076923076923
0.5307711303917632,26,65,144,2122,0.15294117647058825,0.029721079103795154,0.2857142857142857,0.15294117647058825,0.1992337164750958
0.5306769377511412,26,66,144,2121,0.15294117647058825,0.03017832647462277,0.2826086956521739,0.15294117647058825,0.19847328244274812
0.5299239981451375,26,67,144,2120,0.15294117647058825,0.03063557384545039,0.27956989247311825,0.15294117647058825,0.19771863117870722
0.5296701222205988,27,67,143,2120,0.1588235294117647,0.03063557384545039,0.2872340425531915,0.1588235294117647,0.20454545454545456
0.5296123790754137,27,68,143,2119,0.1588235294117647,0.031092821216278006,0.28421052631578947,0.1588235294117647,0.20377358490566036
0.529576124969027,27,69,143,2118,0.1588235294117647,0.03155006858710562,0.28125,0.1588235294117647,0.20300751879699247
0.5292660523751834,27,71,143,2116,0.1588235294117647,0.03246456332876086,0.2755102040816326,0.1588235294117647,0.20149253731343283
0.5289843257459128,27,72,143,2115,0.1588235294117647,0.03292181069958848,0.2727272727272727,0.1588235294117647,0.20074349442379183
0.528140045311956,27,73,143,2114,0.1588235294117647,0.03337905807041609,0.27,0.1588235294117647,0.19999999999999998
0.526763950846032,27,74,143,2113,0.1588235294117647,0.03383630544124371,0.26732673267326734,0.1588235294117647,0.1992619926199262
0.5267247553873128,27,75,143,2112,0.1588235294117647,0.03429355281207133,0.2647058823529412,0.1588235294117647,0.19852941176470587
0.5265489681706297,28,75,142,2112,0.16470588235294117,0.03429355281207133,0.27184466019417475,0.16470588235294117,0.20512820512820512
0.5265489681706296,28,76,142,2111,0.16470588235294117,0.03475080018289895,0.2692307692307692,0.16470588235294117,0.2043795620437956
0.5264007337931501,28,77,142,2110,0.16470588235294117,0.035208047553726564,0.26666666666666666,0.16470588235294117,0.20363636363636364
0.5247763771446246,28,78,142,2109,0.16470588235294117,0.03566529492455418,0.2641509433962264,0.16470588235294117,0.20289855072463767
0.5245901360932717,29,78,141,2109,0.17058823529411765,0.03566529492455418,0.27102803738317754,0.17058823529411765,0.20938628158844766
0.5244970403551399,29,79,141,2108,0.17058823529411765,0.0361225422953818,0.26851851851851855,0.17058823529411765,0.20863309352517986
0.5243108984393037,30,79,140,2108,0.17647058823529413,0.0361225422953818,0.27522935779816515,0.17647058823529413,0.21505376344086022
0.524217852255736,30,81,140,2106,0.17647058823529413,0.037037037037037035,0.2702702702702703,0.17647058823529413,0.21352313167259784
0.5231954334055645,31,81,139,2106,0.18235294117647058,0.037037037037037035,0.2767857142857143,0.18235294117647058,0.21985815602836878
0.523102585176616,31,82,139,2105,0.18235294117647058,0.037494284407864654,0.2743362831858407,0.18235294117647058,0.21908127208480563
0.5214341318245859,31,83,139,2104,0.18235294117647058,0.037951531778692274,0.2719298245614035,0.18235294117647058,0.2183098591549296
0.5209716177039762,32,83,138,2104,0.18823529411764706,0.037951531778692274,0.2782608695652174,0.18823529411764706,0.22456140350877193
0.519494327617589,32,84,138,2103,0.18823529411764706,0.038408779149519894,0.27586206896551724,0.18823529411764706,0.22377622377622378
0.5189414244682711,32,85,138,2102,0.18823529411764706,0.038866026520347506,0.27350427350427353,0.18823529411764706,0.2229965156794425
0.518812498429399,32,86,138,2101,0.18823529411764706,0.039323273891175126,0.2711864406779661,0.18823529411764706,0.2222222222222222
0.5187572542184412,33,86,137,2101,0.19411764705882353,0.039323273891175126,0.2773109243697479,0.19411764705882353,0.22837370242214533
0.5183891097794547,33,88,137,2099,0.19411764705882353,0.040237768632830365,0.2727272727272727,0.19411764705882353,0.22680412371134023
0.5175491265915417,34,88,136,2099,0.2,0.040237768632830365,0.2786885245901639,0.2,0.23287671232876714
0.5172716635874418,34,89,136,2098,0.2,0.04069501600365798,0.2764227642276423,0.2,0.23208191126279865
0.517010893463624,34,90,136,2097,0.2,0.0411522633744856,0.27419354838709675,0.2,0.23129251700680273
0.5168549269665387,34,91,136,2096,0.2,0.041609510745313216,0.272,0.2,0.2305084745762712
0.5167356902163007,34,92,136,2095,0.2,0.04206675811614083,0.2698412698412698,0.2,0.22972972972972974
0.5160025308507397,35,92,135,2095,0.20588235294117646,0.04206675811614083,0.2755905511811024,0.20588235294117646,0.2356902356902357
0.5153435768582939,35,93,135,2094,0.20588235294117646,0.04252400548696845,0.2734375,0.20588235294117646,0.2348993288590604
0.5153383504319462,35,94,135,2093,0.20588235294117646,0.04298125285779607,0.2713178294573643,0.20588235294117646,0.23411371237458192
0.5151789698878413,35,95,135,2092,0.20588235294117646,0.04343850022862369,0.2692307692307692,0.20588235294117646,0.23333333333333334
0.5150875442906524,35,96,135,2091,0.20588235294117646,0.0438957475994513,0.26717557251908397,0.20588235294117646,0.23255813953488372
0.5148700747447641,35,97,135,2090,0.20588235294117646,0.04435299497027892,0.26515151515151514,0.20588235294117646,0.23178807947019864
0.5145393313260975,35,98,135,2089,0.20588235294117646,0.04481024234110654,0.2631578947368421,0.20588235294117646,0.23102310231023102
0.5143220932352808,35,99,135,2088,0.20588235294117646,0.04526748971193416,0.26119402985074625,0.20588235294117646,0.23026315789473684
0.5131349205654424,36,99,134,2088,0.21176470588235294,0.04526748971193416,0.26666666666666666,0.21176470588235294,0.2360655737704918
0.5128474771566339,36,100,134,2087,0.21176470588235294,0.04572473708276177,0.2647058823529412,0.21176470588235294,0.23529411764705882
0.5126251766924542,36,102,134,2085,0.21176470588235294,0.04663923182441701,0.2608695652173913,0.21176470588235294,0.2337662337662338
0.5122704756515878,36,103,134,2084,0.21176470588235294,0.04709647919524463,0.2589928057553957,0.21176470588235294,0.23300970873786409
0.5120743911268997,36,104,134,2083,0.21176470588235294,0.04755372656607224,0.2571428571428571,0.21176470588235294,0.232258064516129
0.5120159698595343,36,105,134,2082,0.21176470588235294,0.04801097393689986,0.2553191489361702,0.21176470588235294,0.23151125401929262
0.5114437940402361,36,106,134,2081,0.21176470588235294,0.04846822130772748,0.2535211267605634,0.21176470588235294,0.23076923076923075
0.5113530313013984,37,106,133,2081,0.21764705882352942,0.04846822130772748,0.25874125874125875,0.21764705882352942,0.23642172523961663
0.5112622846696576,37,107,133,2080,0.21764705882352942,0.0489254686785551,0.2569444444444444,0.21764705882352942,0.2356687898089172
0.5110808397160336,37,108,133,2079,0.21764705882352942,0.04938271604938271,0.25517241379310346,0.21764705882352942,0.23492063492063495
0.5110354885400974,38,108,132,2079,0.2235294117647059,0.04938271604938271,0.2602739726027397,0.2235294117647059,0.24050632911392403
0.5104907389232506,38,109,132,2078,0.2235294117647059,0.04983996342021033,0.2585034013605442,0.2235294117647059,0.23974763406940064
0.5104751938725961,38,110,132,2077,0.2235294117647059,0.05029721079103795,0.25675675675675674,0.2235294117647059,0.2389937106918239
0.5102651339717583,38,111,132,2076,0.2235294117647059,0.05075445816186557,0.2550335570469799,0.2235294117647059,0.2382445141065831
0.5101745804023684,39,111,131,2076,0.22941176470588234,0.05075445816186557,0.26,0.22941176470588234,0.24375000000000002
0.5099935214706675,39,112,131,2075,0.22941176470588234,0.051211705532693184,0.2582781456953642,0.22941176470588234,0.24299065420560748
0.5099030161026533,39,113,131,2074,0.22941176470588234,0.051668952903520804,0.2565789473684211,0.22941176470588234,0.24223602484472048
0.5093052360362879,39,114,131,2073,0.22941176470588234,0.05212620027434842,0.2549019607843137,0.22941176470588234,0.24148606811145512
0.509179551130402,39,115,131,2072,0.22941176470588234,0.05258344764517604,0.2532467532467532,0.22941176470588234,0.2407407407407407
0.5084571126309301,41,115,129,2072,0.2411764705882353,0.05258344764517604,0.26282051282051283,0.2411764705882353,0.25153374233128833
0.5082315608766744,42,115,128,2072,0.24705882352941178,0.05258344764517604,0.267515923566879,0.24705882352941178,0.2568807339449542
0.5081864625338244,43,115,127,2072,0.2529411764705882,0.05258344764517604,0.2721518987341772,0.2529411764705882,0.2621951219512195
0.5077356991478486,43,116,127,2071,0.2529411764705882,0.053040695016003656,0.27044025157232704,0.2529411764705882,0.26139817629179335
0.5071503044372447,44,116,126,2071,0.25882352941176473,0.053040695016003656,0.275,0.25882352941176473,0.26666666666666666
0.5070423053939273,44,117,126,2070,0.25882352941176473,0.053497942386831275,0.2732919254658385,0.25882352941176473,0.2658610271903324
0.5067903970570768,45,117,125,2070,0.2647058823529412,0.053497942386831275,0.2777777777777778,0.2647058823529412,0.2710843373493976
0.5065655846584367,45,118,125,2069,0.2647058823529412,0.053955189757658895,0.27607361963190186,0.2647058823529412,0.2702702702702703
0.5064577101327941,46,118,124,2069,0.27058823529411763,0.053955189757658895,0.2804878048780488,0.27058823529411763,0.2754491017964072
0.5062959414156295,46,119,124,2068,0.27058823529411763,0.054412437128486514,0.2787878787878788,0.27058823529411763,0.27462686567164185
0.5061881243112523,47,119,123,2068,0.27647058823529413,0.054412437128486514,0.28313253012048195,0.27647058823529413,0.2797619047619047
0.505757085444325,48,119,122,2068,0.2823529411764706,0.054412437128486514,0.2874251497005988,0.2823529411764706,0.28486646884273
0.5054020109912868,49,119,121,2068,0.28823529411764703,0.054412437128486514,0.2916666666666667,0.28823529411764703,0.28994082840236685
0.5050663938017299,49,120,121,2067,0.28823529411764703,0.05486968449931413,0.28994082840236685,0.28823529411764703,0.2890855457227138
0.5049498766277432,50,120,120,2067,0.29411764705882354,0.05486968449931413,0.29411764705882354,0.29411764705882354,0.29411764705882354
0.5046810934211602,50,121,120,2066,0.29411764705882354,0.055326931870141746,0.29239766081871343,0.29411764705882354,0.2932551319648094
0.5046363101319411,51,121,119,2066,0.3,0.055326931870141746,0.29651162790697677,0.3,0.29824561403508776
0.5042334393113395,52,121,118,2066,0.3058823529411765,0.055326931870141746,0.30057803468208094,0.3058823529411765,0.3032069970845481
0.5038577167300416,52,122,118,2065,0.3058823529411765,0.055784179240969366,0.2988505747126437,0.3058823529411765,0.3023255813953488
0.5029821190972702,52,123,118,2064,0.3058823529411765,0.056241426611796985,0.29714285714285715,0.3058823529411765,0.30144927536231886
0.5017154589836639,52,124,118,2063,0.3058823529411765,0.0566986739826246,0.29545454545454547,0.3058823529411765,0.300578034682081
0.5006664714412676,52,125,118,2062,0.3058823529411765,0.05715592135345222,0.2937853107344633,0.3058823529411765,0.2997118155619597
0.5006220443928103,52,126,118,2061,0.3058823529411765,0.05761316872427984,0.29213483146067415,0.3058823529411765,0.2988505747126437
0.5002223783168932,52,128,118,2059,0.3058823529411765,0.05852766346593507,0.28888888888888886,0.3058823529411765,0.29714285714285715
0.49973306379979593,53,128,117,2059,0.31176470588235294,0.05852766346593507,0.292817679558011,0.31176470588235294,0.30199430199430194
0.4989810120672199,53,129,117,2058,0.31176470588235294,0.05898491083676269,0.29120879120879123,0.31176470588235294,0.30113636363636365
0.4984941757383855,53,130,117,2057,0.31176470588235294,0.05944215820759031,0.2896174863387978,0.31176470588235294,0.3002832861189802
0.49790176227170785,54,130,116,2057,0.3176470588235294,0.05944215820759031,0.29347826086956524,0.3176470588235294,0.3050847457627119
0.4976543951318963,54,131,116,2056,0.3176470588235294,0.05989940557841793,0.2918918918918919,0.3176470588235294,0.30422535211267604
0.4973894952868128,54,132,116,2055,0.3176470588235294,0.06035665294924554,0.2903225806451613,0.3176470588235294,0.30337078651685395
0.4973886677877079,54,133,116,2054,0.3176470588235294,0.06081390032007316,0.2887700534759358,0.3176470588235294,0.30252100840336127
0.49672786240829725,54,134,116,2053,0.3176470588235294,0.06127114769090078,0.2872340425531915,0.3176470588235294,0.3016759776536313
0.4963490413211819,55,134,115,2053,0.3235294117647059,0.06127114769090078,0.291005291005291,0.3235294117647059,0.3064066852367688
0.49624322438978286,55,135,115,2052,0.3235294117647059,0.06172839506172839,0.2894736842105263,0.3235294117647059,0.30555555555555564
0.4953017374893735,55,136,115,2051,0.3235294117647059,0.06218564243255601,0.2879581151832461,0.3235294117647059,0.3047091412742382
0.49518747298983196,55,137,115,2050,0.3235294117647059,0.06264288980338363,0.2864583333333333,0.3235294117647059,0.30386740331491713
0.4950117329230091,55,138,115,2049,0.3235294117647059,0.06310013717421124,0.2849740932642487,0.3235294117647059,0.30303030303030304
0.49492388627952555,56,138,114,2049,0.32941176470588235,0.06310013717421124,0.28865979381443296,0.32941176470588235,0.30769230769230765
0.49485373790540144,57,138,113,2049,0.3352941176470588,0.06310013717421124,0.2923076923076923,0.3352941176470588,0.31232876712328766
0.49473781288984936,57,139,113,2048,0.3352941176470588,0.06355738454503887,0.29081632653061223,0.3352941176470588,0.31147540983606553
0.49459898922852263,57,140,113,2047,0.3352941176470588,0.06401463191586648,0.2893401015228426,0.3352941176470588,0.31062670299727513
0.4944359938900898,58,140,112,2047,0.3411764705882353,0.06401463191586648,0.29292929292929293,0.3411764705882353,0.31521739130434784
0.49439713370332034,58,141,112,2046,0.3411764705882353,0.0644718792866941,0.2914572864321608,0.3411764705882353,0.31436314363143625
0.49407781512079785,58,142,112,2045,0.3411764705882353,0.06492912665752172,0.29,0.3411764705882353,0.31351351351351353
0.4938095891859569,59,142,111,2045,0.34705882352941175,0.06492912665752172,0.2935323383084577,0.34705882352941175,0.31805929919137466
0.4934591492591921,59,143,111,2044,0.34705882352941175,0.06538637402834933,0.29207920792079206,0.34705882352941175,0.31720430107526887
0.4929777003967198,60,143,110,2044,0.35294117647058826,0.06538637402834933,0.2955665024630542,0.35294117647058826,0.32171581769437
0.49235357241772704,61,143,109,2044,0.3588235294117647,0.06538637402834933,0.29901960784313725,0.3588235294117647,0.32620320855614976
0.492004165776708,62,143,108,2044,0.36470588235294116,0.06538637402834933,0.3024390243902439,0.36470588235294116,0.33066666666666666
0.4918590554783265,62,144,108,2043,0.36470588235294116,0.06584362139917696,0.30097087378640774,0.36470588235294116,0.32978723404255317
0.4910740284811289,62,145,108,2042,0.36470588235294116,0.06630086877000457,0.2995169082125604,0.36470588235294116,0.3289124668435013
0.4908126313441967,62,146,108,2041,0.36470588235294116,0.06675811614083219,0.2980769230769231,0.36470588235294116,0.328042328042328
0.49053396109380387,63,146,107,2041,0.37058823529411766,0.06675811614083219,0.3014354066985646,0.37058823529411766,0.3324538258575198
0.49046431825682424,63,147,107,2040,0.37058823529411766,0.06721536351165981,0.3,0.37058823529411766,0.33157894736842103
0.49020324566669715,63,148,107,2039,0.37058823529411766,0.06767261088248742,0.2985781990521327,0.37058823529411766,0.33070866141732286
0.4900292744823493,63,149,107,2038,0.37058823529411766,0.06812985825331504,0.2971698113207547,0.37058823529411766,0.3298429319371728
0.48996839915542173,63,150,107,2037,0.37058823529411766,0.06858710562414266,0.29577464788732394,0.37058823529411766,0.3289817232375979
0.4899423120446758,63,151,107,2036,0.37058823529411766,0.06904435299497028,0.29439252336448596,0.37058823529411766,0.328125
0.48992492140915056,63,152,107,2035,0.37058823529411766,0.0695016003657979,0.2930232558139535,0.37058823529411766,0.32727272727272727
0.4897026241059114,63,153,107,2034,0.37058823529411766,0.06995884773662552,0.2916666666666667,0.37058823529411766,0.32642487046632124
0.4896380650272114,63,154,107,2033,0.37058823529411766,0.07041609510745313,0.2903225806451613,0.37058823529411766,0.32558139534883723
0.4890301376738159,64,154,106,2033,0.3764705882352941,0.07041609510745313,0.29357798165137616,0.3764705882352941,0.32989690721649484
0.4882793366950916,64,155,106,2032,0.3764705882352941,0.07087334247828075,0.2922374429223744,0.3764705882352941,0.32904884318766064
0.48811966158877934,64,156,106,2031,0.3764705882352941,0.07133058984910837,0.2909090909090909,0.3764705882352941,0.3282051282051282
0.48798973202776963,64,157,106,2030,0.3764705882352941,0.07178783721993598,0.2895927601809955,0.3764705882352941,0.3273657289002557
0.4877126645439094,64,158,106,2029,0.3764705882352941,0.0722450845907636,0.2882882882882883,0.3764705882352941,0.326530612244898
0.4871384289213435,65,158,105,2029,0.38235294117647056,0.0722450845907636,0.2914798206278027,0.38235294117647056,0.33078880407124683
0.48690832978923637,66,159,104,2028,0.38823529411764707,0.07270233196159122,0.29333333333333333,0.38823529411764707,0.3341772151898734
0.48669233708263926,66,160,104,2027,0.38823529411764707,0.07315957933241884,0.2920353982300885,0.38823529411764707,0.33333333333333337
0.4859968752323377,67,160,103,2027,0.3941176470588235,0.07315957933241884,0.29515418502202645,0.3941176470588235,0.33753148614609574
0.48568276401189686,68,160,102,2027,0.4,0.07315957933241884,0.2982456140350877,0.4,0.3417085427135679
0.48505226228887244,68,161,102,2026,0.4,0.07361682670324646,0.29694323144104806,0.4,0.3408521303258145
0.4847527092766573,68,163,102,2024,0.4,0.0745313214449017,0.2943722943722944,0.4,0.33915211970074816
0.4845376728040789,69,163,101,2024,0.40588235294117647,0.0745313214449017,0.2974137931034483,0.40588235294117647,0.34328358208955223
0.4845204740076924,69,164,101,2023,0.40588235294117647,0.07498856881572931,0.296137339055794,0.40588235294117647,0.3424317617866005
0.48449467695774817,69,165,101,2022,0.40588235294117647,0.07544581618655692,0.2948717948717949,0.40588235294117647,0.3415841584158416
0.4838931355586316,69,166,101,2021,0.40588235294117647,0.07590306355738455,0.2936170212765957,0.40588235294117647,0.34074074074074073
0.4831344393017589,69,167,101,2020,0.40588235294117647,0.07636031092821216,0.2923728813559322,0.40588235294117647,0.3399014778325123
0.4826922924277181,69,168,101,2019,0.40588235294117647,0.07681755829903979,0.2911392405063291,0.40588235294117647,0.3390663390663391
0.48252098685083433,70,168,100,2019,0.4117647058823529,0.07681755829903979,0.29411764705882354,0.4117647058823529,0.3431372549019608
0.4816910168727934,70,169,100,2018,0.4117647058823529,0.0772748056698674,0.2928870292887029,0.4117647058823529,0.3422982885085574
0.4814089815317145,70,170,100,2017,0.4117647058823529,0.07773205304069501,0.2916666666666667,0.4117647058823529,0.34146341463414637
0.4809819698764405,70,171,100,2016,0.4117647058823529,0.07818930041152264,0.29045643153526973,0.4117647058823529,0.34063260340632606
0.4806832871005472,70,172,100,2015,0.4117647058823529,0.07864654778235025,0.2892561983471074,0.4117647058823529,0.3398058252427184
0.48055533698217995,70,173,100,2014,0.4117647058823529,0.07910379515317786,0.2880658436213992,0.4117647058823529,0.3389830508474576
0.4802143031489243,70,174,100,2013,0.4117647058823529,0.07956104252400549,0.28688524590163933,0.4117647058823529,0.33816425120772947
0.48019725781171874,71,174,99,2013,0.4176470588235294,0.07956104252400549,0.2897959183673469,0.4176470588235294,0.3421686746987952
0.48004387700059076,71,175,99,2012,0.4176470588235294,0.0800182898948331,0.2886178861788618,0.4176470588235294,0.34134615384615385
0.48000979902963853,71,176,99,2011,0.4176470588235294,0.08047553726566073,0.2874493927125506,0.4176470588235294,0.3405275779376499
0.4799586866091019,72,176,98,2011,0.4235294117647059,0.08047553726566073,0.2903225806451613,0.4235294117647059,0.3444976076555024
0.4795755168964855,72,177,98,2010,0.4235294117647059,0.08093278463648834,0.2891566265060241,0.4235294117647059,0.3436754176610978
0.4792181678254248,73,177,97,2010,0.4294117647058823,0.08093278463648834,0.292,0.4294117647058823,0.3476190476190476
0.47919265308317405,74,177,96,2010,0.43529411764705883,0.08093278463648834,0.2948207171314741,0.43529411764705883,0.3515439429928741
0.47859769459819745,75,178,95,2009,0.4411764705882353,0.08139003200731595,0.2964426877470356,0.4411764705882353,0.3546099290780142
0.4778338332707067,75,179,95,2008,0.4411764705882353,0.08184727937814358,0.2952755905511811,0.4411764705882353,0.35377358490566035
0.47779143229505494,76,179,94,2008,0.4470588235294118,0.08184727937814358,0.2980392156862745,0.4470588235294118,0.35764705882352943
0.4776642519416755,78,179,92,2008,0.4588235294117647,0.08184727937814358,0.3035019455252918,0.4588235294117647,0.3653395784543325
0.4775223747814351,78,180,92,2007,0.4588235294117647,0.0823045267489712,0.3023255813953488,0.4588235294117647,0.36448598130841114
0.47694420246005004,78,181,92,2006,0.4588235294117647,0.0827617741197988,0.30115830115830117,0.4588235294117647,0.36363636363636365
0.47692727319595707,78,182,92,2005,0.4588235294117647,0.08321902149062643,0.3,0.4588235294117647,0.36279069767441857
0.4765211510813287,78,183,92,2004,0.4588235294117647,0.08367626886145405,0.2988505747126437,0.4588235294117647,0.3619489559164733
0.4762252384087322,79,183,91,2004,0.4647058823529412,0.08367626886145405,0.3015267175572519,0.4647058823529412,0.36574074074074076
0.47622523840873215,80,183,90,2004,0.47058823529411764,0.08367626886145405,0.3041825095057034,0.47058823529411764,0.36951501154734406
0.4759126162462918,81,183,89,2004,0.4764705882352941,0.08367626886145405,0.3068181818181818,0.4764705882352941,0.37327188940092165
0.47563396422176746,82,183,88,2004,0.4823529411764706,0.08367626886145405,0.30943396226415093,0.4823529411764706,0.37701149425287356
0.4750012707856378,82,184,88,2003,0.4823529411764706,0.08413351623228166,0.3082706766917293,0.4823529411764706,0.3761467889908257
0.47495912115973277,82,185,88,2002,0.4823529411764706,0.08459076360310928,0.30711610486891383,0.4823529411764706,0.3752860411899314
0.47479056005460873,82,186,88,2001,0.4823529411764706,0.0850480109739369,0.30597014925373134,0.4823529411764706,0.37442922374429227
0.47464733015087335,82,187,88,2000,0.4823529411764706,0.08550525834476452,0.3048327137546468,0.4823529411764706,0.3735763097949886
0.47461886242598395,83,187,87,2000,0.48823529411764705,0.08550525834476452,0.3074074074074074,0.48823529411764705,0.37727272727272726
0.47449572205375506,83,188,87,1999,0.48823529411764705,0.08596250571559214,0.3062730627306273,0.48823529411764705,0.3764172335600907
0.474032775068227,83,189,87,1998,0.48823529411764705,0.08641975308641975,0.30514705882352944,0.48823529411764705,0.37556561085972845
0.47399071138258086,83,190,87,1997,0.48823529411764705,0.08687700045724737,0.304029304029304,0.48823529411764705,0.37471783295711053
0.4739592662083882,83,191,87,1996,0.48823529411764705,0.08733424782807499,0.3029197080291971,0.48823529411764705,0.3738738738738739
0.4736207118595611,83,192,87,1995,0.48823529411764705,0.0877914951989026,0.3018181818181818,0.48823529411764705,0.37303370786516854
0.4733602038191253,83,193,87,1994,0.48823529411764705,0.08824874256973023,0.3007246376811594,0.48823529411764705,0.3721973094170403
0.4732761995374113,83,194,87,1993,0.48823529411764705,0.08870598994055784,0.2996389891696751,0.48823529411764705,0.3713646532438479
0.47323420298711316,83,195,87,1992,0.48823529411764705,0.08916323731138547,0.29856115107913667,0.48823529411764705,0.37053571428571425
0.47309144258907504,83,196,87,1991,0.48823529411764705,0.08962048468221308,0.2974910394265233,0.48823529411764705,0.3697104677060134
0.47304946243333557,84,196,86,1991,0.49411764705882355,0.08962048468221308,0.3,0.49411764705882355,0.3733333333333333
0.4727724868165786,84,197,86,1990,0.49411764705882355,0.09007773205304069,0.298932384341637,0.49411764705882355,0.3725055432372506
0.4727341306908781,84,198,86,1989,0.49411764705882355,0.09053497942386832,0.2978723404255319,0.49411764705882355,0.3716814159292035
0.4724229586984875,85,198,85,1989,0.5,0.09053497942386832,0.3003533568904594,0.5,0.3752759381898455
0.4723112211245193,86,198,84,1989,0.5058823529411764,0.09053497942386832,0.3028169014084507,0.5058823529411764,0.3788546255506608
0.472294456309358,87,198,83,1989,0.5117647058823529,0.09053497942386832,0.30526315789473685,0.5117647058823529,0.38241758241758234
0.4722728968390609,88,198,82,1989,0.5176470588235295,0.09053497942386832,0.3076923076923077,0.5176470588235295,0.3859649122807018
0.47215976064647786,88,199,82,1988,0.5176470588235295,0.09099222679469593,0.30662020905923343,0.5176470588235295,0.38512035010940915
0.47172001688680626,89,199,81,1988,0.5235294117647059,0.09099222679469593,0.3090277777777778,0.5235294117647059,0.388646288209607
0.4715925432417979,89,200,81,1987,0.5235294117647059,0.09144947416552354,0.3079584775086505,0.5235294117647059,0.38779956427015255
0.4715777188468822,89,201,81,1986,0.5235294117647059,0.09190672153635117,0.30689655172413793,0.5235294117647059,0.3869565217391304
0.4715155492329869,89,202,81,1985,0.5235294117647059,0.09236396890717878,0.30584192439862545,0.5235294117647059,0.38611713665943603
0.47112239679466195,89,203,81,1984,0.5235294117647059,0.09282121627800641,0.3047945205479452,0.5235294117647059,0.3852813852813853
0.4710716335398417,89,204,81,1983,0.5235294117647059,0.09327846364883402,0.3037542662116041,0.5235294117647059,0.38444924406047526
0.4710137103903593,89,205,81,1982,0.5235294117647059,0.09373571101966163,0.30272108843537415,0.5235294117647059,0.3836206896551724
0.47054938847947547,90,205,80,1982,0.5294117647058824,0.09373571101966163,0.3050847457627119,0.5294117647058824,0.38709677419354843
0.47052075636513424,90,206,80,1981,0.5294117647058824,0.09419295839048926,0.30405405405405406,0.5294117647058824,0.3862660944206009
0.47047065435717683,90,207,80,1980,0.5294117647058824,0.09465020576131687,0.30303030303030304,0.5294117647058824,0.38543897216274087
0.4699812476761291,90,208,80,1979,0.5294117647058824,0.09510745313214448,0.30201342281879195,0.5294117647058824,0.38461538461538464
0.46992822444134225,90,210,80,1977,0.5294117647058824,0.09602194787379972,0.3,0.5294117647058824,0.3829787234042553
0.46961973600799595,90,211,80,1976,0.5294117647058824,0.09647919524462735,0.29900332225913623,0.5294117647058824,0.38216560509554137
0.46904656772246506,90,212,80,1975,0.5294117647058824,0.09693644261545496,0.2980132450331126,0.5294117647058824,0.3813559322033898
0.46877035667518147,90,213,80,1974,0.5294117647058824,0.09739368998628258,0.297029702970297,0.5294117647058824,0.3805496828752643
0.4687204410533463,90,214,80,1973,0.5294117647058824,0.0978509373571102,0.29605263157894735,0.5294117647058824,0.37974683544303794
0.4686027982918761,90,215,80,1972,0.5294117647058824,0.09830818472793781,0.29508196721311475,0.5294117647058824,0.37894736842105264
0.468228280721097,91,215,79,1972,0.5352941176470588,0.09830818472793781,0.2973856209150327,0.5352941176470588,0.3823529411764706
0.4681794355323309,92,215,78,1972,0.5411764705882353,0.09830818472793781,0.2996742671009772,0.5411764705882353,0.38574423480083864
0.46809694406040253,92,216,78,1971,0.5411764705882353,0.09876543209876543,0.2987012987012987,0.5411764705882353,0.38493723849372385
0.46801387381655646,92,217,78,1970,0.5411764705882353,0.09922267946959305,0.2977346278317152,0.5411764705882353,0.38413361169102295
0.46799251527959673,93,217,77,1970,0.5470588235294118,0.09922267946959305,0.3,0.5470588235294118,0.38749999999999996
0.46784777755212165,93,218,77,1969,0.5470588235294118,0.09967992684042067,0.2990353697749196,0.5470588235294118,0.3866943866943867
0.4677481480893138,93,219,77,1968,0.5470588235294118,0.10013717421124829,0.2980769230769231,0.5470588235294118,0.3858921161825726
0.4676127730107121,94,219,76,1968,0.5529411764705883,0.10013717421124829,0.3003194888178914,0.5529411764705883,0.38923395445134573
0.46752405936345304,94,220,76,1967,0.5529411764705883,0.1005944215820759,0.29936305732484075,0.5529411764705883,0.38842975206611574
0.46715081669806197,94,221,76,1966,0.5529411764705883,0.10105166895290352,0.2984126984126984,0.5529411764705883,0.3876288659793814
0.4667944410023789,94,223,76,1964,0.5529411764705883,0.10196616369455876,0.29652996845425866,0.5529411764705883,0.3860369609856263
0.46656252857607255,94,224,76,1963,0.5529411764705883,0.10242341106538637,0.29559748427672955,0.5529411764705883,0.38524590163934425
0.46653300286644384,94,225,76,1962,0.5529411764705883,0.102880658436214,0.2946708463949843,0.5529411764705883,0.3844580777096115
0.4664253285607439,94,226,76,1961,0.5529411764705883,0.10333790580704161,0.29375,0.5529411764705883,0.38367346938775515
0.46604114679746306,94,227,76,1960,0.5529411764705883,0.10379515317786922,0.29283489096573206,0.5529411764705883,0.38289205702647655
0.46561123888776723,94,228,76,1959,0.5529411764705883,0.10425240054869685,0.2919254658385093,0.5529411764705883,0.3821138211382114
0.46556992249401563,95,228,75,1959,0.5588235294117647,0.10425240054869685,0.29411764705882354,0.5588235294117647,0.385395537525355
0.46512393898685866,96,228,74,1959,0.5647058823529412,0.10425240054869685,0.2962962962962963,0.5647058823529412,0.38866396761133604
0.4650331428850544,96,229,74,1958,0.5647058823529412,0.10470964791952446,0.2953846153846154,0.5647058823529412,0.3878787878787879
0.4648928564979757,96,230,74,1957,0.5647058823529412,0.10516689529035209,0.294478527607362,0.5647058823529412,0.3870967741935484
0.4646618888153025,96,231,74,1956,0.5647058823529412,0.1056241426611797,0.29357798165137616,0.5647058823529412,0.38631790744466804
0.46433213402347023,96,232,74,1955,0.5647058823529412,0.10608139003200731,0.2926829268292683,0.5647058823529412,0.3855421686746987
0.4642991714178971,96,233,74,1954,0.5647058823529412,0.10653863740283494,0.2917933130699088,0.5647058823529412,0.3847695390781563
0.464290931132134,96,234,74,1953,0.5647058823529412,0.10699588477366255,0.2909090909090909,0.5647058823529412,0.384
0.4642497318969699,97,234,73,1953,0.5705882352941176,0.10699588477366255,0.2930513595166163,0.5705882352941176,0.38722554890219557
0.4641343934865853,97,235,73,1952,0.5705882352941176,0.10745313214449016,0.2921686746987952,0.5705882352941176,0.3864541832669323
0.46408497151154765,97,236,73,1951,0.5705882352941176,0.10791037951531779,0.2912912912912913,0.5705882352941176,0.3856858846918489
0.46357458581911704,98,236,72,1951,0.5764705882352941,0.10791037951531779,0.2934131736526946,0.5764705882352941,0.38888888888888884
0.46351915146212413,98,237,72,1950,0.5764705882352941,0.1083676268861454,0.29253731343283584,0.5764705882352941,0.38811881188118813
0.4634347394344429,98,238,72,1949,0.5764705882352941,0.10882487425697303,0.2916666666666667,0.5764705882352941,0.3873517786561264
0.4631606354913238,98,239,72,1948,0.5764705882352941,0.10928212162780064,0.29080118694362017,0.5764705882352941,0.3865877712031558
0.462851131009109,98,240,72,1947,0.5764705882352941,0.10973936899862825,0.28994082840236685,0.5764705882352941,0.3858267716535433
0.46258833654878784,98,241,72,1946,0.5764705882352941,0.11019661636945588,0.2890855457227139,0.5764705882352941,0.38506876227897835
0.4622127419263147,98,242,72,1945,0.5764705882352941,0.11065386374028349,0.28823529411764703,0.5764705882352941,0.38431372549019605
0.46217801887945054,99,242,71,1945,0.5823529411764706,0.11065386374028349,0.2903225806451613,0.5823529411764706,0.3874755381604697
0.4621553411065566,100,242,70,1945,0.5882352941176471,0.11065386374028349,0.29239766081871343,0.5882352941176471,0.390625
0.46215341139622584,100,243,70,1944,0.5882352941176471,0.1111111111111111,0.2915451895043732,0.5882352941176471,0.38986354775828463
0.4619093372945513,101,243,69,1944,0.5941176470588235,0.1111111111111111,0.2936046511627907,0.5941176470588235,0.3929961089494164
0.4616451499713484,101,244,69,1943,0.5941176470588235,0.11156835848193873,0.2927536231884058,0.5941176470588235,0.39223300970873787
0.46132572357044027,101,245,69,1942,0.5941176470588235,0.11202560585276634,0.29190751445086704,0.5941176470588235,0.39147286821705424
0.46127660066829285,101,246,69,1941,0.5941176470588235,0.11248285322359397,0.2910662824207493,0.5941176470588235,0.390715667311412
0.4610520454625286,102,246,68,1941,0.6,0.11248285322359397,0.29310344827586204,0.6,0.39382239382239387
0.46076112589319373,102,247,68,1940,0.6,0.11294010059442158,0.2922636103151863,0.6,0.393063583815029
0.46074477105180195,103,247,67,1940,0.6058823529411764,0.11294010059442158,0.29428571428571426,0.6058823529411764,0.3961538461538461
0.4606079193626778,103,248,67,1939,0.6058823529411764,0.1133973479652492,0.2934472934472934,0.6058823529411764,0.3953934740882917
0.46054038450907636,103,249,67,1938,0.6058823529411764,0.11385459533607682,0.29261363636363635,0.6058823529411764,0.3946360153256705
0.4603524289668764,103,250,67,1937,0.6058823529411764,0.11431184270690443,0.29178470254957506,0.6058823529411764,0.3938814531548757
0.4602289304378413,103,251,67,1936,0.6058823529411764,0.11476909007773205,0.2909604519774011,0.6058823529411764,0.39312977099236646
0.4596013735684233,103,252,67,1935,0.6058823529411764,0.11522633744855967,0.29014084507042254,0.6058823529411764,0.39238095238095244
0.45949689838186064,103,253,67,1934,0.6058823529411764,0.11568358481938729,0.2893258426966292,0.6058823529411764,0.3916349809885932
0.4594539888766444,103,254,67,1933,0.6058823529411764,0.11614083219021491,0.28851540616246496,0.6058823529411764,0.39089184060721055
0.45906524470984433,104,254,66,1933,0.611764705882353,0.11614083219021491,0.2905027932960894,0.611764705882353,0.393939393939394
0.45888411935612267,104,255,66,1932,0.611764705882353,0.11659807956104253,0.28969359331476324,0.611764705882353,0.39319470699432896
0.45823304145269317,104,256,66,1931,0.611764705882353,0.11705532693187014,0.28888888888888886,0.611764705882353,0.39245283018867927
0.4581761161062699,104,257,66,1930,0.611764705882353,0.11751257430269776,0.2880886426592798,0.611764705882353,0.39171374764595107
0.45813758901778073,104,258,66,1929,0.611764705882353,0.11796982167352538,0.287292817679558,0.611764705882353,0.39097744360902253
0.4579484854289772,104,259,66,1928,0.611764705882353,0.11842706904435299,0.2865013774104683,0.611764705882353,0.39024390243902446
0.4577453393195388,104,260,66,1927,0.611764705882353,0.11888431641518062,0.2857142857142857,0.611764705882353,0.3895131086142322
0.4576782011889067,104,261,66,1926,0.611764705882353,0.11934156378600823,0.28493150684931506,0.611764705882353,0.388785046728972
0.45760725144163633,104,262,66,1925,0.611764705882353,0.11979881115683585,0.28415300546448086,0.611764705882353,0.38805970149253727
0.45750168293739973,104,263,66,1924,0.611764705882353,0.12025605852766347,0.28337874659400547,0.611764705882353,0.3873370577281192
0.4573393174077437,104,264,66,1923,0.611764705882353,0.12071330589849108,0.2826086956521739,0.611764705882353,0.38661710037174724
0.45712872685766637,104,265,66,1922,0.611764705882353,0.1211705532693187,0.28184281842818426,0.611764705882353,0.385899814471243
0.45703081395643025,104,266,66,1921,0.611764705882353,0.12162780064014632,0.2810810810810811,0.611764705882353,0.38518518518518524
0.45687689171257606,104,267,66,1920,0.611764705882353,0.12208504801097393,0.2803234501347709,0.611764705882353,0.3844731977818854
0.4567877055037081,104,268,66,1919,0.611764705882353,0.12254229538180156,0.27956989247311825,0.611764705882353,0.38376383763837635
0.45673707711886913,104,269,66,1918,0.611764705882353,0.12299954275262917,0.27882037533512066,0.611764705882353,0.38305709023941076
0.45669043131346904,105,269,65,1918,0.6176470588235294,0.12299954275262917,0.2807486631016043,0.6176470588235294,0.3860294117647059
0.45652835369379136,105,270,65,1917,0.6176470588235294,0.12345679012345678,0.28,0.6176470588235294,0.3853211009174312
0.45644733645549224,105,271,65,1916,0.6176470588235294,0.12391403749428441,0.27925531914893614,0.6176470588235294,0.3846153846153846
0.45625295373942143,105,272,65,1915,0.6176470588235294,0.12437128486511202,0.27851458885941643,0.6176470588235294,0.38391224862888484
0.4561234112530208,106,272,64,1915,0.6235294117647059,0.12437128486511202,0.2804232804232804,0.6235294117647059,0.38686131386861305
0.45575118144768073,106,273,64,1914,0.6235294117647059,0.12482853223593965,0.2796833773087071,0.6235294117647059,0.3861566484517304
0.4556703021292907,106,274,64,1913,0.6235294117647059,0.12528577960676726,0.2789473684210526,0.6235294117647059,0.38545454545454544
0.45541966744520684,106,275,64,1912,0.6235294117647059,0.12574302697759487,0.2782152230971129,0.6235294117647059,0.3847549909255899
0.45538137214082375,106,276,64,1911,0.6235294117647059,0.1262002743484225,0.2774869109947644,0.6235294117647059,0.3840579710144928
0.455112625890946,106,277,64,1910,0.6235294117647059,0.12665752171925013,0.27676240208877284,0.6235294117647059,0.3833634719710669
0.4549349596149086,106,278,64,1909,0.6235294117647059,0.12711476909007774,0.2760416666666667,0.6235294117647059,0.3826714801444043
0.4547896478873195,106,279,64,1908,0.6235294117647059,0.12757201646090535,0.2753246753246753,0.6235294117647059,0.3819819819819819
0.45462824484812814,106,280,64,1907,0.6235294117647059,0.12802926383173296,0.27461139896373055,0.6235294117647059,0.38129496402877694
0.4543701191220633,106,281,64,1906,0.6235294117647059,0.12848651120256058,0.2739018087855297,0.6235294117647059,0.3806104129263914
0.4542330494456682,106,282,64,1905,0.6235294117647059,0.1289437585733882,0.27319587628865977,0.6235294117647059,0.37992831541218636
0.45414437933702967,106,283,64,1904,0.6235294117647059,0.12940100594421583,0.27249357326478146,0.6235294117647059,0.37924865831842575
0.45379307357706006,106,284,64,1903,0.6235294117647059,0.12985825331504344,0.2717948717948718,0.6235294117647059,0.37857142857142856
0.453332418795316,106,285,64,1902,0.6235294117647059,0.13031550068587106,0.2710997442455243,0.6235294117647059,0.3778966131907308
0.4532321230730381,106,286,64,1901,0.6235294117647059,0.13077274805669867,0.27040816326530615,0.6235294117647059,0.37722419928825623
0.4528164029145196,106,287,64,1900,0.6235294117647059,0.13122999542752628,0.2697201017811705,0.6235294117647059,0.3765541740674956
0.45269554479874397,106,288,64,1899,0.6235294117647059,0.13168724279835392,0.26903553299492383,0.6235294117647059,0.37588652482269497
0.45268324516263053,106,289,64,1898,0.6235294117647059,0.13214449016918153,0.2683544303797468,0.6235294117647059,0.3752212389380531
0.45250251175109546,106,290,64,1897,0.6235294117647059,0.13260173754000915,0.2676767676767677,0.6235294117647059,0.3745583038869258
0.45226565948587316,106,291,64,1896,0.6235294117647059,0.13305898491083676,0.26700251889168763,0.6235294117647059,0.37389770723104054
0.45224826844471633,106,292,64,1895,0.6235294117647059,0.13351623228166437,0.2663316582914573,0.6235294117647059,0.3732394366197183
0.4518209648232074,106,293,64,1894,0.6235294117647059,0.133973479652492,0.2656641604010025,0.6235294117647059,0.37258347978910367
0.45169268069767693,106,294,64,1893,0.6235294117647059,0.13443072702331962,0.265,0.6235294117647059,0.3719298245614035
0.45130003709763833,106,295,64,1892,0.6235294117647059,0.13488797439414724,0.26433915211970077,0.6235294117647059,0.37127845884413313
0.4510357960064962,106,296,64,1891,0.6235294117647059,0.13534522176497485,0.263681592039801,0.6235294117647059,0.3706293706293707
0.45075780460744186,107,296,63,1891,0.6294117647058823,0.13534522176497485,0.2655086848635236,0.6294117647058823,0.3734729493891798
0.45061173254252607,107,297,63,1890,0.6294117647058823,0.13580246913580246,0.26485148514851486,0.6294117647058823,0.37282229965156793
0.4502440006670068,108,297,62,1890,0.6352941176470588,0.13580246913580246,0.26666666666666666,0.6352941176470588,0.3756521739130435
0.45013556568395896,108,298,62,1889,0.6352941176470588,0.13625971650663007,0.2660098522167488,0.6352941176470588,0.375
0.45011138367267606,108,299,62,1888,0.6352941176470588,0.13671696387745771,0.26535626535626533,0.6352941176470588,0.3743500866551126
0.44997239173793213,108,300,62,1887,0.6352941176470588,0.13717421124828533,0.2647058823529412,0.6352941176470588,0.3737024221453287
0.4499391122836361,108,301,62,1886,0.6352941176470588,0.13763145861911294,0.26405867970660146,0.6352941176470588,0.37305699481865284
0.44979673209983007,108,302,62,1885,0.6352941176470588,0.13808870598994055,0.2634146341463415,0.6352941176470588,0.3724137931034483
0.4497727838264646,108,303,62,1884,0.6352941176470588,0.13854595336076816,0.26277372262773724,0.6352941176470588,0.3717728055077453
0.44975585991674605,109,303,61,1884,0.6411764705882353,0.13854595336076816,0.2645631067961165,0.6411764705882353,0.3745704467353952
0.4496211410355094,109,304,61,1883,0.6411764705882353,0.1390032007315958,0.2639225181598063,0.6411764705882353,0.3739279588336192
0.4488817132653457,109,305,61,1882,0.6411764705882353,0.13946044810242342,0.2632850241545894,0.6411764705882353,0.3732876712328767
0.44865661474234153,109,306,61,1881,0.6411764705882353,0.13991769547325103,0.26265060240963856,0.6411764705882353,0.37264957264957266
0.44809956934929485,109,307,61,1880,0.6411764705882353,0.14037494284407864,0.2620192307692308,0.6411764705882353,0.37201365187713314
0.44788432607399853,109,308,61,1879,0.6411764705882353,0.14083219021490626,0.26139088729016785,0.6411764705882353,0.3713798977853492
0.4476464861636304,109,309,61,1878,0.6411764705882353,0.1412894375857339,0.2607655502392344,0.6411764705882353,0.3707482993197279
0.44760676388689136,109,310,61,1877,0.6411764705882353,0.1417466849565615,0.26014319809069214,0.6411764705882353,0.3701188455008489
0.4475273299074667,110,310,60,1877,0.6470588235294118,0.1417466849565615,0.2619047619047619,0.6470588235294118,0.37288135593220334
0.44748761820415545,110,311,60,1876,0.6470588235294118,0.14220393232738912,0.26128266033254155,0.6470588235294118,0.37225042301184436
0.4473685042360737,110,312,60,1875,0.6470588235294118,0.14266117969821673,0.26066350710900477,0.6470588235294118,0.37162162162162166
0.4468918236955681,110,313,60,1874,0.6470588235294118,0.14311842706904435,0.26004728132387706,0.6470588235294118,0.3709949409780775
0.44678926872661295,110,314,60,1873,0.6470588235294118,0.14357567443987196,0.25943396226415094,0.6470588235294118,0.37037037037037035
0.4464776688712455,110,315,60,1872,0.6470588235294118,0.1440329218106996,0.25882352941176473,0.6470588235294118,0.36974789915966383
0.44646766956945755,110,316,60,1871,0.6470588235294118,0.1444901691815272,0.25821596244131456,0.6470588235294118,0.36912751677852346
0.44627357655716454,110,317,60,1870,0.6470588235294118,0.14494741655235482,0.2576112412177986,0.6470588235294118,0.36850921273031834
0.44545117508621174,110,318,60,1869,0.6470588235294118,0.14540466392318244,0.2570093457943925,0.6470588235294118,0.36789297658862874
0.4452451060772525,110,319,60,1868,0.6470588235294118,0.14586191129401005,0.2564102564102564,0.6470588235294118,0.3672787979966611
0.44515028991510586,110,320,60,1867,0.6470588235294118,0.1463191586648377,0.2558139534883721,0.6470588235294118,0.3666666666666667
0.44514238947973517,110,321,60,1866,0.6470588235294118,0.1467764060356653,0.2552204176334107,0.6470588235294118,0.36605657237936773
0.44481126166954693,111,321,59,1866,0.6529411764705882,0.1467764060356653,0.2569444444444444,0.6529411764705882,0.3687707641196013
0.4445024661048563,111,322,59,1865,0.6529411764705882,0.14723365340649291,0.25635103926096997,0.6529411764705882,0.3681592039800995
0.4444078601492784,112,322,58,1865,0.6588235294117647,0.14723365340649291,0.25806451612903225,0.6588235294117647,0.3708609271523179
0.4442022217502532,112,323,58,1864,0.6588235294117647,0.14769090077732053,0.2574712643678161,0.6588235294117647,0.37024793388429755
0.4440576568465182,112,324,58,1863,0.6588235294117647,0.14814814814814814,0.25688073394495414,0.6588235294117647,0.36963696369636967
0.443833421488713,112,325,58,1862,0.6588235294117647,0.14860539551897575,0.2562929061784897,0.6588235294117647,0.36902800658978585
0.443824288426519,112,326,58,1861,0.6588235294117647,0.1490626428898034,0.2557077625570776,0.6588235294117647,0.3684210526315789
0.4435892975050765,112,327,58,1860,0.6588235294117647,0.149519890260631,0.255125284738041,0.6588235294117647,0.367816091954023
0.44357355218240035,112,328,58,1859,0.6588235294117647,0.14997713763145862,0.2545454545454545,0.6588235294117647,0.36721311475409835
0.4435499352462883,112,329,58,1858,0.6588235294117647,0.15043438500228623,0.25396825396825395,0.6588235294117647,0.36661211129296234
0.44348270809474427,112,330,58,1857,0.6588235294117647,0.15089163237311384,0.25339366515837103,0.6588235294117647,0.3660130718954248
0.44337405407224256,112,331,58,1856,0.6588235294117647,0.15134887974394148,0.2528216704288939,0.6588235294117647,0.365415986949429
0.44335317633878263,112,332,58,1855,0.6588235294117647,0.1518061271147691,0.25225225225225223,0.6588235294117647,0.36482084690553745
0.4433374393972915,112,333,58,1854,0.6588235294117647,0.1522633744855967,0.251685393258427,0.6588235294117647,0.3642276422764228
0.443282364500815,113,333,57,1854,0.6647058823529411,0.1522633744855967,0.2533632286995516,0.6647058823529411,0.36688311688311687
0.44292847492458154,113,334,57,1853,0.6647058823529411,0.15272062185642432,0.25279642058165547,0.6647058823529411,0.36628849270664504
0.4428734508329186,113,335,57,1852,0.6647058823529411,0.15317786922725193,0.25223214285714285,0.6647058823529411,0.3656957928802589
0.4428453799502474,113,336,57,1851,0.6647058823529411,0.15363511659807957,0.2516703786191537,0.6647058823529411,0.3651050080775444
0.442751130882803,113,337,57,1850,0.6647058823529411,0.1540923639689072,0.2511111111111111,0.6647058823529411,0.36451612903225805
0.4427084195677109,113,338,57,1849,0.6647058823529411,0.1545496113397348,0.25055432372505543,0.6647058823529411,0.36392914653784214
0.44248062034455643,113,339,57,1848,0.6647058823529411,0.1550068587105624,0.25,0.6647058823529411,0.3633440514469453
0.44231199728902665,113,340,57,1847,0.6647058823529411,0.15546410608139002,0.24944812362030905,0.6647058823529411,0.36276083467094705
0.4421483242209118,113,341,57,1846,0.6647058823529411,0.15592135345221764,0.2488986784140969,0.6647058823529411,0.3621794871794872
0.44178224399209237,114,341,56,1846,0.6705882352941176,0.15592135345221764,0.25054945054945055,0.6705882352941176,0.36479999999999996
0.44149111286270565,114,342,56,1845,0.6705882352941176,0.15637860082304528,0.25,0.6705882352941176,0.36421725239616615
0.4413903814084789,114,343,56,1844,0.6705882352941176,0.1568358481938729,0.24945295404814005,0.6705882352941176,0.36363636363636365
0.4411352979078304,114,344,56,1843,0.6705882352941176,0.1572930955647005,0.24890829694323144,0.6705882352941176,0.3630573248407643
0.4407440091679317,114,345,56,1842,0.6705882352941176,0.15775034293552812,0.24836601307189543,0.6705882352941176,0.3624801271860095
0.4405295067848952,114,346,56,1841,0.6705882352941176,0.15820759030635573,0.24782608695652175,0.6705882352941176,0.3619047619047619
0.44038879633314393,115,346,55,1841,0.6764705882352942,0.15820759030635573,0.24945770065075923,0.6764705882352942,0.36450079239302696
0.4401322457980623,115,347,55,1840,0.6764705882352942,0.15866483767718337,0.24891774891774893,0.6764705882352942,0.3639240506329114
0.4401015421396431,115,348,55,1839,0.6764705882352942,0.15912208504801098,0.24838012958963282,0.6764705882352942,0.3633491311216429
0.4399221308867171,115,349,55,1838,0.6764705882352942,0.1595793324188386,0.2478448275862069,0.6764705882352942,0.36277602523659314
0.4399122784025804,115,350,55,1837,0.6764705882352942,0.1600365797896662,0.24731182795698925,0.6764705882352942,0.3622047244094488
0.439587270184503,115,351,55,1836,0.6764705882352942,0.16049382716049382,0.24678111587982832,0.6764705882352942,0.36163522012578614
0.4391589387412936,115,352,55,1835,0.6764705882352942,0.16095107453132146,0.2462526766595289,0.6764705882352942,0.3610675039246468
0.4391088362127925,115,353,55,1834,0.6764705882352942,0.16140832190214907,0.24572649572649571,0.6764705882352942,0.36050156739811906
0.43887509998173446,115,354,55,1833,0.6764705882352942,0.16186556927297668,0.24520255863539445,0.6764705882352942,0.35993740219092335
0.43871249725304745,115,355,55,1832,0.6764705882352942,0.1623228166438043,0.24468085106382978,0.6764705882352942,0.359375
0.4386025649568422,116,355,54,1832,0.6823529411764706,0.1623228166438043,0.24628450106157113,0.6823529411764706,0.3619344773790952
0.43840800070453945,116,356,54,1831,0.6823529411764706,0.1627800640146319,0.2457627118644068,0.6823529411764706,0.36137071651090347
0.4383218641127061,116,357,54,1830,0.6823529411764706,0.16323731138545952,0.2452431289640592,0.6823529411764706,0.3608087091757387
0.4382599707305274,116,358,54,1829,0.6823529411764706,0.16369455875628716,0.24472573839662448,0.6823529411764706,0.36024844720496896
0.4380968774071704,117,358,53,1829,0.6882352941176471,0.16369455875628716,0.2463157894736842,0.6882352941176471,0.36279069767441857
0.437893655427865,117,359,53,1828,0.6882352941176471,0.16415180612711477,0.24579831932773108,0.6882352941176471,0.3622291021671826
0.43787922248056377,117,360,53,1827,0.6882352941176471,0.1646090534979424,0.24528301886792453,0.6882352941176471,0.3616692426584235
0.4375096791009462,117,361,53,1826,0.6882352941176471,0.16506630086877,0.24476987447698745,0.6882352941176471,0.3611111111111111
0.43743647330911084,117,362,53,1825,0.6882352941176471,0.1655235482395976,0.24425887265135698,0.6882352941176471,0.3605546995377504
0.437285053120327,117,363,53,1824,0.6882352941176471,0.16598079561042525,0.24375,0.6882352941176471,0.36
0.43716483165036335,118,363,52,1824,0.6941176470588235,0.16598079561042525,0.24532224532224534,0.6941176470588235,0.36251920122887865
0.4368933586771169,118,364,52,1823,0.6941176470588235,0.16643804298125287,0.24481327800829875,0.6941176470588235,0.36196319018404904
0.4366152277086887,118,365,52,1822,0.6941176470588235,0.16689529035208048,0.2443064182194617,0.6941176470588235,0.3614088820826953
0.4366109782675743,118,366,52,1821,0.6941176470588235,0.1673525377229081,0.24380165289256198,0.6941176470588235,0.36085626911314983
0.43654456969306704,119,366,51,1821,0.7,0.1673525377229081,0.24536082474226803,0.7,0.36335877862595417
0.4365290744249193,119,367,51,1820,0.7,0.1678097850937357,0.2448559670781893,0.7,0.3628048780487805
0.4364516063339211,120,367,50,1820,0.7058823529411765,0.1678097850937357,0.2464065708418891,0.7058823529411765,0.365296803652968
0.43626573900181786,120,368,50,1819,0.7058823529411765,0.16826703246456332,0.2459016393442623,0.7058823529411765,0.364741641337386
0.43605673286467117,121,368,49,1819,0.711764705882353,0.16826703246456332,0.2474437627811861,0.711764705882353,0.3672230652503794
0.4360025624353635,121,369,49,1818,0.711764705882353,0.16872427983539096,0.24693877551020407,0.711764705882353,0.3666666666666667
0.4359097144981443,121,370,49,1817,0.711764705882353,0.16918152720621857,0.24643584521384929,0.711764705882353,0.3661119515885023
0.43585556233262523,121,371,49,1816,0.711764705882353,0.16963877457704618,0.2459349593495935,0.711764705882353,0.3655589123867069
0.4354598163149519,121,372,49,1815,0.711764705882353,0.1700960219478738,0.24543610547667344,0.711764705882353,0.36500754147812975
0.43539370060438154,121,373,49,1814,0.711764705882353,0.1705532693187014,0.24493927125506074,0.711764705882353,0.3644578313253012
0.43526805737164737,121,374,49,1813,0.711764705882353,0.17101051668952905,0.24444444444444444,0.711764705882353,0.36390977443609024
0.4352371580040557,121,375,49,1812,0.711764705882353,0.17146776406035666,0.2439516129032258,0.711764705882353,0.36336336336336333
0.4351124792724152,121,376,49,1811,0.711764705882353,0.17192501143118427,0.24346076458752516,0.711764705882353,0.36281859070464767
0.43489740969887863,122,376,48,1811,0.7176470588235294,0.17192501143118427,0.24497991967871485,0.7176470588235294,0.3652694610778443
0.43484228078000964,122,377,48,1810,0.7176470588235294,0.17238225880201188,0.24448897795591182,0.7176470588235294,0.3647234678624813
0.43478300923860225,122,378,48,1809,0.7176470588235294,0.1728395061728395,0.244,0.7176470588235294,0.3641791044776119
0.4347794423367885,122,379,48,1808,0.7176470588235294,0.17329675354366714,0.2435129740518962,0.7176470588235294,0.36363636363636365
0.4347430663359901,123,379,47,1808,0.7235294117647059,0.17329675354366714,0.2450199203187251,0.7235294117647059,0.3660714285714286
0.434673629694473,123,380,47,1807,0.7235294117647059,0.17375400091449475,0.24453280318091453,0.7235294117647059,0.3655274888558692
0.4344037037212434,123,381,47,1806,0.7235294117647059,0.17421124828532236,0.24404761904761904,0.7235294117647059,0.3649851632047477
0.4343574475305736,124,381,46,1806,0.7294117647058823,0.17421124828532236,0.24554455445544554,0.7294117647058823,0.3674074074074074
0.4341550261932254,125,381,45,1806,0.7352941176470589,0.17421124828532236,0.24703557312252963,0.7352941176470589,0.36982248520710054
0.43395621667908,125,382,45,1805,0.7352941176470589,0.17466849565614997,0.2465483234714004,0.7352941176470589,0.36927621861152143
0.4337175255052963,125,383,45,1804,0.7352941176470589,0.1751257430269776,0.24606299212598426,0.7352941176470589,0.36873156342182895
0.4335795405358501,126,383,44,1804,0.7411764705882353,0.1751257430269776,0.2475442043222004,0.7411764705882353,0.3711340206185567
0.43356415051221825,127,383,43,1804,0.7470588235294118,0.1751257430269776,0.24901960784313726,0.7470588235294118,0.3735294117647059
0.4334832194626887,127,384,43,1803,0.7470588235294118,0.1755829903978052,0.24853228962818003,0.7470588235294118,0.37298091042584436
0.4333630311494316,127,385,43,1802,0.7470588235294118,0.17604023776863284,0.248046875,0.7470588235294118,0.3724340175953079
0.4333410565471864,127,386,43,1801,0.7470588235294118,0.17649748513946045,0.2475633528265107,0.7470588235294118,0.3718887262079063
0.43330260367443396,128,386,42,1801,0.7529411764705882,0.17649748513946045,0.2490272373540856,0.7529411764705882,0.3742690058479532
0.4332487753849198,128,387,42,1800,0.7529411764705882,0.17695473251028807,0.24854368932038834,0.7529411764705882,0.37372262773722625
0.4331674963570204,128,388,42,1799,0.7529411764705882,0.17741197988111568,0.24806201550387597,0.7529411764705882,0.37317784256559766
0.4330873306349195,128,389,42,1798,0.7529411764705882,0.1778692272519433,0.24758220502901354,0.7529411764705882,0.3726346433770015
0.4329720497905357,128,390,42,1797,0.7529411764705882,0.17832647462277093,0.2471042471042471,0.7529411764705882,0.37209302325581395
0.43247998126779913,128,391,42,1796,0.7529411764705882,0.17878372199359854,0.2466281310211946,0.7529411764705882,0.37155297532656023
0.43212649840541,128,392,42,1795,0.7529411764705882,0.17924096936442616,0.24615384615384617,0.7529411764705882,0.3710144927536232
0.4320014927112337,128,393,42,1794,0.7529411764705882,0.17969821673525377,0.2456813819577735,0.7529411764705882,0.37047756874095517
0.43178461678916524,128,394,42,1793,0.7529411764705882,0.18015546410608138,0.24521072796934865,0.7529411764705882,0.3699421965317919
0.43171364594018113,128,395,42,1792,0.7529411764705882,0.18061271147690902,0.2447418738049713,0.7529411764705882,0.36940836940836935
0.43166746061703143,128,396,42,1791,0.7529411764705882,0.18106995884773663,0.24427480916030533,0.7529411764705882,0.3688760806916426
0.4313383695468022,128,397,42,1790,0.7529411764705882,0.18152720621856425,0.2438095238095238,0.7529411764705882,0.3683453237410072
0.4312120062264621,128,398,42,1789,0.7529411764705882,0.18198445358939186,0.24334600760456274,0.7529411764705882,0.36781609195402304
0.43111543445971434,128,399,42,1788,0.7529411764705882,0.18244170096021947,0.2428842504743833,0.7529411764705882,0.3672883787661406
0.4309251774793437,128,400,42,1787,0.7529411764705882,0.18289894833104708,0.24242424242424243,0.7529411764705882,0.3667621776504298
0.43077224384588847,128,401,42,1786,0.7529411764705882,0.18335619570187472,0.24196597353497165,0.7529411764705882,0.3662374821173105
0.43031322300865826,128,402,42,1785,0.7529411764705882,0.18381344307270234,0.24150943396226415,0.7529411764705882,0.36571428571428577
0.43008372982191384,128,403,42,1784,0.7529411764705882,0.18427069044352995,0.24105461393596986,0.7529411764705882,0.36519258202567756
0.4300612699259333,128,404,42,1783,0.7529411764705882,0.18472793781435756,0.24060150375939848,0.7529411764705882,0.36467236467236464
0.430031285339402,128,405,42,1782,0.7529411764705882,0.18518518518518517,0.2401500938086304,0.7529411764705882,0.364153627311522
0.4299493381356994,128,406,42,1781,0.7529411764705882,0.18564243255601282,0.2397003745318352,0.7529411764705882,0.3636363636363636
0.4298939281465343,128,407,42,1780,0.7529411764705882,0.18609967992684043,0.23925233644859814,0.7529411764705882,0.36312056737588655
0.42977186969653575,129,407,41,1780,0.7588235294117647,0.18609967992684043,0.24067164179104478,0.7588235294117647,0.3654390934844193
0.42973648136629744,129,408,41,1779,0.7588235294117647,0.18655692729766804,0.24022346368715083,0.7588235294117647,0.3649222065063649
0.4296045726079784,130,408,40,1779,0.7647058823529411,0.18655692729766804,0.241635687732342,0.7647058823529411,0.3672316384180791
0.42948974224837805,130,409,40,1778,0.7647058823529411,0.18701417466849565,0.24118738404452691,0.7647058823529411,0.3667136812411848
0.4294744973932478,130,410,40,1777,0.7647058823529411,0.18747142203932327,0.24074074074074073,0.7647058823529411,0.36619718309859156
0.4290886561584012,130,411,40,1776,0.7647058823529411,0.18792866941015088,0.24029574861367836,0.7647058823529411,0.3656821378340366
0.42882292320278054,130,412,40,1775,0.7647058823529411,0.18838591678097852,0.23985239852398524,0.7647058823529411,0.36516853932584264
0.42858106252965955,130,413,40,1774,0.7647058823529411,0.18884316415180613,0.23941068139963168,0.7647058823529411,0.364656381486676
0.42856840178807326,130,414,40,1773,0.7647058823529411,0.18930041152263374,0.23897058823529413,0.7647058823529411,0.3641456582633053
0.4281882599343351,130,415,40,1772,0.7647058823529411,0.18975765889346136,0.23853211009174313,0.7647058823529411,0.3636363636363637
0.4281654621486488,130,416,40,1771,0.7647058823529411,0.19021490626428897,0.23809523809523808,0.7647058823529411,0.3631284916201117
0.42808367315761797,130,417,40,1770,0.7647058823529411,0.1906721536351166,0.2376599634369287,0.7647058823529411,0.3626220362622036
0.42759735734360926,130,418,40,1769,0.7647058823529411,0.19112940100594422,0.23722627737226276,0.7647058823529411,0.36211699164345407
0.42744029904824504,131,418,39,1769,0.7705882352941177,0.19112940100594422,0.23861566484517305,0.7705882352941177,0.36439499304589706
0.4274284456337287,131,419,39,1768,0.7705882352941177,0.19158664837677183,0.2381818181818182,0.7705882352941177,0.36388888888888893
0.4271787231583302,131,420,39,1767,0.7705882352941177,0.19204389574759945,0.23774954627949182,0.7705882352941177,0.36338418862690713
0.4270417865327599,131,421,39,1766,0.7705882352941177,0.19250114311842706,0.23731884057971014,0.7705882352941177,0.36288088642659283
0.42689721563779426,131,422,39,1765,0.7705882352941177,0.1929583904892547,0.23688969258589512,0.7705882352941177,0.3623789764868603
0.42687485871240544,131,423,39,1764,0.7705882352941177,0.1934156378600823,0.2364620938628159,0.7705882352941177,0.36187845303867405
0.42677276187616303,131,424,39,1763,0.7705882352941177,0.19387288523090992,0.23603603603603604,0.7705882352941177,0.3613793103448276
0.42668620674587576,131,425,39,1762,0.7705882352941177,0.19433013260173754,0.2356115107913669,0.7705882352941177,0.36088154269972456
0.42660308708455186,131,426,39,1761,0.7705882352941177,0.19478737997256515,0.23518850987432674,0.7705882352941177,0.3603851444291609
0.4265872308364866,131,427,39,1760,0.7705882352941177,0.19524462734339276,0.23476702508960573,0.7705882352941177,0.3598901098901099
0.4265334410926937,131,428,39,1759,0.7705882352941177,0.1957018747142204,0.23434704830053668,0.7705882352941177,0.3593964334705076
0.42638196059522454,131,429,39,1758,0.7705882352941177,0.19615912208504802,0.23392857142857143,0.7705882352941177,0.3589041095890411
0.4260193452093781,131,430,39,1757,0.7705882352941177,0.19661636945587563,0.23351158645276293,0.7705882352941177,0.35841313269493846
0.4259008011182494,131,431,39,1756,0.7705882352941177,0.19707361682670324,0.23309608540925267,0.7705882352941177,0.35792349726775957
0.42581892126960946,131,432,39,1755,0.7705882352941177,0.19753086419753085,0.23268206039076378,0.7705882352941177,0.35743519781718963
0.42579678942012017,131,433,39,1754,0.7705882352941177,0.1979881115683585,0.2322695035460993,0.7705882352941177,0.3569482288828338
0.4257784370515577,131,434,39,1753,0.7705882352941177,0.1984453589391861,0.23185840707964603,0.7705882352941177,0.3564625850340136
0.42571043222988586,131,435,39,1752,0.7705882352941177,0.19890260631001372,0.2314487632508834,0.7705882352941177,0.35597826086956524
0.42565477448029454,131,436,39,1751,0.7705882352941177,0.19935985368084133,0.2310405643738977,0.7705882352941177,0.35549525101763907
0.4253046588446248,131,437,39,1750,0.7705882352941177,0.19981710105166894,0.2306338028169014,0.7705882352941177,0.3550135501355014
0.4251933754617301,131,438,39,1749,0.7705882352941177,0.20027434842249658,0.23022847100175747,0.7705882352941177,0.354533152909337
0.4251355243455649,131,439,39,1748,0.7705882352941177,0.2007315957933242,0.22982456140350876,0.7705882352941177,0.35405405405405405
0.4251010330160857,131,440,39,1747,0.7705882352941177,0.2011888431641518,0.22942206654991243,0.7705882352941177,0.3535762483130904
0.42480974847015485,131,441,39,1746,0.7705882352941177,0.20164609053497942,0.229020979020979,0.7705882352941177,0.353099730458221
0.42460445272308284,131,442,39,1745,0.7705882352941177,0.20210333790580703,0.2286212914485166,0.7705882352941177,0.35262449528936746
0.4245108030906764,131,443,39,1744,0.7705882352941177,0.20256058527663465,0.22822299651567945,0.7705882352941177,0.3521505376344086
0.42445053379435727,131,444,39,1743,0.7705882352941177,0.2030178326474623,0.22782608695652173,0.7705882352941177,0.3516778523489933
0.42430609907189937,131,445,39,1742,0.7705882352941177,0.2034750800182899,0.22743055555555555,0.7705882352941177,0.3512064343163539
0.42429606972325573,131,446,39,1741,0.7705882352941177,0.2039323273891175,0.2270363951473137,0.7705882352941177,0.35073627844712185
0.4242835936007682,131,447,39,1740,0.7705882352941177,0.20438957475994513,0.22664359861591696,0.7705882352941177,0.3502673796791444
0.42417942783186147,131,448,39,1739,0.7705882352941177,0.20484682213077274,0.22625215889464595,0.7705882352941177,0.3497997329773031
0.42414408532888975,131,449,39,1738,0.7705882352941177,0.20530406950160038,0.22586206896551725,0.7705882352941177,0.3493333333333334
0.42391243593376654,131,450,39,1737,0.7705882352941177,0.205761316872428,0.22547332185886404,0.7705882352941177,0.3488681757656458
0.4238327293375704,132,450,38,1737,0.7764705882352941,0.205761316872428,0.2268041237113402,0.7764705882352941,0.35106382978723405
0.4237619910944247,132,451,38,1736,0.7764705882352941,0.2062185642432556,0.22641509433962265,0.7764705882352941,0.350597609561753
0.42368659338452,132,452,38,1735,0.7764705882352941,0.20667581161408322,0.22602739726027396,0.7764705882352941,0.35013262599469497
0.42363083911603544,132,453,38,1734,0.7764705882352941,0.20713305898491083,0.22564102564102564,0.7764705882352941,0.3496688741721854
0.4236001434398161,132,454,38,1733,0.7764705882352941,0.20759030635573844,0.22525597269624573,0.7764705882352941,0.3492063492063492
0.42357758993662514,132,455,38,1732,0.7764705882352941,0.20804755372656608,0.22487223168654175,0.7764705882352941,0.3487450462351387
0.4235700723690765,132,456,38,1731,0.7764705882352941,0.2085048010973937,0.22448979591836735,0.7764705882352941,0.3482849604221636
0.4233109768542657,132,457,38,1730,0.7764705882352941,0.2089620484682213,0.22410865874363328,0.7764705882352941,0.3478260869565218
0.42326947904648543,133,457,37,1730,0.7823529411764706,0.2089620484682213,0.22542372881355932,0.7823529411764706,0.35
0.42323352949345106,133,458,37,1729,0.7823529411764706,0.20941929583904892,0.22504230118443316,0.7823529411764706,0.34954007884362676
0.42300663488418755,133,459,37,1728,0.7823529411764706,0.20987654320987653,0.22466216216216217,0.7823529411764706,0.34908136482939633
0.42297982323044153,133,460,37,1727,0.7823529411764706,0.21033379058070417,0.224283305227656,0.7823529411764706,0.3486238532110092
0.4229292855130605,133,461,37,1726,0.7823529411764706,0.21079103795153178,0.2239057239057239,0.7823529411764706,0.3481675392670157
0.4229207151603201,133,462,37,1725,0.7823529411764706,0.2112482853223594,0.2235294117647059,0.7823529411764706,0.34771241830065364
0.42284210398887256,133,463,37,1724,0.7823529411764706,0.211705532693187,0.2231543624161074,0.7823529411764706,0.34725848563968675
0.4226323192978128,133,464,37,1723,0.7823529411764706,0.21216278006401462,0.22278056951423786,0.7823529411764706,0.34680573663624514
0.4226089244131794,133,465,37,1722,0.7823529411764706,0.21262002743484226,0.22240802675585283,0.7823529411764706,0.34635416666666663
0.42259268500602243,133,466,37,1721,0.7823529411764706,0.21307727480566988,0.22203672787979967,0.7823529411764706,0.34590377113133947
0.4222970680847496,133,467,37,1720,0.7823529411764706,0.2135345221764975,0.22166666666666668,0.7823529411764706,0.34545454545454546
0.4222403247396457,133,468,37,1719,0.7823529411764706,0.2139917695473251,0.22129783693843594,0.7823529411764706,0.3450064850843061
0.4218253198152141,134,468,36,1719,0.788235294117647,0.2139917695473251,0.22259136212624583,0.788235294117647,0.3471502590673575
0.42179146473386586,134,469,36,1718,0.788235294117647,0.2144490169181527,0.2222222222222222,0.788235294117647,0.34670116429495473
0.4217883608260222,134,470,36,1717,0.788235294117647,0.21490626428898033,0.22185430463576158,0.788235294117647,0.3462532299741602
0.4217771948352944,134,471,36,1716,0.788235294117647,0.21536351165980797,0.22148760330578512,0.788235294117647,0.34580645161290324
0.4217558773274816,135,471,35,1716,0.7941176470588235,0.21536351165980797,0.22277227722772278,0.7941176470588235,0.3479381443298969
0.42168011007716205,135,472,35,1715,0.7941176470588235,0.21582075903063558,0.22240527182866557,0.7941176470588235,0.34749034749034746
0.4214180351564597,135,473,35,1714,0.7941176470588235,0.2162780064014632,0.22203947368421054,0.7941176470588235,0.34704370179948585
0.4211359566315108,135,474,35,1713,0.7941176470588235,0.2167352537722908,0.22167487684729065,0.7941176470588235,0.34659820282413356
0.42105923139471435,135,475,35,1712,0.7941176470588235,0.21719250114311842,0.22131147540983606,0.7941176470588235,0.34615384615384615
0.4209932993700209,135,476,35,1711,0.7941176470588235,0.21764974851394606,0.220949263502455,0.7941176470588235,0.34571062740076824
0.4208649297585297,135,477,35,1710,0.7941176470588235,0.21810699588477367,0.22058823529411764,0.7941176470588235,0.3452685421994885
0.4205405917774075,135,478,35,1709,0.7941176470588235,0.21856424325560128,0.22022838499184338,0.7941176470588235,0.3448275862068966
0.42049908384556245,135,479,35,1708,0.7941176470588235,0.2190214906264289,0.21986970684039087,0.7941176470588235,0.3443877551020408
0.42040148913298586,135,480,35,1707,0.7941176470588235,0.2194787379972565,0.21951219512195122,0.7941176470588235,0.34394904458598724
0.4201932456716206,135,481,35,1706,0.7941176470588235,0.21993598536808415,0.21915584415584416,0.7941176470588235,0.34351145038167935
0.41995747720182197,135,482,35,1705,0.7941176470588235,0.22039323273891176,0.2188006482982172,0.7941176470588235,0.34307496823379924
0.41992376086277033,135,483,35,1704,0.7941176470588235,0.22085048010973937,0.21844660194174756,0.7941176470588235,0.3426395939086294
0.41969527093596676,135,484,35,1703,0.7941176470588235,0.22130772748056698,0.21809369951534732,0.7941176470588235,0.3422053231939163
0.41958958320469997,135,485,35,1702,0.7941176470588235,0.2217649748513946,0.21774193548387097,0.7941176470588235,0.3417721518987342
0.4195801972466251,135,486,35,1701,0.7941176470588235,0.2222222222222222,0.21739130434782608,0.7941176470588235,0.3413400758533502
0.4194555612177648,136,486,34,1701,0.8,0.2222222222222222,0.21864951768488747,0.8,0.3434343434343434
0.4194096794772965,136,487,34,1700,0.8,0.22267946959304985,0.21829855537720708,0.8,0.343001261034048
0.419317362691979,136,488,34,1699,0.8,0.22313671696387746,0.21794871794871795,0.8,0.34256926952141065
0.41923742389147484,136,489,34,1698,0.8,0.22359396433470508,0.2176,0.8,0.3421383647798742
0.41910203530449625,136,490,34,1697,0.8,0.2240512117055327,0.21725239616613418,0.8,0.3417085427135679
0.4189565465983156,136,491,34,1696,0.8,0.2245084590763603,0.21690590111642744,0.8,0.34127979924717694
0.4188448612880507,136,492,34,1695,0.8,0.22496570644718794,0.21656050955414013,0.8,0.3408521303258146
0.4187255749470905,136,493,34,1694,0.8,0.22542295381801555,0.21621621621621623,0.8,0.3404255319148936
0.418724443315194,136,494,34,1693,0.8,0.22588020118884317,0.21587301587301588,0.8,0.34
0.4186374676126865,136,495,34,1692,0.8,0.22633744855967078,0.21553090332805072,0.8,0.3395755305867665
0.4185780321745254,136,496,34,1691,0.8,0.2267946959304984,0.21518987341772153,0.8,0.33915211970074816
0.41842807016119316,136,497,34,1690,0.8,0.227251943301326,0.21484992101105846,0.8,0.33872976338729766
0.4183237419015587,136,498,34,1689,0.8,0.22770919067215364,0.21451104100946372,0.8,0.3383084577114428
0.4183027227302852,136,499,34,1688,0.8,0.22816643804298126,0.2141732283464567,0.8,0.33788819875776394
0.41829582905778423,136,500,34,1687,0.8,0.22862368541380887,0.2138364779874214,0.8,0.337468982630273
0.4182512880663986,136,501,34,1686,0.8,0.22908093278463648,0.21350078492935637,0.8,0.33705080545229243
0.41824704631458476,136,502,34,1685,0.8,0.2295381801554641,0.21316614420062696,0.8,0.33663366336633666
0.417755010800519,136,503,34,1684,0.8,0.22999542752629173,0.21283255086071987,0.8,0.3362175525339926
0.4176142704819397,136,504,34,1683,0.8,0.23045267489711935,0.2125,0.8,0.33580246913580253
0.41740673809773415,136,505,34,1682,0.8,0.23090992226794696,0.2121684867394696,0.8,0.3353884093711468
0.41719800564552667,136,506,34,1681,0.8,0.23136716963877457,0.2118380062305296,0.8,0.33497536945812806
0.4171934219885046,136,507,34,1680,0.8,0.23182441700960219,0.2115085536547434,0.8,0.33456334563345635
0.4169475871602275,136,508,34,1679,0.8,0.23228166438042983,0.2111801242236025,0.8,0.3341523341523342
0.41687242285978543,136,509,34,1678,0.8,0.23273891175125744,0.21085271317829457,0.8,0.33374233128834363
0.416618572597997,136,510,34,1677,0.8,0.23319615912208505,0.21052631578947367,0.8,0.3333333333333333
0.41649712645607484,136,511,34,1676,0.8,0.23365340649291266,0.21020092735703247,0.8,0.3329253365973073
0.4164047259985271,136,512,34,1675,0.8,0.23411065386374028,0.20987654320987653,0.8,0.33251833740831294
0.41612805813268555,136,513,34,1674,0.8,0.2345679012345679,0.20955315870570107,0.8,0.3321123321123321
0.41579353714292233,136,514,34,1673,0.8,0.23502514860539553,0.20923076923076922,0.8,0.3317073170731707
0.4155820457610472,136,515,34,1672,0.8,0.23548239597622314,0.20890937019969277,0.8,0.3313032886723508
0.41557537253534227,136,516,34,1671,0.8,0.23593964334705075,0.2085889570552147,0.8,0.3309002433090025
0.4150953827680884,136,517,34,1670,0.8,0.23639689071787837,0.2082695252679939,0.8,0.33049817739975706
0.41443845226917586,137,517,33,1670,0.8058823529411765,0.23639689071787837,0.20948012232415902,0.8058823529411765,0.33252427184466016
0.4144181377608314,137,518,33,1669,0.8058823529411765,0.23685413808870598,0.20916030534351146,0.8058823529411765,0.33212121212121215
0.41408029244117817,137,519,33,1668,0.8058823529411765,0.23731138545953362,0.20884146341463414,0.8058823529411765,0.33171912832929784
0.413971735185183,137,520,33,1667,0.8058823529411765,0.23776863283036123,0.2085235920852359,0.8058823529411765,0.33131801692865775
0.4138591792851181,137,521,33,1666,0.8058823529411765,0.23822588020118884,0.20820668693009117,0.8058823529411765,0.33091787439613524
0.4136981480377355,137,522,33,1665,0.8058823529411765,0.23868312757201646,0.2078907435508346,0.8058823529411765,0.3305186972255729
0.4136595092758621,137,523,33,1664,0.8058823529411765,0.23914037494284407,0.20757575757575758,0.8058823529411765,0.3301204819277109
0.4134118915259187,137,524,33,1663,0.8058823529411765,0.2395976223136717,0.20726172465960666,0.8058823529411765,0.3297232250300842
0.41340472906959147,137,525,33,1662,0.8058823529411765,0.24005486968449932,0.20694864048338368,0.8058823529411765,0.3293269230769231
0.4132788440844189,137,526,33,1661,0.8058823529411765,0.24051211705532693,0.2066365007541478,0.8058823529411765,0.3289315726290516
0.41327058696423896,137,527,33,1660,0.8058823529411765,0.24096936442615455,0.2063253012048193,0.8058823529411765,0.328537170263789
0.4131743420627487,137,528,33,1659,0.8058823529411765,0.24142661179698216,0.20601503759398496,0.8058823529411765,0.3281437125748503
0.4128155619629224,137,529,33,1658,0.8058823529411765,0.24188385916780977,0.2057057057057057,0.8058823529411765,0.3277511961722488
0.41269687709137404,138,529,32,1658,0.8117647058823529,0.24188385916780977,0.20689655172413793,0.8117647058823529,0.32974910394265233
0.41249383899045455,138,530,32,1657,0.8117647058823529,0.2423411065386374,0.20658682634730538,0.8117647058823529,0.3293556085918854
0.41244170845779715,138,531,32,1656,0.8117647058823529,0.24279835390946503,0.2062780269058296,0.8117647058823529,0.32896305125148995
0.4122402993422635,138,532,32,1655,0.8117647058823529,0.24325560128029264,0.20597014925373133,0.8117647058823529,0.32857142857142857
0.41211280430302166,138,533,32,1654,0.8117647058823529,0.24371284865112025,0.20566318926974664,0.8117647058823529,0.32818073721759805
0.4120835417576046,138,534,32,1653,0.8117647058823529,0.24417009602194786,0.20535714285714285,0.8117647058823529,0.32779097387173395
0.4116552711648302,138,535,32,1652,0.8117647058823529,0.2446273433927755,0.2050520059435364,0.8117647058823529,0.3274021352313167
0.41160895810482784,138,536,32,1651,0.8117647058823529,0.24508459076360312,0.20474777448071216,0.8117647058823529,0.32701421800947866
0.41104215091625157,138,537,32,1650,0.8117647058823529,0.24554183813443073,0.20444444444444446,0.8117647058823529,0.32662721893491126
0.41102760489053214,138,538,32,1649,0.8117647058823529,0.24599908550525834,0.20414201183431951,0.8117647058823529,0.326241134751773
0.41099907701463917,138,539,32,1648,0.8117647058823529,0.24645633287608595,0.2038404726735598,0.8117647058823529,0.32585596221959856
0.410852564626656,138,540,32,1647,0.8117647058823529,0.24691358024691357,0.20353982300884957,0.8117647058823529,0.32547169811320753
0.4107792729435188,138,541,32,1646,0.8117647058823529,0.2473708276177412,0.203240058910162,0.8117647058823529,0.3250883392226149
0.41031016137387166,138,542,32,1645,0.8117647058823529,0.24782807498856882,0.20294117647058824,0.8117647058823529,0.3247058823529412
0.4103048352776563,138,543,32,1644,0.8117647058823529,0.24828532235939643,0.2026431718061674,0.8117647058823529,0.3243243243243243
0.410124681497259,138,544,32,1643,0.8117647058823529,0.24874256973022404,0.20234604105571846,0.8117647058823529,0.32394366197183094
0.41009089223170025,138,545,32,1642,0.8117647058823529,0.24919981710105166,0.2020497803806735,0.8117647058823529,0.3235638921453693
0.40996128603184423,138,546,32,1641,0.8117647058823529,0.2496570644718793,0.20175438596491227,0.8117647058823529,0.3231850117096019
0.4098781085730259,138,547,32,1640,0.8117647058823529,0.2501143118427069,0.20145985401459854,0.8117647058823529,0.32280701754385965
0.4097794270609608,138,548,32,1639,0.8117647058823529,0.2505715592135345,0.20116618075801748,0.8117647058823529,0.32242990654205606
0.4096186033300825,138,549,32,1638,0.8117647058823529,0.25102880658436216,0.20087336244541484,0.8117647058823529,0.32205367561260206
0.4095850625553698,138,550,32,1637,0.8117647058823529,0.25148605395518975,0.2005813953488372,0.8117647058823529,0.3216783216783217
0.40950177567152896,138,551,32,1636,0.8117647058823529,0.2519433013260174,0.20029027576197386,0.8117647058823529,0.3213038416763679
0.40941491306080713,138,552,32,1635,0.8117647058823529,0.252400548696845,0.2,0.8117647058823529,0.32093023255813957
0.40934537032822393,138,553,32,1634,0.8117647058823529,0.2528577960676726,0.19971056439942114,0.8117647058823529,0.3205574912891986
0.40914718647157405,138,554,32,1633,0.8117647058823529,0.25331504343850025,0.1994219653179191,0.8117647058823529,0.32018561484918795
0.40911088046165256,139,554,31,1633,0.8176470588235294,0.25331504343850025,0.20057720057720058,0.8176470588235294,0.3221320973348783
0.408875315468898,139,555,31,1632,0.8176470588235294,0.25377229080932784,0.20028818443804033,0.8176470588235294,0.32175925925925924
0.4088096341638986,139,556,31,1631,0.8176470588235294,0.2542295381801555,0.2,0.8176470588235294,0.3213872832369943
0.4086763230204278,139,557,31,1630,0.8176470588235294,0.25468678555098306,0.1997126436781609,0.8176470588235294,0.32101616628175517
0.4084948464300691,139,558,31,1629,0.8176470588235294,0.2551440329218107,0.1994261119081779,0.8176470588235294,0.3206459054209919
0.408381294732336,139,559,31,1628,0.8176470588235294,0.25560128029263834,0.1991404011461318,0.8176470588235294,0.32027649769585254
0.4083657637466153,139,560,31,1627,0.8176470588235294,0.25605852766346593,0.1988555078683834,0.8176470588235294,0.31990794016110474
0.40820571298402925,139,561,31,1626,0.8176470588235294,0.25651577503429357,0.19857142857142857,0.8176470588235294,0.3195402298850574
0.40806268268363816,139,562,31,1625,0.8176470588235294,0.25697302240512115,0.19828815977175462,0.8176470588235294,0.31917336394948337
0.4078060074994443,140,562,30,1625,0.8235294117647058,0.25697302240512115,0.19943019943019943,0.8235294117647058,0.3211009174311926
0.40776606357873985,140,563,30,1624,0.8235294117647058,0.2574302697759488,0.19914651493598862,0.8235294117647058,0.32073310423825885
0.40767574932908707,140,564,30,1623,0.8235294117647058,0.2578875171467764,0.19886363636363635,0.8235294117647058,0.3203661327231121
0.4076466473017941,140,565,30,1622,0.8235294117647058,0.258344764517604,0.19858156028368795,0.8235294117647058,0.32
0.4074871555115384,141,565,29,1622,0.8294117647058824,0.258344764517604,0.19971671388101983,0.8294117647058824,0.3219178082191781
0.40747339862228105,141,566,29,1621,0.8294117647058824,0.25880201188843166,0.19943422913719944,0.8294117647058824,0.3215507411630559
0.40731620477137875,141,567,29,1620,0.8294117647058824,0.25925925925925924,0.19915254237288135,0.8294117647058824,0.32118451025056943
0.4072774796766817,141,568,29,1619,0.8294117647058824,0.2597165066300869,0.19887165021156558,0.8294117647058824,0.32081911262798635
0.40689511715318377,141,569,29,1618,0.8294117647058824,0.26017375400091447,0.19859154929577466,0.8294117647058824,0.32045454545454544
0.4066368989906684,141,570,29,1617,0.8294117647058824,0.2606310013717421,0.19831223628691982,0.8294117647058824,0.32009080590238365
0.4065114708843227,141,571,29,1616,0.8294117647058824,0.26108824874256975,0.19803370786516855,0.8294117647058824,0.3197278911564626
0.40630091040255945,141,572,29,1615,0.8294117647058824,0.26154549611339734,0.19775596072931276,0.8294117647058824,0.319365798414496
0.4062945710623843,141,573,29,1614,0.8294117647058824,0.262002743484225,0.19747899159663865,0.8294117647058824,0.3190045248868778
0.4061533730401483,141,574,29,1613,0.8294117647058824,0.26245999085505256,0.1972027972027972,0.8294117647058824,0.3186440677966102
0.40614466432542895,141,575,29,1612,0.8294117647058824,0.2629172382258802,0.19692737430167598,0.8294117647058824,0.31828442437923243
0.4060438219043417,141,576,29,1611,0.8294117647058824,0.26337448559670784,0.19665271966527198,0.8294117647058824,0.3179255918827509
0.405811036227374,141,577,29,1610,0.8294117647058824,0.2638317329675354,0.19637883008356546,0.8294117647058824,0.31756756756756754
0.4055674466521024,141,578,29,1609,0.8294117647058824,0.26428898033836307,0.19610570236439498,0.8294117647058824,0.3172103487064117
0.40543173581606723,141,579,29,1608,0.8294117647058824,0.26474622770919065,0.19583333333333333,0.8294117647058824,0.31685393258426964
0.4053548928114616,142,579,28,1608,0.8352941176470589,0.26474622770919065,0.19694868238557559,0.8352941176470589,0.31874298540965207
0.40534385644066645,142,580,28,1607,0.8352941176470589,0.2652034750800183,0.19667590027700832,0.8352941176470589,0.3183856502242152
0.40527483395581493,142,581,28,1606,0.8352941176470589,0.26566072245084593,0.19640387275242047,0.8352941176470589,0.3180291153415453
0.40524469382851064,143,581,27,1606,0.8411764705882353,0.26566072245084593,0.19751381215469613,0.8411764705882353,0.319910514541387
0.40515428689498656,143,582,27,1605,0.8411764705882353,0.2661179698216735,0.19724137931034483,0.8411764705882353,0.3195530726256983
0.40511080286606355,143,583,27,1604,0.8411764705882353,0.26657521719250116,0.19696969696969696,0.8411764705882353,0.3191964285714286
0.40506334165008456,143,584,27,1603,0.8411764705882353,0.26703246456332874,0.19669876203576342,0.8411764705882353,0.3188405797101449
0.4049642926284876,143,585,27,1602,0.8411764705882353,0.2674897119341564,0.19642857142857142,0.8411764705882353,0.3184855233853006
0.4047051199107061,143,586,27,1601,0.8411764705882353,0.267946959304984,0.19615912208504802,0.8411764705882353,0.31813125695216915
0.404487005198693,143,587,27,1600,0.8411764705882353,0.2684042066758116,0.1958904109589041,0.8411764705882353,0.3177777777777778
0.4044681606514877,143,588,27,1599,0.8411764705882353,0.26886145404663925,0.19562243502051985,0.8411764705882353,0.31742508324084345
0.4043779269564646,143,589,27,1598,0.8411764705882353,0.26931870141746683,0.1953551912568306,0.8411764705882353,0.3170731707317073
0.4040323883043957,143,590,27,1597,0.8411764705882353,0.2697759487882945,0.19508867667121418,0.8411764705882353,0.3167220376522702
0.4039578256884072,143,591,27,1596,0.8411764705882353,0.27023319615912206,0.19482288828337874,0.8411764705882353,0.3163716814159292
0.4038949831026298,143,592,27,1595,0.8411764705882353,0.2706904435299497,0.1945578231292517,0.8411764705882353,0.31602209944751386
0.4038026172542265,143,593,27,1594,0.8411764705882353,0.27114769090077734,0.19429347826086957,0.8411764705882353,0.31567328918322296
0.40373559429581146,143,594,27,1593,0.8411764705882353,0.2716049382716049,0.19402985074626866,0.8411764705882353,0.3153252480705623
0.40370762651067393,143,595,27,1592,0.8411764705882353,0.27206218564243256,0.1937669376693767,0.8411764705882353,0.314977973568282
0.40364916407166224,143,596,27,1591,0.8411764705882353,0.27251943301326015,0.19350473612990526,0.8411764705882353,0.3146314631463146
0.4036463613682351,143,597,27,1590,0.8411764705882353,0.2729766803840878,0.19324324324324324,0.8411764705882353,0.3142857142857142
0.4036061246084964,144,597,26,1590,0.8470588235294118,0.2729766803840878,0.19433198380566802,0.8470588235294118,0.31613611416026344
0.40353880258111696,144,598,26,1589,0.8470588235294118,0.27343392775491543,0.1940700808625337,0.8470588235294118,0.31578947368421056
0.40344929053098866,144,599,26,1588,0.8470588235294118,0.273891175125743,0.19380888290713325,0.8470588235294118,0.3154435925520263
0.4030106558152469,144,600,26,1587,0.8470588235294118,0.27434842249657065,0.1935483870967742,0.8470588235294118,0.3150984682713348
0.40295498217557235,144,601,26,1586,0.8470588235294118,0.27480566986739824,0.19328859060402684,0.8470588235294118,0.3147540983606557
0.4028504350738348,144,602,26,1585,0.8470588235294118,0.2752629172382259,0.19302949061662197,0.8470588235294118,0.314410480349345
0.40283597627517465,144,603,26,1584,0.8470588235294118,0.2757201646090535,0.1927710843373494,0.8470588235294118,0.31406761177753545
0.40271156750346765,144,604,26,1583,0.8470588235294118,0.2761774119798811,0.1925133689839572,0.8470588235294118,0.3137254901960784
0.402683209743177,144,605,26,1582,0.8470588235294118,0.27663465935070874,0.19225634178905207,0.8470588235294118,0.3133841131664853
0.402571190897051,144,606,26,1581,0.8470588235294118,0.27709190672153633,0.192,0.8470588235294118,0.3130434782608696
0.4025312052425527,144,607,26,1580,0.8470588235294118,0.27754915409236397,0.19174434087882822,0.8470588235294118,0.3127035830618892
0.40247745795298,144,608,26,1579,0.8470588235294118,0.2780064014631916,0.19148936170212766,0.8470588235294118,0.31236442516268975
0.40237797637244993,144,609,26,1578,0.8470588235294118,0.2784636488340192,0.19123505976095617,0.8470588235294118,0.3120260021668472
0.40233411025855326,144,610,26,1577,0.8470588235294118,0.27892089620484684,0.1909814323607427,0.8470588235294118,0.3116883116883117
0.40229891881086843,144,611,26,1576,0.8470588235294118,0.2793781435756744,0.19072847682119207,0.8470588235294118,0.3113513513513514
0.4022215871445723,144,612,26,1575,0.8470588235294118,0.27983539094650206,0.19047619047619047,0.8470588235294118,0.31101511879049676
0.4022049045875284,144,613,26,1574,0.8470588235294118,0.2802926383173297,0.190224570673712,0.8470588235294118,0.3106796116504854
0.40204729861507016,144,614,26,1573,0.8470588235294118,0.2807498856881573,0.18997361477572558,0.8470588235294118,0.3103448275862069
0.4018493513617585,145,614,25,1573,0.8529411764705882,0.2807498856881573,0.19104084321475626,0.8529411764705882,0.31216361679224974
0.40183201060874474,145,615,25,1572,0.8529411764705882,0.2812071330589849,0.19078947368421054,0.8529411764705882,0.3118279569892473
0.4016573426084329,145,616,25,1571,0.8529411764705882,0.2816643804298125,0.19053876478318002,0.8529411764705882,0.31149301825993553
0.4015959056096511,145,617,25,1570,0.8529411764705882,0.28212162780064015,0.19028871391076116,0.8529411764705882,0.3111587982832618
0.4015606197234425,145,618,25,1569,0.8529411764705882,0.2825788751714678,0.19003931847968544,0.8529411764705882,0.3108252947481243
0.4015424635633767,145,619,25,1568,0.8529411764705882,0.2830361225422954,0.18979057591623036,0.8529411764705882,0.31049250535331907
0.4015282930067479,145,620,25,1567,0.8529411764705882,0.283493369913123,0.1895424836601307,0.8529411764705882,0.31016042780748665
0.40140433667208947,145,621,25,1566,0.8529411764705882,0.2839506172839506,0.18929503916449086,0.8529411764705882,0.30982905982905984
0.401367890223685,145,622,25,1565,0.8529411764705882,0.28440786465477824,0.18904823989569752,0.8529411764705882,0.3094983991462113
0.40120323645054334,145,623,25,1564,0.8529411764705882,0.2848651120256058,0.18880208333333334,0.8529411764705882,0.3091684434968017
0.4011878195903377,145,624,25,1563,0.8529411764705882,0.28532235939643347,0.18855656697009102,0.8529411764705882,0.30883919062832804
0.4009846600735494,145,625,25,1562,0.8529411764705882,0.2857796067672611,0.18831168831168832,0.8529411764705882,0.30851063829787234
0.40072712146020895,145,626,25,1561,0.8529411764705882,0.2862368541380887,0.1880674448767834,0.8529411764705882,0.30818278427205104
0.40058039223379804,145,627,25,1560,0.8529411764705882,0.28669410150891633,0.1878238341968912,0.8529411764705882,0.30785562632696395
0.40050366110844826,146,627,24,1560,0.8588235294117647,0.28669410150891633,0.1888745148771022,0.8588235294117647,0.30965005302226933
0.4004041598003125,146,628,24,1559,0.8588235294117647,0.2871513488797439,0.18863049095607234,0.8588235294117647,0.30932203389830504
0.4003247980053716,146,629,24,1558,0.8588235294117647,0.28760859625057156,0.18838709677419355,0.8588235294117647,0.30899470899470904
0.4003076017680389,146,630,24,1557,0.8588235294117647,0.2880658436213992,0.18814432989690721,0.8588235294117647,0.3086680761099366
0.4002004961511693,146,631,24,1556,0.8588235294117647,0.2885230909922268,0.1879021879021879,0.8588235294117647,0.30834213305174235
0.3998843800790021,146,632,24,1555,0.8588235294117647,0.2889803383630544,0.18766066838046272,0.8588235294117647,0.30801687763713076
0.3997578134881299,146,633,24,1554,0.8588235294117647,0.289437585733882,0.18741976893453144,0.8588235294117647,0.30769230769230765
0.3994940596579882,146,634,24,1553,0.8588235294117647,0.28989483310470965,0.18717948717948718,0.8588235294117647,0.3073684210526316
0.39944983275752294,146,635,24,1552,0.8588235294117647,0.2903520804755373,0.18693982074263765,0.8588235294117647,0.3070452155625657
0.39924493675380884,146,636,24,1551,0.8588235294117647,0.2908093278463649,0.1867007672634271,0.8588235294117647,0.3067226890756302
0.39923418081279377,146,637,24,1550,0.8588235294117647,0.2912665752171925,0.18646232439335889,0.8588235294117647,0.3064008394543547
0.3991612811745595,146,638,24,1549,0.8588235294117647,0.2917238225880201,0.18622448979591838,0.8588235294117647,0.30607966457023067
0.3991537062645376,146,639,24,1548,0.8588235294117647,0.29218106995884774,0.1859872611464968,0.8588235294117647,0.3057591623036649
0.39914830884550895,146,640,24,1547,0.8588235294117647,0.2926383173296754,0.18575063613231552,0.8588235294117647,0.305439330543933
0.3990758888075534,146,641,24,1546,0.8588235294117647,0.29309556470050296,0.1855146124523507,0.8588235294117647,0.3051201671891327
0.3990550462258473,146,642,24,1545,0.8588235294117647,0.2935528120713306,0.18527918781725888,0.8588235294117647,0.3048016701461378
0.39905305655626705,146,643,24,1544,0.8588235294117647,0.2940100594421582,0.1850443599493029,0.8588235294117647,0.3044838373305526
0.39854661731907054,146,644,24,1543,0.8588235294117647,0.29446730681298583,0.1848101265822785,0.8588235294117647,0.3041666666666667
0.39850729367334115,146,645,24,1542,0.8588235294117647,0.29492455418381347,0.1845764854614412,0.8588235294117647,0.3038501560874089
0.39844371437373005,146,646,24,1541,0.8588235294117647,0.29538180155464105,0.18434343434343434,0.8588235294117647,0.3035343035343035
0.39837032691728513,146,647,24,1540,0.8588235294117647,0.2958390489254687,0.1841109709962169,0.8588235294117647,0.30321910695742477
0.39836232698546,146,648,24,1539,0.8588235294117647,0.2962962962962963,0.18387909319899245,0.8588235294117647,0.3029045643153527
0.3983028285159268,146,649,24,1538,0.8588235294117647,0.2967535436671239,0.18364779874213835,0.8588235294117647,0.3025906735751295
0.39819969922356174,146,650,24,1537,0.8588235294117647,0.2972107910379515,0.18341708542713567,0.8588235294117647,0.30227743271221535
0.3981040072531277,146,651,24,1536,0.8588235294117647,0.29766803840877915,0.18318695106649938,0.8588235294117647,0.3019648397104447
0.39784361519454303,146,652,24,1535,0.8588235294117647,0.2981252857796068,0.18295739348370926,0.8588235294117647,0.3016528925619834
0.3977062721327758,146,653,24,1534,0.8588235294117647,0.29858253315043437,0.18272841051314143,0.8588235294117647,0.3013415892672859
0.3975217910249245,146,654,24,1533,0.8588235294117647,0.299039780521262,0.1825,0.8588235294117647,0.30103092783505153
0.3975155757807233,146,655,24,1532,0.8588235294117647,0.2994970278920896,0.1822721598002497,0.8588235294117647,0.3007209062821833
0.39746888056729546,146,656,24,1531,0.8588235294117647,0.29995427526291724,0.18204488778054864,0.8588235294117647,0.3004115226337449
0.39716800812068254,146,657,24,1530,0.8588235294117647,0.3004115226337449,0.18181818181818182,0.8588235294117647,0.30010277492291887
0.3971626422470964,146,658,24,1529,0.8588235294117647,0.30086877000457246,0.18159203980099503,0.8588235294117647,0.2997946611909651
0.39715206915323675,147,658,23,1529,0.8647058823529412,0.30086877000457246,0.1826086956521739,0.8647058823529412,0.30153846153846153
0.3971350275156386,147,659,23,1528,0.8647058823529412,0.3013260173754001,0.18238213399503722,0.8647058823529412,0.3012295081967213
0.3970740702115754,147,660,23,1527,0.8647058823529412,0.3017832647462277,0.1821561338289963,0.8647058823529412,0.300921187308086
0.39699350651783283,147,661,23,1526,0.8647058823529412,0.3022405121170553,0.18193069306930693,0.8647058823529412,0.3006134969325153
0.39682657349442246,148,661,22,1526,0.8705882352941177,0.3022405121170553,0.18294190358467244,0.8705882352941177,0.3023493360572012
0.39652221973007656,148,662,22,1525,0.8705882352941177,0.30269775948788297,0.18271604938271604,0.8705882352941177,0.3020408163265306
0.396469944925063,148,663,22,1524,0.8705882352941177,0.30315500685871055,0.18249075215782984,0.8705882352941177,0.3017329255861366
0.39642439872712915,148,664,22,1523,0.8705882352941177,0.3036122542295382,0.18226600985221675,0.8705882352941177,0.3014256619144603
0.3963986743033698,148,665,22,1522,0.8705882352941177,0.3040695016003658,0.1820418204182042,0.8705882352941177,0.301119023397762
0.3962903865690331,148,666,22,1521,0.8705882352941177,0.3045267489711934,0.18181818181818182,0.8705882352941177,0.30081300813008127
0.3962337889514334,148,667,22,1520,0.8705882352941177,0.30498399634202106,0.18159509202453988,0.8705882352941177,0.300507614213198
0.39607509082966164,148,668,22,1519,0.8705882352941177,0.30544124371284864,0.18137254901960784,0.8705882352941177,0.30020283975659223
0.395961934747575,148,669,22,1518,0.8705882352941177,0.3058984910836763,0.18115055079559364,0.8705882352941177,0.29989868287740623
0.3959407158776288,148,670,22,1517,0.8705882352941177,0.30635573845450387,0.18092909535452323,0.8705882352941177,0.29959514170040485
0.39591460073640067,148,671,22,1516,0.8705882352941177,0.3068129858253315,0.1807081807081807,0.8705882352941177,0.2992922143579373
0.395877155583894,148,672,22,1515,0.8705882352941177,0.30727023319615915,0.18048780487804877,0.8705882352941177,0.29898989898989903
0.39586225396335484,149,672,21,1515,0.8764705882352941,0.30727023319615915,0.1814859926918392,0.8764705882352941,0.3007063572149344
0.39581439967886634,149,673,21,1514,0.8764705882352941,0.30772748056698673,0.18126520681265207,0.8764705882352941,0.3004032258064516
0.39572910657935784,149,674,21,1513,0.8764705882352941,0.3081847279378144,0.181044957472661,0.8764705882352941,0.30010070493454183
0.3957132358813845,149,675,21,1512,0.8764705882352941,0.30864197530864196,0.1808252427184466,0.8764705882352941,0.2997987927565392
0.39568410084227745,150,675,20,1512,0.8823529411764706,0.30864197530864196,0.18181818181818182,0.8823529411764706,0.3015075376884422
0.3955965358748802,150,676,20,1511,0.8823529411764706,0.3090992226794696,0.18159806295399517,0.8823529411764706,0.30120481927710846
0.39558457275101716,150,677,20,1510,0.8823529411764706,0.3095564700502972,0.18137847642079807,0.8823529411764706,0.30090270812437314
0.3954659324090139,150,678,20,1509,0.8823529411764706,0.3100137174211248,0.18115942028985507,0.8823529411764706,0.30060120240480964
0.39540343076925605,150,679,20,1508,0.8823529411764706,0.31047096479195246,0.18094089264173704,0.8823529411764706,0.3003003003003003
0.39526087277052024,150,680,20,1507,0.8823529411764706,0.31092821216278005,0.18072289156626506,0.8823529411764706,0.3
0.39512640658023745,150,681,20,1506,0.8823529411764706,0.3113854595336077,0.18050541516245489,0.8823529411764706,0.29970029970029977
0.39509653082670687,150,682,20,1505,0.8823529411764706,0.3118427069044353,0.18028846153846154,0.8823529411764706,0.29940119760479045
0.3950544496372186,150,683,20,1504,0.8823529411764706,0.3122999542752629,0.18007202881152462,0.8823529411764706,0.2991026919242273
0.3949139231275396,150,684,20,1503,0.8823529411764706,0.31275720164609055,0.17985611510791366,0.8823529411764706,0.298804780876494
0.3949015486107157,150,685,20,1502,0.8823529411764706,0.31321444901691814,0.17964071856287425,0.8823529411764706,0.29850746268656714
0.3947388803147324,150,686,20,1501,0.8823529411764706,0.3136716963877458,0.17942583732057416,0.8823529411764706,0.2982107355864811
0.3945006032059636,151,686,19,1501,0.888235294117647,0.3136716963877458,0.18040621266427717,0.888235294117647,0.2999006951340616
0.394466597010421,151,687,19,1500,0.888235294117647,0.31412894375857336,0.1801909307875895,0.888235294117647,0.2996031746031746
0.3944345118271016,151,688,19,1499,0.888235294117647,0.314586191129401,0.1799761620977354,0.888235294117647,0.2993062438057483
0.39418199346174015,151,689,19,1498,0.888235294117647,0.31504343850022865,0.17976190476190476,0.888235294117647,0.299009900990099
0.39414918061887927,151,690,19,1497,0.888235294117647,0.31550068587105623,0.17954815695600476,0.888235294117647,0.2987141444114738
0.3941462655861122,151,691,19,1496,0.888235294117647,0.31595793324188387,0.17933491686460806,0.888235294117647,0.2984189723320158
0.39412699904926235,151,692,19,1495,0.888235294117647,0.31641518061271146,0.17912218268090155,0.888235294117647,0.2981243830207305
0.3940962509013202,151,693,19,1494,0.888235294117647,0.3168724279835391,0.17890995260663506,0.888235294117647,0.29783037475345164
0.39408409616059803,151,694,19,1493,0.888235294117647,0.31732967535436674,0.178698224852071,0.888235294117647,0.29753694581280793
0.39404610658969863,151,695,19,1492,0.888235294117647,0.3177869227251943,0.17848699763593381,0.888235294117647,0.297244094488189
0.393715788220948,151,696,19,1491,0.888235294117647,0.31824417009602196,0.1782762691853601,0.888235294117647,0.2969518190757129
0.39363069620807506,151,697,19,1490,0.888235294117647,0.31870141746684955,0.17806603773584906,0.888235294117647,0.2966601178781925
0.39359661379700267,151,698,19,1489,0.888235294117647,0.3191586648376772,0.17785630153121318,0.888235294117647,0.296368989205103
0.3935378657288251,151,699,19,1488,0.888235294117647,0.3196159122085048,0.1776470588235294,0.888235294117647,0.296078431372549
0.39323095825521187,151,700,19,1487,0.888235294117647,0.3200731595793324,0.17743830787309048,0.888235294117647,0.29578844270323207
0.3931737567448785,151,701,19,1486,0.888235294117647,0.32053040695016005,0.1772300469483568,0.888235294117647,0.2954990215264188
0.39315858818730326,152,701,18,1486,0.8941176470588236,0.32053040695016005,0.17819460726846426,0.8941176470588236,0.29716520039100686
0.39314321778753053,152,702,18,1485,0.8941176470588236,0.32098765432098764,0.17798594847775176,0.8941176470588236,0.296875
0.3930731878774322,152,703,18,1484,0.8941176470588236,0.3214449016918153,0.17777777777777778,0.8941176470588236,0.2965853658536585
0.3930569254121423,152,704,18,1483,0.8941176470588236,0.3219021490626429,0.17757009345794392,0.8941176470588236,0.2962962962962963
0.39294780159584397,152,705,18,1482,0.8941176470588236,0.3223593964334705,0.17736289381563594,0.8941176470588236,0.2960077896786758
0.3927356645605551,152,706,18,1481,0.8941176470588236,0.32281664380429814,0.17715617715617715,0.8941176470588236,0.2957198443579766
0.39271970270317,152,707,18,1480,0.8941176470588236,0.3232738911751257,0.1769499417927823,0.8941176470588236,0.2954324586977648
0.39257340120878376,152,708,18,1479,0.8941176470588236,0.32373113854595337,0.17674418604651163,0.8941176470588236,0.29514563106796116
0.39247528049182206,152,709,18,1478,0.8941176470588236,0.32418838591678095,0.1765389082462253,0.8941176470588236,0.2948593598448109
0.3923525191535244,152,710,18,1477,0.8941176470588236,0.3246456332876086,0.17633410672853828,0.8941176470588236,0.29457364341085274
0.3921737372203259,152,711,18,1476,0.8941176470588236,0.32510288065843623,0.1761297798377752,0.8941176470588236,0.2942884801548887
0.3920979867304132,152,712,18,1475,0.8941176470588236,0.3255601280292638,0.17592592592592593,0.8941176470588236,0.2940038684719536
0.39208807703114634,152,713,18,1474,0.8941176470588236,0.32601737540009146,0.17572254335260115,0.8941176470588236,0.293719806763285
0.3918803871750117,152,714,18,1473,0.8941176470588236,0.32647462277091904,0.17551963048498845,0.8941176470588236,0.2934362934362934
0.39183390853532274,152,715,18,1472,0.8941176470588236,0.3269318701417467,0.17531718569780855,0.8941176470588236,0.29315332690453233
0.39166022050094,152,716,18,1471,0.8941176470588236,0.3273891175125743,0.17511520737327188,0.8941176470588236,0.29287090558766854
0.3916511433504305,152,717,18,1470,0.8941176470588236,0.3278463648834019,0.17491369390103567,0.8941176470588236,0.2925890279114533
0.39163598964965785,152,718,18,1469,0.8941176470588236,0.32830361225422955,0.17471264367816092,0.8941176470588236,0.2923076923076923
0.39158973720230267,152,719,18,1468,0.8941176470588236,0.32876085962505713,0.17451205510907003,0.8941176470588236,0.2920268972142171
0.3915637539899879,152,720,18,1467,0.8941176470588236,0.3292181069958848,0.1743119266055046,0.8941176470588236,0.2917466410748561
0.39156010340290487,152,721,18,1466,0.8941176470588236,0.3296753543667124,0.17411225658648338,0.8941176470588236,0.2914669223394056
0.3914764776634634,152,722,18,1465,0.8941176470588236,0.33013260173754,0.17391304347826086,0.8941176470588236,0.29118773946360155
0.39120982742684857,152,723,18,1464,0.8941176470588236,0.33058984910836764,0.1737142857142857,0.8941176470588236,0.2909090909090909
0.3911414430979232,152,724,18,1463,0.8941176470588236,0.3310470964791952,0.1735159817351598,0.8941176470588236,0.2906309751434034
0.39110447755175254,152,725,18,1462,0.8941176470588236,0.33150434385002286,0.1733181299885975,0.8941176470588236,0.29035339063992366
0.39086896717823694,152,726,18,1461,0.8941176470588236,0.3319615912208505,0.17312072892938496,0.8941176470588236,0.29007633587786263
0.39080278886419173,152,727,18,1460,0.8941176470588236,0.3324188385916781,0.17292377701934017,0.8941176470588236,0.28979980934223065
0.3906623407734576,152,728,18,1459,0.8941176470588236,0.33287608596250573,0.17272727272727273,0.8941176470588236,0.2895238095238095
0.3905393116710009,152,729,18,1458,0.8941176470588236,0.3333333333333333,0.17253121452894438,0.8941176470588236,0.2892483349191246
0.3904652753189789,152,730,18,1457,0.8941176470588236,0.33379058070416096,0.17233560090702948,0.8941176470588236,0.2889733840304182
0.390382248826385,152,731,18,1456,0.8941176470588236,0.3342478280749886,0.17214043035107587,0.8941176470588236,0.288698955365622
0.39021032177071197,152,732,18,1455,0.8941176470588236,0.3347050754458162,0.17194570135746606,0.8941176470588236,0.2884250474383302
0.3902049467105256,152,733,18,1454,0.8941176470588236,0.3351623228166438,0.17175141242937852,0.8941176470588236,0.2881516587677725
0.3901904962858107,152,734,18,1453,0.8941176470588236,0.3356195701874714,0.17155756207674944,0.8941176470588236,0.2878787878787879
0.3899884171872016,152,735,18,1452,0.8941176470588236,0.33607681755829905,0.1713641488162345,0.8941176470588236,0.2876064333017976
0.3895338412054852,152,736,18,1451,0.8941176470588236,0.33653406492912663,0.17117117117117117,0.8941176470588236,0.28733459357277885
0.389510996085893,152,737,18,1450,0.8941176470588236,0.33699131229995427,0.17097862767154107,0.8941176470588236,0.2870632672332389
0.38944102056690405,152,738,18,1449,0.8941176470588236,0.3374485596707819,0.1707865168539326,0.8941176470588236,0.2867924528301887
0.38938922977437235,152,739,18,1448,0.8941176470588236,0.3379058070416095,0.17059483726150393,0.8941176470588236,0.2865221489161169
0.38898839188820944,152,740,18,1447,0.8941176470588236,0.33836305441243714,0.17040358744394618,0.8941176470588236,0.2862523540489642
0.3886701129967899,152,741,18,1446,0.8941176470588236,0.3388203017832647,0.1702127659574468,0.8941176470588236,0.28598306679209784
0.3883934812941758,153,741,17,1446,0.9,0.3388203017832647,0.17114093959731544,0.9,0.287593984962406
0.3883355350894155,153,742,17,1445,0.9,0.33927754915409236,0.17094972067039105,0.9,0.2873239436619718
0.38819543469901147,153,743,17,1444,0.9,0.33973479652492,0.17075892857142858,0.9,0.2870544090056285
0.3880929336546523,153,744,17,1443,0.9,0.3401920438957476,0.1705685618729097,0.9,0.2867853795688847
0.38806391767478887,153,745,17,1442,0.9,0.3406492912665752,0.17037861915367483,0.9,0.28651685393258425
0.3880503709286126,153,746,17,1441,0.9,0.3411065386374028,0.17018909899888765,0.9,0.2862488306828812
0.387885523164326,153,747,17,1440,0.9,0.34156378600823045,0.17,0.9,0.285981308411215
0.3878763397905585,153,748,17,1439,0.9,0.3420210333790581,0.16981132075471697,0.9,0.2857142857142857
0.387716995419313,153,749,17,1438,0.9,0.3424782807498857,0.1696230598669623,0.9,0.2854477611940298
0.3876786994189702,153,750,17,1437,0.9,0.3429355281207133,0.16943521594684385,0.9,0.28518173345759557
0.38759191993161657,153,751,17,1436,0.9,0.3433927754915409,0.16924778761061948,0.9,0.28491620111731847
0.3875743850446116,153,752,17,1435,0.9,0.34385002286236854,0.16906077348066298,0.9,0.2846511627906977
0.3871474590954254,153,753,17,1434,0.9,0.3443072702331962,0.16887417218543047,0.9,0.2843866171003718
0.38711081510127143,153,754,17,1433,0.9,0.34476451760402377,0.16868798235942667,0.9,0.2841225626740947
0.3869548103675614,153,755,17,1432,0.9,0.3452217649748514,0.1685022026431718,0.9,0.28385899814471244
0.38674327331271013,153,756,17,1431,0.9,0.345679012345679,0.16831683168316833,0.9,0.28359592215013907
0.3866727960586165,153,757,17,1430,0.9,0.34613625971650663,0.16813186813186815,0.9,0.2833333333333334
0.38641772997801466,153,758,17,1429,0.9,0.3465935070873343,0.16794731064763996,0.9,0.28307123034227566
0.38630590635329676,153,759,17,1428,0.9,0.34705075445816186,0.16776315789473684,0.9,0.2828096118299446
0.38621658276658877,153,760,17,1427,0.9,0.3475080018289895,0.16757940854326397,0.9,0.28254847645429365
0.3861965240762949,153,761,17,1426,0.9,0.3479652491998171,0.1673960612691466,0.9,0.2822878228782288
0.3861576764511533,153,762,17,1425,0.9,0.3484224965706447,0.16721311475409836,0.9,0.2820276497695852
0.3860997614674196,153,763,17,1424,0.9,0.3488797439414723,0.16703056768558952,0.9,0.2817679558011049
0.38600883146750287,153,764,17,1423,0.9,0.34933699131229995,0.1668484187568157,0.9,0.281508739650414
0.38599218578407446,153,765,17,1422,0.9,0.3497942386831276,0.16666666666666666,0.9,0.28125
0.3857838949697834,153,766,17,1421,0.9,0.3502514860539552,0.16648531011969533,0.9,0.2809917355371901
0.3856578664486233,153,767,17,1420,0.9,0.3507087334247828,0.16630434782608697,0.9,0.28073394495412846
0.3856521478117332,153,768,17,1419,0.9,0.3511659807956104,0.16612377850162866,0.9,0.2804766269477543
0.3852392376026093,153,769,17,1418,0.9,0.35162322816643804,0.16594360086767895,0.9,0.28021978021978017
0.3851816436184174,153,770,17,1417,0.9,0.3520804755372657,0.1657638136511376,0.9,0.27996340347666976
0.3851446041149327,153,771,17,1416,0.9,0.35253772290809327,0.16558441558441558,0.9,0.2797074954296161
0.38505953100859286,153,772,17,1415,0.9,0.3529949702789209,0.1654054054054054,0.9,0.27945205479452057
0.38499689479929766,153,773,17,1414,0.9,0.3534522176497485,0.1652267818574514,0.9,0.2791970802919708
0.38489555894108424,153,774,17,1413,0.9,0.35390946502057613,0.1650485436893204,0.9,0.2789425706472197
0.38473849372127067,153,775,17,1412,0.9,0.35436671239140377,0.1648706896551724,0.9,0.2786885245901639
0.3845317450685705,153,776,17,1411,0.9,0.35482395976223136,0.16469321851453175,0.9,0.27843494085532305
0.38445827360893886,153,777,17,1410,0.9,0.355281207133059,0.16451612903225807,0.9,0.2781818181818182
0.3843877061156116,153,778,17,1409,0.9,0.3557384545038866,0.16433941997851773,0.9,0.2779291553133515
0.3841481643859389,153,779,17,1408,0.9,0.3561957018747142,0.16416309012875535,0.9,0.2776769509981851
0.3840481823723014,153,780,17,1407,0.9,0.35665294924554186,0.1639871382636656,0.9,0.2774252039891206
0.3840467422167195,153,781,17,1406,0.9,0.35711019661636945,0.16381156316916487,0.9,0.27717391304347827
0.3839702832716069,153,782,17,1405,0.9,0.3575674439871971,0.16363636363636364,0.9,0.27692307692307694
0.38389279172332674,153,783,17,1404,0.9,0.35802469135802467,0.16346153846153846,0.9,0.2766726943942134
0.38366829343361636,153,784,17,1403,0.9,0.3584819387288523,0.1632870864461046,0.9,0.27642276422764234
0.3834527952673827,153,785,17,1402,0.9,0.35893918609967995,0.1631130063965885,0.9,0.27617328519855594
0.38328206105332746,153,786,17,1401,0.9,0.35939643347050754,0.16293929712460065,0.9,0.2759242560865645
0.38322139909333397,153,787,17,1400,0.9,0.3598536808413352,0.16276595744680852,0.9,0.2756756756756757
0.3831466001133262,153,788,17,1399,0.9,0.36031092821216276,0.16259298618490967,0.9,0.27542754275427545
0.38306293423213333,153,789,17,1398,0.9,0.3607681755829904,0.1624203821656051,0.9,0.2751798561151079
0.38304022315847797,153,790,17,1397,0.9,0.36122542295381804,0.16224814422057265,0.9,0.2749326145552561
0.3830028141041801,153,791,17,1396,0.9,0.3616826703246456,0.1620762711864407,0.9,0.2746858168761221
0.3829905541695823,153,792,17,1395,0.9,0.36213991769547327,0.1619047619047619,0.9,0.27443946188340806
0.3829890976085929,153,793,17,1394,0.9,0.36259716506630085,0.16173361522198731,0.9,0.27419354838709675
0.3829115841884046,153,794,17,1393,0.9,0.3630544124371285,0.16156282998944033,0.9,0.2739480752014324
0.3828740173768939,153,795,17,1392,0.9,0.3635116598079561,0.16139240506329114,0.9,0.27370304114490157
0.38279259270481053,153,796,17,1391,0.9,0.3639689071787837,0.1612223393045311,0.9,0.2734584450402145
0.3826052442464383,153,797,17,1390,0.9,0.36442615454961136,0.16105263157894736,0.9,0.2732142857142857
0.3825520413184005,153,798,17,1389,0.9,0.36488340192043894,0.1608832807570978,0.9,0.27297056199821584
0.38251382579902626,153,799,17,1388,0.9,0.3653406492912666,0.16071428571428573,0.9,0.27272727272727276
0.3823098173668851,153,800,17,1387,0.9,0.36579789666209417,0.16054564533053514,0.9,0.27248441674087265
0.38180742712731985,153,801,17,1386,0.9,0.3662551440329218,0.16037735849056603,0.9,0.2722419928825623
0.3817803455644927,153,802,17,1385,0.9,0.36671239140374945,0.16020942408376965,0.9,0.2720000000000001
0.3817710900903873,153,803,17,1384,0.9,0.36716963877457703,0.1600418410041841,0.9,0.27175843694493784
0.38154964030242783,153,804,17,1383,0.9,0.3676268861454047,0.15987460815047022,0.9,0.2715173025732032
0.381424155163418,153,805,17,1382,0.9,0.36808413351623226,0.15970772442588727,0.9,0.2712765957446809
0.38108430112235747,153,806,17,1381,0.9,0.3685413808870599,0.15954118873826903,0.9,0.271036315323295
0.38099926621616226,154,806,16,1381,0.9058823529411765,0.3685413808870599,0.16041666666666668,0.9058823529411765,0.2725663716814159
0.3809321254341853,154,807,16,1380,0.9058823529411765,0.36899862825788754,0.16024973985431842,0.9058823529411765,0.2723253757736517
0.38078444221149604,154,808,16,1379,0.9058823529411765,0.3694558756287151,0.1600831600831601,0.9058823529411765,0.27208480565371024
0.38076915665273964,154,810,16,1377,0.9058823529411765,0.37037037037037035,0.15975103734439833,0.9058823529411765,0.2716049382716049
0.380764876612322,154,811,16,1376,0.9058823529411765,0.370827617741198,0.15958549222797927,0.9058823529411765,0.2713656387665198
0.3807490448555839,154,812,16,1375,0.9058823529411765,0.37128486511202563,0.15942028985507245,0.9058823529411765,0.27112676056338025
0.38060793699589823,154,813,16,1374,0.9058823529411765,0.3717421124828532,0.1592554291623578,0.9058823529411765,0.2708883025505716
0.3804631362111378,154,814,16,1373,0.9058823529411765,0.37219935985368086,0.1590909090909091,0.9058823529411765,0.27065026362038663
0.38018935665524295,154,815,16,1372,0.9058823529411765,0.37265660722450844,0.15892672858617132,0.9058823529411765,0.27041264266900794
0.37993806541133734,154,816,16,1371,0.9058823529411765,0.3731138545953361,0.15876288659793814,0.9058823529411765,0.27017543859649124
0.3795420204615555,154,817,16,1370,0.9058823529411765,0.3735711019661637,0.15859938208032956,0.9058823529411765,0.2699386503067484
0.379507329767051,154,818,16,1369,0.9058823529411765,0.3740283493369913,0.15843621399176955,0.9058823529411765,0.26970227670753066
0.379501725882218,155,818,15,1369,0.9117647058823529,0.3740283493369913,0.1593011305241521,0.9117647058823529,0.2712160979877515
0.37942450718541304,155,819,15,1368,0.9117647058823529,0.37448559670781895,0.1591375770020534,0.9117647058823529,0.27097902097902093
0.3794161088073267,155,820,15,1367,0.9117647058823529,0.37494284407864653,0.15897435897435896,0.9117647058823529,0.2707423580786026
0.3793267977773108,155,821,15,1366,0.9117647058823529,0.37540009144947417,0.15881147540983606,0.9117647058823529,0.27050610820244325
0.37920018245250775,155,822,15,1365,0.9117647058823529,0.37585733882030176,0.1586489252814739,0.9117647058823529,0.2702702702702703
0.37906519488484824,155,823,15,1364,0.9117647058823529,0.3763145861911294,0.15848670756646216,0.9117647058823529,0.2700348432055749
0.3789131890911123,155,824,15,1363,0.9117647058823529,0.37677183356195704,0.15832482124616956,0.9117647058823529,0.2697998259355962
0.37887388237616015,155,825,15,1362,0.9117647058823529,0.3772290809327846,0.15816326530612246,0.9117647058823529,0.26956521739130435
0.37881775655785144,155,826,15,1361,0.9117647058823529,0.37768632830361226,0.1580020387359837,0.9117647058823529,0.26933101650738495
0.3787098938280548,155,827,15,1360,0.9117647058823529,0.37814357567443985,0.15784114052953158,0.9117647058823529,0.26909722222222227
0.3786834952287588,155,828,15,1359,0.9117647058823529,0.3786008230452675,0.15768056968463887,0.9117647058823529,0.2688638334778838
0.37856946527733304,155,829,15,1358,0.9117647058823529,0.3790580704160951,0.15752032520325204,0.9117647058823529,0.26863084922010394
0.37855691416253767,155,830,15,1357,0.9117647058823529,0.3795153177869227,0.15736040609137056,0.9117647058823529,0.2683982683982684
0.37853155298532104,155,831,15,1356,0.9117647058823529,0.37997256515775035,0.15720081135902636,0.9117647058823529,0.2681660899653979
0.3784790532495645,155,832,15,1355,0.9117647058823529,0.38042981252857794,0.15704154002026344,0.9117647058823529,0.26793431287813313
0.3782241593227593,155,833,15,1354,0.9117647058823529,0.3808870598994056,0.15688259109311742,0.9117647058823529,0.2677029360967185
0.3781888494219782,155,834,15,1353,0.9117647058823529,0.3813443072702332,0.15672396359959556,0.9117647058823529,0.26747195858498707
0.3781195710554576,155,835,15,1352,0.9117647058823529,0.3818015546410608,0.15656565656565657,0.9117647058823529,0.26724137931034486
0.37803336824055633,155,836,15,1351,0.9117647058823529,0.38225880201188844,0.15640766902119072,0.9117647058823529,0.2670111972437554
0.37792933412511254,155,837,15,1350,0.9117647058823529,0.38271604938271603,0.15625,0.9117647058823529,0.2667814113597246
0.37774482464794074,155,838,15,1349,0.9117647058823529,0.38317329675354367,0.15609264853977844,0.9117647058823529,0.2665520206362855
0.37759240023685803,155,839,15,1348,0.9117647058823529,0.3836305441243713,0.15593561368209255,0.9117647058823529,0.2663230240549828
0.3775806875380496,155,840,15,1347,0.9117647058823529,0.3840877914951989,0.15577889447236182,0.9117647058823529,0.2660944206008584
0.37750406954769117,155,841,15,1346,0.9117647058823529,0.38454503886602653,0.15562248995983935,0.9117647058823529,0.26586620926243565
0.37734832511404726,155,842,15,1345,0.9117647058823529,0.3850022862368541,0.15546639919759278,0.9117647058823529,0.2656383890317052
0.37730234196685475,155,843,15,1344,0.9117647058823529,0.38545953360768176,0.15531062124248496,0.9117647058823529,0.2654109589041096
0.3772539097806282,155,844,15,1343,0.9117647058823529,0.3859167809785094,0.15515515515515516,0.9117647058823529,0.2651839178785287
0.3772203373537679,155,845,15,1342,0.9117647058823529,0.386374028349337,0.155,0.9117647058823529,0.264957264957265
0.37703118342448977,155,846,15,1341,0.9117647058823529,0.3868312757201646,0.15484515484515485,0.9117647058823529,0.26473099914602904
0.37699922975978617,155,847,15,1340,0.9117647058823529,0.3872885230909922,0.15469061876247506,0.9117647058823529,0.26450511945392485
0.3769986686211326,155,848,15,1339,0.9117647058823529,0.38774577046181985,0.15453639082751744,0.9117647058823529,0.26427962489343565
0.37692607768914493,155,849,15,1338,0.9117647058823529,0.38820301783264743,0.15438247011952191,0.9117647058823529,0.2640545144804089
0.3767128529317166,155,850,15,1337,0.9117647058823529,0.3886602652034751,0.15422885572139303,0.9117647058823529,0.26382978723404255
0.37668642870897173,155,851,15,1336,0.9117647058823529,0.3891175125743027,0.1540755467196819,0.9117647058823529,0.26360544217687076
0.3766265486049808,155,852,15,1335,0.9117647058823529,0.3895747599451303,0.15392254220456802,0.9117647058823529,0.2633814783347494
0.37653881165942,155,853,15,1334,0.9117647058823529,0.39003200731595794,0.15376984126984128,0.9117647058823529,0.2631578947368421
0.3762581492380947,155,854,15,1333,0.9117647058823529,0.3904892546867855,0.15361744301288405,0.9117647058823529,0.2629346904156064
0.3762496936631433,155,855,15,1332,0.9117647058823529,0.39094650205761317,0.15346534653465346,0.9117647058823529,0.2627118644067796
0.37624378144661724,155,856,15,1331,0.9117647058823529,0.3914037494284408,0.1533135509396637,0.9117647058823529,0.2624894157493649
0.37622649156320304,155,857,15,1330,0.9117647058823529,0.3918609967992684,0.15316205533596838,0.9117647058823529,0.2622673434856176
0.3757466422497425,155,858,15,1329,0.9117647058823529,0.39231824417009603,0.15301085883514315,0.9117647058823529,0.26204564666103125
0.37570286565432176,155,859,15,1328,0.9117647058823529,0.3927754915409236,0.15285996055226825,0.9117647058823529,0.2618243243243244
0.37564921300156084,155,860,15,1327,0.9117647058823529,0.39323273891175126,0.15270935960591134,0.9117647058823529,0.2616033755274262
0.3755845343989495,155,861,15,1326,0.9117647058823529,0.3936899862825789,0.15255905511811024,0.9117647058823529,0.26138279932546377
0.375290690323918,155,862,15,1325,0.9117647058823529,0.3941472336534065,0.15240904621435594,0.9117647058823529,0.2611625947767481
0.3751295462428975,155,863,15,1324,0.9117647058823529,0.3946044810242341,0.15225933202357564,0.9117647058823529,0.2609427609427609
0.3751246576944723,155,864,15,1323,0.9117647058823529,0.3950617283950617,0.1521099116781158,0.9117647058823529,0.2607232968881413
0.37496287631609815,155,865,15,1322,0.9117647058823529,0.39551897576588935,0.15196078431372548,0.9117647058823529,0.26050420168067223
0.3743657196251938,155,866,15,1321,0.9117647058823529,0.395976223136717,0.15181194906953965,0.9117647058823529,0.2602854743912678
0.37432892297202813,155,867,15,1320,0.9117647058823529,0.39643347050754457,0.15166340508806261,0.9117647058823529,0.2600671140939597
0.3742297371749069,155,868,15,1319,0.9117647058823529,0.3968907178783722,0.15151515151515152,0.9117647058823529,0.2598491198658843
0.37413173322481935,155,869,15,1318,0.9117647058823529,0.3973479652491998,0.1513671875,0.9117647058823529,0.2596314907872697
0.3735595757895466,155,870,15,1317,0.9117647058823529,0.39780521262002744,0.15121951219512195,0.9117647058823529,0.2594142259414226
0.3735092578874617,155,871,15,1316,0.9117647058823529,0.3982624599908551,0.15107212475633527,0.9117647058823529,0.2591973244147157
0.3734057564815427,155,872,15,1315,0.9117647058823529,0.39871970736168266,0.15092502434274585,0.9117647058823529,0.2589807852965747
0.37340128867221906,155,873,15,1314,0.9117647058823529,0.3991769547325103,0.1507782101167315,0.9117647058823529,0.25876460767946574
0.37335088892719653,155,874,15,1313,0.9117647058823529,0.3996342021033379,0.15063168124392615,0.9117647058823529,0.2585487906588824
0.3731897156586948,155,875,15,1312,0.9117647058823529,0.40009144947416553,0.15048543689320387,0.9117647058823529,0.2583333333333333
0.3728966601417807,155,876,15,1311,0.9117647058823529,0.40054869684499317,0.15033947623666344,0.9117647058823529,0.25811823480432966
0.3728407237081568,155,877,15,1310,0.9117647058823529,0.40100594421582075,0.1501937984496124,0.9117647058823529,0.2579034941763727
0.3727917669983865,155,878,15,1309,0.9117647058823529,0.4014631915866484,0.15004840271055178,0.9117647058823529,0.25768911055694094
0.3727818557525472,155,879,15,1308,0.9117647058823529,0.401920438957476,0.14990328820116053,0.9117647058823529,0.25747508305647837
0.37251117427552466,155,880,15,1307,0.9117647058823529,0.4023776863283036,0.1497584541062802,0.9117647058823529,0.2572614107883817
0.37245930960829216,156,880,14,1307,0.9176470588235294,0.4023776863283036,0.15057915057915058,0.9176470588235294,0.25870646766169153
0.3723605829286924,156,881,14,1306,0.9176470588235294,0.4028349336991312,0.15043394406943106,0.9176470588235294,0.25849212924606463
0.37236039642582847,156,882,14,1305,0.9176470588235294,0.40329218106995884,0.15028901734104047,0.9176470588235294,0.2582781456953642
0.3722964903600889,156,883,14,1304,0.9176470588235294,0.4037494284407865,0.15014436958614052,0.9176470588235294,0.2580645161290323
0.37221720880502007,156,884,14,1303,0.9176470588235294,0.40420667581161407,0.15,0.9176470588235294,0.2578512396694215
0.3722048654265565,156,885,14,1302,0.9176470588235294,0.4046639231824417,0.14985590778097982,0.9176470588235294,0.2576383154417836
0.37218551911568737,156,886,14,1301,0.9176470588235294,0.4051211705532693,0.14971209213051823,0.9176470588235294,0.2574257425742574
0.3721602309288288,156,887,14,1300,0.9176470588235294,0.40557841792409693,0.14956855225311602,0.9176470588235294,0.2572135201978566
0.37199244576519813,156,888,14,1299,0.9176470588235294,0.4060356652949246,0.14942528735632185,0.9176470588235294,0.257001647446458
0.37194934933176205,156,889,14,1298,0.9176470588235294,0.40649291266575216,0.1492822966507177,0.9176470588235294,0.25679012345679014
0.37192742021814573,156,890,14,1297,0.9176470588235294,0.4069501600365798,0.1491395793499044,0.9176470588235294,0.25657894736842113
0.3716862673455331,156,891,14,1296,0.9176470588235294,0.4074074074074074,0.1489971346704871,0.9176470588235294,0.2563681183237469
0.37166776348062464,156,892,14,1295,0.9176470588235294,0.407864654778235,0.14885496183206107,0.9176470588235294,0.25615763546798026
0.37165860290221275,156,893,14,1294,0.9176470588235294,0.40832190214906267,0.14871306005719734,0.9176470588235294,0.2559474979491386
0.3715655251248098,156,894,14,1293,0.9176470588235294,0.40877914951989025,0.14857142857142858,0.9176470588235294,0.2557377049180328
0.37142916944550963,156,895,14,1292,0.9176470588235294,0.4092363968907179,0.14843006660323502,0.9176470588235294,0.2555282555282555
0.37114197172386415,156,896,14,1291,0.9176470588235294,0.4096936442615455,0.1482889733840304,0.9176470588235294,0.2553191489361702
0.3710168335030709,156,897,14,1290,0.9176470588235294,0.4101508916323731,0.14814814814814814,0.9176470588235294,0.2551103843008994
0.3709931807539145,156,898,14,1289,0.9176470588235294,0.41060813900320076,0.14800759013282733,0.9176470588235294,0.2549019607843137
0.3709056647988107,156,899,14,1288,0.9176470588235294,0.41106538637402834,0.14786729857819905,0.9176470588235294,0.25469387755102035
0.37087204118751416,156,900,14,1287,0.9176470588235294,0.411522633744856,0.14772727272727273,0.9176470588235294,0.25448613376835233
0.37079675086938174,157,900,13,1287,0.9235294117647059,0.411522633744856,0.14853358561967833,0.9235294117647059,0.25590872045639773
0.37077700874739833,157,901,13,1286,0.9235294117647059,0.41197988111568357,0.14839319470699433,0.9235294117647059,0.255700325732899
0.3707641432567521,157,902,13,1285,0.9235294117647059,0.4124371284865112,0.14825306893295562,0.9235294117647059,0.2554922701383239
0.37068198915305695,157,903,13,1284,0.9235294117647059,0.41289437585733885,0.1481132075471698,0.9235294117647059,0.2552845528455284
0.3706182714688889,157,904,13,1283,0.9235294117647059,0.41335162322816643,0.14797360980207352,0.9235294117647059,0.2550771730300569
0.3704762689001852,157,905,13,1282,0.9235294117647059,0.41380887059899407,0.147834274952919,0.9235294117647059,0.25487012987012986
0.3703859966256314,157,906,13,1281,0.9235294117647059,0.41426611796982166,0.14769520225776106,0.9235294117647059,0.25466342254663427
0.3703522685079502,157,907,13,1280,0.9235294117647059,0.4147233653406493,0.1475563909774436,0.9235294117647059,0.2544570502431118
0.37033352604854697,157,908,13,1279,0.9235294117647059,0.4151806127114769,0.14741784037558686,0.9235294117647059,0.25425101214574897
0.37030756352414235,157,909,13,1278,0.9235294117647059,0.4156378600823045,0.1472795497185741,0.9235294117647059,0.2540453074433657
0.3702411449261593,157,910,13,1277,0.9235294117647059,0.41609510745313216,0.1471415182755389,0.9235294117647059,0.253839935327405
0.37008669628332064,157,911,13,1276,0.9235294117647059,0.41655235482395975,0.14700374531835206,0.9235294117647059,0.25363489499192243
0.3700629879546178,157,912,13,1275,0.9235294117647059,0.4170096021947874,0.146866230121609,0.9235294117647059,0.2534301856335755
0.36963456742482786,157,913,13,1274,0.9235294117647059,0.417466849565615,0.14672897196261683,0.9235294117647059,0.2532258064516129
0.36953738760801735,157,914,13,1273,0.9235294117647059,0.4179240969364426,0.1465919701213819,0.9235294117647059,0.25302175664786464
0.36918535810584185,158,914,12,1273,0.9294117647058824,0.4179240969364426,0.14738805970149255,0.9294117647058824,0.2544283413848632
0.3691408094093531,158,915,12,1272,0.9294117647058824,0.41838134430727025,0.14725069897483692,0.9294117647058824,0.25422365245374096
0.3688133105828725,158,916,12,1271,0.9294117647058824,0.41883859167809784,0.14711359404096835,0.9294117647058824,0.2540192926045016
0.3685325483029983,158,917,12,1270,0.9294117647058824,0.4192958390489255,0.1469767441860465,0.9294117647058824,0.2538152610441767
0.36837032658248753,158,918,12,1269,0.9294117647058824,0.41975308641975306,0.14684014869888476,0.9294117647058824,0.25361155698234344
0.368302992404646,158,919,12,1268,0.9294117647058824,0.4202103337905807,0.1467038068709378,0.9294117647058824,0.2534081796311146
0.36822448977455313,158,920,12,1267,0.9294117647058824,0.42066758116140834,0.14656771799628943,0.9294117647058824,0.2532051282051282
0.36791630802751946,158,921,12,1266,0.9294117647058824,0.42112482853223593,0.1464318813716404,0.9294117647058824,0.2530024019215372
0.3678067355213131,158,922,12,1265,0.9294117647058824,0.42158207590306357,0.14629629629629629,0.9294117647058824,0.25279999999999997
0.3676914859489511,158,923,12,1264,0.9294117647058824,0.42203932327389115,0.1461609620721554,0.9294117647058824,0.25259792166266987
0.367607563279318,158,924,12,1263,0.9294117647058824,0.4224965706447188,0.14602587800369685,0.9294117647058824,0.2523961661341853
0.36760573921868483,158,925,12,1262,0.9294117647058824,0.42295381801554643,0.1458910433979686,0.9294117647058824,0.25219473264166004
0.36747352557546864,158,926,12,1261,0.9294117647058824,0.423411065386374,0.14575645756457564,0.9294117647058824,0.25199362041467305
0.3673494140080039,158,927,12,1260,0.9294117647058824,0.42386831275720166,0.1456221198156682,0.9294117647058824,0.25179282868525893
0.367155979048301,158,928,12,1259,0.9294117647058824,0.42432556012802924,0.14548802946593,0.9294117647058824,0.2515923566878981
0.36707104048670597,158,929,12,1258,0.9294117647058824,0.4247828074988569,0.1453541858325667,0.9294117647058824,0.2513922036595068
0.36688220285691786,158,930,12,1257,0.9294117647058824,0.4252400548696845,0.14522058823529413,0.9294117647058824,0.25119236883942764
0.36687766514936754,158,931,12,1256,0.9294117647058824,0.4256973022405121,0.14508723599632692,0.9294117647058824,0.2509928514694202
0.3666825093000768,158,932,12,1255,0.9294117647058824,0.42615454961133975,0.14495412844036698,0.9294117647058824,0.2507936507936508
0.3665271722465909,158,933,12,1254,0.9294117647058824,0.42661179698216734,0.14482126489459213,0.9294117647058824,0.2505947660586836
0.366506547076356,158,934,12,1253,0.9294117647058824,0.427069044352995,0.1446886446886447,0.9294117647058824,0.2503961965134707
0.36635691826672884,158,935,12,1252,0.9294117647058824,0.4275262917238226,0.1445562671546203,0.9294117647058824,0.2501979414093428
0.3663566454359423,158,936,12,1251,0.9294117647058824,0.4279835390946502,0.14442413162705667,0.9294117647058824,0.25
0.36621740047185847,158,937,12,1250,0.9294117647058824,0.42844078646547784,0.14429223744292238,0.9294117647058824,0.249802371541502
0.3661913947467793,158,938,12,1249,0.9294117647058824,0.4288980338363054,0.14416058394160583,0.9294117647058824,0.2496050552922591
0.36618773123691567,158,939,12,1248,0.9294117647058824,0.42935528120713307,0.1440291704649043,0.9294117647058824,0.2494080505130229
0.3659219110779094,158,940,12,1247,0.9294117647058824,0.42981252857796065,0.14389799635701275,0.9294117647058824,0.24921135646687695
0.3658679730911645,158,941,12,1246,0.9294117647058824,0.4302697759487883,0.1437670609645132,0.9294117647058824,0.24901497241922774
0.3657518171804265,158,942,12,1245,0.9294117647058824,0.43072702331961593,0.14363636363636365,0.9294117647058824,0.2488188976377953
0.3655321336608152,158,943,12,1244,0.9294117647058824,0.4311842706904435,0.14350590372388738,0.9294117647058824,0.2486231313926043
0.36539858458269925,158,944,12,1243,0.9294117647058824,0.43164151806127116,0.14337568058076225,0.9294117647058824,0.24842767295597487
0.3653975709516071,158,945,12,1242,0.9294117647058824,0.43209876543209874,0.14324569356300998,0.9294117647058824,0.24823252160251377
0.3653836499448843,158,946,12,1241,0.9294117647058824,0.4325560128029264,0.1431159420289855,0.9294117647058824,0.24803767660910517
0.36537840448966485,158,947,12,1240,0.9294117647058824,0.433013260173754,0.1429864253393665,0.9294117647058824,0.24784313725490198
0.3652612724679828,158,948,12,1239,0.9294117647058824,0.4334705075445816,0.14285714285714285,0.9294117647058824,0.24764890282131663
0.3650104932426198,158,949,12,1238,0.9294117647058824,0.43392775491540925,0.14272809394760613,0.9294117647058824,0.2474549725920125
0.36499402568447215,158,950,12,1237,0.9294117647058824,0.43438500228623683,0.14259927797833935,0.9294117647058824,0.24726134585289514
0.3646839642112057,158,951,12,1236,0.9294117647058824,0.4348422496570645,0.1424706943192065,0.9294117647058824,0.24706802189210322
0.36429790016274655,158,952,12,1235,0.9294117647058824,0.4352994970278921,0.14234234234234233,0.9294117647058824,0.24687499999999993
0.3642977831180817,159,952,11,1235,0.9352941176470588,0.4352994970278921,0.14311431143114312,0.9352941176470588,0.24824355971896958
0.36411805921198465,159,953,11,1234,0.9352941176470588,0.4357567443987197,0.14298561151079137,0.9352941176470588,0.24804992199687986
0.36410647982833244,159,954,11,1233,0.9352941176470588,0.43621399176954734,0.14285714285714285,0.9352941176470588,0.24785658612626657
0.3639832450511377,159,955,11,1232,0.9352941176470588,0.4366712391403749,0.14272890484739678,0.9352941176470588,0.2476635514018692
0.3638972570748654,159,956,11,1231,0.9352941176470588,0.43712848651120256,0.14260089686098654,0.9352941176470588,0.24747081712062258
0.3638262264738621,159,957,11,1230,0.9352941176470588,0.4375857338820302,0.1424731182795699,0.9352941176470588,0.24727838258164853
0.3636430614459672,159,958,11,1229,0.9352941176470588,0.4380429812528578,0.1423455684870188,0.9352941176470588,0.24708624708624707
0.3635547318448458,159,959,11,1228,0.9352941176470588,0.43850022862368543,0.14221824686940965,0.9352941176470588,0.24689440993788814
0.3633907481367889,159,960,11,1227,0.9352941176470588,0.438957475994513,0.14209115281501342,0.9352941176470588,0.24670287044220326
0.3632987507246295,159,961,11,1226,0.9352941176470588,0.43941472336534065,0.1419642857142857,0.9352941176470588,0.2465116279069767
0.36328359471740757,159,962,11,1225,0.9352941176470588,0.4398719707361683,0.14183764495985726,0.9352941176470588,0.24632068164213786
0.36325464090868925,159,963,11,1224,0.9352941176470588,0.4403292181069959,0.14171122994652408,0.9352941176470588,0.2461300309597523
0.3632393040788768,159,964,11,1223,0.9352941176470588,0.4407864654778235,0.14158504007123776,0.9352941176470588,0.24593967517401394
0.36303039061009573,159,965,11,1222,0.9352941176470588,0.4412437128486511,0.14145907473309607,0.9352941176470588,0.24574961360123643
0.3629566060978445,159,966,11,1221,0.9352941176470588,0.44170096021947874,0.14133333333333334,0.9352941176470588,0.24555984555984559
0.36288421295765527,159,967,11,1220,0.9352941176470588,0.44215820759030633,0.14120781527531084,0.9352941176470588,0.24537037037037038
0.36263626926859277,159,968,11,1219,0.9352941176470588,0.44261545496113397,0.14108251996450755,0.9352941176470588,0.24518118735543562
0.3626209485117485,159,969,11,1218,0.9352941176470588,0.4430727023319616,0.14095744680851063,0.9352941176470588,0.2449922958397535
0.3626031732858073,159,970,11,1217,0.9352941176470588,0.4435299497027892,0.1408325952170062,0.9352941176470588,0.24480369515011544
0.362524925035101,159,971,11,1216,0.9352941176470588,0.44398719707361683,0.1407079646017699,0.9352941176470588,0.24461538461538457
0.3625004833944962,159,972,11,1215,0.9352941176470588,0.4444444444444444,0.14058355437665782,0.9352941176470588,0.24442736356648728
0.36216679811355074,159,973,11,1214,0.9352941176470588,0.44490169181527206,0.14045936395759717,0.9352941176470588,0.24423963133640553
0.36211130920742146,159,974,11,1213,0.9352941176470588,0.4453589391860997,0.14033539276257723,0.9352941176470588,0.24405218726016886
0.36202565790002716,159,975,11,1212,0.9352941176470588,0.4458161865569273,0.1402116402116402,0.9352941176470588,0.24386503067484663
0.3618521062640149,159,976,11,1211,0.9352941176470588,0.4462734339277549,0.14008810572687225,0.9352941176470588,0.2436781609195402
0.3617890877311489,159,977,11,1210,0.9352941176470588,0.4467306812985825,0.13996478873239437,0.9352941176470588,0.24349157733537521
0.36163474661888684,159,978,11,1209,0.9352941176470588,0.44718792866941015,0.13984168865435356,0.9352941176470588,0.24330527926549347
0.36154134217262623,159,979,11,1208,0.9352941176470588,0.4476451760402378,0.13971880492091387,0.9352941176470588,0.24311926605504586
0.3614741488047772,159,980,11,1207,0.9352941176470588,0.4481024234110654,0.1395961369622476,0.9352941176470588,0.24293353705118415
0.3613181505974756,159,981,11,1206,0.9352941176470588,0.448559670781893,0.1394736842105263,0.9352941176470588,0.24274809160305336
0.3612920476778012,159,982,11,1205,0.9352941176470588,0.4490169181527206,0.13935144609991235,0.9352941176470588,0.2425629290617849
0.3612809672588553,159,983,11,1204,0.9352941176470588,0.44947416552354824,0.13922942206654992,0.9352941176470588,0.2423780487804878
0.3612117623480636,159,984,11,1203,0.9352941176470588,0.4499314128943759,0.13910761154855644,0.9352941176470588,0.2421934501142422
0.36120584095983266,159,985,11,1202,0.9352941176470588,0.45038866026520347,0.13898601398601398,0.9352941176470588,0.24200913242009134
0.36110110334858503,159,986,11,1201,0.9352941176470588,0.4508459076360311,0.1388646288209607,0.9352941176470588,0.24182509505703423
0.3610955967596153,159,987,11,1200,0.9352941176470588,0.4513031550068587,0.1387434554973822,0.9352941176470588,0.24164133738601826
0.36103082090631294,159,988,11,1199,0.9352941176470588,0.45176040237768633,0.13862249346120314,0.9352941176470588,0.24145785876993167
0.36093522449335363,159,989,11,1198,0.9352941176470588,0.452217649748514,0.13850174216027875,0.9352941176470588,0.24127465857359634
0.36093035339044327,159,990,11,1197,0.9352941176470588,0.45267489711934156,0.13838120104438642,0.9352941176470588,0.24109173616376042
0.3608910111278288,159,991,11,1196,0.9352941176470588,0.4531321444901692,0.13826086956521738,0.9352941176470588,0.2409090909090909
0.36088077502866905,159,992,11,1195,0.9352941176470588,0.4535893918609968,0.13814074717636837,0.9352941176470588,0.2407267221801665
0.3608598362940203,159,993,11,1194,0.9352941176470588,0.4540466392318244,0.13802083333333334,0.9352941176470588,0.24054462934947052
0.3607382313160995,159,994,11,1193,0.9352941176470588,0.454503886602652,0.13790112749349523,0.9352941176470588,0.24036281179138322
0.3603749340506283,159,995,11,1192,0.9352941176470588,0.45496113397347965,0.13778162911611785,0.9352941176470588,0.24018126888217523
0.36009327291822146,159,996,11,1191,0.9352941176470588,0.4554183813443073,0.13766233766233765,0.9352941176470588,0.24
0.36005685572286716,159,997,11,1190,0.9352941176470588,0.4558756287151349,0.1375432525951557,0.9352941176470588,0.23981900452488691
0.35991735413231846,159,998,11,1189,0.9352941176470588,0.4563328760859625,0.13742437337942956,0.9352941176470588,0.23963828183873395
0.35987323896320517,159,999,11,1188,0.9352941176470588,0.4567901234567901,0.13730569948186527,0.9352941176470588,0.2394578313253012
0.359794787106954,159,1000,11,1187,0.9352941176470588,0.45724737082761774,0.1371872303710095,0.9352941176470588,0.23927765237020315
0.35978440524900895,159,1001,11,1186,0.9352941176470588,0.4577046181984454,0.13706896551724138,0.9352941176470588,0.23909774436090223
0.3597390492888446,159,1002,11,1185,0.9352941176470588,0.45816186556927296,0.13695090439276486,0.9352941176470588,0.23891810668670174
0.3596246522657396,159,1003,11,1184,0.9352941176470588,0.4586191129401006,0.1368330464716007,0.9352941176470588,0.23873873873873871
0.35955600775605556,159,1004,11,1183,0.9352941176470588,0.4590763603109282,0.13671539122957868,0.9352941176470588,0.2385596399099775
0.3595383189596448,159,1005,11,1182,0.9352941176470588,0.45953360768175583,0.13659793814432988,0.9352941176470588,0.2383808095952024
0.35953224696701136,159,1006,11,1181,0.9352941176470588,0.45999085505258347,0.13648068669527896,0.9352941176470588,0.2382022471910112
0.35941697432705083,159,1007,11,1180,0.9352941176470588,0.46044810242341105,0.13636363636363635,0.9352941176470588,0.23802395209580834
0.35906370700303386,159,1008,11,1179,0.9352941176470588,0.4609053497942387,0.13624678663239073,0.9352941176470588,0.23784592370979807
0.3590369169813769,159,1009,11,1178,0.9352941176470588,0.4613625971650663,0.13613013698630136,0.9352941176470588,0.23766816143497757
0.3590324576977049,159,1010,11,1177,0.9352941176470588,0.4618198445358939,0.1360136869118905,0.9352941176470588,0.2374906646751307
0.3589766999130607,159,1011,11,1176,0.9352941176470588,0.46227709190672156,0.1358974358974359,0.9352941176470588,0.2373134328358209
0.3587948794193814,159,1012,11,1175,0.9352941176470588,0.46273433927754914,0.13578138343296328,0.9352941176470588,0.23713646532438482
0.35862007383984545,159,1013,11,1174,0.9352941176470588,0.4631915866483768,0.1356655290102389,0.9352941176470588,0.23695976154992549
0.35860749561379673,159,1014,11,1173,0.9352941176470588,0.46364883401920437,0.13554987212276215,0.9352941176470588,0.23678332092330603
0.3583180903667112,159,1015,11,1172,0.9352941176470588,0.464106081390032,0.1354344122657581,0.9352941176470588,0.23660714285714288
0.358287012749498,159,1016,11,1171,0.9352941176470588,0.46456332876085965,0.13531914893617022,0.9352941176470588,0.23643122676579925
0.3582664364421905,159,1017,11,1170,0.9352941176470588,0.46502057613168724,0.13520408163265307,0.9352941176470588,0.23625557206537887
0.35825179652442646,159,1018,11,1169,0.9352941176470588,0.4654778235025149,0.135089209855565,0.9352941176470588,0.23608017817371937
0.35825089773405233,159,1019,11,1168,0.9352941176470588,0.46593507087334246,0.13497453310696095,0.9352941176470588,0.23590504451038577
0.3579325226710312,159,1020,11,1167,0.9352941176470588,0.4663923182441701,0.13486005089058525,0.9352941176470588,0.23573017049666423
0.3579107830188826,159,1021,11,1166,0.9352941176470588,0.46684956561499774,0.13474576271186442,0.9352941176470588,0.23555555555555557
0.35784131967676974,159,1022,11,1165,0.9352941176470588,0.4673068129858253,0.13463166807790009,0.9352941176470588,0.23538119911176908
0.3577729908846294,159,1023,11,1164,0.9352941176470588,0.46776406035665297,0.13451776649746192,0.9352941176470588,0.23520710059171596
0.3576149444839007,159,1024,11,1163,0.9352941176470588,0.46822130772748055,0.13440405748098055,0.9352941176470588,0.2350332594235033
0.3573698818866775,159,1025,11,1162,0.9352941176470588,0.4686785550983082,0.13429054054054054,0.9352941176470588,0.23485967503692762
0.3573359748372262,159,1026,11,1161,0.9352941176470588,0.4691358024691358,0.1341772151898734,0.9352941176470588,0.2346863468634686
0.3572990401740821,159,1027,11,1160,0.9352941176470588,0.4695930498399634,0.13406408094435077,0.9352941176470588,0.2345132743362832
0.35721637372977294,159,1028,11,1159,0.9352941176470588,0.47005029721079106,0.13395113732097724,0.9352941176470588,0.23434045689019894
0.3571579874999765,159,1029,11,1158,0.9352941176470588,0.47050754458161864,0.13383838383838384,0.9352941176470588,0.2341678939617084
0.3571482770755793,159,1030,11,1157,0.9352941176470588,0.4709647919524463,0.13372582001682085,0.9352941176470588,0.23399558498896247
0.35698813595967605,159,1031,11,1156,0.9352941176470588,0.47142203932327387,0.13361344537815126,0.9352941176470588,0.2338235294117647
0.3568047203849294,159,1032,11,1155,0.9352941176470588,0.4718792866941015,0.13350125944584382,0.9352941176470588,0.23365172667156503
0.3567772617597834,159,1033,11,1154,0.9352941176470588,0.47233653406492915,0.13338926174496643,0.9352941176470588,0.23348017621145375
0.3567487823083636,159,1034,11,1153,0.9352941176470588,0.47279378143575673,0.13327745180217937,0.9352941176470588,0.23330887747615553
0.3566585995958019,159,1035,11,1152,0.9352941176470588,0.4732510288065844,0.13316582914572864,0.9352941176470588,0.23313782991202345
0.3563987733558572,159,1036,11,1151,0.9352941176470588,0.47370827617741196,0.13305439330543933,0.9352941176470588,0.23296703296703297
0.3563267099734649,159,1037,11,1150,0.9352941176470588,0.4741655235482396,0.13294314381270902,0.9352941176470588,0.23279648609077597
0.356031395941704,159,1038,11,1149,0.9352941176470588,0.47462277091906724,0.13283208020050125,0.9352941176470588,0.232626188734455
0.3560286878829775,159,1039,11,1148,0.9352941176470588,0.4750800182898948,0.1327212020033389,0.9352941176470588,0.23245614035087722
0.3560059831894816,159,1040,11,1147,0.9352941176470588,0.47553726566072246,0.13261050875729774,0.9352941176470588,0.23228634039444848
0.35587333938003457,159,1041,11,1146,0.9352941176470588,0.47599451303155005,0.1325,0.9352941176470588,0.2321167883211679
0.35576734801881554,159,1042,11,1145,0.9352941176470588,0.4764517604023777,0.13238967527060783,0.9352941176470588,0.23194748358862147
0.3557234042055541,159,1043,11,1144,0.9352941176470588,0.47690900777320533,0.13227953410981697,0.9352941176470588,0.23177842565597664
0.35567816080101594,159,1044,11,1143,0.9352941176470588,0.4773662551440329,0.13216957605985039,0.9352941176470588,0.2316096139839767
0.355373394314966,159,1045,11,1142,0.9352941176470588,0.47782350251486055,0.13205980066445183,0.9352941176470588,0.2314410480349345
0.35502181425086027,159,1046,11,1141,0.9352941176470588,0.47828074988568814,0.13195020746887967,0.9352941176470588,0.2312727272727273
0.3547655323214864,159,1047,11,1140,0.9352941176470588,0.4787379972565158,0.1318407960199005,0.9352941176470588,0.23110465116279072
0.3547237213924222,159,1048,11,1139,0.9352941176470588,0.4791952446273434,0.13173156586578294,0.9352941176470588,0.23093681917211328
0.35465856315107075,159,1049,11,1138,0.9352941176470588,0.479652491998171,0.1316225165562914,0.9352941176470588,0.23076923076923078
0.35455115354826794,159,1050,11,1137,0.9352941176470588,0.48010973936899864,0.1315136476426799,0.9352941176470588,0.23060188542422044
0.3544550679755436,159,1051,11,1136,0.9352941176470588,0.48056698673982623,0.13140495867768595,0.9352941176470588,0.23043478260869565
0.3544286474537872,159,1052,11,1135,0.9352941176470588,0.48102423411065387,0.13129644921552436,0.9352941176470588,0.23026792179580013
0.3544155329404416,159,1053,11,1134,0.9352941176470588,0.48148148148148145,0.1311881188118812,0.9352941176470588,0.23010130246020258
0.35434015262665014,159,1054,11,1133,0.9352941176470588,0.4819387288523091,0.13107996702390767,0.9352941176470588,0.22993492407809116
0.3540523829786334,159,1055,11,1132,0.9352941176470588,0.48239597622313674,0.13097199341021418,0.9352941176470588,0.22976878612716764
0.354020222042825,159,1056,11,1131,0.9352941176470588,0.4828532235939643,0.1308641975308642,0.9352941176470588,0.22960288808664261
0.3539033220699501,159,1057,11,1130,0.9352941176470588,0.48331047096479196,0.13075657894736842,0.9352941176470588,0.22943722943722944
0.3535635456060813,159,1058,11,1129,0.9352941176470588,0.48376771833561955,0.1306491372226787,0.9352941176470588,0.2292718096611391
0.3534732090227615,159,1059,11,1128,0.9352941176470588,0.4842249657064472,0.13054187192118227,0.9352941176470588,0.22910662824207498
0.3534502136968793,159,1060,11,1127,0.9352941176470588,0.4846822130772748,0.13043478260869565,0.9352941176470588,0.2289416846652268
0.35334752411728526,159,1061,11,1126,0.9352941176470588,0.4851394604481024,0.130327868852459,0.9352941176470588,0.22877697841726619
0.35323644817056626,159,1062,11,1125,0.9352941176470588,0.48559670781893005,0.13022113022113022,0.9352941176470588,0.22861250898634075
0.35323481980467525,159,1063,11,1124,0.9352941176470588,0.48605395518975764,0.13011456628477905,0.9352941176470588,0.22844827586206895
0.35320489574424924,159,1064,11,1123,0.9352941176470588,0.4865112025605853,0.13000817661488143,0.9352941176470588,0.22828427853553476
0.35311253918538577,159,1065,11,1122,0.9352941176470588,0.4869684499314129,0.12990196078431374,0.9352941176470588,0.22812051649928267
0.35290829574787225,159,1066,11,1121,0.9352941176470588,0.4874256973022405,0.12979591836734694,0.9352941176470588,0.22795698924731184
0.35283784480318453,159,1067,11,1120,0.9352941176470588,0.48788294467306814,0.12969004893964112,0.9352941176470588,0.22779369627507165
0.3526690357727118,159,1068,11,1119,0.9352941176470588,0.4883401920438957,0.1295843520782396,0.9352941176470588,0.22763063707945597
0.3526408144467329,159,1069,11,1118,0.9352941176470588,0.48879743941472337,0.12947882736156352,0.9352941176470588,0.2274678111587983
0.35257771536595595,159,1070,11,1117,0.9352941176470588,0.489254686785551,0.12937347436940602,0.9352941176470588,0.22730521801286635
0.35256370328518244,159,1071,11,1116,0.9352941176470588,0.4897119341563786,0.12926829268292683,0.9352941176470588,0.22714285714285717
0.35251907738582455,159,1072,11,1115,0.9352941176470588,0.49016918152720623,0.12916328188464662,0.9352941176470588,0.22698072805139186
0.35248785772645685,159,1073,11,1114,0.9352941176470588,0.4906264288980338,0.12905844155844157,0.9352941176470588,0.22681883024251073
0.3523862061666025,159,1074,11,1113,0.9352941176470588,0.49108367626886146,0.12895377128953772,0.9352941176470588,0.22665716322166787
0.35223416206928554,160,1074,10,1113,0.9411764705882353,0.49108367626886146,0.12965964343598055,0.9411764705882353,0.22792022792022792
0.35205752148797387,160,1075,10,1112,0.9411764705882353,0.4915409236396891,0.12955465587044535,0.9411764705882353,0.22775800711743768
0.35200916762777956,160,1076,10,1111,0.9411764705882353,0.4919981710105167,0.12944983818770225,0.9411764705882353,0.22759601706970126
0.3519943392848729,160,1077,10,1110,0.9411764705882353,0.4924554183813443,0.1293451899757478,0.9411764705882353,0.22743425728500355
0.3519918305234042,160,1078,10,1109,0.9411764705882353,0.4929126657521719,0.12924071082390953,0.9411764705882353,0.22727272727272727
0.3519231358766728,160,1079,10,1108,0.9411764705882353,0.49336991312299955,0.129136400322841,0.9411764705882353,0.22711142654364794
0.35175164451518715,160,1080,10,1107,0.9411764705882353,0.49382716049382713,0.12903225806451613,0.9411764705882353,0.22695035460992904
0.35149829571980956,160,1081,10,1106,0.9411764705882353,0.4942844078646548,0.128928283642224,0.9411764705882353,0.22678951098511688
0.3512714231353094,160,1082,10,1105,0.9411764705882353,0.4947416552354824,0.1288244766505636,0.9411764705882353,0.22662889518413598
0.3509475963761558,160,1083,10,1104,0.9411764705882353,0.49519890260631,0.12872083668543846,0.9411764705882353,0.2264685067232838
0.35063134615901065,160,1084,10,1103,0.9411764705882353,0.49565614997713764,0.12861736334405144,0.9411764705882353,0.2263083451202263
0.3504832115979821,160,1085,10,1102,0.9411764705882353,0.4961133973479652,0.1285140562248996,0.9411764705882353,0.2261484098939929
0.35026311866061566,160,1086,10,1101,0.9411764705882353,0.49657064471879286,0.12841091492776885,0.9411764705882353,0.22598870056497175
0.35024077306972046,160,1087,10,1100,0.9411764705882353,0.4970278920896205,0.12830793905372895,0.9411764705882353,0.22582921665490474
0.3502271080790033,160,1088,10,1099,0.9411764705882353,0.4974851394604481,0.1282051282051282,0.9411764705882353,0.22566995768688292
0.3501225201939336,160,1089,10,1098,0.9411764705882353,0.49794238683127573,0.12810248198558846,0.9411764705882353,0.22551092318534177
0.34992168948132646,160,1090,10,1097,0.9411764705882353,0.4983996342021033,0.128,0.9411764705882353,0.22535211267605637
0.3497646403754951,160,1091,10,1096,0.9411764705882353,0.49885688157293095,0.1278976818545164,0.9411764705882353,0.22519352568613654
0.34946198744756873,160,1092,10,1095,0.9411764705882353,0.4993141289437586,0.12779552715654952,0.9411764705882353,0.22503516174402247
0.3492342636688957,160,1093,10,1094,0.9411764705882353,0.4997713763145862,0.12769353551476456,0.9411764705882353,0.22487702037947996
0.34898332706676155,160,1094,10,1093,0.9411764705882353,0.5002286236854138,0.12759170653907495,0.9411764705882353,0.22471910112359547
0.3489764378339644,160,1095,10,1092,0.9411764705882353,0.5006858710562414,0.12749003984063745,0.9411764705882353,0.2245614035087719
0.348673777486528,160,1096,10,1091,0.9411764705882353,0.501143118427069,0.12738853503184713,0.9411764705882353,0.2244039270687237
0.3483238134203513,160,1097,10,1090,0.9411764705882353,0.5016003657978967,0.12728719172633254,0.9411764705882353,0.22424667133847231
0.3483034062192592,160,1098,10,1089,0.9411764705882353,0.5020576131687243,0.1271860095389507,0.9411764705882353,0.22408963585434172
0.34819977498057636,160,1099,10,1088,0.9411764705882353,0.5025148605395519,0.12708498808578236,0.9411764705882353,0.22393282015395383
0.34742191160159147,160,1100,10,1087,0.9411764705882353,0.5029721079103795,0.12698412698412698,0.9411764705882353,0.22377622377622378
0.3473524773318617,160,1101,10,1086,0.9411764705882353,0.5034293552812071,0.126883425852498,0.9411764705882353,0.2236198462613557
0.3473232103793719,160,1102,10,1085,0.9411764705882353,0.5038866026520348,0.12678288431061807,0.9411764705882353,0.223463687150838
0.3472126098079479,160,1103,10,1084,0.9411764705882353,0.5043438500228624,0.12668250197941408,0.9411764705882353,0.22330774598743894
0.3471233465044111,160,1104,10,1083,0.9411764705882353,0.50480109739369,0.12658227848101267,0.9411764705882353,0.22315202231520223
0.3468994457895554,160,1105,10,1082,0.9411764705882353,0.5052583447645176,0.12648221343873517,0.9411764705882353,0.2229965156794425
0.3467614086086072,160,1106,10,1081,0.9411764705882353,0.5057155921353452,0.1263823064770932,0.9411764705882353,0.22284122562674094
0.3466020385207999,160,1107,10,1080,0.9411764705882353,0.5061728395061729,0.12628255722178375,0.9411764705882353,0.22268615170494085
0.34657050438594933,160,1108,10,1079,0.9411764705882353,0.5066300868770005,0.12618296529968454,0.9411764705882353,0.22253129346314326
0.34641403012248884,160,1109,10,1078,0.9411764705882353,0.507087334247828,0.12608353033884948,0.9411764705882353,0.22237665045170255
0.34634945815922485,160,1110,10,1077,0.9411764705882353,0.5075445816186557,0.12598425196850394,0.9411764705882353,0.2222222222222222
0.34632234983885174,160,1111,10,1076,0.9411764705882353,0.5080018289894833,0.12588512981904013,0.9411764705882353,0.2220680083275503
0.34602670810423586,160,1112,10,1075,0.9411764705882353,0.508459076360311,0.12578616352201258,0.9411764705882353,0.22191400832177532
0.3460142386078741,160,1113,10,1074,0.9411764705882353,0.5089163237311386,0.12568735271013354,0.9411764705882353,0.22176022176022178
0.34582404525478116,160,1114,10,1073,0.9411764705882353,0.5093735711019661,0.12558869701726844,0.9411764705882353,0.22160664819944598
0.34580881565570537,160,1115,10,1072,0.9411764705882353,0.5098308184727938,0.12549019607843137,0.9411764705882353,0.22145328719723184
0.3456746150310407,160,1116,10,1071,0.9411764705882353,0.5102880658436214,0.12539184952978055,0.9411764705882353,0.2213001383125864
0.3453250137903307,160,1117,10,1070,0.9411764705882353,0.510745313214449,0.12529365700861395,0.9411764705882353,0.221147201105736
0.3453098520315104,160,1119,10,1068,0.9411764705882353,0.5116598079561042,0.12509773260359655,0.9411764705882353,0.22084195997239475
0.34528739317751717,160,1120,10,1067,0.9411764705882353,0.5121170553269319,0.125,0.9411764705882353,0.2206896551724138
0.3452713566411669,160,1121,10,1066,0.9411764705882353,0.5125743026977595,0.1249024199843872,0.9411764705882353,0.22053756030323915
0.345242434095638,160,1122,10,1065,0.9411764705882353,0.5130315500685871,0.12480499219968799,0.9411764705882353,0.22038567493112945
0.34518274387441816,160,1123,10,1064,0.9411764705882353,0.5134887974394147,0.12470771628994544,0.9411764705882353,0.2202339986235375
0.34505758809553605,160,1124,10,1063,0.9411764705882353,0.5139460448102423,0.12461059190031153,0.9411764705882353,0.22008253094910593
0.34502512762876547,160,1125,10,1062,0.9411764705882353,0.51440329218107,0.1245136186770428,0.9411764705882353,0.21993127147766323
0.34500613745976055,160,1126,10,1061,0.9411764705882353,0.5148605395518976,0.12441679626749612,0.9411764705882353,0.2197802197802198
0.3447792148198422,160,1127,10,1060,0.9411764705882353,0.5153177869227252,0.12432012432012432,0.9411764705882353,0.2196293754289636
0.3446579282197842,160,1128,10,1059,0.9411764705882353,0.5157750342935528,0.12422360248447205,0.9411764705882353,0.2194787379972565
0.34456555207867223,160,1129,10,1058,0.9411764705882353,0.5162322816643804,0.12412723041117145,0.9411764705882353,0.21932830705962988
0.3444545350228285,160,1130,10,1057,0.9411764705882353,0.516689529035208,0.12403100775193798,0.9411764705882353,0.2191780821917808
0.34438797658883374,161,1130,9,1057,0.9470588235294117,0.516689529035208,0.12470952749806352,0.9470588235294117,0.22039698836413418
0.34438459595362,161,1131,9,1056,0.9470588235294117,0.5171467764060357,0.12461300309597523,0.9470588235294117,0.22024623803009571
0.34420441366346843,161,1132,9,1055,0.9470588235294117,0.5176040237768633,0.12451662799690642,0.9470588235294117,0.22009569377990434
0.34412330135770725,161,1133,9,1054,0.9470588235294117,0.5180612711476908,0.12442040185471406,0.9470588235294117,0.2199453551912568
0.3440416352952323,161,1134,9,1053,0.9470588235294117,0.5185185185185185,0.12432432432432433,0.9470588235294117,0.21979522184300343
0.3438624839216237,161,1135,9,1052,0.9470588235294117,0.5189757658893461,0.12422839506172839,0.9470588235294117,0.21964529331514324
0.3438547473811473,161,1136,9,1051,0.9470588235294117,0.5194330132601738,0.12413261372397841,0.9470588235294117,0.2194955691888207
0.34382380566959025,161,1137,9,1050,0.9470588235294117,0.5198902606310014,0.12403697996918336,0.9470588235294117,0.21934604904632152
0.34379319517179646,161,1138,9,1049,0.9470588235294117,0.5203475080018289,0.123941493456505,0.9470588235294117,0.21919673247106872
0.3436455278820561,161,1139,9,1048,0.9470588235294117,0.5208047553726566,0.12384615384615384,0.9470588235294117,0.21904761904761902
0.34362769332098975,161,1140,9,1047,0.9470588235294117,0.5212620027434842,0.12375096079938509,0.9470588235294117,0.21889870836165873
0.3435767950241671,161,1141,9,1046,0.9470588235294117,0.5217192501143119,0.12365591397849462,0.9470588235294117,0.21875
0.3435061570223053,161,1142,9,1045,0.9470588235294117,0.5221764974851395,0.12356101304681504,0.9470588235294117,0.21860149355057704
0.3433624138270394,161,1143,9,1044,0.9470588235294117,0.522633744855967,0.12346625766871165,0.9470588235294117,0.21845318860244237
0.34312800132344545,161,1144,9,1043,0.9470588235294117,0.5230909922267947,0.12337164750957855,0.9470588235294117,0.21830508474576274
0.34301536593786397,161,1145,9,1042,0.9470588235294117,0.5235482395976223,0.12327718223583461,0.9470588235294117,0.21815718157181577
0.34300844442647915,161,1146,9,1041,0.9470588235294117,0.52400548696845,0.12318286151491967,0.9470588235294117,0.21800947867298576
0.34288445568866655,161,1147,9,1040,0.9470588235294117,0.5244627343392776,0.12308868501529052,0.9470588235294117,0.21786197564276047
0.34287664085814284,161,1148,9,1039,0.9470588235294117,0.5249199817101051,0.12299465240641712,0.9470588235294117,0.21771467207572684
0.3427526652112961,161,1149,9,1038,0.9470588235294117,0.5253772290809328,0.12290076335877863,0.9470588235294117,0.21756756756756757
0.3426876025570766,161,1150,9,1037,0.9470588235294117,0.5258344764517604,0.12280701754385964,0.9470588235294117,0.21742066171505742
0.34264858703038137,161,1151,9,1036,0.9470588235294117,0.526291723822588,0.12271341463414634,0.9470588235294117,0.21727395411605935
0.3426214961383685,161,1152,9,1035,0.9470588235294117,0.5267489711934157,0.12261995430312261,0.9470588235294117,0.21712744436952122
0.34257368652607495,161,1153,9,1034,0.9470588235294117,0.5272062185642432,0.12252663622526636,0.9470588235294117,0.21698113207547168
0.3425316811944617,161,1155,9,1032,0.9470588235294117,0.5281207133058985,0.12234042553191489,0.9470588235294117,0.21668909825033647
0.34252473103899256,161,1156,9,1031,0.9470588235294117,0.5285779606767261,0.12224753227031131,0.9470588235294117,0.21654337592468054
0.3424223620621143,161,1157,9,1030,0.9470588235294117,0.5290352080475538,0.12215477996965099,0.9470588235294117,0.2163978494623656
0.34241677127534237,161,1158,9,1029,0.9470588235294117,0.5294924554183813,0.12206216830932524,0.9470588235294117,0.21625251846877097
0.3424144020270422,161,1159,9,1028,0.9470588235294117,0.5299497027892089,0.12196969696969696,0.9470588235294117,0.21610738255033554
0.34237313478852305,161,1160,9,1027,0.9470588235294117,0.5304069501600366,0.12187736563209689,0.9470588235294117,0.215962441314554
0.34205305591367563,161,1162,9,1025,0.9470588235294117,0.5313214449016919,0.12169312169312169,0.9470588235294117,0.21567314132618887
0.3419991347022981,161,1163,9,1024,0.9470588235294117,0.5317786922725194,0.1216012084592145,0.9470588235294117,0.21552878179384205
0.34188089967664376,161,1164,9,1023,0.9470588235294117,0.532235939643347,0.12150943396226416,0.9470588235294117,0.2153846153846154
0.3418314488884617,161,1165,9,1022,0.9470588235294117,0.5326931870141747,0.12141779788838612,0.9470588235294117,0.21524064171122995
0.3417643839790386,161,1166,9,1021,0.9470588235294117,0.5331504343850023,0.12132629992464206,0.9470588235294117,0.21509686038744155
0.3416455479763849,161,1167,9,1020,0.9470588235294117,0.53360768175583,0.12123493975903614,0.9470588235294117,0.21495327102803735
0.34120610602294416,161,1168,9,1019,0.9470588235294117,0.5340649291266575,0.12114371708051166,0.9470588235294117,0.21480987324883258
0.34105530299922293,161,1169,9,1018,0.9470588235294117,0.5345221764974851,0.12105263157894737,0.9470588235294117,0.21466666666666667
0.340813113211003,161,1170,9,1017,0.9470588235294117,0.5349794238683128,0.12096168294515403,0.9470588235294117,0.2145236508994004
0.3407429932898901,161,1171,9,1016,0.9470588235294117,0.5354366712391404,0.12087087087087087,0.9470588235294117,0.21438082556591212
0.34056016523885724,161,1172,9,1015,0.9470588235294117,0.535893918609968,0.1207801950487622,0.9470588235294117,0.21423819028609448
0.34049887837675824,161,1173,9,1014,0.9470588235294117,0.5363511659807956,0.1206896551724138,0.9470588235294117,0.21409574468085107
0.34023606899595416,161,1174,9,1013,0.9470588235294117,0.5368084133516232,0.12059925093632959,0.9470588235294117,0.213953488372093
0.34021170487853747,161,1175,9,1012,0.9470588235294117,0.5372656607224509,0.12050898203592815,0.9470588235294117,0.21381142098273573
0.33978420854925406,161,1176,9,1011,0.9470588235294117,0.5377229080932785,0.12041884816753927,0.9470588235294117,0.21366954213669542
0.33951403043913875,161,1177,9,1010,0.9470588235294117,0.5381801554641061,0.1203288490284006,0.9470588235294117,0.21352785145888592
0.3393141570513726,161,1178,9,1009,0.9470588235294117,0.5386374028349337,0.12023898431665422,0.9470588235294117,0.21338634857521538
0.3386729026440115,161,1179,9,1008,0.9470588235294117,0.5390946502057613,0.12014925373134329,0.9470588235294117,0.21324503311258278
0.3385094944066225,161,1180,9,1007,0.9470588235294117,0.539551897576589,0.12005965697240865,0.9470588235294117,0.2131039046988749
0.33825505492213714,161,1181,9,1006,0.9470588235294117,0.5400091449474166,0.11997019374068554,0.9470588235294117,0.21296296296296294
0.3382314095381379,161,1182,9,1005,0.9470588235294117,0.5404663923182441,0.11988086373790022,0.9470588235294117,0.21282220753469924
0.3377231184377179,161,1183,9,1004,0.9470588235294117,0.5409236396890718,0.11979166666666667,0.9470588235294117,0.21268163804491413
0.3377139977159408,161,1184,9,1003,0.9470588235294117,0.5413808870598994,0.11970260223048328,0.9470588235294117,0.21254125412541258
0.3376933995730107,161,1185,9,1002,0.9470588235294117,0.541838134430727,0.11961367013372957,0.9470588235294117,0.21240105540897097
0.3375598285085602,161,1186,9,1001,0.9470588235294117,0.5422953818015547,0.11952487008166296,0.9470588235294117,0.21226104152933423
0.33751789414670047,161,1187,9,1000,0.9470588235294117,0.5427526291723822,0.11943620178041543,0.9470588235294117,0.21212121212121213
0.33725814432049345,161,1188,9,999,0.9470588235294117,0.5432098765432098,0.11934766493699037,0.9470588235294117,0.2119815668202765
0.3370367094624732,161,1189,9,998,0.9470588235294117,0.5436671239140375,0.11925925925925926,0.9470588235294117,0.21184210526315791
0.3365465054351684,161,1190,9,997,0.9470588235294117,0.5441243712848651,0.11917098445595854,0.9470588235294117,0.21170282708744245
0.33641192131901837,161,1191,9,996,0.9470588235294117,0.5445816186556928,0.11908284023668639,0.9470588235294117,0.21156373193166886
0.336091307614057,161,1192,9,995,0.9470588235294117,0.5450388660265203,0.11899482631189948,0.9470588235294117,0.211424819435325
0.33597479366558586,161,1193,9,994,0.9470588235294117,0.5454961133973479,0.1189069423929099,0.9470588235294117,0.21128608923884515
0.3359344515075626,161,1194,9,993,0.9470588235294117,0.5459533607681756,0.11881918819188192,0.9470588235294117,0.21114754098360658
0.33586778066051876,161,1195,9,992,0.9470588235294117,0.5464106081390032,0.1187315634218289,0.9470588235294117,0.21100917431192662
0.3358083128342931,161,1196,9,991,0.9470588235294117,0.5468678555098309,0.11864406779661017,0.9470588235294117,0.2108709888670596
0.3357250084772733,161,1197,9,990,0.9470588235294117,0.5473251028806584,0.11855670103092783,0.9470588235294117,0.2107329842931937
0.33554238197115555,161,1198,9,989,0.9470588235294117,0.547782350251486,0.11846946284032377,0.9470588235294117,0.210595160235448
0.3353584212116075,161,1199,9,988,0.9470588235294117,0.5482395976223137,0.11838235294117647,0.9470588235294117,0.21045751633986925
0.3352769990726739,161,1200,9,987,0.9470588235294117,0.5486968449931413,0.11829537105069801,0.9470588235294117,0.21032005225342912
0.3352299385959607,161,1201,9,986,0.9470588235294117,0.549154092363969,0.11820851688693099,0.9470588235294117,0.2101827676240209
0.33518660969074354,161,1202,9,985,0.9470588235294117,0.5496113397347965,0.11812179016874541,0.9470588235294117,0.2100456621004566
0.3351529252929529,161,1203,9,984,0.9470588235294117,0.5500685871056241,0.11803519061583578,0.9470588235294117,0.20990873533246418
0.33478393832467623,161,1204,9,983,0.9470588235294117,0.5505258344764518,0.11794871794871795,0.9470588235294117,0.20977198697068403
0.3346267422184654,161,1205,9,982,0.9470588235294117,0.5509830818472794,0.11786237188872621,0.9470588235294117,0.20963541666666669
0.33441604217785514,161,1206,9,981,0.9470588235294117,0.551440329218107,0.11777615215801024,0.9470588235294117,0.20949902407286922
0.33413645134090797,161,1207,9,980,0.9470588235294117,0.5518975765889346,0.11769005847953216,0.9470588235294117,0.2093628088426528
0.33387044937112087,161,1208,9,979,0.9470588235294117,0.5523548239597622,0.11760409057706354,0.9470588235294117,0.20922677063027942
0.33385416748267144,161,1209,9,978,0.9470588235294117,0.5528120713305898,0.11751824817518249,0.9470588235294117,0.2090909090909091
0.33340479238875675,161,1210,9,977,0.9470588235294117,0.5532693187014175,0.1174325309992706,0.9470588235294117,0.20895522388059704
0.33337649226483645,161,1211,9,976,0.9470588235294117,0.5537265660722451,0.11734693877551021,0.9470588235294117,0.20881971465629057
0.33317037476895983,161,1212,9,975,0.9470588235294117,0.5541838134430727,0.11726147123088128,0.9470588235294117,0.20868438107582632
0.33314124543674434,161,1213,9,974,0.9470588235294117,0.5546410608139003,0.11717612809315867,0.9470588235294117,0.20854922279792748
0.3331210761675928,161,1214,9,973,0.9470588235294117,0.5550983081847279,0.11709090909090909,0.9470588235294117,0.20841423948220064
0.33258176214654717,161,1215,9,972,0.9470588235294117,0.5555555555555556,0.11700581395348837,0.9470588235294117,0.20827943078913325
0.3322582372035401,161,1216,9,971,0.9470588235294117,0.5560128029263832,0.11692084241103849,0.9470588235294117,0.20814479638009054
0.33167417816020806,161,1217,9,970,0.9470588235294117,0.5564700502972107,0.11683599419448476,0.9470588235294117,0.20801033591731266
0.33140087059947476,161,1218,9,969,0.9470588235294117,0.5569272976680384,0.116751269035533,0.9470588235294117,0.2078760490639122
0.33056238137810257,161,1219,9,968,0.9470588235294117,0.557384545038866,0.11666666666666667,0.9470588235294117,0.20774193548387096
0.3302440741588843,161,1220,9,967,0.9470588235294117,0.5578417924096937,0.1165821868211441,0.9470588235294117,0.2076079948420374
0.33006993247672867,161,1221,9,966,0.9470588235294117,0.5582990397805213,0.11649782923299566,0.9470588235294117,0.20747422680412372
0.3296714064108385,161,1222,9,965,0.9470588235294117,0.5587562871513488,0.11641359363702097,0.9470588235294117,0.20734063103670317
0.329322686816465,161,1223,9,964,0.9470588235294117,0.5592135345221765,0.11632947976878613,0.9470588235294117,0.2072072072072072
0.3292927027099152,161,1224,9,963,0.9470588235294117,0.5596707818930041,0.11624548736462094,0.9470588235294117,0.2070739549839228
0.32919239134455086,161,1225,9,962,0.9470588235294117,0.5601280292638318,0.11616161616161616,0.9470588235294117,0.20694087403598974
0.32901468598244415,161,1226,9,961,0.9470588235294117,0.5605852766346594,0.11607786589762076,0.9470588235294117,0.20680796403339755
0.3287910170631574,161,1227,9,960,0.9470588235294117,0.5610425240054869,0.11599423631123919,0.9470588235294117,0.20667522464698332
0.3286645122723947,161,1228,9,959,0.9470588235294117,0.5614997713763146,0.11591072714182865,0.9470588235294117,0.20654265554842846
0.3285895638059391,161,1229,9,958,0.9470588235294117,0.5619570187471422,0.1158273381294964,0.9470588235294117,0.20641025641025643
0.3285478497348953,161,1230,9,957,0.9470588235294117,0.5624142661179699,0.11574406901509705,0.9470588235294117,0.2062780269058296
0.32817154167083223,161,1232,9,955,0.9470588235294117,0.563328760859625,0.11557788944723618,0.9470588235294117,0.20601407549584133
0.32813181897090155,161,1233,9,954,0.9470588235294117,0.5637860082304527,0.11549497847919656,0.9470588235294117,0.2058823529411765
0.3271943265410018,161,1235,9,952,0.9470588235294117,0.5647005029721079,0.11532951289398281,0.9470588235294117,0.20561941251596424
0.3269025709358213,161,1236,9,951,0.9470588235294117,0.5651577503429356,0.1152469577666428,0.9470588235294117,0.20548819400127633
0.32675801748198274,161,1237,9,950,0.9470588235294117,0.5656149977137631,0.11516452074391989,0.9470588235294117,0.20535714285714288
0.3266538129762338,161,1238,9,949,0.9470588235294117,0.5660722450845908,0.11508220157255182,0.9470588235294117,0.20522625876354364
0.32645676336220847,161,1239,9,948,0.9470588235294117,0.5665294924554184,0.115,0.9470588235294117,0.2050955414012739
0.3261914628828246,161,1241,9,946,0.9470588235294117,0.5674439871970736,0.11483594864479316,0.9470588235294117,0.20483460559796438
0.3260650549086226,161,1242,9,945,0.9470588235294117,0.5679012345679012,0.11475409836065574,0.9470588235294117,0.20470438652256837
0.32590101509295205,161,1243,9,944,0.9470588235294117,0.5683584819387288,0.11467236467236468,0.9470588235294117,0.204574332909784
0.325353689582856,161,1244,9,943,0.9470588235294117,0.5688157293095565,0.11459074733096085,0.9470588235294117,0.20444444444444443
0.3249599185566236,161,1245,9,942,0.9470588235294117,0.5692729766803841,0.11450924608819346,0.9470588235294117,0.20431472081218272
0.3246392092282229,161,1246,9,941,0.9470588235294117,0.5697302240512117,0.11442786069651742,0.9470588235294117,0.2041851616994293
0.3245058992360351,161,1248,9,939,0.9470588235294117,0.5706447187928669,0.11426543647977289,0.9470588235294117,0.2039265357821406
0.3241605242740357,161,1249,9,938,0.9470588235294117,0.5711019661636946,0.11418439716312057,0.9470588235294117,0.20379746835443036
0.32401500772962555,161,1250,9,937,0.9470588235294117,0.5715592135345222,0.11410347271438696,0.9470588235294117,0.2036685641998735
0.3240009096897185,161,1251,9,936,0.9470588235294117,0.5720164609053497,0.11402266288951841,0.9470588235294117,0.20353982300884954
0.3239084369697554,161,1252,9,935,0.9470588235294117,0.5724737082761774,0.11394196744515216,0.9470588235294117,0.20341124447252054
0.32380104239563323,161,1253,9,934,0.9470588235294117,0.572930955647005,0.11386138613861387,0.9470588235294117,0.20328282828282826
0.3237845368389055,161,1254,9,933,0.9470588235294117,0.5733882030178327,0.1137809187279152,0.9470588235294117,0.2031545741324921
0.32355121926703895,161,1255,9,932,0.9470588235294117,0.5738454503886603,0.1137005649717514,0.9470588235294117,0.20302648171500629
0.3234244353647124,161,1256,9,931,0.9470588235294117,0.5743026977594878,0.11362032462949895,0.9470588235294117,0.2028985507246377
0.3230905534536812,161,1258,9,929,0.9470588235294117,0.5752171925011431,0.11346018322762509,0.9470588235294117,0.2026431718061674
0.3227147727793679,161,1259,9,928,0.9470588235294117,0.5756744398719708,0.11338028169014085,0.9470588235294117,0.20251572327044026
0.32233543696471195,161,1260,9,927,0.9470588235294117,0.5761316872427984,0.11330049261083744,0.9470588235294117,0.20238843494657446
0.3223122007696532,161,1261,9,926,0.9470588235294117,0.5765889346136259,0.11322081575246132,0.9470588235294117,0.20226130653266333
0.3220034481661158,161,1262,9,925,0.9470588235294117,0.5770461819844536,0.11314125087842586,0.9470588235294117,0.20213433772755804
0.3219096431527876,161,1263,9,924,0.9470588235294117,0.5775034293552812,0.11306179775280899,0.9470588235294117,0.20200752823086576
0.3216150692789567,161,1264,9,923,0.9470588235294117,0.5779606767261088,0.11298245614035088,0.9470588235294117,0.2018808777429467
0.32160372236508994,161,1265,9,922,0.9470588235294117,0.5784179240969365,0.11290322580645161,0.9470588235294117,0.2017543859649123
0.3206713503367197,161,1266,9,921,0.9470588235294117,0.578875171467764,0.11282410651716888,0.9470588235294117,0.2016280525986224
0.32026936793868466,161,1267,9,920,0.9470588235294117,0.5793324188385917,0.11274509803921569,0.9470588235294117,0.20150187734668334
0.3202331542736531,161,1268,9,919,0.9470588235294117,0.5797896662094193,0.11266620013995801,0.9470588235294117,0.20137585991244525
0.31975224751898523,161,1270,9,917,0.9470588235294117,0.5807041609510746,0.11250873515024458,0.9470588235294117,0.20112429731417866
0.31964626199168866,161,1271,9,916,0.9470588235294117,0.5811614083219021,0.11243016759776536,0.9470588235294117,0.20099875156054928
0.3195835719518328,161,1272,9,915,0.9470588235294117,0.5816186556927297,0.11235170969993022,0.9470588235294117,0.20087336244541487
0.31923333058854997,161,1273,9,914,0.9470588235294117,0.5820759030635574,0.11227336122733612,0.9470588235294117,0.2007481296758105
0.3182311296967329,161,1274,9,913,0.9470588235294117,0.582533150434385,0.11219512195121951,0.9470588235294117,0.20062305295950153
0.31757503072105314,161,1275,9,912,0.9470588235294117,0.5829903978052127,0.11211699164345404,0.9470588235294117,0.2004981320049813
0.3175299434735892,161,1276,9,911,0.9470588235294117,0.5834476451760402,0.11203897007654837,0.9470588235294117,0.2003733665214686
0.31690878461837174,161,1277,9,910,0.9470588235294117,0.5839048925468678,0.11196105702364395,0.9470588235294117,0.20024875621890548
0.31676418931421446,161,1278,9,909,0.9470588235294117,0.5843621399176955,0.11188325225851285,0.9470588235294117,0.20012430080795524
0.31662900637499364,161,1279,9,908,0.9470588235294117,0.5848193872885231,0.11180555555555556,0.9470588235294117,0.20000000000000004
0.31648190331589515,161,1280,9,907,0.9470588235294117,0.5852766346593508,0.11172796668979876,0.9470588235294117,0.19987585350713843
0.31613487493496806,161,1281,9,906,0.9470588235294117,0.5857338820301783,0.11165048543689321,0.9470588235294117,0.19975186104218365
0.31601987901763967,161,1282,9,905,0.9470588235294117,0.5861911294010059,0.11157311157311157,0.9470588235294117,0.1996280223186609
0.3160114626129186,161,1283,9,904,0.9470588235294117,0.5866483767718336,0.11149584487534626,0.9470588235294117,0.19950433705080545
0.3157399811101569,161,1284,9,903,0.9470588235294117,0.5871056241426612,0.11141868512110727,0.9470588235294117,0.1993808049535604
0.31555211070517525,161,1285,9,902,0.9470588235294117,0.5875628715134888,0.11134163208852006,0.9470588235294117,0.19925742574257427
0.31539858309829727,161,1286,9,901,0.9470588235294117,0.5880201188843164,0.11126468555632343,0.9470588235294117,0.19913419913419914
0.31530054974055266,161,1287,9,900,0.9470588235294117,0.588477366255144,0.1111878453038674,0.9470588235294117,0.19901112484548825
0.31484464745718715,161,1288,9,899,0.9470588235294117,0.5889346136259717,0.1111111111111111,0.9470588235294117,0.19888820259419393
0.31437547993155224,161,1289,9,898,0.9470588235294117,0.5893918609967993,0.11103448275862068,0.9470588235294117,0.19876543209876543
0.3143263172072532,161,1290,9,897,0.9470588235294117,0.5898491083676269,0.11095796002756719,0.9470588235294117,0.1986428130783467
0.31357053146250485,161,1291,9,896,0.9470588235294117,0.5903063557384545,0.11088154269972451,0.9470588235294117,0.19852034525277434
0.31354206237386356,161,1292,9,895,0.9470588235294117,0.5907636031092821,0.11080523055746731,0.9470588235294117,0.19839802834257547
0.3131715461966065,161,1293,9,894,0.9470588235294117,0.5912208504801097,0.11072902338376892,0.9470588235294117,0.1982758620689655
0.31224590718788997,161,1294,9,893,0.9470588235294117,0.5916780978509374,0.11065292096219931,0.9470588235294117,0.19815384615384612
0.3118406100009502,161,1295,9,892,0.9470588235294117,0.5921353452217649,0.11057692307692307,0.9470588235294117,0.19803198031980318
0.31179312861627567,161,1296,9,891,0.9470588235294117,0.5925925925925926,0.11050102951269733,0.9470588235294117,0.1979102642901045
0.31125900065689105,161,1297,9,890,0.9470588235294117,0.5930498399634202,0.11042524005486969,0.9470588235294117,0.1977886977886978
0.31007847855719245,161,1298,9,889,0.9470588235294117,0.5935070873342478,0.11034955448937629,0.9470588235294117,0.19766728054020874
0.3097487524214498,161,1299,9,888,0.9470588235294117,0.5939643347050755,0.11027397260273973,0.9470588235294117,0.19754601226993868
0.309155477283489,161,1300,9,887,0.9470588235294117,0.594421582075903,0.11019849418206708,0.9470588235294117,0.19742489270386268
0.3089665939000601,161,1301,9,886,0.9470588235294117,0.5948788294467307,0.11012311901504789,0.9470588235294117,0.19730392156862747
0.3089499044745006,161,1302,9,885,0.9470588235294117,0.5953360768175583,0.11004784688995216,0.9470588235294117,0.1971830985915493
0.30889782550465417,161,1303,9,884,0.9470588235294117,0.5957933241883859,0.10997267759562841,0.9470588235294117,0.19706242350061198
0.3088373664400702,161,1304,9,883,0.9470588235294117,0.5962505715592136,0.1098976109215017,0.9470588235294117,0.1969418960244648
0.3076072770630642,161,1305,9,882,0.9470588235294117,0.5967078189300411,0.10982264665757162,0.9470588235294117,0.19682151589242053
0.30632775554541125,161,1306,9,881,0.9470588235294117,0.5971650663008687,0.10974778459441036,0.9470588235294117,0.19670128283445326
0.30632544907956677,161,1307,9,880,0.9470588235294117,0.5976223136716964,0.10967302452316076,0.9470588235294117,0.19658119658119658
0.3062324709375173,161,1308,9,879,0.9470588235294117,0.598079561042524,0.10959836623553437,0.9470588235294117,0.1964612568639414
0.30582617892520386,161,1309,9,878,0.9470588235294117,0.5985368084133517,0.10952380952380952,0.9470588235294117,0.19634146341463413
0.3053524137122386,161,1310,9,877,0.9470588235294117,0.5989940557841792,0.10944935418082936,0.9470588235294117,0.19622181596587443
0.3051754087899633,161,1311,9,876,0.9470588235294117,0.5994513031550068,0.109375,0.9470588235294117,0.1961023142509135
0.30506173352118443,161,1312,9,875,0.9470588235294117,0.5999085505258345,0.10930074677528853,0.9470588235294117,0.19598295800365187
0.30498968417617195,161,1313,9,874,0.9470588235294117,0.6003657978966621,0.10922659430122117,0.9470588235294117,0.19586374695863745
0.30439185647633216,161,1314,9,873,0.9470588235294117,0.6008230452674898,0.10915254237288136,0.9470588235294117,0.1957446808510638
0.30429411569338216,161,1315,9,872,0.9470588235294117,0.6012802926383173,0.10907859078590786,0.9470588235294117,0.19562575941676794
0.30395841151226327,161,1316,9,871,0.9470588235294117,0.6017375400091449,0.10900473933649289,0.9470588235294117,0.19550698239222833
0.3034513443381765,161,1317,9,870,0.9470588235294117,0.6021947873799726,0.10893098782138025,0.9470588235294117,0.1953883495145631
0.30339870306748795,161,1318,9,869,0.9470588235294117,0.6026520347508002,0.10885733603786342,0.9470588235294117,0.19526986052152817
0.303292670614096,161,1319,9,868,0.9470588235294117,0.6031092821216278,0.10878378378378378,0.9470588235294117,0.19515151515151516
0.30323479209711396,161,1321,9,866,0.9470588235294117,0.604023776863283,0.10863697705802969,0.9470588235294117,0.19491525423728812
0.3031588075320605,161,1322,9,865,0.9470588235294117,0.6044810242341107,0.10856372218476062,0.9470588235294117,0.19479733817301875
0.3029956606610271,161,1323,9,864,0.9470588235294117,0.6049382716049383,0.10849056603773585,0.9470588235294117,0.19467956469165662
0.3028212866129848,161,1324,9,863,0.9470588235294117,0.6053955189757659,0.10841750841750841,0.9470588235294117,0.1945619335347432
0.30275833522854745,161,1325,9,862,0.9470588235294117,0.6058527663465935,0.10834454912516824,0.9470588235294117,0.19444444444444445
0.3025995316136678,161,1326,9,861,0.9470588235294117,0.6063100137174211,0.10827168796234028,0.9470588235294117,0.1943270971635486
0.3024444792028634,161,1327,9,860,0.9470588235294117,0.6067672610882487,0.1081989247311828,0.9470588235294117,0.1942098914354644
0.3024438932186614,161,1328,9,859,0.9470588235294117,0.6072245084590764,0.1081262592343855,0.9470588235294117,0.19409282700421943
0.301770606541527,161,1329,9,858,0.9470588235294117,0.607681755829904,0.10805369127516778,0.9470588235294117,0.19397590361445785
0.3017674245926218,161,1330,9,857,0.9470588235294117,0.6081390032007316,0.107981220657277,0.9470588235294117,0.1938591210114389
0.30175566041120183,161,1331,9,856,0.9470588235294117,0.6085962505715592,0.1079088471849866,0.9470588235294117,0.1937424789410349
0.3015564501711931,161,1332,9,855,0.9470588235294117,0.6090534979423868,0.10783657066309445,0.9470588235294117,0.1936259771497294
0.30137006584877823,161,1333,9,854,0.9470588235294117,0.6095107453132145,0.10776439089692101,0.9470588235294117,0.1935096153846154
0.3012537131148687,161,1334,9,853,0.9470588235294117,0.6099679926840421,0.1076923076923077,0.9470588235294117,0.19339339339339337
0.30107178106960436,161,1335,9,852,0.9470588235294117,0.6104252400548696,0.10762032085561497,0.9470588235294117,0.19327731092436976
0.3006343907714989,161,1336,9,851,0.9470588235294117,0.6108824874256973,0.10754843019372078,0.9470588235294117,0.1931613677264547
0.30053910846909515,161,1337,9,850,0.9470588235294117,0.6113397347965249,0.10747663551401869,0.9470588235294117,0.19304556354916066
0.30052205524365366,161,1338,9,849,0.9470588235294117,0.6117969821673526,0.10740493662441628,0.9470588235294117,0.19292989814260034
0.3004488553866953,162,1338,8,849,0.9529411764705882,0.6117969821673526,0.108,0.9529411764705882,0.19401197604790416
0.30036785127468624,162,1339,8,848,0.9529411764705882,0.6122542295381802,0.10792804796802132,0.9529411764705882,0.19389587073608616
0.3003456632863734,162,1340,8,847,0.9529411764705882,0.6127114769090077,0.10785619174434088,0.9529411764705882,0.1937799043062201
0.300314422501175,162,1341,8,846,0.9529411764705882,0.6131687242798354,0.10778443113772455,0.9529411764705882,0.19366407650926482
0.3002433647007922,162,1342,8,845,0.9529411764705882,0.613625971650663,0.1077127659574468,0.9529411764705882,0.1935483870967742
0.30012598907905497,162,1343,8,844,0.9529411764705882,0.6140832190214907,0.10764119601328903,0.9529411764705882,0.19343283582089552
0.30007848542497667,162,1344,8,843,0.9529411764705882,0.6145404663923183,0.10756972111553785,0.9529411764705882,0.19331742243436756
0.2999784003732811,162,1345,8,842,0.9529411764705882,0.6149977137631458,0.1074983410749834,0.9529411764705882,0.19320214669051877
0.29976378410198146,162,1346,8,841,0.9529411764705882,0.6154549611339735,0.10742705570291777,0.9529411764705882,0.19308700834326578
0.2996800868381518,162,1347,8,840,0.9529411764705882,0.6159122085048011,0.1073558648111332,0.9529411764705882,0.19297200714711135
0.29965094279053156,162,1348,8,839,0.9529411764705882,0.6163694558756287,0.10728476821192053,0.9529411764705882,0.19285714285714287
0.2996205531367392,162,1349,8,838,0.9529411764705882,0.6168267032464564,0.10721376571806751,0.9529411764705882,0.19274241522903032
0.29945881130949864,162,1350,8,837,0.9529411764705882,0.6172839506172839,0.10714285714285714,0.9529411764705882,0.19262782401902495
0.29919445408629425,162,1351,8,836,0.9529411764705882,0.6177411979881116,0.10707204230006609,0.9529411764705882,0.1925133689839572
0.2991626734023591,162,1352,8,835,0.9529411764705882,0.6181984453589392,0.10700132100396301,0.9529411764705882,0.19239904988123513
0.2991276834089247,162,1353,8,834,0.9529411764705882,0.6186556927297668,0.10693069306930693,0.9529411764705882,0.1922848664688427
0.2990830411361661,162,1354,8,833,0.9529411764705882,0.6191129401005944,0.10686015831134564,0.9529411764705882,0.1921708185053381
0.2988518671309629,162,1355,8,832,0.9529411764705882,0.619570187471422,0.10678971654581411,0.9529411764705882,0.19205690574985182
0.29872627988306555,162,1356,8,831,0.9529411764705882,0.6200274348422496,0.1067193675889328,0.9529411764705882,0.1919431279620853
0.2987235677512354,162,1357,8,830,0.9529411764705882,0.6204846822130773,0.10664911125740618,0.9529411764705882,0.19182948490230906
0.29870973264532885,162,1358,8,829,0.9529411764705882,0.6209419295839049,0.10657894736842105,0.9529411764705882,0.19171597633136095
0.29862668569837053,162,1359,8,828,0.9529411764705882,0.6213991769547325,0.10650887573964497,0.9529411764705882,0.19160260201064458
0.298495806413344,162,1360,8,827,0.9529411764705882,0.6218564243255601,0.10643889618922471,0.9529411764705882,0.19148936170212766
0.2984702224311373,162,1361,8,826,0.9529411764705882,0.6223136716963877,0.10636900853578464,0.9529411764705882,0.19137625516834023
0.29844373743205826,162,1362,8,825,0.9529411764705882,0.6227709190672154,0.1062992125984252,0.9529411764705882,0.1912632821723731
0.2982649255460797,162,1363,8,824,0.9529411764705882,0.623228166438043,0.1062295081967213,0.9529411764705882,0.1911504424778761
0.2982325054259434,162,1364,8,823,0.9529411764705882,0.6236854138088705,0.10615989515072084,0.9529411764705882,0.19103773584905664
0.29815217953643847,162,1365,8,822,0.9529411764705882,0.6241426611796982,0.10609037328094302,0.9529411764705882,0.19092516205067767
0.298145586690488,162,1366,8,821,0.9529411764705882,0.6245999085505258,0.10602094240837696,0.9529411764705882,0.19081272084805653
0.29805535770658054,162,1367,8,820,0.9529411764705882,0.6250571559213535,0.10595160235448005,0.9529411764705882,0.190700412007063
0.29803173866309846,162,1368,8,819,0.9529411764705882,0.6255144032921811,0.10588235294117647,0.9529411764705882,0.19058823529411764
0.29791327510057236,162,1369,8,818,0.9529411764705882,0.6259716506630086,0.10581319399085565,0.9529411764705882,0.1904761904761905
0.29780983832426305,162,1370,8,817,0.9529411764705882,0.6264288980338363,0.10574412532637076,0.9529411764705882,0.19036427732079908
0.29776951232452653,162,1371,8,816,0.9529411764705882,0.6268861454046639,0.10567514677103718,0.9529411764705882,0.19025249559600704
0.2976387148920411,162,1372,8,815,0.9529411764705882,0.6273433927754916,0.10560625814863103,0.9529411764705882,0.19014084507042253
0.297505441035466,162,1373,8,814,0.9529411764705882,0.6278006401463192,0.10553745928338762,0.9529411764705882,0.19002932551319648
0.2973998061180876,162,1375,8,812,0.9529411764705882,0.6287151348879744,0.10540013012361743,0.9529411764705882,0.18980667838312829
0.29730199548084135,162,1376,8,811,0.9529411764705882,0.629172382258802,0.10533159947984395,0.9529411764705882,0.18969555035128804
0.2971494359224168,162,1377,8,810,0.9529411764705882,0.6296296296296297,0.10526315789473684,0.9529411764705882,0.18958455236980687
0.2971484706512682,162,1379,8,808,0.9529411764705882,0.6305441243712848,0.10512654120700844,0.9529411764705882,0.18936294564582118
0.29703399296393596,162,1380,8,807,0.9529411764705882,0.6310013717421125,0.10505836575875487,0.9529411764705882,0.18925233644859812
0.29697612528177136,162,1382,8,805,0.9529411764705882,0.6319158664837677,0.10492227979274611,0.9529411764705882,0.18903150525087514
0.29673794559470945,162,1383,8,804,0.9529411764705882,0.6323731138545954,0.10485436893203884,0.9529411764705882,0.1889212827988338
0.2966902449046578,162,1384,8,803,0.9529411764705882,0.6328303612254229,0.10478654592496765,0.9529411764705882,0.1888111888111888
0.29657345327359935,162,1385,8,802,0.9529411764705882,0.6332876085962506,0.10471881060116355,0.9529411764705882,0.1887012230634828
0.296569066996802,162,1386,8,801,0.9529411764705882,0.6337448559670782,0.10465116279069768,0.9529411764705882,0.18859138533178116
0.2964879355224736,162,1389,8,798,0.9529411764705882,0.635116598079561,0.10444874274661509,0.9529411764705882,0.1882626380011621
0.29636545735570236,162,1390,8,797,0.9529411764705882,0.6355738454503886,0.10438144329896908,0.9529411764705882,0.1881533101045296
0.2963487932352563,163,1395,7,792,0.9588235294117647,0.6378600823045267,0.10462130937098844,0.9588235294117647,0.1886574074074074
0.29625749453769823,163,1396,7,791,0.9588235294117647,0.6383173296753544,0.10455420141116101,0.9588235294117647,0.18854829381145172
0.2961511414835073,163,1397,7,790,0.9588235294117647,0.638774577046182,0.10448717948717949,0.9588235294117647,0.18843930635838152
0.2960222562011949,163,1398,7,789,0.9588235294117647,0.6392318244170097,0.10442024343369635,0.9588235294117647,0.18833044482957828
0.2959790267145517,163,1399,7,788,0.9588235294117647,0.6396890717878372,0.10435339308578745,0.9588235294117647,0.1882217090069284
0.29586163472747923,163,1404,7,783,0.9588235294117647,0.6419753086419753,0.10402042118698149,0.9588235294117647,0.1876799078871618
0.29575668381190146,163,1405,7,782,0.9588235294117647,0.6424325560128029,0.10395408163265306,0.9588235294117647,0.18757192174913692
0.295647603178686,163,1406,7,781,0.9588235294117647,0.6428898033836306,0.10388782664117271,0.9588235294117647,0.1874640598044853
0.29558927503063853,163,1407,7,780,0.9588235294117647,0.6433470507544582,0.10382165605095542,0.9588235294117647,0.18735632183908046
0.2955106270575067,163,1408,7,779,0.9588235294117647,0.6438042981252858,0.1037555697008275,0.9588235294117647,0.18724870763928775
0.29547348599650586,163,1409,7,778,0.9588235294117647,0.6442615454961134,0.10368956743002544,0.9588235294117647,0.18714121699196326
0.29478550072704324,163,1410,7,777,0.9588235294117647,0.644718792866941,0.10362364907819453,0.9588235294117647,0.1870338496844521
0.29476110931686583,163,1411,7,776,0.9588235294117647,0.6451760402377686,0.10355781448538755,0.9588235294117647,0.18692660550458715
0.294742804969973,163,1412,7,775,0.9588235294117647,0.6456332876085963,0.1034920634920635,0.9588235294117647,0.1868194842406877
0.294681532964186,163,1413,7,774,0.9588235294117647,0.6460905349794238,0.1034263959390863,0.9588235294117647,0.18671248568155788
0.29436426526850556,163,1414,7,773,0.9588235294117647,0.6465477823502515,0.10336081166772353,0.9588235294117647,0.18660560961648542
0.29397613769152015,163,1415,7,772,0.9588235294117647,0.6470050297210791,0.10329531051964512,0.9588235294117647,0.18649885583524028
0.29375493194368035,163,1416,7,771,0.9588235294117647,0.6474622770919067,0.1032298923369221,0.9588235294117647,0.1863922241280732
0.2936007194754578,163,1417,7,770,0.9588235294117647,0.6479195244627344,0.10316455696202531,0.9588235294117647,0.18628571428571428
0.2935387667458273,163,1418,7,769,0.9588235294117647,0.6483767718335619,0.10309930423782417,0.9588235294117647,0.1861793260993718
0.29328700566756666,163,1419,7,768,0.9588235294117647,0.6488340192043895,0.10303413400758533,0.9588235294117647,0.18607305936073057
0.2931845967772796,163,1420,7,767,0.9588235294117647,0.6492912665752172,0.10296904611497157,0.9588235294117647,0.18596691386195094
0.2931738464287535,163,1422,7,765,0.9588235294117647,0.6502057613168725,0.1028391167192429,0.9588235294117647,0.18575498575498575
0.2930562160081382,163,1423,7,764,0.9588235294117647,0.6506630086877,0.10277427490542244,0.9588235294117647,0.1856492027334852
0.293023887171534,163,1424,7,763,0.9588235294117647,0.6511202560585276,0.10270951480781348,0.9588235294117647,0.18554354012521343
0.29296354057574897,163,1425,7,762,0.9588235294117647,0.6515775034293553,0.1026448362720403,0.9588235294117647,0.18543799772468714
0.29259423146100444,163,1426,7,761,0.9588235294117647,0.6520347508001829,0.10258023914411579,0.9588235294117647,0.18533257532689026
0.2924620240392358,163,1427,7,760,0.9588235294117647,0.6524919981710106,0.10251572327044026,0.9588235294117647,0.18522727272727274
0.2924140175803501,163,1428,7,759,0.9588235294117647,0.6529492455418381,0.10245128849780012,0.9588235294117647,0.185122089721749
0.2923858039251373,163,1429,7,758,0.9588235294117647,0.6534064929126657,0.10238693467336683,0.9588235294117647,0.18501702610669693
0.2923553648949596,163,1430,7,757,0.9588235294117647,0.6538637402834934,0.10232266164469554,0.9588235294117647,0.1849120816789563
0.2923113586233987,163,1431,7,756,0.9588235294117647,0.654320987654321,0.10225846925972397,0.9588235294117647,0.18480725623582767
0.2922971557028641,163,1432,7,755,0.9588235294117647,0.6547782350251486,0.10219435736677115,0.9588235294117647,0.18470254957507082
0.29201937658684063,163,1433,7,754,0.9588235294117647,0.6552354823959762,0.10213032581453634,0.9588235294117647,0.1845979614949037
0.2920191866717033,163,1434,7,753,0.9588235294117647,0.6556927297668038,0.10206637445209768,0.9588235294117647,0.18449349179400112
0.29192679373800146,163,1435,7,752,0.9588235294117647,0.6561499771376315,0.10200250312891114,0.9588235294117647,0.1843891402714932
0.2918862740479469,163,1436,7,751,0.9588235294117647,0.6566072245084591,0.10193871169480925,0.9588235294117647,0.18428490672696438
0.29186374579131025,163,1438,7,749,0.9588235294117647,0.6575217192501143,0.10181136789506559,0.9588235294117647,0.18407679277244499
0.2914154988855356,163,1439,7,748,0.9588235294117647,0.6579789666209419,0.1017478152309613,0.9588235294117647,0.18397291196388263
0.2910076011200134,163,1440,7,747,0.9588235294117647,0.6584362139917695,0.10168434185901434,0.9588235294117647,0.18386914833615337
0.2906490892279814,163,1441,7,746,0.9588235294117647,0.6588934613625972,0.10162094763092269,0.9588235294117647,0.18376550169109357
0.2904759324673968,163,1442,7,745,0.9588235294117647,0.6593507087334248,0.1015576323987539,0.9588235294117647,0.18366197183098593
0.2900526756167453,163,1444,7,743,0.9588235294117647,0.66026520347508,0.1014312383322962,0.9588235294117647,0.18345526167698364
0.28959155312135193,163,1445,7,742,0.9588235294117647,0.6607224508459076,0.1013681592039801,0.9588235294117647,0.18335208098987626
0.289558589171012,163,1447,7,740,0.9588235294117647,0.6616369455875629,0.10124223602484472,0.9588235294117647,0.18314606741573033
0.28936435524736187,163,1448,7,739,0.9588235294117647,0.6620941929583904,0.10117939168218498,0.9588235294117647,0.18304323413812465
0.28911416130401496,163,1449,7,738,0.9588235294117647,0.6625514403292181,0.1011166253101737,0.9588235294117647,0.18294051627384958
0.2889455034092585,163,1451,7,736,0.9588235294117647,0.6634659350708734,0.10099132589838909,0.9588235294117647,0.1827354260089686
0.2886138766763332,163,1452,7,735,0.9588235294117647,0.663923182441701,0.10092879256965945,0.9588235294117647,0.1826330532212885
0.28859427117542485,163,1454,7,733,0.9588235294117647,0.6648376771833562,0.10080395794681508,0.9588235294117647,0.18242865137101286
0.28844065336661173,163,1455,7,732,0.9588235294117647,0.6652949245541838,0.10074165636588381,0.9588235294117647,0.18232662192393737
0.28831430529553415,163,1456,7,731,0.9588235294117647,0.6657521719250115,0.10067943174799258,0.9588235294117647,0.18222470653996647
0.28792420527370616,163,1457,7,730,0.9588235294117647,0.6662094192958391,0.10061728395061728,0.9588235294117647,0.18212290502793294
0.28725926416980396,163,1458,7,729,0.9588235294117647,0.6666666666666666,0.10055521283158544,0.9588235294117647,0.18202121719709657
0.28681771987384475,163,1459,7,728,0.9588235294117647,0.6671239140374943,0.10049321824907521,0.9588235294117647,0.18191964285714282
0.28602894773481863,163,1460,7,727,0.9588235294117647,0.6675811614083219,0.1004313000616143,0.9588235294117647,0.18181818181818182
0.2741025165644907,163,1462,7,725,0.9588235294117647,0.6684956561499772,0.1003076923076923,0.9588235294117647,0.18161559888579387
0.27407055001893366,163,1463,7,724,0.9588235294117647,0.6689529035208047,0.1002460024600246,0.9588235294117647,0.18151447661469935
0.2740082866153287,163,1464,7,723,0.9588235294117647,0.6694101508916324,0.10018438844499078,0.9588235294117647,0.18141346688925988
0.27394202655317235,163,1465,7,722,0.9588235294117647,0.66986739826246,0.10012285012285012,0.9588235294117647,0.18131256952169078
0.2736997223299114,163,1466,7,721,0.9588235294117647,0.6703246456332876,0.10006138735420503,0.9588235294117647,0.1812117843246248
0.2735394681590081,163,1467,7,720,0.9588235294117647,0.6707818930041153,0.1,0.9588235294117647,0.1811111111111111
0.2731873200516311,163,1468,7,719,0.9588235294117647,0.6712391403749428,0.09993868792152054,0.9588235294117647,0.1810105496946141
0.27260732030241835,163,1470,7,717,0.9588235294117647,0.6721536351165981,0.0998162890385793,0.9588235294117647,0.18080976150859676
0.27247885956140017,163,1471,7,716,0.9588235294117647,0.6726108824874257,0.09975520195838433,0.9588235294117647,0.18070953436807094
0.2724570986940185,163,1472,7,715,0.9588235294117647,0.6730681298582533,0.09969418960244648,0.9588235294117647,0.18060941828254848
0.27232650261511687,163,1473,7,714,0.9588235294117647,0.6735253772290809,0.09963325183374083,0.9588235294117647,0.18050941306755258
0.2723003336633365,163,1475,7,712,0.9588235294117647,0.6744398719707362,0.0995115995115995,0.9588235294117647,0.1803097345132743
0.2720176958726779,163,1476,7,711,0.9588235294117647,0.6748971193415638,0.09945088468578402,0.9588235294117647,0.18021006080707572
0.2718657854633146,163,1477,7,710,0.9588235294117647,0.6753543667123914,0.09939024390243903,0.9588235294117647,0.18011049723756906
0.271756564694497,163,1478,7,709,0.9588235294117647,0.675811614083219,0.09932967702620353,0.9588235294117647,0.18001104362230813
0.27171137321731353,163,1479,7,708,0.9588235294117647,0.6762688614540466,0.09926918392204628,0.9588235294117647,0.17991169977924945
0.27155790284086284,163,1480,7,707,0.9588235294117647,0.6767261088248743,0.09920876445526476,0.9588235294117647,0.17981246552675126
0.27083273050782364,163,1481,7,706,0.9588235294117647,0.6771833561957019,0.09914841849148419,0.9588235294117647,0.17971334068357223
0.27076174487606935,163,1482,7,705,0.9588235294117647,0.6776406035665294,0.09908814589665653,0.9588235294117647,0.1796143250688705
0.27052484588703274,163,1483,7,704,0.9588235294117647,0.6780978509373571,0.09902794653705954,0.9588235294117647,0.17951541850220265
0.27045683656341185,163,1484,7,703,0.9588235294117647,0.6785550983081847,0.0989678202792957,0.9588235294117647,0.17941662080352228
0.2701982787135062,163,1485,7,702,0.9588235294117647,0.6790123456790124,0.09890776699029126,0.9588235294117647,0.1793179317931793
0.2700970693423431,163,1486,7,701,0.9588235294117647,0.67946959304984,0.09884778653729533,0.9588235294117647,0.17921935129191865
0.2700153056804133,163,1487,7,700,0.9588235294117647,0.6799268404206675,0.09878787878787879,0.9588235294117647,0.17912087912087912
0.26996251192149345,163,1488,7,699,0.9588235294117647,0.6803840877914952,0.09872804360993337,0.9588235294117647,0.1790225151015925
0.2698326903521657,163,1489,7,698,0.9588235294117647,0.6808413351623228,0.0986682808716707,0.9588235294117647,0.17892425905598244
0.2697844090599999,163,1490,7,697,0.9588235294117647,0.6812985825331505,0.09860859044162129,0.9588235294117647,0.17882611080636313
0.26939644827160497,163,1491,7,696,0.9588235294117647,0.6817558299039781,0.09854897218863362,0.9588235294117647,0.17872807017543862
0.26925181764975714,163,1492,7,695,0.9588235294117647,0.6822130772748056,0.09848942598187312,0.9588235294117647,0.1786301369863014
0.26910194932070586,163,1493,7,694,0.9588235294117647,0.6826703246456333,0.09842995169082126,0.9588235294117647,0.17853231106243156
0.2689566485120816,163,1494,7,693,0.9588235294117647,0.6831275720164609,0.09837054918527459,0.9588235294117647,0.1784345922276957
0.2689486096857328,163,1495,7,692,0.9588235294117647,0.6835848193872885,0.09831121833534379,0.9588235294117647,0.17833698030634576
0.26826343989572526,163,1496,7,691,0.9588235294117647,0.6840420667581162,0.09825195901145269,0.9588235294117647,0.17823947512301805
0.266810281854271,163,1497,7,690,0.9588235294117647,0.6844993141289437,0.09819277108433735,0.9588235294117647,0.17814207650273223
0.2647902960109565,163,1499,7,688,0.9588235294117647,0.685413808870599,0.09807460890493382,0.9588235294117647,0.17794759825327508
0.26457737485628857,163,1500,7,687,0.9588235294117647,0.6858710562414266,0.09801563439567047,0.9588235294117647,0.1778505182760502
0.2245917491471461,163,1502,7,685,0.9588235294117647,0.6867855509830818,0.09789789789789789,0.9588235294117647,0.17765667574931882
0.21718252974710575,170,2187,0,0,1.0,1.0,0.07212558336868902,1.0,0.13454689354966362