threshold,tp,fp,fn,tn,tpr,fpr,precision,recall,f1
0.7127454729265255,1,0,350,1313,0.002849002849002849,0.0,1.0,0.002849002849002849,0.005681818181818182
0.7104721471828819,2,0,349,1313,0.005698005698005698,0.0,1.0,0.005698005698005698,0.011331444759206801
0.6943907819538626,3,0,348,1313,0.008547008547008548,0.0,1.0,0.008547008547008548,0.016949152542372885
0.6921759991166136,3,1,348,1312,0.008547008547008548,7.616146230007616e-4,0.75,0.008547008547008548,0.016901408450704227
0.6870356051595264,4,1,347,1312,0.011396011396011397,7.616146230007616e-4,0.8,0.011396011396011397,0.02247191011235955
0.6855739452993738,5,1,346,1312,0.014245014245014245,7.616146230007616e-4,0.8333333333333334,0.014245014245014245,0.028011204481792718
0.6852090164779273,6,1,345,1312,0.017094017094017096,7.616146230007616e-4,0.8571428571428571,0.017094017094017096,0.0335195530726257
0.6790348626262668,7,1,344,1312,0.019943019943019943,7.616146230007616e-4,0.875,0.019943019943019943,0.03899721448467967
0.6783121588466808,9,1,342,1312,0.02564102564102564,7.616146230007616e-4,0.9,0.02564102564102564,0.04986149584487535
0.6775902242481514,10,1,341,1312,0.02849002849002849,7.616146230007616e-4,0.9090909090909091,0.02849002849002849,0.05524861878453039
0.6765087627742855,11,1,340,1312,0.03133903133903134,7.616146230007616e-4,0.9166666666666666,0.03133903133903134,0.0606060606060606
0.6761486593205441,12,1,339,1312,0.03418803418803419,7.616146230007616e-4,0.9230769230769231,0.03418803418803419,0.06593406593406594
0.6757887475487211,13,1,338,1312,0.037037037037037035,7.616146230007616e-4,0.9285714285714286,0.037037037037037035,0.07123287671232877
0.6754290273567846,15,1,336,1312,0.042735042735042736,7.616146230007616e-4,0.9375,0.042735042735042736,0.08174386920980928
0.6747101613047165,15,2,336,1311,0.042735042735042736,0.0015232292460015233,0.8823529411764706,0.042735042735042736,0.08152173913043478
0.67220014991589,16,2,335,1311,0.045584045584045586,0.0015232292460015233,0.8888888888888888,0.045584045584045586,0.08672086720867209
0.671842339923012,17,2,334,1311,0.04843304843304843,0.0015232292460015233,0.8947368421052632,0.04843304843304843,0.09189189189189188
0.6696994761027122,19,2,332,1311,0.05413105413105413,0.0015232292460015233,0.9047619047619048,0.05413105413105413,0.10215053763440861
0.6693429972105182,20,2,331,1311,0.05698005698005698,0.0015232292460015233,0.9090909090909091,0.05698005698005698,0.10723860589812333
0.6679189781577214,23,2,328,1311,0.06552706552706553,0.0015232292460015233,0.92,0.06552706552706553,0.12234042553191489
0.6675634470188967,24,2,327,1311,0.06837606837606838,0.0015232292460015233,0.9230769230769231,0.06837606837606838,0.1273209549071618
0.6668529523847803,25,2,326,1311,0.07122507122507123,0.0015232292460015233,0.9259259259259259,0.07122507122507123,0.13227513227513227
0.6664979886880698,26,2,325,1311,0.07407407407407407,0.0015232292460015233,0.9285714285714286,0.07407407407407407,0.1372031662269129
0.6661432139374014,27,2,324,1311,0.07692307692307693,0.0015232292460015233,0.9310344827586207,0.07692307692307693,0.14210526315789473
0.6650800223561623,28,2,323,1311,0.07977207977207977,0.0015232292460015233,0.9333333333333333,0.07977207977207977,0.14698162729658792
0.6643721708564251,29,2,322,1311,0.08262108262108261,0.0015232292460015233,0.9354838709677419,0.08262108262108261,0.1518324607329843
0.6636650727303103,31,2,320,1311,0.08831908831908832,0.0015232292460015233,0.9393939393939394,0.08831908831908832,0.16145833333333331
0.6633118059317582,33,2,318,1311,0.09401709401709402,0.0015232292460015233,0.9428571428571428,0.09401709401709402,0.17098445595854922
0.6622531333925085,34,2,317,1311,0.09686609686609686,0.0015232292460015233,0.9444444444444444,0.09686609686609686,0.1757105943152455
0.6619006181647563,37,2,314,1311,0.10541310541310542,0.0015232292460015233,0.9487179487179487,0.10541310541310542,0.18974358974358976
0.66119615053756,39,3,312,1310,0.1111111111111111,0.002284843869002285,0.9285714285714286,0.1111111111111111,0.19847328244274806
0.6608441979384057,42,3,309,1310,0.11965811965811966,0.002284843869002285,0.9333333333333333,0.11965811965811966,0.21212121212121213
0.6604924326824958,43,3,308,1310,0.1225071225071225,0.002284843869002285,0.9347826086956522,0.1225071225071225,0.21662468513853905
0.6601408546701082,44,3,307,1310,0.12535612535612536,0.002284843869002285,0.9361702127659575,0.12535612535612536,0.221105527638191
0.6590872430976525,46,3,305,1310,0.13105413105413105,0.002284843869002285,0.9387755102040817,0.13105413105413105,0.23
0.6583857697744402,47,3,304,1310,0.1339031339031339,0.002284843869002285,0.94,0.1339031339031339,0.2344139650872818
0.65803531313199,48,3,303,1310,0.13675213675213677,0.002284843869002285,0.9411764705882353,0.13675213675213677,0.23880597014925378
0.657334959388646,50,3,301,1310,0.14245014245014245,0.002284843869002285,0.9433962264150944,0.14245014245014245,0.2475247524752475
0.6566353510389851,51,3,300,1310,0.1452991452991453,0.002284843869002285,0.9444444444444444,0.1452991452991453,0.2518518518518519
0.6562858261388372,54,3,297,1310,0.15384615384615385,0.002284843869002285,0.9473684210526315,0.15384615384615385,0.2647058823529412
0.6552383673482371,56,3,295,1310,0.15954415954415954,0.002284843869002285,0.9491525423728814,0.15954415954415954,0.2731707317073171
0.6545409904230218,57,3,294,1310,0.1623931623931624,0.002284843869002285,0.95,0.1623931623931624,0.2773722627737226
0.6541925803443408,58,3,293,1310,0.16524216524216523,0.002284843869002285,0.9508196721311475,0.16524216524216523,0.28155339805825247
0.6538443557232319,59,4,292,1309,0.16809116809116809,0.0030464584920030465,0.9365079365079365,0.16809116809116809,0.28502415458937197
0.6534963164609765,60,4,291,1309,0.17094017094017094,0.0030464584920030465,0.9375,0.17094017094017094,0.2891566265060241
0.6528007936184155,61,4,290,1309,0.1737891737891738,0.0030464584920030465,0.9384615384615385,0.1737891737891738,0.29326923076923084
0.6517588970810345,63,4,288,1309,0.1794871794871795,0.0030464584920030465,0.9402985074626866,0.1794871794871795,0.30143540669856456
0.6514119679017537,64,4,287,1309,0.18233618233618235,0.0030464584920030465,0.9411764705882353,0.18233618233618235,0.3054892601431981
0.6503722879865327,65,5,286,1308,0.18518518518518517,0.003808073115003808,0.9285714285714286,0.18518518518518517,0.3087885985748218
0.6496800900795682,67,5,284,1308,0.1908831908831909,0.003808073115003808,0.9305555555555556,0.1908831908831909,0.31678486997635935
0.6493342674426148,67,6,284,1307,0.1908831908831909,0.00456968773800457,0.9178082191780822,0.1908831908831909,0.3160377358490566
0.6482979036215764,68,6,283,1307,0.19373219373219372,0.00456968773800457,0.918918918918919,0.19373219373219372,0.32
0.6472631938792203,69,7,282,1306,0.19658119658119658,0.005331302361005331,0.9078947368421053,0.19658119658119658,0.3231850117096019
0.646574305013052,70,7,281,1306,0.19943019943019943,0.005331302361005331,0.9090909090909091,0.19943019943019943,0.3271028037383178
0.644855288853656,70,8,281,1305,0.19943019943019943,0.006092916984006093,0.8974358974358975,0.19943019943019943,0.3263403263403264
0.6445120344429853,71,8,280,1305,0.2022792022792023,0.006092916984006093,0.8987341772151899,0.2022792022792023,0.3302325581395349
0.6441689627455411,71,9,280,1304,0.2022792022792023,0.006854531607006854,0.8875,0.2022792022792023,0.3294663573085847
0.6434833671013536,72,9,279,1304,0.20512820512820512,0.006854531607006854,0.8888888888888888,0.20512820512820512,0.3333333333333333
0.6421143640958258,73,9,278,1304,0.20797720797720798,0.006854531607006854,0.8902439024390244,0.20797720797720798,0.3371824480369515
0.6417725686706496,73,10,278,1303,0.20797720797720798,0.007616146230007616,0.8795180722891566,0.20797720797720798,0.3364055299539171
0.6404072053678915,74,10,277,1303,0.21082621082621084,0.007616146230007616,0.8809523809523809,0.21082621082621084,0.34022988505747126
0.6400663186578537,75,10,276,1303,0.21367521367521367,0.007616146230007616,0.8823529411764706,0.21367521367521367,0.34403669724770647
0.639725613400723,76,10,275,1303,0.21652421652421652,0.007616146230007616,0.8837209302325582,0.21652421652421652,0.3478260869565218
0.6390447468588867,77,10,274,1303,0.21937321937321938,0.007616146230007616,0.8850574712643678,0.21937321937321938,0.35159817351598177
0.6387045853811618,77,11,274,1302,0.21937321937321938,0.008377760853008377,0.875,0.21937321937321938,0.35079726651480636
0.637685186963722,78,13,273,1300,0.2222222222222222,0.009900990099009901,0.8571428571428571,0.2222222222222222,0.35294117647058826
0.637345749175387,80,13,271,1300,0.22792022792022792,0.009900990099009901,0.8602150537634409,0.22792022792022792,0.3603603603603604
0.6370064920687026,81,13,270,1300,0.23076923076923078,0.009900990099009901,0.8617021276595744,0.23076923076923078,0.3640449438202247
0.6366674155474926,82,13,269,1300,0.2336182336182336,0.009900990099009901,0.8631578947368421,0.2336182336182336,0.36771300448430494
0.6363285195156319,83,13,268,1300,0.23646723646723647,0.009900990099009901,0.8645833333333334,0.23646723646723647,0.3713646532438478
0.6359898038770464,87,13,264,1300,0.24786324786324787,0.009900990099009901,0.87,0.24786324786324787,0.38580931263858087
0.6356512685357136,88,13,263,1300,0.25071225071225073,0.009900990099009901,0.8712871287128713,0.25071225071225073,0.3893805309734514
0.6347493883490312,88,14,263,1299,0.25071225071225073,0.010662604722010662,0.8627450980392157,0.25071225071225073,0.38852097130242824
0.6346367433357698,89,15,262,1298,0.2535612535612536,0.011424219345011425,0.8557692307692307,0.2535612535612536,0.39120879120879126
0.6342989282242416,89,16,262,1297,0.2535612535612536,0.012185833968012186,0.8476190476190476,0.2535612535612536,0.3903508771929825
0.6332865614142716,90,16,261,1297,0.2564102564102564,0.012185833968012186,0.8490566037735849,0.2564102564102564,0.3938730853391685
0.6322758103827814,91,17,260,1296,0.25925925925925924,0.012947448591012947,0.8425925925925926,0.25925925925925924,0.3965141612200435
0.6316028727428241,91,18,260,1295,0.25925925925925924,0.013709063214013708,0.8348623853211009,0.25925925925925924,0.39565217391304347
0.6312666725509227,93,18,258,1295,0.26495726495726496,0.013709063214013708,0.8378378378378378,0.26495726495726496,0.40259740259740256
0.6302591453439639,93,19,258,1294,0.26495726495726496,0.014470677837014471,0.8303571428571429,0.26495726495726496,0.4017278617710583
0.6295883540613234,96,20,255,1293,0.27350427350427353,0.015232292460015232,0.8275862068965517,0.27350427350427353,0.411134903640257
0.6289182767087357,97,20,254,1293,0.27635327635327633,0.015232292460015232,0.8290598290598291,0.27635327635327633,0.41452991452991456
0.6282489125263576,98,20,253,1293,0.2792022792022792,0.015232292460015232,0.8305084745762712,0.2792022792022792,0.41791044776119396
0.6275802607551547,99,20,252,1293,0.28205128205128205,0.015232292460015232,0.8319327731092437,0.28205128205128205,0.42127659574468085
0.6269123206369006,99,21,252,1292,0.28205128205128205,0.015993907083015995,0.825,0.28205128205128205,0.4203821656050955
0.6265786172109042,100,21,251,1292,0.2849002849002849,0.015993907083015995,0.8264462809917356,0.2849002849002849,0.423728813559322
0.6259117431521635,102,21,249,1292,0.2905982905982906,0.015993907083015995,0.8292682926829268,0.2905982905982906,0.4303797468354431
0.625722924573487,102,22,249,1291,0.2905982905982906,0.016755521706016754,0.8225806451612904,0.2905982905982906,0.4294736842105264
0.6255785723303665,103,22,248,1291,0.2934472934472934,0.016755521706016754,0.824,0.2934472934472934,0.43277310924369744
0.624912762629665,104,22,247,1291,0.2962962962962963,0.016755521706016754,0.8253968253968254,0.2962962962962963,0.4360587002096436
0.6245801235620095,106,22,245,1291,0.301994301994302,0.016755521706016754,0.828125,0.301994301994302,0.44258872651356984
0.6242476615570673,108,22,243,1291,0.3076923076923077,0.016755521706016754,0.8307692307692308,0.3076923076923077,0.44906444906444914
0.6229195822801856,108,23,243,1290,0.3076923076923077,0.017517136329017517,0.8244274809160306,0.3076923076923077,0.4481327800829876
0.6225880041760643,109,25,242,1288,0.31054131054131057,0.01904036557501904,0.8134328358208955,0.31054131054131057,0.44948453608247424
0.6219253773677695,110,27,241,1286,0.31339031339031337,0.020563594821020565,0.8029197080291971,0.31339031339031337,0.4508196721311475
0.620271894132595,110,28,241,1285,0.31339031339031337,0.021325209444021324,0.7971014492753623,0.31339031339031337,0.4498977505112474
0.6199417253844182,111,28,240,1285,0.3162393162393162,0.021325209444021324,0.7985611510791367,0.3162393162393162,0.4530612244897959
0.6196117323840115,113,29,238,1284,0.32193732193732194,0.022086824067022087,0.795774647887324,0.32193732193732194,0.4584178498985802
0.6188973500166215,113,30,238,1283,0.32193732193732194,0.02284843869002285,0.7902097902097902,0.32193732193732194,0.4574898785425101
0.6173066944668013,114,30,237,1283,0.3247863247863248,0.02284843869002285,0.7916666666666666,0.3247863247863248,0.4606060606060606
0.6166496886106818,114,32,237,1281,0.3247863247863248,0.024371667936024372,0.7808219178082192,0.3247863247863248,0.45875251509054327
0.614355669889612,115,33,236,1280,0.32763532763532766,0.02513328255902513,0.777027027027027,0.32763532763532766,0.46092184368737477
0.6133751333286338,116,34,235,1279,0.33048433048433046,0.025894897182025894,0.7733333333333333,0.33048433048433046,0.46307385229540915
0.61272231187342,118,34,233,1279,0.33618233618233617,0.025894897182025894,0.7763157894736842,0.33618233618233617,0.46918489065606367
0.6120701852227869,118,35,233,1278,0.33618233618233617,0.026656511805026657,0.7712418300653595,0.33618233618233617,0.46825396825396826
0.6118529639457585,118,36,233,1277,0.33618233618233617,0.027418126428027417,0.7662337662337663,0.33618233618233617,0.46732673267326724
0.6117443822180675,119,36,232,1277,0.33903133903133903,0.027418126428027417,0.7677419354838709,0.33903133903133903,0.47035573122529645
0.611418752637247,119,37,232,1276,0.33903133903133903,0.02817974105102818,0.7628205128205128,0.33903133903133903,0.46942800788954636
0.6107680133780996,119,38,232,1275,0.33903133903133903,0.028941355674028942,0.7579617834394905,0.33903133903133903,0.468503937007874
0.6104429035152943,119,40,232,1273,0.33903133903133903,0.030464584920030464,0.7484276729559748,0.33903133903133903,0.4666666666666667
0.6096092467581792,120,40,231,1273,0.3418803418803419,0.030464584920030464,0.75,0.3418803418803419,0.4696673189823874
0.6094686118881103,121,41,230,1272,0.34472934472934474,0.031226199543031227,0.7469135802469136,0.34472934472934474,0.47173489278752445
0.6088199481837948,123,42,228,1271,0.3504273504273504,0.03198781416603199,0.7454545454545455,0.3504273504273504,0.47674418604651164
0.6084958752698705,123,43,228,1270,0.3504273504273504,0.03274942878903275,0.7409638554216867,0.3504273504273504,0.4758220502901354
0.6078482468591301,124,43,227,1270,0.35327635327635326,0.03274942878903275,0.7425149700598802,0.35327635327635326,0.4787644787644787
0.6075246911787173,124,44,227,1269,0.35327635327635326,0.03351104341203351,0.7380952380952381,0.35327635327635326,0.47784200385356457
0.6068780964091814,125,44,226,1269,0.3561253561253561,0.03351104341203351,0.7396449704142012,0.3561253561253561,0.4807692307692308
0.6065550571367547,125,45,226,1268,0.3561253561253561,0.03427265803503427,0.7352941176470589,0.3561253561253561,0.4798464491362764
0.6062321898171009,126,45,225,1268,0.358974358974359,0.03427265803503427,0.7368421052631579,0.358974358974359,0.4827586206896552
0.605941756173383,126,46,225,1267,0.358974358974359,0.035034272658035034,0.7325581395348837,0.358974358974359,0.4818355640535373
0.6055869706700414,128,46,223,1267,0.3646723646723647,0.035034272658035034,0.735632183908046,0.3646723646723647,0.4876190476190476
0.6049424382363479,128,47,223,1266,0.3646723646723647,0.0357958872810358,0.7314285714285714,0.3646723646723647,0.48669201520912553
0.6046204293085843,128,48,223,1265,0.3646723646723647,0.03655750190403656,0.7272727272727273,0.3646723646723647,0.48576850094876667
0.6039769255747904,128,50,223,1263,0.3646723646723647,0.03808073115003808,0.7191011235955056,0.3646723646723647,0.48393194706994336
0.6036554305863329,128,52,223,1261,0.3646723646723647,0.039603960396039604,0.7111111111111111,0.3646723646723647,0.4821092278719397
0.6033341067286309,128,53,223,1260,0.3646723646723647,0.04036557501904037,0.7071823204419889,0.3646723646723647,0.4812030075187971
0.603012953910592,128,54,223,1259,0.3646723646723647,0.04112718964204113,0.7032967032967034,0.3646723646723647,0.48030018761726084
0.6026919720411724,129,54,222,1259,0.36752136752136755,0.04112718964204113,0.7049180327868853,0.36752136752136755,0.4831460674157303
0.6023711610293768,130,54,221,1259,0.37037037037037035,0.04112718964204113,0.7065217391304348,0.37037037037037035,0.4859813084112149
0.6020505207842581,131,55,220,1258,0.3732193732193732,0.041888804265041886,0.7043010752688172,0.3732193732193732,0.4878957169459963
0.6017300512149178,132,56,219,1257,0.37606837606837606,0.04265041888804265,0.7021276595744681,0.37606837606837606,0.489795918367347
0.6014097522305059,133,56,218,1257,0.3789173789173789,0.04265041888804265,0.7037037037037037,0.3789173789173789,0.4925925925925926
0.6007696656533075,133,57,218,1256,0.3789173789173789,0.04341203351104341,0.7,0.3789173789173789,0.4916820702402957
0.6001302603268284,134,57,217,1256,0.3817663817663818,0.04341203351104341,0.7015706806282722,0.3817663817663818,0.4944649446494465
0.5991724280963462,136,57,215,1256,0.38746438746438744,0.04341203351104341,0.7046632124352331,0.38746438746438744,0.5
0.5985347227262063,136,58,215,1255,0.38746438746438744,0.044173648134044174,0.7010309278350515,0.38746438746438744,0.49908256880733937
0.5966256760253537,138,58,213,1255,0.39316239316239315,0.044173648134044174,0.7040816326530612,0.39316239316239315,0.5045703839122486
0.5963080940835522,138,59,213,1254,0.39316239316239315,0.04493526275704494,0.700507614213198,0.39316239316239315,0.5036496350364963
0.5962551801975574,138,60,213,1253,0.39316239316239315,0.0456968773800457,0.696969696969697,0.39316239316239315,0.5027322404371585
0.5959906811896042,139,61,212,1252,0.396011396011396,0.046458492003046456,0.695,0.396011396011396,0.5045372050816697
0.5956734372535258,139,62,212,1251,0.396011396011396,0.04722010662604722,0.6915422885572139,0.396011396011396,0.503623188405797
0.5947227182933906,139,63,212,1250,0.396011396011396,0.04798172124904798,0.6881188118811881,0.396011396011396,0.5027124773960217
0.5944061492899122,140,63,211,1250,0.39886039886039887,0.04798172124904798,0.6896551724137931,0.39886039886039887,0.5054151624548737
0.5940897487951031,140,64,211,1249,0.39886039886039887,0.048743335872048744,0.6862745098039216,0.39886039886039887,0.5045045045045045
0.5935627888571993,140,65,211,1248,0.39886039886039887,0.04950495049504951,0.6829268292682927,0.39886039886039887,0.5035971223021584
0.5934574529727548,141,65,210,1248,0.4017094017094017,0.04950495049504951,0.6844660194174758,0.4017094017094017,0.5062836624775583
0.5931415574659654,141,67,210,1246,0.4017094017094017,0.051028179741051026,0.6778846153846154,0.4017094017094017,0.5044722719141325
0.5921948794886377,142,67,209,1246,0.4045584045584046,0.051028179741051026,0.6794258373205742,0.4045584045584046,0.5071428571428572
0.591564600395157,142,68,209,1245,0.4045584045584046,0.05178979436405179,0.6761904761904762,0.4045584045584046,0.5062388591800357
0.5912497124477493,143,68,208,1245,0.4074074074074074,0.05178979436405179,0.6777251184834123,0.4074074074074074,0.5088967971530248
0.59093499211419,145,68,206,1245,0.4131054131054131,0.05178979436405179,0.6807511737089202,0.4131054131054131,0.5141843971631206
0.5906204393052592,145,69,206,1244,0.4131054131054131,0.05255140898705255,0.677570093457944,0.4131054131054131,0.5132743362831859
0.5903060539317839,147,70,204,1243,0.4188034188034188,0.053313023610053314,0.6774193548387096,0.4188034188034188,0.517605633802817
0.5900965566584835,148,70,203,1243,0.42165242165242167,0.053313023610053314,0.6788990825688074,0.42165242165242167,0.5202108963093146
0.5899918359046389,149,71,202,1242,0.42450142450142453,0.05407463823305408,0.6772727272727272,0.42450142450142453,0.521891418563923
0.5896777851347461,149,72,202,1241,0.42450142450142453,0.05483625285605483,0.6742081447963801,0.42450142450142453,0.520979020979021
0.5891547386259179,150,72,201,1241,0.42735042735042733,0.05483625285605483,0.6756756756756757,0.42735042735042733,0.5235602094240838
0.5887366354785134,150,74,201,1239,0.42735042735042733,0.05635948210205636,0.6696428571428571,0.42735042735042733,0.5217391304347826
0.5884232528477985,151,74,200,1239,0.4301994301994302,0.05635948210205636,0.6711111111111111,0.4301994301994302,0.5243055555555555
0.588110037029657,151,75,200,1238,0.4301994301994302,0.05712109672505712,0.668141592920354,0.4301994301994302,0.5233968804159445
0.5877969879352952,151,76,200,1237,0.4301994301994302,0.057882711348057884,0.6651982378854625,0.4301994301994302,0.5224913494809689
0.5874841054759664,152,77,199,1236,0.43304843304843305,0.05864432597105865,0.6637554585152838,0.43304843304843305,0.5241379310344828
0.5871713895629714,153,78,198,1235,0.4358974358974359,0.0594059405940594,0.6623376623376623,0.4358974358974359,0.5257731958762887
0.5868588401076582,154,79,197,1234,0.43874643874643876,0.060167555217060166,0.6609442060085837,0.43874643874643876,0.5273972602739726
0.5865464570214218,154,81,197,1232,0.43874643874643876,0.06169078446306169,0.6553191489361702,0.43874643874643876,0.5255972696245734
0.5859221896019956,156,81,195,1232,0.4444444444444444,0.06169078446306169,0.6582278481012658,0.4444444444444444,0.5306122448979591
0.5852985865967967,157,81,194,1232,0.4472934472934473,0.06169078446306169,0.6596638655462185,0.4472934472934473,0.533106960950764
0.584675647298682,157,82,194,1231,0.4472934472934473,0.062452399086062454,0.6569037656903766,0.4472934472934473,0.5322033898305084
0.5840533710012614,157,83,194,1230,0.4472934472934473,0.06321401370906321,0.6541666666666667,0.4472934472934473,0.5313028764805415
0.58374248125727,157,84,194,1229,0.4472934472934473,0.06397562833206398,0.6514522821576764,0.4472934472934473,0.5304054054054054
0.5828108045866994,157,85,194,1228,0.4472934472934473,0.06473724295506474,0.6487603305785123,0.4472934472934473,0.5295109612141652
0.5826660108105538,158,85,193,1228,0.45014245014245013,0.06473724295506474,0.6502057613168725,0.45014245014245013,0.531986531986532
0.5825005762568419,158,86,193,1227,0.45014245014245013,0.0654988575780655,0.6475409836065574,0.45014245014245013,0.5310924369747899
0.5816741077914092,158,87,193,1226,0.45014245014245013,0.06626047220106626,0.6448979591836734,0.45014245014245013,0.5302013422818791
0.5812613133941367,159,87,192,1226,0.452991452991453,0.06626047220106626,0.6463414634146342,0.452991452991453,0.5326633165829145
0.5806426710073638,160,87,191,1226,0.45584045584045585,0.06626047220106626,0.6477732793522267,0.45584045584045585,0.5351170568561874
0.5804366032302715,160,88,191,1225,0.45584045584045585,0.06702208682406702,0.6451612903225806,0.45584045584045585,0.5342237061769617
0.5803335967680858,161,89,190,1224,0.4586894586894587,0.06778370144706779,0.644,0.4586894586894587,0.5357737104825292
0.579715941759648,162,90,189,1223,0.46153846153846156,0.06854531607006854,0.6428571428571429,0.46153846153846156,0.537313432835821
0.5794073608153888,162,91,189,1222,0.46153846153846156,0.06930693069306931,0.6403162055335968,0.46153846153846156,0.5364238410596026
0.5791503355060478,162,92,189,1221,0.46153846153846156,0.07006854531607007,0.6377952755905512,0.46153846153846156,0.5355371900826447
0.5790989441277805,163,92,188,1221,0.46438746438746437,0.07006854531607007,0.6392156862745098,0.46438746438746437,0.5379537953795379
0.5787906916093901,166,92,185,1221,0.47293447293447294,0.07006854531607007,0.6434108527131783,0.47293447293447294,0.5451559934318555
0.5784826031728306,166,93,185,1220,0.47293447293447294,0.07083015993907082,0.640926640926641,0.47293447293447294,0.5442622950819673
0.578174678730762,167,93,184,1220,0.4757834757834758,0.07083015993907082,0.6423076923076924,0.4757834757834758,0.5466448445171849
0.5781541562634008,168,93,183,1220,0.47863247863247865,0.07083015993907082,0.6436781609195402,0.47863247863247865,0.5490196078431373
0.5778669181958903,169,93,182,1220,0.48148148148148145,0.07083015993907082,0.6450381679389313,0.48148148148148145,0.5513866231647634
0.5775593214809684,170,93,181,1220,0.4843304843304843,0.07083015993907082,0.6463878326996197,0.4843304843304843,0.5537459283387622
0.5772826244315233,170,94,181,1219,0.4843304843304843,0.0715917745620716,0.6439393939393939,0.4843304843304843,0.5528455284552846
0.5769446191622172,171,95,180,1218,0.48717948717948717,0.07235338918507235,0.6428571428571429,0.48717948717948717,0.5542949756888169
0.5766375133841252,171,97,180,1216,0.48717948717948717,0.07387661843107388,0.6380597014925373,0.48717948717948717,0.5525040387722132
0.576432867021561,172,97,179,1216,0.49002849002849,0.07387661843107388,0.6394052044609665,0.49002849002849,0.5548387096774193
0.5763305710774581,172,98,179,1215,0.49002849002849,0.07463823305407463,0.6370370370370371,0.49002849002849,0.5539452495974234
0.5761260336474991,173,98,178,1215,0.4928774928774929,0.07463823305407463,0.6383763837638377,0.4928774928774929,0.5562700964630226
0.5760237921552005,173,99,178,1214,0.4928774928774929,0.0753998476770754,0.6360294117647058,0.4928774928774929,0.5553772070626003
0.5756660897962832,174,99,177,1214,0.49572649572649574,0.0753998476770754,0.6373626373626373,0.49572649572649574,0.5576923076923077
0.5744923452677597,175,100,176,1213,0.4985754985754986,0.07616146230007616,0.6363636363636364,0.4985754985754986,0.5591054313099042
0.5738809071632972,177,100,174,1213,0.5042735042735043,0.07616146230007616,0.6389891696750902,0.5042735042735043,0.5636942675159236
0.5735754321893172,178,101,173,1212,0.5071225071225072,0.07692307692307693,0.6379928315412187,0.5071225071225072,0.5650793650793651
0.5732701198186901,179,101,172,1212,0.50997150997151,0.07692307692307693,0.6392857142857142,0.50997150997151,0.5673534072900158
0.5726599825413282,180,103,171,1210,0.5128205128205128,0.07844630616907845,0.6360424028268551,0.5128205128205128,0.5678233438485804
0.5717459939880984,180,104,171,1209,0.5128205128205128,0.07920792079207921,0.6338028169014085,0.5128205128205128,0.5669291338582677
0.571441655421583,181,105,170,1208,0.5156695156695157,0.07996953541507996,0.6328671328671329,0.5156695156695157,0.5682888540031398
0.5707321619446387,181,106,170,1207,0.5156695156695157,0.08073115003808073,0.6306620209059234,0.5156695156695157,0.567398119122257
0.570529611367839,181,107,170,1206,0.5156695156695157,0.08149276466108149,0.6284722222222222,0.5156695156695157,0.566510172143975
0.5699223908417728,182,107,169,1206,0.5185185185185185,0.08149276466108149,0.629757785467128,0.5185185185185185,0.56875
0.5696190229733876,183,108,168,1205,0.5213675213675214,0.08225437928408226,0.6288659793814433,0.5213675213675214,0.5700934579439253
0.5690127715959036,183,109,168,1204,0.5213675213675214,0.08301599390708302,0.6267123287671232,0.5213675213675214,0.5692068429237948
0.5681046041392355,184,110,167,1203,0.5242165242165242,0.08377760853008377,0.6258503401360545,0.5242165242165242,0.5705426356589147
0.5679029860722618,184,111,167,1202,0.5242165242165242,0.08453922315308454,0.6237288135593221,0.5242165242165242,0.5696594427244581
0.5674999645732732,185,112,166,1201,0.5270655270655271,0.0853008377760853,0.622895622895623,0.5270655270655271,0.5709876543209879
0.5671978861546538,185,113,166,1200,0.5270655270655271,0.08606245239908607,0.6208053691275168,0.5270655270655271,0.5701078582434516
0.5669965898782906,185,114,166,1199,0.5270655270655271,0.08682406702208682,0.6187290969899666,0.5270655270655271,0.5692307692307692
0.566895968531412,186,116,165,1197,0.5299145299145299,0.08834729626808835,0.6158940397350994,0.5299145299145299,0.5696784073506891
0.5665942116179568,188,116,163,1197,0.5356125356125356,0.08834729626808835,0.618421052631579,0.5356125356125356,0.5740458015267176
0.5662926153287428,188,118,163,1195,0.5356125356125356,0.08987052551408987,0.6143790849673203,0.5356125356125356,0.5722983257229832
0.5656899042810849,189,119,162,1194,0.5384615384615384,0.09063214013709063,0.6136363636363636,0.5384615384615384,0.5735963581183612
0.565388789351778,189,121,162,1192,0.5384615384615384,0.09215536938309216,0.6096774193548387,0.5384615384615384,0.5718608169440241
0.5648872872774996,189,123,162,1190,0.5384615384615384,0.09367859862909368,0.6057692307692307,0.5384615384615384,0.5701357466063348
0.564787040255392,190,124,161,1189,0.5413105413105413,0.09444021325209444,0.6050955414012739,0.5413105413105413,0.5714285714285714
0.5644864059177224,192,124,159,1189,0.5470085470085471,0.09444021325209444,0.6075949367088608,0.5470085470085471,0.575712143928036
0.5641358681070913,192,125,159,1188,0.5470085470085471,0.09520182787509521,0.6056782334384858,0.5470085470085471,0.5748502994011977
0.5633854484825789,194,125,157,1188,0.5527065527065527,0.09520182787509521,0.6081504702194357,0.5527065527065527,0.5791044776119403
0.5632854679824312,195,125,156,1188,0.5555555555555556,0.09520182787509521,0.609375,0.5555555555555556,0.5812220566318927
0.5632354843861473,196,125,155,1188,0.5584045584045584,0.09520182787509521,0.6105919003115264,0.5584045584045584,0.5833333333333333
0.5629856329268866,199,125,152,1188,0.5669515669515669,0.09520182787509521,0.6141975308641975,0.5669515669515669,0.5896296296296295
0.5628857233795108,199,126,152,1187,0.5669515669515669,0.09596344249809596,0.6123076923076923,0.5669515669515669,0.5887573964497042
0.5627858315624589,199,127,152,1186,0.5669515669515669,0.09672505712109672,0.6104294478527608,0.5669515669515669,0.5878877400295421
0.5623864415345695,201,127,150,1186,0.5726495726495726,0.09672505712109672,0.6128048780487805,0.5726495726495726,0.5920471281296023
0.5617878878678065,202,127,149,1186,0.5754985754985755,0.09672505712109672,0.6139817629179332,0.5754985754985755,0.5941176470588235
0.5614888499693739,203,127,148,1186,0.5783475783475783,0.09672505712109672,0.6151515151515151,0.5783475783475783,0.5961820851688693
0.5613892060467299,204,127,147,1186,0.5811965811965812,0.09672505712109672,0.6163141993957704,0.5811965811965812,0.5982404692082112
0.5613692793842838,205,127,146,1186,0.584045584045584,0.09672505712109672,0.6174698795180723,0.584045584045584,0.6002928257686676
0.5608912516185341,205,128,146,1185,0.584045584045584,0.09748667174409749,0.6156156156156156,0.584045584045584,0.5994152046783626
0.5605926909967133,206,128,145,1185,0.5868945868945868,0.09748667174409749,0.6167664670658682,0.5868945868945868,0.6014598540145984
0.5602942892977577,207,130,144,1183,0.5897435897435898,0.09900990099009901,0.6142433234421365,0.5897435897435898,0.6017441860465117
0.5594000368923678,208,130,143,1183,0.5925925925925926,0.09900990099009901,0.6153846153846154,0.5925925925925926,0.6037735849056604
0.5585072117500784,208,131,143,1182,0.5925925925925926,0.09977151561309977,0.6135693215339233,0.5925925925925926,0.6028985507246377
0.5583387270730341,209,131,142,1182,0.5954415954415955,0.09977151561309977,0.6147058823529412,0.5954415954415955,0.6049204052098408
0.5582099201450653,210,131,141,1182,0.5982905982905983,0.09977151561309977,0.6158357771260997,0.5982905982905983,0.6069364161849711
0.5580118136621304,211,131,140,1182,0.6011396011396012,0.09977151561309977,0.6169590643274854,0.6011396011396012,0.6089466089466089
0.5579127867874238,211,133,140,1180,0.6011396011396012,0.1012947448591013,0.6133720930232558,0.6011396011396012,0.6071942446043166
0.5574179159567496,212,133,139,1180,0.603988603988604,0.1012947448591013,0.6144927536231884,0.603988603988604,0.6091954022988506
0.5573189944773632,212,134,139,1179,0.603988603988604,0.10205635948210205,0.6127167630057804,0.603988603988604,0.6083213773314204
0.5567258341465577,212,136,139,1177,0.603988603988604,0.10357958872810358,0.6091954022988506,0.603988603988604,0.6065808297567954
0.5565282543598475,212,137,139,1176,0.603988603988604,0.10434120335110435,0.6074498567335244,0.603988603988604,0.6057142857142858
0.5564294907631535,213,137,138,1176,0.6068376068376068,0.10434120335110435,0.6085714285714285,0.6068376068376068,0.607703281027104
0.5563307446934187,214,137,137,1176,0.6096866096866097,0.10434120335110435,0.6096866096866097,0.6096866096866097,0.6096866096866097
0.5562320161475326,214,138,137,1175,0.6096866096866097,0.1051028179741051,0.6079545454545454,0.6096866096866097,0.608819345661451
0.5561333051223856,214,139,137,1174,0.6096866096866097,0.10586443259710586,0.6062322946175638,0.6096866096866097,0.6079545454545454
0.5559359356218719,215,139,136,1174,0.6125356125356125,0.10586443259710586,0.6073446327683616,0.6125356125356125,0.6099290780141844
0.5555414067329405,215,140,136,1173,0.6125356125356125,0.10662604722010663,0.6056338028169014,0.6125356125356125,0.6090651558073654
0.5554921103122596,216,140,135,1173,0.6153846153846154,0.10662604722010663,0.6067415730337079,0.6153846153846154,0.611032531824611
0.5552456938164655,217,141,134,1172,0.6182336182336182,0.10738766184310738,0.6061452513966481,0.6182336182336182,0.61212976022567
0.5549224673569244,217,142,134,1171,0.6182336182336182,0.10814927646610815,0.6044568245125348,0.6182336182336182,0.6112676056338028
0.5546547401208511,217,143,134,1170,0.6182336182336182,0.10891089108910891,0.6027777777777777,0.6182336182336182,0.6104078762306611
0.5543594991741819,217,144,134,1169,0.6182336182336182,0.10967250571210967,0.6011080332409973,0.6182336182336182,0.6095505617977528
0.5540644153833256,217,146,134,1167,0.6182336182336182,0.11119573495811119,0.5977961432506887,0.6182336182336182,0.6078431372549019
0.5539660890287609,218,146,133,1167,0.6210826210826211,0.11119573495811119,0.5989010989010989,0.6210826210826211,0.6097902097902098
0.5538123135129138,219,146,132,1167,0.6239316239316239,0.11119573495811119,0.6,0.6239316239316239,0.611731843575419
0.5537694886646287,219,147,132,1166,0.6239316239316239,0.11195734958111196,0.5983606557377049,0.6239316239316239,0.610878661087866
0.5535729580731846,220,148,131,1165,0.6267806267806267,0.11271896420411272,0.5978260869565217,0.6267806267806267,0.6119610570236439
0.5534747189344822,223,148,128,1165,0.6353276353276354,0.11271896420411272,0.601078167115903,0.6353276353276354,0.6177285318559558
0.5532291973542137,224,148,127,1165,0.6381766381766382,0.11271896420411272,0.6021505376344086,0.6381766381766382,0.6196403872752421
0.552689433184976,225,149,126,1164,0.6410256410256411,0.11348057882711349,0.6016042780748663,0.6410256410256411,0.6206896551724138
0.5525913508399224,225,150,126,1163,0.6410256410256411,0.11424219345011424,0.6,0.6410256410256411,0.6198347107438017
0.5522972082287771,226,150,125,1163,0.6438746438746439,0.11424219345011424,0.601063829787234,0.6438746438746439,0.6217331499312242
0.5517093926366617,226,153,125,1160,0.6438746438746439,0.11652703731911652,0.5963060686015831,0.6438746438746439,0.6191780821917808
0.5514157194890512,227,154,124,1159,0.6467236467236467,0.1172886519421173,0.5958005249343832,0.6467236467236467,0.6202185792349726
0.5513667891645994,228,154,123,1159,0.6495726495726496,0.1172886519421173,0.5968586387434555,0.6495726495726496,0.6221009549795361
0.551171111281662,229,154,122,1159,0.6524216524216524,0.1172886519421173,0.597911227154047,0.6524216524216524,0.6239782016348774
0.5511222026627193,229,155,122,1158,0.6524216524216524,0.11805026656511805,0.5963541666666666,0.6524216524216524,0.6231292517006801
0.5509266115825598,229,156,122,1157,0.6524216524216524,0.1188118811881188,0.5948051948051948,0.6524216524216524,0.6222826086956521
0.5505356376410978,229,158,122,1155,0.6524216524216524,0.12033511043412033,0.5917312661498708,0.6524216524216524,0.6205962059620597
0.5502425892795226,230,159,121,1154,0.6552706552706553,0.1210967250571211,0.5912596401028277,0.6552706552706553,0.6216216216216217
0.5499496969066544,231,161,120,1152,0.6581196581196581,0.12261995430312261,0.5892857142857143,0.6581196581196581,0.6218034993270525
0.5496569604394607,231,164,120,1149,0.6581196581196581,0.12490479817212491,0.5848101265822785,0.6581196581196581,0.6193029490616623
0.5484875719683329,232,164,119,1149,0.6609686609686609,0.12490479817212491,0.5858585858585859,0.6609686609686609,0.6211512717536813
0.548195613785574,233,164,118,1149,0.6638176638176638,0.12490479817212491,0.5869017632241813,0.6638176638176638,0.622994652406417
0.5480302398047147,234,164,117,1149,0.6666666666666666,0.12490479817212491,0.5879396984924623,0.6666666666666666,0.6248331108144192
0.5479038110112233,234,165,117,1148,0.6666666666666666,0.12566641279512566,0.5864661654135338,0.6666666666666666,0.624
0.5476121635625575,234,168,117,1145,0.6666666666666666,0.12795125666412796,0.582089552238806,0.6666666666666666,0.6215139442231076
0.5473206713568971,234,169,117,1144,0.6666666666666666,0.12871287128712872,0.5806451612903226,0.6666666666666666,0.6206896551724138
0.5472526788378007,235,169,116,1144,0.6695156695156695,0.12871287128712872,0.5816831683168316,0.6695156695156695,0.6225165562913907
0.5470293343116068,235,170,116,1143,0.6695156695156695,0.12947448591012947,0.5802469135802469,0.6695156695156695,0.6216931216931217
0.5468351957741645,236,170,115,1143,0.6723646723646723,0.12947448591012947,0.5812807881773399,0.6723646723646723,0.6235138705416116
0.5465300291769104,236,171,115,1142,0.6723646723646723,0.13023610053313023,0.5798525798525799,0.6723646723646723,0.6226912928759893
0.5462531934580124,236,172,115,1141,0.6723646723646723,0.130997715156131,0.5784313725490197,0.6723646723646723,0.621870882740448
0.5459139782059218,236,173,115,1140,0.6723646723646723,0.13175932977913177,0.5770171149144254,0.6723646723646723,0.6210526315789474
0.5458655360829784,236,174,115,1139,0.6723646723646723,0.13252094440213252,0.5756097560975609,0.6723646723646723,0.6202365308804204
0.5456718105729037,236,175,115,1138,0.6723646723646723,0.13328255902513328,0.5742092457420924,0.6723646723646723,0.6194225721784776
0.5455749736015468,236,176,115,1137,0.6723646723646723,0.13404417364813404,0.5728155339805825,0.6723646723646723,0.618610747051114
0.5455556082695794,237,176,114,1137,0.6752136752136753,0.13404417364813404,0.5738498789346247,0.6752136752136753,0.6204188481675392
0.5452361795140781,237,177,114,1136,0.6752136752136753,0.13480578827113482,0.572463768115942,0.6752136752136753,0.6196078431372549
0.5451877975361553,237,178,114,1135,0.6752136752136753,0.13556740289413557,0.5710843373493976,0.6752136752136753,0.6187989556135771
0.5449943125527984,237,179,114,1134,0.6752136752136753,0.13632901751713633,0.5697115384615384,0.6752136752136753,0.6179921773142111
0.5447042138208694,239,180,112,1133,0.6809116809116809,0.1370906321401371,0.5704057279236276,0.6809116809116809,0.6207792207792208
0.5444142695075689,240,180,111,1133,0.6837606837606838,0.1370906321401371,0.5714285714285714,0.6837606837606838,0.622568093385214
0.5443659604625022,241,180,110,1133,0.6866096866096866,0.1370906321401371,0.5724465558194775,0.6866096866096866,0.6243523316062176
0.5438348438081109,243,181,108,1132,0.6923076923076923,0.13785224676313784,0.5731132075471698,0.6923076923076923,0.6270967741935485
0.5435453622576915,245,181,106,1132,0.698005698005698,0.13785224676313784,0.5751173708920188,0.698005698005698,0.6306306306306305
0.5432560347973767,245,184,106,1129,0.698005698005698,0.14013709063214014,0.5710955710955711,0.698005698005698,0.6282051282051282
0.5429668613451452,246,184,105,1129,0.7008547008547008,0.14013709063214014,0.5720930232558139,0.7008547008547008,0.6299615877080665
0.5424852476089739,246,185,105,1128,0.7008547008547008,0.1408987052551409,0.5707656612529002,0.7008547008547008,0.629156010230179
0.5423889761370627,248,185,103,1128,0.7065527065527065,0.1408987052551409,0.5727482678983834,0.7065527065527065,0.6326530612244898
0.5418117059781434,250,187,101,1126,0.7122507122507122,0.14242193450114243,0.5720823798627003,0.7122507122507122,0.6345177664974619
0.5414752488248855,250,188,101,1125,0.7122507122507122,0.1431835491241432,0.5707762557077626,0.7122507122507122,0.6337135614702155
0.5412830814103164,251,188,100,1125,0.7150997150997151,0.1431835491241432,0.571753986332574,0.7150997150997151,0.6354430379746835
0.5409469525251918,252,189,99,1124,0.717948717948718,0.14394516374714394,0.5714285714285714,0.717948717948718,0.6363636363636365
0.5407549726008807,252,190,99,1123,0.717948717948718,0.1447067783701447,0.5701357466063348,0.717948717948718,0.6355611601513241
0.5407549726008806,252,192,99,1121,0.717948717948718,0.14623000761614624,0.5675675675675675,0.717948717948718,0.6339622641509433
0.5404671304560681,252,195,99,1118,0.717948717948718,0.1485148514851485,0.5637583892617449,0.717948717948718,0.631578947368421
0.5403712171268155,252,196,99,1117,0.717948717948718,0.14927646610814926,0.5625,0.717948717948718,0.6307884856070087
0.5400835792538162,253,196,98,1117,0.7207977207977208,0.14927646610814926,0.5634743875278396,0.7207977207977208,0.6325
0.5392215839611912,253,197,98,1116,0.7207977207977208,0.15003808073115005,0.5622222222222222,0.7207977207977208,0.6317103620474407
0.5389213494086049,254,197,97,1116,0.7236467236467237,0.15003808073115005,0.5631929046563193,0.7236467236467237,0.6334164588528679
0.5387432923007529,255,197,96,1116,0.7264957264957265,0.15003808073115005,0.5641592920353983,0.7264957264957265,0.635118306351183
0.5383609644480067,256,197,95,1116,0.7293447293447294,0.15003808073115005,0.565121412803532,0.7293447293447294,0.6368159203980099
0.5380743966260879,256,198,95,1115,0.7293447293447294,0.1507996953541508,0.5638766519823789,0.7293447293447294,0.636024844720497
0.5377879813433054,256,199,95,1114,0.7293447293447294,0.15156130997715156,0.5626373626373626,0.7293447293447294,0.6352357320099256
0.5375780403693412,256,200,95,1113,0.7293447293447294,0.15232292460015232,0.5614035087719298,0.7293447293447294,0.6344485749690211
0.5375017185184631,257,201,94,1112,0.7321937321937322,0.15308453922315307,0.5611353711790393,0.7321937321937322,0.6353522867737947
0.5372156080704081,257,202,94,1111,0.7321937321937322,0.15384615384615385,0.5599128540305011,0.7321937321937322,0.6345679012345679
0.5367390957184548,257,203,94,1110,0.7321937321937322,0.1546077684691546,0.558695652173913,0.7321937321937322,0.6337854500616522
0.536643843980265,258,205,93,1108,0.7350427350427351,0.15613099771515612,0.5572354211663066,0.7350427350427351,0.6339066339066339
0.5366247956611709,258,206,93,1107,0.7350427350427351,0.1568926123381569,0.5560344827586207,0.7350427350427351,0.6331288343558282
0.5363105959938025,258,207,93,1106,0.7350427350427351,0.15765422696115766,0.5548387096774193,0.7350427350427351,0.6323529411764707
0.5361678387853026,258,208,93,1105,0.7350427350427351,0.15841584158415842,0.5536480686695279,0.7350427350427351,0.6315789473684211
0.5355021407554926,258,209,93,1104,0.7350427350427351,0.15917745620715917,0.5524625267665952,0.7350427350427351,0.6308068459657701
0.5352170946762946,258,210,93,1103,0.7350427350427351,0.15993907083015993,0.5512820512820513,0.7350427350427351,0.6300366300366301
0.5349322003262141,258,211,93,1102,0.7350427350427351,0.1607006854531607,0.5501066098081023,0.7350427350427351,0.6292682926829269
0.534879308074691,258,212,93,1101,0.7350427350427351,0.16146230007616147,0.548936170212766,0.7350427350427351,0.6285018270401949
0.5344773417911565,258,213,93,1100,0.7350427350427351,0.16222391469916222,0.5477707006369427,0.7350427350427351,0.6277372262773724
0.534362866490389,259,213,92,1100,0.7378917378917379,0.16222391469916222,0.548728813559322,0.7378917378917379,0.6294046172539489
0.5340784268432436,260,214,91,1099,0.7407407407407407,0.16298552932216298,0.5485232067510548,0.7407407407407407,0.6303030303030303
0.5340310349576216,261,214,90,1099,0.7435897435897436,0.16298552932216298,0.5494736842105263,0.7435897435897436,0.6319612590799031
0.5335384085714558,261,215,90,1098,0.7435897435897436,0.16374714394516374,0.5483193277310925,0.7435897435897436,0.6311970979443773
0.5333490579099605,262,215,89,1098,0.7464387464387464,0.16374714394516374,0.549266247379455,0.7464387464387464,0.6328502415458938
0.5332704069798128,263,215,88,1098,0.7492877492877493,0.16374714394516374,0.5502092050209205,0.7492877492877493,0.6344993968636913
0.533226016017372,264,217,87,1096,0.7521367521367521,0.16527037319116528,0.5488565488565489,0.7521367521367521,0.6346153846153847
0.5329421815121024,265,218,86,1095,0.7549857549857549,0.16603198781416603,0.5486542443064182,0.7549857549857549,0.6354916067146283
0.5327814090288716,265,219,86,1094,0.7549857549857549,0.1667936024371668,0.5475206611570248,0.7549857549857549,0.6347305389221557
0.5327476394624318,265,220,86,1093,0.7549857549857549,0.16755521706016754,0.5463917525773195,0.7549857549857549,0.6339712918660286
0.5320915841798535,265,221,86,1092,0.7549857549857549,0.16831683168316833,0.5452674897119342,0.7549857549857549,0.6332138590203107
0.5319598422620258,265,222,86,1091,0.7549857549857549,0.16907844630616908,0.5441478439425051,0.7549857549857549,0.6324582338902147
0.531553574847741,265,223,86,1090,0.7549857549857549,0.16984006092916984,0.5430327868852459,0.7549857549857549,0.631704410011919
0.5315252736409728,265,224,86,1089,0.7549857549857549,0.1706016755521706,0.5419222903885481,0.7549857549857549,0.6309523809523809
0.5312423444354382,266,224,85,1089,0.7578347578347578,0.1706016755521706,0.5428571428571428,0.7578347578347578,0.6325802615933412
0.5310538086379826,266,225,85,1088,0.7578347578347578,0.17136329017517135,0.5417515274949084,0.7578347578347578,0.6318289786223279
0.530959565832216,267,226,84,1087,0.7606837606837606,0.17212490479817213,0.5415821501014199,0.7606837606837606,0.6327014218009479
0.5306769377511412,267,227,84,1086,0.7606837606837606,0.1728865194211729,0.5404858299595142,0.7606837606837606,0.6319526627218934
0.5304886026142716,267,229,84,1084,0.7606837606837606,0.1744097486671744,0.5383064516129032,0.7606837606837606,0.6304604486422668
0.5301121328349864,267,231,84,1082,0.7606837606837606,0.17593297791317594,0.536144578313253,0.7606837606837606,0.6289752650176679
0.5300180571425488,267,232,84,1081,0.7606837606837606,0.1766945925361767,0.5350701402805611,0.7606837606837606,0.628235294117647
0.5299468395097481,267,233,84,1080,0.7606837606837606,0.17745620715917745,0.534,0.7606837606837606,0.627497062279671
0.5298552560569622,268,233,83,1080,0.7635327635327636,0.17745620715917745,0.5349301397205589,0.7635327635327636,0.6291079812206573
0.5298299558397894,268,234,83,1079,0.7635327635327636,0.1782178217821782,0.5338645418326693,0.7635327635327636,0.6283704572098476
0.5295479290465057,268,235,83,1078,0.7635327635327636,0.178979436405179,0.532803180914513,0.7635327635327636,0.6276346604215458
0.5293116110333079,268,236,83,1077,0.7635327635327636,0.17974105102817975,0.5317460317460317,0.7635327635327636,0.6269005847953216
0.5292660523751834,268,237,83,1076,0.7635327635327636,0.1805026656511805,0.5306930693069307,0.7635327635327636,0.6261682242990655
0.5289843257459128,269,238,82,1075,0.7663817663817664,0.18126428027418126,0.5305719921104537,0.7663817663817664,0.6270396270396271
0.5287027490788273,270,238,81,1075,0.7692307692307693,0.18126428027418126,0.531496062992126,0.7692307692307693,0.6286379511059371
0.5286558342083644,270,239,81,1074,0.7692307692307693,0.18202589489718202,0.5304518664047151,0.7692307692307693,0.627906976744186
0.5275879525079382,270,240,81,1073,0.7692307692307693,0.1827875095201828,0.5294117647058824,0.7692307692307693,0.6271777003484321
0.5275779404364841,270,241,81,1072,0.7692307692307693,0.18354912414318356,0.5283757338551859,0.7692307692307693,0.6264501160092808
0.5272971123838069,270,242,81,1071,0.7692307692307693,0.1843107387661843,0.52734375,0.7692307692307693,0.6257242178447278
0.5265489681706297,270,244,81,1069,0.7692307692307693,0.18583396801218582,0.5252918287937743,0.7692307692307693,0.6242774566473989
0.5265327256339805,270,245,81,1068,0.7692307692307693,0.1865955826351866,0.5242718446601942,0.7692307692307693,0.6235565819861432
0.5261752942163672,271,245,80,1068,0.7720797720797721,0.1865955826351866,0.5251937984496124,0.7720797720797721,0.6251441753171858
0.5258952127877932,272,245,79,1068,0.7749287749287749,0.1865955826351866,0.5261121856866537,0.7749287749287749,0.6267281105990784
0.5253354971106365,272,246,79,1067,0.7749287749287749,0.18735719725818736,0.525096525096525,0.7749287749287749,0.6260069044879171
0.5250971327017233,272,247,79,1066,0.7749287749287749,0.18811881188118812,0.5240847784200385,0.7749287749287749,0.6252873563218391
0.525083819444615,272,248,79,1065,0.7749287749287749,0.18888042650418888,0.5230769230769231,0.7749287749287749,0.624569460390356
0.5244970403551399,273,249,78,1064,0.7777777777777778,0.18964204112718963,0.5229885057471264,0.7777777777777778,0.6254295532646048
0.5243108984393037,273,250,78,1063,0.7777777777777778,0.19040365575019041,0.5219885277246654,0.7777777777777778,0.6247139588100685
0.524217852255736,274,250,77,1063,0.7806267806267806,0.19040365575019041,0.5229007633587787,0.7806267806267806,0.6262857142857144
0.524059711637889,274,251,77,1062,0.7806267806267806,0.19116527037319117,0.5219047619047619,0.7806267806267806,0.6255707762557077
0.5239388127672657,274,252,77,1061,0.7806267806267806,0.19192688499619193,0.5209125475285171,0.7806267806267806,0.6248574686431015
0.523149007231258,274,253,77,1060,0.7806267806267806,0.19268849961919268,0.5199240986717267,0.7806267806267806,0.6241457858769932
0.5228241393412499,274,254,77,1059,0.7806267806267806,0.19345011424219344,0.5189393939393939,0.7806267806267806,0.6234357224118316
0.5225458417217128,275,255,76,1058,0.7834757834757835,0.19421172886519422,0.5188679245283019,0.7834757834757835,0.6242905788876277
0.5222676922391096,276,255,75,1058,0.7863247863247863,0.19421172886519422,0.519774011299435,0.7863247863247863,0.6258503401360545
0.5219896908145876,276,256,75,1057,0.7863247863247863,0.19497334348819498,0.518796992481203,0.7863247863247863,0.6251415628539072
0.5219711626486429,276,257,75,1056,0.7863247863247863,0.19573495811119573,0.5178236397748592,0.7863247863247863,0.6244343891402715
0.521711837369336,276,258,75,1055,0.7863247863247863,0.1964965727341965,0.5168539325842697,0.7863247863247863,0.6237288135593221
0.5210640876963006,276,260,75,1053,0.7863247863247863,0.19801980198019803,0.5149253731343284,0.7863247863247863,0.6223224351747463
0.5206481019410518,276,261,75,1052,0.7863247863247863,0.19878141660319879,0.5139664804469274,0.7863247863247863,0.6216216216216216
0.5206019018062844,277,262,74,1051,0.7891737891737892,0.19954303122619954,0.5139146567717996,0.7891737891737892,0.6224719101123596
0.5203247870766895,277,263,74,1050,0.7891737891737892,0.2003046458492003,0.512962962962963,0.7891737891737892,0.621773288439955
0.5200225484431015,277,264,74,1049,0.7891737891737892,0.20106626047220105,0.512014787430684,0.7891737891737892,0.6210762331838565
0.5199963993190766,277,265,74,1048,0.7891737891737892,0.20182787509520184,0.511070110701107,0.7891737891737892,0.620380739081747
0.5197710000608385,277,266,74,1047,0.7891737891737892,0.2025894897182026,0.5101289134438306,0.7891737891737892,0.6196868008948546
0.5196787595447081,277,267,74,1046,0.7891737891737892,0.20335110434120335,0.5091911764705882,0.7891737891737892,0.6189944134078212
0.519494327617589,277,268,74,1045,0.7891737891737892,0.2041127189642041,0.5082568807339449,0.7891737891737892,0.6183035714285715
0.5194943276175888,277,269,74,1044,0.7891737891737892,0.2048743335872049,0.5073260073260073,0.7891737891737892,0.6176142697881828
0.5194021362007907,277,270,74,1043,0.7891737891737892,0.20563594821020564,0.506398537477148,0.7891737891737892,0.6169265033407572
0.5192178024461973,277,271,74,1042,0.7891737891737892,0.2063975628332064,0.5054744525547445,0.7891737891737892,0.6162402669632927
0.5191717292302243,277,272,74,1041,0.7891737891737892,0.20715917745620716,0.5045537340619308,0.7891737891737892,0.6155555555555555
0.5190335341109209,278,272,73,1041,0.792022792022792,0.20715917745620716,0.5054545454545455,0.792022792022792,0.6170921198668148
0.5189414244682711,278,274,73,1039,0.792022792022792,0.2086824067022087,0.5036231884057971,0.792022792022792,0.6157253599114064
0.5188585397659046,278,275,73,1038,0.792022792022792,0.20944402132520945,0.5027124773960217,0.792022792022792,0.6150442477876106
0.5186651936054599,278,276,73,1037,0.792022792022792,0.2102056359482102,0.5018050541516246,0.792022792022792,0.6143646408839779
0.5183891097794547,278,277,73,1036,0.792022792022792,0.21096725057121096,0.5009009009009009,0.792022792022792,0.6136865342163356
0.5180212266000975,278,278,73,1035,0.792022792022792,0.21172886519421172,0.5,0.792022792022792,0.6130099228224918
0.5176536044949627,278,279,73,1034,0.792022792022792,0.2124904798172125,0.4991023339317774,0.792022792022792,0.6123348017621145
0.5172862432787746,278,280,73,1033,0.792022792022792,0.21325209444021326,0.4982078853046595,0.792022792022792,0.6116611661166117
0.5168274083515779,278,281,73,1032,0.792022792022792,0.214013709063214,0.49731663685152055,0.792022792022792,0.6109890109890109
0.516460633458787,278,282,73,1031,0.792022792022792,0.21477532368621477,0.49642857142857144,0.792022792022792,0.610318331503842
0.5160797253767385,278,283,73,1030,0.792022792022792,0.21553693830921553,0.49554367201426025,0.792022792022792,0.6096491228070176
0.5159109591013257,278,284,73,1029,0.792022792022792,0.2162985529322163,0.49466192170818507,0.792022792022792,0.6089813800657173
0.5157278643516146,278,285,73,1028,0.792022792022792,0.21706016755521707,0.4937833037300178,0.792022792022792,0.6083150984682714
0.5153618697679293,279,285,72,1028,0.7948717948717948,0.21706016755521707,0.4946808510638298,0.7948717948717948,0.6098360655737706
0.5150875442906524,280,285,71,1028,0.7977207977207977,0.21706016755521707,0.49557522123893805,0.7977207977207977,0.611353711790393
0.5149047417675864,280,286,71,1027,0.7977207977207977,0.21782178217821782,0.49469964664310956,0.7977207977207977,0.6106870229007634
0.5148590512745771,280,287,71,1026,0.7977207977207977,0.21858339680121858,0.49382716049382713,0.7977207977207977,0.6100217864923746
0.514813364835951,282,288,69,1025,0.8034188034188035,0.21934501142421933,0.49473684210526314,0.8034188034188035,0.6123778501628664
0.5145667281117791,282,289,69,1024,0.8034188034188035,0.22010662604722012,0.4938704028021016,0.8034188034188035,0.6117136659436009
0.5145393313260975,283,291,68,1022,0.8062678062678063,0.22162985529322163,0.4930313588850174,0.8062678062678063,0.611891891891892
0.5142654436834061,283,292,68,1021,0.8062678062678063,0.22239146991622238,0.49217391304347824,0.8062678062678063,0.611231101511879
0.5140829329205795,283,293,68,1020,0.8062678062678063,0.22315308453922314,0.4913194444444444,0.8062678062678063,0.6105717367853291
0.5140829329205794,284,293,67,1020,0.8091168091168092,0.22315308453922314,0.49220103986135183,0.8091168091168092,0.6120689655172414
0.5139917018302322,284,294,67,1019,0.8091168091168092,0.22391469916222392,0.4913494809688581,0.8091168091168092,0.6114101184068892
0.5137454587482732,284,295,67,1018,0.8091168091168092,0.22467631378522468,0.4905008635578584,0.8091168091168092,0.6107526881720431
0.5137181056889725,284,296,67,1017,0.8091168091168092,0.22543792840822544,0.4896551724137931,0.8091168091168092,0.6100966702470462
0.5134446551820648,284,297,67,1016,0.8091168091168092,0.2261995430312262,0.48881239242685026,0.8091168091168092,0.6094420600858369
0.5131986741791474,284,298,67,1015,0.8091168091168092,0.22696115765422697,0.4879725085910653,0.8091168091168092,0.6087888531618435
0.5131713502319887,285,298,66,1015,0.811965811965812,0.22696115765422697,0.4888507718696398,0.811965811965812,0.6102783725910065
0.512716165231068,285,299,66,1014,0.811965811965812,0.22772277227722773,0.488013698630137,0.811965811965812,0.6096256684491979
0.5126251766924542,286,300,65,1013,0.8148148148148148,0.2284843869002285,0.4880546075085324,0.8148148148148148,0.6104589114194237
0.5118070061237425,286,301,65,1012,0.8148148148148148,0.22924600152322924,0.48722316865417375,0.8148148148148148,0.6098081023454157
0.5114751461389695,286,302,65,1011,0.8148148148148148,0.23000761614623,0.48639455782312924,0.8148148148148148,0.6091586794462193
0.5113530313013984,287,303,64,1010,0.8176638176638177,0.23076923076923078,0.4864406779661017,0.8176638176638177,0.6099893730074388
0.5112622846696576,287,304,64,1009,0.8176638176638177,0.23153084539223154,0.4856175972927242,0.8176638176638177,0.6093418259023354
0.5112229464917907,287,305,64,1008,0.8176638176638177,0.2322924600152323,0.4847972972972973,0.8176638176638177,0.6086956521739131
0.511070021818969,287,306,64,1007,0.8176638176638177,0.23305407463823305,0.4839797639123103,0.8176638176638177,0.608050847457627
0.510990141388435,287,308,64,1005,0.8176638176638177,0.2345773038842346,0.4823529411764706,0.8176638176638177,0.6067653276955602
0.5107181429682117,288,308,63,1005,0.8205128205128205,0.2345773038842346,0.48322147651006714,0.8205128205128205,0.6082365364308343
0.5106728239764678,288,309,63,1004,0.8205128205128205,0.23533891850723535,0.4824120603015075,0.8205128205128205,0.6075949367088607
0.5105640748029878,289,309,62,1004,0.8233618233618234,0.23533891850723535,0.48327759197324416,0.8233618233618234,0.6090621707060063
0.510310416783586,289,310,62,1003,0.8233618233618234,0.2361005331302361,0.48247078464106846,0.8233618233618234,0.608421052631579
0.5101745804023684,289,311,62,1002,0.8233618233618234,0.23686214775323686,0.4816666666666667,0.8233618233618234,0.6077812828601472
0.5096768229451082,290,311,61,1002,0.8262108262108262,0.23686214775323686,0.4825291181364393,0.8262108262108262,0.6092436974789917
0.5096710078730701,290,312,61,1001,0.8262108262108262,0.2376237623762376,0.48172757475083056,0.8262108262108262,0.608604407135362
0.5095751899805597,290,313,61,1000,0.8262108262108262,0.2383853769992384,0.48092868988391374,0.8262108262108262,0.6079664570230608
0.5091795511304021,291,314,60,999,0.8290598290598291,0.23914699162223915,0.4809917355371901,0.8290598290598291,0.6087866108786611
0.5091614776638471,291,315,60,998,0.8290598290598291,0.2399086062452399,0.4801980198019802,0.8290598290598291,0.6081504702194357
0.5090891902126252,291,316,60,997,0.8290598290598291,0.24067022086824066,0.4794069192751236,0.8290598290598291,0.6075156576200417
0.5088182036626415,291,317,60,996,0.8290598290598291,0.24143183549124142,0.4786184210526316,0.8290598290598291,0.6068821689259646
0.508366879919806,291,318,60,995,0.8290598290598291,0.2421934501142422,0.47783251231527096,0.8290598290598291,0.6062500000000001
0.5080061091772563,291,319,60,994,0.8290598290598291,0.24295506473724296,0.47704918032786886,0.8290598290598291,0.6056191467221645
0.5079610308400471,291,321,60,992,0.8290598290598291,0.24447829398324447,0.47549019607843135,0.8290598290598291,0.604361370716511
0.5078708861654628,291,322,60,991,0.8290598290598291,0.24523990860624523,0.47471451876019577,0.8290598290598291,0.6037344398340249
0.5077356991478486,291,323,60,990,0.8290598290598291,0.246001523229246,0.4739413680781759,0.8290598290598291,0.6031088082901553
0.5076906448056943,291,324,60,989,0.8290598290598291,0.24676313785224677,0.47317073170731705,0.8290598290598291,0.6024844720496894
0.5075825306954185,292,324,59,989,0.8319088319088319,0.24676313785224677,0.474025974025974,0.8319088319088319,0.6039296794208894
0.507510467412868,292,325,59,988,0.8319088319088319,0.24752475247524752,0.473257698541329,0.8319088319088319,0.6033057851239668
0.5074204026969639,292,326,59,987,0.8319088319088319,0.24828636709824828,0.47249190938511326,0.8319088319088319,0.6026831785345718
0.5072853355907644,293,326,58,987,0.8347578347578347,0.24828636709824828,0.47334410339256866,0.8347578347578347,0.6041237113402061
0.5068460802987633,293,327,58,986,0.8347578347578347,0.24904798172124903,0.47258064516129034,0.8347578347578347,0.6035015447991762
0.5066554976481916,294,328,57,985,0.8376068376068376,0.24980959634424982,0.47266881028938906,0.8376068376068376,0.6043165467625898
0.5065026550597737,294,329,57,984,0.8376068376068376,0.25057121096725055,0.47191011235955055,0.8376068376068376,0.6036960985626284
0.5064756876249791,295,329,56,984,0.8404558404558404,0.25057121096725055,0.47275641025641024,0.8404558404558404,0.6051282051282052
0.5064525738236615,295,330,56,983,0.8404558404558404,0.25133282559025133,0.472,0.8404558404558404,0.6045081967213114
0.5063678322431554,296,330,55,983,0.8433048433048433,0.25133282559025133,0.4728434504792332,0.8433048433048433,0.6059365404298874
0.5063626968455315,296,331,55,982,0.8433048433048433,0.2520944402132521,0.47208931419457734,0.8433048433048433,0.605316973415133
0.5062959414156295,297,331,54,982,0.8461538461538461,0.2520944402132521,0.4729299363057325,0.8461538461538461,0.6067415730337078
0.5061162589974953,297,332,54,981,0.8461538461538461,0.25285605483625284,0.47217806041335453,0.8461538461538461,0.6061224489795919
0.5060606364950444,297,333,54,980,0.8461538461538461,0.2536176694592536,0.4714285714285714,0.8461538461538461,0.6055045871559632
0.5059366403479376,297,334,54,979,0.8461538461538461,0.25437928408225435,0.4706814580031696,0.8461538461538461,0.6048879837067209
0.5058737888817301,297,336,54,977,0.8461538461538461,0.2559025133282559,0.46919431279620855,0.8461538461538461,0.6036585365853658
0.5057122066760743,297,337,54,976,0.8461538461538461,0.25666412795125665,0.46845425867507884,0.8461538461538461,0.6030456852791879
0.5056224610862824,297,338,54,975,0.8461538461538461,0.25742574257425743,0.46771653543307085,0.8461538461538461,0.6024340770791075
0.5055775942640343,297,340,54,973,0.8461538461538461,0.25894897182025894,0.4662480376766091,0.8461538461538461,0.6012145748987855
0.5054250768463567,298,340,53,973,0.8490028490028491,0.25894897182025894,0.4670846394984326,0.8490028490028491,0.60262891809909
0.5052188029829661,298,341,53,972,0.8490028490028491,0.2597105864432597,0.46635367762128327,0.8490028490028491,0.6020202020202021
0.5051291449544488,298,342,53,971,0.8490028490028491,0.26047220106626046,0.465625,0.8490028490028491,0.6014127144298689
0.5049946877440108,298,343,53,970,0.8490028490028491,0.26123381568926124,0.46489859594383776,0.8490028490028491,0.6008064516129032
0.5048193069102868,298,344,53,969,0.8490028490028491,0.261995430312262,0.46417445482866043,0.8490028490028491,0.6002014098690835
0.5047706719226545,299,344,52,969,0.8518518518518519,0.261995430312262,0.46500777604976673,0.8518518518518519,0.6016096579476861
0.5047013538337614,299,345,52,968,0.8518518518518519,0.26275704493526275,0.4642857142857143,0.8518518518518519,0.6010050251256283
0.5042334393113395,300,346,51,967,0.8547008547008547,0.26351865955826353,0.46439628482972134,0.8547008547008547,0.6018054162487462
0.5040634348807032,300,347,51,966,0.8547008547008547,0.26428027418126426,0.46367851622874806,0.8547008547008547,0.6012024048096192
0.5036967784822114,300,348,51,965,0.8547008547008547,0.26504188880426505,0.46296296296296297,0.8547008547008547,0.6006006006006006
0.503526954989037,300,349,51,964,0.8547008547008547,0.26580350342726583,0.4622496147919877,0.8547008547008547,0.6
0.5035180184966761,301,349,50,964,0.8575498575498576,0.26580350342726583,0.46307692307692305,0.8575498575498576,0.6013986013986014
0.503455467490877,301,350,50,963,0.8575498575498576,0.26656511805026656,0.46236559139784944,0.8575498575498576,0.6007984031936128
0.5034554674908769,301,351,50,962,0.8575498575498576,0.26732673267326734,0.4616564417177914,0.8575498575498576,0.6001994017946162
0.5033393219523494,301,353,50,960,0.8575498575498576,0.26884996191926885,0.4602446483180428,0.8575498575498576,0.5990049751243781
0.5031160404518413,302,353,49,960,0.8603988603988604,0.26884996191926885,0.46106870229007635,0.8603988603988604,0.6003976143141153
0.5030089005160647,303,353,48,960,0.8632478632478633,0.26884996191926885,0.46189024390243905,0.8632478632478633,0.6017874875868918
0.5029821190972702,303,354,48,959,0.8632478632478633,0.26961157654226964,0.4611872146118721,0.8632478632478633,0.6011904761904762
0.50285715799534,303,355,48,958,0.8632478632478633,0.27037319116527037,0.46048632218844987,0.8632478632478633,0.6005946481665014
0.5027411504848668,303,356,48,957,0.8632478632478633,0.27113480578827115,0.4597875569044006,0.8632478632478633,0.6000000000000001
0.5026519321498784,303,357,48,956,0.8632478632478633,0.2718964204112719,0.4590909090909091,0.8632478632478633,0.599406528189911
0.5023130468501608,304,357,47,956,0.8660968660968661,0.2718964204112719,0.4599092284417549,0.8660968660968661,0.6007905138339921
0.502206077914066,304,358,47,955,0.8660968660968661,0.27265803503427266,0.459214501510574,0.8660968660968661,0.6001974333662389
0.5021793392395018,304,359,47,954,0.8660968660968661,0.27341964965727344,0.45852187028657615,0.8660968660968661,0.5996055226824457
0.5019565723077337,304,360,47,953,0.8660968660968661,0.2741812642802742,0.4578313253012048,0.8660968660968661,0.5990147783251231
0.5016448646101807,304,362,47,951,0.8660968660968661,0.2757044935262757,0.45645645645645644,0.8660968660968661,0.5978367748279252
0.5015187463177688,304,363,47,950,0.8660968660968661,0.27646610814927647,0.45577211394302847,0.8660968660968661,0.5972495088408644
0.5012888642540398,305,363,46,950,0.8689458689458689,0.27646610814927647,0.4565868263473054,0.8689458689458689,0.5986261040235524
0.5011999036472268,306,363,45,950,0.8717948717948718,0.27646610814927647,0.45739910313901344,0.8717948717948718,0.6
0.5009331165392845,307,363,44,950,0.8746438746438746,0.27646610814927647,0.4582089552238806,0.8746438746438746,0.6013712047012733
0.5008708866505286,307,364,44,949,0.8746438746438746,0.27722772277227725,0.45752608047690013,0.8746438746438746,0.6007827788649706
0.5008442190647987,307,365,44,948,0.8746438746438746,0.277989337395278,0.4568452380952381,0.8746438746438746,0.6001955034213099
0.5006042746772827,307,366,44,947,0.8746438746438746,0.27875095201827876,0.4561664190193165,0.8746438746438746,0.599609375
0.5004659463198182,307,367,44,946,0.8746438746438746,0.2795125666412795,0.45548961424332346,0.8746438746438746,0.5990243902439024
0.5003111654175942,308,368,43,945,0.8774928774928775,0.2802741812642803,0.4556213017751479,0.8774928774928775,0.5998052580331061
0.5002223783168932,308,369,43,944,0.8774928774928775,0.28103579588728106,0.4549483013293944,0.8774928774928775,0.5992217898832686
0.5001779906754023,308,370,43,943,0.8774928774928775,0.2817974105102818,0.45427728613569324,0.8774928774928775,0.5986394557823129
0.499956111542562,308,371,43,942,0.8774928774928775,0.28255902513328257,0.4536082474226804,0.8774928774928775,0.5980582524271845
0.4998179622873272,309,371,42,942,0.8803418803418803,0.28255902513328257,0.45441176470588235,0.8803418803418803,0.5994180407371484
0.4997609393248148,309,372,42,941,0.8803418803418803,0.2833206397562833,0.45374449339207046,0.8803418803418803,0.5988372093023255
0.49968998650118446,309,373,42,940,0.8803418803418803,0.2840822543792841,0.4530791788856305,0.8803418803418803,0.5982575024201355
0.4994253881728311,309,374,42,939,0.8803418803418803,0.28484386900228487,0.45241581259150804,0.8803418803418803,0.5976789168278529
0.49942400311731655,309,375,42,938,0.8803418803418803,0.2856054836252856,0.4517543859649123,0.8803418803418803,0.5971014492753624
0.4993353734557732,309,376,42,937,0.8803418803418803,0.2863670982482864,0.4510948905109489,0.8803418803418803,0.5965250965250966
0.49924675952278286,309,377,42,936,0.8803418803418803,0.2871287128712871,0.45043731778425655,0.8803418803418803,0.5959498553519769
0.49898101206721984,309,378,42,935,0.8803418803418803,0.2878903274942879,0.4497816593886463,0.8803418803418803,0.5953757225433526
0.49880392568844983,309,379,42,934,0.8803418803418803,0.2886519421172887,0.4491279069767442,0.8803418803418803,0.5948026948989413
0.4987154060681786,309,380,42,933,0.8803418803418803,0.2894135567402894,0.44847605224963716,0.8803418803418803,0.5942307692307692
0.4986711521491015,309,381,42,932,0.8803418803418803,0.2901751713632902,0.44782608695652176,0.8803418803418803,0.5936599423631124
0.4986269021569321,309,382,42,931,0.8803418803418803,0.2909367859862909,0.447178002894356,0.8803418803418803,0.5930902111324377
0.4984499414503624,310,382,41,931,0.8831908831908832,0.2909367859862909,0.4479768786127168,0.8831908831908832,0.5944391179290509
0.4981846181385145,310,383,41,930,0.8831908831908832,0.2916984006092917,0.44733044733044736,0.8831908831908832,0.5938697318007663
0.4976543951318963,311,383,40,930,0.886039886039886,0.2916984006092917,0.44812680115273773,0.886039886039886,0.5952153110047846
0.4973894952868127,311,384,40,929,0.886039886039886,0.2924600152322925,0.4474820143884892,0.886039886039886,0.5946462715105163
0.4972747491483392,311,385,40,928,0.886039886039886,0.2932216298552932,0.4468390804597701,0.886039886039886,0.5940783190066857
0.49712473644707067,312,385,39,928,0.8888888888888888,0.2932216298552932,0.44763271162123386,0.8888888888888888,0.5954198473282443
0.4969519961102514,312,386,39,927,0.8888888888888888,0.293983244478294,0.4469914040114613,0.8888888888888888,0.5948522402287892
0.4968601185376134,312,387,39,926,0.8888888888888888,0.2947448591012947,0.44635193133047213,0.8888888888888888,0.5942857142857142
0.4965956414834241,312,388,39,925,0.8888888888888888,0.2955064737242955,0.44571428571428573,0.8888888888888888,0.5937202664129401
0.4965515756633897,312,389,39,924,0.8888888888888888,0.2962680883472963,0.4450784593437946,0.8888888888888888,0.5931558935361216
0.49653395043025594,313,389,38,924,0.8917378917378918,0.2962680883472963,0.4458689458689459,0.8917378917378918,0.5944919278252611
0.49645507740028716,313,390,38,923,0.8917378917378918,0.297029702970297,0.44523470839260315,0.8917378917378918,0.5939278937381405
0.4963313052095262,314,390,37,923,0.8945868945868946,0.297029702970297,0.4460227272727273,0.8945868945868946,0.595260663507109
0.49624322438978286,314,391,37,922,0.8945868945868946,0.2977913175932978,0.4453900709219858,0.8945868945868946,0.5946969696969696
0.4961991898417672,314,392,37,921,0.8945868945868946,0.2985529322162985,0.4447592067988669,0.8945868945868946,0.5941343424787133
0.49615515920119296,314,393,37,920,0.8945868945868946,0.2993145468392993,0.44413012729844414,0.8945868945868946,0.5935727788279772
0.4959790757063782,314,394,37,919,0.8945868945868946,0.3000761614623001,0.4435028248587571,0.8945868945868946,0.5930122757318225
0.4958910573946069,314,395,37,918,0.8945868945868946,0.3008377760853008,0.44287729196050774,0.8945868945868946,0.5924528301886793
0.4956622828789664,314,396,37,917,0.8945868945868946,0.3015993907083016,0.4422535211267606,0.8945868945868946,0.5918944392082941
0.4956143338407579,315,396,36,917,0.8974358974358975,0.3015993907083016,0.4430379746835443,0.8974358974358975,0.5932203389830508
0.49553914032041013,316,397,35,916,0.9002849002849003,0.30236100533130233,0.4431977559607293,0.9002849002849003,0.593984962406015
0.49553788392138554,317,397,34,916,0.9031339031339032,0.30236100533130233,0.44397759103641454,0.9031339031339032,0.5953051643192488
0.4951435321247793,317,398,34,915,0.9031339031339032,0.3031226199543031,0.4433566433566434,0.9031339031339032,0.5947467166979362
0.4945726555738848,317,399,34,914,0.9031339031339032,0.3038842345773039,0.44273743016759776,0.9031339031339032,0.5941893158388004
0.49451121583208724,317,400,34,913,0.9031339031339032,0.30464584920030463,0.4421199442119944,0.9031339031339032,0.5936329588014981
0.49448488685071884,317,401,34,912,0.9031339031339032,0.3054074638233054,0.4415041782729805,0.9031339031339032,0.5930776426566885
0.49439713370332034,317,402,34,911,0.9031339031339032,0.30616907844630614,0.44089012517385257,0.9031339031339032,0.5925233644859813
0.49360805583035783,318,402,33,911,0.905982905982906,0.30616907844630614,0.44166666666666665,0.905982905982906,0.5938375350140056
0.4935642551161775,318,403,33,910,0.905982905982906,0.3069306930693069,0.44105409153952846,0.905982905982906,0.5932835820895522
0.4935496688679605,318,404,33,909,0.905982905982906,0.3076923076923077,0.4404432132963989,0.905982905982906,0.592730661696179
0.49349249481501983,318,405,33,908,0.905982905982906,0.30845392231530844,0.43983402489626555,0.905982905982906,0.5921787709497206
0.49303894960938605,318,406,33,907,0.905982905982906,0.3092155369383092,0.43922651933701656,0.905982905982906,0.5916279069767443
0.49286397204497495,318,407,33,906,0.905982905982906,0.30997715156131,0.4386206896551724,0.905982905982906,0.5910780669144982
0.49255791071933736,318,408,33,905,0.905982905982906,0.31073876618431073,0.4380165289256198,0.905982905982906,0.5905292479108635
0.49247049954036903,319,408,32,905,0.9088319088319088,0.31073876618431073,0.43878954607977994,0.9088319088319088,0.5918367346938775
0.4924180602790762,319,409,32,904,0.9088319088319088,0.3115003808073115,0.4381868131868132,0.9088319088319088,0.5912882298424467
0.4922957237166291,319,410,32,903,0.9088319088319088,0.31226199543031224,0.4375857338820302,0.9088319088319088,0.5907407407407408
0.49213723073226123,319,411,32,902,0.9088319088319088,0.31302361005331303,0.436986301369863,0.9088319088319088,0.5901942645698427
0.49188524464659406,319,412,32,901,0.9088319088319088,0.3137852246763138,0.4363885088919289,0.9088319088319088,0.589648798521257
0.4915972404740308,319,413,32,900,0.9088319088319088,0.31454683929931454,0.43579234972677594,0.9088319088319088,0.5891043397968606
0.49155361819119425,319,414,32,899,0.9088319088319088,0.3153084539223153,0.43519781718963163,0.9088319088319088,0.5885608856088561
0.49129196577019113,320,414,31,899,0.9116809116809117,0.3153084539223153,0.4359673024523161,0.9116809116809117,0.5898617511520737
0.4911437578931113,320,415,31,898,0.9116809116809117,0.31607006854531605,0.43537414965986393,0.9116809116809117,0.5893186003683241
0.49102547277441494,320,416,31,897,0.9116809116809117,0.31683168316831684,0.43478260869565216,0.9116809116809117,0.5887764489420424
0.49094269014169084,321,416,30,897,0.9145299145299145,0.31683168316831684,0.4355495251017639,0.9145299145299145,0.5900735294117647
0.49082735716537496,321,417,30,896,0.9145299145299145,0.3175932977913176,0.4349593495934959,0.9145299145299145,0.5895316804407713
0.4908126313441967,321,418,30,895,0.9145299145299145,0.31835491241431835,0.43437077131258456,0.9145299145299145,0.5889908256880734
0.49055137334812565,321,419,30,894,0.9145299145299145,0.31911652703731913,0.4337837837837838,0.9145299145299145,0.5884509624197983
0.49037727861464675,321,420,30,893,0.9145299145299145,0.31987814166031986,0.4331983805668016,0.9145299145299145,0.5879120879120879
0.49020324566669715,322,420,29,893,0.9173789173789174,0.31987814166031986,0.4339622641509434,0.9173789173789174,0.5892040256175664
0.49018584576926205,322,421,29,892,0.9173789173789174,0.32063975628332064,0.43337819650067294,0.9173789173789174,0.5886654478976233
0.4900292744823493,322,422,29,891,0.9173789173789174,0.3214013709063214,0.4327956989247312,0.9173789173789174,0.5881278538812785
0.4898553650396837,322,423,29,890,0.9173789173789174,0.32216298552932215,0.43221476510067114,0.9173789173789174,0.5875912408759124
0.4896815173167883,322,424,29,889,0.9173789173789174,0.32292460015232294,0.4316353887399464,0.9173789173789174,0.5870556061987239
0.4895946165934091,322,425,29,888,0.9173789173789174,0.32368621477532367,0.43105756358768405,0.9173789173789174,0.5865209471766849
0.4895164191280241,322,426,29,887,0.9173789173789174,0.32444782939832445,0.4304812834224599,0.9173789173789174,0.5859872611464968
0.4894903560817957,322,427,29,886,0.9173789173789174,0.32520944402132523,0.42990654205607476,0.9173789173789174,0.5854545454545454
0.4894642944232272,322,428,29,885,0.9173789173789174,0.32597105864432596,0.42933333333333334,0.9173789173789174,0.5849227974568575
0.48942086140910135,322,429,29,884,0.9173789173789174,0.32673267326732675,0.42876165113182424,0.9173789173789174,0.5843920145190563
0.4893687468794846,322,430,29,883,0.9173789173789174,0.3274942878903275,0.42819148936170215,0.9173789173789174,0.5838621940163192
0.4893340069426996,322,431,29,882,0.9173789173789174,0.32825590251332826,0.42762284196547146,0.9173789173789174,0.5833333333333334
0.48924716788981815,322,432,29,881,0.9173789173789174,0.32901751713632904,0.4270557029177719,0.9173789173789174,0.5828054298642534
0.4887264571033084,322,433,29,880,0.9173789173789174,0.32977913175932977,0.42649006622516555,0.9173789173789174,0.5822784810126582
0.48870910962488484,322,434,29,879,0.9173789173789174,0.33054074638233055,0.42592592592592593,0.9173789173789174,0.5817524841915086
0.4886830895617801,323,434,28,879,0.9202279202279202,0.33054074638233055,0.42668428005284015,0.9202279202279202,0.5830324909747292
0.48850965787479445,323,435,28,878,0.9202279202279202,0.3313023610053313,0.4261213720316623,0.9202279202279202,0.5825067628494139
0.4883796245030796,323,436,28,877,0.9202279202279202,0.33206397562833206,0.42555994729907776,0.9202279202279202,0.581981981981982
0.48811966158877934,323,437,28,876,0.9202279202279202,0.33282559025133285,0.425,0.9202279202279202,0.5814581458145814
0.4880416997014402,323,438,28,875,0.9202279202279202,0.3335872048743336,0.4244415243101183,0.9202279202279202,0.5809352517985612
0.48785983705190805,323,439,28,874,0.9202279202279202,0.33434881949733436,0.4238845144356955,0.9202279202279202,0.5804132973944295
0.4877732596107587,323,440,28,873,0.9202279202279202,0.3351104341203351,0.4233289646133683,0.9202279202279202,0.5798922800718133
0.4875136194625539,323,441,28,872,0.9202279202279202,0.33587204874333587,0.42277486910994766,0.9202279202279202,0.579372197309417
0.4874271034624798,323,442,28,871,0.9202279202279202,0.33663366336633666,0.4222222222222222,0.9202279202279202,0.578853046594982
0.4872541175199708,323,443,28,870,0.9202279202279202,0.3373952779893374,0.4216710182767624,0.9202279202279202,0.5783348254252462
0.48716764757208714,323,444,28,869,0.9202279202279202,0.33815689261233817,0.4211212516297262,0.9202279202279202,0.5778175313059034
0.4867787226651644,323,446,28,867,0.9202279202279202,0.3396801218583397,0.42002600780234073,0.9202279202279202,0.5767857142857142
0.48670405994111593,323,447,28,866,0.9202279202279202,0.34044173648134046,0.41948051948051945,0.9202279202279202,0.5762711864406779
0.4866491500404131,323,448,28,865,0.9202279202279202,0.3412033511043412,0.41893644617380027,0.9202279202279202,0.5757575757575758
0.48644992232193607,323,449,28,864,0.9202279202279202,0.341964965727342,0.4183937823834197,0.9202279202279202,0.5752448797862867
0.48644140923986645,323,450,28,863,0.9202279202279202,0.3427265803503427,0.4178525226390686,0.9202279202279202,0.5747330960854092
0.48625570759244996,323,451,28,862,0.9202279202279202,0.3434881949733435,0.417312661498708,0.9202279202279202,0.5742222222222223
0.4861312043509883,323,453,28,860,0.9202279202279202,0.345011424219345,0.4162371134020619,0.9202279202279202,0.5732031943212067
0.48591555637750933,323,454,28,859,0.9202279202279202,0.3457730388423458,0.4157014157014157,0.9202279202279202,0.5726950354609929
0.4853742014104348,323,455,28,858,0.9202279202279202,0.3465346534653465,0.41516709511568123,0.9202279202279202,0.5721877767936226
0.48458067246601977,323,456,28,857,0.9202279202279202,0.3472962680883473,0.4146341463414634,0.9202279202279202,0.5716814159292035
0.4845204740076924,323,457,28,856,0.9202279202279202,0.3480578827113481,0.41410256410256413,0.9202279202279202,0.5711759504862953
0.4844602830276954,324,457,27,856,0.9230769230769231,0.3480578827113481,0.4148527528809219,0.9230769230769231,0.5724381625441697
0.48440869671056275,325,457,26,856,0.9259259259259259,0.3480578827113481,0.4156010230179028,0.9259259259259259,0.5736981465136805
0.4842424928938535,325,458,26,855,0.9259259259259259,0.3488194973343488,0.41507024265644954,0.9259259259259259,0.5731922398589065
0.4842367819886182,325,459,26,854,0.9259259259259259,0.3495811119573496,0.4145408163265306,0.9259259259259259,0.5726872246696035
0.48406492827852543,325,460,26,853,0.9259259259259259,0.3503427265803503,0.4140127388535032,0.9259259259259259,0.5721830985915494
0.4840047938900356,325,461,26,852,0.9259259259259259,0.3511043412033511,0.41348600508905853,0.9259259259259259,0.5716798592788039
0.4839360780219578,325,462,26,851,0.9259259259259259,0.3518659558263519,0.41296060991105465,0.9259259259259259,0.5711775043936731
0.4834295996916033,325,463,26,850,0.9259259259259259,0.3526275704493526,0.41243654822335024,0.9259259259259259,0.5706760316066726
0.48330398198785607,325,464,26,849,0.9259259259259259,0.3533891850723534,0.41191381495564006,0.9259259259259259,0.5701754385964912
0.4832659967213331,325,465,26,848,0.9259259259259259,0.3541507996953541,0.41139240506329117,0.9259259259259259,0.5696757230499562
0.4830779523716797,326,465,25,848,0.9287749287749287,0.3541507996953541,0.41213653603034134,0.9287749287749287,0.5709281961471104
0.4827351283237914,326,466,25,847,0.9287749287749287,0.3549124143183549,0.4116161616161616,0.9287749287749287,0.5704286964129484
0.48265802644765193,326,467,25,846,0.9287749287749287,0.3556740289413557,0.4110970996216898,0.9287749287749287,0.5699300699300699
0.4814089815317145,326,468,25,845,0.9287749287749287,0.3564356435643564,0.4105793450881612,0.9287749287749287,0.5694323144104803
0.4813491770860157,326,469,25,844,0.9287749287749287,0.3571972581873572,0.410062893081761,0.9287749287749287,0.5689354275741711
0.4813341069460342,326,470,25,843,0.9287749287749287,0.357958872810358,0.40954773869346733,0.9287749287749287,0.5684394071490845
0.48126375505106544,326,471,25,842,0.9287749287749287,0.3587204874333587,0.4090338770388959,0.9287749287749287,0.5679442508710801
0.48098196987644043,326,472,25,841,0.9287749287749287,0.3594821020563595,0.40852130325814534,0.9287749287749287,0.567449956483899
0.48085394025354794,326,473,25,840,0.9287749287749287,0.3602437166793602,0.40801001251564456,0.9287749287749287,0.5669565217391305
0.4806406332762814,326,474,25,839,0.9287749287749287,0.361005331302361,0.4075,0.9287749287749287,0.5664639443961772
0.4802995389111372,326,475,25,838,0.9287749287749287,0.3617669459253618,0.4069912609238452,0.9287749287749287,0.5659722222222222
0.4802569191390806,326,476,25,837,0.9287749287749287,0.3625285605483625,0.40648379052369077,0.9287749287749287,0.5654813529921944
0.4802143031489243,326,477,25,836,0.9287749287749287,0.3632901751713633,0.40597758405977585,0.9287749287749287,0.5649913344887348
0.480069437066489,327,477,24,836,0.9316239316239316,0.3632901751713633,0.40671641791044777,0.9316239316239316,0.5662337662337663
0.4797713209601381,328,477,23,836,0.9344729344729344,0.3632901751713633,0.4074534161490683,0.9344729344729344,0.5674740484429066
0.4794478616486338,328,478,23,835,0.9344729344729344,0.36405178979436403,0.40694789081885857,0.9344729344729344,0.5669835782195334
0.47940531745085513,328,479,23,834,0.9344729344729344,0.3648134044173648,0.40644361833952913,0.9344729344729344,0.5664939550949913
0.47936277702827046,328,480,23,833,0.9344729344729344,0.3655750190403656,0.40594059405940597,0.9344729344729344,0.5660051768766178
0.479320240380545,328,481,23,832,0.9344729344729344,0.36633663366336633,0.4054388133498146,0.9344729344729344,0.5655172413793104
0.47926069541485494,329,481,22,832,0.9373219373219374,0.36633663366336633,0.40617283950617283,0.9373219373219374,0.5667527993109388
0.47896409350408975,329,482,22,831,0.9373219373219374,0.3670982482863671,0.40567200986436497,0.9373219373219374,0.5662650602409638
0.47873361995044716,330,482,21,831,0.9401709401709402,0.3670982482863671,0.4064039408866995,0.9401709401709402,0.5674978503869303
0.4786486620821013,331,482,20,831,0.9430199430199431,0.3670982482863671,0.4071340713407134,0.9430199430199431,0.5687285223367697
0.47851276085167566,331,483,20,830,0.9430199430199431,0.36785986290936784,0.40663390663390664,0.9430199430199431,0.5682403433476395
0.4782156114185103,331,484,20,829,0.9430199430199431,0.3686214775323686,0.40613496932515336,0.9430199430199431,0.5677530017152659
0.47813074547790635,331,485,20,828,0.9430199430199431,0.3693830921553694,0.4056372549019608,0.9430199430199431,0.5672664952870609
0.47786513164252936,331,486,20,827,0.9430199430199431,0.37014470677837014,0.40514075887392903,0.9430199430199431,0.5667808219178082
0.4776896853037947,331,487,20,826,0.9430199430199431,0.3709063214013709,0.40464547677261614,0.9430199430199431,0.5662959794696322
0.4776642519416755,331,488,20,825,0.9430199430199431,0.37166793602437165,0.40415140415140416,0.9430199430199431,0.5658119658119659
0.4776492971697892,331,489,20,824,0.9430199430199431,0.37242955064737243,0.4036585365853659,0.9430199430199431,0.5653287788215201
0.47757948384739746,331,490,20,823,0.9430199430199431,0.3731911652703732,0.40316686967113274,0.9430199430199431,0.5648464163822525
0.47743541260998795,331,491,20,822,0.9430199430199431,0.37395277989337394,0.402676399026764,0.9430199430199431,0.5643648763853367
0.47673262984384573,332,491,19,822,0.9458689458689459,0.37395277989337394,0.40340218712029163,0.9458689458689459,0.5655877342419081
0.4765211510813286,333,491,18,822,0.9487179487179487,0.37395277989337394,0.404126213592233,0.9487179487179487,0.5668085106382978
0.4764788665876035,333,492,18,821,0.9487179487179487,0.3747143945163747,0.4036363636363636,0.9487179487179487,0.5663265306122449
0.47641967459992446,333,493,18,820,0.9487179487179487,0.37547600913937546,0.40314769975786924,0.9487179487179487,0.5658453695836873
0.4761407256872067,333,494,18,819,0.9487179487179487,0.37623762376237624,0.4026602176541717,0.9487179487179487,0.565365025466893
0.47587038575140256,333,495,18,818,0.9487179487179487,0.376999238385377,0.40217391304347827,0.9487179487179487,0.564885496183206
0.47580282475394503,333,496,18,817,0.9487179487179487,0.37776085300837775,0.4016887816646562,0.9487179487179487,0.564406779661017
0.4755495564299825,333,497,18,816,0.9487179487179487,0.37852246763137853,0.40120481927710844,0.9487179487179487,0.5639288738357324
0.4752273186156992,334,497,17,816,0.9515669515669516,0.37852246763137853,0.4019253910950662,0.9515669515669516,0.5651438240270727
0.47521207502950374,334,498,17,815,0.9515669515669516,0.37928408225437926,0.4014423076923077,0.9515669515669516,0.5646661031276415
0.4747815316838018,334,499,17,814,0.9515669515669516,0.38004569687738005,0.4009603841536615,0.9515669515669516,0.5641891891891891
0.4743946768929976,335,499,16,814,0.9544159544159544,0.38004569687738005,0.40167865707434053,0.9544159544159544,0.5654008438818565
0.47436941896515017,335,500,16,813,0.9544159544159544,0.38080731150038083,0.40119760479041916,0.9544159544159544,0.5649241146711635
0.47428523558432145,335,501,16,812,0.9544159544159544,0.38156892612338156,0.4007177033492823,0.9544159544159544,0.5644481887110363
0.4741589885238112,335,502,16,811,0.9544159544159544,0.38233054074638234,0.4002389486260454,0.9544159544159544,0.563973063973064
0.4741169136385109,335,503,16,810,0.9544159544159544,0.38309215536938307,0.3997613365155131,0.9544159544159544,0.5634987384356601
0.47410849910948727,335,504,16,809,0.9544159544159544,0.38385376999238385,0.399284862932062,0.9544159544159544,0.5630252100840337
0.47398229909336886,335,505,16,808,0.9544159544159544,0.38461538461538464,0.39880952380952384,0.9544159544159544,0.5625524769101595
0.47390178902101066,335,506,16,807,0.9544159544159544,0.38537699923838536,0.3983353151010702,0.9544159544159544,0.5620805369127517
0.4736795560946666,335,507,16,806,0.9544159544159544,0.38613861386138615,0.3978622327790974,0.9544159544159544,0.5616093880972338
0.47355248612988377,335,508,16,805,0.9544159544159544,0.3869002284843869,0.3973902728351127,0.9544159544159544,0.5611390284757118
0.47352825711628505,335,510,16,803,0.9544159544159544,0.38842345773038844,0.39644970414201186,0.9544159544159544,0.5602006688963211
0.47340221155120255,335,511,16,802,0.9544159544159544,0.38918507235338917,0.3959810874704492,0.9544159544159544,0.559732664995823
0.4730264748789918,335,512,16,801,0.9544159544159544,0.38994668697638996,0.3955135773317591,0.9544159544159544,0.5592654424040067
0.4729823019323132,335,513,16,800,0.9544159544159544,0.3907083015993907,0.39504716981132076,0.9544159544159544,0.5587989991659716
0.4719425326200059,335,514,16,799,0.9544159544159544,0.39146991622239147,0.3945818610129564,0.9544159544159544,0.5583333333333332
0.47130638476926634,335,515,16,798,0.9544159544159544,0.39223153084539225,0.3941176470588235,0.9544159544159544,0.5578684429641965
0.471301604952038,336,515,15,798,0.9572649572649573,0.39223153084539225,0.39482961222091656,0.9572649572649573,0.5590682196339434
0.4712311082783502,336,516,15,797,0.9572649572649573,0.392993145468393,0.39436619718309857,0.9572649572649573,0.5586034912718204
0.471180930630675,336,517,15,796,0.9572649572649573,0.39375476009139376,0.3939038686987104,0.9572649572649573,0.558139534883721
0.47107103635763364,336,518,15,795,0.9572649572649573,0.3945163747143945,0.39344262295081966,0.9572649572649573,0.5576763485477177
0.4710137103903593,336,519,15,794,0.9572649572649573,0.3952779893373953,0.3929824561403509,0.9572649572649573,0.5572139303482587
0.47093012252619254,336,520,15,793,0.9572649572649573,0.39603960396039606,0.3925233644859813,0.9572649572649573,0.5567522783761392
0.4708976989935576,336,521,15,792,0.9572649572649573,0.3968012185833968,0.3920653442240373,0.9572649572649573,0.5562913907284769
0.46988652497634986,336,522,15,791,0.9572649572649573,0.39756283320639757,0.3916083916083916,0.9572649572649573,0.5558312655086849
0.469818622338945,337,522,14,791,0.9601139601139601,0.39756283320639757,0.39231664726426074,0.9601139601139601,0.5570247933884297
0.469703091284768,337,523,14,790,0.9601139601139601,0.3983244478293983,0.3918604651162791,0.9601139601139601,0.5565648224607762
0.4696364058798631,337,524,14,789,0.9601139601139601,0.3990860624523991,0.3914053426248548,0.9601139601139601,0.5561056105610561
0.4695113962626485,337,525,14,788,0.9601139601139601,0.39984767707539987,0.3909512761020882,0.9601139601139601,0.5556471558120363
0.46949473082803167,337,526,14,787,0.9601139601139601,0.4006092916984006,0.3904982618771727,0.9601139601139601,0.5551894563426689
0.4694483088078641,337,527,14,786,0.9601139601139601,0.4013709063214014,0.3900462962962963,0.9601139601139601,0.5547325102880658
0.4692448202823185,337,528,14,785,0.9601139601139601,0.4021325209444021,0.3895953757225434,0.9601139601139601,0.5542763157894737
0.4691781999397646,337,529,14,784,0.9601139601139601,0.4028941355674029,0.3891454965357968,0.9601139601139601,0.5538208709942481
0.4688430372068583,337,530,14,783,0.9601139601139601,0.4036557501904037,0.3886966551326413,0.9601139601139601,0.5533661740558291
0.4687620370357463,337,531,14,782,0.9601139601139601,0.4044173648134044,0.3882488479262673,0.9601139601139601,0.5529122231337161
0.4684709426596075,337,532,14,781,0.9601139601139601,0.4051789794364052,0.3878020713463751,0.9601139601139601,0.5524590163934425
0.4678754686120634,337,533,14,780,0.9601139601139601,0.40594059405940597,0.3873563218390805,0.9601139601139601,0.552006552006552
0.46770664207517804,337,534,14,779,0.9601139601139601,0.4067022086824067,0.3869115958668197,0.9601139601139601,0.5515548281505728
0.4674991672440142,337,535,14,778,0.9601139601139601,0.4074638233054075,0.38646788990825687,0.9601139601139601,0.5511038430089942
0.4674327947379805,337,536,14,777,0.9601139601139601,0.4082254379284082,0.38602520045819017,0.9601139601139601,0.5506535947712419
0.46710107352814034,337,537,14,776,0.9601139601139601,0.408987052551409,0.38558352402745993,0.9601139601139601,0.5502040816326531
0.46680154218051456,337,538,14,775,0.9601139601139601,0.4097486671744098,0.3851428571428571,0.9601139601139601,0.5497553017944534
0.46652112776885307,337,539,14,774,0.9601139601139601,0.4105102817974105,0.384703196347032,0.9601139601139601,0.5493072534637327
0.4663555612740601,337,540,14,773,0.9601139601139601,0.4112718964204113,0.38426453819840367,0.9601139601139601,0.5488599348534202
0.46633427841675795,337,541,14,772,0.9601139601139601,0.412033511043412,0.3838268792710706,0.9601139601139601,0.548413344182262
0.46613213970852113,337,542,14,771,0.9601139601139601,0.4127951256664128,0.3833902161547213,0.9601139601139601,0.5479674796747968
0.46604941814624345,337,543,14,770,0.9601139601139601,0.4135567402894136,0.38295454545454544,0.9601139601139601,0.5475223395613322
0.465776541131721,337,544,14,769,0.9601139601139601,0.4143183549124143,0.38251986379114644,0.9601139601139601,0.547077922077922
0.4656112388877672,337,545,14,768,0.9601139601139601,0.4150799695354151,0.3820861678004535,0.9601139601139601,0.5466342254663423
0.4655693322863815,337,546,14,767,0.9601139601139601,0.4158415841584158,0.38165345413363533,0.9601139601139601,0.546191247974068
0.46555339696308146,337,547,14,766,0.9601139601139601,0.4166031987814166,0.38122171945701355,0.9601139601139601,0.545748987854251
0.4654542560948905,337,548,14,765,0.9601139601139601,0.4173648134044174,0.3807909604519774,0.9601139601139601,0.5453074433656958
0.4654459953089231,337,549,14,764,0.9601139601139601,0.4181264280274181,0.3803611738148984,0.9601139601139601,0.5448666127728375
0.46497065716562686,337,550,14,763,0.9601139601139601,0.4188880426504189,0.37993235625704624,0.9601139601139601,0.5444264943457189
0.4649341128063911,337,551,14,762,0.9601139601139601,0.41964965727341963,0.3795045045045045,0.9601139601139601,0.5439870863599677
0.46490935858201415,337,552,14,761,0.9601139601139601,0.4204112718964204,0.37907761529808776,0.9601139601139601,0.5435483870967742
0.464868104470185,337,554,14,759,0.9601139601139601,0.4219345011424219,0.3782267115600449,0.9601139601139601,0.5426731078904992
0.46474436409770203,337,555,14,758,0.9601139601139601,0.4226961157654227,0.3778026905829596,0.9601139601139601,0.5422365245374094
0.4646206566629055,337,556,14,757,0.9601139601139601,0.42345773038842344,0.37737961926091823,0.9601139601139601,0.5418006430868167
0.46457942816927683,337,557,14,756,0.9601139601139601,0.4242193450114242,0.3769574944071588,0.9601139601139601,0.5413654618473895
0.46450522609980655,337,558,14,755,0.9601139601139601,0.424980959634425,0.376536312849162,0.9601139601139601,0.5409309791332264
0.46445358239353784,337,559,14,754,0.9601139601139601,0.42574257425742573,0.37611607142857145,0.9601139601139601,0.5404971932638332
0.46443927865415924,337,560,14,753,0.9601139601139601,0.4265041888804265,0.3756967670011148,0.9601139601139601,0.5400641025641025
0.46440180719655605,337,561,14,752,0.9601139601139601,0.42726580350342724,0.3752783964365256,0.9601139601139601,0.5396317053642914
0.4642085363176537,337,562,14,751,0.9601139601139601,0.428027418126428,0.37486095661846497,0.9601139601139601,0.5392
0.4640684986893523,337,563,14,750,0.9601139601139601,0.4287890327494288,0.37444444444444447,0.9601139601139601,0.5387689848121503
0.4639038026228754,337,564,14,749,0.9601139601139601,0.42955064737242954,0.37402885682574916,0.9601139601139601,0.5383386581469649
0.463808540877405,338,564,13,749,0.9629629629629629,0.42955064737242954,0.37472283813747226,0.9629629629629629,0.5395051875498803
0.4635499039792676,338,565,13,748,0.9629629629629629,0.4303122619954303,0.3743078626799557,0.9629629629629629,0.5390749601275916
0.4635334501494397,338,566,13,747,0.9629629629629629,0.43107387661843105,0.37389380530973454,0.9629629629629629,0.5386454183266932
0.4634417895026312,339,566,12,747,0.9658119658119658,0.43107387661843105,0.37458563535911604,0.9658119658119658,0.5398089171974523
0.463183357118705,339,567,12,746,0.9658119658119658,0.43183549124143183,0.3741721854304636,0.9658119658119658,0.5393794749403341
0.4628100595357854,339,568,12,745,0.9658119658119658,0.4325971058644326,0.3737596471885336,0.9658119658119658,0.5389507154213036
0.4625713304430247,340,568,11,745,0.9686609686609686,0.4325971058644326,0.3744493392070485,0.9686609686609686,0.5401111993645751
0.46240990131692333,340,569,11,744,0.9686609686609686,0.43335872048743335,0.37403740374037403,0.9686609686609686,0.5396825396825397
0.4622436452404847,340,570,11,743,0.9686609686609686,0.43412033511043413,0.37362637362637363,0.9686609686609686,0.5392545598731165
0.4618664208800536,340,571,11,742,0.9686609686609686,0.43488194973343486,0.3732162458836443,0.9686609686609686,0.5388272583201268
0.46156322468714156,340,572,11,741,0.9686609686609686,0.43564356435643564,0.37280701754385964,0.9686609686609686,0.5384006334125099
0.461358475078095,340,573,11,740,0.9686609686609686,0.4364051789794364,0.3723986856516977,0.9686609686609686,0.5379746835443038
0.46129297438779143,340,574,11,739,0.9686609686609686,0.43716679360243715,0.37199124726477023,0.9686609686609686,0.5375494071146245
0.4612520411787688,340,575,11,738,0.9686609686609686,0.43792840822543794,0.37158469945355194,0.9686609686609686,0.5371248025276462
0.46092704352301644,341,575,10,738,0.9715099715099715,0.43792840822543794,0.3722707423580786,0.9715099715099715,0.5382794001578531
0.4607973422508295,341,576,10,737,0.9715099715099715,0.43869002284843867,0.3718647764449291,0.9715099715099715,0.5378548895899053
0.46055906751230685,342,576,9,737,0.9743589743589743,0.43869002284843867,0.37254901960784315,0.9743589743589743,0.5390070921985815
0.4605583012874073,342,577,9,736,0.9743589743589743,0.43945163747143945,0.3721436343852013,0.9743589743589743,0.5385826771653544
0.4605514774508364,342,578,9,735,0.9743589743589743,0.44021325209444023,0.3717391304347826,0.9743589743589743,0.5381589299763966
0.46039211505141836,343,578,8,735,0.9772079772079773,0.44021325209444023,0.3724212812160695,0.9772079772079773,0.5393081761006289
0.46031157921792026,343,579,8,734,0.9772079772079773,0.44097486671744096,0.3720173535791757,0.9772079772079773,0.5388845247446976
0.46018905171878033,343,580,8,733,0.9772079772079773,0.44173648134044174,0.37161430119176597,0.9772079772079773,0.5384615384615384
0.4601272168917163,344,580,7,733,0.98005698005698,0.44173648134044174,0.3722943722943723,0.98005698005698,0.539607843137255
0.46009046994055236,345,580,6,733,0.9829059829059829,0.44173648134044174,0.372972972972973,0.9829059829059829,0.5407523510971787
0.4599975463031768,346,580,5,733,0.9857549857549858,0.44173648134044174,0.37365010799136067,0.9857549857549858,0.5418950665622553
0.45994409455633606,346,581,5,732,0.9857549857549858,0.4424980959634425,0.3732470334412082,0.9857549857549858,0.541471048513302
0.4596845168481939,346,582,5,731,0.9857549857549858,0.44325971058644326,0.3728448275862069,0.9857549857549858,0.5410476935105551
0.4595850598927555,346,583,5,730,0.9857549857549858,0.44402132520944404,0.37244348762109797,0.9857549857549858,0.540625
0.45888411935612267,346,584,5,729,0.9857549857549858,0.44478293983244477,0.3720430107526882,0.9857549857549858,0.5402029664324747
0.45880268405479097,346,585,5,728,0.9857549857549858,0.44554455445544555,0.3716433941997852,0.9857549857549858,0.5397815912636506
0.4587776746848408,346,586,5,727,0.9857549857549858,0.4463061690784463,0.37124463519313305,0.9857549857549858,0.539360872954014
0.45870711296022604,346,587,5,726,0.9857549857549858,0.44706778370144706,0.3708467309753483,0.9857549857549858,0.5389408099688473
0.45862570907111494,346,588,5,725,0.9857549857549858,0.44782939832444785,0.37044967880085655,0.9857549857549858,0.5385214007782101
0.4585421881940868,346,589,5,724,0.9857549857549858,0.4485910129474486,0.3700534759358289,0.9857549857549858,0.5381026438569206
0.4585177742913418,346,590,5,723,0.9857549857549858,0.44935262757044936,0.3696581196581197,0.9857549857549858,0.5376845376845378
0.4578672161687603,346,591,5,722,0.9857549857549858,0.4501142421934501,0.36926360725720386,0.9857549857549858,0.5372670807453417
0.45780541965982824,346,592,5,721,0.9857549857549858,0.45087585681645087,0.36886993603411516,0.9857549857549858,0.5368502715283165
0.45778944338531535,346,593,5,720,0.9857549857549858,0.45163747143945165,0.36847710330138445,0.9857549857549858,0.5364341085271318
0.4574634058709994,347,593,4,720,0.9886039886039886,0.45163747143945165,0.36914893617021277,0.9886039886039886,0.5375677769171185
0.4574042567037148,347,594,4,719,0.9886039886039886,0.4523990860624524,0.3687566418703507,0.9886039886039886,0.5371517027863777
0.4572825030868169,347,595,4,718,0.9886039886039886,0.45316070068545317,0.36836518046709127,0.9886039886039886,0.5367362722351121
0.45725815625277466,347,596,4,717,0.9886039886039886,0.45392231530845395,0.3679745493107105,0.9886039886039886,0.5363214837712519
0.4571770095009693,347,597,4,716,0.9886039886039886,0.4546839299314547,0.3675847457627119,0.9886039886039886,0.5359073359073359
0.4571171247071424,347,598,4,715,0.9886039886039886,0.45544554455445546,0.3671957671957672,0.9886039886039886,0.5354938271604938
0.4567541204060011,347,599,4,714,0.9886039886039886,0.4562071591774562,0.3668076109936575,0.9886039886039886,0.5350809560524287
0.4567494881725232,348,599,3,714,0.9914529914529915,0.4562071591774562,0.36747624076029567,0.9914529914529915,0.5362095531587057
0.45662848771690867,348,600,3,713,0.9914529914529915,0.456968773800457,0.3670886075949367,0.9914529914529915,0.535796766743649
0.4565619221908881,349,600,2,713,0.9943019943019943,0.456968773800457,0.3677555321390938,0.9943019943019943,0.536923076923077
0.45616138343856516,349,601,2,712,0.9943019943019943,0.45773038842345776,0.36736842105263157,0.9943019943019943,0.5365103766333589
0.4561557934260321,349,602,2,711,0.9943019943019943,0.4584920030464585,0.3669821240799159,0.9943019943019943,0.5360983102918586
0.4561476976672591,349,603,2,710,0.9943019943019943,0.45925361766945927,0.36659663865546216,0.9943019943019943,0.5356868764389869
0.45614769766725904,349,604,2,709,0.9943019943019943,0.46001523229246,0.36621196222455404,0.9943019943019943,0.5352760736196319
0.4561234112530208,349,605,2,708,0.9943019943019943,0.4607768469154608,0.3658280922431866,0.9943019943019943,0.5348659003831417
0.4560829367694072,349,606,2,707,0.9943019943019943,0.46153846153846156,0.36544502617801045,0.9943019943019943,0.5344563552833077
0.45598793221299494,349,607,2,706,0.9943019943019943,0.4623000761614623,0.36506276150627615,0.9943019943019943,0.5340474368783473
0.4559210747471296,349,608,2,705,0.9943019943019943,0.4630616907844631,0.36468129571577845,0.9943019943019943,0.5336391437308868
0.45575927016904083,349,609,2,704,0.9943019943019943,0.4638233054074638,0.36430062630480164,0.9943019943019943,0.5332314744079449
0.4557047703693146,349,610,2,703,0.9943019943019943,0.4645849200304646,0.36392075078206465,0.9943019943019943,0.5328244274809161
0.4553630915984388,349,611,2,702,0.9943019943019943,0.46534653465346537,0.36354166666666665,0.9943019943019943,0.532418001525553
0.45528920719966703,349,612,2,701,0.9943019943019943,0.4661081492764661,0.3631633714880333,0.9943019943019943,0.5320121951219513
0.45522727340071334,349,613,2,700,0.9943019943019943,0.4668697638994669,0.3627858627858628,0.9943019943019943,0.5316070068545317
0.4551707093492451,349,614,2,699,0.9943019943019943,0.4676313785224676,0.3624091381100727,0.9943019943019943,0.5312024353120244
0.45513224265384655,349,615,2,698,0.9943019943019943,0.4683929931454684,0.3620331950207469,0.9943019943019943,0.5307984790874525
0.4550560881873176,349,617,2,696,0.9943019943019943,0.4699162223914699,0.3612836438923395,0.9943019943019943,0.5299924069855733
0.4549188115748723,349,618,2,695,0.9943019943019943,0.4706778370144707,0.3609100310237849,0.9943019943019943,0.5295902883156297
0.4549026641080151,349,619,2,694,0.9943019943019943,0.4714394516374714,0.3605371900826446,0.9943019943019943,0.529188779378317
0.454813863284967,349,620,2,693,0.9943019943019943,0.4722010662604722,0.36016511867905054,0.9943019943019943,0.5287878787878788
0.45470893920629074,349,621,2,692,0.9943019943019943,0.472962680883473,0.3597938144329897,0.9943019943019943,0.5283875851627555
0.45435399113119374,349,622,2,691,0.9943019943019943,0.4737242955064737,0.35942327497425336,0.9943019943019943,0.5279878971255674
0.4543298002182596,349,623,2,690,0.9943019943019943,0.4744859101294745,0.35905349794238683,0.9943019943019943,0.527588813303099
0.4542541639279034,350,623,1,690,0.9971509971509972,0.4744859101294745,0.3597122302158273,0.9971509971509972,0.5287009063444108
0.45404306326469523,350,624,1,689,0.9971509971509972,0.4752475247524752,0.3593429158110883,0.9971509971509972,0.5283018867924528
0.45378929668624746,350,625,1,688,0.9971509971509972,0.476009139375476,0.358974358974359,0.9971509971509972,0.5279034690799397
0.45376110915621626,350,626,1,687,0.9971509971509972,0.4767707539984768,0.35860655737704916,0.9971509971509972,0.5275056518462697
0.4537012883635251,350,627,1,686,0.9971509971509972,0.4775323686214775,0.35823950870010235,0.9971509971509972,0.5271084337349398
0.4533304604939663,350,628,1,685,0.9971509971509972,0.4782939832444783,0.35787321063394684,0.9971509971509972,0.5267118133935289
0.45317819271583304,350,629,1,684,0.9971509971509972,0.47905559786747903,0.3575076608784474,0.9971509971509972,0.5263157894736842
0.4531621070327153,350,630,1,683,0.9971509971509972,0.4798172124904798,0.35714285714285715,0.9971509971509972,0.5259203606311045
0.45288069998518504,350,631,1,682,0.9971509971509972,0.4805788271134806,0.3567787971457696,0.9971509971509972,0.5255255255255256
0.45271997442402007,350,632,1,681,0.9971509971509972,0.48134044173648133,0.3564154786150713,0.9971509971509972,0.5251312828207052
0.4527033311082297,350,633,1,680,0.9971509971509972,0.4821020563594821,0.3560528992878942,0.9971509971509972,0.5247376311844079
0.452692872463785,350,634,1,679,0.9971509971509972,0.48286367098248284,0.3556910569105691,0.9971509971509972,0.5243445692883896
0.4523891186145953,350,635,1,678,0.9971509971509972,0.4836252856054836,0.3553299492385787,0.9971509971509972,0.5239520958083832
0.4523560654505331,350,636,1,677,0.9971509971509972,0.4843869002284844,0.35496957403651114,0.9971509971509972,0.5235602094240837
0.4523379063541507,350,637,1,676,0.9971509971509972,0.48514851485148514,0.3546099290780142,0.9971509971509972,0.523168908819133
0.45216934827769184,350,638,1,675,0.9971509971509972,0.4859101294744859,0.354251012145749,0.9971509971509972,0.5227781926811054
0.45216075006010453,350,639,1,674,0.9971509971509972,0.48667174409748665,0.3538928210313448,0.9971509971509972,0.5223880597014925
0.45211776142459414,350,640,1,673,0.9971509971509972,0.48743335872048743,0.35353535353535354,0.9971509971509972,0.5219985085756899
0.4520785565618133,350,641,1,672,0.9971509971509972,0.4881949733434882,0.35317860746720486,0.9971509971509972,0.5216095380029806
0.45205357267100765,350,643,1,670,0.9971509971509972,0.4897182025894897,0.35246727089627394,0.9971509971509972,0.5208333333333335
0.4520214817117092,350,644,1,669,0.9971509971509972,0.49047981721249045,0.352112676056338,0.9971509971509972,0.520446096654275
0.4519594074530533,350,645,1,668,0.9971509971509972,0.49124143183549124,0.35175879396984927,0.9971509971509972,0.5200594353640416
0.45191720182637785,350,646,1,667,0.9971509971509972,0.492003046458492,0.3514056224899598,0.9971509971509972,0.5196733481811433
0.4518610610836959,350,647,1,666,0.9971509971509972,0.49276466108149275,0.3510531594784353,0.9971509971509972,0.5192878338278931
0.45186106108369584,350,648,1,665,0.9971509971509972,0.49352627570449353,0.35070140280561124,0.9971509971509972,0.518902891030393
0.45186048825492187,350,649,1,664,0.9971509971509972,0.49428789032749426,0.35035035035035034,0.9971509971509972,0.5185185185185185
0.4517510912733114,351,649,0,664,1.0,0.49428789032749426,0.351,1.0,0.5196150999259808
0.4515985906554835,351,650,0,663,1.0,0.49504950495049505,0.35064935064935066,1.0,0.5192307692307693
0.4514831519716281,351,651,0,662,1.0,0.49581111957349583,0.3502994011976048,1.0,0.5188470066518847
0.45132749959337215,351,652,0,661,1.0,0.49657273419649656,0.34995014955134596,1.0,0.518463810930576
0.45115494882796847,351,653,0,660,1.0,0.49733434881949734,0.34960159362549803,1.0,0.5180811808118082
0.451140825699923,351,654,0,659,1.0,0.49809596344249807,0.3492537313432836,1.0,0.5176991150442478
0.451011210010217,351,655,0,658,1.0,0.49885757806549885,0.3489065606361829,1.0,0.5173176123802505
0.45091573757085757,351,656,0,657,1.0,0.49961919268849964,0.3485600794438927,1.0,0.5169366715758468
0.45061516002765883,351,657,0,656,1.0,0.5003808073115004,0.3482142857142857,1.0,0.5165562913907285
0.4504757966573082,351,658,0,655,1.0,0.5011424219345011,0.3478691774033697,1.0,0.5161764705882353
0.45041184101925225,351,659,0,654,1.0,0.5019040365575019,0.3475247524752475,1.0,0.5157972079353417
0.4501960577692728,351,660,0,653,1.0,0.5026656511805027,0.34718100890207715,1.0,0.5154185022026432
0.4496732030964703,351,661,0,652,1.0,0.5034272658035034,0.3468379446640316,1.0,0.5150403521643433
0.449537343106754,351,662,0,651,1.0,0.5041888804265042,0.3464955577492596,1.0,0.5146627565982405
0.4493115533372245,351,663,0,650,1.0,0.504950495049505,0.34615384615384615,1.0,0.5142857142857142
0.44916651935573787,351,664,0,649,1.0,0.5057121096725057,0.3458128078817734,1.0,0.513909224011713
0.449054928225402,351,665,0,648,1.0,0.5064737242955065,0.3454724409448819,1.0,0.5135332845647402
0.44905032232286796,351,666,0,647,1.0,0.5072353389185073,0.34513274336283184,1.0,0.5131578947368421
0.4489786522867576,351,667,0,646,1.0,0.507996953541508,0.34479371316306484,1.0,0.5127830533235939
0.448919461980803,351,668,0,645,1.0,0.5087585681645087,0.34445534838076547,1.0,0.5124087591240876
0.4488625555839234,351,669,0,644,1.0,0.5095201827875095,0.34411764705882353,1.0,0.512035010940919
0.4488397950450385,351,670,0,643,1.0,0.5102817974105103,0.3437806072477963,1.0,0.511661807580175
0.44883467408284405,351,671,0,642,1.0,0.511043412033511,0.34344422700587085,1.0,0.5112891478514202
0.4488179839449326,351,672,0,641,1.0,0.5118050266565118,0.34310850439882695,1.0,0.5109170305676856
0.44872032114934657,351,673,0,640,1.0,0.5125666412795126,0.3427734375,1.0,0.5105454545454545
0.4486496000063293,351,674,0,639,1.0,0.5133282559025133,0.34243902439024393,1.0,0.5101744186046512
0.4486422062141256,351,675,0,638,1.0,0.5140898705255141,0.34210526315789475,1.0,0.5098039215686275
0.44858912615547464,351,676,0,637,1.0,0.5148514851485149,0.34177215189873417,1.0,0.5094339622641509
0.4484357979829062,351,677,0,636,1.0,0.5156130997715156,0.3414396887159533,1.0,0.5090645395213923
0.44841665933256203,351,678,0,635,1.0,0.5163747143945163,0.34110787172011664,1.0,0.5086956521739131
0.4482427435021291,351,679,0,634,1.0,0.5171363290175172,0.3407766990291262,1.0,0.5083272990586531
0.44816319665937054,351,680,0,633,1.0,0.5178979436405179,0.34044616876818623,1.0,0.507959479015919
0.44815865155190376,351,681,0,632,1.0,0.5186595582635186,0.34011627906976744,1.0,0.5075921908893709
0.4481393353594099,351,682,0,631,1.0,0.5194211728865195,0.33978702807357214,1.0,0.5072254335260116
0.44813933535940986,351,683,0,630,1.0,0.5201827875095202,0.33945841392649906,1.0,0.5068592057761733
0.44809445683258087,351,684,0,629,1.0,0.5209444021325209,0.3391304347826087,1.0,0.5064935064935064
0.44780541052472955,351,685,0,628,1.0,0.5217060167555218,0.3388030888030888,1.0,0.5061283345349675
0.44772934682768295,351,686,0,627,1.0,0.5224676313785225,0.33847637415621984,1.0,0.5057636887608069
0.44750350246260034,351,687,0,626,1.0,0.5232292460015232,0.33815028901734107,1.0,0.5053995680345572
0.44738587949308056,351,688,0,625,1.0,0.523990860624524,0.33782483156881615,1.0,0.5050359712230216
0.44719176524685644,351,689,0,624,1.0,0.5247524752475248,0.3375,1.0,0.5046728971962617
0.44714567613577816,351,690,0,623,1.0,0.5255140898705255,0.3371757925072046,1.0,0.5043103448275862
0.44713244979890315,351,691,0,622,1.0,0.5262757044935262,0.33685220729366605,1.0,0.5039483129935391
0.44705102197308283,351,692,0,621,1.0,0.5270373191165271,0.336529242569511,1.0,0.503586800573888
0.4465989989963944,351,693,0,620,1.0,0.5277989337395278,0.33620689655172414,1.0,0.5032258064516129
0.44656937102483196,351,694,0,619,1.0,0.5285605483625285,0.33588516746411484,1.0,0.502865329512894
0.44636127577560925,351,695,0,618,1.0,0.5293221629855294,0.3355640535372849,1.0,0.5025053686471009
0.44633751041430453,351,696,0,617,1.0,0.5300837776085301,0.335243553008596,1.0,0.5021459227467812
0.4462345418026606,351,697,0,616,1.0,0.5308453922315308,0.3349236641221374,1.0,0.5017869907076483
0.44607165099497537,351,698,0,615,1.0,0.5316070068545317,0.334604385128694,1.0,0.5014285714285714
0.44601932562873237,351,699,0,614,1.0,0.5323686214775324,0.3342857142857143,1.0,0.5010706638115632
0.44587829538830764,351,700,0,613,1.0,0.5331302361005331,0.3339676498572788,1.0,0.5007132667617689
0.4456863248075105,351,701,0,612,1.0,0.5338918507235338,0.33365019011406843,1.0,0.5003563791874555
0.4455633887780348,351,702,0,611,1.0,0.5346534653465347,0.3333333333333333,1.0,0.5
0.4454037425383021,351,703,0,610,1.0,0.5354150799695354,0.33301707779886147,1.0,0.499644128113879
0.44538341584965196,351,704,0,609,1.0,0.5361766945925361,0.33270142180094786,1.0,0.49928876244665715
0.44537212364568113,351,705,0,608,1.0,0.536938309215537,0.33238636363636365,1.0,0.4989339019189765
0.4453561215826381,351,706,0,607,1.0,0.5376999238385377,0.33207190160832545,1.0,0.49857954545454547
0.4453338382298768,351,707,0,606,1.0,0.5384615384615384,0.33175803402646503,1.0,0.4982256919801278
0.4453246995153297,351,708,0,605,1.0,0.5392231530845393,0.3314447592067989,1.0,0.49787234042553197
0.4453166739231471,351,709,0,604,1.0,0.53998476770754,0.3311320754716981,1.0,0.4975194897236003
0.44526486198621196,351,710,0,603,1.0,0.5407463823305407,0.3308199811498586,1.0,0.49716713881019825
0.44495570306115256,351,711,0,602,1.0,0.5415079969535415,0.3305084745762712,1.0,0.4968152866242038
0.44481126166954693,351,712,0,601,1.0,0.5422696115765423,0.3301975540921919,1.0,0.49646393210749645
0.44475600368316687,351,713,0,600,1.0,0.543031226199543,0.3298872180451128,1.0,0.49611307420494694
0.4443299584582324,351,714,0,599,1.0,0.5437928408225438,0.3295774647887324,1.0,0.4957627118644068
0.4442905134086565,351,715,0,598,1.0,0.5445544554455446,0.32926829268292684,1.0,0.4954128440366972
0.44428264529975164,351,716,0,597,1.0,0.5453160700685453,0.3289597000937207,1.0,0.49506346967559944
0.4442582515030782,351,717,0,596,1.0,0.546077684691546,0.32865168539325845,1.0,0.4947145877378436
0.4442459229812498,351,718,0,595,1.0,0.5468392993145469,0.3283442469597755,1.0,0.4943661971830986
0.44395345318106977,351,719,0,594,1.0,0.5476009139375476,0.3280373831775701,1.0,0.494018296973962
0.44393863290791363,351,720,0,593,1.0,0.5483625285605483,0.3277310924369748,1.0,0.4936708860759494
0.44389644303272396,351,721,0,592,1.0,0.5491241431835491,0.32742537313432835,1.0,0.49332396345748414
0.44387916919232506,351,722,0,591,1.0,0.5498857578065499,0.3271202236719478,1.0,0.4929775280898876
0.4437207177675716,351,723,0,590,1.0,0.5506473724295506,0.3268156424581006,1.0,0.4926315789473684
0.4436995304142421,351,724,0,589,1.0,0.5514089870525514,0.32651162790697674,1.0,0.49228611500701264
0.44367140717173087,351,725,0,588,1.0,0.5521706016755522,0.32620817843866173,1.0,0.4919411352487737
0.44323639211894605,351,726,0,587,1.0,0.5529322162985529,0.32590529247910865,1.0,0.4915966386554622
0.44271178693792496,351,727,0,586,1.0,0.5536938309215537,0.32560296846011133,1.0,0.4912526242127362
0.44256627685306654,351,728,0,585,1.0,0.5544554455445545,0.3253012048192771,1.0,0.4909090909090909
0.4425198877083923,351,729,0,584,1.0,0.5552170601675552,0.325,1.0,0.4905660377358491
0.4422921854958416,351,730,0,583,1.0,0.555978674790556,0.32469935245143383,1.0,0.4902234636871508
0.4422344373134085,351,731,0,582,1.0,0.5567402894135567,0.3243992606284658,1.0,0.4898813677599442
0.442182302228075,351,732,0,581,1.0,0.5575019040365575,0.32409972299168976,1.0,0.4895397489539749
0.4421744544679365,351,733,0,580,1.0,0.5582635186595583,0.3238007380073801,1.0,0.489198606271777
0.4419895118794774,351,734,0,579,1.0,0.559025133282559,0.32350230414746545,1.0,0.488857938718663
0.44198615000305774,351,735,0,578,1.0,0.5597867479055598,0.32320441988950277,1.0,0.48851774530271397
0.4414530560562209,351,736,0,577,1.0,0.5605483625285606,0.32290708371665133,1.0,0.48817802503477054
0.44142955202048656,351,737,0,576,1.0,0.5613099771515613,0.3226102941176471,1.0,0.4878387769284225
0.4413767657717955,351,738,0,575,1.0,0.5620715917745621,0.32231404958677684,1.0,0.48749999999999993
0.44123149107894044,351,739,0,574,1.0,0.5628332063975628,0.3220183486238532,1.0,0.48716169326856346
0.44066579307876513,351,740,0,573,1.0,0.5635948210205636,0.32172318973418884,1.0,0.48682385575589465
0.4406613240072273,351,741,0,572,1.0,0.5643564356435643,0.32142857142857145,1.0,0.4864864864864865
0.4406467998377441,351,742,0,571,1.0,0.5651180502665651,0.3211344922232388,1.0,0.48614958448753465
0.440451328762128,351,743,0,570,1.0,0.5658796648895659,0.32084095063985374,1.0,0.48581314878892734
0.44035306750268055,351,744,0,569,1.0,0.5666412795125666,0.32054794520547947,1.0,0.4854771784232365
0.4401700027372808,351,745,0,568,1.0,0.5674028941355674,0.32025547445255476,1.0,0.4851416724257084
0.43994295195640687,351,746,0,567,1.0,0.5681645087585682,0.31996353691886964,1.0,0.48480662983425415
0.4398498225044774,351,747,0,566,1.0,0.5689261233815689,0.319672131147541,1.0,0.484472049689441
0.43974628962269674,351,748,0,565,1.0,0.5696877380045697,0.31938125568698816,1.0,0.48413793103448277
0.4396953937665478,351,749,0,564,1.0,0.5704493526275705,0.3190909090909091,1.0,0.48380427291523087
0.43946691644692565,351,750,0,563,1.0,0.5712109672505712,0.3188010899182561,1.0,0.4834710743801653
0.4394596739863047,351,751,0,562,1.0,0.571972581873572,0.31851179673321234,1.0,0.4831383344803854
0.4389939931001083,351,752,0,561,1.0,0.5727341964965728,0.3182230281051677,1.0,0.4828060522696011
0.4388610055851434,351,753,0,560,1.0,0.5734958111195735,0.3179347826086957,1.0,0.4824742268041237
0.4386337032492237,351,754,0,559,1.0,0.5742574257425742,0.3176470588235294,1.0,0.4821428571428571
0.43860256495684224,351,755,0,558,1.0,0.575019040365575,0.31735985533453887,1.0,0.4818119423472889
0.4385869966395932,351,756,0,557,1.0,0.5757806549885758,0.3170731707317073,1.0,0.48148148148148145
0.43847208787772735,351,757,0,556,1.0,0.5765422696115765,0.3167870036101083,1.0,0.48115147361206306
0.4384313438569578,351,758,0,555,1.0,0.5773038842345773,0.31650135256988277,1.0,0.48082191780821915
0.43798026310244037,351,759,0,554,1.0,0.5780654988575781,0.3162162162162162,1.0,0.48049281314168374
0.4379525023672805,351,760,0,553,1.0,0.5788271134805788,0.3159315931593159,1.0,0.4801641586867305
0.4379214124328616,351,761,0,552,1.0,0.5795887281035796,0.31564748201438847,1.0,0.47983595352016406
0.4377154973552276,351,762,0,551,1.0,0.5803503427265804,0.31536388140161725,1.0,0.47950819672131145
0.4376927471836813,351,763,0,550,1.0,0.5811119573495811,0.31508078994614,1.0,0.47918088737201364
0.43753371397630236,351,764,0,549,1.0,0.5818735719725818,0.3147982062780269,1.0,0.4788540245566167
0.43750394790255354,351,765,0,548,1.0,0.5826351865955827,0.31451612903225806,1.0,0.4785276073619632
0.43740246266487676,351,766,0,547,1.0,0.5833968012185834,0.3142345568487019,1.0,0.4782016348773842
0.4372056595179586,351,767,0,546,1.0,0.5841584158415841,0.313953488372093,1.0,0.47787610619469023
0.4370499429131058,351,768,0,545,1.0,0.584920030464585,0.3136729222520107,1.0,0.4775510204081633
0.43689041641611204,351,769,0,544,1.0,0.5856816450875857,0.31339285714285714,1.0,0.477226376614548
0.4367770647296119,351,770,0,543,1.0,0.5864432597105864,0.31311329170383584,1.0,0.4769021739130435
0.4367693129005118,351,771,0,542,1.0,0.5872048743335873,0.31283422459893045,1.0,0.47657841140529533
0.43665605612040514,351,772,0,541,1.0,0.587966488956588,0.31255565449688333,1.0,0.4762550881953867
0.4364748453175928,351,773,0,540,1.0,0.5887281035795887,0.3122775800711744,1.0,0.47593220338983055
0.43631994212907005,351,774,0,539,1.0,0.5894897182025894,0.312,1.0,0.47560975609756095
0.4361472161729934,351,775,0,538,1.0,0.5902513328255903,0.3117229129662522,1.0,0.4752877454299255
0.43608713758471107,351,776,0,537,1.0,0.591012947448591,0.3114463176574978,1.0,0.47496617050067663
0.4360600496402033,351,777,0,536,1.0,0.5917745620715917,0.31117021276595747,1.0,0.4746450304259635
0.43597769051317903,351,778,0,535,1.0,0.5925361766945926,0.31089459698848537,1.0,0.4743243243243243
0.4358478268581593,351,779,0,534,1.0,0.5932977913175933,0.3106194690265487,1.0,0.47400405131667794
0.4356235578088631,351,780,0,533,1.0,0.594059405940594,0.3103448275862069,1.0,0.4736842105263158
0.4356003641498114,351,781,0,532,1.0,0.5948210205635949,0.31007067137809186,1.0,0.4733648010788941
0.43544173476920245,351,782,0,531,1.0,0.5955826351865956,0.30979699911738745,1.0,0.47304582210242585
0.43539498849728814,351,783,0,530,1.0,0.5963442498095963,0.30952380952380953,1.0,0.4727272727272727
0.43536849546722695,351,784,0,529,1.0,0.597105864432597,0.3092511013215859,1.0,0.47240915208613726
0.435262171608698,351,785,0,528,1.0,0.5978674790555979,0.3089788732394366,1.0,0.4720914593140552
0.4351213049103891,351,786,0,527,1.0,0.5986290936785986,0.3087071240105541,1.0,0.4717741935483871
0.43454172309959926,351,787,0,526,1.0,0.5993907083015994,0.3084358523725835,1.0,0.4714573539288113
0.4345255920112292,351,788,0,525,1.0,0.6001523229246002,0.30816505706760317,1.0,0.47114093959731546
0.4342880724796298,351,789,0,524,1.0,0.6009139375476009,0.3078947368421053,1.0,0.47082494969818917
0.4342341217673568,351,790,0,523,1.0,0.6016755521706016,0.30762489044697633,1.0,0.4705093833780161
0.4341295425401758,351,791,0,522,1.0,0.6024371667936025,0.3073555166374781,1.0,0.47019423978566643
0.43397443146561626,351,792,0,521,1.0,0.6031987814166032,0.30708661417322836,1.0,0.4698795180722892
0.43378625949873945,351,793,0,520,1.0,0.6039603960396039,0.3068181818181818,1.0,0.46956521739130436
0.4334872085877665,351,794,0,519,1.0,0.6047220106626047,0.30655021834061136,1.0,0.4692513368983957
0.43328154759480547,351,795,0,518,1.0,0.6054836252856055,0.306282722513089,1.0,0.46893787575150303
0.4331695098424125,351,796,0,517,1.0,0.6062452399086062,0.3060156931124673,1.0,0.4686248331108144
0.4329336296618994,351,798,0,515,1.0,0.6077684691546078,0.30548302872062666,1.0,0.468
0.4329330808276193,351,799,0,514,1.0,0.6085300837776085,0.30521739130434783,1.0,0.4676882078614257
0.4329182625650494,351,800,0,513,1.0,0.6092916984006093,0.3049522154648132,1.0,0.4673768308921438
0.43291405500270247,351,801,0,512,1.0,0.6100533130236101,0.3046875,1.0,0.46706586826347307
0.4328485686518604,351,802,0,511,1.0,0.6108149276466108,0.3044232437120555,1.0,0.46675531914893614
0.4327876642627888,351,803,0,510,1.0,0.6115765422696116,0.304159445407279,1.0,0.4664451827242525
0.4326110351487522,351,804,0,509,1.0,0.6123381568926123,0.3038961038961039,1.0,0.46613545816733065
0.43249295693806644,351,805,0,508,1.0,0.6130997715156131,0.3036332179930796,1.0,0.4658261446582614
0.4322415541177611,351,806,0,507,1.0,0.6138613861386139,0.30337078651685395,1.0,0.46551724137931033
0.43217361275568117,351,807,0,506,1.0,0.6146230007616146,0.30310880829015546,1.0,0.4652087475149106
0.43204323909167053,351,808,0,505,1.0,0.6153846153846154,0.3028472821397757,1.0,0.46490066225165566
0.4320049013818105,351,809,0,504,1.0,0.6161462300076161,0.30258620689655175,1.0,0.4645929847782926
0.4318592491073565,351,810,0,503,1.0,0.6169078446306169,0.3023255813953488,1.0,0.46428571428571425
0.43168500548273764,351,811,0,502,1.0,0.6176694592536177,0.30206540447504304,1.0,0.4639788499669531
0.4315972831830896,351,812,0,501,1.0,0.6184310738766184,0.30180567497850386,1.0,0.46367239101717306
0.4315650030991908,351,813,0,500,1.0,0.6191926884996192,0.3015463917525773,1.0,0.46336633663366333
0.431208247850321,351,814,0,499,1.0,0.61995430312262,0.3012875536480687,1.0,0.4630606860158312
0.4311929419963674,351,815,0,498,1.0,0.6207159177456207,0.30102915951972553,1.0,0.4627554383651944
0.4311635907314756,351,816,0,497,1.0,0.6214775323686215,0.30077120822622105,1.0,0.4624505928853755
0.43111077342617843,351,817,0,496,1.0,0.6222391469916222,0.300513698630137,1.0,0.46214614878209354
0.43110111828096503,351,818,0,495,1.0,0.623000761614623,0.30025662959794697,1.0,0.4618421052631579
0.43097871707721486,351,819,0,494,1.0,0.6237623762376238,0.3,1.0,0.4615384615384615
0.430955770720795,351,820,0,493,1.0,0.6245239908606245,0.2997438087105038,1.0,0.4612352168199737
0.43075695346801535,351,821,0,492,1.0,0.6252856054836253,0.29948805460750855,1.0,0.46093237032173345
0.4306326317362556,351,822,0,491,1.0,0.6260472201066261,0.29923273657289,1.0,0.46062992125984253
0.4305200220014596,351,823,0,490,1.0,0.6268088347296268,0.2989778534923339,1.0,0.460327868852459
0.4303477849792038,351,824,0,489,1.0,0.6275704493526276,0.2987234042553191,1.0,0.4600262123197903
0.4302006802723615,351,825,0,488,1.0,0.6283320639756284,0.29846938775510207,1.0,0.45972495088408644
0.43015287215562065,351,826,0,487,1.0,0.6290936785986291,0.2982158028887001,1.0,0.4594240837696335
0.4297860354171922,351,827,0,486,1.0,0.6298552932216298,0.29796264855687604,1.0,0.4591236102027469
0.42968977384644197,351,828,0,485,1.0,0.6306169078446306,0.29770992366412213,1.0,0.45882352941176474
0.4296867150317857,351,829,0,484,1.0,0.6313785224676314,0.29745762711864404,1.0,0.45852384062704116
0.42964840205500193,351,830,0,483,1.0,0.6321401370906321,0.2972057578323455,1.0,0.45822454308093996
0.4294592530792377,351,831,0,482,1.0,0.6329017517136329,0.2969543147208122,1.0,0.45792563600782776
0.42914941410637425,351,832,0,481,1.0,0.6336633663366337,0.2967032967032967,1.0,0.4576271186440678
0.4290859363654524,351,833,0,480,1.0,0.6344249809596344,0.2964527027027027,1.0,0.45732899022801304
0.429001631334288,351,834,0,479,1.0,0.6351865955826352,0.29620253164556964,1.0,0.45703125000000006
0.428890700280763,351,835,0,478,1.0,0.635948210205636,0.29595278246205736,1.0,0.45673389720234225
0.42879664887474706,351,836,0,477,1.0,0.6367098248286367,0.2957034540859309,1.0,0.45643693107932376
0.4286596860396966,351,837,0,476,1.0,0.6374714394516374,0.29545454545454547,1.0,0.456140350877193
0.4285836144799521,351,838,0,475,1.0,0.6382330540746383,0.29520605550883094,1.0,0.45584415584415583
0.42844489274715997,351,839,0,474,1.0,0.638994668697639,0.2949579831932773,1.0,0.45554834523036986
0.4283982127419575,351,840,0,473,1.0,0.6397562833206397,0.2947103274559194,1.0,0.45525291828793774
0.4283468194603348,351,841,0,472,1.0,0.6405178979436406,0.29446308724832215,1.0,0.4549578742709008
0.42831926380917074,351,842,0,471,1.0,0.6412795125666413,0.2942162615255658,1.0,0.45466321243523317
0.4282946656520307,351,843,0,470,1.0,0.642041127189642,0.29396984924623115,1.0,0.4543689320388349
0.4282327733954147,351,844,0,469,1.0,0.6428027418126429,0.29372384937238494,1.0,0.4540750323415266
0.4282130493803607,351,845,0,468,1.0,0.6435643564356436,0.29347826086956524,1.0,0.45378151260504207
0.4282119636811418,351,846,0,467,1.0,0.6443259710586443,0.2932330827067669,1.0,0.45348837209302323
0.4280742831433536,351,847,0,466,1.0,0.645087585681645,0.2929883138564274,1.0,0.45319561007101355
0.42788943554702646,351,848,0,465,1.0,0.6458492003046459,0.292743953294412,1.0,0.4529032258064516
0.42778567770395154,351,849,0,464,1.0,0.6466108149276466,0.2925,1.0,0.4526112185686654
0.4276193919737765,351,850,0,463,1.0,0.6473724295506473,0.2922564529558701,1.0,0.4523195876288659
0.42745517801489646,351,851,0,462,1.0,0.6481340441736482,0.29201331114808654,1.0,0.4520283322601417
0.4274225869386401,351,852,0,461,1.0,0.6488956587966489,0.29177057356608477,1.0,0.4517374517374517
0.4273269500614886,351,853,0,460,1.0,0.6496572734196496,0.2915282392026578,1.0,0.4514469453376206
0.4272196965302732,351,854,0,459,1.0,0.6504188880426505,0.29128630705394193,1.0,0.45115681233933164
0.4271635603334507,351,855,0,458,1.0,0.6511805026656512,0.291044776119403,1.0,0.4508670520231214
0.4271122831226537,351,856,0,457,1.0,0.6519421172886519,0.2908036454018227,1.0,0.4505776636713736
0.4269589148669528,351,857,0,456,1.0,0.6527037319116527,0.2905629139072848,1.0,0.4502886465683131
0.42695510965915445,351,858,0,455,1.0,0.6534653465346535,0.2903225806451613,1.0,0.45000000000000007
0.4268014371342465,351,859,0,454,1.0,0.6542269611576542,0.2900826446280992,1.0,0.4497117232543241
0.4267013526263585,351,860,0,453,1.0,0.654988575780655,0.2898431048720066,1.0,0.44942381562099876
0.4266851249178417,351,861,0,452,1.0,0.6557501904036558,0.2896039603960396,1.0,0.4491362763915547
0.4266514042759085,351,862,0,451,1.0,0.6565118050266565,0.2893652102225886,1.0,0.44884910485933505
0.42658777162605926,351,863,0,450,1.0,0.6572734196496572,0.28912685337726524,1.0,0.4485623003194888
0.4265605476933753,351,864,0,449,1.0,0.6580350342726581,0.28888888888888886,1.0,0.4482758620689655
0.4264864870196978,351,865,0,448,1.0,0.6587966488956588,0.2886513157894737,1.0,0.44798978940650924
0.4263976362245602,351,866,0,447,1.0,0.6595582635186595,0.28841413311421527,1.0,0.4477040816326531
0.4263234526598378,351,867,0,446,1.0,0.6603198781416603,0.2881773399014778,1.0,0.4474187380497132
0.4262354809815023,351,868,0,445,1.0,0.6610814927646611,0.28794093519278097,1.0,0.44713375796178345
0.42601275904441055,351,869,0,444,1.0,0.6618431073876618,0.28770491803278686,1.0,0.4468491406747294
0.42599853767635526,351,870,0,443,1.0,0.6626047220106626,0.28746928746928746,1.0,0.4465648854961832
0.4259290578184234,351,871,0,442,1.0,0.6633663366336634,0.2872340425531915,1.0,0.44628099173553726
0.4258209381611879,351,872,0,441,1.0,0.6641279512566641,0.28699918233851185,1.0,0.445997458703939
0.42580110773944796,351,873,0,440,1.0,0.6648895658796649,0.2867647058823529,1.0,0.44571428571428573
0.4257714038222925,351,874,0,439,1.0,0.6656511805026657,0.28653061224489795,1.0,0.4454314720812183
0.42557947423372017,351,875,0,438,1.0,0.6664127951256664,0.28629690048939643,1.0,0.44514901712111604
0.4255492626517052,351,876,0,437,1.0,0.6671744097486672,0.2860635696821516,1.0,0.4448669201520912
0.42537080462611343,351,877,0,436,1.0,0.667936024371668,0.28583061889250816,1.0,0.44458518049398354
0.4253630216225572,351,878,0,435,1.0,0.6686976389946687,0.2855980471928397,1.0,0.44430379746835447
0.42513083714927447,351,879,0,434,1.0,0.6694592536176694,0.28536585365853656,1.0,0.4440227703984819
0.4249781803947987,351,880,0,433,1.0,0.6702208682406702,0.2851340373679935,1.0,0.44374209860935526
0.4249349030618216,351,881,0,432,1.0,0.670982482863671,0.2849025974025974,1.0,0.44346178142766896
0.4247250435877163,351,882,0,431,1.0,0.6717440974866717,0.2846715328467153,1.0,0.4431818181818182
0.4247218130289122,351,883,0,430,1.0,0.6725057121096725,0.28444084278768234,1.0,0.44290220820189274
0.4246403392822344,351,884,0,429,1.0,0.6732673267326733,0.28421052631578947,1.0,0.4426229508196721
0.42456695450933984,351,885,0,428,1.0,0.674028941355674,0.28398058252427183,1.0,0.44234404536862004
0.4244656003162042,351,886,0,427,1.0,0.6747905559786748,0.2837510105092967,1.0,0.4420654911838791
0.42443762005842434,351,887,0,426,1.0,0.6755521706016756,0.2835218093699515,1.0,0.4417872876022656
0.42438274106380214,351,888,0,425,1.0,0.6763137852246763,0.28329297820823246,1.0,0.44150943396226416
0.4242566897256238,351,889,0,424,1.0,0.6770753998476771,0.2830645161290323,1.0,0.44123192960402263
0.4242246001308598,351,890,0,423,1.0,0.6778370144706778,0.28283642224012895,1.0,0.4409547738693468
0.4241102283761973,351,891,0,422,1.0,0.6785986290936786,0.2826086956521739,1.0,0.4406779661016949
0.42394002328072095,351,892,0,421,1.0,0.6793602437166794,0.2823813354786806,1.0,0.44040150564617314
0.42388447585618705,351,894,0,419,1.0,0.6808834729626809,0.2819277108433735,1.0,0.4398496240601503
0.42386650213657295,351,895,0,418,1.0,0.6816450875856817,0.28170144462279295,1.0,0.4395742016280526
0.4237299389172877,351,896,0,417,1.0,0.6824067022086824,0.2814755412991179,1.0,0.43929912390488113
0.42363558708538324,351,897,0,416,1.0,0.6831683168316832,0.28125,1.0,0.43902439024390244
0.4234086345835558,351,898,0,415,1.0,0.683929931454684,0.28102481985588473,1.0,0.43875000000000003
0.4233616025333469,351,899,0,414,1.0,0.6846915460776847,0.2808,1.0,0.438475952529669
0.42309673449007545,351,900,0,413,1.0,0.6854531607006854,0.2805755395683453,1.0,0.4382022471910112
0.42296856284264067,351,901,0,412,1.0,0.6862147753236862,0.2803514376996805,1.0,0.43792888334373054
0.4227941544898928,351,902,0,411,1.0,0.686976389946687,0.28012769353551475,1.0,0.4376558603491271
0.4226539294639677,351,903,0,410,1.0,0.6877380045696877,0.2799043062200957,1.0,0.4373831775700935
0.42242145494545513,351,904,0,409,1.0,0.6884996191926885,0.2796812749003984,1.0,0.4371108343711083
0.4223600382393057,351,905,0,408,1.0,0.6892612338156893,0.27945859872611467,1.0,0.43683883011823277
0.4223202397901629,351,906,0,407,1.0,0.69002284843869,0.27923627684964203,1.0,0.43656716417910457
0.42207672838227805,351,907,0,406,1.0,0.6907844630616908,0.2790143084260731,1.0,0.4362958359229334
0.4220692374517102,351,908,0,405,1.0,0.6915460776846916,0.27879269261318507,1.0,0.43602484472049685
0.42199326552557626,351,909,0,404,1.0,0.6923076923076923,0.2785714285714286,1.0,0.4357541899441341
0.42198721385070015,351,910,0,403,1.0,0.693069306930693,0.27835051546391754,1.0,0.435483870967742
0.4217909300246193,351,911,0,402,1.0,0.6938309215536939,0.27812995245641836,1.0,0.43521388716676995
0.4216275077845353,351,912,0,401,1.0,0.6945925361766946,0.27790973871733965,1.0,0.43494423791821557
0.42153915730230335,351,913,0,400,1.0,0.6953541507996953,0.2776898734177215,1.0,0.43467492260061913
0.42142269636181756,351,914,0,399,1.0,0.6961157654226962,0.2774703557312253,1.0,0.43440594059405946
0.4211871415297058,351,915,0,398,1.0,0.6968773800456969,0.2772511848341232,1.0,0.4341372912801484
0.4209360737719814,351,916,0,397,1.0,0.6976389946686976,0.2770323599052881,1.0,0.43386897404202723
0.42078153990794687,351,917,0,396,1.0,0.6984006092916984,0.27681388012618297,1.0,0.4336009882643607
0.4206264910112223,351,918,0,395,1.0,0.6991622239146992,0.2765957446808511,1.0,0.43333333333333335
0.4205694551343716,351,919,0,394,1.0,0.6999238385376999,0.2763779527559055,1.0,0.4330660086366441
0.420544219631117,351,920,0,393,1.0,0.7006854531607006,0.2761605035405193,1.0,0.4327990135635019
0.42014065744988166,351,921,0,392,1.0,0.7014470677837015,0.2759433962264151,1.0,0.4325323475046211
0.42004551852188166,351,922,0,391,1.0,0.7022086824067022,0.27572663000785547,1.0,0.4322660098522168
0.41999302419420786,351,923,0,390,1.0,0.7029702970297029,0.2755102040816326,1.0,0.43199999999999994
0.4199620912272065,351,924,0,389,1.0,0.7037319116527038,0.2752941176470588,1.0,0.43173431734317336
0.41981675764925475,351,925,0,388,1.0,0.7044935262757045,0.27507836990595613,1.0,0.43146896127842654
0.41965579904222156,351,926,0,387,1.0,0.7052551408987052,0.2748629600626468,1.0,0.4312039312039312
0.4196237885533358,351,927,0,386,1.0,0.7060167555217061,0.2746478873239437,1.0,0.430939226519337
0.41961369752433736,351,928,0,385,1.0,0.7067783701447068,0.27443315089913994,1.0,0.4306748466257668
0.41960217212514733,351,929,0,384,1.0,0.7075399847677075,0.27421875,1.0,0.4304107909258124
0.4195273533861658,351,930,0,383,1.0,0.7083015993907082,0.27400468384074944,1.0,0.43014705882352944
0.41951512125951035,351,931,0,382,1.0,0.7090632140137091,0.27379095163806555,1.0,0.42988364972443355
0.4194900539455426,351,932,0,381,1.0,0.7098248286367098,0.2735775526110678,1.0,0.42962056303549573
0.41929075162018525,351,933,0,380,1.0,0.7105864432597105,0.2733644859813084,1.0,0.4293577981651376
0.41914619782590673,351,934,0,379,1.0,0.7113480578827114,0.2731517509727626,1.0,0.4290953545232274
0.4190532416824041,351,935,0,378,1.0,0.7121096725057121,0.2729393468118196,1.0,0.42883323152107516
0.4189110501546915,351,936,0,377,1.0,0.7128712871287128,0.2727272727272727,1.0,0.42857142857142855
0.4187694425209856,351,937,0,376,1.0,0.7136329017517137,0.27251552795031053,1.0,0.4283099450884686
0.41862260796199385,351,938,0,375,1.0,0.7143945163747144,0.27230411171450736,1.0,0.42804878048780487
0.41855468484685304,351,939,0,374,1.0,0.7151561309977151,0.27209302325581397,1.0,0.42778793418647165
0.41850163871170004,351,940,0,373,1.0,0.715917745620716,0.27188226181254843,1.0,0.4275274056029233
0.4184415041447009,351,941,0,372,1.0,0.7166793602437167,0.27167182662538697,1.0,0.4272671941570298
0.4184146282257513,351,942,0,371,1.0,0.7174409748667174,0.271461716937355,1.0,0.42700729927007297
0.4183801517785448,351,943,0,370,1.0,0.7182025894897182,0.27125193199381764,1.0,0.4267477203647417
0.4183135053689388,351,944,0,369,1.0,0.718964204112719,0.27104247104247103,1.0,0.4264884568651276
0.4181290014825544,351,945,0,368,1.0,0.7197258187357197,0.2708333333333333,1.0,0.4262295081967213
0.4179534096153093,351,946,0,367,1.0,0.7204874333587205,0.27062451811873556,1.0,0.42597087378640774
0.4174894208447569,351,947,0,366,1.0,0.7212490479817213,0.27041602465331277,1.0,0.4257125530624621
0.417354056313545,351,948,0,365,1.0,0.722010662604722,0.2702078521939954,1.0,0.4254545454545455
0.41712891463869384,351,949,0,364,1.0,0.7227722772277227,0.27,1.0,0.4251968503937008
0.41702403829871737,351,950,0,363,1.0,0.7235338918507236,0.2697924673328209,1.0,0.42493946731234866
0.4169901890368334,351,951,0,362,1.0,0.7242955064737243,0.2695852534562212,1.0,0.4246823956442832
0.41682346894062167,351,952,0,361,1.0,0.725057121096725,0.2693783576362241,1.0,0.42442563482466744
0.4166611741010615,351,953,0,360,1.0,0.7258187357197258,0.2691717791411043,1.0,0.4241691842900302
0.41645874930029486,351,954,0,359,1.0,0.7265803503427266,0.2689655172413793,1.0,0.42391304347826086
0.4163867624438241,351,955,0,358,1.0,0.7273419649657273,0.26875957120980093,1.0,0.4236572118286059
0.4161700611686488,351,956,0,357,1.0,0.7281035795887281,0.2685539403213466,1.0,0.4234016887816647
0.4160872388373647,351,957,0,356,1.0,0.7288651942117289,0.268348623853211,1.0,0.4231464737793852
0.41602903667813385,351,958,0,355,1.0,0.7296268088347296,0.26814362108479756,1.0,0.42289156626506025
0.41599687403994984,351,959,0,354,1.0,0.7303884234577304,0.2679389312977099,1.0,0.4226369656833233
0.4159882097668332,351,960,0,353,1.0,0.7311500380807312,0.26773455377574373,1.0,0.4223826714801444
0.4159702829737687,351,961,0,352,1.0,0.7319116527037319,0.26753048780487804,1.0,0.4221286831028262
0.4159362426945976,351,962,0,351,1.0,0.7326732673267327,0.26732673267326734,1.0,0.421875
0.4158657569290614,351,963,0,350,1.0,0.7334348819497334,0.2671232876712329,1.0,0.42162162162162165
0.41569443706339326,351,964,0,349,1.0,0.7341964965727342,0.26692015209125475,1.0,0.42136854741896757
0.41565370188392836,351,965,0,348,1.0,0.734958111195735,0.26671732522796354,1.0,0.4211157768446311
0.4156334874753165,351,966,0,347,1.0,0.7357197258187357,0.26651480637813213,1.0,0.420863309352518
0.41562577560220126,351,967,0,346,1.0,0.7364813404417365,0.26631259484066766,1.0,0.420611144397843
0.41555506597303127,351,968,0,345,1.0,0.7372429550647372,0.26611068991660347,1.0,0.42035928143712575
0.41555190527853575,351,969,0,344,1.0,0.738004569687738,0.26590909090909093,1.0,0.42010771992818674
0.41549161510577876,351,970,0,343,1.0,0.7387661843107388,0.2657077971233914,1.0,0.41985645933014354
0.4154740946884796,351,971,0,342,1.0,0.7395277989337395,0.26550680786686837,1.0,0.41960549910340705
0.41523360088334943,351,972,0,341,1.0,0.7402894135567403,0.2653061224489796,1.0,0.41935483870967744
0.41521044010042446,351,973,0,340,1.0,0.741051028179741,0.26510574018126887,1.0,0.4191044776119403
0.41499852790092545,351,974,0,339,1.0,0.7418126428027418,0.26490566037735847,1.0,0.41885441527446293
0.41492401996753236,351,975,0,338,1.0,0.7425742574257426,0.2647058823529412,1.0,0.4186046511627907
0.4147906118261082,351,976,0,337,1.0,0.7433358720487433,0.2645064054257724,1.0,0.41835518474374256
0.41466773919002997,351,977,0,336,1.0,0.7440974866717441,0.26430722891566266,1.0,0.418106015485408
0.4144090315803294,351,978,0,335,1.0,0.7448591012947449,0.26410835214446954,1.0,0.41785714285714287
0.4143181350447079,351,979,0,334,1.0,0.7456207159177456,0.2639097744360902,1.0,0.41760856632956567
0.4142766643242308,351,980,0,333,1.0,0.7463823305407464,0.2637114951164538,1.0,0.4173602853745541
0.414147598983268,351,981,0,332,1.0,0.7471439451637472,0.2635135135135135,1.0,0.4171122994652406
0.41411649856628036,351,982,0,331,1.0,0.7479055597867479,0.2633158289572393,1.0,0.4168646080760095
0.4137498908547733,351,983,0,330,1.0,0.7486671744097486,0.2631184407796102,1.0,0.41661721068249263
0.41339344243975745,351,984,0,329,1.0,0.7494287890327495,0.26292134831460673,1.0,0.41637010676156583
0.41336909332672894,351,985,0,328,1.0,0.7501904036557502,0.26272455089820357,1.0,0.4161232957913456
0.4132739050588797,351,986,0,327,1.0,0.7509520182787509,0.262528047868362,1.0,0.41587677725118477
0.41308794235147694,351,987,0,326,1.0,0.7517136329017517,0.2623318385650224,1.0,0.4156305506216696
0.4130743269989163,351,988,0,325,1.0,0.7524752475247525,0.2621359223300971,1.0,0.4153846153846154
0.41300951252691476,351,989,0,324,1.0,0.7532368621477532,0.2619402985074627,1.0,0.41513897102306324
0.41281870195928516,351,990,0,323,1.0,0.753998476770754,0.26174496644295303,1.0,0.41489361702127664
0.4127385332226316,351,991,0,322,1.0,0.7547600913937548,0.2615499254843517,1.0,0.4146485528647371
0.4127068820630513,351,992,0,321,1.0,0.7555217060167555,0.26135517498138494,1.0,0.41440377804014167
0.4126769026098084,351,993,0,320,1.0,0.7562833206397562,0.2611607142857143,1.0,0.4141592920353982
0.4124521815708864,351,994,0,319,1.0,0.7570449352627571,0.26096654275092934,1.0,0.4139150943396226
0.4123066750720593,351,995,0,318,1.0,0.7578065498857578,0.2607726597325409,1.0,0.413671184443135
0.4122993685036169,351,996,0,317,1.0,0.7585681645087585,0.26057906458797325,1.0,0.41342756183745577
0.4122298474453595,351,997,0,316,1.0,0.7593297791317594,0.2603857566765579,1.0,0.41318422601530314
0.4122218345038616,351,998,0,315,1.0,0.7600913937547601,0.2601927353595256,1.0,0.4129411764705882
0.4121770694140058,351,999,0,314,1.0,0.7608530083777608,0.26,1.0,0.41269841269841273
0.4121434503753479,351,1000,0,313,1.0,0.7616146230007617,0.2598075499629904,1.0,0.41245593419506466
0.4121362386492019,351,1001,0,312,1.0,0.7623762376237624,0.25961538461538464,1.0,0.4122137404580153
0.4121110628405564,351,1002,0,311,1.0,0.7631378522467631,0.25942350332594233,1.0,0.4119718309859155
0.41203061529769747,351,1003,0,310,1.0,0.763899466869764,0.259231905465288,1.0,0.41173020527859233
0.41200223603801134,351,1004,0,309,1.0,0.7646610814927647,0.25904059040590405,1.0,0.41148886283704567
0.4119916160814984,351,1005,0,308,1.0,0.7654226961157654,0.2588495575221239,1.0,0.41124780316344467
0.41193364639071667,351,1006,0,307,1.0,0.7661843107387661,0.25865880619012527,1.0,0.4110070257611241
0.41184355074836965,351,1007,0,306,1.0,0.766945925361767,0.25846833578792344,1.0,0.4107665301345817
0.4117345634815291,351,1008,0,305,1.0,0.7677075399847677,0.2582781456953642,1.0,0.4105263157894737
0.4115572872260676,351,1009,0,304,1.0,0.7684691546077684,0.2580882352941177,1.0,0.41028638223261255
0.41123905339681566,351,1010,0,303,1.0,0.7692307692307693,0.25789860396767084,1.0,0.4100467289719626
0.41107913365157916,351,1011,0,302,1.0,0.76999238385377,0.2577092511013216,1.0,0.40980735551663744
0.41091815197301196,351,1012,0,301,1.0,0.7707539984767707,0.2575201760821717,1.0,0.40956826137689617
0.41091624191776216,351,1013,0,300,1.0,0.7715156130997716,0.25733137829912023,1.0,0.40932944606413996
0.4107895035492265,351,1014,0,299,1.0,0.7722772277227723,0.2571428571428571,1.0,0.40909090909090906
0.41062688432673444,351,1015,0,298,1.0,0.773038842345773,0.2569546120058565,1.0,0.4088526499708794
0.41045570419620747,351,1016,0,297,1.0,0.7738004569687738,0.25676664228237017,1.0,0.40861466821885917
0.41032959185183343,351,1017,0,296,1.0,0.7745620715917746,0.2565789473684211,1.0,0.4083769633507854
0.4099979928133976,351,1018,0,295,1.0,0.7753236862147753,0.25639152666179693,1.0,0.40813953488372096
0.40983847907958626,351,1019,0,294,1.0,0.776085300837776,0.2562043795620438,1.0,0.4079023823358512
0.40925622118810534,351,1020,0,293,1.0,0.7768469154607769,0.25601750547045954,1.0,0.4076655052264808
0.4092089140829216,351,1021,0,292,1.0,0.7776085300837776,0.25583090379008744,1.0,0.40742890307603014
0.4091098431944231,351,1022,0,291,1.0,0.7783701447067783,0.2556445739257101,1.0,0.4071925754060325
0.4090890984021068,351,1023,0,290,1.0,0.7791317593297792,0.2554585152838428,1.0,0.40695652173913044
0.4089696634398085,351,1024,0,289,1.0,0.7798933739527799,0.25527272727272726,1.0,0.40672074159907295
0.4089333731825382,351,1025,0,288,1.0,0.7806549885757806,0.2550872093023256,1.0,0.4064852345107122
0.4088688299793622,351,1026,0,287,1.0,0.7814166031987814,0.2549019607843137,1.0,0.40625
0.40885438926000645,351,1027,0,286,1.0,0.7821782178217822,0.25471698113207547,1.0,0.40601503759398494
0.4086899661104648,351,1028,0,285,1.0,0.7829398324447829,0.25453226976069615,1.0,0.4057803468208092
0.40862677358340516,351,1029,0,284,1.0,0.7837014470677837,0.2543478260869565,1.0,0.40554592720970534
0.4086006898466186,351,1030,0,283,1.0,0.7844630616907845,0.2541636495293266,1.0,0.40531177829099313
0.40849606976801583,351,1031,0,282,1.0,0.7852246763137852,0.2539797395079595,1.0,0.4050778995960762
0.4083693984511712,351,1032,0,281,1.0,0.785986290936786,0.25379609544468545,1.0,0.40484429065743943
0.4083398487098225,351,1033,0,280,1.0,0.7867479055597868,0.2536127167630058,1.0,0.4046109510086455
0.40832452321803137,351,1034,0,279,1.0,0.7875095201827875,0.25342960288808664,1.0,0.4043778801843318
0.40805163130754235,351,1035,0,278,1.0,0.7882711348057883,0.2532467532467532,1.0,0.4041450777202072
0.4076966206783574,351,1036,0,277,1.0,0.789032749428789,0.25306416726748376,1.0,0.4039125431530494
0.40751156053819965,351,1037,0,276,1.0,0.7897943640517898,0.25288184438040345,1.0,0.40368027602070156
0.40745941789740664,351,1038,0,275,1.0,0.7905559786747905,0.2526997840172786,1.0,0.40344827586206894
0.4074375467787496,351,1039,0,274,1.0,0.7913175932977913,0.2525179856115108,1.0,0.4032165422171166
0.40716579510440104,351,1040,0,273,1.0,0.7920792079207921,0.2523364485981308,1.0,0.40298507462686567
0.4070366062437592,351,1041,0,272,1.0,0.7928408225437928,0.2521551724137931,1.0,0.4027538726333907
0.4070009878419923,351,1042,0,271,1.0,0.7936024371667936,0.2519741564967696,1.0,0.40252293577981657
0.406627276475577,351,1043,0,270,1.0,0.7943640517897944,0.251793400286944,1.0,0.40229226361031517
0.4065968639518852,351,1044,0,269,1.0,0.7951256664127951,0.25161290322580643,1.0,0.4020618556701031
0.4063664196621573,351,1045,0,268,1.0,0.7958872810357959,0.251432664756447,1.0,0.40183171150543784
0.40613647117773355,351,1046,0,267,1.0,0.7966488956587966,0.25125268432355047,1.0,0.40160183066361554
0.40613253951123307,351,1047,0,266,1.0,0.7974105102817974,0.2510729613733906,1.0,0.4013722126929674
0.4060004247655977,351,1048,0,265,1.0,0.7981721249047982,0.25089349535382416,1.0,0.40114285714285713
0.4059516928006269,351,1049,0,264,1.0,0.7989337395277989,0.2507142857142857,1.0,0.4009137635636779
0.40575687738257016,351,1050,0,263,1.0,0.7996953541507997,0.2505353319057816,1.0,0.4006849315068493
0.40547936651713556,351,1051,0,262,1.0,0.8004569687738005,0.25035663338088443,1.0,0.4004563605248146
0.4053813698670315,351,1052,0,261,1.0,0.8012185833968012,0.25017818959372773,1.0,0.4002280501710376
0.4051464114885387,351,1053,0,260,1.0,0.801980198019802,0.25,1.0,0.4
0.40484725945045924,351,1054,0,259,1.0,0.8027418126428028,0.2498220640569395,1.0,0.39977220956719817
0.40452993287829625,351,1055,0,258,1.0,0.8035034272658035,0.2496443812233286,1.0,0.3995446784291406
0.4043569811883755,351,1056,0,257,1.0,0.8042650418888042,0.24946695095948826,1.0,0.3993174061433447
0.4042978038278226,351,1057,0,256,1.0,0.805026656511805,0.24928977272727273,1.0,0.3990903922683343
0.40421511292671436,351,1058,0,255,1.0,0.8057882711348058,0.24911284599006386,1.0,0.39886363636363636
0.40419854476563344,351,1059,0,254,1.0,0.8065498857578065,0.24893617021276596,1.0,0.39863713798977857
0.4041580666513413,351,1060,0,253,1.0,0.8073115003808073,0.24875974486180014,1.0,0.398410896708286
0.4041354925863301,351,1061,0,252,1.0,0.8080731150038081,0.24858356940509915,1.0,0.398184912081679
0.40403700406633036,351,1062,0,251,1.0,0.8088347296268088,0.2484076433121019,1.0,0.3979591836734694
0.40384941571324096,351,1063,0,250,1.0,0.8095963442498096,0.24823196605374823,1.0,0.39773371104815863
0.40366787987055186,351,1064,0,249,1.0,0.8103579588728104,0.2480565371024735,1.0,0.39750849377123443
0.4035943566958791,351,1065,0,248,1.0,0.8111195734958111,0.2478813559322034,1.0,0.3972835314091681
0.4035643367748067,351,1066,0,247,1.0,0.8118811881188119,0.24770642201834864,1.0,0.39705882352941174
0.40347720793152325,351,1067,0,246,1.0,0.8126428027418127,0.24753173483779972,1.0,0.3968343697003957
0.40335805852807166,351,1068,0,245,1.0,0.8134044173648134,0.24735729386892177,1.0,0.39661016949152544
0.40323176626056856,351,1069,0,244,1.0,0.8141660319878141,0.2471830985915493,1.0,0.396386222473179
0.40314945898943577,351,1070,0,243,1.0,0.814927646610815,0.247009148486981,1.0,0.3961625282167043
0.40303552042856683,351,1071,0,242,1.0,0.8156892612338157,0.2468354430379747,1.0,0.39593908629441626
0.4028541647328869,351,1072,0,241,1.0,0.8164508758568164,0.2466619817287421,1.0,0.39571589627959414
0.40282821199779895,351,1073,0,240,1.0,0.8172124904798173,0.24648876404494383,1.0,0.3954929577464789
0.40280123609152524,351,1074,0,239,1.0,0.817974105102818,0.2463157894736842,1.0,0.39527027027027023
0.40271544775713597,351,1075,0,238,1.0,0.8187357197258187,0.24614305750350632,1.0,0.39504783342712435
0.4027122144342656,351,1076,0,237,1.0,0.8194973343488196,0.24597056762438682,1.0,0.3948256467941507
0.40255437005897426,351,1077,0,236,1.0,0.8202589489718203,0.24579831932773108,1.0,0.39460370994940974
0.40238707008579055,351,1078,0,235,1.0,0.821020563594821,0.2456263121063681,1.0,0.3943820224719102
0.40213813731000647,351,1079,0,234,1.0,0.8217821782178217,0.24545454545454545,1.0,0.39416058394160586
0.40189529816822156,351,1080,0,233,1.0,0.8225437928408226,0.24528301886792453,1.0,0.393939393939394
0.4017473087596378,351,1081,0,232,1.0,0.8233054074638233,0.24511173184357543,1.0,0.39371845204711164
0.4017166283265087,351,1082,0,231,1.0,0.824067022086824,0.2449406838799721,1.0,0.3934977578475336
0.40166362261007726,351,1083,0,230,1.0,0.8248286367098249,0.24476987447698745,1.0,0.39327731092436974
0.4016577483580708,351,1084,0,229,1.0,0.8255902513328256,0.2445993031358885,1.0,0.3930571108622621
0.4015514472061382,351,1085,0,228,1.0,0.8263518659558263,0.24442896935933148,1.0,0.3928371572467823
0.4014486308631049,351,1086,0,227,1.0,0.8271134805788272,0.24425887265135698,1.0,0.3926174496644295
0.401358207372145,351,1087,0,226,1.0,0.8278750952018279,0.24408901251738527,1.0,0.3923979877026271
0.4012854546908758,351,1088,0,225,1.0,0.8286367098248286,0.24391938846421127,1.0,0.3921787709497207
0.40111508712682736,351,1089,0,224,1.0,0.8293983244478293,0.24375,1.0,0.3919597989949749
0.40100931809812723,351,1090,0,223,1.0,0.8301599390708302,0.24358084663428176,1.0,0.39174107142857145
0.4009071191826381,351,1091,0,222,1.0,0.8309215536938309,0.2434119278779473,1.0,0.3915225878416062
0.40088277087992885,351,1092,0,221,1.0,0.8316831683168316,0.24324324324324326,1.0,0.391304347826087
0.40087192935380633,351,1093,0,220,1.0,0.8324447829398325,0.24307479224376732,1.0,0.3910863509749304
0.40074736820508533,351,1094,0,219,1.0,0.8332063975628332,0.24290657439446367,1.0,0.3908685968819599
0.40035813088254724,351,1095,0,218,1.0,0.8339680121858339,0.24273858921161826,1.0,0.39065108514190316
0.40032733558161676,351,1096,0,217,1.0,0.8347296268088348,0.2425708362128542,1.0,0.3904338153503893
0.4003121261830812,351,1097,0,216,1.0,0.8354912414318355,0.24240331491712708,1.0,0.3902167871039467
0.40015179385533217,351,1098,0,215,1.0,0.8362528560548362,0.2422360248447205,1.0,0.38999999999999996
0.4001462252572152,351,1099,0,214,1.0,0.837014470677837,0.24206896551724139,1.0,0.3897834536368684
0.4001389438160005,351,1100,0,213,1.0,0.8377760853008378,0.24190213645761544,1.0,0.3895671476137625
0.4001347883613922,351,1101,0,212,1.0,0.8385376999238385,0.24173553719008264,1.0,0.389351081530782
0.3998948415673493,351,1102,0,211,1.0,0.8392993145468393,0.2415691672401927,1.0,0.3891352549889135
0.3997593397165568,351,1103,0,210,1.0,0.8400609291698401,0.24140302613480055,1.0,0.3889196675900277
0.39971609680741543,351,1104,0,209,1.0,0.8408225437928408,0.24123711340206186,1.0,0.38870431893687707
0.3996223590610063,351,1105,0,208,1.0,0.8415841584158416,0.24107142857142858,1.0,0.3884892086330935
0.39924969130950677,351,1106,0,207,1.0,0.8423457730388424,0.24090597117364448,1.0,0.38827433628318586
0.39922997384044484,351,1107,0,206,1.0,0.8431073876618431,0.24074074074074073,1.0,0.3880597014925373
0.3990656805945802,351,1108,0,205,1.0,0.8438690022848438,0.24057573680603153,1.0,0.38784530386740335
0.3988699453653711,351,1109,0,204,1.0,0.8446306169078446,0.2404109589041096,1.0,0.38763114301490886
0.39878298274936974,351,1110,0,203,1.0,0.8453922315308454,0.2402464065708419,1.0,0.3874172185430464
0.3987287143837767,351,1111,0,202,1.0,0.8461538461538461,0.24008207934336526,1.0,0.3872035300606729
0.39852200962123935,351,1112,0,201,1.0,0.8469154607768469,0.23991797676008203,1.0,0.3869900771775083
0.3981877204763107,351,1113,0,200,1.0,0.8476770753998477,0.23975409836065573,1.0,0.38677685950413226
0.398162501761886,351,1114,0,199,1.0,0.8484386900228484,0.23959044368600682,1.0,0.3865638766519824
0.3981088085768366,351,1115,0,198,1.0,0.8492003046458492,0.23942701227830832,1.0,0.3863511282333517
0.397935809007392,351,1116,0,197,1.0,0.84996191926885,0.2392638036809816,1.0,0.38613861386138615
0.39765702336435294,351,1117,0,196,1.0,0.8507235338918507,0.2391008174386921,1.0,0.38592633315008246
0.3976109354796461,351,1118,0,195,1.0,0.8514851485148515,0.23893805309734514,1.0,0.38571428571428573
0.39745425317557914,351,1119,0,194,1.0,0.8522467631378522,0.23877551020408164,1.0,0.385502471169687
0.39699904255884516,351,1120,0,193,1.0,0.853008377760853,0.23861318830727396,1.0,0.38529088913282106
0.39630140731805397,351,1121,0,192,1.0,0.8537699923838538,0.23845108695652173,1.0,0.3850795392210642
0.3960615611778125,351,1122,0,191,1.0,0.8545316070068545,0.23828920570264767,1.0,0.3848684210526316
0.3960483126063305,351,1123,0,190,1.0,0.8552932216298553,0.23812754409769335,1.0,0.38465753424657534
0.3959223025408506,351,1124,0,189,1.0,0.856054836252856,0.23796610169491525,1.0,0.384446878422782
0.3952580938228593,351,1125,0,188,1.0,0.8568164508758568,0.23780487804878048,1.0,0.3842364532019704
0.3951267405177145,351,1126,0,187,1.0,0.8575780654988576,0.23764387271496276,1.0,0.38402625820568925
0.3950656404962161,351,1127,0,186,1.0,0.8583396801218584,0.2374830852503383,1.0,0.38381629305631493
0.39484233857725426,351,1128,0,185,1.0,0.8591012947448591,0.23732251521298176,1.0,0.3836065573770492
0.39473487701717064,351,1129,0,184,1.0,0.8598629093678599,0.23716216216216215,1.0,0.38339705079191694
0.3947269796052937,351,1130,0,183,1.0,0.8606245239908606,0.23700202565833897,1.0,0.3831877729257642
0.39452094164531243,351,1131,0,182,1.0,0.8613861386138614,0.23684210526315788,1.0,0.38297872340425526
0.3944751041129242,351,1132,0,181,1.0,0.8621477532368621,0.23668240053944706,1.0,0.38276990185387133
0.39437188079863006,351,1133,0,180,1.0,0.8629093678598629,0.23652291105121293,1.0,0.3825613079019073
0.3941584985316106,351,1134,0,179,1.0,0.8636709824828637,0.23636363636363636,1.0,0.3823529411764706
0.3941343632618295,351,1135,0,178,1.0,0.8644325971058644,0.23620457604306863,1.0,0.38214480130647793
0.3940119625953894,351,1136,0,177,1.0,0.8651942117288652,0.23604572965702758,1.0,0.381936887921654
0.39400412214359787,351,1137,0,176,1.0,0.865955826351866,0.23588709677419356,1.0,0.3817292006525286
0.3937800645872683,351,1138,0,175,1.0,0.8667174409748667,0.23572867696440564,1.0,0.3815217391304348
0.39374931209002767,351,1139,0,174,1.0,0.8674790555978675,0.23557046979865773,1.0,0.3813145029875068
0.39367561431232573,351,1140,0,173,1.0,0.8682406702208683,0.23541247484909456,1.0,0.3811074918566775
0.3936468207222357,351,1141,0,172,1.0,0.869002284843869,0.23525469168900803,1.0,0.3809007053716766
0.3935718069795051,351,1142,0,171,1.0,0.8697638994668697,0.23509711989283322,1.0,0.3806941431670282
0.3934387754232188,351,1143,0,170,1.0,0.8705255140898706,0.23493975903614459,1.0,0.3804878048780488
0.39338377891682014,351,1144,0,169,1.0,0.8712871287128713,0.23478260869565218,1.0,0.38028169014084506
0.3930189987230582,351,1145,0,168,1.0,0.872048743335872,0.23462566844919786,1.0,0.38007579859231183
0.3929481487873837,351,1146,0,167,1.0,0.8728103579588729,0.23446893787575152,1.0,0.3798701298701299
0.3928431040789786,351,1147,0,166,1.0,0.8735719725818736,0.23431241655540722,1.0,0.3796646836127637
0.39272214962749796,351,1148,0,165,1.0,0.8743335872048743,0.2341561040693796,1.0,0.37945945945945947
0.39265136673576234,351,1149,0,164,1.0,0.8750952018278751,0.234,1.0,0.37925445705024313
0.39264297698967554,351,1150,0,163,1.0,0.8758568164508759,0.23384410393071287,1.0,0.37904967602591794
0.3925986263853977,351,1151,0,162,1.0,0.8766184310738766,0.2336884154460719,1.0,0.37884511602806265
0.3925509962786174,351,1152,0,161,1.0,0.8773800456968773,0.23353293413173654,1.0,0.3786407766990292
0.3924549737268688,351,1153,0,160,1.0,0.8781416603198782,0.23337765957446807,1.0,0.3784366576819407
0.3920160755386098,351,1154,0,159,1.0,0.8789032749428789,0.23322259136212625,1.0,0.37823275862068967
0.39180824355750754,351,1155,0,158,1.0,0.8796648895658796,0.23306772908366533,1.0,0.37802907915993533
0.39178238147140654,351,1156,0,157,1.0,0.8804265041888805,0.23291307232913072,1.0,0.3778256189451023
0.3917143544532243,351,1157,0,156,1.0,0.8811881188118812,0.23275862068965517,1.0,0.3776223776223776
0.39161642441323596,351,1158,0,155,1.0,0.8819497334348819,0.23260437375745527,1.0,0.3774193548387097
0.39157815418124836,351,1159,0,154,1.0,0.8827113480578828,0.2324503311258278,1.0,0.3772165502418055
0.39145986151582934,351,1160,0,153,1.0,0.8834729626808835,0.23229649238914626,1.0,0.37701396348012894
0.3913930285721506,351,1161,0,152,1.0,0.8842345773038842,0.23214285714285715,1.0,0.37681159420289856
0.3912463460359725,351,1162,0,151,1.0,0.884996191926885,0.23198942498347655,1.0,0.37660944206008584
0.3910794916551465,351,1163,0,150,1.0,0.8857578065498858,0.23183619550858653,1.0,0.37640750670241285
0.39105132376647145,351,1164,0,149,1.0,0.8865194211728865,0.2316831683168317,1.0,0.3762057877813505
0.39101101605927835,351,1165,0,148,1.0,0.8872810357958872,0.23153034300791556,1.0,0.3760042849491162
0.39099232591552385,351,1166,0,147,1.0,0.8880426504188881,0.23137771918259722,1.0,0.3758029978586724
0.39073537264592806,351,1167,0,146,1.0,0.8888042650418888,0.23122529644268774,1.0,0.3756019261637239
0.39069849652329874,351,1168,0,145,1.0,0.8895658796648895,0.23107307439104674,1.0,0.3754010695187166
0.39068377833779144,351,1169,0,144,1.0,0.8903274942878904,0.23092105263157894,1.0,0.3752004275788348
0.3906618719802434,351,1170,0,143,1.0,0.8910891089108911,0.23076923076923078,1.0,0.375
0.3905255529720268,351,1171,0,142,1.0,0.8918507235338918,0.23061760840998685,1.0,0.3747997864388681
0.3905139864272076,351,1172,0,141,1.0,0.8926123381568926,0.2304661851608667,1.0,0.37459978655282816
0.39044698844901893,351,1173,0,140,1.0,0.8933739527798934,0.23031496062992127,1.0,0.3744
0.39039450974822887,351,1174,0,139,1.0,0.8941355674028941,0.2301639344262295,1.0,0.37420042643923246
0.39026075771538726,351,1175,0,138,1.0,0.8948971820258949,0.23001310615989515,1.0,0.3740010655301012
0.3902403044773402,351,1176,0,137,1.0,0.8956587966488957,0.22986247544204322,1.0,0.3738019169329073
0.39013243761163036,351,1177,0,136,1.0,0.8964204112718964,0.22971204188481675,1.0,0.37360298030867484
0.390131280423339,351,1178,0,135,1.0,0.8971820258948972,0.22956180510137345,1.0,0.37340425531914895
0.39007468018870656,351,1179,0,134,1.0,0.897943640517898,0.22941176470588234,1.0,0.3732057416267942
0.3899845114516244,351,1180,0,133,1.0,0.8987052551408987,0.22926192031352058,1.0,0.37300743889479276
0.38989614150204044,351,1181,0,132,1.0,0.8994668697638994,0.22911227154046998,1.0,0.372809346787042
0.38974476358290716,351,1182,0,131,1.0,0.9002284843869002,0.22896281800391388,1.0,0.37261146496815284
0.3897345273178765,351,1183,0,130,1.0,0.900990099009901,0.2288135593220339,1.0,0.37241379310344824
0.3897240783343153,351,1184,0,129,1.0,0.9017517136329017,0.22866449511400652,1.0,0.3722163308589608
0.3897159005357215,351,1185,0,128,1.0,0.9025133282559025,0.228515625,1.0,0.37201907790143085
0.3896650538163855,351,1186,0,127,1.0,0.9032749428789033,0.2283669486011711,1.0,0.3718220338983051
0.3896416577071074,351,1187,0,126,1.0,0.904036557501904,0.2282184655396619,1.0,0.37162519851773423
0.3891391379537697,351,1188,0,125,1.0,0.9047981721249048,0.22807017543859648,1.0,0.3714285714285714
0.38865698432091256,351,1189,0,124,1.0,0.9055597867479056,0.22792207792207791,1.0,0.37123215230037016
0.3884846141277737,351,1190,0,123,1.0,0.9063214013709063,0.22777417261518496,1.0,0.3710359408033827
0.38810322084614873,351,1191,0,122,1.0,0.9070830159939071,0.22762645914396887,1.0,0.3708399366085578
0.3880658499418042,351,1192,0,121,1.0,0.9078446306169079,0.22747893713545042,1.0,0.3706441393875396
0.38800962203869166,351,1193,0,120,1.0,0.9086062452399086,0.22733160621761658,1.0,0.3704485488126649
0.3875750057958448,351,1194,0,119,1.0,0.9093678598629094,0.22718446601941747,1.0,0.370253164556962
0.38756378873725406,351,1195,0,118,1.0,0.9101294744859101,0.22703751617076326,1.0,0.37005798629414866
0.387538986689814,351,1196,0,117,1.0,0.9108910891089109,0.226890756302521,1.0,0.3698630136986301
0.38670960897969586,351,1197,0,116,1.0,0.9116527037319117,0.22674418604651161,1.0,0.3696682464454976
0.3860508239908835,351,1198,0,115,1.0,0.9124143183549124,0.22659780503550678,1.0,0.3694736842105263
0.385272522160212,351,1199,0,114,1.0,0.9131759329779132,0.2264516129032258,1.0,0.36927932667017355
0.3845241264832825,351,1200,0,113,1.0,0.913937547600914,0.2263056092843327,1.0,0.36908517350157727
0.38426514752889485,351,1201,0,112,1.0,0.9146991622239147,0.226159793814433,1.0,0.36889122438255384
0.38400370913738185,351,1202,0,111,1.0,0.9154607768469155,0.22601416613007083,1.0,0.36869747899159666
0.3839473624567256,351,1203,0,110,1.0,0.9162223914699162,0.22586872586872586,1.0,0.36850393700787404
0.38385917436029665,351,1204,0,109,1.0,0.916984006092917,0.2257234726688103,1.0,0.36831059811122774
0.3836189610790846,351,1205,0,108,1.0,0.9177456207159177,0.22557840616966582,1.0,0.368117461982171
0.3833098126985212,351,1206,0,107,1.0,0.9185072353389185,0.2254335260115607,1.0,0.36792452830188677
0.38326592895874134,351,1207,0,106,1.0,0.9192688499619193,0.22528883183568676,1.0,0.3677317967522263
0.3831186287395184,351,1208,0,105,1.0,0.92003046458492,0.2251443232841565,1.0,0.36753926701570677
0.3831063462534173,351,1209,0,104,1.0,0.9207920792079208,0.225,1.0,0.36734693877551017
0.3830905608355525,351,1210,0,103,1.0,0.9215536938309216,0.22485586162716206,1.0,0.36715481171548114
0.38307084108966755,351,1211,0,102,1.0,0.9223153084539223,0.22471190781049935,1.0,0.36696288552012546
0.38276724556774605,351,1212,0,101,1.0,0.9230769230769231,0.22456813819577734,1.0,0.3667711598746081
0.3827189829689758,351,1213,0,100,1.0,0.9238385376999239,0.22442455242966752,1.0,0.36657963446475195
0.38242694636907604,351,1214,0,99,1.0,0.9246001523229246,0.2242811501597444,1.0,0.3663883089770355
0.38208476438338673,351,1215,0,98,1.0,0.9253617669459253,0.22413793103448276,1.0,0.36619718309859156
0.38182297013772776,351,1216,0,97,1.0,0.9261233815689262,0.22399489470325462,1.0,0.3660062565172054
0.38180690143137097,351,1217,0,96,1.0,0.9268849961919269,0.22385204081632654,1.0,0.3658155289213132
0.38180520437605664,351,1218,0,95,1.0,0.9276466108149276,0.2237093690248566,1.0,0.36562500000000003
0.38152441337465093,351,1219,0,94,1.0,0.9284082254379284,0.22356687898089173,1.0,0.3654346694429984
0.38135774959792973,351,1220,0,93,1.0,0.9291698400609292,0.22342457033736474,1.0,0.36524453694068676
0.3810874526228147,351,1221,0,92,1.0,0.9299314546839299,0.22328244274809161,1.0,0.36505460218408736
0.3807757740417102,351,1222,0,91,1.0,0.9306930693069307,0.2231404958677686,1.0,0.3648648648648649
0.380751007763274,351,1223,0,90,1.0,0.9314546839299315,0.22299872935196952,1.0,0.3646753246753247
0.3801007749093271,351,1224,0,89,1.0,0.9322162985529322,0.22285714285714286,1.0,0.3644859813084112
0.3800836435748852,351,1225,0,88,1.0,0.9329779131759329,0.22271573604060912,1.0,0.3642968344577063
0.37999018552941993,351,1226,0,87,1.0,0.9337395277989338,0.22257450856055802,1.0,0.3641078838174274
0.3797389625465498,351,1227,0,86,1.0,0.9345011424219345,0.2224334600760456,1.0,0.36391912908242613
0.37969836214806707,351,1228,0,85,1.0,0.9352627570449352,0.22229259024699177,1.0,0.3637305699481866
0.37939194258477826,351,1229,0,84,1.0,0.9360243716679361,0.2221518987341772,1.0,0.3635422061108234
0.37935764222876944,351,1230,0,83,1.0,0.9367859862909368,0.222011385199241,1.0,0.36335403726708076
0.3793462607262502,351,1231,0,82,1.0,0.9375476009139375,0.22187104930467763,1.0,0.3631660631143301
0.3790880476198846,351,1232,0,81,1.0,0.9383092155369384,0.2217308907138345,1.0,0.3629782833505688
0.37858471586332476,351,1233,0,80,1.0,0.9390708301599391,0.2215909090909091,1.0,0.36279069767441857
0.3780573193391633,351,1234,0,79,1.0,0.9398324447829398,0.22145110410094637,1.0,0.36260330578512395
0.3778508252084447,351,1235,0,78,1.0,0.9405940594059405,0.22131147540983606,1.0,0.36241610738255037
0.3778215242153716,351,1236,0,77,1.0,0.9413556740289414,0.22117202268431002,1.0,0.3622291021671826
0.3778027765344205,351,1237,0,76,1.0,0.9421172886519421,0.22103274559193956,1.0,0.36204228984012377
0.3776382931909546,351,1238,0,75,1.0,0.9428789032749428,0.2208936438011328,1.0,0.3618556701030928
0.3775506451253174,351,1239,0,74,1.0,0.9436405178979437,0.22075471698113208,1.0,0.3616692426584235
0.377255743641212,351,1240,0,73,1.0,0.9444021325209444,0.22061596480201132,1.0,0.3614830072090628
0.3766808247780434,351,1241,0,72,1.0,0.9451637471439451,0.22047738693467336,1.0,0.3612969634585692
0.3766111580402166,351,1242,0,71,1.0,0.945925361766946,0.22033898305084745,1.0,0.3611111111111111
0.3761032439899195,351,1243,0,70,1.0,0.9466869763899467,0.22020075282308657,1.0,0.3609254498714653
0.3756406494003156,351,1244,0,69,1.0,0.9474485910129474,0.22006269592476488,1.0,0.3607399794450154
0.3752072095451271,351,1245,0,68,1.0,0.9482102056359482,0.2199248120300752,1.0,0.3605546995377504
0.37518223912491855,351,1246,0,67,1.0,0.948971820258949,0.2197871008140263,1.0,0.3603696098562629
0.37492967439376385,351,1247,0,66,1.0,0.9497334348819497,0.21964956195244056,1.0,0.3601847101077476
0.37455346532196443,351,1248,0,65,1.0,0.9504950495049505,0.21951219512195122,1.0,0.36
0.3743941598068757,351,1249,0,64,1.0,0.9512566641279513,0.219375,1.0,0.35981547924141466
0.37416498456748243,351,1250,0,63,1.0,0.952018278750952,0.2192379762648345,1.0,0.35963114754098363
0.3738745744563959,351,1251,0,62,1.0,0.9527798933739527,0.21910112359550563,1.0,0.35944700460829493
0.3737594660712562,351,1252,0,61,1.0,0.9535415079969536,0.21896444167186524,1.0,0.3592630501535312
0.37325758311450746,351,1253,0,60,1.0,0.9543031226199543,0.2188279301745636,1.0,0.359079283887468
0.372943949681218,351,1254,0,59,1.0,0.955064737242955,0.21869158878504674,1.0,0.35889570552147243
0.37291638702916985,351,1255,0,58,1.0,0.9558263518659559,0.21855541718555418,1.0,0.3587123147675013
0.3726361610873019,351,1256,0,57,1.0,0.9565879664889566,0.21841941505911636,1.0,0.3585291113381001
0.3720031114157145,351,1257,0,56,1.0,0.9573495811119573,0.21828358208955223,1.0,0.35834609494640124
0.37148457264925144,351,1258,0,55,1.0,0.9581111957349581,0.21814791796146674,1.0,0.3581632653061224
0.37116298142190535,351,1259,0,54,1.0,0.9588728103579589,0.21801242236024845,1.0,0.35798062213156556
0.3706128955742416,351,1260,0,53,1.0,0.9596344249809596,0.21787709497206703,1.0,0.3577981651376147
0.37039067543586435,351,1261,0,52,1.0,0.9603960396039604,0.21774193548387097,1.0,0.3576158940397351
0.37022855290927414,351,1262,0,51,1.0,0.9611576542269612,0.217606943583385,1.0,0.3574338085539715
0.3701216801812584,351,1263,0,50,1.0,0.9619192688499619,0.2174721189591078,1.0,0.3572519083969466
0.3695853719604433,351,1265,0,48,1.0,0.9634424980959635,0.2172029702970297,1.0,0.356888662938485
0.368799010658226,351,1266,0,47,1.0,0.9642041127189642,0.21706864564007422,1.0,0.35670731707317077
0.36786122175261204,351,1267,0,46,1.0,0.964965727341965,0.2169344870210136,1.0,0.356526155408837
0.3675118858307929,351,1268,0,45,1.0,0.9657273419649657,0.21680049413218036,1.0,0.3563451776649746
0.3670874666050595,351,1269,0,44,1.0,0.9664889565879665,0.21666666666666667,1.0,0.3561643835616438
0.3666596920605655,351,1270,0,43,1.0,0.9672505712109672,0.21653300431832204,1.0,0.35598377281947263
0.36651858456921965,351,1271,0,42,1.0,0.968012185833968,0.21639950678175093,1.0,0.35580334515965534
0.36592412590965634,351,1272,0,41,1.0,0.9687738004569688,0.21626617375231053,1.0,0.35562310030395133
0.3657293456661499,351,1273,0,40,1.0,0.9695354150799695,0.21613300492610837,1.0,0.3554430379746836
0.36564731669562167,351,1274,0,39,1.0,0.9702970297029703,0.216,1.0,0.35526315789473684
0.3650313011641094,351,1275,0,38,1.0,0.9710586443259711,0.2158671586715867,1.0,0.35508345978755684
0.3645872697883394,351,1276,0,37,1.0,0.9718202589489718,0.21573448063921327,1.0,0.35490394337714865
0.3642762105093606,351,1277,0,36,1.0,0.9725818735719726,0.2156019656019656,1.0,0.35472460838807474
0.3641102037633788,351,1278,0,35,1.0,0.9733434881949733,0.2154696132596685,1.0,0.35454545454545455
0.3640811967525228,351,1279,0,34,1.0,0.9741051028179741,0.21533742331288344,1.0,0.35436648157496214
0.36367753504687805,351,1280,0,33,1.0,0.9748667174409749,0.21520539546290618,1.0,0.35418768920282545
0.3620777321900187,351,1281,0,32,1.0,0.9756283320639756,0.21507352941176472,1.0,0.3540090771558245
0.36113257520565056,351,1282,0,31,1.0,0.9763899466869764,0.21494182486221677,1.0,0.3538306451612903
0.3568426424680296,351,1283,0,30,1.0,0.9771515613099772,0.21481028151774786,1.0,0.35365239294710327
0.3520054762418801,351,1284,0,29,1.0,0.9779131759329779,0.21467889908256882,1.0,0.3534743202416919
0.3516649763045858,351,1285,0,28,1.0,0.9786747905559787,0.2145476772616137,1.0,0.3532964267740312
0.3508234049805155,351,1286,0,27,1.0,0.9794364051789795,0.21441661576053758,1.0,0.3531187122736419
0.34988976865220983,351,1287,0,26,1.0,0.9801980198019802,0.21428571428571427,1.0,0.35294117647058826
0.3474015429757165,351,1288,0,25,1.0,0.9809596344249809,0.2141549725442343,1.0,0.35276381909547744
0.34685411120953713,351,1289,0,24,1.0,0.9817212490479817,0.21402439024390243,1.0,0.35258663987945754
0.3464234622937298,351,1290,0,23,1.0,0.9824828636709825,0.21389396709323583,1.0,0.35240963855421686
0.34536143650723994,351,1292,0,21,1.0,0.984006092916984,0.21363359707851493,1.0,0.3520561685055166
0.3452850352680887,351,1293,0,20,1.0,0.9847677075399848,0.21350364963503649,1.0,0.3518796992481203
0.34486235291130035,351,1294,0,19,1.0,0.9855293221629855,0.2133738601823708,1.0,0.3517034068136272
0.3447210814323026,351,1295,0,18,1.0,0.9862909367859863,0.2132442284325638,1.0,0.3515272909364046
0.34431305488848835,351,1296,0,17,1.0,0.9870525514089871,0.21311475409836064,1.0,0.3513513513513513
0.3441708926080585,351,1297,0,16,1.0,0.9878141660319878,0.21298543689320387,1.0,0.35117558779389696
0.3409450582461666,351,1299,0,14,1.0,0.9893373952779894,0.21272727272727274,1.0,0.35082458770614694
0.33770764091703165,351,1300,0,13,1.0,0.9900990099009901,0.2125984251968504,1.0,0.35064935064935066
0.3372762464150759,351,1302,0,11,1.0,0.9916222391469917,0.21234119782214156,1.0,0.3502994011976048
0.3363781220937925,351,1304,0,9,1.0,0.9931454683929931,0.2120845921450151,1.0,0.34995014955134596
0.33610957833790445,351,1305,0,8,1.0,0.993907083015994,0.21195652173913043,1.0,0.34977578475336324
0.3361085738863011,351,1306,0,7,1.0,0.9946686976389947,0.21182860591430297,1.0,0.34960159362549803
0.3351876532855417,351,1307,0,6,1.0,0.9954303122619954,0.21170084439083234,1.0,0.34942757590841217
0.3345973891312781,351,1309,0,4,1.0,0.996953541507997,0.21144578313253012,1.0,0.3490800596718051
0.334083417029905,351,1310,0,3,1.0,0.9977151561309977,0.21131848284166166,1.0,0.3489065606361829
0.33392187309288074,351,1311,0,2,1.0,0.9984767707539984,0.2111913357400722,1.0,0.34873323397913564
0.33372784861733384,351,1312,0,1,1.0,0.9992383853769993,0.2110643415514131,1.0,0.3485600794438927
0.3332457647553895,351,1313,0,0,1.0,1.0,0.2109375,1.0,0.34838709677419355