threshold,tp,fp,fn,tn,tpr,fpr,precision,recall,f1
-1700.3146670855056,0,0,879,1020,0.0,0.0,0.0,0.0,0.0
-1682.6871975777183,0,1,879,1019,0.0,0.000980392156862745,0.0,0.0,0.0
-1450.002910678468,0,2,879,1018,0.0,0.00196078431372549,0.0,0.0,0.0
-1420.1456665450285,0,3,879,1017,0.0,0.0029411764705882353,0.0,0.0,0.0
-1343.7484977068486,0,4,879,1016,0.0,0.00392156862745098,0.0,0.0,0.0
-1185.6349101080739,0,5,879,1015,0.0,0.004901960784313725,0.0,0.0,0.0
-1080.6059437944875,0,6,879,1014,0.0,0.0058823529411764705,0.0,0.0,0.0
-1021.3090638390145,0,7,879,1013,0.0,0.006862745098039216,0.0,0.0,0.0
-981.3834151850438,0,8,879,1012,0.0,0.00784313725490196,0.0,0.0,0.0
-980.1078663928795,0,9,879,1011,0.0,0.008823529411764706,0.0,0.0,0.0
-969.1936248831307,0,10,879,1010,0.0,0.00980392156862745,0.0,0.0,0.0
-905.7408482114772,0,11,879,1009,0.0,0.010784313725490196,0.0,0.0,0.0
-888.8594917377404,0,12,879,1008,0.0,0.011764705882352941,0.0,0.0,0.0
-877.0394152665649,0,13,879,1007,0.0,0.012745098039215686,0.0,0.0,0.0
-874.847468309589,0,14,879,1006,0.0,0.013725490196078431,0.0,0.0,0.0
-868.6918196234944,0,15,879,1005,0.0,0.014705882352941176,0.0,0.0,0.0
-868.0057952723878,0,16,879,1004,0.0,0.01568627450980392,0.0,0.0,0.0
-860.113220316786,0,17,879,1003,0.0,0.016666666666666666,0.0,0.0,0.0
-859.0482211460162,0,18,879,1002,0.0,0.01764705882352941,0.0,0.0,0.0
-853.2865530309357,0,19,879,1001,0.0,0.018627450980392157,0.0,0.0,0.0
-785.7705829411602,0,20,879,1000,0.0,0.0196078431372549,0.0,0.0,0.0
-784.8363304711506,0,21,879,999,0.0,0.020588235294117647,0.0,0.0,0.0
-781.4436214097627,0,22,879,998,0.0,0.021568627450980392,0.0,0.0,0.0
-738.8117246714464,0,23,879,997,0.0,0.022549019607843137,0.0,0.0,0.0
-669.3572126796964,0,24,879,996,0.0,0.023529411764705882,0.0,0.0,0.0
-668.6280549766946,0,25,879,995,0.0,0.024509803921568627,0.0,0.0,0.0
-658.024068791967,0,26,879,994,0.0,0.025490196078431372,0.0,0.0,0.0
-657.7740526158068,0,27,879,993,0.0,0.026470588235294117,0.0,0.0,0.0
-649.8704427869604,0,28,879,992,0.0,0.027450980392156862,0.0,0.0,0.0
-646.2232151666967,0,29,879,991,0.0,0.028431372549019607,0.0,0.0,0.0
-624.9462996929581,0,30,879,990,0.0,0.029411764705882353,0.0,0.0,0.0
-619.7803500094774,0,31,879,989,0.0,0.030392156862745098,0.0,0.0,0.0
-608.095146700083,0,32,879,988,0.0,0.03137254901960784,0.0,0.0,0.0
-599.978829794878,0,33,879,987,0.0,0.03235294117647059,0.0,0.0,0.0
-598.1448950947961,0,34,879,986,0.0,0.03333333333333333,0.0,0.0,0.0
-582.963690504338,0,35,879,985,0.0,0.03431372549019608,0.0,0.0,0.0
-572.8165806557856,0,36,879,984,0.0,0.03529411764705882,0.0,0.0,0.0
-568.8796530773784,0,37,879,983,0.0,0.03627450980392157,0.0,0.0,0.0
-556.873589602709,0,38,879,982,0.0,0.03725490196078431,0.0,0.0,0.0
-550.1707912272996,0,39,879,981,0.0,0.03823529411764706,0.0,0.0,0.0
-531.7606263506177,0,40,879,980,0.0,0.0392156862745098,0.0,0.0,0.0
-521.3687937624647,0,41,879,979,0.0,0.04019607843137255,0.0,0.0,0.0
-505.39333084980126,0,42,879,978,0.0,0.041176470588235294,0.0,0.0,0.0
-503.6009940491556,0,43,879,977,0.0,0.04215686274509804,0.0,0.0,0.0
-497.26579290748236,0,44,879,976,0.0,0.043137254901960784,0.0,0.0,0.0
-468.38940188883,0,45,879,975,0.0,0.04411764705882353,0.0,0.0,0.0
-466.70131957427975,1,45,878,975,0.0011376564277588168,0.04411764705882353,0.021739130434782608,0.0011376564277588168,0.002162162162162162
-463.7986425958147,1,46,878,974,0.0011376564277588168,0.045098039215686274,0.02127659574468085,0.0011376564277588168,0.0021598272138228943
-461.93184510008746,1,47,878,973,0.0011376564277588168,0.04607843137254902,0.020833333333333332,0.0011376564277588168,0.0021574973031283713
-456.74583981501405,1,48,878,972,0.0011376564277588168,0.047058823529411764,0.02040816326530612,0.0011376564277588168,0.0021551724137931034
-455.90092729647176,1,49,878,971,0.0011376564277588168,0.04803921568627451,0.02,0.0011376564277588168,0.002152852529601722
-439.2133705159815,1,50,878,970,0.0011376564277588168,0.049019607843137254,0.0196078431372549,0.0011376564277588168,0.002150537634408602
-435.74561812225693,1,51,878,969,0.0011376564277588168,0.05,0.019230769230769232,0.0011376564277588168,0.0021482277121374865
-417.91785631177754,1,52,878,968,0.0011376564277588168,0.050980392156862744,0.018867924528301886,0.0011376564277588168,0.002145922746781116
-404.5238481735489,1,53,878,967,0.0011376564277588168,0.05196078431372549,0.018518518518518517,0.0011376564277588168,0.0021436227224008574
-403.12914653744883,1,54,878,966,0.0011376564277588168,0.052941176470588235,0.01818181818181818,0.0011376564277588168,0.002141327623126338
-400.50378471978,1,55,878,965,0.0011376564277588168,0.05392156862745098,0.017857142857142856,0.0011376564277588168,0.0021390374331550803
-386.2619146312179,1,56,878,964,0.0011376564277588168,0.054901960784313725,0.017543859649122806,0.0011376564277588168,0.002136752136752137
-385.70629241278766,1,57,878,963,0.0011376564277588168,0.05588235294117647,0.017241379310344827,0.0011376564277588168,0.0021344717182497333
-368.56908755176164,1,58,878,962,0.0011376564277588168,0.056862745098039215,0.01694915254237288,0.0011376564277588168,0.0021321961620469083
-358.3113579511157,1,59,878,961,0.0011376564277588168,0.05784313725490196,0.016666666666666666,0.0011376564277588168,0.002129925452609159
-353.5171350544192,1,60,878,960,0.0011376564277588168,0.058823529411764705,0.01639344262295082,0.0011376564277588168,0.002127659574468085
-332.59098864065663,1,61,878,959,0.0011376564277588168,0.059803921568627454,0.016129032258064516,0.0011376564277588168,0.0021253985122210418
-326.01988268722994,1,62,878,958,0.0011376564277588168,0.060784313725490195,0.015873015873015872,0.0011376564277588168,0.002123142250530786
-325.6929765736311,1,63,878,957,0.0011376564277588168,0.061764705882352944,0.015625,0.0011376564277588168,0.0021208907741251328
-314.14843116800034,1,64,878,956,0.0011376564277588168,0.06274509803921569,0.015384615384615385,0.0011376564277588168,0.00211864406779661
-309.829342304193,1,65,878,955,0.0011376564277588168,0.06372549019607843,0.015151515151515152,0.0011376564277588168,0.0021164021164021165
-307.7051304665738,1,66,878,954,0.0011376564277588168,0.06470588235294118,0.014925373134328358,0.0011376564277588168,0.0021141649048625794
-294.5512107940681,1,67,878,953,0.0011376564277588168,0.06568627450980392,0.014705882352941176,0.0011376564277588168,0.002111932418162619
-289.59436276525867,1,68,878,952,0.0011376564277588168,0.06666666666666667,0.014492753623188406,0.0011376564277588168,0.002109704641350211
-286.7090714456167,1,69,878,951,0.0011376564277588168,0.06764705882352941,0.014285714285714285,0.0011376564277588168,0.002107481559536354
-272.6051280351878,1,70,878,950,0.0011376564277588168,0.06862745098039216,0.014084507042253521,0.0011376564277588168,0.0021052631578947364
-271.21732787764745,1,71,878,949,0.0011376564277588168,0.0696078431372549,0.013888888888888888,0.0011376564277588168,0.002103049421661409
-268.0784544553687,1,72,878,948,0.0011376564277588168,0.07058823529411765,0.0136986301369863,0.0011376564277588168,0.0021008403361344533
-265.19278064904256,1,73,878,947,0.0011376564277588168,0.07156862745098039,0.013513513513513514,0.0011376564277588168,0.0020986358866736617
-249.6643169012509,1,74,878,946,0.0011376564277588168,0.07254901960784314,0.013333333333333334,0.0011376564277588168,0.0020964360587002098
-246.4152457544851,1,75,878,945,0.0011376564277588168,0.07352941176470588,0.013157894736842105,0.0011376564277588168,0.002094240837696335
-246.3211208202731,1,76,878,944,0.0011376564277588168,0.07450980392156863,0.012987012987012988,0.0011376564277588168,0.0020920502092050207
-240.5612102547184,1,77,878,943,0.0011376564277588168,0.07549019607843137,0.01282051282051282,0.0011376564277588168,0.002089864158829676
-235.6673005156406,1,78,878,942,0.0011376564277588168,0.07647058823529412,0.012658227848101266,0.0011376564277588168,0.0020876826722338203
-233.84873218856887,1,79,878,941,0.0011376564277588168,0.07745098039215687,0.0125,0.0011376564277588168,0.0020855057351407713
-232.73772008724586,1,80,878,940,0.0011376564277588168,0.0784313725490196,0.012345679012345678,0.0011376564277588168,0.0020833333333333333
-232.66470994379847,1,81,878,939,0.0011376564277588168,0.07941176470588235,0.012195121951219513,0.0011376564277588168,0.0020811654526534857
-228.9198724703092,1,82,878,938,0.0011376564277588168,0.0803921568627451,0.012048192771084338,0.0011376564277588168,0.0020790020790020787
-226.35427597609055,1,83,878,937,0.0011376564277588168,0.08137254901960785,0.011904761904761904,0.0011376564277588168,0.0020768431983385254
-225.51564747973543,1,84,878,936,0.0011376564277588168,0.08235294117647059,0.011764705882352941,0.0011376564277588168,0.002074688796680498
-212.92091577560768,2,84,877,936,0.0022753128555176336,0.08235294117647059,0.023255813953488372,0.0022753128555176336,0.004145077720207254
-211.05648785550375,2,85,877,935,0.0022753128555176336,0.08333333333333333,0.022988505747126436,0.0022753128555176336,0.004140786749482401
-197.36919308836923,2,86,877,934,0.0022753128555176336,0.08431372549019608,0.022727272727272728,0.0022753128555176336,0.004136504653567736
-188.38702422805113,2,87,877,933,0.0022753128555176336,0.08529411764705883,0.02247191011235955,0.0022753128555176336,0.004132231404958678
-188.25168240376843,2,88,877,932,0.0022753128555176336,0.08627450980392157,0.022222222222222223,0.0022753128555176336,0.0041279669762641896
-186.71166744201332,2,89,877,931,0.0022753128555176336,0.08725490196078431,0.02197802197802198,0.0022753128555176336,0.004123711340206185
-174.93462966531274,2,90,877,930,0.0022753128555176336,0.08823529411764706,0.021739130434782608,0.0022753128555176336,0.004119464469618949
-165.07260768458514,2,91,877,929,0.0022753128555176336,0.0892156862745098,0.021505376344086023,0.0022753128555176336,0.004115226337448559
-163.8502527273347,2,92,877,928,0.0022753128555176336,0.09019607843137255,0.02127659574468085,0.0022753128555176336,0.0041109969167523125
-163.43721918850065,2,93,877,927,0.0022753128555176336,0.09117647058823529,0.021052631578947368,0.0022753128555176336,0.004106776180698151
-163.3587363313252,2,94,877,926,0.0022753128555176336,0.09215686274509804,0.020833333333333332,0.0022753128555176336,0.0041025641025641026
-158.28579539888028,2,95,877,925,0.0022753128555176336,0.09313725490196079,0.020618556701030927,0.0022753128555176336,0.004098360655737704
-152.11012471611411,2,96,877,924,0.0022753128555176336,0.09411764705882353,0.02040816326530612,0.0022753128555176336,0.004094165813715455
-148.93178413726537,3,96,876,924,0.0034129692832764505,0.09411764705882353,0.030303030303030304,0.0034129692832764505,0.0061349693251533735
-144.84315412966475,3,97,876,923,0.0034129692832764505,0.09509803921568627,0.03,0.0034129692832764505,0.006128702757916241
-143.06293672028028,3,98,876,922,0.0034129692832764505,0.09607843137254903,0.0297029702970297,0.0034129692832764505,0.006122448979591836
-137.92261612126822,3,99,876,921,0.0034129692832764505,0.09705882352941177,0.029411764705882353,0.0034129692832764505,0.0061162079510703364
-135.7260228125033,3,100,876,920,0.0034129692832764505,0.09803921568627451,0.02912621359223301,0.0034129692832764505,0.006109979633401222
-134.927376910279,3,101,876,919,0.0034129692832764505,0.09901960784313725,0.028846153846153848,0.0034129692832764505,0.006103763987792472
-132.661646159155,3,102,876,918,0.0034129692832764505,0.1,0.02857142857142857,0.0034129692832764505,0.006097560975609756
-131.65943670272827,3,103,876,917,0.0034129692832764505,0.10098039215686275,0.02830188679245283,0.0034129692832764505,0.006091370558375634
-130.63514549099023,3,104,876,916,0.0034129692832764505,0.10196078431372549,0.028037383177570093,0.0034129692832764505,0.006085192697768763
-128.8027566464715,3,105,876,915,0.0034129692832764505,0.10294117647058823,0.027777777777777776,0.0034129692832764505,0.0060790273556231
-126.06885745453053,3,106,876,914,0.0034129692832764505,0.10392156862745099,0.027522935779816515,0.0034129692832764505,0.0060728744939271264
-123.93144021878447,3,107,876,913,0.0034129692832764505,0.10490196078431373,0.02727272727272727,0.0034129692832764505,0.006066734074823054
-118.32256292012016,3,108,876,912,0.0034129692832764505,0.10588235294117647,0.02702702702702703,0.0034129692832764505,0.0060606060606060615
-117.85571154719196,3,109,876,911,0.0034129692832764505,0.10686274509803921,0.026785714285714284,0.0034129692832764505,0.006054490413723512
-114.36432520451763,4,109,875,911,0.004550625711035267,0.10686274509803921,0.035398230088495575,0.004550625711035267,0.008064516129032258
-108.69766874994423,4,110,875,910,0.004550625711035267,0.10784313725490197,0.03508771929824561,0.004550625711035267,0.008056394763343404
-101.17691047719109,4,111,875,909,0.004550625711035267,0.10882352941176471,0.034782608695652174,0.004550625711035267,0.008048289738430584
-99.22501469370184,4,112,875,908,0.004550625711035267,0.10980392156862745,0.034482758620689655,0.004550625711035267,0.008040201005025125
-99.17271855142883,4,113,875,907,0.004550625711035267,0.11078431372549019,0.03418803418803419,0.004550625711035267,0.008032128514056224
-94.2846435476796,4,114,875,906,0.004550625711035267,0.11176470588235295,0.03389830508474576,0.004550625711035267,0.00802407221664995
-93.27461513329047,4,115,875,905,0.004550625711035267,0.11274509803921569,0.03361344537815126,0.004550625711035267,0.008016032064128256
-89.33308214953138,4,116,875,904,0.004550625711035267,0.11372549019607843,0.03333333333333333,0.004550625711035267,0.008008008008008008
-77.54603926595098,4,117,875,903,0.004550625711035267,0.11470588235294117,0.03305785123966942,0.004550625711035267,0.008
-70.77028471113795,4,118,875,902,0.004550625711035267,0.11568627450980393,0.03278688524590164,0.004550625711035267,0.00799200799200799
-65.07301391650344,4,119,875,901,0.004550625711035267,0.11666666666666667,0.032520325203252036,0.004550625711035267,0.007984031936127746
-39.78150635135569,4,120,875,900,0.004550625711035267,0.11764705882352941,0.03225806451612903,0.004550625711035267,0.007976071784646061
-36.832825062990196,4,121,875,899,0.004550625711035267,0.11862745098039215,0.032,0.004550625711035267,0.00796812749003984
-34.71020412582902,4,122,875,898,0.004550625711035267,0.11960784313725491,0.031746031746031744,0.004550625711035267,0.007960199004975124
-34.4371440669662,4,123,875,897,0.004550625711035267,0.12058823529411765,0.031496062992125984,0.004550625711035267,0.007952286282306162
-32.424987595965604,5,123,874,897,0.005688282138794084,0.12058823529411765,0.0390625,0.005688282138794084,0.009930486593843098
-30.167888386547133,5,124,874,896,0.005688282138794084,0.12156862745098039,0.03875968992248062,0.005688282138794084,0.009920634920634922
-23.686953949777035,5,125,874,895,0.005688282138794084,0.12254901960784313,0.038461538461538464,0.005688282138794084,0.009910802775024779
-22.38218735657074,6,125,873,895,0.006825938566552901,0.12254901960784313,0.04580152671755725,0.006825938566552901,0.011881188118811881
-5.0875367485679135,6,126,873,894,0.006825938566552901,0.12352941176470589,0.045454545454545456,0.006825938566552901,0.011869436201780418
11.270497833667946,6,127,873,893,0.006825938566552901,0.12450980392156863,0.045112781954887216,0.006825938566552901,0.011857707509881424
13.259253896736709,6,128,873,892,0.006825938566552901,0.12549019607843137,0.04477611940298507,0.006825938566552901,0.011846001974333664
15.454200840988506,7,128,872,892,0.007963594994311717,0.12549019607843137,0.05185185185185185,0.007963594994311717,0.013806706114398421
24.470768384606004,7,129,872,891,0.007963594994311717,0.1264705882352941,0.051470588235294115,0.007963594994311717,0.01379310344827586
25.577831963082758,7,130,872,890,0.007963594994311717,0.12745098039215685,0.051094890510948905,0.007963594994311717,0.013779527559055118
28.476014548505532,7,131,872,889,0.007963594994311717,0.1284313725490196,0.050724637681159424,0.007963594994311717,0.013765978367748276
34.13723577219196,7,132,872,888,0.007963594994311717,0.12941176470588237,0.050359712230215826,0.007963594994311717,0.0137524557956778
41.72106478397279,8,132,871,888,0.009101251422070534,0.12941176470588237,0.05714285714285714,0.009101251422070534,0.015701668302257114
43.021783245086,8,133,871,887,0.009101251422070534,0.1303921568627451,0.05673758865248227,0.009101251422070534,0.015686274509803918
56.00729879089465,8,134,871,886,0.009101251422070534,0.13137254901960785,0.056338028169014086,0.009101251422070534,0.015670910871694418
56.806548192304945,8,135,871,885,0.009101251422070534,0.1323529411764706,0.055944055944055944,0.009101251422070534,0.015655577299412915
61.08833353600687,8,136,871,884,0.009101251422070534,0.13333333333333333,0.05555555555555555,0.009101251422070534,0.015640273704789834
65.17015580880638,8,137,871,883,0.009101251422070534,0.13431372549019607,0.05517241379310345,0.009101251422070534,0.015625
65.77312734003931,8,138,871,882,0.009101251422070534,0.13529411764705881,0.0547945205479452,0.009101251422070534,0.015609756097560974
68.47892406765561,9,138,870,882,0.010238907849829351,0.13529411764705881,0.061224489795918366,0.010238907849829351,0.01754385964912281
68.98026577427186,9,139,870,881,0.010238907849829351,0.13627450980392156,0.060810810810810814,0.010238907849829351,0.017526777020447908
76.2390063655148,9,140,870,880,0.010238907849829351,0.13725490196078433,0.06040268456375839,0.010238907849829351,0.017509727626459144
82.60106854475453,9,141,870,879,0.010238907849829351,0.13823529411764707,0.06,0.010238907849829351,0.01749271137026239
83.8670964967971,9,142,870,878,0.010238907849829351,0.1392156862745098,0.059602649006622516,0.010238907849829351,0.017475728155339806
89.23619387120289,9,143,870,877,0.010238907849829351,0.14019607843137255,0.05921052631578947,0.010238907849829351,0.017458777885548008
89.71643800793368,9,144,870,876,0.010238907849829351,0.1411764705882353,0.058823529411764705,0.010238907849829351,0.01744186046511628
92.87560914743801,9,145,870,875,0.010238907849829351,0.14215686274509803,0.05844155844155844,0.010238907849829351,0.01742497579864472
95.42523440649575,9,146,870,874,0.010238907849829351,0.14313725490196078,0.05806451612903226,0.010238907849829351,0.017408123791102514
107.2622378533099,9,147,870,873,0.010238907849829351,0.14411764705882352,0.057692307692307696,0.010238907849829351,0.017391304347826087
110.05872286277577,9,148,870,872,0.010238907849829351,0.1450980392156863,0.05732484076433121,0.010238907849829351,0.01737451737451737
133.99622392326194,9,149,870,871,0.010238907849829351,0.14607843137254903,0.056962025316455694,0.010238907849829351,0.017357762777242044
146.62146550908471,10,149,869,871,0.011376564277588168,0.14607843137254903,0.06289308176100629,0.011376564277588168,0.01926782273603083
147.80425798527892,11,149,868,871,0.012514220705346985,0.14607843137254903,0.06875,0.012514220705346985,0.02117420596727623
149.9861281884306,12,149,867,871,0.013651877133105802,0.14607843137254903,0.07453416149068323,0.013651877133105802,0.023076923076923075
157.03751036253118,12,150,867,870,0.013651877133105802,0.14705882352941177,0.07407407407407407,0.013651877133105802,0.023054755043227664
161.69305912212076,13,150,866,870,0.01478953356086462,0.14705882352941177,0.07975460122699386,0.01478953356086462,0.024952015355086374
169.6807966661313,13,151,866,869,0.01478953356086462,0.1480392156862745,0.07926829268292683,0.01478953356086462,0.024928092042186007
183.2077754656874,13,152,866,868,0.01478953356086462,0.14901960784313725,0.07878787878787878,0.01478953356086462,0.024904214559386975
184.43915667182046,13,153,866,867,0.01478953356086462,0.15,0.0783132530120482,0.01478953356086462,0.024880382775119617
188.36522658893193,13,154,866,866,0.01478953356086462,0.15098039215686274,0.07784431137724551,0.01478953356086462,0.0248565965583174
189.46776168061376,13,155,866,865,0.01478953356086462,0.15196078431372548,0.07738095238095238,0.01478953356086462,0.024832855778414518
201.31402161631888,13,156,866,864,0.01478953356086462,0.15294117647058825,0.07692307692307693,0.01478953356086462,0.02480916030534351
209.43572514665937,13,157,866,863,0.01478953356086462,0.153921568627451,0.07647058823529412,0.01478953356086462,0.02478551000953289
215.3112032491705,14,157,865,863,0.015927189988623434,0.153921568627451,0.08187134502923976,0.015927189988623434,0.02666666666666666
227.0156617126015,14,158,865,862,0.015927189988623434,0.15490196078431373,0.08139534883720931,0.015927189988623434,0.026641294005708846
236.52949070948682,14,159,865,861,0.015927189988623434,0.15588235294117647,0.08092485549132948,0.015927189988623434,0.026615969581749048
246.96935363445232,14,160,865,860,0.015927189988623434,0.1568627450980392,0.08045977011494253,0.015927189988623434,0.026590693257359924
254.10628535493402,14,161,865,859,0.015927189988623434,0.15784313725490196,0.08,0.015927189988623434,0.026565464895635674
259.3809994899974,14,162,865,858,0.015927189988623434,0.1588235294117647,0.07954545454545454,0.015927189988623434,0.026540284360189573
259.44212882324905,14,163,865,857,0.015927189988623434,0.15980392156862744,0.07909604519774012,0.015927189988623434,0.026515151515151516
262.6365271068822,14,164,865,856,0.015927189988623434,0.1607843137254902,0.07865168539325842,0.015927189988623434,0.026490066225165556
263.44571179754007,15,164,864,856,0.017064846416382253,0.1607843137254902,0.08379888268156424,0.017064846416382253,0.02835538752362949
274.5115528546587,16,164,863,856,0.01820250284414107,0.1607843137254902,0.08888888888888889,0.01820250284414107,0.03021718602455146
285.7822746582742,16,165,863,855,0.01820250284414107,0.16176470588235295,0.08839779005524862,0.01820250284414107,0.030188679245283016
305.66864432937257,17,165,862,855,0.019340159271899887,0.16176470588235295,0.09340659340659341,0.019340159271899887,0.03204524033930255
307.9821169255749,18,165,861,855,0.020477815699658702,0.16176470588235295,0.09836065573770492,0.020477815699658702,0.033898305084745756
311.702504133803,19,165,860,855,0.02161547212741752,0.16176470588235295,0.10326086956521739,0.02161547212741752,0.03574788334901224
312.33067131586404,20,165,859,855,0.022753128555176336,0.16176470588235295,0.10810810810810811,0.022753128555176336,0.03759398496240601
315.14965502015036,21,165,858,855,0.023890784982935155,0.16176470588235295,0.11290322580645161,0.023890784982935155,0.03943661971830986
338.38354751881,21,166,858,854,0.023890784982935155,0.1627450980392157,0.11229946524064172,0.023890784982935155,0.039399624765478425
352.38843960838733,22,166,857,854,0.02502844141069397,0.1627450980392157,0.11702127659574468,0.02502844141069397,0.041237113402061855
357.81706763744967,23,166,856,854,0.026166097838452786,0.1627450980392157,0.12169312169312169,0.026166097838452786,0.04307116104868914
370.48001920532,24,166,855,854,0.027303754266211604,0.1627450980392157,0.12631578947368421,0.027303754266211604,0.044901777362020584
374.8742020316645,25,166,854,854,0.02844141069397042,0.1627450980392157,0.13089005235602094,0.02844141069397042,0.04672897196261682
410.17326074152226,25,167,854,853,0.02844141069397042,0.16372549019607843,0.13020833333333334,0.02844141069397042,0.04668534080298786
413.58410422430507,26,167,853,853,0.02957906712172924,0.16372549019607843,0.13471502590673576,0.02957906712172924,0.048507462686567165
427.25653460552087,27,167,852,853,0.030716723549488054,0.16372549019607843,0.13917525773195877,0.030716723549488054,0.05032618825722274
458.9139127263387,28,167,851,853,0.03185437997724687,0.16372549019607843,0.14358974358974358,0.03185437997724687,0.05214152700186219
468.5180335349745,29,167,850,853,0.03299203640500569,0.16372549019607843,0.14795918367346939,0.03299203640500569,0.053953488372093024
468.6142333755577,29,168,850,852,0.03299203640500569,0.16470588235294117,0.14720812182741116,0.03299203640500569,0.05390334572490706
471.453551073418,30,168,849,852,0.034129692832764506,0.16470588235294117,0.15151515151515152,0.034129692832764506,0.055710306406685235
491.34242070653016,31,168,848,852,0.03526734926052332,0.16470588235294117,0.15577889447236182,0.03526734926052332,0.057513914656771796
496.94399969862826,32,168,847,852,0.03640500568828214,0.16470588235294117,0.16,0.03640500568828214,0.0593141797961075
509.944304689463,33,168,846,852,0.03754266211604096,0.16470588235294117,0.16417910447761194,0.03754266211604096,0.061111111111111116
514.4469736996527,34,168,845,852,0.038680318543799774,0.16470588235294117,0.16831683168316833,0.038680318543799774,0.06290471785383904
518.4547881793924,35,168,844,852,0.03981797497155859,0.16470588235294117,0.1724137931034483,0.03981797497155859,0.06469500924214418
532.6288370277534,36,168,843,852,0.040955631399317405,0.16470588235294117,0.17647058823529413,0.040955631399317405,0.0664819944598338
545.0497389249861,37,168,842,852,0.04209328782707622,0.16470588235294117,0.18048780487804877,0.04209328782707622,0.06826568265682656
547.7657312787871,38,168,841,852,0.04323094425483504,0.16470588235294117,0.18446601941747573,0.04323094425483504,0.07004608294930875
549.9155978048896,38,169,841,851,0.04323094425483504,0.16568627450980392,0.18357487922705315,0.04323094425483504,0.06998158379373849
551.1554926964748,39,169,840,851,0.04436860068259386,0.16568627450980392,0.1875,0.04436860068259386,0.07175712971481142
555.8574435276329,40,169,839,851,0.04550625711035267,0.16568627450980392,0.19138755980861244,0.04550625711035267,0.07352941176470588
557.6179967190235,41,169,838,851,0.04664391353811149,0.16568627450980392,0.19523809523809524,0.04664391353811149,0.07529843893480258
557.8343294263695,42,169,837,851,0.04778156996587031,0.16568627450980392,0.1990521327014218,0.04778156996587031,0.07706422018348624
561.3442744877849,43,169,836,851,0.048919226393629126,0.16568627450980392,0.2028301886792453,0.048919226393629126,0.07882676443629699
563.3502026789223,44,169,835,851,0.05005688282138794,0.16568627450980392,0.20657276995305165,0.05005688282138794,0.08058608058608058
564.4630727502908,45,169,834,851,0.051194539249146756,0.16568627450980392,0.2102803738317757,0.051194539249146756,0.08234217749313814
565.8027120705201,45,170,834,850,0.051194539249146756,0.16666666666666666,0.20930232558139536,0.051194539249146756,0.08226691042047532
568.2210941234713,46,170,833,850,0.05233219567690557,0.16666666666666666,0.21296296296296297,0.05233219567690557,0.08401826484018265
573.7549119496134,47,170,832,850,0.053469852104664393,0.16666666666666666,0.21658986175115208,0.053469852104664393,0.08576642335766424
577.5055941796254,48,170,831,850,0.05460750853242321,0.16666666666666666,0.22018348623853212,0.05460750853242321,0.08751139471285324
584.2942490755167,48,171,831,849,0.05460750853242321,0.1676470588235294,0.2191780821917808,0.05460750853242321,0.08743169398907104
584.9823388865263,49,171,830,849,0.055745164960182024,0.1676470588235294,0.22272727272727272,0.055745164960182024,0.089171974522293
586.353976602234,50,171,829,849,0.05688282138794084,0.1676470588235294,0.22624434389140272,0.05688282138794084,0.0909090909090909
590.111008244668,51,171,828,849,0.05802047781569966,0.1676470588235294,0.22972972972972974,0.05802047781569966,0.09264305177111717
595.5411935770547,52,171,827,849,0.05915813424345848,0.1676470588235294,0.23318385650224216,0.05915813424345848,0.09437386569872958
599.5482755168354,53,171,826,849,0.06029579067121729,0.1676470588235294,0.23660714285714285,0.06029579067121729,0.09610154125113325
599.6197946799097,54,171,825,849,0.06143344709897611,0.1676470588235294,0.24,0.06143344709897611,0.09782608695652173
599.7254509004056,55,171,824,849,0.06257110352673492,0.1676470588235294,0.24336283185840707,0.06257110352673492,0.09954751131221717
600.2146080026628,56,171,823,849,0.06370875995449374,0.1676470588235294,0.24669603524229075,0.06370875995449374,0.10126582278481011
608.893428281131,57,171,822,849,0.06484641638225255,0.1676470588235294,0.25,0.06484641638225255,0.10298102981029811
609.5005117125952,58,171,821,849,0.06598407281001138,0.1676470588235294,0.25327510917030566,0.06598407281001138,0.10469314079422383
610.8846519416456,59,171,820,849,0.0671217292377702,0.1676470588235294,0.2565217391304348,0.0671217292377702,0.10640216411181246
611.2216764889574,60,171,819,849,0.06825938566552901,0.1676470588235294,0.2597402597402597,0.06825938566552901,0.1081081081081081
623.7775003441038,61,171,818,849,0.06939704209328783,0.1676470588235294,0.2629310344827586,0.06939704209328783,0.1098109810981098
625.945921386165,62,171,817,849,0.07053469852104664,0.1676470588235294,0.26609442060085836,0.07053469852104664,0.11151079136690646
627.309077820182,63,171,816,849,0.07167235494880546,0.1676470588235294,0.2692307692307692,0.07167235494880546,0.11320754716981131
627.7588160184843,64,171,815,849,0.07281001137656427,0.1676470588235294,0.2723404255319149,0.07281001137656427,0.1149012567324955
632.9895261856234,65,171,814,849,0.07394766780432309,0.1676470588235294,0.2754237288135593,0.07394766780432309,0.11659192825112107
633.2463532588221,66,171,813,849,0.07508532423208192,0.1676470588235294,0.27848101265822783,0.07508532423208192,0.11827956989247312
637.3381256278433,67,171,812,849,0.07622298065984073,0.1676470588235294,0.2815126050420168,0.07622298065984073,0.11996418979409132
641.9574853114302,68,171,811,849,0.07736063708759955,0.1676470588235294,0.28451882845188287,0.07736063708759955,0.12164579606440074
643.4522116804084,69,171,810,849,0.07849829351535836,0.1676470588235294,0.2875,0.07849829351535836,0.12332439678284182
645.3613431441047,70,171,809,849,0.07963594994311718,0.1676470588235294,0.29045643153526973,0.07963594994311718,0.125
647.0571318321255,71,171,808,849,0.080773606370876,0.1676470588235294,0.29338842975206614,0.080773606370876,0.12667261373773417
649.7991609249946,72,171,807,849,0.08191126279863481,0.1676470588235294,0.2962962962962963,0.08191126279863481,0.12834224598930483
653.5786757392998,73,171,806,849,0.08304891922639362,0.1676470588235294,0.29918032786885246,0.08304891922639362,0.13000890471950133
655.1940735012531,74,171,805,849,0.08418657565415244,0.1676470588235294,0.3020408163265306,0.08418657565415244,0.13167259786476868
657.2388201393491,75,171,804,849,0.08532423208191127,0.1676470588235294,0.3048780487804878,0.08532423208191127,0.13333333333333336
659.9680328125717,76,171,803,849,0.08646188850967008,0.1676470588235294,0.3076923076923077,0.08646188850967008,0.13499111900532862
660.559278655483,77,171,802,849,0.0875995449374289,0.1676470588235294,0.31048387096774194,0.0875995449374289,0.13664596273291926
660.8033557384495,78,171,801,849,0.08873720136518772,0.1676470588235294,0.3132530120481928,0.08873720136518772,0.13829787234042554
662.2778272441044,79,171,800,849,0.08987485779294653,0.1676470588235294,0.316,0.08987485779294653,0.13994685562444642
662.8129164043112,80,171,799,849,0.09101251422070535,0.1676470588235294,0.3187250996015936,0.09101251422070535,0.1415929203539823
664.4816887398454,81,171,798,849,0.09215017064846416,0.1676470588235294,0.32142857142857145,0.09215017064846416,0.14323607427055704
665.245092774094,82,171,797,849,0.09328782707622298,0.1676470588235294,0.3241106719367589,0.09328782707622298,0.14487632508833923
667.6915505861051,83,171,796,849,0.09442548350398179,0.1676470588235294,0.32677165354330706,0.09442548350398179,0.14651368049426303
670.473251693196,83,172,796,848,0.09442548350398179,0.16862745098039217,0.3254901960784314,0.09442548350398179,0.14638447971781304
672.9267978928988,84,172,795,848,0.09556313993174062,0.16862745098039217,0.328125,0.09556313993174062,0.14801762114537445
677.132209482618,85,172,794,848,0.09670079635949944,0.16862745098039217,0.33073929961089493,0.09670079635949944,0.14964788732394366
680.4940132541052,86,172,793,848,0.09783845278725825,0.16862745098039217,0.3333333333333333,0.09783845278725825,0.15127528583992964
681.9477657902435,87,172,792,848,0.09897610921501707,0.16862745098039217,0.3359073359073359,0.09897610921501707,0.15289982425307555
683.8207955521499,88,172,791,848,0.10011376564277588,0.16862745098039217,0.3384615384615385,0.10011376564277588,0.15452151009657594
683.8231068193206,89,172,790,848,0.1012514220705347,0.16862745098039217,0.34099616858237547,0.1012514220705347,0.15614035087719297
684.3316491240314,90,172,789,848,0.10238907849829351,0.16862745098039217,0.3435114503816794,0.10238907849829351,0.15775635407537247
684.493349805457,91,172,788,848,0.10352673492605233,0.16862745098039217,0.34600760456273766,0.10352673492605233,0.159369527145359
685.9870835951047,92,172,787,848,0.10466439135381114,0.16862745098039217,0.3484848484848485,0.10466439135381114,0.1609798775153106
686.8286867308609,93,172,786,848,0.10580204778156997,0.16862745098039217,0.35094339622641507,0.10580204778156997,0.16258741258741258
688.4202669962305,94,172,785,848,0.10693970420932879,0.16862745098039217,0.3533834586466165,0.10693970420932879,0.16419213973799127
688.5038046267173,95,172,784,848,0.1080773606370876,0.16862745098039217,0.35580524344569286,0.1080773606370876,0.16579406631762653
689.7935554429823,96,172,783,848,0.10921501706484642,0.16862745098039217,0.3582089552238806,0.10921501706484642,0.16739319965126417
690.9306623510146,97,172,782,848,0.11035267349260523,0.16862745098039217,0.36059479553903345,0.11035267349260523,0.1689895470383275
691.7268423972265,98,172,781,848,0.11149032992036405,0.16862745098039217,0.362962962962963,0.11149032992036405,0.17058311575282856
691.9668935755392,98,173,781,847,0.11149032992036405,0.1696078431372549,0.36162361623616235,0.11149032992036405,0.17043478260869563
692.3890088309175,99,173,780,847,0.11262798634812286,0.1696078431372549,0.3639705882352941,0.11262798634812286,0.1720243266724587
693.4050619714719,100,173,779,847,0.11376564277588168,0.1696078431372549,0.3663003663003663,0.11376564277588168,0.1736111111111111
693.5729943133462,101,173,778,847,0.1149032992036405,0.1696078431372549,0.3686131386861314,0.1149032992036405,0.1751951431049436
695.2461300583656,102,173,777,847,0.11604095563139932,0.1696078431372549,0.3709090909090909,0.11604095563139932,0.17677642980935876
695.5563385251303,103,173,776,847,0.11717861205915814,0.1696078431372549,0.37318840579710144,0.11717861205915814,0.17835497835497835
695.6406361250894,103,174,776,846,0.11717861205915814,0.17058823529411765,0.37184115523465705,0.11717861205915814,0.1782006920415225
696.092173598312,104,174,775,846,0.11831626848691695,0.17058823529411765,0.37410071942446044,0.11831626848691695,0.1797752808988764
696.253708871154,105,174,774,846,0.11945392491467577,0.17058823529411765,0.3763440860215054,0.11945392491467577,0.18134715025906736
696.764181371924,106,174,773,846,0.12059158134243458,0.17058823529411765,0.37857142857142856,0.12059158134243458,0.182916307161346
696.8491302441837,107,174,772,846,0.1217292377701934,0.17058823529411765,0.3807829181494662,0.1217292377701934,0.18448275862068964
697.7355343907099,108,174,771,846,0.12286689419795221,0.17058823529411765,0.3829787234042553,0.12286689419795221,0.18604651162790697
700.1154170191053,109,174,770,846,0.12400455062571103,0.17058823529411765,0.38515901060070673,0.12400455062571103,0.1876075731497418
700.2394458177723,110,174,769,846,0.12514220705346984,0.17058823529411765,0.3873239436619718,0.12514220705346984,0.18916595012897677
705.3956461992274,111,174,768,846,0.12627986348122866,0.17058823529411765,0.3894736842105263,0.12627986348122866,0.19072164948453607
706.0744730318718,112,174,767,846,0.12741751990898748,0.17058823529411765,0.3916083916083916,0.12741751990898748,0.19227467811158797
706.81627362966,113,174,766,846,0.1285551763367463,0.17058823529411765,0.39372822299651566,0.1285551763367463,0.19382504288164665
707.8257018764957,114,174,765,846,0.1296928327645051,0.17058823529411765,0.3958333333333333,0.1296928327645051,0.1953727506426735
710.1539858741811,115,174,764,846,0.13083048919226395,0.17058823529411765,0.39792387543252594,0.13083048919226395,0.19691780821917812
711.2425650955718,116,174,763,846,0.13196814562002276,0.17058823529411765,0.4,0.13196814562002276,0.19846022241231823
711.5690782426124,117,174,762,846,0.13310580204778158,0.17058823529411765,0.4020618556701031,0.13310580204778158,0.20000000000000004
712.2501380646171,118,174,761,846,0.1342434584755404,0.17058823529411765,0.4041095890410959,0.1342434584755404,0.20153714773697698
714.404035643038,119,174,760,846,0.1353811149032992,0.17058823529411765,0.4061433447098976,0.1353811149032992,0.2030716723549488
715.0295129145281,120,174,759,846,0.13651877133105803,0.17058823529411765,0.40816326530612246,0.13651877133105803,0.20460358056265984
715.4925016034839,121,174,758,846,0.13765642775881684,0.17058823529411765,0.4101694915254237,0.13765642775881684,0.2061328790459966
715.8389363636405,122,174,757,846,0.13879408418657566,0.17058823529411765,0.41216216216216217,0.13879408418657566,0.2076595744680851
716.7733501894901,123,174,756,846,0.13993174061433447,0.17058823529411765,0.41414141414141414,0.13993174061433447,0.20918367346938777
717.8478870149805,123,175,756,845,0.13993174061433447,0.1715686274509804,0.412751677852349,0.13993174061433447,0.20900594732370434
718.5747140076927,124,175,755,845,0.1410693970420933,0.1715686274509804,0.41471571906354515,0.1410693970420933,0.2105263157894737
718.6701275826498,125,175,754,845,0.1422070534698521,0.1715686274509804,0.4166666666666667,0.1422070534698521,0.21204410517387615
718.8295764195283,126,175,753,845,0.14334470989761092,0.1715686274509804,0.4186046511627907,0.14334470989761092,0.2135593220338983
719.1427226090427,127,175,752,845,0.14448236632536973,0.1715686274509804,0.4205298013245033,0.14448236632536973,0.21507197290431837
719.2678209191783,128,175,751,845,0.14562002275312855,0.1715686274509804,0.42244224422442245,0.14562002275312855,0.21658206429780033
719.3399679248816,129,175,750,845,0.14675767918088736,0.1715686274509804,0.4243421052631579,0.14675767918088736,0.21808960270498728
719.8065013838855,130,175,749,845,0.14789533560864618,0.1715686274509804,0.4262295081967213,0.14789533560864618,0.2195945945945946
719.8292984636373,131,175,748,845,0.149032992036405,0.1715686274509804,0.42810457516339867,0.149032992036405,0.22109704641350209
719.9228812173219,132,175,747,845,0.15017064846416384,0.1715686274509804,0.42996742671009774,0.15017064846416384,0.2225969645868466
720.6859639810694,133,175,746,845,0.15130830489192265,0.1715686274509804,0.4318181818181818,0.15130830489192265,0.22409435551811294
720.8236873061777,134,175,745,845,0.15244596131968147,0.1715686274509804,0.4336569579288026,0.15244596131968147,0.22558922558922556
720.996164896526,135,175,744,845,0.15358361774744028,0.1715686274509804,0.43548387096774194,0.15358361774744028,0.2270815811606392
724.6344767309943,136,175,743,845,0.1547212741751991,0.1715686274509804,0.43729903536977494,0.1547212741751991,0.22857142857142854
724.7209599961268,137,175,742,845,0.1558589306029579,0.1715686274509804,0.4391025641025641,0.1558589306029579,0.2300587741393787
725.0638384961192,137,176,742,844,0.1558589306029579,0.17254901960784313,0.43769968051118213,0.1558589306029579,0.22986577181208057
725.2407543852305,138,176,741,844,0.15699658703071673,0.17254901960784313,0.4394904458598726,0.15699658703071673,0.23134953897736799
725.668937135397,138,177,741,843,0.15699658703071673,0.17352941176470588,0.4380952380952381,0.15699658703071673,0.23115577889447236
725.9143960496533,139,177,740,843,0.15813424345847554,0.17352941176470588,0.439873417721519,0.15813424345847554,0.23263598326359836
726.932835499573,140,177,739,843,0.15927189988623436,0.17352941176470588,0.4416403785488959,0.15927189988623436,0.23411371237458198
727.0680139466521,141,177,738,843,0.16040955631399317,0.17352941176470588,0.44339622641509435,0.16040955631399317,0.2355889724310777
727.1373558742382,142,177,737,843,0.161547212741752,0.17352941176470588,0.445141065830721,0.161547212741752,0.2370617696160267
727.1524463903954,143,177,736,843,0.1626848691695108,0.17352941176470588,0.446875,0.1626848691695108,0.23853211009174316
727.7580246277031,144,177,735,843,0.16382252559726962,0.17352941176470588,0.4485981308411215,0.16382252559726962,0.24
728.0871141616201,144,178,735,842,0.16382252559726962,0.17450980392156862,0.4472049689440994,0.16382252559726962,0.23980016652789343
728.266383411606,144,179,735,841,0.16382252559726962,0.17549019607843136,0.4458204334365325,0.16382252559726962,0.23960066555740428
728.2762628845197,145,179,734,841,0.16496018202502843,0.17549019607843136,0.44753086419753085,0.16496018202502843,0.24106400665004157
728.278779613256,146,179,733,841,0.16609783845278725,0.17549019607843136,0.4492307692307692,0.16609783845278725,0.24252491694352157
728.5667359295518,147,179,732,841,0.16723549488054607,0.17549019607843136,0.450920245398773,0.16723549488054607,0.24398340248962655
728.6436025041708,148,179,731,841,0.16837315130830488,0.17549019607843136,0.4525993883792049,0.16837315130830488,0.24543946932006633
728.815575293174,149,179,730,841,0.1695108077360637,0.17549019607843136,0.45426829268292684,0.1695108077360637,0.24689312344656172
728.9653794386217,150,179,729,841,0.17064846416382254,0.17549019607843136,0.45592705167173253,0.17064846416382254,0.2483443708609272
729.5639985257073,151,179,728,841,0.17178612059158135,0.17549019607843136,0.4575757575757576,0.17178612059158135,0.24979321753515307
729.7751132105496,152,179,727,841,0.17292377701934017,0.17549019607843136,0.459214501510574,0.17292377701934017,0.2512396694214876
729.9180669220808,153,179,726,841,0.17406143344709898,0.17549019607843136,0.4608433734939759,0.17406143344709898,0.2526837324525186
730.5907534343071,154,179,725,841,0.1751990898748578,0.17549019607843136,0.4624624624624625,0.1751990898748578,0.25412541254125415
730.6368257637971,155,179,724,841,0.17633674630261661,0.17549019607843136,0.46407185628742514,0.17633674630261661,0.25556471558120364
731.107891557773,156,179,723,841,0.17747440273037543,0.17549019607843136,0.46567164179104475,0.17747440273037543,0.257001647446458
731.7407196503007,157,179,722,841,0.17861205915813425,0.17549019607843136,0.46726190476190477,0.17861205915813425,0.2584362139917695
732.4593381420042,158,179,721,841,0.17974971558589306,0.17549019607843136,0.4688427299703264,0.17974971558589306,0.2598684210526316
732.5701552461155,159,179,720,841,0.18088737201365188,0.17549019607843136,0.47041420118343197,0.18088737201365188,0.2612982744453574
733.0722967528461,160,179,719,841,0.1820250284414107,0.17549019607843136,0.471976401179941,0.1820250284414107,0.2627257799671593
733.2012207669753,161,179,718,841,0.1831626848691695,0.17549019607843136,0.47352941176470587,0.1831626848691695,0.2641509433962264
733.5669039998483,162,179,717,841,0.18430034129692832,0.17549019607843136,0.4750733137829912,0.18430034129692832,0.2655737704918033
734.5927884264606,163,179,716,841,0.18543799772468714,0.17549019607843136,0.4766081871345029,0.18543799772468714,0.266994266994267
735.1089020580123,164,179,715,841,0.18657565415244595,0.17549019607843136,0.478134110787172,0.18657565415244595,0.2684124386252046
735.1203756632904,165,179,714,841,0.18771331058020477,0.17549019607843136,0.4796511627906977,0.18771331058020477,0.2698282910874898
735.4044188570224,166,179,713,841,0.18885096700796358,0.17549019607843136,0.4811594202898551,0.18885096700796358,0.27124183006535946
735.5808740020334,167,179,712,841,0.1899886234357224,0.17549019607843136,0.48265895953757226,0.1899886234357224,0.2726530612244898
735.6319879818361,168,179,711,841,0.19112627986348124,0.17549019607843136,0.484149855907781,0.19112627986348124,0.2740619902120718
736.0955951214528,169,179,710,841,0.19226393629124006,0.17549019607843136,0.48563218390804597,0.19226393629124006,0.27546862265688676
736.8005503527992,170,179,709,841,0.19340159271899887,0.17549019607843136,0.4871060171919771,0.19340159271899887,0.2768729641693811
738.395263780903,171,179,708,841,0.1945392491467577,0.17549019607843136,0.48857142857142855,0.1945392491467577,0.27827502034174123
739.4282801905838,172,179,707,841,0.1956769055745165,0.17549019607843136,0.49002849002849,0.1956769055745165,0.27967479674796747
740.0316086587454,173,179,706,841,0.19681456200227532,0.17549019607843136,0.4914772727272727,0.19681456200227532,0.281072298943948
740.1379768465983,174,179,705,841,0.19795221843003413,0.17549019607843136,0.49291784702549574,0.19795221843003413,0.2824675324675325
740.6218928848937,174,180,705,840,0.19795221843003413,0.17647058823529413,0.4915254237288136,0.19795221843003413,0.2822384428223844
741.9177582606316,175,180,704,840,0.19908987485779295,0.17647058823529413,0.49295774647887325,0.19908987485779295,0.28363047001620745
742.5713160660039,176,180,703,840,0.20022753128555176,0.17647058823529413,0.4943820224719101,0.20022753128555176,0.28502024291497974
742.6750896981163,176,181,703,839,0.20022753128555176,0.17745098039215687,0.49299719887955185,0.20022753128555176,0.28478964401294504
744.0059050942925,177,181,702,839,0.20136518771331058,0.17745098039215687,0.49441340782122906,0.20136518771331058,0.2861762328213419
744.0507779421266,178,181,701,839,0.2025028441410694,0.17745098039215687,0.4958217270194986,0.2025028441410694,0.2875605815831987
744.6488167901875,179,181,700,839,0.2036405005688282,0.17745098039215687,0.49722222222222223,0.2036405005688282,0.2889426957223567
744.8517659870893,180,181,699,839,0.20477815699658702,0.17745098039215687,0.4986149584487535,0.20477815699658702,0.29032258064516125
745.2612032999566,181,181,698,839,0.20591581342434584,0.17745098039215687,0.5,0.20591581342434584,0.29170024174053183
745.6481769560772,182,181,697,839,0.20705346985210465,0.17745098039215687,0.5013774104683195,0.20705346985210465,0.2930756843800322
745.928705688003,183,181,696,839,0.20819112627986347,0.17745098039215687,0.5027472527472527,0.20819112627986347,0.2944489139179405
746.2498631101796,184,181,695,839,0.20932878270762229,0.17745098039215687,0.5041095890410959,0.20932878270762229,0.2958199356913183
746.3465487696408,185,181,694,839,0.21046643913538113,0.17745098039215687,0.505464480874317,0.21046643913538113,0.29718875502008035
746.7334242189729,186,181,693,839,0.21160409556313994,0.17745098039215687,0.5068119891008175,0.21160409556313994,0.2985553772070626
746.836312378245,186,182,693,838,0.21160409556313994,0.1784313725490196,0.5054347826086957,0.21160409556313994,0.2983159582999198
747.6286405167007,187,182,692,838,0.21274175199089876,0.1784313725490196,0.5067750677506775,0.21274175199089876,0.2996794871794872
747.8828612434103,188,182,691,838,0.21387940841865757,0.1784313725490196,0.5081081081081081,0.21387940841865757,0.3010408326661329
748.082132500396,189,182,690,838,0.2150170648464164,0.1784313725490196,0.5094339622641509,0.2150170648464164,0.3024
748.1732420850218,190,182,689,838,0.2161547212741752,0.1784313725490196,0.510752688172043,0.2161547212741752,0.3037569944044764
748.2549676412153,191,182,688,838,0.21729237770193402,0.1784313725490196,0.5120643431635389,0.21729237770193402,0.305111821086262
748.2681544383148,192,182,687,838,0.21843003412969283,0.1784313725490196,0.5133689839572193,0.21843003412969283,0.30646448523543496
748.6787458730631,193,182,686,838,0.21956769055745165,0.1784313725490196,0.5146666666666667,0.21956769055745165,0.3078149920255184
749.0143676984587,194,182,685,838,0.22070534698521047,0.1784313725490196,0.5159574468085106,0.22070534698521047,0.30916334661354583
749.1709297285544,195,182,684,838,0.22184300341296928,0.1784313725490196,0.5172413793103449,0.22184300341296928,0.3105095541401274
749.3169646681173,196,182,683,838,0.2229806598407281,0.1784313725490196,0.5185185185185185,0.2229806598407281,0.3118536197295147
749.7497309450212,197,182,682,838,0.2241183162684869,0.1784313725490196,0.5197889182058048,0.2241183162684869,0.31319554848966613
749.9098640484186,198,182,681,838,0.22525597269624573,0.1784313725490196,0.5210526315789473,0.22525597269624573,0.3145353455123113
750.4731306863027,199,182,680,838,0.22639362912400454,0.1784313725490196,0.5223097112860893,0.22639362912400454,0.3158730158730159
751.1015642071044,200,182,679,838,0.22753128555176336,0.1784313725490196,0.5235602094240838,0.22753128555176336,0.317208564631245
754.1278359746568,201,182,678,838,0.22866894197952217,0.1784313725490196,0.5248041775456919,0.22866894197952217,0.3185419968304279
754.5206541054839,202,182,677,838,0.229806598407281,0.1784313725490196,0.5260416666666666,0.229806598407281,0.31987331749802056
754.7467113900116,203,182,676,838,0.23094425483503983,0.1784313725490196,0.5272727272727272,0.23094425483503983,0.3212025316455696
754.881324679151,204,182,675,838,0.23208191126279865,0.1784313725490196,0.5284974093264249,0.23208191126279865,0.32252964426877473
755.5278947493198,204,183,675,837,0.23208191126279865,0.17941176470588235,0.5271317829457365,0.23208191126279865,0.3222748815165877
755.5821671036621,205,183,674,837,0.23321956769055746,0.17941176470588235,0.5283505154639175,0.23321956769055746,0.32359905288082086
756.026443792245,206,183,673,837,0.23435722411831628,0.17941176470588235,0.5295629820051414,0.23435722411831628,0.32492113564668773
756.2534553569866,207,183,672,837,0.2354948805460751,0.17941176470588235,0.5307692307692308,0.2354948805460751,0.326241134751773
756.6875413691548,208,183,671,837,0.2366325369738339,0.17941176470588235,0.5319693094629157,0.2366325369738339,0.32755905511811023
756.750394144958,209,183,670,837,0.23777019340159272,0.17941176470588235,0.5331632653061225,0.23777019340159272,0.3288749016522423
756.7614299146883,210,183,669,837,0.23890784982935154,0.17941176470588235,0.5343511450381679,0.23890784982935154,0.33018867924528306
756.8298333002805,211,183,668,837,0.24004550625711035,0.17941176470588235,0.5355329949238579,0.24004550625711035,0.33150039277297727
757.2247050898294,212,183,667,837,0.24118316268486917,0.17941176470588235,0.5367088607594936,0.24118316268486917,0.33281004709576134
757.632423502942,213,183,666,837,0.24232081911262798,0.17941176470588235,0.5378787878787878,0.24232081911262798,0.33411764705882346
757.7298714911982,214,183,665,837,0.2434584755403868,0.17941176470588235,0.5390428211586902,0.2434584755403868,0.33542319749216304
758.3167710682599,215,183,664,837,0.2445961319681456,0.17941176470588235,0.5402010050251256,0.2445961319681456,0.33672670321064996
758.6150121633733,215,184,664,836,0.2445961319681456,0.1803921568627451,0.5388471177944862,0.2445961319681456,0.3364632237871675
759.1317794596135,216,184,663,836,0.24573378839590443,0.1803921568627451,0.54,0.24573378839590443,0.33776387802971075
760.0020606076625,217,184,662,836,0.24687144482366324,0.1803921568627451,0.5411471321695761,0.24687144482366324,0.3390625
760.2334084359013,217,185,662,835,0.24687144482366324,0.18137254901960784,0.5398009950248757,0.24687144482366324,0.33879781420765026
760.3632707817247,218,185,661,835,0.24800910125142206,0.18137254901960784,0.5409429280397022,0.24800910125142206,0.34009360374414976
760.3634176271887,219,185,660,835,0.24914675767918087,0.18137254901960784,0.5420792079207921,0.24914675767918087,0.34138737334372565
761.1665871228133,220,185,659,835,0.2502844141069397,0.18137254901960784,0.5432098765432098,0.2502844141069397,0.3426791277258567
761.4911797779978,221,185,658,835,0.2514220705346985,0.18137254901960784,0.5443349753694581,0.2514220705346985,0.34396887159533074
761.7351409096493,222,185,657,835,0.2525597269624573,0.18137254901960784,0.5454545454545454,0.2525597269624573,0.3452566096423017
762.1180280757939,223,185,656,835,0.25369738339021614,0.18137254901960784,0.5465686274509803,0.25369738339021614,0.3465423465423465
762.769956018495,224,185,655,835,0.25483503981797495,0.18137254901960784,0.5476772616136919,0.25483503981797495,0.3478260869565217
763.028074833715,225,185,654,835,0.25597269624573377,0.18137254901960784,0.5487804878048781,0.25597269624573377,0.34910783553141966
763.4453283084537,226,185,653,835,0.2571103526734926,0.18137254901960784,0.5498783454987834,0.2571103526734926,0.3503875968992248
763.498739084151,227,185,652,835,0.2582480091012514,0.18137254901960784,0.5509708737864077,0.2582480091012514,0.3516653756777692
763.605674665991,228,185,651,835,0.2593856655290102,0.18137254901960784,0.5520581113801453,0.2593856655290102,0.35294117647058826
763.6264145316982,228,186,651,834,0.2593856655290102,0.18235294117647058,0.5507246376811594,0.2593856655290102,0.35266821345707655
763.6454135938822,228,187,651,833,0.2593856655290102,0.18333333333333332,0.5493975903614458,0.2593856655290102,0.35239567233384855
764.2665444365671,229,187,650,833,0.2605233219567691,0.18333333333333332,0.5504807692307693,0.2605233219567691,0.35366795366795367
764.5606342243965,230,187,649,833,0.2616609783845279,0.18333333333333332,0.5515587529976019,0.2616609783845279,0.35493827160493824
764.8339859266302,231,187,648,833,0.2627986348122867,0.18333333333333332,0.5526315789473685,0.2627986348122867,0.35620663068619896
765.7444624561497,232,187,647,833,0.26393629124004553,0.18333333333333332,0.5536992840095465,0.26393629124004553,0.35747303543913717
766.3496246296597,233,187,646,833,0.26507394766780434,0.18333333333333332,0.5547619047619048,0.26507394766780434,0.35873749037721325
766.6485887154666,234,187,645,833,0.26621160409556316,0.18333333333333332,0.5558194774346793,0.26621160409556316,0.36
766.6771952972297,235,187,644,833,0.267349260523322,0.18333333333333332,0.556872037914692,0.267349260523322,0.361260568793236
766.9229299006734,236,187,643,833,0.2684869169510808,0.18333333333333332,0.557919621749409,0.2684869169510808,0.36251920122887865
767.0752234660115,237,187,642,833,0.2696245733788396,0.18333333333333332,0.5589622641509434,0.2696245733788396,0.36377590176515734
767.2931182028726,238,187,641,833,0.2707622298065984,0.18333333333333332,0.56,0.2707622298065984,0.3650306748466258
767.6870431964189,239,187,640,833,0.27189988623435724,0.18333333333333332,0.5610328638497653,0.27189988623435724,0.36628352490421456
767.9743565315033,240,187,639,833,0.27303754266211605,0.18333333333333332,0.5620608899297423,0.27303754266211605,0.3675344563552833
768.1598408620366,241,187,638,833,0.27417519908987487,0.18333333333333332,0.5630841121495327,0.27417519908987487,0.3687834736036726
768.2884404315063,242,187,637,833,0.2753128555176337,0.18333333333333332,0.5641025641025641,0.2753128555176337,0.3700305810397554
768.7447875340282,243,187,636,833,0.2764505119453925,0.18333333333333332,0.5651162790697675,0.2764505119453925,0.37127578304048897
768.8997607234191,244,187,635,833,0.2775881683731513,0.18333333333333332,0.5661252900232019,0.2775881683731513,0.3725190839694656
769.1704827949873,245,187,634,833,0.2787258248009101,0.18333333333333332,0.5671296296296297,0.2787258248009101,0.37376048817696417
769.7685632581308,246,187,633,833,0.27986348122866894,0.18333333333333332,0.5681293302540416,0.27986348122866894,0.375
769.8158798636782,247,187,632,833,0.28100113765642776,0.18333333333333332,0.5691244239631337,0.28100113765642776,0.37623762376237624
770.7024571516588,248,187,631,833,0.2821387940841866,0.18333333333333332,0.5701149425287356,0.2821387940841866,0.3774733637747337
770.7551909493868,249,187,630,833,0.2832764505119454,0.18333333333333332,0.5711009174311926,0.2832764505119454,0.37870722433460074
770.7793082268416,250,187,629,833,0.2844141069397042,0.18333333333333332,0.5720823798627003,0.2844141069397042,0.37993920972644374
771.7844600109853,251,187,628,833,0.285551763367463,0.18333333333333332,0.5730593607305936,0.285551763367463,0.381169324221716
772.1987615040714,251,188,628,832,0.285551763367463,0.1843137254901961,0.571753986332574,0.285551763367463,0.38088012139605465
772.216698335108,252,188,627,832,0.28668941979522183,0.1843137254901961,0.5727272727272728,0.28668941979522183,0.3821076573161486
772.2411170061752,252,189,627,831,0.28668941979522183,0.18529411764705883,0.5714285714285714,0.28668941979522183,0.3818181818181818
773.2189591687211,253,189,626,831,0.28782707622298065,0.18529411764705883,0.5723981900452488,0.28782707622298065,0.38304314912944737
773.5710715654118,254,189,625,831,0.28896473265073946,0.18529411764705883,0.5733634311512416,0.28896473265073946,0.3842662632375189
773.6697773788196,255,189,624,831,0.2901023890784983,0.18529411764705883,0.5743243243243243,0.2901023890784983,0.3854875283446712
773.8290460948465,256,189,623,831,0.2912400455062571,0.18529411764705883,0.5752808988764045,0.2912400455062571,0.3867069486404834
774.7537375956065,257,189,622,831,0.2923777019340159,0.18529411764705883,0.5762331838565022,0.2923777019340159,0.3879245283018868
774.8683903601276,258,189,621,831,0.2935153583617747,0.18529411764705883,0.5771812080536913,0.2935153583617747,0.3891402714932127
775.3778537963964,259,189,620,831,0.29465301478953354,0.18529411764705883,0.578125,0.29465301478953354,0.3903541823662396
775.9530294073088,260,189,619,831,0.29579067121729236,0.18529411764705883,0.579064587973274,0.29579067121729236,0.39156626506024095
775.95520513858,261,189,618,831,0.29692832764505117,0.18529411764705883,0.58,0.29692832764505117,0.3927765237020316
775.99279567381,262,189,617,831,0.29806598407281,0.18529411764705883,0.5809312638580931,0.29806598407281,0.393984962406015
776.4877792631819,263,189,616,831,0.2992036405005688,0.18529411764705883,0.581858407079646,0.2992036405005688,0.3951915852742299
776.6629774083573,264,189,615,831,0.3003412969283277,0.18529411764705883,0.5827814569536424,0.3003412969283277,0.3963963963963964
776.8464767536037,265,189,614,831,0.3014789533560865,0.18529411764705883,0.5837004405286343,0.3014789533560865,0.39759939984996256
777.2582588043763,266,189,613,831,0.3026166097838453,0.18529411764705883,0.5846153846153846,0.3026166097838453,0.39880059970014997
777.6967537103739,266,190,613,830,0.3026166097838453,0.18627450980392157,0.5833333333333334,0.3026166097838453,0.398501872659176
778.4639323745399,267,190,612,830,0.3037542662116041,0.18627450980392157,0.5842450765864332,0.3037542662116041,0.3997005988023953
778.7095013318383,268,190,611,830,0.30489192263936293,0.18627450980392157,0.5851528384279476,0.30489192263936293,0.4008975317875842
778.9678823720483,269,190,610,830,0.30602957906712175,0.18627450980392157,0.5860566448801743,0.30602957906712175,0.40209267563527656
778.9906961577153,270,190,609,830,0.30716723549488056,0.18627450980392157,0.5869565217391305,0.30716723549488056,0.40328603435399557
779.2192190830096,271,190,608,830,0.3083048919226394,0.18627450980392157,0.5878524945770065,0.3083048919226394,0.40447761194029846
779.5133418122275,272,190,607,830,0.3094425483503982,0.18627450980392157,0.5887445887445888,0.3094425483503982,0.40566741237882176
779.5728549161283,273,190,606,830,0.310580204778157,0.18627450980392157,0.5896328293736501,0.310580204778157,0.4068554396423249
779.7188599044656,274,190,605,830,0.3117178612059158,0.18627450980392157,0.5905172413793104,0.3117178612059158,0.40804169769173493
779.7996117618615,275,190,604,830,0.31285551763367464,0.18627450980392157,0.5913978494623656,0.31285551763367464,0.4092261904761905
779.9369721258537,276,190,603,830,0.31399317406143346,0.18627450980392157,0.592274678111588,0.31399317406143346,0.4104089219330855
780.2405186414069,277,190,602,830,0.31513083048919227,0.18627450980392157,0.5931477516059958,0.31513083048919227,0.41158989598811296
780.7016114550513,278,190,601,830,0.3162684869169511,0.18627450980392157,0.594017094017094,0.3162684869169511,0.41276911655530807
780.8120926492995,279,190,600,830,0.3174061433447099,0.18627450980392157,0.5948827292110874,0.3174061433447099,0.41394658753709196
780.8924350990903,280,190,599,830,0.3185437997724687,0.18627450980392157,0.5957446808510638,0.3185437997724687,0.41512231282431433
780.9024502520301,280,191,599,829,0.3185437997724687,0.18725490196078431,0.5944798301486199,0.3185437997724687,0.4148148148148148
781.7894032107084,281,191,598,829,0.31968145620022753,0.18725490196078431,0.5953389830508474,0.31968145620022753,0.4159881569207994
782.0206624770215,282,191,597,829,0.32081911262798635,0.18725490196078431,0.5961945031712473,0.32081911262798635,0.4171597633136095
782.051042277797,283,191,596,829,0.32195676905574516,0.18725490196078431,0.5970464135021097,0.32195676905574516,0.418329637841833
782.3470833975022,284,191,595,829,0.323094425483504,0.18725490196078431,0.5978947368421053,0.323094425483504,0.4194977843426883
782.5738725705182,285,191,594,829,0.3242320819112628,0.18725490196078431,0.5987394957983193,0.3242320819112628,0.4206642066420664
782.8500794752986,286,191,593,829,0.3253697383390216,0.18725490196078431,0.59958071278826,0.3253697383390216,0.4218289085545723
782.9304808645884,287,191,592,829,0.3265073947667804,0.18725490196078431,0.600418410041841,0.3265073947667804,0.42299189388356667
783.1313085826837,288,191,591,829,0.32764505119453924,0.18725490196078431,0.6012526096033403,0.32764505119453924,0.4241531664212076
783.4759465221142,288,192,591,828,0.32764505119453924,0.18823529411764706,0.6,0.32764505119453924,0.423841059602649
783.4795662276832,289,192,590,828,0.32878270762229805,0.18823529411764706,0.6008316008316008,0.32878270762229805,0.425
783.6509473637781,290,192,589,828,0.32992036405005687,0.18823529411764706,0.6016597510373444,0.32992036405005687,0.426157237325496
783.992567613472,291,192,588,828,0.3310580204778157,0.18823529411764706,0.6024844720496895,0.3310580204778157,0.4273127753303965
784.1761792147901,292,192,587,828,0.3321956769055745,0.18823529411764706,0.6033057851239669,0.3321956769055745,0.42846661775495226
784.4187272820196,293,192,586,828,0.3333333333333333,0.18823529411764706,0.6041237113402061,0.3333333333333333,0.4296187683284457
784.4861905275702,293,193,586,827,0.3333333333333333,0.1892156862745098,0.602880658436214,0.3333333333333333,0.4293040293040293
784.5397937798185,293,194,586,826,0.3333333333333333,0.19019607843137254,0.6016427104722792,0.3333333333333333,0.42898975109809667
784.5906274822274,294,194,585,826,0.33447098976109213,0.19019607843137254,0.6024590163934426,0.33447098976109213,0.43013899049012433
784.7661385212584,295,194,584,826,0.33560864618885095,0.19019607843137254,0.6032719836400818,0.33560864618885095,0.4312865497076024
785.0641022835886,295,195,584,825,0.33560864618885095,0.19117647058823528,0.6020408163265306,0.33560864618885095,0.43097151205259315
785.0993751640655,296,195,583,825,0.33674630261660976,0.19117647058823528,0.6028513238289206,0.33674630261660976,0.4321167883211679
785.1996020773184,297,195,582,825,0.3378839590443686,0.19117647058823528,0.6036585365853658,0.3378839590443686,0.4332603938730853
785.4690601667405,298,195,581,825,0.3390216154721274,0.19117647058823528,0.6044624746450304,0.3390216154721274,0.43440233236151604
785.6371235309441,298,196,581,824,0.3390216154721274,0.19215686274509805,0.6032388663967612,0.3390216154721274,0.43408594319009464
785.6425227583529,299,196,580,824,0.34015927189988626,0.19215686274509805,0.604040404040404,0.34015927189988626,0.4352256186317322
785.7058689173746,300,196,579,824,0.3412969283276451,0.19215686274509805,0.6048387096774194,0.3412969283276451,0.43636363636363634
785.8845854475801,301,196,578,824,0.3424345847554039,0.19215686274509805,0.6056338028169014,0.3424345847554039,0.4375
786.036491865417,302,196,577,824,0.3435722411831627,0.19215686274509805,0.606425702811245,0.3435722411831627,0.4386347131445171
786.3484872029222,302,197,577,823,0.3435722411831627,0.1931372549019608,0.6052104208416834,0.3435722411831627,0.4383164005805516
786.3812005358475,303,197,576,823,0.3447098976109215,0.1931372549019608,0.606,0.3447098976109215,0.43944887599709936
786.4626045490998,304,197,575,823,0.34584755403868034,0.1931372549019608,0.6067864271457086,0.34584755403868034,0.4405797101449276
786.6071614685196,305,197,574,823,0.34698521046643915,0.1931372549019608,0.6075697211155379,0.34698521046643915,0.44170890658942796
786.6520333338773,306,197,573,823,0.34812286689419797,0.1931372549019608,0.6083499005964215,0.34812286689419797,0.4428364688856729
786.7151918693089,307,197,572,823,0.3492605233219568,0.1931372549019608,0.6091269841269841,0.3492605233219568,0.4439624005784526
787.0630527665082,308,197,571,823,0.3503981797497156,0.1931372549019608,0.6099009900990099,0.3503981797497156,0.4450867052023121
787.0953267893556,309,197,570,823,0.3515358361774744,0.1931372549019608,0.6106719367588933,0.3515358361774744,0.44620938628158846
787.1035621952684,310,197,569,823,0.35267349260523323,0.1931372549019608,0.611439842209073,0.35267349260523323,0.4473304473304473
787.2112389725005,310,198,569,822,0.35267349260523323,0.19411764705882353,0.610236220472441,0.35267349260523323,0.44700793078586876
787.3377462609157,311,198,568,822,0.35381114903299204,0.19411764705882353,0.6110019646365422,0.35381114903299204,0.44812680115273773
788.0289946212722,312,198,567,822,0.35494880546075086,0.19411764705882353,0.611764705882353,0.35494880546075086,0.449244060475162
788.1890964432387,313,198,566,822,0.3560864618885097,0.19411764705882353,0.6125244618395304,0.3560864618885097,0.4503597122302158
788.2633820995089,314,198,565,822,0.3572241183162685,0.19411764705882353,0.61328125,0.3572241183162685,0.4514737598849748
788.3977055983423,314,199,565,821,0.3572241183162685,0.19509803921568628,0.6120857699805068,0.3572241183162685,0.4511494252873563
788.4226043279773,315,199,564,821,0.3583617747440273,0.19509803921568628,0.6128404669260701,0.3583617747440273,0.45226130653266333
788.9806138519066,316,199,563,821,0.3594994311717861,0.19509803921568628,0.6135922330097088,0.3594994311717861,0.45337159253945486
789.2737397203557,317,199,562,821,0.36063708759954494,0.19509803921568628,0.6143410852713178,0.36063708759954494,0.4544802867383513
789.5332981307471,318,199,561,821,0.36177474402730375,0.19509803921568628,0.6150870406189555,0.36177474402730375,0.4555873925501432
789.6485643352621,318,200,561,820,0.36177474402730375,0.19607843137254902,0.6138996138996139,0.36177474402730375,0.455261274158912
789.7924412761874,318,201,561,819,0.36177474402730375,0.19705882352941176,0.6127167630057804,0.36177474402730375,0.45493562231759654
789.9365533688444,318,202,561,818,0.36177474402730375,0.1980392156862745,0.6115384615384616,0.36177474402730375,0.45461043602573264
790.1356204590651,319,202,560,818,0.36291240045506257,0.1980392156862745,0.6122840690978887,0.36291240045506257,0.4557142857142857
790.7854976109367,320,202,559,818,0.3640500568828214,0.1980392156862745,0.6130268199233716,0.3640500568828214,0.4568165596002855
791.0273125348015,320,203,559,817,0.3640500568828214,0.19901960784313724,0.6118546845124283,0.3640500568828214,0.45649072753209696
791.1752435742361,321,203,558,817,0.3651877133105802,0.19901960784313724,0.6125954198473282,0.3651877133105802,0.45759087669280113
791.3772344824403,322,203,557,817,0.366325369738339,0.19901960784313724,0.6133333333333333,0.366325369738339,0.4586894586894586
791.3923769925318,323,203,556,817,0.36746302616609783,0.19901960784313724,0.6140684410646388,0.36746302616609783,0.4597864768683274
791.5543712734432,324,203,555,817,0.36860068259385664,0.19901960784313724,0.6148007590132827,0.36860068259385664,0.46088193456614507
791.5603294585194,325,203,554,817,0.36973833902161546,0.19901960784313724,0.615530303030303,0.36973833902161546,0.46197583511016344
791.7484234563316,326,203,553,817,0.3708759954493743,0.19901960784313724,0.6162570888468809,0.3708759954493743,0.4630681818181818
791.9404285646548,327,203,552,817,0.3720136518771331,0.19901960784313724,0.6169811320754717,0.3720136518771331,0.4641589779985805
792.0695086957113,328,203,551,817,0.3731513083048919,0.19901960784313724,0.6177024482109228,0.3731513083048919,0.4652482269503546
792.217981429963,329,203,550,817,0.3742889647326507,0.19901960784313724,0.618421052631579,0.3742889647326507,0.4663359319631467
792.6907182481483,329,204,550,816,0.3742889647326507,0.2,0.6172607879924953,0.3742889647326507,0.4660056657223796
792.7873616753882,330,204,549,816,0.37542662116040953,0.2,0.6179775280898876,0.37542662116040953,0.4670912951167728
792.8342324060793,330,205,549,815,0.37542662116040953,0.20098039215686275,0.616822429906542,0.37542662116040953,0.4667609618104668
792.8395720568911,330,206,549,814,0.37542662116040953,0.2019607843137255,0.6156716417910447,0.37542662116040953,0.4664310954063604
792.8739004317133,331,206,548,814,0.37656427758816835,0.2019607843137255,0.6163873370577281,0.37656427758816835,0.46751412429378525
793.1185962320666,331,207,548,813,0.37656427758816835,0.20294117647058824,0.6152416356877324,0.37656427758816835,0.4671841919548342
793.1871998124085,331,208,548,812,0.37656427758816835,0.20392156862745098,0.614100185528757,0.37656427758816835,0.46685472496473907
793.2325896734956,331,209,548,811,0.37656427758816835,0.20490196078431372,0.6129629629629629,0.37656427758816835,0.4665257223396758
793.4333324961312,331,210,548,810,0.37656427758816835,0.20588235294117646,0.6118299445471349,0.37656427758816835,0.4661971830985915
793.50768833876,332,210,547,810,0.37770193401592717,0.20588235294117646,0.6125461254612546,0.37770193401592717,0.4672765657987333
793.6955208671053,332,211,547,809,0.37770193401592717,0.2068627450980392,0.6114180478821363,0.37770193401592717,0.4669479606188467
793.7513817950422,333,211,546,809,0.378839590443686,0.2068627450980392,0.6121323529411765,0.378839590443686,0.4680252986647927
793.8391399625821,334,211,545,809,0.3799772468714448,0.2068627450980392,0.6128440366972477,0.3799772468714448,0.46910112359550565
794.0634116277472,335,211,544,809,0.38111490329920367,0.2068627450980392,0.6135531135531136,0.38111490329920367,0.4701754385964913
794.4074725598447,336,211,543,809,0.3822525597269625,0.2068627450980392,0.6142595978062158,0.3822525597269625,0.4712482468443198
794.4243569854149,337,211,542,809,0.3833902161547213,0.2068627450980392,0.614963503649635,0.3833902161547213,0.4723195515066573
794.948303367806,338,211,541,809,0.3845278725824801,0.2068627450980392,0.6156648451730419,0.3845278725824801,0.47338935574229696
795.2095102359503,339,211,540,809,0.3856655290102389,0.2068627450980392,0.6163636363636363,0.3856655290102389,0.4744576627011896
795.2543962593171,339,212,540,808,0.3856655290102389,0.20784313725490197,0.6152450090744102,0.3856655290102389,0.47412587412587415
795.3803021401321,340,212,539,808,0.38680318543799774,0.20784313725490197,0.6159420289855072,0.38680318543799774,0.4751921733053808
795.4389300727742,341,212,538,808,0.38794084186575656,0.20784313725490197,0.6166365280289331,0.38794084186575656,0.4762569832402235
795.4658948577139,342,212,537,808,0.3890784982935154,0.20784313725490197,0.6173285198555957,0.3890784982935154,0.47732030704815076
795.6196289281346,343,212,536,808,0.3902161547212742,0.20784313725490197,0.618018018018018,0.3902161547212742,0.47838214783821476
796.4763772072899,344,212,535,808,0.391353811149033,0.20784313725490197,0.6187050359712231,0.391353811149033,0.4794425087108014
796.5094937270767,345,212,534,808,0.3924914675767918,0.20784313725490197,0.6193895870736086,0.3924914675767918,0.48050139275766013
796.5100725069873,346,212,533,808,0.39362912400455063,0.20784313725490197,0.6200716845878136,0.39362912400455063,0.4815588030619346
796.6138808398207,347,212,532,808,0.39476678043230945,0.20784313725490197,0.6207513416815742,0.39476678043230945,0.48261474269819193
796.6529197720871,348,212,531,808,0.39590443686006827,0.20784313725490197,0.6214285714285714,0.39590443686006827,0.48366921473245306
796.8523731390467,348,213,531,807,0.39590443686006827,0.2088235294117647,0.6203208556149733,0.39590443686006827,0.4833333333333334
796.9182486337097,349,213,530,807,0.3970420932878271,0.2088235294117647,0.6209964412811388,0.3970420932878271,0.4843858431644691
797.542351407299,350,213,529,807,0.3981797497155859,0.2088235294117647,0.6216696269982238,0.3981797497155859,0.4854368932038835
797.7164811663807,351,213,528,807,0.3993174061433447,0.2088235294117647,0.6223404255319149,0.3993174061433447,0.4864864864864865
797.7631778425227,352,213,527,807,0.4004550625711035,0.2088235294117647,0.6230088495575221,0.4004550625711035,0.4875346260387812
797.8452008298189,353,213,526,807,0.40159271899886234,0.2088235294117647,0.6236749116607774,0.40159271899886234,0.4885813148788928
797.912419072889,354,213,525,807,0.40273037542662116,0.2088235294117647,0.6243386243386243,0.40273037542662116,0.4896265560165974
798.1504606880351,355,213,524,807,0.40386803185437997,0.2088235294117647,0.625,0.40386803185437997,0.4906703524533518
798.2319309722542,356,213,523,807,0.4050056882821388,0.2088235294117647,0.6256590509666081,0.4050056882821388,0.49171270718232046
798.2667127919343,356,214,523,806,0.4050056882821388,0.20980392156862746,0.624561403508772,0.4050056882821388,0.49137336093857836
798.4102022919659,357,214,522,806,0.4061433447098976,0.20980392156862746,0.6252189141856392,0.4061433447098976,0.4924137931034483
798.4135025147292,358,214,521,806,0.4072810011376564,0.20980392156862746,0.6258741258741258,0.4072810011376564,0.49345279117849755
798.5429091936295,359,214,520,806,0.40841865756541523,0.20980392156862746,0.6265270506108203,0.40841865756541523,0.4944903581267217
799.2946249989494,360,214,519,806,0.40955631399317405,0.20980392156862746,0.627177700348432,0.40955631399317405,0.49552649690295936
799.5687100645054,360,215,519,805,0.40955631399317405,0.2107843137254902,0.6260869565217392,0.40955631399317405,0.4951856946354883
799.7630219889002,360,216,519,804,0.40955631399317405,0.21176470588235294,0.625,0.40955631399317405,0.4948453608247423
799.8001880363703,361,216,518,804,0.41069397042093286,0.21176470588235294,0.6256499133448874,0.41069397042093286,0.49587912087912084
800.1368305678839,361,217,518,803,0.41069397042093286,0.21274509803921568,0.6245674740484429,0.41069397042093286,0.4955387783115992
800.2252244244221,361,218,518,802,0.41069397042093286,0.21372549019607842,0.6234887737478411,0.41069397042093286,0.49519890260631
800.4604565910766,362,218,517,802,0.4118316268486917,0.21372549019607842,0.6241379310344828,0.4118316268486917,0.49623029472241265
800.5531428210833,363,218,516,802,0.4129692832764505,0.21372549019607842,0.6247848537005164,0.4129692832764505,0.49726027397260264
800.5803741713602,364,218,515,802,0.4141069397042093,0.21372549019607842,0.6254295532646048,0.4141069397042093,0.49828884325804235
800.7006699321603,365,218,514,802,0.4152445961319681,0.21372549019607842,0.6260720411663808,0.4152445961319681,0.49931600547195626
800.8322502249391,366,218,513,802,0.41638225255972694,0.21372549019607842,0.6267123287671232,0.41638225255972694,0.5003417634996582
800.8531650068826,366,219,513,801,0.41638225255972694,0.21470588235294116,0.6256410256410256,0.41638225255972694,0.5
800.8804478657113,367,219,512,801,0.41751990898748575,0.21470588235294116,0.6262798634812287,0.41751990898748575,0.5010238907849829
800.910195745105,368,219,511,801,0.41865756541524457,0.21470588235294116,0.626916524701874,0.41865756541524457,0.5020463847203275
801.2963593762752,369,219,510,801,0.4197952218430034,0.21470588235294116,0.6275510204081632,0.4197952218430034,0.5030674846625767
801.6408472298542,370,219,509,801,0.42093287827076226,0.21470588235294116,0.6281833616298812,0.42093287827076226,0.5040871934604905
801.9438822264539,370,220,509,800,0.42093287827076226,0.21568627450980393,0.6271186440677966,0.42093287827076226,0.5037440435670524
802.0159173331818,371,220,508,800,0.42207053469852107,0.21568627450980393,0.6277495769881557,0.42207053469852107,0.5047619047619049
802.1545860116726,372,220,507,800,0.4232081911262799,0.21568627450980393,0.6283783783783784,0.4232081911262799,0.5057783820530252
802.1851969271477,373,220,506,800,0.4243458475540387,0.21568627450980393,0.6290050590219224,0.4243458475540387,0.5067934782608696
802.3690752532499,373,221,506,799,0.4243458475540387,0.21666666666666667,0.6279461279461279,0.4243458475540387,0.5064494229463679
802.3758547280572,374,221,505,799,0.4254835039817975,0.21666666666666667,0.6285714285714286,0.4254835039817975,0.5074626865671642
802.4104343345538,375,221,504,799,0.42662116040955633,0.21666666666666667,0.6291946308724832,0.42662116040955633,0.5084745762711865
802.8383291409713,376,221,503,799,0.42775881683731515,0.21666666666666667,0.6298157453936348,0.42775881683731515,0.5094850948509484
802.9209136928554,376,222,503,798,0.42775881683731515,0.21764705882352942,0.6287625418060201,0.42775881683731515,0.5091401489505756
803.0924492052734,377,222,502,798,0.42889647326507396,0.21764705882352942,0.6293823038397329,0.42889647326507396,0.5101488497970231
803.155714968514,377,223,502,797,0.42889647326507396,0.21862745098039216,0.6283333333333333,0.42889647326507396,0.5098039215686275
803.162328150887,378,223,501,797,0.4300341296928328,0.21862745098039216,0.6289517470881864,0.4300341296928328,0.5108108108108107
803.2477562234849,379,223,500,797,0.4311717861205916,0.21862745098039216,0.6295681063122923,0.4311717861205916,0.511816340310601
803.2633880408138,380,223,499,797,0.4323094425483504,0.21862745098039216,0.6301824212271974,0.4323094425483504,0.5128205128205128
803.4510003638333,380,224,499,796,0.4323094425483504,0.2196078431372549,0.6291390728476821,0.4323094425483504,0.5124747134187458
803.5724493937048,381,224,498,796,0.4334470989761092,0.2196078431372549,0.6297520661157024,0.4334470989761092,0.5134770889487871
803.7389737315991,381,225,498,795,0.4334470989761092,0.22058823529411764,0.6287128712871287,0.4334470989761092,0.513131313131313
803.9182196025808,382,225,497,795,0.43458475540386804,0.22058823529411764,0.6293245469522241,0.43458475540386804,0.5141318977119784
804.3429580973363,382,226,497,794,0.43458475540386804,0.22156862745098038,0.6282894736842105,0.43458475540386804,0.5137861466039005
804.8528470955257,383,226,496,794,0.43572241183162685,0.22156862745098038,0.6288998357963875,0.43572241183162685,0.5147849462365591
804.9002124891966,384,226,495,794,0.43686006825938567,0.22156862745098038,0.6295081967213115,0.43686006825938567,0.5157824042981868
805.3058995215872,384,227,495,793,0.43686006825938567,0.22254901960784312,0.6284779050736498,0.43686006825938567,0.5154362416107382
805.6890252651049,384,228,495,792,0.43686006825938567,0.2235294117647059,0.6274509803921569,0.43686006825938567,0.5150905432595573
805.7888696514806,385,228,494,792,0.4379977246871445,0.2235294117647059,0.6280587275693311,0.4379977246871445,0.5160857908847185
806.5062759871089,386,228,493,792,0.4391353811149033,0.2235294117647059,0.6286644951140065,0.4391353811149033,0.5170797052913596
806.5529498056208,387,228,492,792,0.4402730375426621,0.2235294117647059,0.6292682926829268,0.4402730375426621,0.5180722891566265
806.6107240639997,388,228,491,792,0.44141069397042093,0.2235294117647059,0.6298701298701299,0.44141069397042093,0.5190635451505017
806.7923582503374,389,228,490,792,0.44254835039817975,0.2235294117647059,0.6304700162074555,0.44254835039817975,0.5200534759358288
807.0290436031455,389,229,490,791,0.44254835039817975,0.22450980392156863,0.6294498381877023,0.44254835039817975,0.5197060788243153
807.1638570163384,390,229,489,791,0.44368600682593856,0.22450980392156863,0.630048465266559,0.44368600682593856,0.520694259012016
807.4221986234738,390,230,489,790,0.44368600682593856,0.22549019607843138,0.6290322580645161,0.44368600682593856,0.5203468979319547
807.5920484533056,391,230,488,790,0.4448236632536974,0.22549019607843138,0.6296296296296297,0.4448236632536974,0.5213333333333333
807.6988246760628,392,230,487,790,0.4459613196814562,0.22549019607843138,0.6302250803858521,0.4459613196814562,0.5223184543637576
808.0640865400946,393,230,486,790,0.447098976109215,0.22549019607843138,0.6308186195826645,0.447098976109215,0.5233022636484685
808.2509136948083,394,230,485,790,0.4482366325369738,0.22549019607843138,0.6314102564102564,0.4482366325369738,0.5242847638057219
808.4211539432413,395,230,484,790,0.44937428896473264,0.22549019607843138,0.632,0.44937428896473264,0.5252659574468085
808.8240795227363,396,230,483,790,0.45051194539249145,0.22549019607843138,0.6325878594249201,0.45051194539249145,0.5262458471760797
809.0167061694495,397,230,482,790,0.45164960182025027,0.22549019607843138,0.6331738437001595,0.45164960182025027,0.5272244355909694
809.2214244194884,398,230,481,790,0.4527872582480091,0.22549019607843138,0.6337579617834395,0.4527872582480091,0.5282017252820173
809.3436054049868,399,230,480,790,0.4539249146757679,0.22549019607843138,0.6343402225755167,0.4539249146757679,0.5291777188328912
809.6960777690852,400,230,479,790,0.4550625711035267,0.22549019607843138,0.6349206349206349,0.4550625711035267,0.5301524188204109
809.8038735430565,400,231,479,789,0.4550625711035267,0.22647058823529412,0.6339144215530903,0.4550625711035267,0.5298013245033112
809.8959106635081,400,232,479,788,0.4550625711035267,0.22745098039215686,0.6329113924050633,0.4550625711035267,0.5294506949040371
810.3471349079744,400,233,479,787,0.4550625711035267,0.2284313725490196,0.631911532385466,0.4550625711035267,0.5291005291005291
810.7291194741962,401,233,478,787,0.45620022753128553,0.2284313725490196,0.6324921135646687,0.45620022753128553,0.5300727032385989
811.0380631174886,401,234,478,786,0.45620022753128553,0.22941176470588234,0.631496062992126,0.45620022753128553,0.5297225891677675
811.0382716270299,402,234,477,786,0.45733788395904434,0.22941176470588234,0.6320754716981132,0.45733788395904434,0.5306930693069307
811.0560470088348,403,234,476,786,0.45847554038680316,0.22941176470588234,0.6326530612244898,0.45847554038680316,0.5316622691292876
811.205911688661,404,234,475,786,0.459613196814562,0.22941176470588234,0.6332288401253918,0.459613196814562,0.5326301911667765
811.2544911623809,405,234,474,786,0.46075085324232085,0.22941176470588234,0.6338028169014085,0.46075085324232085,0.5335968379446641
811.2727247266362,405,235,474,785,0.46075085324232085,0.23039215686274508,0.6328125,0.46075085324232085,0.533245556287031
811.4922704642129,406,235,473,785,0.46188850967007966,0.23039215686274508,0.6333853354134166,0.46188850967007966,0.5342105263157895
811.7267318164734,407,235,472,785,0.4630261660978385,0.23039215686274508,0.6339563862928349,0.4630261660978385,0.5351742274819198
811.7698160414188,408,235,471,785,0.4641638225255973,0.23039215686274508,0.6345256609642301,0.4641638225255973,0.5361366622864652
811.8447895808372,409,235,470,785,0.4653014789533561,0.23039215686274508,0.6350931677018633,0.4653014789533561,0.5370978332239001
811.8955638594074,410,235,469,785,0.4664391353811149,0.23039215686274508,0.6356589147286822,0.4664391353811149,0.5380577427821522
811.9629791768652,411,235,468,785,0.46757679180887374,0.23039215686274508,0.6362229102167183,0.46757679180887374,0.5390163934426229
812.0571453062325,412,235,467,785,0.46871444823663255,0.23039215686274508,0.6367851622874807,0.46871444823663255,0.5399737876802098
812.0703158620677,412,236,467,784,0.46871444823663255,0.23137254901960785,0.6358024691358025,0.46871444823663255,0.5396201702685003
812.6243709082353,413,236,466,784,0.46985210466439137,0.23137254901960785,0.6363636363636364,0.46985210466439137,0.5405759162303665
812.8124592295576,414,236,465,784,0.4709897610921502,0.23137254901960785,0.6369230769230769,0.4709897610921502,0.5415304120340091
812.999515375938,415,236,464,784,0.472127417519909,0.23137254901960785,0.6374807987711214,0.472127417519909,0.542483660130719
813.2267180602651,416,236,463,784,0.4732650739476678,0.23137254901960785,0.6380368098159509,0.4732650739476678,0.543435662965382
813.317091405429,417,236,462,784,0.47440273037542663,0.23137254901960785,0.6385911179173047,0.47440273037542663,0.5443864229765013
813.4247680413828,418,236,461,784,0.47554038680318544,0.23137254901960785,0.6391437308868502,0.47554038680318544,0.5453359425962165
813.7384125964354,419,236,460,784,0.47667804323094426,0.23137254901960785,0.6396946564885496,0.47667804323094426,0.546284224250326
813.7527089082569,420,236,459,784,0.4778156996587031,0.23137254901960785,0.6402439024390244,0.4778156996587031,0.5472312703583063
813.933201220729,421,236,458,784,0.4789533560864619,0.23137254901960785,0.6407914764079148,0.4789533560864619,0.5481770833333334
814.6701130412349,422,236,457,784,0.4800910125142207,0.23137254901960785,0.6413373860182371,0.4800910125142207,0.5491216655823031
814.7400008638074,423,236,456,784,0.4812286689419795,0.23137254901960785,0.6418816388467374,0.4812286689419795,0.5500650195058517
814.8680206585816,424,236,455,784,0.48236632536973834,0.23137254901960785,0.6424242424242425,0.48236632536973834,0.5510071474983756
815.1185399550654,425,236,454,784,0.48350398179749715,0.23137254901960785,0.642965204236006,0.48350398179749715,0.551948051948052
815.3126712011981,426,236,453,784,0.48464163822525597,0.23137254901960785,0.6435045317220544,0.48464163822525597,0.5528877352368592
815.3190639100637,426,237,453,783,0.48464163822525597,0.2323529411764706,0.6425339366515838,0.48464163822525597,0.5525291828793775
815.4826689491899,427,237,452,783,0.4857792946530148,0.2323529411764706,0.6430722891566265,0.4857792946530148,0.5534672715489306
815.5626388149697,427,238,452,782,0.4857792946530148,0.23333333333333334,0.6421052631578947,0.4857792946530148,0.5531088082901554
815.5826746139842,428,238,451,782,0.4869169510807736,0.23333333333333334,0.6426426426426426,0.4869169510807736,0.5540453074433657
815.6410776001098,429,238,450,782,0.4880546075085324,0.23333333333333334,0.6431784107946027,0.4880546075085324,0.5549805950840879
815.6443813635062,430,238,449,782,0.4891922639362912,0.23333333333333334,0.6437125748502994,0.4891922639362912,0.5559146735617323
816.1788301289952,430,239,449,781,0.4891922639362912,0.23431372549019608,0.6427503736920778,0.4891922639362912,0.5555555555555556
816.3795785192974,430,240,449,780,0.4891922639362912,0.23529411764705882,0.6417910447761194,0.4891922639362912,0.5551969012265978
816.4668206920277,430,241,449,779,0.4891922639362912,0.23627450980392156,0.6408345752608048,0.4891922639362912,0.5548387096774193
816.5510237434862,431,241,448,779,0.49032992036405004,0.23627450980392156,0.6413690476190477,0.49032992036405004,0.5557704706640877
816.6742428958296,432,241,447,779,0.49146757679180886,0.23627450980392156,0.6419019316493314,0.49146757679180886,0.5567010309278351
816.6777197021313,432,242,447,778,0.49146757679180886,0.2372549019607843,0.6409495548961425,0.49146757679180886,0.5563425627817128
817.0333482144346,433,242,446,778,0.4926052332195677,0.2372549019607843,0.6414814814814814,0.4926052332195677,0.5572715572715572
817.1232316022882,433,243,446,777,0.4926052332195677,0.23823529411764705,0.6405325443786982,0.4926052332195677,0.5569131832797428
817.3366113424456,434,243,445,777,0.4937428896473265,0.23823529411764705,0.6410635155096012,0.4937428896473265,0.5578406169665809
817.5054315080923,434,244,445,776,0.4937428896473265,0.23921568627450981,0.640117994100295,0.4937428896473265,0.5574823378291586
817.6942410325615,435,244,444,776,0.4948805460750853,0.23921568627450981,0.6406480117820325,0.4948805460750853,0.558408215661104
817.9018856686336,435,245,444,775,0.4948805460750853,0.24019607843137256,0.6397058823529411,0.4948805460750853,0.5580500320718409
817.9387123719464,436,245,443,775,0.4960182025028441,0.24019607843137256,0.6402349486049926,0.4960182025028441,0.5589743589743589
818.0783905095859,437,245,442,775,0.49715585893060293,0.24019607843137256,0.6407624633431085,0.49715585893060293,0.5598975016015374
818.2113909662702,437,246,442,774,0.49715585893060293,0.2411764705882353,0.6398243045387995,0.49715585893060293,0.559539052496799
818.4198138323403,437,247,442,773,0.49715585893060293,0.24215686274509804,0.6388888888888888,0.49715585893060293,0.5591810620601407
818.4233691622987,437,248,442,772,0.49715585893060293,0.24313725490196078,0.637956204379562,0.49715585893060293,0.5588235294117647
818.46502087517,437,249,442,771,0.49715585893060293,0.24411764705882352,0.6370262390670554,0.49715585893060293,0.5584664536741214
818.4769146975922,438,249,441,771,0.49829351535836175,0.24411764705882352,0.6375545851528385,0.49829351535836175,0.5593869731800766
818.6447837735822,438,250,441,770,0.49829351535836175,0.24509803921568626,0.6366279069767442,0.49829351535836175,0.5590299936183791
818.6862054484027,439,250,440,770,0.49943117178612056,0.24509803921568626,0.637155297532656,0.49943117178612056,0.5599489795918368
819.0104282248349,439,251,440,769,0.49943117178612056,0.246078431372549,0.636231884057971,0.49943117178612056,0.5595920968769917
819.0805119008303,439,252,440,768,0.49943117178612056,0.24705882352941178,0.6353111432706223,0.49943117178612056,0.5592356687898089
819.5029540635605,439,253,440,767,0.49943117178612056,0.24803921568627452,0.634393063583815,0.49943117178612056,0.558879694462126
819.6861150243591,440,253,439,767,0.5005688282138794,0.24803921568627452,0.6349206349206349,0.5005688282138794,0.5597964376590331
819.7165223430712,441,253,438,767,0.5017064846416383,0.24803921568627452,0.6354466858789626,0.5017064846416383,0.5607120152574698
819.8123928709653,442,253,437,767,0.502844141069397,0.24803921568627452,0.6359712230215827,0.502844141069397,0.5616264294790343
819.8740835770932,443,253,436,767,0.5039817974971559,0.24803921568627452,0.6364942528735632,0.5039817974971559,0.5625396825396825
819.9186177555823,443,254,436,766,0.5039817974971559,0.24901960784313726,0.6355810616929699,0.5039817974971559,0.5621827411167513
820.0721324440002,444,254,435,766,0.5051194539249146,0.24901960784313726,0.6361031518624641,0.5051194539249146,0.5630944831959416
820.1299841370094,445,254,434,766,0.5062571103526735,0.24901960784313726,0.6366237482117311,0.5062571103526735,0.5640050697084917
820.1311589992774,446,254,433,766,0.5073947667804323,0.24901960784313726,0.6371428571428571,0.5073947667804323,0.564914502849905
820.4105952677257,446,255,433,765,0.5073947667804323,0.25,0.6362339514978602,0.5073947667804323,0.5645569620253165
820.4733112003062,446,256,433,764,0.5073947667804323,0.25098039215686274,0.6353276353276354,0.5073947667804323,0.5641998734977861
820.8845087580758,447,256,432,764,0.5085324232081911,0.25098039215686274,0.635846372688478,0.5085324232081911,0.5651074589127686
821.0068789806977,448,256,431,764,0.5096700796359499,0.25098039215686274,0.6363636363636364,0.5096700796359499,0.5660138976626657
821.2858191508243,448,257,431,763,0.5096700796359499,0.2519607843137255,0.6354609929078014,0.5096700796359499,0.5656565656565656
821.3594016256337,449,257,430,763,0.5108077360637088,0.2519607843137255,0.6359773371104815,0.5108077360637088,0.5665615141955836
821.6299209268964,449,258,430,762,0.5108077360637088,0.2529411764705882,0.635077793493635,0.5108077360637088,0.5662042875157629
821.7654379773993,450,258,429,762,0.5119453924914675,0.2529411764705882,0.635593220338983,0.5119453924914675,0.5671077504725897
822.0772333651357,450,259,429,761,0.5119453924914675,0.25392156862745097,0.6346967559943583,0.5119453924914675,0.5667506297229219
822.213911578063,451,259,428,761,0.5130830489192264,0.25392156862745097,0.6352112676056338,0.5130830489192264,0.5676526117054752
822.3685604879196,451,260,428,760,0.5130830489192264,0.2549019607843137,0.6343178621659634,0.5130830489192264,0.5672955974842767
822.3980417149282,451,261,428,759,0.5130830489192264,0.25588235294117645,0.6334269662921348,0.5130830489192264,0.5669390320553112
822.6121220424116,451,262,428,758,0.5130830489192264,0.2568627450980392,0.6325385694249649,0.5130830489192264,0.5665829145728644
822.810412077102,451,263,428,757,0.5130830489192264,0.257843137254902,0.6316526610644257,0.5130830489192264,0.5662272441933459
823.0050698542267,451,264,428,756,0.5130830489192264,0.25882352941176473,0.6307692307692307,0.5130830489192264,0.5658720200752823
823.0228289342379,451,265,428,755,0.5130830489192264,0.25980392156862747,0.6298882681564246,0.5130830489192264,0.5655172413793104
823.1997754543279,452,265,427,755,0.5142207053469852,0.25980392156862747,0.6304044630404463,0.5142207053469852,0.5664160401002505
823.3076617092962,453,265,426,755,0.515358361774744,0.25980392156862747,0.6309192200557103,0.515358361774744,0.567313713212273
823.3544884867972,454,265,425,755,0.5164960182025028,0.25980392156862747,0.631432545201669,0.5164960182025028,0.5682102628285356
823.3911724135295,454,266,425,754,0.5164960182025028,0.2607843137254902,0.6305555555555555,0.5164960182025028,0.5678549093183239
823.5583931412037,455,266,424,754,0.5176336746302617,0.2607843137254902,0.6310679611650486,0.5176336746302617,0.5687500000000001
823.8141085475028,456,266,423,754,0.5187713310580204,0.2607843137254902,0.631578947368421,0.5187713310580204,0.5696439725171767
824.0996644270629,457,266,422,754,0.5199089874857793,0.2607843137254902,0.632088520055325,0.5199089874857793,0.5705368289637952
824.2798952604808,458,266,421,754,0.5210466439135382,0.2607843137254902,0.6325966850828729,0.5210466439135382,0.5714285714285714
824.3460312510773,459,266,420,754,0.5221843003412969,0.2607843137254902,0.6331034482758621,0.5221843003412969,0.5723192019950125
824.3472413200711,459,267,420,753,0.5221843003412969,0.26176470588235295,0.6322314049586777,0.5221843003412969,0.57196261682243
824.4291634384798,459,268,420,752,0.5221843003412969,0.2627450980392157,0.6313617606602476,0.5221843003412969,0.5716064757160647
824.526764817965,460,268,419,752,0.5233219567690558,0.2627450980392157,0.6318681318681318,0.5233219567690558,0.5724953329184818
824.8143270601832,461,268,418,752,0.5244596131968146,0.2627450980392157,0.6323731138545954,0.5244596131968146,0.5733830845771145
825.0336884333013,461,269,418,751,0.5244596131968146,0.26372549019607844,0.6315068493150685,0.5244596131968146,0.5730267246737104
825.0657640124082,461,270,418,750,0.5244596131968146,0.2647058823529412,0.6306429548563611,0.5244596131968146,0.5726708074534161
825.190774233545,461,271,418,749,0.5244596131968146,0.2656862745098039,0.6297814207650273,0.5244596131968146,0.5723153320918684
825.2217054253597,461,272,418,748,0.5244596131968146,0.26666666666666666,0.6289222373806276,0.5244596131968146,0.5719602977667493
825.2793048141435,461,273,418,747,0.5244596131968146,0.2676470588235294,0.6280653950953679,0.5244596131968146,0.5716057036577806
825.5317372229001,461,274,418,746,0.5244596131968146,0.26862745098039215,0.6272108843537415,0.5244596131968146,0.5712515489467161
825.6286630233245,461,275,418,745,0.5244596131968146,0.2696078431372549,0.626358695652174,0.5244596131968146,0.5708978328173375
825.6358822953283,461,276,418,744,0.5244596131968146,0.27058823529411763,0.6255088195386703,0.5244596131968146,0.5705445544554455
825.7910534591753,462,276,417,744,0.5255972696245734,0.27058823529411763,0.6260162601626016,0.5255972696245734,0.5714285714285714
825.7932897739041,462,277,417,743,0.5255972696245734,0.27156862745098037,0.625169147496617,0.5255972696245734,0.5710754017305315
825.9421866275987,462,278,417,742,0.5255972696245734,0.2725490196078431,0.6243243243243243,0.5255972696245734,0.570722668313774
825.965403954405,462,279,417,741,0.5255972696245734,0.2735294117647059,0.6234817813765182,0.5255972696245734,0.5703703703703703
826.0924248212826,462,280,417,740,0.5255972696245734,0.27450980392156865,0.6226415094339622,0.5255972696245734,0.5700185070943863
826.2509140039741,463,280,416,740,0.5267349260523322,0.27450980392156865,0.6231493943472409,0.5267349260523322,0.5709001233045622
826.494792958531,464,280,415,740,0.5278725824800911,0.27450980392156865,0.6236559139784946,0.5278725824800911,0.5717806531115218
826.6076209293341,464,281,415,739,0.5278725824800911,0.2754901960784314,0.6228187919463087,0.5278725824800911,0.5714285714285715
826.631406287559,464,282,415,738,0.5278725824800911,0.27647058823529413,0.6219839142091153,0.5278725824800911,0.571076923076923
826.912580730133,465,282,414,738,0.5290102389078498,0.27647058823529413,0.6224899598393574,0.5290102389078498,0.5719557195571956
826.9938685267201,466,282,413,738,0.5301478953356087,0.27647058823529413,0.6229946524064172,0.5301478953356087,0.5728334357713584
827.3140327728612,466,283,413,737,0.5301478953356087,0.2774509803921569,0.6221628838451269,0.5301478953356087,0.5724815724815725
827.4370669684071,467,283,412,737,0.5312855517633674,0.2774509803921569,0.6226666666666667,0.5312855517633674,0.5733578882750154
827.5334013994959,467,284,412,736,0.5312855517633674,0.2784313725490196,0.6218375499334221,0.5312855517633674,0.5730061349693252
827.5729922769881,467,285,412,735,0.5312855517633674,0.27941176470588236,0.6210106382978723,0.5312855517633674,0.5726548129981606
827.5917368855885,467,286,412,734,0.5312855517633674,0.2803921568627451,0.6201859229747676,0.5312855517633674,0.5723039215686275
827.6621942543502,468,286,411,734,0.5324232081911263,0.2803921568627451,0.6206896551724138,0.5324232081911263,0.5731781996325781
827.7627861614903,469,286,410,734,0.5335608646188851,0.2803921568627451,0.6211920529801325,0.5335608646188851,0.5740514075887393
828.0931557166361,470,286,409,734,0.534698521046644,0.2803921568627451,0.6216931216931217,0.534698521046644,0.5749235474006117
828.3661769056725,471,286,408,734,0.5358361774744027,0.2803921568627451,0.6221928665785997,0.5358361774744027,0.5757946210268947
828.3751917096259,472,286,407,734,0.5369738339021616,0.2803921568627451,0.6226912928759895,0.5369738339021616,0.5766646304215027
828.3764879652837,473,286,406,734,0.5381114903299203,0.2803921568627451,0.6231884057971014,0.5381114903299203,0.5775335775335776
828.3985271024503,473,287,406,733,0.5381114903299203,0.28137254901960784,0.6223684210526316,0.5381114903299203,0.5771812080536912
828.5382765593713,473,288,406,732,0.5381114903299203,0.2823529411764706,0.621550591327201,0.5381114903299203,0.5768292682926829
828.5825607735303,474,288,405,732,0.5392491467576792,0.2823529411764706,0.6220472440944882,0.5392491467576792,0.5776965265082267
828.7065845785198,475,288,404,732,0.540386803185438,0.2823529411764706,0.6225425950196593,0.540386803185438,0.5785627283800244
828.827494705491,476,288,403,732,0.5415244596131968,0.2823529411764706,0.6230366492146597,0.5415244596131968,0.5794278758368838
829.3210053880093,477,288,402,732,0.5426621160409556,0.2823529411764706,0.6235294117647059,0.5426621160409556,0.5802919708029197
829.3924809725451,477,289,402,731,0.5426621160409556,0.2833333333333333,0.6227154046997389,0.5426621160409556,0.5799392097264437
829.4254070193656,477,290,402,730,0.5426621160409556,0.28431372549019607,0.621903520208605,0.5426621160409556,0.5795868772782502
829.4476172812819,478,290,401,730,0.5437997724687145,0.28431372549019607,0.6223958333333334,0.5437997724687145,0.5804493017607772
829.5470227414668,479,290,400,730,0.5449374288964732,0.28431372549019607,0.6228868660598179,0.5449374288964732,0.5813106796116504
829.7422224442502,479,291,400,729,0.5449374288964732,0.2852941176470588,0.6220779220779221,0.5449374288964732,0.5809581564584596
829.7981861793677,479,292,400,728,0.5449374288964732,0.28627450980392155,0.6212710765239948,0.5449374288964732,0.5806060606060606
829.8484799932795,480,292,399,728,0.5460750853242321,0.28627450980392155,0.6217616580310881,0.5460750853242321,0.581465778316172
829.9770811208699,480,293,399,727,0.5460750853242321,0.2872549019607843,0.6209573091849935,0.5460750853242321,0.5811138014527845
830.1220477535519,480,294,399,726,0.5460750853242321,0.28823529411764703,0.6201550387596899,0.5460750853242321,0.5807622504537207
830.1758023090412,480,295,399,725,0.5460750853242321,0.28921568627450983,0.6193548387096774,0.5460750853242321,0.580411124546554
830.3310224400892,480,296,399,724,0.5460750853242321,0.2901960784313726,0.6185567010309279,0.5460750853242321,0.580060422960725
830.3656016666334,481,296,398,724,0.5472127417519909,0.2901960784313726,0.6190476190476191,0.5472127417519909,0.5809178743961352
830.4177819630506,482,296,397,724,0.5483503981797497,0.2901960784313726,0.6195372750642674,0.5483503981797497,0.5817742908871454
830.6214738063411,483,296,396,724,0.5494880546075085,0.2901960784313726,0.62002567394095,0.5494880546075085,0.5826296743063932
830.625303820851,483,297,396,723,0.5494880546075085,0.2911764705882353,0.6192307692307693,0.5494880546075085,0.5822784810126582
830.844252547759,483,298,396,722,0.5494880546075085,0.29215686274509806,0.618437900128041,0.5494880546075085,0.5819277108433734
831.0153635219754,484,298,395,722,0.5506257110352674,0.29215686274509806,0.618925831202046,0.5506257110352674,0.5827814569536424
831.05819935316,485,298,394,722,0.5517633674630261,0.29215686274509806,0.6194125159642401,0.5517633674630261,0.5836341756919373
831.1032111217288,486,298,393,722,0.552901023890785,0.29215686274509806,0.6198979591836735,0.552901023890785,0.5844858689116056
831.1145629757899,487,298,392,722,0.5540386803185438,0.29215686274509806,0.6203821656050955,0.5540386803185438,0.5853365384615384
831.402305752784,487,299,392,721,0.5540386803185438,0.2931372549019608,0.6195928753180662,0.5540386803185438,0.584984984984985
831.5436507429866,487,300,392,720,0.5540386803185438,0.29411764705882354,0.6188055908513341,0.5540386803185438,0.5846338535414165
831.5840580454735,488,300,391,720,0.5551763367463026,0.29411764705882354,0.6192893401015228,0.5551763367463026,0.5854829034193161
831.6719220393657,488,301,391,719,0.5551763367463026,0.2950980392156863,0.6185044359949303,0.5551763367463026,0.5851318944844125
831.6794494247849,489,301,390,719,0.5563139931740614,0.2950980392156863,0.6189873417721519,0.5563139931740614,0.5859796285200719
831.6802491588223,489,302,390,718,0.5563139931740614,0.296078431372549,0.618204804045512,0.5563139931740614,0.58562874251497
831.8387848909146,490,302,389,718,0.5574516496018203,0.296078431372549,0.6186868686868687,0.5574516496018203,0.5864751645721126
831.8670689208096,490,303,389,717,0.5574516496018203,0.29705882352941176,0.617906683480454,0.5574516496018203,0.5861244019138755
831.8679351949982,490,304,389,716,0.5574516496018203,0.2980392156862745,0.6171284634760705,0.5574516496018203,0.5857740585774058
831.8877341332167,490,305,389,715,0.5574516496018203,0.29901960784313725,0.6163522012578616,0.5574516496018203,0.5854241338112306
832.1292436260911,490,306,389,714,0.5574516496018203,0.3,0.6155778894472361,0.5574516496018203,0.5850746268656716
832.1681585328624,490,307,389,713,0.5574516496018203,0.30098039215686273,0.6148055207026348,0.5574516496018203,0.58472553699284
832.2398852091029,491,307,388,713,0.558589306029579,0.30098039215686273,0.6152882205513784,0.558589306029579,0.5855694692903994
832.2431996841403,491,308,388,712,0.558589306029579,0.30196078431372547,0.6145181476846058,0.558589306029579,0.5852205005959475
832.2467627521904,491,309,388,711,0.558589306029579,0.3029411764705882,0.61375,0.558589306029579,0.5848719475878499
832.3405040445086,492,309,387,711,0.5597269624573379,0.3029411764705882,0.6142322097378277,0.5597269624573379,0.5857142857142856
832.3500673690829,493,309,386,711,0.5608646188850968,0.3029411764705882,0.614713216957606,0.5608646188850968,0.5865556216537775
832.3816898571831,494,309,385,711,0.5620022753128555,0.3029411764705882,0.6151930261519303,0.5620022753128555,0.5873959571938169
832.5682266021356,495,309,384,711,0.5631399317406144,0.3029411764705882,0.6156716417910447,0.5631399317406144,0.5882352941176471
832.6364545712753,495,310,384,710,0.5631399317406144,0.30392156862745096,0.6149068322981367,0.5631399317406144,0.5878859857482186
832.8201463675463,495,311,384,709,0.5631399317406144,0.30490196078431375,0.6141439205955335,0.5631399317406144,0.5875370919881305
832.8573818771596,496,311,383,709,0.5642775881683731,0.30490196078431375,0.6146220570012392,0.5642775881683731,0.5883748517200474
832.8672670539236,496,312,383,708,0.5642775881683731,0.3058823529411765,0.6138613861386139,0.5642775881683731,0.5880260818020154
832.946221691564,496,313,383,707,0.5642775881683731,0.30686274509803924,0.6131025957972805,0.5642775881683731,0.5876777251184834
832.9529338205076,496,314,383,706,0.5642775881683731,0.307843137254902,0.6123456790123457,0.5642775881683731,0.5873297809354648
833.1500545580179,496,315,383,705,0.5642775881683731,0.3088235294117647,0.6115906288532675,0.5642775881683731,0.5869822485207101
833.2123156862552,496,316,383,704,0.5642775881683731,0.30980392156862746,0.6108374384236454,0.5642775881683731,0.5866351271437019
833.3998840534903,496,317,383,703,0.5642775881683731,0.3107843137254902,0.6100861008610086,0.5642775881683731,0.5862884160756501
833.629487165333,496,318,383,702,0.5642775881683731,0.31176470588235294,0.6093366093366094,0.5642775881683731,0.5859421145894862
833.6367241907027,497,318,382,702,0.565415244596132,0.31176470588235294,0.6098159509202454,0.565415244596132,0.5867768595041323
833.639130538496,497,319,382,701,0.565415244596132,0.3127450980392157,0.6090686274509803,0.565415244596132,0.5864306784660768
833.6764965889361,497,320,382,700,0.565415244596132,0.3137254901960784,0.6083231334149327,0.565415244596132,0.5860849056603773
833.7298518835945,497,321,382,699,0.565415244596132,0.31470588235294117,0.6075794621026895,0.565415244596132,0.5857395403653507
833.9687048548484,497,322,382,698,0.565415244596132,0.3156862745098039,0.6068376068376068,0.565415244596132,0.5853945818610129
833.9955196122941,497,323,382,697,0.565415244596132,0.31666666666666665,0.6060975609756097,0.565415244596132,0.5850500294290759
834.0311319158429,497,324,382,696,0.565415244596132,0.3176470588235294,0.6053593179049939,0.565415244596132,0.5847058823529412
834.2350259865425,497,325,382,695,0.565415244596132,0.31862745098039214,0.6046228710462287,0.565415244596132,0.5843621399176955
834.2520325266272,498,325,381,695,0.5665529010238908,0.31862745098039214,0.6051032806804374,0.5665529010238908,0.5851938895417157
834.3802118643835,498,326,381,694,0.5665529010238908,0.3196078431372549,0.6043689320388349,0.5665529010238908,0.5848502642395771
834.3819686262106,499,326,380,694,0.5676905574516496,0.3196078431372549,0.6048484848484849,0.5676905574516496,0.5856807511737089
834.3975782569571,500,326,379,694,0.5688282138794084,0.3196078431372549,0.6053268765133172,0.5688282138794084,0.5865102639296188
834.448630042983,500,327,379,693,0.5688282138794084,0.3205882352941177,0.6045949214026602,0.5688282138794084,0.5861664712778428
834.5409201674247,501,327,378,693,0.5699658703071673,0.3205882352941177,0.605072463768116,0.5699658703071673,0.5869947275922672
834.5458502279922,502,327,377,693,0.571103526734926,0.3205882352941177,0.6055488540410132,0.571103526734926,0.5878220140515222
834.7002211129509,503,327,376,693,0.5722411831626849,0.3205882352941177,0.6060240963855422,0.5722411831626849,0.5886483323581042
834.7303811114274,504,327,375,693,0.5733788395904437,0.3205882352941177,0.6064981949458483,0.5733788395904437,0.5894736842105264
834.8476367405424,504,328,375,692,0.5733788395904437,0.3215686274509804,0.6057692307692307,0.5733788395904437,0.5891291642314436
834.9906355001509,504,329,375,691,0.5733788395904437,0.32254901960784316,0.6050420168067226,0.5733788395904437,0.5887850467289719
835.0938969206045,505,329,374,691,0.5745164960182025,0.32254901960784316,0.605515587529976,0.5745164960182025,0.5896088733216579
835.1108183637423,506,329,373,691,0.5756541524459613,0.32254901960784316,0.6059880239520958,0.5756541524459613,0.5904317386231038
835.1538819058155,507,329,372,691,0.5767918088737202,0.32254901960784316,0.6064593301435407,0.5767918088737202,0.5912536443148689
835.2420238994046,508,329,371,691,0.5779294653014789,0.32254901960784316,0.6069295101553166,0.5779294653014789,0.592074592074592
835.248339047551,508,330,371,690,0.5779294653014789,0.3235294117647059,0.6062052505966588,0.5779294653014789,0.5917297612114153
835.2847515447224,509,330,370,690,0.5790671217292378,0.3235294117647059,0.6066746126340882,0.5790671217292378,0.5925494761350408
835.3647176492451,510,330,369,690,0.5802047781569966,0.3235294117647059,0.6071428571428571,0.5802047781569966,0.5933682373472949
835.3699487932001,511,330,368,690,0.5813424345847554,0.3235294117647059,0.6076099881093936,0.5813424345847554,0.5941860465116279
835.572876527058,511,331,368,689,0.5813424345847554,0.32450980392156864,0.6068883610451307,0.5813424345847554,0.5938407902382336
835.7203664345005,511,332,368,688,0.5813424345847554,0.3254901960784314,0.6061684460260973,0.5813424345847554,0.5934959349593496
835.7767544217676,512,332,367,688,0.5824800910125142,0.3254901960784314,0.6066350710900474,0.5824800910125142,0.5943122460824144
836.0093624798154,512,333,367,687,0.5824800910125142,0.3264705882352941,0.6059171597633136,0.5824800910125142,0.5939675174013921
836.0165931076205,512,334,367,686,0.5824800910125142,0.32745098039215687,0.6052009456264775,0.5824800910125142,0.593623188405797
836.2587818754542,512,335,367,685,0.5824800910125142,0.3284313725490196,0.6044864226682408,0.5824800910125142,0.593279258400927
836.3101757490313,513,335,366,685,0.5836177474402731,0.3284313725490196,0.6049528301886793,0.5836177474402731,0.5940938042848871
836.3362197288243,513,336,366,684,0.5836177474402731,0.32941176470588235,0.6042402826855123,0.5836177474402731,0.5937500000000001
836.4957493671515,514,336,365,684,0.5847554038680318,0.32941176470588235,0.6047058823529412,0.5847554038680318,0.5945633314054367
836.505918403924,514,337,365,683,0.5847554038680318,0.3303921568627451,0.6039952996474736,0.5847554038680318,0.5942196531791907
836.5347114724883,514,338,365,682,0.5847554038680318,0.33137254901960783,0.6032863849765259,0.5847554038680318,0.5938763720392836
836.6193440760213,515,338,364,682,0.5858930602957907,0.33137254901960783,0.6037514654161782,0.5858930602957907,0.5946882217090068
836.7947693536903,515,339,364,681,0.5858930602957907,0.3323529411764706,0.6030444964871194,0.5858930602957907,0.5943450663589152
836.8934587885819,515,340,364,680,0.5858930602957907,0.3333333333333333,0.6023391812865497,0.5858930602957907,0.5940023068050749
836.8999702977753,515,341,364,679,0.5858930602957907,0.33431372549019606,0.6016355140186916,0.5858930602957907,0.5936599423631124
836.9472799341651,515,342,364,678,0.5858930602957907,0.3352941176470588,0.6009334889148191,0.5858930602957907,0.5933179723502304
836.9579994981445,516,342,363,678,0.5870307167235495,0.3352941176470588,0.6013986013986014,0.5870307167235495,0.5941278065630397
837.1561507309794,516,343,363,677,0.5870307167235495,0.3362745098039216,0.6006984866123399,0.5870307167235495,0.5937859608745684
837.1965742576888,516,344,363,676,0.5870307167235495,0.33725490196078434,0.6,0.5870307167235495,0.5934445083381253
837.2552505593021,517,344,362,676,0.5881683731513083,0.33725490196078434,0.6004645760743321,0.5881683731513083,0.5942528735632183
837.2557022744893,518,344,361,676,0.5893060295790671,0.33725490196078434,0.6009280742459396,0.5893060295790671,0.5950603101665709
837.2623366119727,518,345,361,675,0.5893060295790671,0.3382352941176471,0.6002317497103129,0.5893060295790671,0.5947187141216992
837.2753987448012,518,346,361,674,0.5893060295790671,0.3392156862745098,0.5995370370370371,0.5893060295790671,0.5943775100401607
837.5308708709118,518,347,361,673,0.5893060295790671,0.34019607843137256,0.5988439306358382,0.5893060295790671,0.5940366972477064
837.5464959322561,519,347,360,673,0.590443686006826,0.34019607843137256,0.5993071593533488,0.590443686006826,0.5948424068767908
837.5548279932104,519,348,360,672,0.590443686006826,0.3411764705882353,0.5986159169550173,0.590443686006826,0.5945017182130584
837.6792361807629,519,349,360,671,0.590443686006826,0.34215686274509804,0.597926267281106,0.590443686006826,0.5941614195764168
837.8695262951471,519,350,360,670,0.590443686006826,0.3431372549019608,0.5972382048331415,0.590443686006826,0.5938215102974828
837.9175739473417,520,350,359,670,0.5915813424345847,0.3431372549019608,0.5977011494252874,0.5915813424345847,0.5946255002858777
838.0338168399621,520,351,359,669,0.5915813424345847,0.34411764705882353,0.5970149253731343,0.5915813424345847,0.5942857142857142
838.0354810165408,520,352,359,668,0.5915813424345847,0.34509803921568627,0.5963302752293578,0.5915813424345847,0.5939463163906339
838.1191997374934,520,353,359,667,0.5915813424345847,0.346078431372549,0.5956471935853379,0.5915813424345847,0.593607305936073
838.4296575002297,521,353,358,667,0.5927189988623436,0.346078431372549,0.5961098398169337,0.5927189988623436,0.5944095835710212
838.4626040318716,522,353,357,667,0.5938566552901023,0.346078431372549,0.5965714285714285,0.5938566552901023,0.5952109464082097
838.4671704164767,522,354,357,666,0.5938566552901023,0.34705882352941175,0.5958904109589042,0.5938566552901023,0.5948717948717949
838.4684837358661,522,355,357,665,0.5938566552901023,0.3480392156862745,0.5952109464082098,0.5938566552901023,0.5945330296127562
838.4903623541196,523,355,356,665,0.5949943117178612,0.3480392156862745,0.5956719817767654,0.5949943117178612,0.5953329538986909
838.5757146407132,524,355,355,665,0.59613196814562,0.3480392156862745,0.59613196814562,0.59613196814562,0.59613196814562
838.6013162845379,524,356,355,664,0.59613196814562,0.34901960784313724,0.5954545454545455,0.59613196814562,0.5957930642410459
838.7787621791077,524,357,355,663,0.59613196814562,0.35,0.5947786606129398,0.59613196814562,0.5954545454545455
838.822616869665,524,358,355,662,0.59613196814562,0.3509803921568627,0.5941043083900227,0.59613196814562,0.5951164111300398
838.8743976538728,524,359,355,661,0.59613196814562,0.3519607843137255,0.5934314835787089,0.59613196814562,0.5947786606129398
839.0897114824936,524,360,355,660,0.59613196814562,0.35294117647058826,0.5927601809954751,0.59613196814562,0.5944412932501418
839.1117810269133,524,361,355,659,0.59613196814562,0.353921568627451,0.592090395480226,0.59613196814562,0.5941043083900227
839.136643395272,525,361,354,659,0.5972696245733788,0.353921568627451,0.59255079006772,0.5972696245733788,0.5949008498583569
839.1992920470908,525,362,354,658,0.5972696245733788,0.35490196078431374,0.5918827508455468,0.5972696245733788,0.594563986409966
839.2089061442164,526,362,353,658,0.5984072810011376,0.35490196078431374,0.5923423423423423,0.5984072810011376,0.5953593661573288
839.2853029781215,527,362,352,658,0.5995449374288965,0.35490196078431374,0.592800899887514,0.5995449374288965,0.5961538461538461
839.317856567456,527,363,352,657,0.5995449374288965,0.3558823529411765,0.5921348314606741,0.5995449374288965,0.595816845675523
839.3465193075316,528,363,351,657,0.6006825938566553,0.3558823529411765,0.5925925925925926,0.6006825938566553,0.5966101694915255
839.3893131151085,528,364,351,656,0.6006825938566553,0.3568627450980392,0.5919282511210763,0.6006825938566553,0.596273291925466
839.4060709414899,529,364,350,656,0.6018202502844141,0.3568627450980392,0.5923852183650616,0.6018202502844141,0.5970654627539503
839.4859946402511,529,365,350,655,0.6018202502844141,0.35784313725490197,0.5917225950782998,0.6018202502844141,0.5967287084038354
839.537593651329,529,366,350,654,0.6018202502844141,0.3588235294117647,0.5910614525139665,0.6018202502844141,0.5963923337091318
839.5681736777129,529,367,350,653,0.6018202502844141,0.35980392156862745,0.5904017857142857,0.6018202502844141,0.596056338028169
839.6333097863744,529,368,350,652,0.6018202502844141,0.3607843137254902,0.5897435897435898,0.6018202502844141,0.5957207207207207
839.7085243841282,529,369,350,651,0.6018202502844141,0.36176470588235293,0.589086859688196,0.6018202502844141,0.5953854811480023
839.7249501630703,529,370,350,650,0.6018202502844141,0.3627450980392157,0.5884315906562848,0.6018202502844141,0.5950506186726661
839.9026683319977,530,370,349,650,0.602957906712173,0.3627450980392157,0.5888888888888889,0.602957906712173,0.5958403597526701
839.9132474475682,530,371,349,649,0.602957906712173,0.3637254901960784,0.5882352941176471,0.602957906712173,0.5955056179775281
839.9294594286896,530,372,349,648,0.602957906712173,0.36470588235294116,0.5875831485587583,0.602957906712173,0.5951712521055587
839.9867650882841,530,373,349,647,0.602957906712173,0.3656862745098039,0.5869324473975637,0.602957906712173,0.5948372615039281
840.003639417228,531,373,348,647,0.6040955631399317,0.3656862745098039,0.5873893805309734,0.6040955631399317,0.5956253505328098
840.0372825394053,531,374,348,646,0.6040955631399317,0.36666666666666664,0.5867403314917127,0.6040955631399317,0.5952914798206278
840.0563938952992,531,375,348,645,0.6040955631399317,0.36764705882352944,0.5860927152317881,0.6040955631399317,0.5949579831932772
840.117116393635,531,376,348,644,0.6040955631399317,0.3686274509803922,0.5854465270121278,0.6040955631399317,0.5946248600223965
840.4143838788851,531,377,348,643,0.6040955631399317,0.3696078431372549,0.5848017621145375,0.6040955631399317,0.5942921096810297
840.5502165326326,532,377,347,643,0.6052332195676906,0.3696078431372549,0.5852585258525853,0.6052332195676906,0.5950782997762863
840.703578391129,533,377,346,643,0.6063708759954494,0.3696078431372549,0.5857142857142857,0.6063708759954494,0.5958636109558413
840.7198402717215,534,377,345,643,0.6075085324232082,0.3696078431372549,0.5861690450054885,0.6075085324232082,0.5966480446927375
840.7695844543891,535,377,344,643,0.608646188850967,0.3696078431372549,0.5866228070175439,0.608646188850967,0.5974316024567282
840.8884778902292,536,377,343,643,0.6097838452787259,0.3696078431372549,0.5870755750273823,0.6097838452787259,0.5982142857142858
840.8908669766918,536,378,343,642,0.6097838452787259,0.37058823529411766,0.5864332603938731,0.6097838452787259,0.5978806469604017
840.9190604530207,536,379,343,641,0.6097838452787259,0.3715686274509804,0.585792349726776,0.6097838452787259,0.5975473801560758
840.9558665032733,536,380,343,640,0.6097838452787259,0.37254901960784315,0.5851528384279476,0.6097838452787259,0.5972144846796658
841.0012361084162,536,381,343,639,0.6097838452787259,0.3735294117647059,0.5845147219193021,0.6097838452787259,0.5968819599109132
841.0165417608941,536,382,343,638,0.6097838452787259,0.37450980392156863,0.5838779956427015,0.6097838452787259,0.5965498052309405
841.0262586315214,536,383,343,637,0.6097838452787259,0.37549019607843137,0.5832426550598476,0.6097838452787259,0.596218020022247
841.1019493270957,537,383,342,637,0.6109215017064846,0.37549019607843137,0.5836956521739131,0.6109215017064846,0.5969983324068926
841.1492812815163,538,383,341,637,0.6120591581342435,0.37549019607843137,0.5841476655808904,0.6120591581342435,0.5977777777777777
841.2036609796182,538,384,341,636,0.6120591581342435,0.3764705882352941,0.5835140997830802,0.6120591581342435,0.5974458634092171
841.2529949191733,539,384,340,636,0.6131968145620023,0.3764705882352941,0.5839653304442037,0.6131968145620023,0.5982241953385128
841.2887963010619,539,385,340,635,0.6131968145620023,0.37745098039215685,0.5833333333333334,0.6131968145620023,0.5978924015529673
841.3318996546823,539,386,340,634,0.6131968145620023,0.3784313725490196,0.5827027027027027,0.6131968145620023,0.5975609756097561
841.3569816253616,540,386,339,634,0.6143344709897611,0.3784313725490196,0.5831533477321814,0.6143344709897611,0.5983379501385042
841.3699938230761,541,386,338,634,0.6154721274175199,0.3784313725490196,0.5836030204962244,0.6154721274175199,0.5991140642303433
841.393576178368,541,387,338,633,0.6154721274175199,0.37941176470588234,0.5829741379310345,0.6154721274175199,0.5987825124515772
841.4555517941267,541,388,338,632,0.6154721274175199,0.3803921568627451,0.5823466092572659,0.6154721274175199,0.5984513274336283
841.5051564636303,542,388,337,632,0.6166097838452788,0.3803921568627451,0.5827956989247312,0.6166097838452788,0.5992260917634052
841.5783306204299,542,389,337,631,0.6166097838452788,0.3813725490196078,0.5821697099892589,0.6166097838452788,0.5988950276243094
841.6202353857649,542,390,337,630,0.6166097838452788,0.38235294117647056,0.5815450643776824,0.6166097838452788,0.5985643290999448
841.6237034758851,542,391,337,629,0.6166097838452788,0.38333333333333336,0.5809217577706324,0.6166097838452788,0.598233995584989
841.7003837781867,542,392,337,628,0.6166097838452788,0.3843137254901961,0.5802997858672377,0.6166097838452788,0.5979040264754552
841.8250117766202,542,393,337,627,0.6166097838452788,0.38529411764705884,0.5796791443850268,0.6166097838452788,0.597574421168688
841.856672371274,543,393,336,627,0.6177474402730375,0.38529411764705884,0.5801282051282052,0.6177474402730375,0.5983471074380166
841.8595240599216,543,394,336,626,0.6177474402730375,0.3862745098039216,0.5795090715048026,0.6177474402730375,0.5980176211453745
841.9565613914299,543,395,336,625,0.6177474402730375,0.3872549019607843,0.5788912579957356,0.6177474402730375,0.5976884975233901
842.0150643285357,543,396,336,624,0.6177474402730375,0.38823529411764707,0.5782747603833865,0.6177474402730375,0.5973597359735974
842.1123197767461,543,397,336,623,0.6177474402730375,0.3892156862745098,0.5776595744680851,0.6177474402730375,0.5970313358988456
842.1332494963832,543,398,336,622,0.6177474402730375,0.39019607843137255,0.5770456960680127,0.6177474402730375,0.5967032967032967
842.3307238195683,543,399,336,621,0.6177474402730375,0.3911764705882353,0.5764331210191083,0.6177474402730375,0.5963756177924217
842.3335914221043,544,399,335,621,0.6188850967007964,0.3911764705882353,0.5768822905620361,0.6188850967007964,0.597145993413831
842.4172552884594,544,400,335,620,0.6188850967007964,0.39215686274509803,0.576271186440678,0.6188850967007964,0.5968184311574328
842.4198518214666,544,401,335,619,0.6188850967007964,0.3931372549019608,0.5756613756613757,0.6188850967007964,0.5964912280701755
842.4481799618352,545,401,334,619,0.6200227531285551,0.3931372549019608,0.5761099365750528,0.6200227531285551,0.5972602739726027
842.4494824124356,546,401,333,619,0.621160409556314,0.3931372549019608,0.5765575501583949,0.621160409556314,0.5980284775465499
842.5417954917399,547,401,332,619,0.6222980659840728,0.3931372549019608,0.5770042194092827,0.6222980659840728,0.5987958401751505
842.6013108642323,548,401,331,619,0.6234357224118316,0.3931372549019608,0.5774499473129611,0.6234357224118316,0.5995623632385121
842.6352254962359,549,401,330,619,0.6245733788395904,0.3931372549019608,0.5778947368421052,0.6245733788395904,0.6003280481137233
842.6374205421416,550,401,329,619,0.6257110352673493,0.3931372549019608,0.5783385909568874,0.6257110352673493,0.6010928961748633
842.6636044954845,551,401,328,619,0.626848691695108,0.3931372549019608,0.5787815126050421,0.626848691695108,0.6018569087930093
842.7116234192438,551,402,328,618,0.626848691695108,0.3941176470588235,0.5781741867785939,0.626848691695108,0.601528384279476
842.7722724028845,551,403,328,617,0.626848691695108,0.39509803921568626,0.5775681341719078,0.626848691695108,0.6012002182214947
842.772848350902,551,404,328,616,0.626848691695108,0.396078431372549,0.5769633507853403,0.626848691695108,0.6008724100327153
842.7806971241083,551,405,328,615,0.626848691695108,0.39705882352941174,0.5763598326359832,0.626848691695108,0.6005449591280654
842.9486195098049,551,406,328,614,0.626848691695108,0.3980392156862745,0.5757575757575758,0.626848691695108,0.6002178649237473
842.9504523314301,551,407,328,613,0.626848691695108,0.3990196078431373,0.5751565762004175,0.626848691695108,0.5998911268372346
842.9527463748377,552,407,327,613,0.6279863481228669,0.3990196078431373,0.5755995828988529,0.6279863481228669,0.6006528835690969
843.0700207683255,552,408,327,612,0.6279863481228669,0.4,0.575,0.6279863481228669,0.600326264274062
843.0793776226858,552,409,327,611,0.6279863481228669,0.40098039215686276,0.5744016649323621,0.6279863481228669,0.6000000000000001
843.0901639640097,552,410,327,610,0.6279863481228669,0.4019607843137255,0.5738045738045738,0.6279863481228669,0.5996740901683868
843.1048723251083,552,411,327,609,0.6279863481228669,0.40294117647058825,0.573208722741433,0.6279863481228669,0.5993485342019543
843.1535899210083,552,412,327,608,0.6279863481228669,0.403921568627451,0.5726141078838174,0.6279863481228669,0.599023331524688
843.2090186910303,552,413,327,607,0.6279863481228669,0.40490196078431373,0.572020725388601,0.6279863481228669,0.5986984815618221
843.3203573512847,552,414,327,606,0.6279863481228669,0.40588235294117647,0.5714285714285714,0.6279863481228669,0.5983739837398374
843.3979262417029,553,414,326,606,0.6291240045506257,0.40588235294117647,0.5718717683557394,0.6291240045506257,0.5991332611050921
843.4725789686073,553,415,326,605,0.6291240045506257,0.4068627450980392,0.5712809917355371,0.6291240045506257,0.5988088792636709
843.4800964385611,553,416,326,604,0.6291240045506257,0.40784313725490196,0.5706914344685242,0.6291240045506257,0.5984848484848484
843.4917140785076,553,417,326,603,0.6291240045506257,0.4088235294117647,0.5701030927835051,0.6291240045506257,0.5981611681990264
843.5460499627982,553,418,326,602,0.6291240045506257,0.40980392156862744,0.5695159629248198,0.6291240045506257,0.5978378378378378
843.5643778570645,553,419,326,601,0.6291240045506257,0.4107843137254902,0.5689300411522634,0.6291240045506257,0.5975148568341437
843.578495785566,554,419,325,601,0.6302616609783845,0.4107843137254902,0.5693730729701952,0.6302616609783845,0.5982721382289417
843.5846973660675,555,419,324,601,0.6313993174061433,0.4107843137254902,0.5698151950718686,0.6313993174061433,0.5990286022665947
843.69841725483,555,420,324,600,0.6313993174061433,0.4117647058823529,0.5692307692307692,0.6313993174061433,0.5987055016181229
843.7226579019787,555,421,324,599,0.6313993174061433,0.41274509803921566,0.5686475409836066,0.6313993174061433,0.5983827493261455
843.8451251380213,555,422,324,598,0.6313993174061433,0.4137254901960784,0.5680655066530195,0.6313993174061433,0.5980603448275862
843.8524501160358,556,422,323,598,0.6325369738339022,0.4137254901960784,0.5685071574642127,0.6325369738339022,0.5988152934841142
843.8658968184327,556,423,323,597,0.6325369738339022,0.4147058823529412,0.567926455566905,0.6325369738339022,0.5984930032292788
843.8760831563816,556,424,323,596,0.6325369738339022,0.41568627450980394,0.5673469387755102,0.6325369738339022,0.5981710597095213
843.9073257716746,556,425,323,595,0.6325369738339022,0.4166666666666667,0.5667686034658511,0.6325369738339022,0.5978494623655914
843.9202719548729,556,426,323,594,0.6325369738339022,0.4176470588235294,0.5661914460285132,0.6325369738339022,0.5975282106394411
843.9628322736139,557,426,322,594,0.6336746302616609,0.4176470588235294,0.5666327568667345,0.6336746302616609,0.59828141783029
843.9864347152281,557,427,322,593,0.6336746302616609,0.41862745098039217,0.5660569105691057,0.6336746302616609,0.5979602791196993
844.0100439604792,558,427,321,593,0.6348122866894198,0.41862745098039217,0.566497461928934,0.6348122866894198,0.5987124463519314
844.0124236461215,558,428,321,592,0.6348122866894198,0.4196078431372549,0.565922920892495,0.6348122866894198,0.5983914209115282
844.0536704733745,558,429,321,591,0.6348122866894198,0.42058823529411765,0.5653495440729484,0.6348122866894198,0.5980707395498391
844.0949878506882,558,430,321,590,0.6348122866894198,0.4215686274509804,0.5647773279352226,0.6348122866894198,0.5977504017139798
844.1690317659529,558,431,321,589,0.6348122866894198,0.42254901960784313,0.564206268958544,0.6348122866894198,0.5974304068522484
844.2250358679017,559,431,320,589,0.6359499431171786,0.42254901960784313,0.5646464646464646,0.6359499431171786,0.5981808453718566
844.2820690826591,559,432,320,588,0.6359499431171786,0.4235294117647059,0.5640766902119072,0.6359499431171786,0.597860962566845
844.3849087424774,559,433,320,587,0.6359499431171786,0.4245098039215686,0.563508064516129,0.6359499431171786,0.5975414216996258
844.453574953866,560,433,319,587,0.6370875995449374,0.4245098039215686,0.5639476334340383,0.6370875995449374,0.5982905982905983
844.5240754158995,561,433,318,587,0.6382252559726962,0.4245098039215686,0.5643863179074446,0.6382252559726962,0.599038974906567
844.8075040014596,561,434,318,586,0.6382252559726962,0.42549019607843136,0.563819095477387,0.6382252559726962,0.5987193169690501
844.8905406775337,561,435,318,585,0.6382252559726962,0.4264705882352941,0.5632530120481928,0.6382252559726962,0.5984
844.9987745089164,561,436,318,584,0.6382252559726962,0.42745098039215684,0.5626880641925778,0.6382252559726962,0.5980810234541577
845.052062402646,562,436,317,584,0.6393629124004551,0.42745098039215684,0.56312625250501,0.6393629124004551,0.598827916888652
845.0602032424255,562,437,317,583,0.6393629124004551,0.4284313725490196,0.5625625625625625,0.6393629124004551,0.5985090521831736
845.0604543145222,563,437,316,583,0.6405005688282139,0.4284313725490196,0.563,0.6405005688282139,0.5992549228312932
845.0978277541928,563,438,316,582,0.6405005688282139,0.4294117647058823,0.5624375624375625,0.6405005688282139,0.598936170212766
845.1335078412424,563,439,316,581,0.6405005688282139,0.4303921568627451,0.56187624750499,0.6405005688282139,0.5986177565124934
845.343106090749,564,439,315,581,0.6416382252559727,0.4303921568627451,0.5623130608175474,0.6416382252559727,0.5993623804463338
845.396761726286,565,439,314,581,0.6427758816837316,0.4303921568627451,0.5627490039840638,0.6427758816837316,0.6001062134891132
845.4234108451618,566,439,313,581,0.6439135381114903,0.4303921568627451,0.56318407960199,0.6439135381114903,0.6008492569002122
845.4237732868846,566,440,313,580,0.6439135381114903,0.43137254901960786,0.562624254473161,0.6439135381114903,0.6005305039787798
845.4241126854062,566,441,313,579,0.6439135381114903,0.4323529411764706,0.5620655412115194,0.6439135381114903,0.6002120890774125
845.4474325965925,566,442,313,578,0.6439135381114903,0.43333333333333335,0.5615079365079365,0.6439135381114903,0.5998940116587176
845.4505636892844,566,443,313,577,0.6439135381114903,0.4343137254901961,0.5609514370664024,0.6439135381114903,0.5995762711864406
845.5352607012414,566,444,313,576,0.6439135381114903,0.43529411764705883,0.5603960396039604,0.6439135381114903,0.5992588671254632
845.5816479367835,566,445,313,575,0.6439135381114903,0.4362745098039216,0.559841740850643,0.6439135381114903,0.598941798941799
845.5829869835279,566,446,313,574,0.6439135381114903,0.4372549019607843,0.5592885375494071,0.6439135381114903,0.5986250661025913
845.6628159883734,566,447,313,573,0.6439135381114903,0.43823529411764706,0.558736426456071,0.6439135381114903,0.5983086680761098
845.7193529010108,566,448,313,572,0.6439135381114903,0.4392156862745098,0.5581854043392505,0.6439135381114903,0.5979926043317485
845.8070144294484,566,449,313,571,0.6439135381114903,0.44019607843137254,0.5576354679802956,0.6439135381114903,0.5976768743400211
845.9600876720614,567,449,312,571,0.6450511945392492,0.44019607843137254,0.5580708661417323,0.6450511945392492,0.5984168865435355
845.9757494888634,567,450,312,570,0.6450511945392492,0.4411764705882353,0.5575221238938053,0.6450511945392492,0.5981012658227848
845.976976577242,567,451,312,569,0.6450511945392492,0.442156862745098,0.5569744597249509,0.6450511945392492,0.5977859778597786
846.0223502090419,568,451,311,569,0.646188850967008,0.442156862745098,0.5574092247301276,0.646188850967008,0.5985247629083245
846.0517200719084,569,451,310,569,0.6473265073947668,0.442156862745098,0.557843137254902,0.6473265073947668,0.5992627698788836
846.1313519493641,569,452,310,568,0.6473265073947668,0.44313725490196076,0.5572967678746327,0.6473265073947668,0.5989473684210526
846.2302115464515,569,453,310,567,0.6473265073947668,0.4441176470588235,0.5567514677103719,0.6473265073947668,0.5986322987901105
846.2503533045171,569,454,310,566,0.6473265073947668,0.44509803921568625,0.5562072336265884,0.6473265073947668,0.5983175604626709
846.2821348003462,569,455,310,565,0.6473265073947668,0.44607843137254904,0.5556640625,0.6473265073947668,0.5980031529164478
846.3105954224062,569,456,310,564,0.6473265073947668,0.4470588235294118,0.5551219512195122,0.6473265073947668,0.5976890756302522
846.4428865521484,569,457,310,563,0.6473265073947668,0.44803921568627453,0.5545808966861598,0.6473265073947668,0.5973753280839894
846.5307209550522,570,457,309,563,0.6484641638225256,0.44803921568627453,0.555014605647517,0.6484641638225256,0.5981112277019938
846.5390834309127,571,457,308,563,0.6496018202502845,0.44803921568627453,0.5554474708171206,0.6496018202502845,0.5988463555322496
846.5519130546284,572,457,307,563,0.6507394766780432,0.44803921568627453,0.5558794946550049,0.6507394766780432,0.5995807127882601
846.6789991712126,573,457,306,563,0.6518771331058021,0.44803921568627453,0.5563106796116505,0.6518771331058021,0.6003143006809848
846.7539020134341,574,457,305,563,0.6530147895335608,0.44803921568627453,0.5567410281280311,0.6530147895335608,0.6010471204188481
846.7705351240438,575,457,304,563,0.6541524459613197,0.44803921568627453,0.5571705426356589,0.6541524459613197,0.6017791732077447
846.7746129869855,576,457,303,563,0.6552901023890785,0.44803921568627453,0.5575992255566312,0.6552901023890785,0.602510460251046
846.8074116659252,576,458,303,562,0.6552901023890785,0.44901960784313727,0.5570599613152805,0.6552901023890785,0.6021955044432828
846.8273483668473,576,459,303,561,0.6552901023890785,0.45,0.5565217391304348,0.6552901023890785,0.6018808777429467
846.8805730391243,576,460,303,560,0.6552901023890785,0.45098039215686275,0.555984555984556,0.6552901023890785,0.6015665796344647
846.8975813745703,576,461,303,559,0.6552901023890785,0.4519607843137255,0.5554484088717454,0.6552901023890785,0.6012526096033401
846.9037944290051,576,462,303,558,0.6552901023890785,0.45294117647058824,0.5549132947976878,0.6552901023890785,0.6009389671361501
846.9345510407828,577,462,302,558,0.6564277588168373,0.45294117647058824,0.5553416746871992,0.6564277588168373,0.6016684045881125
847.1092067357438,578,462,301,558,0.6575654152445961,0.45294117647058824,0.5557692307692308,0.6575654152445961,0.6023970818134444
847.1347934073543,578,463,301,557,0.6575654152445961,0.453921568627451,0.5552353506243997,0.6575654152445961,0.6020833333333333
847.143056939713,578,464,301,556,0.6575654152445961,0.4549019607843137,0.5547024952015355,0.6575654152445961,0.6017699115044247
847.2244906447808,578,465,301,555,0.6575654152445961,0.45588235294117646,0.5541706615532119,0.6575654152445961,0.6014568158168575
847.2549680599722,578,466,301,554,0.6575654152445961,0.4568627450980392,0.553639846743295,0.6575654152445961,0.6011440457618306
847.2929130703026,579,466,300,554,0.658703071672355,0.4568627450980392,0.554066985645933,0.658703071672355,0.6018711018711019
847.3293114725047,579,467,300,553,0.658703071672355,0.45784313725490194,0.5535372848948374,0.658703071672355,0.6015584415584415
847.3713808487587,579,468,300,552,0.658703071672355,0.4588235294117647,0.5530085959885387,0.658703071672355,0.6012461059190031
847.4265839557496,579,469,300,551,0.658703071672355,0.4598039215686274,0.5524809160305344,0.658703071672355,0.6009340944473275
847.5337352236397,579,470,300,550,0.658703071672355,0.46078431372549017,0.551954242135367,0.658703071672355,0.6006224066390042
847.5684503082167,579,471,300,549,0.658703071672355,0.46176470588235297,0.5514285714285714,0.658703071672355,0.6003110419906686
847.6722737181441,580,471,299,549,0.6598407281001137,0.46176470588235297,0.5518553758325404,0.6598407281001137,0.6010362694300518
847.7702799372423,580,472,299,548,0.6598407281001137,0.4627450980392157,0.5513307984790875,0.6598407281001137,0.6007250129466597
847.8324526431633,580,473,299,547,0.6598407281001137,0.46372549019607845,0.5508072174738842,0.6598407281001137,0.6004140786749481
847.8616656151667,580,474,299,546,0.6598407281001137,0.4647058823529412,0.5502846299810247,0.6598407281001137,0.6001034661148473
847.902340617533,580,475,299,545,0.6598407281001137,0.46568627450980393,0.5497630331753555,0.6598407281001137,0.5997931747673215
847.9749619803986,581,475,298,545,0.6609783845278726,0.46568627450980393,0.5501893939393939,0.6609783845278726,0.6005167958656331
847.9752809046869,581,476,298,544,0.6609783845278726,0.4666666666666667,0.5496688741721855,0.6609783845278726,0.6002066115702479
847.9986813818668,582,476,297,544,0.6621160409556314,0.4666666666666667,0.5500945179584121,0.6621160409556314,0.6009292720702116
848.0116282573987,582,477,297,543,0.6621160409556314,0.4676470588235294,0.5495750708215298,0.6621160409556314,0.6006191950464397
848.0293636833082,582,478,297,542,0.6621160409556314,0.46862745098039216,0.5490566037735849,0.6621160409556314,0.6003094378545643
848.0531093383944,583,478,296,542,0.6632536973833902,0.46862745098039216,0.5494816211121584,0.6632536973833902,0.6010309278350516
848.1549878789218,583,479,296,541,0.6632536973833902,0.4696078431372549,0.5489642184557438,0.6632536973833902,0.6007212776919113
848.175203313708,583,480,296,540,0.6632536973833902,0.47058823529411764,0.548447789275635,0.6632536973833902,0.6004119464469618
848.2148363215385,584,480,295,540,0.664391353811149,0.47058823529411764,0.5488721804511278,0.664391353811149,0.6011322696860525
848.2356328198542,584,481,295,539,0.664391353811149,0.4715686274509804,0.5483568075117371,0.664391353811149,0.6008230452674898
848.2646898218038,585,481,294,539,0.6655290102389079,0.4715686274509804,0.5487804878048781,0.6655290102389079,0.6015424164524422
848.2661996331574,585,482,294,538,0.6655290102389079,0.4725490196078431,0.5482661668228679,0.6655290102389079,0.6012332990750259
848.2935500413685,585,483,294,537,0.6655290102389079,0.47352941176470587,0.547752808988764,0.6655290102389079,0.600924499229584
848.3033690186234,585,484,294,536,0.6655290102389079,0.4745098039215686,0.5472404115996258,0.6655290102389079,0.6006160164271047
848.3871714666953,585,485,294,535,0.6655290102389079,0.47549019607843135,0.5467289719626168,0.6655290102389079,0.6003078501795793
848.4241544312506,586,485,293,535,0.6666666666666666,0.47549019607843135,0.5471521942110178,0.6666666666666666,0.6010256410256409
848.4316729502929,586,486,293,534,0.6666666666666666,0.4764705882352941,0.5466417910447762,0.6666666666666666,0.6007175807278319
848.4583863154361,587,486,292,534,0.6678043230944255,0.4764705882352941,0.5470643056849953,0.6678043230944255,0.6014344262295082
848.5091606196662,587,487,292,533,0.6678043230944255,0.4774509803921569,0.5465549348230913,0.6678043230944255,0.6011264720942141
848.5239048308893,588,487,291,533,0.6689419795221843,0.4774509803921569,0.5469767441860465,0.6689419795221843,0.601842374616172
848.5504407281242,589,487,290,533,0.6700796359499431,0.4774509803921569,0.5473977695167286,0.6700796359499431,0.6025575447570332
848.5760915217444,589,488,290,532,0.6700796359499431,0.47843137254901963,0.5468895078922934,0.6700796359499431,0.6022494887525562
848.5997126090804,590,488,289,532,0.6712172923777019,0.47843137254901963,0.5473098330241187,0.6712172923777019,0.6029637199795606
848.604963353121,590,489,289,531,0.6712172923777019,0.47941176470588237,0.5468025949953661,0.6712172923777019,0.6026557711950971
848.7060506618592,590,490,289,530,0.6712172923777019,0.4803921568627451,0.5462962962962963,0.6712172923777019,0.6023481368044921
848.7333257592466,590,491,289,529,0.6712172923777019,0.48137254901960785,0.545790934320074,0.6712172923777019,0.6020408163265306
848.7679128527393,590,492,289,528,0.6712172923777019,0.4823529411764706,0.5452865064695009,0.6712172923777019,0.601733809280979
848.7917511126451,590,493,289,527,0.6712172923777019,0.48333333333333334,0.5447830101569714,0.6712172923777019,0.601427115188583
848.8158888909288,590,494,289,526,0.6712172923777019,0.4843137254901961,0.544280442804428,0.6712172923777019,0.6011207335710647
848.8203478745762,591,494,288,526,0.6723549488054608,0.4843137254901961,0.5447004608294931,0.6723549488054608,0.6018329938900204
848.8722159868737,592,494,287,526,0.6734926052332195,0.4843137254901961,0.5451197053406999,0.6734926052332195,0.6025445292620866
848.8891511064278,592,495,287,525,0.6734926052332195,0.4852941176470588,0.5446182152713891,0.6734926052332195,0.602238046795524
848.8990288795903,593,495,286,525,0.6746302616609784,0.4852941176470588,0.5450367647058824,0.6746302616609784,0.6029486527707169
848.9021230635029,594,495,285,525,0.6757679180887372,0.4852941176470588,0.5454545454545454,0.6757679180887372,0.6036585365853658
848.9053356854182,595,495,284,525,0.676905574516496,0.4852941176470588,0.5458715596330275,0.676905574516496,0.6043676993397664
848.9090022704038,595,496,284,524,0.676905574516496,0.48627450980392156,0.5453712190650779,0.676905574516496,0.6040609137055838
848.9136120244399,595,497,284,523,0.676905574516496,0.4872549019607843,0.5448717948717948,0.676905574516496,0.6037544393708777
848.9841206034748,595,498,284,522,0.676905574516496,0.48823529411764705,0.5443732845379688,0.676905574516496,0.603448275862069
848.9897387816575,595,499,284,521,0.676905574516496,0.4892156862745098,0.5438756855575868,0.676905574516496,0.6031424227065383
849.010137178057,595,500,284,520,0.676905574516496,0.49019607843137253,0.54337899543379,0.676905574516496,0.6028368794326242
849.0455550143097,595,501,284,519,0.676905574516496,0.49117647058823527,0.5428832116788321,0.676905574516496,0.6025316455696202
849.0678868610627,596,501,283,519,0.6780432309442548,0.49117647058823527,0.5432999088422972,0.6780432309442548,0.6032388663967612
849.0941115944471,596,502,283,518,0.6780432309442548,0.492156862745098,0.5428051001821493,0.6780432309442548,0.6029337379868487
849.1757591225708,597,502,282,518,0.6791808873720137,0.492156862745098,0.543221110100091,0.6791808873720137,0.6036400404448939
849.3178404901182,598,502,281,518,0.6803185437997725,0.492156862745098,0.5436363636363636,0.6803185437997725,0.604345629105609
849.3249948522151,599,502,280,518,0.6814562002275313,0.492156862745098,0.5440508628519528,0.6814562002275313,0.605050505050505
849.332966496418,600,502,279,518,0.6825938566552902,0.492156862745098,0.5444646098003629,0.6825938566552902,0.6057546693589096
849.4243150076278,601,502,278,518,0.6837315130830489,0.492156862745098,0.5448776065276518,0.6837315130830489,0.6064581231079718
849.4850093919227,602,502,277,518,0.6848691695108078,0.492156862745098,0.5452898550724637,0.6848691695108078,0.6071608673726677
849.5640856629045,602,503,277,517,0.6848691695108078,0.4931372549019608,0.5447963800904977,0.6848691695108078,0.6068548387096774
849.5763901268513,602,504,277,516,0.6848691695108078,0.49411764705882355,0.5443037974683544,0.6848691695108078,0.6065491183879094
849.5839268310145,602,505,277,515,0.6848691695108078,0.4950980392156863,0.5438121047877146,0.6848691695108078,0.6062437059415912
849.6004725405398,603,505,276,515,0.6860068259385665,0.4950980392156863,0.5442238267148014,0.6860068259385665,0.60694514343231
849.6115251799546,604,505,275,515,0.6871444823663254,0.4950980392156863,0.5446348061316502,0.6871444823663254,0.607645875251509
849.6433815203602,604,506,275,514,0.6871444823663254,0.49607843137254903,0.5441441441441441,0.6871444823663254,0.6073403720462545
849.6743985571828,604,507,275,513,0.6871444823663254,0.4970588235294118,0.5436543654365437,0.6871444823663254,0.607035175879397
849.7118567668327,604,508,275,512,0.6871444823663254,0.4980392156862745,0.5431654676258992,0.6871444823663254,0.6067302862882974
849.7857911147368,604,509,275,511,0.6871444823663254,0.49901960784313726,0.5426774483378257,0.6871444823663254,0.606425702811245
849.8979115232738,605,509,274,511,0.6882821387940842,0.49901960784313726,0.5430879712746858,0.6882821387940842,0.6071249372804817
849.9776019787422,605,510,274,510,0.6882821387940842,0.5,0.5426008968609866,0.6882821387940842,0.6068204613841525
850.0757558106031,605,511,274,509,0.6882821387940842,0.5009803921568627,0.5421146953405018,0.6882821387940842,0.606516290726817
850.0976920539722,605,512,274,508,0.6882821387940842,0.5019607843137255,0.5416293643688451,0.6882821387940842,0.6062124248496994
850.1636663959231,605,513,274,507,0.6882821387940842,0.5029411764705882,0.5411449016100179,0.6882821387940842,0.6059088632949424
850.1845314744734,606,513,273,507,0.689419795221843,0.5029411764705882,0.5415549597855228,0.689419795221843,0.6066066066066067
850.1872069987866,606,514,273,506,0.689419795221843,0.503921568627451,0.5410714285714285,0.689419795221843,0.6063031515757878
850.2138608079816,606,515,273,505,0.689419795221843,0.5049019607843137,0.5405887600356825,0.689419795221843,0.6060000000000001
850.255460951105,606,516,273,504,0.689419795221843,0.5058823529411764,0.5401069518716578,0.689419795221843,0.605697151424288
850.350682240914,606,517,273,503,0.689419795221843,0.5068627450980392,0.5396260017809439,0.689419795221843,0.6053946053946053
850.3695217993868,606,518,273,502,0.689419795221843,0.5078431372549019,0.5391459074733096,0.689419795221843,0.6050923614578133
850.374588910288,606,519,273,501,0.689419795221843,0.5088235294117647,0.5386666666666666,0.689419795221843,0.6047904191616766
850.3752016788844,606,520,273,500,0.689419795221843,0.5098039215686274,0.5381882770870338,0.689419795221843,0.604488778054863
850.383840480059,607,520,272,500,0.6905574516496018,0.5098039215686274,0.5385980479148181,0.6905574516496018,0.6051844466600199
850.390264230995,608,520,271,500,0.6916951080773607,0.5098039215686274,0.5390070921985816,0.6916951080773607,0.6058794220229198
850.4023286459231,608,521,271,499,0.6916951080773607,0.5107843137254902,0.5385296722763507,0.6916951080773607,0.6055776892430279
850.4436587987042,608,522,271,498,0.6916951080773607,0.5117647058823529,0.5380530973451327,0.6916951080773607,0.605276256844201
850.4818633923206,608,523,271,497,0.6916951080773607,0.5127450980392156,0.537577365163572,0.6916951080773607,0.6049751243781094
850.4832523869732,608,524,271,496,0.6916951080773607,0.5137254901960784,0.5371024734982333,0.6916951080773607,0.6046742913973148
850.4920428104056,608,525,271,495,0.6916951080773607,0.5147058823529411,0.5366284201235657,0.6916951080773607,0.6043737574552683
850.5087772997076,608,526,271,494,0.6916951080773607,0.515686274509804,0.5361552028218695,0.6916951080773607,0.604073522106309
850.5341567251479,609,526,270,494,0.6928327645051194,0.515686274509804,0.5365638766519824,0.6928327645051194,0.6047666335650447
850.5387627361802,609,527,270,493,0.6928327645051194,0.5166666666666667,0.5360915492957746,0.6928327645051194,0.6044665012406948
850.6203670806728,609,528,270,492,0.6928327645051194,0.5176470588235295,0.5356200527704486,0.6928327645051194,0.6041666666666666
850.6292799902105,609,529,270,491,0.6928327645051194,0.5186274509803922,0.5351493848857645,0.6928327645051194,0.603867129400099
850.6437922814015,610,529,269,491,0.6939704209328783,0.5186274509803922,0.5355575065847235,0.6939704209328783,0.6045589692765113
850.6759513887848,610,530,269,490,0.6939704209328783,0.5196078431372549,0.5350877192982456,0.6939704209328783,0.6042595344229817
850.7836969153341,610,531,269,489,0.6939704209328783,0.5205882352941177,0.5346187554776511,0.6939704209328783,0.6039603960396039
850.8930098390088,611,531,268,489,0.6951080773606371,0.5205882352941177,0.5350262697022767,0.6951080773606371,0.6046511627906977
850.9198146797366,611,532,268,488,0.6951080773606371,0.5215686274509804,0.5345581802274716,0.6951080773606371,0.6043521266073196
850.9947504503996,611,533,268,487,0.6951080773606371,0.5225490196078432,0.5340909090909091,0.6951080773606371,0.6040533860603066
851.049689648054,612,533,267,487,0.6962457337883959,0.5225490196078432,0.5344978165938865,0.6962457337883959,0.6047430830039527
851.0890883411083,612,534,267,486,0.6962457337883959,0.5235294117647059,0.5340314136125655,0.6962457337883959,0.6044444444444446
851.0977340041048,613,534,266,486,0.6973833902161547,0.5235294117647059,0.5344376634699215,0.6973833902161547,0.6051332675222112
851.1235956961922,613,535,266,485,0.6973833902161547,0.5245098039215687,0.5339721254355401,0.6973833902161547,0.6048347311297483
851.1522814596811,613,536,266,484,0.6973833902161547,0.5254901960784314,0.5335073977371627,0.6973833902161547,0.6045364891518737
851.1794030227416,614,536,265,484,0.6985210466439136,0.5254901960784314,0.5339130434782609,0.6985210466439136,0.6052242483982258
851.1881231847324,614,537,265,483,0.6985210466439136,0.5264705882352941,0.5334491746307559,0.6985210466439136,0.6049261083743843
851.2271520681729,615,537,264,483,0.6996587030716723,0.5264705882352941,0.5338541666666666,0.6996587030716723,0.6056129985228951
851.2786383922519,616,537,263,483,0.7007963594994312,0.5264705882352941,0.5342584562012143,0.7007963594994312,0.6062992125984252
851.2857284442119,616,538,263,482,0.7007963594994312,0.5274509803921569,0.5337954939341422,0.7007963594994312,0.6060009837678308
851.2976092137673,616,539,263,481,0.7007963594994312,0.5284313725490196,0.5333333333333333,0.7007963594994312,0.6057030481809242
851.3350825464211,617,539,262,481,0.70193401592719,0.5284313725490196,0.5337370242214533,0.70193401592719,0.6063882063882063
851.3611916030649,617,540,262,480,0.70193401592719,0.5294117647058824,0.533275713050994,0.70193401592719,0.6060903732809431
851.384018478297,617,541,262,479,0.70193401592719,0.5303921568627451,0.5328151986183074,0.70193401592719,0.6057928325969564
851.3901383766802,617,542,262,478,0.70193401592719,0.5313725490196078,0.5323554788610871,0.70193401592719,0.6054955839057901
851.4242112754283,617,543,262,477,0.70193401592719,0.5323529411764706,0.531896551724138,0.70193401592719,0.6051986267778322
851.4305442311796,617,544,262,476,0.70193401592719,0.5333333333333333,0.5314384151593454,0.70193401592719,0.6049019607843137
851.4740855938792,617,545,262,475,0.70193401592719,0.5343137254901961,0.5309810671256454,0.70193401592719,0.6046055854973051
851.5269735888113,617,546,262,474,0.70193401592719,0.5352941176470588,0.530524505588994,0.70193401592719,0.6043095004897161
851.5305866249862,617,547,262,473,0.70193401592719,0.5362745098039216,0.5300687285223368,0.70193401592719,0.6040137053352912
851.6089275164283,618,547,261,473,0.7030716723549488,0.5362745098039216,0.5304721030042918,0.7030716723549488,0.6046966731898239
851.6611849472246,618,548,261,472,0.7030716723549488,0.5372549019607843,0.5300171526586621,0.7030716723549488,0.6044009779951101
851.6777975747785,618,549,261,471,0.7030716723549488,0.538235294117647,0.5295629820051414,0.7030716723549488,0.6041055718475073
851.6859846395466,619,549,260,471,0.7042093287827076,0.538235294117647,0.5299657534246576,0.7042093287827076,0.6047874938935027
851.7275245897765,620,549,259,471,0.7053469852104665,0.538235294117647,0.5303678357570573,0.7053469852104665,0.60546875
851.7925583485195,620,550,259,470,0.7053469852104665,0.5392156862745098,0.5299145299145299,0.7053469852104665,0.6051732552464617
851.7948958223194,621,550,258,470,0.7064846416382252,0.5392156862745098,0.5303159692570453,0.7064846416382252,0.6058536585365853
851.8196548428897,621,551,258,469,0.7064846416382252,0.5401960784313725,0.5298634812286689,0.7064846416382252,0.605558264261336
851.8241098258583,621,552,258,468,0.7064846416382252,0.5411764705882353,0.5294117647058824,0.7064846416382252,0.6052631578947368
851.8485859434182,622,552,257,468,0.7076222980659841,0.5411764705882353,0.5298126064735945,0.7076222980659841,0.6059425231368728
851.8512551445547,622,553,257,467,0.7076222980659841,0.542156862745098,0.5293617021276595,0.7076222980659841,0.605647517039922
851.8767666062192,622,554,257,466,0.7076222980659841,0.5431372549019607,0.5289115646258503,0.7076222980659841,0.6053527980535279
851.8819256207214,622,555,257,465,0.7076222980659841,0.5441176470588235,0.5284621920135939,0.7076222980659841,0.6050583657587549
851.9319356428957,623,555,256,465,0.7087599544937428,0.5441176470588235,0.5288624787775892,0.7087599544937428,0.6057365094798249
851.9705889224272,623,556,256,464,0.7087599544937428,0.5450980392156862,0.5284139100932994,0.7087599544937428,0.6054421768707483
852.0228015804935,623,557,256,463,0.7087599544937428,0.546078431372549,0.5279661016949152,0.7087599544937428,0.6051481301602719
852.0433608353599,623,558,256,462,0.7087599544937428,0.5470588235294118,0.5275190516511431,0.7087599544937428,0.6048543689320387
852.061860180301,623,559,256,461,0.7087599544937428,0.5480392156862746,0.5270727580372251,0.7087599544937428,0.6045608927704998
852.0824870331659,623,560,256,460,0.7087599544937428,0.5490196078431373,0.5266272189349113,0.7087599544937428,0.6042677012609117
852.1311938289183,623,561,256,459,0.7087599544937428,0.55,0.5261824324324325,0.7087599544937428,0.603974793989336
852.1562790500931,623,562,256,458,0.7087599544937428,0.5509803921568628,0.5257383966244725,0.7087599544937428,0.6036821705426357
852.1612475409977,624,562,255,458,0.7098976109215017,0.5509803921568628,0.5261382799325464,0.7098976109215017,0.6043583535108958
852.1703026327904,624,563,255,457,0.7098976109215017,0.5519607843137255,0.5256950294860994,0.7098976109215017,0.6040658276863503
852.226469613787,624,564,255,456,0.7098976109215017,0.5529411764705883,0.5252525252525253,0.7098976109215017,0.6037735849056604
852.2322277241149,624,565,255,455,0.7098976109215017,0.553921568627451,0.5248107653490328,0.7098976109215017,0.6034816247582205
852.271913622357,625,565,254,455,0.7110352673492605,0.553921568627451,0.5252100840336135,0.7110352673492605,0.6041565973900436
852.2971693320367,626,565,253,455,0.7121729237770194,0.553921568627451,0.5256087321578505,0.7121729237770194,0.604830917874396
852.324657653456,626,566,253,454,0.7121729237770194,0.5549019607843138,0.5251677852348994,0.7121729237770194,0.6045388701110576
852.33984981551,627,566,252,454,0.7133105802047781,0.5549019607843138,0.5255658005029338,0.7133105802047781,0.6052123552123552
852.3675463728484,627,567,252,453,0.7133105802047781,0.5558823529411765,0.5251256281407035,0.7133105802047781,0.6049204052098408
852.3733090162522,628,567,251,453,0.714448236632537,0.5558823529411765,0.5255230125523013,0.714448236632537,0.6055930568948892
852.3897177627525,628,568,251,452,0.714448236632537,0.5568627450980392,0.5250836120401338,0.714448236632537,0.6053012048192771
852.3917970388088,628,569,251,451,0.714448236632537,0.557843137254902,0.5246449456975772,0.714448236632537,0.6050096339113681
852.4162116899435,628,570,251,450,0.714448236632537,0.5588235294117647,0.5242070116861436,0.714448236632537,0.6047183437650457
852.5034000520137,628,571,251,449,0.714448236632537,0.5598039215686275,0.5237698081734778,0.714448236632537,0.6044273339749759
852.5200806907505,628,572,251,448,0.714448236632537,0.5607843137254902,0.5233333333333333,0.714448236632537,0.6041366041366042
852.5744796985584,629,572,250,448,0.7155858930602957,0.5607843137254902,0.5237302248126561,0.7155858930602957,0.6048076923076922
852.6929645457562,630,572,249,448,0.7167235494880546,0.5607843137254902,0.5241264559068219,0.7167235494880546,0.6054781355117731
852.7573912104704,630,573,249,447,0.7167235494880546,0.5617647058823529,0.5236907730673317,0.7167235494880546,0.6051873198847263
852.7826754002048,631,573,248,447,0.7178612059158134,0.5617647058823529,0.5240863787375415,0.7178612059158134,0.6058569371099376
852.7845557945749,632,573,247,447,0.7189988623435722,0.5617647058823529,0.5244813278008299,0.7189988623435722,0.6065259117082533
852.8475789915464,633,573,246,447,0.7201365187713311,0.5617647058823529,0.5248756218905473,0.7201365187713311,0.6071942446043166
852.8651798653442,633,574,246,446,0.7201365187713311,0.5627450980392157,0.5244407622203812,0.7201365187713311,0.606903163950144
852.8967379514335,633,575,246,445,0.7201365187713311,0.5637254901960784,0.5240066225165563,0.7201365187713311,0.6066123622424533
852.9307517489539,634,575,245,445,0.7212741751990899,0.5637254901960784,0.5244003308519437,0.7212741751990899,0.6072796934865899
852.9473581344125,634,576,245,444,0.7212741751990899,0.5647058823529412,0.5239669421487604,0.7212741751990899,0.6069889899473433
852.953219281746,635,576,244,444,0.7224118316268487,0.5647058823529412,0.5243600330305532,0.7224118316268487,0.6076555023923446
852.9680887167393,635,577,244,443,0.7224118316268487,0.5656862745098039,0.5239273927392739,0.7224118316268487,0.6073648971783835
852.9950195052425,635,578,244,442,0.7224118316268487,0.5666666666666667,0.5234954657873042,0.7224118316268487,0.607074569789675
853.0354412683522,636,578,243,442,0.7235494880546075,0.5666666666666667,0.5238879736408567,0.7235494880546075,0.6077400860009556
853.057781619166,636,579,243,441,0.7235494880546075,0.5676470588235294,0.5234567901234568,0.7235494880546075,0.6074498567335243
853.0662748554626,636,580,243,440,0.7235494880546075,0.5686274509803921,0.5230263157894737,0.7235494880546075,0.6071599045346062
853.1671741986837,636,581,243,439,0.7235494880546075,0.5696078431372549,0.5225965488907148,0.7235494880546075,0.6068702290076335
853.2083518565563,637,581,242,439,0.7246871444823664,0.5696078431372549,0.5229885057471264,0.7246871444823664,0.6075345731998093
853.2204055425661,637,582,242,438,0.7246871444823664,0.5705882352941176,0.5225594749794914,0.7246871444823664,0.6072449952335557
853.23360124381,638,582,241,438,0.7258248009101251,0.5705882352941176,0.5229508196721312,0.7258248009101251,0.6079085278704145
853.2500917386504,638,583,241,437,0.7258248009101251,0.5715686274509804,0.5225225225225225,0.7258248009101251,0.6076190476190476
853.2666905891871,638,584,241,436,0.7258248009101251,0.5725490196078431,0.5220949263502455,0.7258248009101251,0.6073298429319371
853.3088014962914,638,585,241,435,0.7258248009101251,0.5735294117647058,0.5216680294358136,0.7258248009101251,0.6070409134157945
853.3224162574439,639,585,240,435,0.726962457337884,0.5735294117647058,0.5220588235294118,0.726962457337884,0.6077032810271041
853.3372804828056,640,585,239,435,0.7281001137656428,0.5735294117647058,0.5224489795918368,0.7281001137656428,0.6083650190114069
853.3629419185704,641,585,238,435,0.7292377701934016,0.5735294117647058,0.5228384991843393,0.7292377701934016,0.6090261282660333
853.3688446246646,641,586,238,434,0.7292377701934016,0.5745098039215686,0.5224123879380603,0.7292377701934016,0.6087369420702754
853.5315199106514,642,586,237,434,0.7303754266211604,0.5745098039215686,0.5228013029315961,0.7303754266211604,0.6093972472710014
853.5891789790086,642,587,237,433,0.7303754266211604,0.5754901960784313,0.5223759153783564,0.7303754266211604,0.6091081593927894
853.6502729316833,642,588,237,432,0.7303754266211604,0.5764705882352941,0.5219512195121951,0.7303754266211604,0.6088193456614509
853.6510886543525,642,589,237,431,0.7303754266211604,0.5774509803921568,0.5215272136474411,0.7303754266211604,0.6085308056872039
853.758635640989,642,590,237,430,0.7303754266211604,0.5784313725490197,0.5211038961038961,0.7303754266211604,0.6082425390810042
853.8411738626528,643,590,236,430,0.7315130830489193,0.5784313725490197,0.5214922952149229,0.7315130830489193,0.6089015151515151
853.8491126588366,644,590,235,430,0.732650739476678,0.5784313725490197,0.5218800648298217,0.732650739476678,0.6095598674869853
853.8629818913213,644,591,235,429,0.732650739476678,0.5794117647058824,0.5214574898785425,0.732650739476678,0.6092715231788078
853.8724336351728,644,592,235,428,0.732650739476678,0.5803921568627451,0.5210355987055016,0.732650739476678,0.608983451536643
853.9241495487944,644,593,235,427,0.732650739476678,0.5813725490196079,0.5206143896523848,0.732650739476678,0.6086956521739131
853.9766108167021,644,594,235,426,0.732650739476678,0.5823529411764706,0.5201938610662359,0.732650739476678,0.6084081247047709
853.9925771437471,644,595,235,425,0.732650739476678,0.5833333333333334,0.519774011299435,0.732650739476678,0.6081208687440982
854.0350007755761,645,595,234,425,0.7337883959044369,0.5833333333333334,0.5201612903225806,0.7337883959044369,0.6087777253421426
854.0740983692741,645,596,234,424,0.7337883959044369,0.5843137254901961,0.5197421434327155,0.7337883959044369,0.6084905660377359
854.1442611502232,645,597,234,423,0.7337883959044369,0.5852941176470589,0.5193236714975845,0.7337883959044369,0.6082036775106081
854.1802023662881,645,598,234,422,0.7337883959044369,0.5862745098039216,0.5189058728881738,0.7337883959044369,0.6079170593779454
854.2244855034983,645,599,234,421,0.7337883959044369,0.5872549019607843,0.5184887459807074,0.7337883959044369,0.6076307112576542
854.3561289542753,645,600,234,420,0.7337883959044369,0.5882352941176471,0.5180722891566265,0.7337883959044369,0.6073446327683616
854.356820196547,645,601,234,419,0.7337883959044369,0.5892156862745098,0.5176565008025682,0.7337883959044369,0.6070588235294118
854.387235560579,646,601,233,419,0.7349260523321957,0.5892156862745098,0.5180433039294307,0.7349260523321957,0.607714016933208
854.4044256528206,646,602,233,418,0.7349260523321957,0.5901960784313726,0.5176282051282052,0.7349260523321957,0.6074283027738598
854.4053550515389,647,602,232,418,0.7360637087599545,0.5901960784313726,0.5180144115292233,0.7360637087599545,0.6080827067669172
854.5182094772804,648,602,231,418,0.7372013651877133,0.5901960784313726,0.5184,0.7372013651877133,0.6087364960075152
854.5420744861939,648,603,231,417,0.7372013651877133,0.5911764705882353,0.5179856115107914,0.7372013651877133,0.6084507042253521
854.6347141953929,649,603,230,417,0.7383390216154722,0.5911764705882353,0.518370607028754,0.7383390216154722,0.6091037071797278
854.6378159598661,649,604,230,416,0.7383390216154722,0.592156862745098,0.5179569034317638,0.7383390216154722,0.6088180112570357
854.6633270504499,649,605,230,415,0.7383390216154722,0.5931372549019608,0.5175438596491229,0.7383390216154722,0.6085325832161276
854.7377486269592,649,606,230,414,0.7383390216154722,0.5941176470588235,0.5171314741035856,0.7383390216154722,0.6082474226804124
854.7488946580261,650,606,229,414,0.7394766780432309,0.5941176470588235,0.517515923566879,0.7394766780432309,0.6088992974238875
854.8054052275284,651,606,228,414,0.7406143344709898,0.5941176470588235,0.5178997613365155,0.7406143344709898,0.6095505617977528
854.8272848563652,651,607,228,413,0.7406143344709898,0.5950980392156863,0.5174880763116058,0.7406143344709898,0.6092653252222743
854.8407462911367,651,608,228,412,0.7406143344709898,0.596078431372549,0.517077045274027,0.7406143344709898,0.6089803554724041
854.8456690455297,652,608,227,412,0.7417519908987485,0.596078431372549,0.5174603174603175,0.7417519908987485,0.6096306685366994
854.903304811779,652,609,227,411,0.7417519908987485,0.5970588235294118,0.5170499603489295,0.7417519908987485,0.6093457943925233
854.9033839510117,652,610,227,410,0.7417519908987485,0.5980392156862745,0.5166402535657686,0.7417519908987485,0.6090611863615132
854.9461891979144,653,610,226,410,0.7428896473265074,0.5980392156862745,0.5170229612034838,0.7428896473265074,0.6097105508870215
854.9701546225997,654,610,225,410,0.7440273037542662,0.5980392156862745,0.5174050632911392,0.7440273037542662,0.6103593093793748
854.9749057585086,654,611,225,409,0.7440273037542662,0.5990196078431372,0.51699604743083,0.7440273037542662,0.6100746268656715
854.9992387383318,655,611,224,409,0.745164960182025,0.5990196078431372,0.5173775671406003,0.745164960182025,0.6107226107226107
854.9994039085384,655,612,224,408,0.745164960182025,0.6,0.5169692186266772,0.745164960182025,0.6104380242311278
855.0210850186005,655,613,224,407,0.745164960182025,0.6009803921568627,0.5165615141955836,0.745164960182025,0.6101537028411738
855.0212323664182,655,614,224,406,0.745164960182025,0.6019607843137255,0.5161544523246651,0.745164960182025,0.6098696461824954
855.1887015377225,656,614,223,406,0.7463026166097838,0.6019607843137255,0.5165354330708661,0.7463026166097838,0.6105165193113076
855.1947432015054,656,615,223,405,0.7463026166097838,0.6029411764705882,0.5161290322580645,0.7463026166097838,0.6102325581395349
855.2022815609582,656,616,223,404,0.7463026166097838,0.6039215686274509,0.5157232704402516,0.7463026166097838,0.6099488609948861
855.2085313870919,657,616,222,404,0.7474402730375427,0.6039215686274509,0.5161036920659858,0.7474402730375427,0.6105947955390334
855.2151899077686,658,616,221,404,0.7485779294653014,0.6039215686274509,0.5164835164835165,0.7485779294653014,0.6112401300510915
855.2257281765201,659,616,220,404,0.7497155858930603,0.6039215686274509,0.5168627450980392,0.7497155858930603,0.6118848653667596
855.2298253632249,659,617,220,403,0.7497155858930603,0.6049019607843137,0.5164576802507836,0.7497155858930603,0.6116009280742458
855.2648482520733,659,618,220,402,0.7497155858930603,0.6058823529411764,0.5160532498042286,0.7497155858930603,0.611317254174397
855.3652819930428,659,619,220,401,0.7497155858930603,0.6068627450980392,0.5156494522691706,0.7497155858930603,0.611033843300881
855.3780663945804,659,620,220,400,0.7497155858930603,0.6078431372549019,0.5152462861610634,0.7497155858930603,0.6107506950880446
855.4106904411466,659,621,220,399,0.7497155858930603,0.6088235294117647,0.51484375,0.7497155858930603,0.6104678091709125
855.462924656837,660,621,219,399,0.7508532423208191,0.6088235294117647,0.5152224824355972,0.7508532423208191,0.611111111111111
855.4741821530706,660,622,219,398,0.7508532423208191,0.6098039215686275,0.514820592823713,0.7508532423208191,0.6108283202221194
855.5262743957389,661,622,218,398,0.7519908987485779,0.6098039215686275,0.5151987529228371,0.7519908987485779,0.6114708603145236
855.5376924676865,662,622,217,398,0.7531285551763367,0.6098039215686275,0.5155763239875389,0.7531285551763367,0.6121128062875636
855.5499730749893,662,623,217,397,0.7531285551763367,0.6107843137254902,0.5151750972762645,0.7531285551763367,0.6118299445471349
855.5537107304818,663,623,216,397,0.7542662116040956,0.6107843137254902,0.5155520995334371,0.7542662116040956,0.612471131639723
855.6040344786522,663,624,216,396,0.7542662116040956,0.611764705882353,0.5151515151515151,0.7542662116040956,0.6121883656509696
855.6628170210058,663,625,216,395,0.7542662116040956,0.6127450980392157,0.514751552795031,0.7542662116040956,0.6119058606368252
855.6817543705632,664,625,215,395,0.7554038680318543,0.6127450980392157,0.5151280062063616,0.7554038680318543,0.6125461254612546
855.7527275272757,664,626,215,394,0.7554038680318543,0.6137254901960785,0.5147286821705427,0.7554038680318543,0.6122637159981559
855.7662578061256,664,627,215,393,0.7554038680318543,0.6147058823529412,0.5143299767621998,0.7554038680318543,0.6119815668202765
855.7686682980482,664,628,215,392,0.7554038680318543,0.615686274509804,0.5139318885448917,0.7554038680318543,0.6116996775679411
855.7954701546013,665,628,214,392,0.7565415244596132,0.615686274509804,0.51430781129157,0.7565415244596132,0.6123388581952118
855.8112621101934,665,629,214,391,0.7565415244596132,0.6166666666666667,0.5139103554868625,0.7565415244596132,0.6120570639668661
855.8885360781179,666,629,213,391,0.757679180887372,0.6166666666666667,0.5142857142857142,0.757679180887372,0.6126954921803127
855.9387466873125,666,630,213,390,0.757679180887372,0.6176470588235294,0.5138888888888888,0.757679180887372,0.6124137931034482
855.94447757649,667,630,212,390,0.7588168373151308,0.6176470588235294,0.5142636854279106,0.7588168373151308,0.6130514705882353
855.9498952639784,667,631,212,389,0.7588168373151308,0.6186274509803922,0.5138674884437596,0.7588168373151308,0.6127698667891593
855.9794126177846,667,632,212,388,0.7588168373151308,0.6196078431372549,0.5134719014626636,0.7588168373151308,0.6124885215794307
855.9868974340977,667,633,212,387,0.7588168373151308,0.6205882352941177,0.5130769230769231,0.7588168373151308,0.612207434603029
855.987227462586,667,634,212,386,0.7588168373151308,0.6215686274509804,0.5126825518831668,0.7588168373151308,0.6119266055045872
855.9886060309005,667,635,212,385,0.7588168373151308,0.6225490196078431,0.5122887864823349,0.7588168373151308,0.6116460339293903
855.9983160238439,667,636,212,384,0.7588168373151308,0.6235294117647059,0.5118956254796623,0.7588168373151308,0.611365719523373
856.051710372811,667,637,212,383,0.7588168373151308,0.6245098039215686,0.5115030674846626,0.7588168373151308,0.6110856619331195
856.0656639542121,667,638,212,382,0.7588168373151308,0.6254901960784314,0.5111111111111111,0.7588168373151308,0.6108058608058607
856.0974855417476,667,639,212,381,0.7588168373151308,0.6264705882352941,0.5107197549770292,0.7588168373151308,0.6105263157894738
856.0989742175598,667,640,212,380,0.7588168373151308,0.6274509803921569,0.5103289977046672,0.7588168373151308,0.6102470265324794
856.1066014028447,667,641,212,379,0.7588168373151308,0.6284313725490196,0.5099388379204893,0.7588168373151308,0.6099679926840421
856.1148060016942,667,642,212,378,0.7588168373151308,0.6294117647058823,0.5095492742551566,0.7588168373151308,0.609689213893967
856.131957679068,667,643,212,377,0.7588168373151308,0.6303921568627451,0.5091603053435114,0.7588168373151308,0.6094106898126999
856.1476589480113,667,644,212,376,0.7588168373151308,0.6313725490196078,0.5087719298245614,0.7588168373151308,0.6091324200913243
856.1617263041215,667,645,212,375,0.7588168373151308,0.6323529411764706,0.5083841463414634,0.7588168373151308,0.6088544043815609
856.1826349342164,668,645,211,375,0.7599544937428896,0.6323529411764706,0.5087585681645087,0.7599544937428896,0.6094890510948905
856.2341037675528,669,645,210,375,0.7610921501706485,0.6323529411764706,0.5091324200913242,0.7610921501706485,0.6101231190150479
856.300231626199,669,646,210,374,0.7610921501706485,0.6333333333333333,0.508745247148289,0.7610921501706485,0.609845031905196
856.3056768661266,669,647,210,373,0.7610921501706485,0.634313725490196,0.5083586626139818,0.7610921501706485,0.6095671981776766
856.3304592616146,669,648,210,372,0.7610921501706485,0.6352941176470588,0.5079726651480638,0.7610921501706485,0.6092896174863388
856.3663537211014,669,649,210,371,0.7610921501706485,0.6362745098039215,0.507587253414264,0.7610921501706485,0.6090122894856622
856.3732078433079,670,649,209,371,0.7622298065984073,0.6362745098039215,0.5079605761940864,0.7622298065984073,0.6096451319381256
856.3841099210575,670,650,209,370,0.7622298065984073,0.6372549019607843,0.5075757575757576,0.7622298065984073,0.6093678944974988
856.4016437187182,671,650,208,370,0.7633674630261661,0.6372549019607843,0.5079485238455715,0.7633674630261661,0.61
856.4539083693609,672,650,207,370,0.764505119453925,0.6372549019607843,0.5083207261724659,0.764505119453925,0.6106315311222171
856.459259494275,672,651,207,369,0.764505119453925,0.638235294117647,0.5079365079365079,0.764505119453925,0.6103542234332424
856.4957031305572,672,652,207,368,0.764505119453925,0.6392156862745098,0.5075528700906344,0.764505119453925,0.6100771674988652
856.5028442599188,673,652,206,368,0.7656427758816837,0.6392156862745098,0.5079245283018868,0.7656427758816837,0.6107078039927405
856.5064024240514,674,652,205,368,0.7667804323094426,0.6392156862745098,0.5082956259426847,0.7667804323094426,0.6113378684807256
856.5104551408052,675,652,204,368,0.7679180887372014,0.6392156862745098,0.5086661642803316,0.7679180887372014,0.6119673617407073
856.5343522574912,676,652,203,368,0.7690557451649602,0.6392156862745098,0.5090361445783133,0.7690557451649602,0.6125962845491617
856.5403551046516,676,653,203,367,0.7690557451649602,0.6401960784313725,0.508653122648608,0.7690557451649602,0.6123188405797101
856.5514889689317,676,654,203,366,0.7690557451649602,0.6411764705882353,0.5082706766917293,0.7690557451649602,0.6120416478044364
856.5544803599304,677,654,202,366,0.770193401592719,0.6411764705882353,0.5086401202103682,0.770193401592719,0.6126696832579187
856.5556795233944,677,655,202,365,0.770193401592719,0.6421568627450981,0.5082582582582582,0.770193401592719,0.6123925825418363
856.582489928037,677,656,202,364,0.770193401592719,0.6431372549019608,0.5078769692423106,0.770193401592719,0.6121157323688969
856.5927961791807,677,657,202,363,0.770193401592719,0.6441176470588236,0.507496251874063,0.770193401592719,0.6118391323994578
856.6117577089937,677,658,202,362,0.770193401592719,0.6450980392156863,0.5071161048689139,0.770193401592719,0.6115627822944897
856.619280446129,677,659,202,361,0.770193401592719,0.6460784313725491,0.5067365269461078,0.770193401592719,0.6112866817155757
856.6490401968368,677,660,202,360,0.770193401592719,0.6470588235294118,0.506357516828721,0.770193401592719,0.6110108303249097
856.6759485591725,677,661,202,359,0.770193401592719,0.6480392156862745,0.5059790732436472,0.770193401592719,0.6107352277852954
856.7312204637734,677,662,202,358,0.770193401592719,0.6490196078431373,0.5056011949215833,0.770193401592719,0.6104598737601443
856.7344351332762,677,663,202,357,0.770193401592719,0.65,0.505223880597015,0.770193401592719,0.6101847679134746
856.7348790775634,677,664,202,356,0.770193401592719,0.6509803921568628,0.5048471290082028,0.770193401592719,0.6099099099099099
856.7748437249393,678,664,201,356,0.7713310580204779,0.6509803921568628,0.5052160953800298,0.7713310580204779,0.6105357946870777
856.8268672718916,678,665,201,355,0.7713310580204779,0.6519607843137255,0.5048399106478034,0.7713310580204779,0.6102610261026103
856.8347810097025,678,666,201,354,0.7713310580204779,0.6529411764705882,0.5044642857142857,0.7713310580204779,0.6099865047233468
856.881941760674,678,667,201,353,0.7713310580204779,0.653921568627451,0.504089219330855,0.7713310580204779,0.6097122302158273
856.8912688894379,679,667,200,353,0.7724687144482366,0.653921568627451,0.5044576523031203,0.7724687144482366,0.6103370786516854
856.8918175299185,679,668,200,352,0.7724687144482366,0.6549019607843137,0.504083147735709,0.7724687144482366,0.610062893081761
856.900062824792,679,669,200,351,0.7724687144482366,0.6558823529411765,0.5037091988130564,0.7724687144482366,0.6097889537494388
856.9473971797864,680,669,199,351,0.7736063708759955,0.6558823529411765,0.5040770941438102,0.7736063708759955,0.6104129263913824
856.990490623187,680,670,199,350,0.7736063708759955,0.6568627450980392,0.5037037037037037,0.7736063708759955,0.6101390758187527
857.0131132578708,681,670,198,350,0.7747440273037542,0.6568627450980392,0.5040710584752035,0.7747440273037542,0.610762331838565
857.0334004797805,681,671,198,349,0.7747440273037542,0.657843137254902,0.503698224852071,0.7747440273037542,0.6104885701479158
857.0367902219066,681,672,198,348,0.7747440273037542,0.6588235294117647,0.5033259423503326,0.7747440273037542,0.6102150537634409
857.0589163007015,681,673,198,347,0.7747440273037542,0.6598039215686274,0.5029542097488922,0.7747440273037542,0.6099417823555755
857.0678959650098,682,673,197,347,0.7758816837315131,0.6598039215686274,0.5033210332103321,0.7758816837315131,0.6105640107430618
857.0850372548799,682,674,197,346,0.7758816837315131,0.6607843137254902,0.5029498525073747,0.7758816837315131,0.6102908277404921
857.1555226768633,683,674,196,346,0.7770193401592719,0.6607843137254902,0.5033161385408991,0.7770193401592719,0.610912343470483
857.1794129885104,683,675,196,345,0.7770193401592719,0.6617647058823529,0.5029455081001473,0.7770193401592719,0.6106392489941885
857.1873518072747,684,675,195,345,0.7781569965870307,0.6617647058823529,0.5033112582781457,0.7781569965870307,0.611260053619303
857.2383441120825,684,676,195,344,0.7781569965870307,0.6627450980392157,0.5029411764705882,0.7781569965870307,0.6109870477891916
857.3114511809437,684,677,195,343,0.7781569965870307,0.6637254901960784,0.5025716385011021,0.7781569965870307,0.6107142857142858
857.3124707827461,684,678,195,342,0.7781569965870307,0.6647058823529411,0.5022026431718062,0.7781569965870307,0.6104417670682731
857.3291105543938,684,679,195,341,0.7781569965870307,0.6656862745098039,0.5018341892883346,0.7781569965870307,0.6101694915254238
857.3401941550709,685,679,194,341,0.7792946530147895,0.6656862745098039,0.5021994134897361,0.7792946530147895,0.6107891217119928
857.3969344620483,686,679,193,341,0.7804323094425484,0.6656862745098039,0.5025641025641026,0.7804323094425484,0.6114081996434938
857.4143714611665,686,680,193,340,0.7804323094425484,0.6666666666666666,0.5021961932650073,0.7804323094425484,0.6111358574610245
857.4439364779686,686,681,193,339,0.7804323094425484,0.6676470588235294,0.5018288222384785,0.7804323094425484,0.6108637577916296
857.4525643860886,686,682,193,338,0.7804323094425484,0.6686274509803921,0.5014619883040936,0.7804323094425484,0.6105919003115265
857.458374866956,686,683,193,337,0.7804323094425484,0.6696078431372549,0.5010956902848794,0.7804323094425484,0.6103202846975089
857.4722767099141,687,683,192,337,0.7815699658703071,0.6696078431372549,0.5014598540145986,0.7815699658703071,0.6109381947532238
857.4764357512986,688,683,191,337,0.782707622298066,0.6696078431372549,0.5018234865061999,0.782707622298066,0.6115555555555556
857.4807763658843,688,684,191,336,0.782707622298066,0.6705882352941176,0.5014577259475219,0.782707622298066,0.6112838738338516
857.5083979889582,689,684,190,336,0.7838452787258248,0.6705882352941176,0.5018208302986161,0.7838452787258248,0.6119005328596802
857.5602828775676,690,684,189,336,0.7849829351535836,0.6705882352941176,0.5021834061135371,0.7849829351535836,0.6125166444740345
857.5630256551774,690,685,189,335,0.7849829351535836,0.6715686274509803,0.5018181818181818,0.7849829351535836,0.6122448979591837
857.6698316582185,690,686,189,334,0.7849829351535836,0.6725490196078432,0.501453488372093,0.7849829351535836,0.6119733924611974
857.6754167938657,691,686,188,334,0.7861205915813424,0.6725490196078432,0.5018155410312273,0.7861205915813424,0.6125886524822695
857.7154043940155,691,687,188,333,0.7861205915813424,0.6735294117647059,0.5014513788098693,0.7861205915813424,0.612317235268055
857.777351778955,692,687,187,333,0.7872582480091013,0.6735294117647059,0.5018129079042785,0.7872582480091013,0.6129317980513728
857.7972808666186,692,688,187,332,0.7872582480091013,0.6745098039215687,0.5014492753623189,0.7872582480091013,0.6126604692341745
857.8357230642476,692,689,187,331,0.7872582480091013,0.6754901960784314,0.501086169442433,0.7872582480091013,0.6123893805309735
857.8586830324308,692,690,187,330,0.7872582480091013,0.6764705882352942,0.5007235890014472,0.7872582480091013,0.6121185316231756
857.9318032422284,692,691,187,329,0.7872582480091013,0.6774509803921569,0.5003615328994938,0.7872582480091013,0.6118479221927497
857.9618862983141,693,691,186,329,0.78839590443686,0.6774509803921569,0.5007225433526011,0.78839590443686,0.61246133451171
858.0033978799245,693,692,186,328,0.78839590443686,0.6784313725490196,0.5003610108303249,0.78839590443686,0.6121908127208481
858.0658758699133,694,692,185,328,0.7895335608646189,0.6784313725490196,0.5007215007215007,0.7895335608646189,0.6128035320088301
858.1289439466885,695,692,184,328,0.7906712172923777,0.6784313725490196,0.5010814708002884,0.7906712172923777,0.6134157105030891
858.1542770036399,695,693,184,327,0.7906712172923777,0.6794117647058824,0.5007204610951008,0.7906712172923777,0.6131451257168062
858.158282996181,695,694,184,326,0.7906712172923777,0.6803921568627451,0.5003599712023038,0.7906712172923777,0.6128747795414462
858.1664891929486,695,695,184,325,0.7906712172923777,0.6813725490196079,0.5,0.7906712172923777,0.612604671661525
858.1915946960773,696,695,183,325,0.7918088737201365,0.6813725490196079,0.5003594536304816,0.7918088737201365,0.613215859030837
858.2544850128061,696,696,183,324,0.7918088737201365,0.6823529411764706,0.5,0.7918088737201365,0.6129458388375165
858.262463659576,696,697,183,323,0.7918088737201365,0.6833333333333333,0.4996410624551328,0.7918088737201365,0.6126760563380281
858.2681313816198,697,697,182,323,0.7929465301478953,0.6833333333333333,0.5,0.7929465301478953,0.6132864056313242
858.2699794138296,697,698,182,322,0.7929465301478953,0.6843137254901961,0.4996415770609319,0.7929465301478953,0.6130167106420403
858.2929711022664,697,699,182,321,0.7929465301478953,0.6852941176470588,0.4992836676217765,0.7929465301478953,0.6127472527472528
858.3183140264177,697,700,182,320,0.7929465301478953,0.6862745098039216,0.49892627057981387,0.7929465301478953,0.6124780316344464
858.3274733432772,698,700,181,320,0.7940841865756542,0.6862745098039216,0.49928469241773965,0.7940841865756542,0.6130873956960914
858.3364393504861,698,701,181,319,0.7940841865756542,0.6872549019607843,0.498927805575411,0.7940841865756542,0.6128182616330113
858.3406154860041,698,702,181,318,0.7940841865756542,0.6882352941176471,0.49857142857142855,0.7940841865756542,0.6125493637560333
858.3500691699342,698,703,181,317,0.7940841865756542,0.6892156862745098,0.4982155603140614,0.7940841865756542,0.612280701754386
858.351779890292,698,704,181,316,0.7940841865756542,0.6901960784313725,0.4978601997146933,0.7940841865756542,0.6120122753178431
858.3633313003248,699,704,180,316,0.7952218430034129,0.6901960784313725,0.4982181040627227,0.7952218430034129,0.6126205083260298
858.3637833019915,699,705,180,315,0.7952218430034129,0.6911764705882353,0.49786324786324787,0.7952218430034129,0.6123521681997371
858.3899440884226,700,705,179,315,0.7963594994311718,0.6911764705882353,0.498220640569395,0.7963594994311718,0.6129597197898424
858.3906560974289,700,706,179,314,0.7963594994311718,0.692156862745098,0.49786628733997157,0.7963594994311718,0.6126914660831511
858.4764198344353,700,707,179,313,0.7963594994311718,0.6931372549019608,0.4975124378109453,0.7963594994311718,0.6124234470691163
858.4948979882477,700,708,179,312,0.7963594994311718,0.6941176470588235,0.4971590909090909,0.7963594994311718,0.6121556624398776
858.4980451816746,700,709,179,311,0.7963594994311718,0.6950980392156862,0.49680624556423,0.7963594994311718,0.6118881118881119
858.5640599430119,700,710,179,310,0.7963594994311718,0.696078431372549,0.49645390070921985,0.7963594994311718,0.6116207951070336
858.6020859680892,701,710,178,310,0.7974971558589306,0.696078431372549,0.4968107725017718,0.7974971558589306,0.6122270742358078
858.631573068407,702,710,177,310,0.7986348122866894,0.696078431372549,0.4971671388101983,0.7986348122866894,0.612832824094282
858.6591943440885,702,711,177,309,0.7986348122866894,0.6970588235294117,0.4968152866242038,0.7986348122866894,0.612565445026178
858.6792479664011,702,712,177,308,0.7986348122866894,0.6980392156862745,0.49646393210749645,0.7986348122866894,0.6122982991713911
858.6886453792321,702,713,177,307,0.7986348122866894,0.6990196078431372,0.496113074204947,0.7986348122866894,0.6120313862249346
858.691972733817,703,713,176,307,0.7997724687144482,0.6990196078431372,0.4964689265536723,0.7997724687144482,0.612636165577342
858.6955780717102,703,714,176,306,0.7997724687144482,0.7,0.49611856033874385,0.7997724687144482,0.6123693379790941
858.8011808883384,703,715,176,305,0.7997724687144482,0.7009803921568627,0.49576868829337095,0.7997724687144482,0.6121027427078798
858.8063411670756,704,715,175,305,0.800910125142207,0.7009803921568627,0.49612403100775193,0.800910125142207,0.6127067014795474
858.8410407980585,704,716,175,304,0.800910125142207,0.7019607843137254,0.49577464788732395,0.800910125142207,0.6124401913875599
858.8485336421627,704,717,175,303,0.800910125142207,0.7029411764705882,0.4954257565095003,0.800910125142207,0.6121739130434781
858.8491224322026,705,717,174,303,0.8020477815699659,0.7029411764705882,0.4957805907172996,0.8020477815699659,0.6127770534550195
858.8612754212627,705,718,174,302,0.8020477815699659,0.703921568627451,0.4954321855235418,0.8020477815699659,0.6125108601216334
858.871835764751,705,719,174,301,0.8020477815699659,0.7049019607843138,0.49508426966292135,0.8020477815699659,0.6122448979591837
858.8786773190938,705,720,174,300,0.8020477815699659,0.7058823529411765,0.49473684210526314,0.8020477815699659,0.6119791666666667
858.8905684538365,705,721,174,299,0.8020477815699659,0.7068627450980393,0.4943899018232819,0.8020477815699659,0.6117136659436009
858.901880044687,705,722,174,298,0.8020477815699659,0.707843137254902,0.4940434477925718,0.8020477815699659,0.611448395490026
858.9229270132917,706,722,173,298,0.8031854379977247,0.707843137254902,0.4943977591036415,0.8031854379977247,0.6120502817511919
858.9340260158353,706,723,173,297,0.8031854379977247,0.7088235294117647,0.4940517844646606,0.8031854379977247,0.6117850953206239
859.0128002322605,706,724,173,296,0.8031854379977247,0.7098039215686275,0.4937062937062937,0.8031854379977247,0.6115201385881334
859.0295576808967,706,725,173,295,0.8031854379977247,0.7107843137254902,0.493361285814116,0.8031854379977247,0.6112554112554113
859.0355777585497,706,726,173,294,0.8031854379977247,0.711764705882353,0.4930167597765363,0.8031854379977247,0.6109909130246647
859.0947367341881,706,727,173,293,0.8031854379977247,0.7127450980392157,0.4926727145847872,0.8031854379977247,0.6107266435986158
859.1059246533871,706,728,173,292,0.8031854379977247,0.7137254901960784,0.49232914923291493,0.8031854379977247,0.6104626026805016
859.1096201879462,707,728,172,292,0.8043230944254836,0.7137254901960784,0.4926829268292683,0.8043230944254836,0.6110630942091617
859.158011450476,708,728,171,292,0.8054607508532423,0.7137254901960784,0.49303621169916434,0.8054607508532423,0.6116630669546436
859.2235298166596,709,728,170,292,0.8065984072810012,0.7137254901960784,0.4933890048712596,0.8065984072810012,0.6122625215889465
859.2918700912887,709,729,170,291,0.8065984072810012,0.7147058823529412,0.49304589707927676,0.8065984072810012,0.6119982736296936
859.3062653129185,710,729,169,291,0.8077360637087599,0.7147058823529412,0.49339819318971506,0.8077360637087599,0.6125970664365833
859.3083424475059,710,730,169,290,0.8077360637087599,0.7156862745098039,0.4930555555555556,0.8077360637087599,0.6123329021129797
859.4066655782956,711,730,168,290,0.8088737201365188,0.7156862745098039,0.49340735600277585,0.8088737201365188,0.6129310344827587
859.4692675195175,711,731,168,289,0.8088737201365188,0.7166666666666667,0.4930651872399445,0.8088737201365188,0.6126669538991814
859.494177089301,711,732,168,288,0.8088737201365188,0.7176470588235294,0.49272349272349275,0.8088737201365188,0.6124031007751939
859.5317432693882,711,733,168,287,0.8088737201365188,0.7186274509803922,0.49238227146814406,0.8088737201365188,0.612139474817047
859.5463989120325,711,734,168,286,0.8088737201365188,0.7196078431372549,0.49204152249134947,0.8088737201365188,0.6118760757314974
859.5476627205667,712,734,167,286,0.8100113765642776,0.7196078431372549,0.49239280774550487,0.8100113765642776,0.61247311827957
859.5942456920276,713,734,166,286,0.8111490329920364,0.7196078431372549,0.49274360746371804,0.8111490329920364,0.6130696474634566
859.6066310465509,713,735,166,285,0.8111490329920364,0.7205882352941176,0.4924033149171271,0.8111490329920364,0.6128061882251827
859.6557872688544,714,735,165,285,0.8122866894197952,0.7205882352941176,0.4927536231884058,0.8122866894197952,0.6134020618556701
859.6565340039247,714,736,165,284,0.8122866894197952,0.7215686274509804,0.4924137931034483,0.8122866894197952,0.6131386861313868
859.6746669115428,714,737,165,283,0.8122866894197952,0.7225490196078431,0.49207443142660234,0.8122866894197952,0.6128755364806867
859.6868899498962,714,738,165,282,0.8122866894197952,0.7235294117647059,0.49173553719008267,0.8122866894197952,0.6126126126126127
859.6966721264831,714,739,165,281,0.8122866894197952,0.7245098039215686,0.4913971094287681,0.8122866894197952,0.6123499142367067
859.7122123561969,714,740,165,280,0.8122866894197952,0.7254901960784313,0.49105914718019256,0.8122866894197952,0.612087441063009
859.7293785288601,715,740,164,280,0.8134243458475541,0.7254901960784313,0.49140893470790376,0.8134243458475541,0.6126820908311911
859.8130351461416,716,740,163,280,0.8145620022753128,0.7254901960784313,0.49175824175824173,0.8145620022753128,0.6132762312633833
859.9272130471145,716,741,163,279,0.8145620022753128,0.7264705882352941,0.4914207275223061,0.8145620022753128,0.613013698630137
859.9296435079855,717,741,162,279,0.8156996587030717,0.7264705882352941,0.49176954732510286,0.8156996587030717,0.613607188703466
859.9309161132254,717,742,162,278,0.8156996587030717,0.7274509803921568,0.4914324880054832,0.8156996587030717,0.6133447390932422
859.9361668790667,717,743,162,277,0.8156996587030717,0.7284313725490196,0.4910958904109589,0.8156996587030717,0.6130825138948268
859.9406099946693,718,743,161,277,0.8168373151308305,0.7284313725490196,0.4914442162902122,0.8168373151308305,0.6136752136752136
859.9859013371207,718,744,161,276,0.8168373151308305,0.7294117647058823,0.4911080711354309,0.8168373151308305,0.6134130713370355
860.0088182312804,718,745,161,275,0.8168373151308305,0.7303921568627451,0.49077238550922764,0.8168373151308305,0.6131511528608027
860.0169625995857,719,745,160,275,0.8179749715585893,0.7303921568627451,0.491120218579235,0.8179749715585893,0.6137430644472899
860.0500456581838,719,746,160,274,0.8179749715585893,0.7313725490196078,0.4907849829351536,0.8179749715585893,0.613481228668942
860.0578119217142,720,746,159,274,0.8191126279863481,0.7313725490196078,0.49113233287858116,0.8191126279863481,0.6140724946695095
860.1346167161457,720,747,159,273,0.8191126279863481,0.7323529411764705,0.49079754601226994,0.8191126279863481,0.6138107416879796
860.3003303868613,721,747,158,273,0.820250284414107,0.7323529411764705,0.49114441416893734,0.820250284414107,0.6144013634426928
860.3151701912403,721,748,158,272,0.820250284414107,0.7333333333333333,0.49081007488087136,0.820250284414107,0.6141396933560477
860.3952729512577,721,749,158,271,0.820250284414107,0.734313725490196,0.49047619047619045,0.820250284414107,0.6138782460621541
860.4847357050636,721,750,158,270,0.820250284414107,0.7352941176470589,0.49014276002719237,0.820250284414107,0.6136170212765957
860.5126744769173,721,751,158,269,0.820250284414107,0.7362745098039216,0.4898097826086957,0.820250284414107,0.6133560187154403
860.5164939748029,721,752,158,268,0.820250284414107,0.7372549019607844,0.4894772572980312,0.820250284414107,0.6130952380952381
860.5350978105606,722,752,157,268,0.8213879408418657,0.7372549019607844,0.4898236092265943,0.8213879408418657,0.613684657883553
860.6295640345967,723,752,156,268,0.8225255972696246,0.7372549019607844,0.4901694915254237,0.8225255972696246,0.6142735768903993
860.6311653564418,724,752,155,268,0.8236632536973834,0.7372549019607844,0.4905149051490515,0.8236632536973834,0.6148619957537156
860.6378976928564,724,753,155,267,0.8236632536973834,0.7382352941176471,0.4901828029790115,0.8236632536973834,0.6146010186757215
860.6616141947834,724,754,155,266,0.8236632536973834,0.7392156862745098,0.489851150202977,0.8236632536973834,0.6143402630462452
860.6849093441557,725,754,154,266,0.8248009101251422,0.7392156862745098,0.49019607843137253,0.8248009101251422,0.6149279050042409
860.6869203118672,725,755,154,265,0.8248009101251422,0.7401960784313726,0.48986486486486486,0.8248009101251422,0.6146672318779144
860.7137402664389,726,755,153,265,0.825938566552901,0.7401960784313726,0.4902093180283592,0.825938566552901,0.6152542372881356
860.7261947707652,727,755,152,265,0.8270762229806599,0.7401960784313726,0.49055330634278005,0.8270762229806599,0.6158407454468445
860.7528435215689,728,755,151,265,0.8282138794084186,0.7401960784313726,0.4908968307484828,0.8282138794084186,0.6164267569856053
860.756504191767,729,755,150,265,0.8293515358361775,0.7401960784313726,0.4912398921832884,0.8293515358361775,0.6170122725349132
860.7611821848966,729,756,150,264,0.8293515358361775,0.7411764705882353,0.4909090909090909,0.8293515358361775,0.616751269035533
860.7877296357656,730,756,149,264,0.8304891922639362,0.7411764705882353,0.49125168236877526,0.8304891922639362,0.6173361522198731
860.8001644317627,730,757,149,263,0.8304891922639362,0.7421568627450981,0.4909213180901143,0.8304891922639362,0.6170752324598479
860.8037785954556,730,758,149,262,0.8304891922639362,0.7431372549019608,0.4905913978494624,0.8304891922639362,0.6168145331643431
860.8153021081123,731,758,148,262,0.8316268486916951,0.7431372549019608,0.49093351242444594,0.8316268486916951,0.6173986486486486
860.8201164389628,731,759,148,261,0.8316268486916951,0.7441176470588236,0.4906040268456376,0.8316268486916951,0.617138032925285
860.8873028307027,731,760,148,260,0.8316268486916951,0.7450980392156863,0.4902749832327297,0.8316268486916951,0.6168776371308017
860.8942560810437,731,761,148,259,0.8316268486916951,0.746078431372549,0.48994638069705093,0.8316268486916951,0.6166174609869253
860.8974312979278,732,761,147,259,0.8327645051194539,0.746078431372549,0.4902880107166778,0.8327645051194539,0.6172006745362563
860.9271943062564,732,762,147,258,0.8327645051194539,0.7470588235294118,0.4899598393574297,0.8327645051194539,0.6169405815423515
861.0124312372193,733,762,146,258,0.8339021615472128,0.7470588235294118,0.4903010033444816,0.8339021615472128,0.6175231676495366
861.0172324082624,733,763,146,257,0.8339021615472128,0.7480392156862745,0.4899732620320856,0.8339021615472128,0.6172631578947368
861.0221280540555,733,764,146,256,0.8339021615472128,0.7490196078431373,0.48964595858383436,0.8339021615472128,0.6170033670033671
861.0524564262192,734,764,145,256,0.8350398179749715,0.7490196078431373,0.48998664886515353,0.8350398179749715,0.6175851914177535
861.0800976413603,734,765,145,255,0.8350398179749715,0.75,0.4896597731821214,0.8350398179749715,0.6173254835996635
861.0815863098421,734,766,145,254,0.8350398179749715,0.7509803921568627,0.48933333333333334,0.8350398179749715,0.6170659941151745
861.0859946270801,734,767,145,253,0.8350398179749715,0.7519607843137255,0.4890073284477015,0.8350398179749715,0.6168067226890755
861.1413247928969,734,768,145,252,0.8350398179749715,0.7529411764705882,0.48868175765645805,0.8350398179749715,0.6165476690466191
861.1447792545027,734,769,145,251,0.8350398179749715,0.753921568627451,0.48835662009314706,0.8350398179749715,0.6162888329135181
861.1928720194247,734,770,145,250,0.8350398179749715,0.7549019607843137,0.488031914893617,0.8350398179749715,0.6160302140159463
861.212401314728,734,771,145,249,0.8350398179749715,0.7558823529411764,0.4877076411960133,0.8350398179749715,0.6157718120805368
861.2234259083037,734,772,145,248,0.8350398179749715,0.7568627450980392,0.48738379814077026,0.8350398179749715,0.6155136268343816
861.2674788741334,734,773,145,247,0.8350398179749715,0.7578431372549019,0.4870603848706038,0.8350398179749715,0.6152556580050293
861.2754740328987,734,774,145,246,0.8350398179749715,0.7588235294117647,0.48673740053050396,0.8350398179749715,0.6149979053204859
861.3274240541612,734,775,145,245,0.8350398179749715,0.7598039215686274,0.48641484426772696,0.8350398179749715,0.6147403685092127
861.3538979533195,734,776,145,244,0.8350398179749715,0.7607843137254902,0.4860927152317881,0.8350398179749715,0.6144830473001256
861.3935310516699,734,777,145,243,0.8350398179749715,0.7617647058823529,0.485771012574454,0.8350398179749715,0.6142259414225941
861.4264052596224,735,777,144,243,0.8361774744027304,0.7617647058823529,0.4861111111111111,0.8361774744027304,0.6148055207026348
861.4399313898891,736,777,143,243,0.8373151308304891,0.7617647058823529,0.48645076007931265,0.8373151308304891,0.6153846153846154
861.460867641623,736,778,143,242,0.8373151308304891,0.7627450980392156,0.4861294583883752,0.8373151308304891,0.6151274550773089
861.4609147840789,737,778,142,242,0.838452787258248,0.7627450980392156,0.4864686468646865,0.838452787258248,0.6157059314954052
861.5080918988837,738,778,141,242,0.8395904436860068,0.7627450980392156,0.4868073878627968,0.8395904436860068,0.6162839248434236
861.5097096640418,738,779,141,241,0.8395904436860068,0.7637254901960784,0.4864864864864865,0.8395904436860068,0.6160267111853088
861.5360480118195,739,779,140,241,0.8407281001137656,0.7637254901960784,0.4868247694334651,0.8407281001137656,0.6166040884438881
861.5455742086988,739,780,140,240,0.8407281001137656,0.7647058823529411,0.48650427913100724,0.8407281001137656,0.6163469557964971
861.54666577061,739,781,140,239,0.8407281001137656,0.765686274509804,0.4861842105263158,0.8407281001137656,0.6160900375156316
861.5475251981402,740,781,139,239,0.8418657565415245,0.765686274509804,0.48652202498356345,0.8418657565415245,0.6166666666666667
861.5616335913413,741,781,138,239,0.8430034129692833,0.765686274509804,0.4868593955321945,0.8430034129692833,0.6172428154935444
861.56923363758,741,782,138,238,0.8430034129692833,0.7666666666666667,0.4865397242284964,0.8430034129692833,0.6169858451290591
861.5843594288272,742,782,137,238,0.8441410693970421,0.7666666666666667,0.4868766404199475,0.8441410693970421,0.6175613816063253
861.6127889621921,742,783,137,237,0.8441410693970421,0.7676470588235295,0.48655737704918034,0.8441410693970421,0.6173044925124792
861.6689073362888,742,784,137,236,0.8441410693970421,0.7686274509803922,0.48623853211009177,0.8441410693970421,0.6170478170478171
861.6978804307538,742,785,137,235,0.8441410693970421,0.7696078431372549,0.4859201047806156,0.8441410693970421,0.6167913549459684
861.7024015582713,742,786,137,234,0.8441410693970421,0.7705882352941177,0.4856020942408377,0.8441410693970421,0.6165351059410055
861.7320748465665,742,787,137,233,0.8441410693970421,0.7715686274509804,0.48528449967298887,0.8441410693970421,0.6162790697674418
861.7974752976428,743,787,136,233,0.8452787258248009,0.7715686274509804,0.48562091503267973,0.8452787258248009,0.6168534661685346
861.8018407588254,744,787,135,233,0.8464163822525598,0.7715686274509804,0.48595689092096667,0.8464163822525598,0.6174273858921162
861.8089316977334,744,788,135,232,0.8464163822525598,0.7725490196078432,0.4856396866840731,0.8464163822525598,0.6171712982165076
861.8159199617837,744,789,135,231,0.8464163822525598,0.7735294117647059,0.48532289628180036,0.8464163822525598,0.6169154228855721
861.817986808295,744,790,135,230,0.8464163822525598,0.7745098039215687,0.485006518904824,0.8464163822525598,0.6166597596353088
861.8200301984684,744,791,135,229,0.8464163822525598,0.7754901960784314,0.48469055374592834,0.8464163822525598,0.6164043082021541
861.8268037016511,744,792,135,228,0.8464163822525598,0.7764705882352941,0.484375,0.8464163822525598,0.6161490683229813
861.870541755385,744,793,135,227,0.8464163822525598,0.7774509803921569,0.4840598568640208,0.8464163822525598,0.6158940397350994
861.8997198512958,744,794,135,226,0.8464163822525598,0.7784313725490196,0.4837451235370611,0.8464163822525598,0.6156392221762516
861.967616972448,744,795,135,225,0.8464163822525598,0.7794117647058824,0.4834307992202729,0.8464163822525598,0.6153846153846153
861.9687833077271,744,796,135,224,0.8464163822525598,0.7803921568627451,0.4831168831168831,0.8464163822525598,0.6151302190988011
861.9737004478113,744,797,135,223,0.8464163822525598,0.7813725490196078,0.4828033744321869,0.8464163822525598,0.6148760330578513
861.9963792931549,745,797,134,223,0.8475540386803185,0.7813725490196078,0.48313878080415046,0.8475540386803185,0.6154481619165635
862.0609818110291,745,798,134,222,0.8475540386803185,0.7823529411764706,0.48282566429034346,0.8475540386803185,0.615194054500413
862.0875415028529,746,798,133,222,0.8486916951080774,0.7823529411764706,0.483160621761658,0.8486916951080774,0.6157655798596781
862.0913058540267,746,799,133,221,0.8486916951080774,0.7833333333333333,0.48284789644012943,0.8486916951080774,0.6155115511551155
862.0937457893145,747,799,132,221,0.8498293515358362,0.7833333333333333,0.4831824062095731,0.8498293515358362,0.6160824742268042
862.1532044287966,747,800,132,220,0.8498293515358362,0.7843137254901961,0.48287007110536523,0.8498293515358362,0.615828524319868
862.1575464558117,748,800,131,220,0.850967007963595,0.7843137254901961,0.48320413436692505,0.850967007963595,0.6163988463123198
862.1718250078717,749,800,130,220,0.8521046643913538,0.7843137254901961,0.4835377663008393,0.8521046643913538,0.6169686985172983
862.2244610900157,750,800,129,220,0.8532423208191127,0.7843137254901961,0.4838709677419355,0.8532423208191127,0.6175380815150268
862.2361127995588,751,800,128,220,0.8543799772468714,0.7843137254901961,0.4842037395228885,0.8543799772468714,0.6181069958847737
862.2738492496774,752,800,127,220,0.8555176336746303,0.7843137254901961,0.4845360824742268,0.8555176336746303,0.618675442204854
862.2751685124458,753,800,126,220,0.856655290102389,0.7843137254901961,0.48486799742434,0.856655290102389,0.6192434210526315
862.2892844643333,754,800,125,220,0.8577929465301479,0.7843137254901961,0.4851994851994852,0.8577929465301479,0.6198109330045212
862.3368035453453,754,801,125,219,0.8577929465301479,0.7852941176470588,0.48488745980707393,0.8577929465301479,0.6195562859490551
862.3657523503034,754,802,125,218,0.8577929465301479,0.7862745098039216,0.4845758354755784,0.8577929465301479,0.6193018480492813
862.3676624088748,754,803,125,217,0.8577929465301479,0.7872549019607843,0.4842646114322415,0.8577929465301479,0.6190476190476191
862.3694166469172,754,804,125,216,0.8577929465301479,0.788235294117647,0.4839537869062901,0.8577929465301479,0.6187935986869102
862.455235364812,754,805,125,215,0.8577929465301479,0.7892156862745098,0.4836433611289288,0.8577929465301479,0.6185397867104184
862.4636864545702,754,806,125,214,0.8577929465301479,0.7901960784313725,0.48333333333333334,0.8577929465301479,0.6182861828618286
862.469109264936,754,807,125,213,0.8577929465301479,0.7911764705882353,0.48302370275464446,0.8577929465301479,0.6180327868852459
862.471911247291,754,808,125,212,0.8577929465301479,0.792156862745098,0.4827144686299616,0.8577929465301479,0.6177795985251946
862.4906088302128,754,809,125,211,0.8577929465301479,0.7931372549019607,0.48240563019833654,0.8577929465301479,0.6175266175266175
862.4935115458486,754,810,125,210,0.8577929465301479,0.7941176470588235,0.4820971867007673,0.8577929465301479,0.6172738436348751
862.5009606893643,754,811,125,209,0.8577929465301479,0.7950980392156862,0.4817891373801917,0.8577929465301479,0.6170212765957447
862.5037072406991,755,811,124,209,0.8589306029579067,0.7950980392156862,0.4821200510855683,0.8589306029579067,0.6175869120654397
862.506399198784,756,811,123,209,0.8600682593856656,0.7950980392156862,0.4824505424377792,0.8600682593856656,0.6181520850367949
862.6445562233645,757,811,122,209,0.8612059158134243,0.7950980392156862,0.48278061224489793,0.8612059158134243,0.6187167960768287
862.6601040326051,757,812,122,208,0.8612059158134243,0.796078431372549,0.4824729126832377,0.8612059158134243,0.6184640522875817
862.6662948551401,757,813,122,207,0.8612059158134243,0.7970588235294118,0.4821656050955414,0.8612059158134243,0.6182115149040425
862.7117337007985,757,814,122,206,0.8612059158134243,0.7980392156862746,0.4818586887332909,0.8612059158134243,0.6179591836734695
862.7144517957256,757,815,122,205,0.8612059158134243,0.7990196078431373,0.4815521628498728,0.8612059158134243,0.6177070583435332
862.7250102003776,758,815,121,205,0.8623435722411832,0.7990196078431373,0.4818817546090273,0.8623435722411832,0.6182707993474715
862.7378817418462,758,816,121,204,0.8623435722411832,0.8,0.4815756035578145,0.8623435722411832,0.6180187525479005
862.777972362483,758,817,121,203,0.8623435722411832,0.8009803921568628,0.4812698412698413,0.8623435722411832,0.6177669111654441
862.7916934690387,758,818,121,202,0.8623435722411832,0.8019607843137255,0.48096446700507617,0.8623435722411832,0.6175152749490836
862.8000620401397,758,819,121,201,0.8623435722411832,0.8029411764705883,0.4806594800253646,0.8623435722411832,0.6172638436482084
862.8065407272109,758,820,121,200,0.8623435722411832,0.803921568627451,0.4803548795944233,0.8623435722411832,0.617012617012617
862.8301648642912,758,821,121,199,0.8623435722411832,0.8049019607843138,0.48005066497783405,0.8623435722411832,0.6167615947925142
862.8961178260092,758,822,121,198,0.8623435722411832,0.8058823529411765,0.479746835443038,0.8623435722411832,0.6165107767385115
862.9041339299929,758,823,121,197,0.8623435722411832,0.8068627450980392,0.4794433902593295,0.8623435722411832,0.6162601626016261
862.9645284581985,758,824,121,196,0.8623435722411832,0.807843137254902,0.47914032869785084,0.8623435722411832,0.6160097521332791
862.9750711940568,759,824,120,196,0.863481228668942,0.807843137254902,0.47946936197094125,0.863481228668942,0.6165718927701056
863.0002181654451,759,825,120,195,0.863481228668942,0.8088235294117647,0.4791666666666667,0.863481228668942,0.6163215590742996
863.0050300623006,760,825,119,195,0.8646188850967008,0.8088235294117647,0.4794952681388013,0.8646188850967008,0.6168831168831169
863.021047746656,761,825,118,195,0.8657565415244596,0.8088235294117647,0.4798234552332913,0.8657565415244596,0.617444219066937
863.0360523531236,761,826,118,194,0.8657565415244596,0.8098039215686275,0.47952110901071204,0.8657565415244596,0.6171938361719383
863.0484097589616,761,827,118,193,0.8657565415244596,0.8107843137254902,0.4792191435768262,0.8657565415244596,0.6169436562626672
863.0937312356381,761,828,118,192,0.8657565415244596,0.8117647058823529,0.4789175582127124,0.8657565415244596,0.6166936790923825
863.1663916323647,761,829,118,191,0.8657565415244596,0.8127450980392157,0.47861635220125787,0.8657565415244596,0.6164439044147428
863.1838100111967,762,829,117,191,0.8668941979522184,0.8127450980392157,0.47894406033940917,0.8668941979522184,0.617004048582996
863.2099379236467,763,829,116,191,0.8680318543799772,0.8127450980392157,0.4792713567839196,0.8680318543799772,0.6175637393767706
863.219572071135,764,829,115,191,0.8691695108077361,0.8127450980392157,0.4795982423101067,0.8691695108077361,0.6181229773462783
863.2240971115847,765,829,114,191,0.8703071672354948,0.8127450980392157,0.47992471769134254,0.8703071672354948,0.6186817630408411
863.2324676257949,765,830,114,190,0.8703071672354948,0.8137254901960784,0.47962382445141066,0.8703071672354948,0.618431689571544
863.2526078551425,766,830,113,190,0.8714448236632537,0.8137254901960784,0.4799498746867168,0.8714448236632537,0.618989898989899
863.2625056306334,767,830,112,190,0.8725824800910125,0.8137254901960784,0.480275516593613,0.8725824800910125,0.6195476575121163
863.2728258110192,767,831,112,189,0.8725824800910125,0.8147058823529412,0.4799749687108886,0.8725824800910125,0.6192975373435609
863.3078318676446,768,831,111,189,0.8737201365187713,0.8147058823529412,0.4803001876172608,0.8737201365187713,0.6198547215496369
863.3568267907295,769,831,110,189,0.8748577929465301,0.8147058823529412,0.480625,0.8748577929465301,0.6204114562323517
863.3914784010399,770,831,109,189,0.875995449374289,0.8147058823529412,0.48094940662086194,0.875995449374289,0.6209677419354839
863.4239322920913,771,831,108,189,0.8771331058020477,0.8147058823529412,0.4812734082397004,0.8771331058020477,0.6215235792019348
863.475846696644,771,832,108,188,0.8771331058020477,0.8156862745098039,0.4809731752963194,0.8771331058020477,0.621273166800967
863.5105748666548,771,833,108,187,0.8771331058020477,0.8166666666666667,0.48067331670822944,0.8771331058020477,0.6210229561014902
863.5159558853321,771,834,108,186,0.8771331058020477,0.8176470588235294,0.4803738317757009,0.8771331058020477,0.6207729468599034
863.5186093020432,772,834,107,186,0.8782707622298066,0.8176470588235294,0.4806973848069738,0.8782707622298066,0.621327967806841
863.5212461063794,773,834,106,186,0.8794084186575654,0.8176470588235294,0.48102053515868076,0.8794084186575654,0.6218825422365245
863.5804890803967,773,835,106,185,0.8794084186575654,0.8186274509803921,0.48072139303482586,0.8794084186575654,0.621632488942501
863.6002498322666,773,836,106,184,0.8794084186575654,0.8196078431372549,0.48042262274704783,0.8794084186575654,0.6213826366559485
863.6213256343748,773,837,106,183,0.8794084186575654,0.8205882352941176,0.48012422360248447,0.8794084186575654,0.6211329851345923
863.6389880776102,773,838,106,182,0.8794084186575654,0.8215686274509804,0.4798261949099938,0.8794084186575654,0.6208835341365461
863.6481293940817,773,839,106,181,0.8794084186575654,0.8225490196078431,0.4795285359801489,0.8794084186575654,0.6206342834203132
863.664429008606,773,840,106,180,0.8794084186575654,0.8235294117647058,0.4792312461252325,0.8794084186575654,0.6203852327447833
863.6946271295582,774,840,105,180,0.8805460750853242,0.8235294117647058,0.4795539033457249,0.8805460750853242,0.6209386281588448
863.7166759566098,774,841,105,179,0.8805460750853242,0.8245098039215686,0.4792569659442725,0.8805460750853242,0.6206896551724138
863.729719871037,774,842,105,178,0.8805460750853242,0.8254901960784313,0.47896039603960394,0.8805460750853242,0.6204408817635271
863.7375982614421,774,843,105,177,0.8805460750853242,0.8264705882352941,0.47866419294990725,0.8805460750853242,0.6201923076923077
863.742488614817,775,843,104,177,0.8816837315130831,0.8264705882352941,0.4789864029666255,0.8816837315130831,0.6207448938726472
863.7562848779904,776,843,103,177,0.8828213879408419,0.8264705882352941,0.4793082149474985,0.8828213879408419,0.6212970376301041
863.7682674059059,777,843,102,177,0.8839590443686007,0.8264705882352941,0.47962962962962963,0.8839590443686007,0.6218487394957983
863.770836333267,777,844,102,176,0.8839590443686007,0.8274509803921568,0.4793337446020975,0.8839590443686007,0.6216
863.775484801608,777,845,102,175,0.8839590443686007,0.8284313725490197,0.4790382244143033,0.8839590443686007,0.6213514594162336
863.8045327537463,778,845,101,175,0.8850967007963595,0.8284313725490197,0.4793592113370302,0.8850967007963595,0.6219024780175859
863.8440665469084,779,845,100,175,0.8862343572241184,0.8284313725490197,0.47967980295566504,0.8862343572241184,0.6224530563324012
863.8549652654862,779,846,100,174,0.8862343572241184,0.8294117647058824,0.4793846153846154,0.8862343572241184,0.6222044728434506
863.8718706767684,780,846,99,174,0.8873720136518771,0.8294117647058824,0.4797047970479705,0.8873720136518771,0.6227544910179641
863.8782695079368,781,846,98,174,0.888509670079636,0.8294117647058824,0.48002458512599877,0.888509670079636,0.6233040702314446
863.8808759456067,781,847,98,173,0.888509670079636,0.8303921568627451,0.4797297297297297,0.888509670079636,0.6230554447546869
863.9139387543054,781,848,98,172,0.888509670079636,0.8313725490196079,0.4794352363413137,0.888509670079636,0.6228070175438597
863.9238076363987,781,849,98,171,0.888509670079636,0.8323529411764706,0.47914110429447854,0.888509670079636,0.6225587883618973
863.9282789006263,781,850,98,170,0.888509670079636,0.8333333333333334,0.47884733292458614,0.888509670079636,0.6223107569721116
863.9303774699894,782,850,97,170,0.8896473265073948,0.8333333333333334,0.4791666666666667,0.8896473265073948,0.6228594185583433
863.9732872821088,783,850,96,170,0.8907849829351536,0.8333333333333334,0.47948560930802203,0.8907849829351536,0.6234076433121019
863.9906399640172,784,850,95,170,0.8919226393629124,0.8333333333333334,0.47980416156670747,0.8919226393629124,0.6239554317548747
863.9919897591459,785,850,94,170,0.8930602957906713,0.8333333333333334,0.4801223241590214,0.8930602957906713,0.624502784407319
864.0033760698592,785,851,94,169,0.8930602957906713,0.8343137254901961,0.4798288508557457,0.8930602957906713,0.6242544731610338
864.0493175107338,785,852,94,168,0.8930602957906713,0.8352941176470589,0.47953573610262673,0.8930602957906713,0.624006359300477
864.1003254711454,785,853,94,167,0.8930602957906713,0.8362745098039216,0.47924297924297926,0.8930602957906713,0.6237584425903854
864.1144235061571,786,853,93,167,0.89419795221843,0.8362745098039216,0.4795607077486272,0.89419795221843,0.6243050039714058
864.122534663954,786,854,93,166,0.89419795221843,0.8372549019607843,0.4792682926829268,0.89419795221843,0.6240571655418816
864.1535472350813,787,854,92,166,0.8953356086461889,0.8372549019607843,0.47958561852528947,0.8953356086461889,0.6246031746031746
864.1670468587838,787,855,92,165,0.8953356086461889,0.8382352941176471,0.47929354445797806,0.8953356086461889,0.6243554145180484
864.1688222124069,787,856,92,164,0.8953356086461889,0.8392156862745098,0.47900182592818014,0.8953356086461889,0.6241078509119746
864.194125709522,787,857,92,163,0.8953356086461889,0.8401960784313726,0.4787104622871046,0.8953356086461889,0.6238604835513277
864.2241844995605,787,858,92,162,0.8953356086461889,0.8411764705882353,0.478419452887538,0.8953356086461889,0.6236133122028527
864.2341461081697,787,859,92,161,0.8953356086461889,0.842156862745098,0.4781287970838396,0.8953356086461889,0.6233663366336634
864.2479185509865,788,859,91,161,0.8964732650739476,0.842156862745098,0.4784456587735276,0.8964732650739476,0.6239113222486145
864.2790793431311,788,860,91,160,0.8964732650739476,0.8431372549019608,0.47815533980582525,0.8964732650739476,0.6236644242184408
864.2867330044451,789,860,90,160,0.8976109215017065,0.8431372549019608,0.47847180109157067,0.8976109215017065,0.6242088607594937
864.3277657323949,790,860,89,160,0.8987485779294653,0.8431372549019608,0.47878787878787876,0.8987485779294653,0.6247528667457493
864.3690519470643,791,860,88,160,0.8998862343572241,0.8431372549019608,0.4791035735917626,0.8998862343572241,0.6252964426877471
864.3812329723488,791,861,88,159,0.8998862343572241,0.8441176470588235,0.4788135593220339,0.8998862343572241,0.6250493875938364
864.4001446628877,791,862,88,158,0.8998862343572241,0.8450980392156863,0.4785238959467635,0.8998862343572241,0.6248025276461295
864.4582549317641,791,863,88,157,0.8998862343572241,0.846078431372549,0.4782345828295042,0.8998862343572241,0.6245558626135018
864.4685714054825,792,863,87,157,0.9010238907849829,0.846078431372549,0.47854984894259817,0.9010238907849829,0.6250986582478295
864.4854484796726,792,864,87,156,0.9010238907849829,0.8470588235294118,0.4782608695652174,0.9010238907849829,0.6248520710059171
864.5434641234424,792,865,87,155,0.9010238907849829,0.8480392156862745,0.4779722389861195,0.9010238907849829,0.6246056782334385
864.5577439018736,792,866,87,154,0.9010238907849829,0.8490196078431372,0.4776839565741858,0.9010238907849829,0.6243594797004335
864.5626745519394,793,866,86,154,0.9021615472127418,0.8490196078431372,0.47799879445449067,0.9021615472127418,0.6249014972419229
864.6803574995514,794,866,85,154,0.9032992036405005,0.8490196078431372,0.4783132530120482,0.9032992036405005,0.6254430878298542
864.7085705340887,794,867,85,153,0.9032992036405005,0.85,0.4780252859723058,0.9032992036405005,0.6251968503937008
864.7318098902163,794,868,85,152,0.9032992036405005,0.8509803921568627,0.4777376654632972,0.9032992036405005,0.6249508067689886
864.7706154506751,794,869,85,151,0.9032992036405005,0.8519607843137255,0.47745039085989177,0.9032992036405005,0.6247049567269867
864.781644881409,795,869,84,151,0.9044368600682594,0.8519607843137255,0.4777644230769231,0.9044368600682594,0.6252457727093984
864.8118288380739,796,869,83,151,0.9055745164960182,0.8519607843137255,0.47807807807807806,0.9055745164960182,0.6257861635220126
864.8228236082043,796,870,83,150,0.9055745164960182,0.8529411764705882,0.4777911164465786,0.9055745164960182,0.6255402750491159
864.8416242556284,796,871,83,149,0.9055745164960182,0.8539215686274509,0.47750449910017995,0.9055745164960182,0.6252945797329144
864.8469511913678,796,872,83,148,0.9055745164960182,0.8549019607843137,0.47721822541966424,0.9055745164960182,0.6250490773458971
864.873335302698,796,873,83,147,0.9055745164960182,0.8558823529411764,0.47693229478729776,0.9055745164960182,0.6248037676609105
864.875842741506,796,874,83,146,0.9055745164960182,0.8568627450980392,0.47664670658682634,0.9055745164960182,0.6245586504511572
864.8842222876264,796,875,83,145,0.9055745164960182,0.8578431372549019,0.476361460203471,0.9055745164960182,0.624313725490196
864.8984154522498,797,875,82,145,0.906712172923777,0.8578431372549019,0.47667464114832536,0.906712172923777,0.6248529988239906
864.9059127908407,797,876,82,144,0.906712172923777,0.8588235294117647,0.47638971906754335,0.906712172923777,0.6246081504702196
864.9144372595791,797,877,82,143,0.906712172923777,0.8598039215686275,0.47610513739545995,0.906712172923777,0.6243634939287114
864.9419737113035,797,878,82,142,0.906712172923777,0.8607843137254902,0.47582089552238804,0.906712172923777,0.6241190289741582
864.9782565401202,797,879,82,141,0.906712172923777,0.861764705882353,0.4755369928400955,0.906712172923777,0.6238747553816048
865.0374717926863,797,880,82,140,0.906712172923777,0.8627450980392157,0.4752534287418008,0.906712172923777,0.6236306729264475
865.0649611243778,797,881,82,139,0.906712172923777,0.8637254901960785,0.47497020262216927,0.906712172923777,0.6233867813844348
865.0969003331509,798,881,81,139,0.9078498293515358,0.8637254901960785,0.4752829064919595,0.9078498293515358,0.6239249413604379
865.1579213036927,799,881,80,139,0.9089874857792947,0.8637254901960785,0.47559523809523807,0.9089874857792947,0.6244626807346619
865.192659882948,799,882,80,138,0.9089874857792947,0.8647058823529412,0.47531231409875074,0.9089874857792947,0.6242187499999999
865.2093681197952,799,883,80,137,0.9089874857792947,0.865686274509804,0.4750297265160523,0.9089874857792947,0.6239750097618117
865.2285064914525,799,884,80,136,0.9089874857792947,0.8666666666666667,0.47474747474747475,0.9089874857792947,0.6237314597970335
865.2603854891217,799,885,80,135,0.9089874857792947,0.8676470588235294,0.4744655581947744,0.9089874857792947,0.6234880998829497
865.2759382660174,799,886,80,134,0.9089874857792947,0.8686274509803922,0.47418397626112757,0.9089874857792947,0.6232449297971919
865.2939719917052,799,887,80,133,0.9089874857792947,0.8696078431372549,0.4739027283511269,0.9089874857792947,0.6230019493177388
865.3298211852848,799,888,80,132,0.9089874857792947,0.8705882352941177,0.4736218138707765,0.9089874857792947,0.622759158222915
865.3957646319332,799,889,80,131,0.9089874857792947,0.8715686274509804,0.47334123222748814,0.9089874857792947,0.6225165562913908
865.4023437615323,799,890,80,130,0.9089874857792947,0.8725490196078431,0.47306098283007697,0.9089874857792947,0.6222741433021807
865.4118071373986,799,891,80,129,0.9089874857792947,0.8735294117647059,0.4727810650887574,0.9089874857792947,0.6220319190346437
865.428099640456,799,892,80,128,0.9089874857792947,0.8745098039215686,0.47250147841513895,0.9089874857792947,0.6217898832684825
865.4306340680491,800,892,79,128,0.9101251422070534,0.8745098039215686,0.4728132387706856,0.9101251422070534,0.6223259432127577
865.4663991911557,800,893,79,127,0.9101251422070534,0.8754901960784314,0.47253396337861786,0.9101251422070534,0.6220839813374807
865.4695999448317,800,894,79,126,0.9101251422070534,0.8764705882352941,0.4722550177095632,0.9101251422070534,0.6218422075398368
865.4759255416473,801,894,78,126,0.9112627986348123,0.8764705882352941,0.4725663716814159,0.9112627986348123,0.6223776223776224
865.4821538166518,801,895,78,125,0.9112627986348123,0.8774509803921569,0.4722877358490566,0.9112627986348123,0.6221359223300972
865.4864335600854,801,896,78,124,0.9112627986348123,0.8784313725490196,0.47200942840306426,0.9112627986348123,0.6218944099378882
865.5065206982259,801,897,78,123,0.9112627986348123,0.8794117647058823,0.4717314487632509,0.9112627986348123,0.6216530849825379
865.5569110553038,802,897,77,123,0.9124004550625711,0.8794117647058823,0.4720423778693349,0.9124004550625711,0.6221877424359968
865.5677944470384,802,898,77,122,0.9124004550625711,0.8803921568627451,0.4717647058823529,0.9124004550625711,0.6219464908879411
865.5766736027309,802,899,77,121,0.9124004550625711,0.8813725490196078,0.4714873603762493,0.9124004550625711,0.6217054263565892
865.7179012083367,803,899,76,121,0.9135381114903299,0.8813725490196078,0.4717978848413631,0.9135381114903299,0.6222394420767143
865.8034614647694,803,900,76,120,0.9135381114903299,0.8823529411764706,0.4715208455666471,0.9135381114903299,0.621998450813323
865.833582257201,803,901,76,119,0.9135381114903299,0.8833333333333333,0.47124413145539906,0.9135381114903299,0.6217576461478901
865.8424826676433,803,902,76,118,0.9135381114903299,0.884313725490196,0.47096774193548385,0.9135381114903299,0.621517027863777
865.9053239571628,803,903,76,117,0.9135381114903299,0.8852941176470588,0.4706916764361079,0.9135381114903299,0.6212765957446809
865.9220074076227,803,904,76,116,0.9135381114903299,0.8862745098039215,0.47041593438781487,0.9135381114903299,0.6210363495746327
865.9563529555691,803,905,76,115,0.9135381114903299,0.8872549019607843,0.47014051522248246,0.9135381114903299,0.6207962891379977
866.0027400078701,804,905,75,115,0.9146757679180887,0.8872549019607843,0.47045055588063195,0.9146757679180887,0.6213292117465224
866.0057952689507,805,905,74,115,0.9158134243458476,0.8872549019607843,0.47076023391812866,0.9158134243458476,0.6218617226728467
866.027418678248,805,906,74,114,0.9158134243458476,0.888235294117647,0.47048509643483344,0.9158134243458476,0.6216216216216216
866.0304910277281,806,906,73,114,0.9169510807736063,0.888235294117647,0.47079439252336447,0.9169510807736063,0.6221536086453107
866.0527562915252,806,907,73,113,0.9169510807736063,0.8892156862745098,0.4705195563339171,0.9169510807736063,0.6219135802469136
866.0726881320302,806,908,73,112,0.9169510807736063,0.8901960784313725,0.47024504084014,0.9169510807736063,0.6216737369841883
866.0884611462146,806,909,73,111,0.9169510807736063,0.8911764705882353,0.46997084548104956,0.9169510807736063,0.6214340786430224
866.0941624799154,807,909,72,111,0.9180887372013652,0.8911764705882353,0.47027972027972026,0.9180887372013652,0.6219653179190751
866.1304636449908,807,910,72,110,0.9180887372013652,0.8921568627450981,0.47000582411182296,0.9180887372013652,0.6217257318952235
866.1450364184676,808,910,71,110,0.919226393629124,0.8921568627450981,0.470314318975553,0.919226393629124,0.6222564497497112
866.2036136062715,808,911,71,109,0.919226393629124,0.8931372549019608,0.4700407213496219,0.919226393629124,0.6220169361046959
866.2074884473554,808,912,71,108,0.919226393629124,0.8941176470588236,0.4697674418604651,0.919226393629124,0.6217776067718354
866.2502903253259,808,913,71,107,0.919226393629124,0.8950980392156863,0.4694944799535154,0.919226393629124,0.6215384615384615
866.2902763425948,809,913,70,107,0.9203640500568828,0.8950980392156863,0.46980255516840885,0.9203640500568828,0.6220684352172242
866.3405501334285,810,913,69,107,0.9215017064846417,0.8950980392156863,0.4701102727800348,0.9215017064846417,0.622598001537279
866.3485150996859,810,914,69,106,0.9215017064846417,0.8960784313725491,0.46983758700696054,0.9215017064846417,0.622358816749904
866.3591834117545,810,915,69,105,0.9215017064846417,0.8970588235294118,0.46956521739130436,0.9215017064846417,0.6221198156682027
866.3903125683631,810,916,69,104,0.9215017064846417,0.8980392156862745,0.46929316338354576,0.9215017064846417,0.6218809980806143
866.5124384149289,810,917,69,103,0.9215017064846417,0.8990196078431373,0.46902142443543715,0.9215017064846417,0.6216423637759019
866.6273972626121,811,917,68,103,0.9226393629124005,0.8990196078431373,0.4693287037037037,0.9226393629124005,0.6221710778672804
866.6304078291519,811,918,68,102,0.9226393629124005,0.9,0.46905725853094277,0.9226393629124005,0.6219325153374233
866.6855359058559,811,919,68,101,0.9226393629124005,0.9009803921568628,0.4687861271676301,0.9226393629124005,0.6216941356841702
866.6863024697623,812,919,67,101,0.9237770193401593,0.9009803921568628,0.4690930098209128,0.9237770193401593,0.6222222222222222
866.7035354092404,813,919,66,101,0.9249146757679181,0.9009803921568628,0.4693995381062356,0.9249146757679181,0.6227499042512448
866.7437240940958,813,920,66,100,0.9249146757679181,0.9019607843137255,0.46912867859203694,0.9249146757679181,0.6225114854517612
866.7468464175126,814,920,65,100,0.926052332195677,0.9019607843137255,0.46943483275663206,0.926052332195677,0.6230386528893991
866.7649755782622,815,920,64,100,0.9271899886234357,0.9019607843137255,0.4697406340057637,0.9271899886234357,0.6235654169854629
866.805569447218,815,921,64,99,0.9271899886234357,0.9029411764705882,0.4694700460829493,0.9271899886234357,0.6233269598470362
866.8688383056142,815,922,64,98,0.9271899886234357,0.903921568627451,0.46919976971790445,0.9271899886234357,0.6230886850152906
866.8740491750348,816,922,63,98,0.9283276450511946,0.903921568627451,0.46950517836593786,0.9283276450511946,0.6236148261367979
866.9233572668472,816,923,63,97,0.9283276450511946,0.9049019607843137,0.46923519263944796,0.9283276450511946,0.6233766233766234
866.9465937226481,816,924,63,96,0.9283276450511946,0.9058823529411765,0.4689655172413793,0.9283276450511946,0.6231386025200458
866.9586832950079,817,924,62,96,0.9294653014789533,0.9058823529411765,0.46927053417576103,0.9294653014789533,0.6236641221374046
866.9873534244315,818,924,61,96,0.9306029579067122,0.9058823529411765,0.4695752009184845,0.9306029579067122,0.6241892407478062
867.0060413632935,819,924,60,96,0.931740614334471,0.9058823529411765,0.46987951807228917,0.931740614334471,0.6247139588100686
867.0116242673498,819,925,60,95,0.931740614334471,0.9068627450980392,0.46961009174311924,0.931740614334471,0.6244757910789173
867.0158731651578,819,926,60,94,0.931740614334471,0.907843137254902,0.46934097421203436,0.931740614334471,0.6242378048780487
867.0617888469523,820,926,59,94,0.9328782707622298,0.907843137254902,0.46964490263459335,0.9328782707622298,0.6247619047619047
867.1206768064134,820,927,59,93,0.9328782707622298,0.9088235294117647,0.4693760732684602,0.9328782707622298,0.6245239908606245
867.196622932962,821,927,58,93,0.9340159271899886,0.9088235294117647,0.4696796338672769,0.9340159271899886,0.6250475827940617
867.2117911488867,822,927,57,93,0.9351535836177475,0.9088235294117647,0.4699828473413379,0.9351535836177475,0.6255707762557077
867.2246267264451,823,927,56,93,0.9362912400455062,0.9088235294117647,0.4702857142857143,0.9362912400455062,0.6260935717002662
867.2271007496729,823,928,56,92,0.9362912400455062,0.9098039215686274,0.47001713306681897,0.9362912400455062,0.6258555133079848
867.2350655954613,823,929,56,91,0.9362912400455062,0.9107843137254902,0.4697488584474886,0.9362912400455062,0.6256176358798936
867.2909175479491,823,930,56,90,0.9362912400455062,0.9117647058823529,0.4694808899030234,0.9362912400455062,0.6253799392097265
867.2939278851911,823,931,56,89,0.9362912400455062,0.9127450980392157,0.4692132269099202,0.9362912400455062,0.6251424230915306
867.2959690087795,823,932,56,88,0.9362912400455062,0.9137254901960784,0.4689458689458689,0.9362912400455062,0.6249050873196659
867.3008826369531,824,932,55,88,0.9374288964732651,0.9137254901960784,0.46924829157175396,0.9374288964732651,0.625426944971537
867.3778724583142,824,933,55,87,0.9374288964732651,0.9147058823529411,0.46898121798520204,0.9374288964732651,0.6251896813353566
867.393706243304,824,934,55,86,0.9374288964732651,0.9156862745098039,0.46871444823663255,0.9374288964732651,0.6249525976488434
867.4599306321494,825,934,54,86,0.9385665529010239,0.9156862745098039,0.46901648664013645,0.9385665529010239,0.6254738438210766
867.4766905737888,826,934,53,86,0.9397042093287827,0.9156862745098039,0.4693181818181818,0.9397042093287827,0.6259946949602122
867.4952920838213,826,935,53,85,0.9397042093287827,0.9166666666666666,0.4690516751845542,0.9397042093287827,0.6257575757575757
867.5648290175096,826,936,53,84,0.9397042093287827,0.9176470588235294,0.46878547105561863,0.9397042093287827,0.6255206361226808
867.5729101167392,826,937,53,83,0.9397042093287827,0.9186274509803921,0.4685195689166194,0.9397042093287827,0.6252838758516275
867.5744780119114,827,937,52,83,0.9408418657565415,0.9186274509803921,0.4688208616780045,0.9408418657565415,0.625804010594022
867.6203178010808,828,937,51,83,0.9419795221843004,0.9186274509803921,0.46912181303116146,0.9419795221843004,0.6263237518910741
867.6351514361477,829,937,50,83,0.9431171786120591,0.9186274509803921,0.4694224235560589,0.9431171786120591,0.6268431001890359
867.6885548700822,829,938,50,82,0.9431171786120591,0.9196078431372549,0.46915676287492925,0.9431171786120591,0.6266061980347695
867.7282733008834,829,939,50,81,0.9431171786120591,0.9205882352941176,0.4688914027149321,0.9431171786120591,0.6263694748772195
867.869593258455,829,940,50,80,0.9431171786120591,0.9215686274509803,0.4686263425664217,0.9431171786120591,0.6261329305135952
867.8825575700497,830,940,49,80,0.944254835039818,0.9215686274509803,0.4689265536723164,0.944254835039818,0.6266515666289166
867.9273251191747,830,941,49,79,0.944254835039818,0.9225490196078432,0.4686617730095991,0.944254835039818,0.6264150943396226
868.0090630674431,831,941,48,79,0.9453924914675768,0.9225490196078432,0.46896162528216706,0.9453924914675768,0.6269332327423615
868.0312246857957,831,942,48,78,0.9453924914675768,0.9235294117647059,0.4686971235194585,0.9453924914675768,0.6266968325791855
868.0913373664922,832,942,47,78,0.9465301478953356,0.9235294117647059,0.4689966178128523,0.9465301478953356,0.6272144741801734
868.13228886709,832,943,47,77,0.9465301478953356,0.9245098039215687,0.4687323943661972,0.9465301478953356,0.6269781461944235
868.1861989805207,832,944,47,76,0.9465301478953356,0.9254901960784314,0.46846846846846846,0.9465301478953356,0.6267419962335217
868.2535326584363,832,945,47,75,0.9465301478953356,0.9264705882352942,0.46820483961733256,0.9465301478953356,0.6265060240963856
868.2536319101515,832,946,47,74,0.9465301478953356,0.9274509803921569,0.46794150731158607,0.9465301478953356,0.6262702295822357
868.2970669697605,832,947,47,73,0.9465301478953356,0.9284313725490196,0.46767847105115234,0.9465301478953356,0.6260346124905944
868.3557457881839,832,948,47,72,0.9465301478953356,0.9294117647058824,0.46741573033707867,0.9465301478953356,0.6257991726212863
868.3968870236628,832,949,47,71,0.9465301478953356,0.9303921568627451,0.46715328467153283,0.9465301478953356,0.6255639097744361
868.441069491043,832,950,47,70,0.9465301478953356,0.9313725490196079,0.4668911335578002,0.9465301478953356,0.6253288237504697
868.4519416853527,832,951,47,69,0.9465301478953356,0.9323529411764706,0.4666292765002804,0.9465301478953356,0.6250939143501127
868.4647638344842,833,951,46,69,0.9476678043230944,0.9323529411764706,0.4669282511210762,0.9476678043230944,0.6256102140443109
868.5075270069782,834,951,45,69,0.9488054607508533,0.9323529411764706,0.4672268907563025,0.9488054607508533,0.6261261261261261
868.6769294642465,835,951,44,69,0.949943117178612,0.9323529411764706,0.467525195968645,0.949943117178612,0.626641651031895
868.6939723897693,836,951,43,69,0.9510807736063709,0.9323529411764706,0.46782316731952994,0.9510807736063709,0.6271567891972993
868.7147412317923,836,952,43,68,0.9510807736063709,0.9333333333333333,0.46756152125279643,0.9510807736063709,0.6269216347956507
868.7760630151531,836,953,43,67,0.9510807736063709,0.9343137254901961,0.4673001676914477,0.9510807736063709,0.6266866566716641
868.813858036126,836,954,43,66,0.9510807736063709,0.9352941176470588,0.4670391061452514,0.9510807736063709,0.6264518546272012
868.8325029491858,836,955,43,65,0.9510807736063709,0.9362745098039216,0.4667783361250698,0.9510807736063709,0.6262172284644194
868.8544514364837,836,956,43,64,0.9510807736063709,0.9372549019607843,0.46651785714285715,0.9510807736063709,0.6259827779857731
868.902165929897,836,957,43,63,0.9510807736063709,0.9382352941176471,0.4662576687116564,0.9510807736063709,0.625748502994012
868.9053299643599,837,957,42,63,0.9522184300341296,0.9382352941176471,0.4665551839464883,0.9522184300341296,0.6262626262626262
869.0109522719033,837,958,42,62,0.9522184300341296,0.9392156862745098,0.46629526462395543,0.9522184300341296,0.6260284218399401
869.0462837445123,837,959,42,61,0.9522184300341296,0.9401960784313725,0.46603563474387527,0.9522184300341296,0.6257943925233646
869.0496300791679,837,960,42,60,0.9522184300341296,0.9411764705882353,0.4657762938230384,0.9522184300341296,0.625560538116592
869.0993053971256,837,961,42,59,0.9522184300341296,0.942156862745098,0.46551724137931033,0.9522184300341296,0.6253268584236086
869.1119894763167,837,962,42,58,0.9522184300341296,0.9431372549019608,0.4652584769316287,0.9522184300341296,0.6250933532486932
869.1804795312612,838,962,41,58,0.9533560864618885,0.9431372549019608,0.46555555555555556,0.9533560864618885,0.6256065696155281
869.239954922377,838,963,41,57,0.9533560864618885,0.9441176470588235,0.4652970571904497,0.9533560864618885,0.6253731343283583
869.2603684375729,839,963,40,57,0.9544937428896473,0.9441176470588235,0.4655937846836848,0.9544937428896473,0.6258858634837747
869.2724244991697,839,964,40,56,0.9544937428896473,0.9450980392156862,0.4653355518580144,0.9544937428896473,0.6256524981357197
869.286617795448,840,964,39,56,0.9556313993174061,0.9450980392156862,0.4656319290465632,0.9556313993174061,0.6261647409616101
869.5248632879138,840,965,39,55,0.9556313993174061,0.946078431372549,0.46537396121883656,0.9556313993174061,0.6259314456035767
869.5561473876575,840,966,39,54,0.9556313993174061,0.9470588235294117,0.46511627906976744,0.9556313993174061,0.6256983240223464
869.5714733066116,841,966,38,54,0.9567690557451649,0.9470588235294117,0.4654122855561704,0.9567690557451649,0.6262099776619507
869.6196150889799,841,967,38,53,0.9567690557451649,0.9480392156862745,0.4651548672566372,0.9567690557451649,0.6259769259397097
869.6956639492525,842,967,37,53,0.9579067121729238,0.9480392156862745,0.4654505251520177,0.9579067121729238,0.6264880952380952
869.7205726534162,843,967,36,53,0.9590443686006825,0.9480392156862745,0.46574585635359117,0.9590443686006825,0.6269988843436222
869.9444599789323,844,967,35,53,0.9601820250284414,0.9480392156862745,0.46604086140254003,0.9601820250284414,0.6275092936802974
869.978354114055,844,968,35,52,0.9601820250284414,0.9490196078431372,0.46578366445916114,0.9601820250284414,0.6272761055369751
869.9905256598495,845,968,34,52,0.9613196814562003,0.9490196078431372,0.46607832322118037,0.9613196814562003,0.6277860326894502
869.9935607706428,845,969,34,51,0.9613196814562003,0.95,0.4658213891951488,0.9613196814562003,0.6275529149647234
870.0412638891587,846,969,33,51,0.962457337883959,0.95,0.46611570247933887,0.962457337883959,0.6280623608017818
870.102211680338,846,970,33,50,0.962457337883959,0.9509803921568627,0.4658590308370044,0.962457337883959,0.6278293135435993
870.1242632791298,846,971,33,49,0.962457337883959,0.9519607843137254,0.46560264171711613,0.962457337883959,0.6275964391691395
870.1530481915345,847,971,32,49,0.9635949943117179,0.9519607843137254,0.4658965896589659,0.9635949943117179,0.6281053021876158
870.1828504439084,847,972,32,48,0.9635949943117179,0.9529411764705882,0.46564046179219354,0.9635949943117179,0.6278724981467755
870.2133227394372,847,973,32,47,0.9635949943117179,0.953921568627451,0.4653846153846154,0.9635949943117179,0.6276398666172657
870.214218316724,848,973,31,47,0.9647326507394767,0.953921568627451,0.4656781987918726,0.9647326507394767,0.6281481481481482
870.2493386186867,848,974,31,46,0.9647326507394767,0.9549019607843138,0.4654226125137212,0.9647326507394767,0.6279155868196964
870.2544293921558,848,975,31,45,0.9647326507394767,0.9558823529411765,0.46516730663741085,0.9647326507394767,0.6276831976313841
870.4185371373718,848,976,31,44,0.9647326507394767,0.9568627450980393,0.4649122807017544,0.9647326507394767,0.627450980392157
870.5048266158349,848,977,31,43,0.9647326507394767,0.957843137254902,0.46465753424657535,0.9647326507394767,0.6272189349112427
870.5160474414716,848,978,31,42,0.9647326507394767,0.9588235294117647,0.4644030668127054,0.9647326507394767,0.6269870609981515
870.5268428392003,848,979,31,41,0.9647326507394767,0.9598039215686275,0.4641488779419814,0.9647326507394767,0.6267553584626755
870.542703147353,848,980,31,40,0.9647326507394767,0.9607843137254902,0.4638949671772429,0.9647326507394767,0.6265238271148873
870.5480048718881,848,981,31,39,0.9647326507394767,0.961764705882353,0.46364133406232916,0.9647326507394767,0.6262924667651404
870.5933488035586,848,982,31,38,0.9647326507394767,0.9627450980392157,0.4633879781420765,0.9647326507394767,0.6260612772240679
870.6090114890391,849,982,30,38,0.9658703071672355,0.9627450980392157,0.4636810486073184,0.9658703071672355,0.6265682656826569
870.6130356216647,850,982,29,38,0.9670079635949943,0.9627450980392157,0.46397379912663755,0.9670079635949943,0.6270748801180376
870.6140116470528,850,983,29,37,0.9670079635949943,0.9637254901960784,0.46372067648663395,0.9670079635949943,0.6268436578171092
870.6207632338603,850,984,29,36,0.9670079635949943,0.9647058823529412,0.46346782988004365,0.9670079635949943,0.6266126059712496
870.6898699041371,850,985,29,35,0.9670079635949943,0.9656862745098039,0.46321525885558584,0.9670079635949943,0.6263817243920412
870.7269872043619,851,985,28,35,0.9681456200227532,0.9656862745098039,0.46350762527233114,0.9681456200227532,0.6268876611418048
870.7666489066144,851,986,28,34,0.9681456200227532,0.9666666666666667,0.4632553075666848,0.9681456200227532,0.6266568483063328
870.8310479764842,852,986,27,34,0.9692832764505119,0.9666666666666667,0.46354733405875953,0.9692832764505119,0.6271623113728377
870.8335089642477,852,987,27,33,0.9692832764505119,0.9676470588235294,0.4632952691680261,0.9692832764505119,0.6269315673289183
870.8656053476411,852,988,27,32,0.9692832764505119,0.9686274509803922,0.46304347826086956,0.9692832764505119,0.6267009930121368
870.8749325919504,852,989,27,31,0.9692832764505119,0.9696078431372549,0.4627919608908202,0.9692832764505119,0.6264705882352941
870.8978664306483,852,990,27,30,0.9692832764505119,0.9705882352941176,0.46254071661237783,0.9692832764505119,0.6262403528114663
870.9203957422872,853,990,26,30,0.9704209328782708,0.9705882352941176,0.4628323385784048,0.9704209328782708,0.6267450404114623
870.9512795838989,854,990,25,30,0.9715585893060296,0.9705882352941176,0.4631236442516269,0.9715585893060296,0.6272493573264781
871.0021964151473,854,991,25,29,0.9715585893060296,0.9715686274509804,0.46287262872628726,0.9715585893060296,0.6270190895741556
871.0244921763806,854,992,25,28,0.9715585893060296,0.9725490196078431,0.4626218851570964,0.9715585893060296,0.6267889908256881
871.1030070674896,855,992,24,28,0.9726962457337884,0.9725490196078431,0.4629128316188414,0.9726962457337884,0.6272927366104183
871.2184990022903,856,992,23,28,0.9738339021615472,0.9725490196078431,0.46320346320346323,0.9738339021615472,0.6277961129446278
871.2309093668296,857,992,22,28,0.9749715585893061,0.9725490196078431,0.46349378042184963,0.9749715585893061,0.6282991202346041
871.3847105774342,857,993,22,27,0.9749715585893061,0.9735294117647059,0.46324324324324323,0.9749715585893061,0.628068889703188
871.5037575260534,857,994,22,26,0.9749715585893061,0.9745098039215686,0.4629929767693139,0.9749715585893061,0.6278388278388279
871.6367423415338,858,994,21,26,0.9761092150170648,0.9745098039215686,0.4632829373650108,0.9761092150170648,0.6283412669351885
871.6585617001567,858,995,21,25,0.9761092150170648,0.9754901960784313,0.46303291958985426,0.9761092150170648,0.6281112737920937
871.6743195524782,858,996,21,24,0.9761092150170648,0.9764705882352941,0.4627831715210356,0.9761092150170648,0.6278814489571899
871.8223724632112,859,996,20,24,0.9772468714448237,0.9764705882352941,0.46307277628032345,0.9772468714448237,0.628383321141185
871.893679148786,859,997,20,23,0.9772468714448237,0.9774509803921568,0.46282327586206895,0.9772468714448237,0.6281535648994515
871.9347450330705,859,998,20,22,0.9772468714448237,0.9784313725490196,0.46257404415724285,0.9772468714448237,0.6279239766081871
871.9427913628206,860,998,19,22,0.9783845278725825,0.9784313725490196,0.4628632938643703,0.9783845278725825,0.628425283156741
871.9441284552386,860,999,19,21,0.9783845278725825,0.9794117647058823,0.4626143087681549,0.9783845278725825,0.6281957633308984
871.9572980905057,861,999,18,21,0.9795221843003413,0.9794117647058823,0.4629032258064516,0.9795221843003413,0.628696604600219
872.0106761518844,862,999,17,21,0.9806598407281001,0.9794117647058823,0.4631918323481999,0.9806598407281001,0.6291970802919707
872.0614538733865,862,1000,17,20,0.9806598407281001,0.9803921568627451,0.46294307196562834,0.9806598407281001,0.6289675300985041
872.1938299453918,863,1000,16,20,0.981797497155859,0.9803921568627451,0.4632313472893183,0.981797497155859,0.6294675419401896
872.2612235978088,863,1001,16,19,0.981797497155859,0.9813725490196078,0.46298283261802575,0.981797497155859,0.6292380605176814
872.3306793298478,864,1001,15,19,0.9829351535836177,0.9813725490196078,0.46327077747989276,0.9829351535836177,0.6297376093294461
872.4444865818601,864,1002,15,18,0.9829351535836177,0.9823529411764705,0.4630225080385852,0.9829351535836177,0.6295081967213114
872.6339438412117,865,1002,14,18,0.9840728100113766,0.9823529411764705,0.4633101231922871,0.9840728100113766,0.6300072833211945
872.7940162960132,866,1002,13,18,0.9852104664391353,0.9823529411764705,0.46359743040685225,0.9852104664391353,0.6305060065526028
872.7955196094092,866,1003,13,17,0.9852104664391353,0.9833333333333333,0.4633493846976993,0.9852104664391353,0.6302765647743813
872.8584382891323,867,1003,12,17,0.9863481228668942,0.9833333333333333,0.4636363636363636,0.9863481228668942,0.6307748272098945
872.9528590521271,867,1004,12,16,0.9863481228668942,0.984313725490196,0.4633885622661678,0.9863481228668942,0.6305454545454546
873.0331918700097,867,1005,12,15,0.9863481228668942,0.9852941176470589,0.46314102564102566,0.9863481228668942,0.6303162486368593
873.096133704705,867,1006,12,14,0.9863481228668942,0.9862745098039216,0.4628937533368927,0.9863481228668942,0.6300872093023256
873.106554745767,867,1007,12,13,0.9863481228668942,0.9872549019607844,0.4626467449306297,0.9863481228668942,0.6298583363603342
873.2395148776434,868,1007,11,13,0.987485779294653,0.9872549019607844,0.4629333333333333,0.987485779294653,0.6303558460421206
873.2491863188349,869,1007,10,13,0.9886234357224118,0.9872549019607844,0.4632196162046908,0.9886234357224118,0.6308529945553539
873.2774350247367,869,1008,10,12,0.9886234357224118,0.9882352941176471,0.46297282898241876,0.9886234357224118,0.6306240928882438
873.3682723112386,869,1009,10,11,0.9886234357224118,0.9892156862745098,0.4627263045793397,0.9886234357224118,0.6303953572723976
873.3696505426483,869,1010,10,10,0.9886234357224118,0.9901960784313726,0.4624800425758382,0.9886234357224118,0.6301667875271936
873.4244360965685,870,1010,9,10,0.9897610921501706,0.9901960784313726,0.4627659574468085,0.9897610921501706,0.6306632837984777
873.467193002356,870,1011,9,9,0.9897610921501706,0.9911764705882353,0.4625199362041467,0.9897610921501706,0.6304347826086957
873.557223829441,870,1012,9,8,0.9897610921501706,0.9921568627450981,0.4622741764080765,0.9897610921501706,0.6302064469395147
873.6582486724444,870,1013,9,7,0.9897610921501706,0.9931372549019608,0.4620286776420605,0.9897610921501706,0.6299782766111514
873.6847208807546,871,1013,8,7,0.9908987485779295,0.9931372549019608,0.46231422505307856,0.9908987485779295,0.6304741223307999
873.7095373242316,872,1013,7,7,0.9920364050056882,0.9931372549019608,0.4625994694960212,0.9920364050056882,0.6309696092619392
873.7591843478099,873,1013,6,7,0.9931740614334471,0.9931372549019608,0.4628844114528102,0.9931740614334471,0.6314647377938517
873.9569488082694,873,1014,6,6,0.9931740614334471,0.9941176470588236,0.4626391096979332,0.9931740614334471,0.631236442516269
874.3481930762241,873,1015,6,5,0.9931740614334471,0.9950980392156863,0.4623940677966102,0.9931740614334471,0.631008312251536
874.4204893582883,873,1016,6,4,0.9931740614334471,0.996078431372549,0.4621492853361567,0.9931740614334471,0.6307803468208092
874.5049352706175,873,1017,6,3,0.9931740614334471,0.9970588235294118,0.46190476190476193,0.9931740614334471,0.6305525460455038
874.5649189229601,874,1017,5,3,0.9943117178612059,0.9970588235294118,0.4621893178212586,0.9943117178612059,0.6310469314079422
874.8255176878433,875,1017,4,3,0.9954493742889647,0.9970588235294118,0.46247357293868924,0.9954493742889647,0.6315409599422591
876.2217758572309,876,1017,3,3,0.9965870307167235,0.9970588235294118,0.46275752773375595,0.9965870307167235,0.6320346320346321
876.3925102549582,877,1017,2,3,0.9977246871444824,0.9970588235294118,0.46304118268215416,0.9977246871444824,0.6325279480706816
876.6422953498939,878,1017,1,3,0.9988623435722411,0.9970588235294118,0.4633245382585752,0.9988623435722411,0.6330209084354722
876.8261164316913,878,1018,1,2,0.9988623435722411,0.9980392156862745,0.4630801687763713,0.9988623435722411,0.6327927927927928
878.3906086073263,879,1018,0,2,1.0,0.9980392156862745,0.463363205060622,1.0,0.6332853025936599
883.3733604265701,879,1019,0,1,1.0,0.9990196078431373,0.4631190727081138,1.0,0.6330572560316888
