threshold,fpr,tpr
0.0,0.0,0.0
-0.6731735869963859,1.0411244143675169e-4,0.0
-0.6727619511887521,1.0411244143675169e-4,0.001006036217303823
-0.6694779133445833,2.0822488287350338e-4,0.001006036217303823
-0.6649885205969432,3.1233732431025507e-4,0.001006036217303823
-0.662147321588392,4.1644976574700676e-4,0.001006036217303823
-0.6524979082110262,5.205622071837585e-4,0.001006036217303823
-0.645748108184948,6.246746486205101e-4,0.002012072434607646
-0.6453532426566871,7.287870900572618e-4,0.002012072434607646
-0.6445642358160139,7.287870900572618e-4,0.0030181086519114686
-0.6441700942084,8.328995314940135e-4,0.0030181086519114686
-0.6429891148671356,0.001041124414367517,0.0030181086519114686
-0.640241909495786,0.0011452368558042686,0.0030181086519114686
-0.6394591517549272,0.0012493492972410203,0.0030181086519114686
-0.6367270283397075,0.001353461738677772,0.0030181086519114686
-0.636337679069897,0.0014575741801145237,0.0030181086519114686
-0.6359485678814731,0.0017699115044247787,0.0030181086519114686
-0.6343945010313149,0.001978136387298282,0.0030181086519114686
-0.633618892313617,0.002082248828735034,0.0030181086519114686
-0.6332314436235499,0.002290473711608537,0.004024144869215292
-0.6328442318526929,0.002394586153045289,0.005030181086519115
-0.6316840166070988,0.0024986985944820406,0.005030181086519115
-0.6282161176557215,0.0026028110359187923,0.005030181086519115
-0.6266809465860921,0.002706923477355544,0.005030181086519115
-0.6251495270123999,0.0028110359187922956,0.006036217303822937
-0.6243852211708023,0.0029151483602290473,0.006036217303822937
-0.6237490134913776,0.0029151483602290473,0.007042253521126761
-0.6233676000879271,0.003019260801665799,0.007042253521126761
-0.6232405141224261,0.0031233732431025507,0.007042253521126761
-0.6226054728245718,0.0032274856845393024,0.007042253521126761
-0.6201982115207691,0.003331598125976054,0.007042253521126761
-0.6199453576536815,0.003331598125976054,0.008048289738430584
-0.6172426698513086,0.0034357105674128058,0.008048289738430584
-0.6167933687974544,0.0035398230088495575,0.008048289738430584
-0.6156625801549394,0.003643935450286309,0.008048289738430584
-0.6152730076632409,0.003748047891723061,0.008048289738430584
-0.6149098730246721,0.0038521603331598125,0.008048289738430584
-0.6139684947674092,0.003956272774596564,0.008048289738430584
-0.6111601187523641,0.004060385216033316,0.008048289738430584
-0.6104129163172184,0.004164497657470068,0.008048289738430584
-0.6096666274094151,0.004268610098906819,0.008048289738430584
-0.6089212509120785,0.004372722540343571,0.008048289738430584
-0.6060724067317188,0.004476834981780323,0.008048289738430584
-0.6057018023148957,0.004580947423217074,0.008048289738430584
-0.6052080155872408,0.004685059864653826,0.008048289738430584
-0.6040984667739657,0.004685059864653826,0.009054325955734407
-0.6037290693925708,0.004789172306090578,0.009054325955734407
-0.6033598978922744,0.0048932847475273294,0.009054325955734407
-0.6029277269472457,0.004997397188964081,0.009054325955734407
-0.6026222319825701,0.005101509630400833,0.009054325955734407
-0.601640080151486,0.0052056220718375845,0.009054325955734407
-0.601517423775923,0.005309734513274336,0.009054325955734407
-0.6007295153652623,0.00551795939614784,0.009054325955734407
-0.6002292922870872,0.005622071837584591,0.009054325955734407
-0.6001698529169084,0.005726184279021343,0.009054325955734407
-0.600047496276602,0.005830296720458095,0.009054325955734407
-0.5985811608375737,0.005934409161894846,0.009054325955734407
-0.5971454956923107,0.006038521603331598,0.009054325955734407
-0.597118408680924,0.00614263404476835,0.009054325955734407
-0.5960236908241326,0.006246746486205101,0.009054325955734407
-0.5956592310501895,0.006350858927641853,0.009054325955734407
-0.5952823160673347,0.006454971369078605,0.009054325955734407
-0.5935981646081371,0.0065590838105153565,0.009054325955734407
-0.5928206293814572,0.006663196251952108,0.009054325955734407
-0.5927515644475512,0.00676730869338886,0.009054325955734407
-0.5926997710275048,0.0068714211348256116,0.009054325955734407
-0.5923891055310536,0.006975533576262363,0.009054325955734407
-0.5916648524775163,0.006975533576262363,0.01006036217303823
-0.5916028148611546,0.007079646017699115,0.01006036217303823
-0.5908898496344849,0.007183758459135867,0.01006036217303823
-0.5907005589493186,0.007287870900572618,0.01006036217303823
-0.5905285291293799,0.00739198334200937,0.01006036217303823
-0.5898580914049744,0.007496095783446122,0.01006036217303823
-0.5898065508106878,0.007600208224882873,0.01006036217303823
-0.5884976015091721,0.007704320666319625,0.01006036217303823
-0.5884907450205605,0.007808433107756377,0.01006036217303823
-0.5876459076697454,0.007912545549193128,0.01006036217303823
-0.5868133103300687,0.00801665799062988,0.01006036217303823
-0.5862098779798242,0.008120770432066632,0.01006036217303823
-0.5857831662036933,0.008224882873503384,0.01006036217303823
-0.5856180708537534,0.008328995314940135,0.01006036217303823
-0.5851862914920886,0.008433107756376887,0.01006036217303823
-0.5846860863412062,0.008537220197813639,0.01006036217303823
-0.5841134491989477,0.00864133263925039,0.01006036217303823
-0.5839556280078081,0.008745445080687142,0.01006036217303823
-0.5833782985138007,0.008849557522123894,0.01006036217303823
-0.5830425737847352,0.008953669963560645,0.01006036217303823
-0.5829237088831792,0.009057782404997397,0.01006036217303823
-0.5827539439165513,0.009161894846434149,0.01006036217303823
-0.5818340548674393,0.0092660072878709,0.01006036217303823
-0.5815669726831353,0.009370119729307652,0.01006036217303823
-0.581380668567745,0.009474232170744404,0.01006036217303823
-0.5813493890090959,0.009578344612181156,0.01006036217303823
-0.580078064450001,0.009682457053617907,0.01006036217303823
-0.579959949236064,0.009786569495054659,0.01006036217303823
-0.5798417127892385,0.009786569495054659,0.011066398390342052
-0.5784247542021839,0.00989068193649141,0.011066398390342052
-0.5781889313100788,0.009994794377928162,0.011066398390342052
-0.5779532045626079,0.010098906819364914,0.011066398390342052
-0.5778615895083837,0.010203019260801666,0.011066398390342052
-0.5777175739205732,0.010307131702238417,0.011066398390342052
-0.5770112582353463,0.01051535658511192,0.011066398390342052
-0.5764233215239112,0.010619469026548672,0.011066398390342052
-0.5759534035137757,0.010723581467985424,0.011066398390342052
-0.5754389907270114,0.010827693909422176,0.011066398390342052
-0.5751889283010294,0.010931806350858927,0.011066398390342052
-0.574857611045606,0.01103591879229568,0.011066398390342052
-0.5748472548265402,0.011140031233732431,0.011066398390342052
-0.5743117052758074,0.011244143675169183,0.011066398390342052
-0.5724412079381007,0.011348256116605934,0.011066398390342052
-0.5717413431212958,0.011452368558042686,0.011066398390342052
-0.5716247822018684,0.011556480999479438,0.011066398390342052
-0.5714583078234972,0.01166059344091619,0.011066398390342052
-0.5713917316480004,0.011764705882352941,0.011066398390342052
-0.5712752420038714,0.011868818323789693,0.011066398390342052
-0.5710423339570102,0.011972930765226444,0.011066398390342052
-0.5706311308564957,0.012077043206663196,0.011066398390342052
-0.5704878157606358,0.0122852680895367,0.011066398390342052
-0.5701116509450721,0.012389380530973451,0.011066398390342052
-0.5699832830083817,0.012493492972410203,0.011066398390342052
-0.5697630360047188,0.012597605413846955,0.011066398390342052
-0.5697509016912371,0.012701717855283706,0.011066398390342052
-0.56928642324285,0.012805830296720458,0.011066398390342052
-0.5692388552136065,0.01290994273815721,0.011066398390342052
-0.5687541325284735,0.013014055179593961,0.011066398390342052
-0.568224259562054,0.013118167621030713,0.011066398390342052
-0.5676645646214722,0.013222280062467465,0.011066398390342052
-0.565700363743697,0.013326392503904216,0.011066398390342052
-0.5655962469860004,0.013430504945340968,0.011066398390342052
-0.5651569267441262,0.013638729828214471,0.011066398390342052
-0.5650215584846482,0.013742842269651223,0.011066398390342052
-0.564892653082625,0.013846954711087975,0.011066398390342052
-0.5638016432979571,0.013951067152524727,0.011066398390342052
-0.5636392027841363,0.014055179593961478,0.011066398390342052
-0.5619180233591886,0.01415929203539823,0.011066398390342052
-0.5616889302361301,0.014263404476834982,0.011066398390342052
-0.5615744187023252,0.014367516918271733,0.011066398390342052
-0.5610675767521632,0.014471629359708485,0.011066398390342052
-0.560202099882724,0.014575741801145237,0.011066398390342052
-0.559995278704246,0.014679854242581988,0.011066398390342052
-0.5598595444879821,0.01478396668401874,0.011066398390342052
-0.5595823911654073,0.014888079125455492,0.011066398390342052
-0.559194056561072,0.014992191566892243,0.011066398390342052
-0.5590610629418308,0.015096304008328995,0.011066398390342052
-0.5579223501002236,0.015200416449765747,0.011066398390342052
-0.5571266314148381,0.015304528891202498,0.011066398390342052
-0.5568410993581587,0.01540864133263925,0.011066398390342052
-0.5566802877698582,0.015616866215512754,0.011066398390342052
-0.5565589558368456,0.015720978656949505,0.011066398390342052
-0.5559918586831171,0.015825091098386257,0.011066398390342052
-0.5559497545300272,0.01592920353982301,0.011066398390342052
-0.5559432772510191,0.016241540864133264,0.011066398390342052
-0.5548592582676274,0.016345653305570015,0.011066398390342052
-0.5547462780947652,0.016449765747006767,0.011066398390342052
-0.5539667482798901,0.01655387818844352,0.011066398390342052
-0.5531532478475903,0.01665799062988027,0.011066398390342052
-0.5523760949615202,0.016762103071317022,0.011066398390342052
-0.5522440584020323,0.016866215512753774,0.011066398390342052
-0.551322995361572,0.016970327954190526,0.011066398390342052
-0.550753473592692,0.016970327954190526,0.012072434607645875
-0.5498558573019928,0.017074440395627277,0.012072434607645875
-0.549850835417432,0.017074440395627277,0.013078470824949699
-0.5498314347855704,0.01717855283706403,0.013078470824949699
-0.5482246706930788,0.017386777719937532,0.013078470824949699
-0.5480801879126409,0.017490890161374284,0.013078470824949699
-0.5480663056731317,0.017490890161374284,0.014084507042253521
-0.5478415658619376,0.017595002602811036,0.014084507042253521
-0.5478005906431174,0.017699115044247787,0.014084507042253521
-0.5476182116891806,0.01780322748568454,0.014084507042253521
-0.5474000918642635,0.01790733992712129,0.014084507042253521
-0.5472195914193263,0.018011452368558042,0.014084507042253521
-0.5472185080006704,0.018115564809994794,0.014084507042253521
-0.5468849746387245,0.018219677251431546,0.014084507042253521
-0.5468287823890997,0.018323789692868298,0.014084507042253521
-0.5464550537023871,0.01842790213430505,0.014084507042253521
-0.5461686275236619,0.0185320145757418,0.014084507042253521
-0.5459936632155354,0.018636127017178553,0.014084507042253521
-0.5459816876094212,0.018740239458615304,0.014084507042253521
-0.5459739952325734,0.018844351900052056,0.014084507042253521
-0.5457511721513378,0.018948464341488808,0.014084507042253521
-0.5456184743454865,0.01905257678292556,0.014084507042253521
-0.5453896722044964,0.019260801665799063,0.014084507042253521
-0.545261682950049,0.019364914107235814,0.014084507042253521
-0.5451101554375438,0.019469026548672566,0.014084507042253521
-0.5439935201825304,0.019573138990109318,0.014084507042253521
-0.543638031990058,0.01967725143154607,0.014084507042253521
-0.5432385938971604,0.01978136387298282,0.014084507042253521
-0.5427552672672792,0.019885476314419573,0.014084507042253521
-0.5426230689128813,0.019989588755856325,0.014084507042253521
-0.5424841590680873,0.020093701197293076,0.014084507042253521
-0.5424812512657204,0.020197813638729828,0.014084507042253521
-0.5424587205373635,0.02030192608016658,0.014084507042253521
-0.5424429204324442,0.02040603852160333,0.014084507042253521
-0.54243463169711,0.020510150963040083,0.014084507042253521
-0.5423955228788749,0.020614263404476835,0.014084507042253521
-0.5423470277875658,0.020718375845913586,0.014084507042253521
-0.5419173961037688,0.020822488287350338,0.014084507042253521
-0.5417602152402321,0.02092660072878709,0.014084507042253521
-0.5415748678803578,0.02103071317022384,0.014084507042253521
-0.5415588486553234,0.021134825611660593,0.014084507042253521
-0.5409043613556717,0.021238938053097345,0.014084507042253521
-0.540613046588732,0.021447162935970848,0.014084507042253521
-0.5404363163689064,0.02165538781884435,0.014084507042253521
-0.5401410366507495,0.021759500260281103,0.014084507042253521
-0.5399730767759984,0.021863612701717855,0.014084507042253521
-0.5397950253250382,0.021967725143154607,0.014084507042253521
-0.539673483564715,0.02207183758459136,0.014084507042253521
-0.538983125435126,0.02217595002602811,0.014084507042253521
-0.5389152690790914,0.022280062467464862,0.014084507042253521
-0.5387583206975515,0.022384174908901613,0.014084507042253521
-0.5386484840275867,0.022488287350338365,0.014084507042253521
-0.5384916133419008,0.022592399791775117,0.014084507042253521
-0.538133623008583,0.02269651223321187,0.014084507042253521
-0.5380526184262417,0.02269651223321187,0.015090543259557344
-0.5373321892905707,0.02280062467464862,0.015090543259557344
-0.5372245614896417,0.022904737116085372,0.015090543259557344
-0.5366448950775181,0.023008849557522124,0.015090543259557344
-0.5366127247782873,0.023112961998958875,0.015090543259557344
-0.5363429191932779,0.023112961998958875,0.01609657947686117
-0.5358056113523889,0.023217074440395627,0.01609657947686117
-0.5344445389439121,0.02332118688183238,0.01609657947686117
-0.5343200182211161,0.02342529932326913,0.01609657947686117
-0.5338499173836387,0.023529411764705882,0.01609657947686117
-0.5337911287348748,0.023529411764705882,0.01710261569416499
-0.5335735029039541,0.023633524206142634,0.01710261569416499
-0.5335465351900056,0.023633524206142634,0.018108651911468814
-0.5334313223893531,0.023737636647579385,0.018108651911468814
-0.5333559657987536,0.023841749089016137,0.018108651911468814
-0.5326769627137604,0.02394586153045289,0.018108651911468814
-0.5323161225876757,0.02404997397188964,0.018108651911468814
-0.5322758113507975,0.024154086413326392,0.018108651911468814
-0.5316897890377676,0.024258198854763144,0.018108651911468814
-0.531366844472749,0.024362311296199896,0.018108651911468814
-0.5302659989053771,0.024362311296199896,0.019114688128772636
-0.5301961826136555,0.024466423737636647,0.019114688128772636
-0.5300340664822363,0.0245705361790734,0.019114688128772636
-0.5297939200676023,0.0245705361790734,0.02012072434607646
-0.5289386785346579,0.02467464862051015,0.02012072434607646
-0.5288427479237773,0.024778761061946902,0.02012072434607646
-0.5287814540286605,0.024882873503383654,0.02012072434607646
-0.5282119792991429,0.024986985944820406,0.02012072434607646
-0.5280385423044724,0.025091098386257157,0.02012072434607646
-0.527669543739833,0.02519521082769391,0.02012072434607646
-0.5273610484626103,0.02529932326913066,0.02012072434607646
-0.5273592664481301,0.025403435710567412,0.02012072434607646
-0.5271950063558637,0.025507548152004164,0.02012072434607646
-0.5271201127590173,0.025611660593440916,0.02012072434607646
-0.5268095495658935,0.025715773034877668,0.02012072434607646
-0.5266828348027672,0.02581988547631442,0.02012072434607646
-0.5265950975718705,0.02581988547631442,0.02112676056338028
-0.5262225283319021,0.02592399791775117,0.02112676056338028
-0.5258784826035116,0.026028110359187923,0.02112676056338028
-0.5246782742329276,0.026132222800624674,0.02112676056338028
-0.5237038034234431,0.02644456012493493,0.02112676056338028
-0.5234026673028002,0.02654867256637168,0.02112676056338028
-0.522424028986788,0.026652785007808433,0.02112676056338028
-0.5221412183325846,0.026756897449245184,0.02112676056338028
-0.5215774845978615,0.026861009890681936,0.02112676056338028
-0.5215632940579712,0.026965122332118688,0.02112676056338028
-0.5212536499259581,0.02706923477355544,0.02112676056338028
-0.5211382742566663,0.02717334721499219,0.02112676056338028
-0.5208893927113308,0.027277459656428943,0.02112676056338028
-0.5201881876857514,0.027381572097865695,0.02112676056338028
-0.5190536650259775,0.027485684539302446,0.02112676056338028
-0.5190265658372826,0.027589796980739198,0.02112676056338028
-0.5188814550483823,0.02769390942217595,0.02112676056338028
-0.5187316059244182,0.0277980218636127,0.02112676056338028
-0.5181806579617277,0.027902134305049453,0.02112676056338028
-0.5171953414082423,0.028006246746486205,0.02112676056338028
-0.5169596843747493,0.028110359187922956,0.02112676056338028
-0.5169034435146324,0.028214471629359708,0.02112676056338028
-0.5168664668974691,0.02831858407079646,0.02112676056338028
-0.5158615132530453,0.02842269651223321,0.02112676056338028
-0.5151906434282523,0.028526808953669963,0.02112676056338028
-0.5151317841897736,0.028630921395106715,0.02112676056338028
-0.5150655965710716,0.028735033836543467,0.02112676056338028
-0.5144877409259012,0.028839146277980218,0.02112676056338028
-0.5144668890583115,0.02894325871941697,0.02112676056338028
-0.5142260154278797,0.02904737116085372,0.02112676056338028
-0.5141051503323477,0.02904737116085372,0.022132796780684104
-0.5130294713557769,0.029151483602290473,0.022132796780684104
-0.5127289984982734,0.029255596043727225,0.022132796780684104
-0.5123940263259015,0.029359708485163977,0.022132796780684104
-0.5122895645451746,0.02946382092660073,0.022132796780684104
-0.512157697630128,0.02956793336803748,0.022132796780684104
-0.5117762020809206,0.029672045809474232,0.022132796780684104
-0.511347675958366,0.029776158250910983,0.022132796780684104
-0.5110193086488577,0.029880270692347735,0.022132796780684104
-0.5107780117914623,0.029984383133784487,0.022132796780684104
-0.5107225039012262,0.03008849557522124,0.022132796780684104
-0.5106952832297297,0.03019260801665799,0.022132796780684104
-0.5106880629357309,0.030296720458094742,0.022132796780684104
-0.5105798973463772,0.030400832899531494,0.022132796780684104
-0.5104102045561076,0.030504945340968245,0.022132796780684104
-0.5103698712414421,0.030504945340968245,0.023138832997987926
-0.5100049641065451,0.030609057782404997,0.023138832997987926
-0.5096861460638825,0.030609057782404997,0.02414486921529175
-0.509633723135957,0.03071317022384175,0.02414486921529175
-0.5096300899882976,0.0308172826652785,0.02414486921529175
-0.5095623642744213,0.031025507548152004,0.02414486921529175
-0.5093339578273015,0.031129619989588755,0.02414486921529175
-0.5090600991711918,0.031233732431025507,0.02414486921529175
-0.5088350293819861,0.03133784487246226,0.02414486921529175
-0.5086656505374342,0.03144195731389901,0.02414486921529175
-0.5086549448695581,0.03154606975533576,0.02414486921529175
-0.5086362629530903,0.03154606975533576,0.025150905432595575
-0.5082939224443033,0.031650182196772514,0.025150905432595575
-0.5079886740462276,0.031650182196772514,0.026156941649899398
-0.5078246243569153,0.031754294638209266,0.026156941649899398
-0.5077380625137558,0.03185840707964602,0.026156941649899398
-0.5074067776409017,0.03196251952108277,0.026156941649899398
-0.5070744544915052,0.03206663196251952,0.026156941649899398
-0.5068358713499603,0.03217074440395627,0.026156941649899398
-0.5067395552365134,0.032274856845393024,0.026156941649899398
-0.5066928564783618,0.032378969286829776,0.026156941649899398
-0.5066594398111309,0.032378969286829776,0.02716297786720322
-0.5060241766534276,0.03248308172826653,0.02716297786720322
-0.505906671595334,0.03269130661114003,0.02716297786720322
-0.505851693089313,0.03279541905257678,0.02716297786720322
-0.5057097079351749,0.032899531494013534,0.02716297786720322
-0.505431394668534,0.033003643935450286,0.02716297786720322
-0.5051953056079261,0.03310775637688704,0.02716297786720322
-0.5051882101466035,0.03321186881832379,0.02716297786720322
-0.5050916833669207,0.03342009370119729,0.02716297786720322
-0.5050088225909455,0.033524206142634044,0.02716297786720322
-0.5048195623642673,0.033628318584070796,0.02716297786720322
-0.5047350706597811,0.03373243102550755,0.02716297786720322
-0.5047291900746181,0.0338365434669443,0.02716297786720322
-0.5046554586450778,0.03394065590838105,0.02716297786720322
-0.5043868342210716,0.0340447683498178,0.02716297786720322
-0.504246170493995,0.034148880791254554,0.02716297786720322
-0.503997052789653,0.034252993232691306,0.02716297786720322
-0.5039143360860047,0.034252993232691306,0.028169014084507043
-0.5036224577709146,0.03435710567412806,0.028169014084507043
-0.5032797907759291,0.03446121811556481,0.028169014084507043
-0.5029384133545495,0.03456533055700156,0.028169014084507043
-0.5025727076241547,0.03466944299843831,0.028169014084507043
-0.5019168335582409,0.034773555439875065,0.028169014084507043
-0.5014793988957524,0.034877667881311816,0.028169014084507043
-0.5011401738054051,0.03498178032274857,0.028169014084507043
-0.501083469266276,0.03508589276418532,0.028169014084507043
-0.5010392823778052,0.03519000520562207,0.028169014084507043
-0.5005152826457661,0.03529411764705882,0.028169014084507043
-0.5003867070271588,0.035398230088495575,0.028169014084507043
-0.500228078225013,0.035502342529932326,0.028169014084507043
-0.500129712153017,0.03560645497136908,0.028169014084507043
-0.5000579723951829,0.03571056741280583,0.028169014084507043
-0.4999951265386926,0.03581467985424258,0.028169014084507043
-0.49951851339129005,0.03591879229567933,0.028169014084507043
-0.4991919181606154,0.036022904737116085,0.028169014084507043
-0.49838895098269154,0.03612701717855284,0.028169014084507043
-0.4977499375347111,0.03623112961998959,0.028169014084507043
-0.49749177054121413,0.03633524206142634,0.028169014084507043
-0.49738082460845134,0.03643935450286309,0.028169014084507043
-0.4971589214646074,0.036647579385736595,0.028169014084507043
-0.49708870466293625,0.03675169182717335,0.028169014084507043
-0.49627000232471813,0.0368558042686101,0.028169014084507043
-0.49569475269555496,0.03695991671004685,0.028169014084507043
-0.49559755147513895,0.0370640291514836,0.028169014084507043
-0.49551109519572323,0.03716814159292035,0.028169014084507043
-0.4954959649744158,0.037272254034357105,0.028169014084507043
-0.49532620879836897,0.03737636647579386,0.028169014084507043
-0.49532597576697024,0.03758459135866736,0.028169014084507043
-0.4946963565996598,0.03768870380010411,0.028169014084507043
-0.49357185960228916,0.037792816241540864,0.028169014084507043
-0.493094328041374,0.037896928682977615,0.028169014084507043
-0.4930187115070293,0.03800104112441437,0.028169014084507043
-0.4929397264088359,0.03810515356585112,0.028169014084507043
-0.49272490275351694,0.03820926600728787,0.028169014084507043
-0.49267863690716845,0.03831337844872462,0.028169014084507043
-0.4925719633432443,0.038417490890161374,0.028169014084507043
-0.49232765504181836,0.038417490890161374,0.029175050301810865
-0.4922091388756923,0.038417490890161374,0.030181086519114688
-0.49218117137572365,0.038521603331598125,0.030181086519114688
-0.4921594034105763,0.03862571577303488,0.030181086519114688
-0.4921417537556136,0.03872982821447163,0.030181086519114688
-0.49177046953224,0.03883394065590838,0.030181086519114688
-0.49175283153228455,0.03893805309734513,0.030181086519114688
-0.4916880414315614,0.039042165538781884,0.030181086519114688
-0.4911827483411144,0.039146277980218636,0.030181086519114688
-0.49110759279044236,0.03925039042165539,0.030181086519114688
-0.49017339285329065,0.03935450286309214,0.030181086519114688
-0.49015336033187834,0.03945861530452889,0.030181086519114688
-0.4900408014570283,0.03956272774596564,0.030181086519114688
-0.48965440241083613,0.039666840187402394,0.030181086519114688
-0.4893752895813435,0.039770952628839146,0.030181086519114688
-0.4892588328548847,0.0398750650702759,0.030181086519114688
-0.4892035799902022,0.03997917751171265,0.030181086519114688
-0.48904669197455813,0.0400832899531494,0.030181086519114688
-0.4887041419384206,0.040291514836022904,0.030181086519114688
-0.4884953312154732,0.040395627277459656,0.030181086519114688
-0.48840095181327237,0.04049973971889641,0.030181086519114688
-0.4882798869534184,0.04060385216033316,0.030181086519114688
-0.48822206354398634,0.04070796460176991,0.030181086519114688
-0.4881638546058528,0.04081207704320666,0.030181086519114688
-0.48748645395323015,0.04112441436751692,0.030181086519114688
-0.48733808618051633,0.04122852680895367,0.030181086519114688
-0.4873298359952341,0.04133263925039042,0.030181086519114688
-0.4869711576990395,0.04143675169182717,0.030181086519114688
-0.48685814643085396,0.041540864133263924,0.030181086519114688
-0.4866668431029274,0.04174908901613743,0.030181086519114688
-0.48600694654807586,0.04185320145757418,0.030181086519114688
-0.4859360549595977,0.04195731389901093,0.030181086519114688
-0.485705840918237,0.04206142634044768,0.030181086519114688
-0.4850885898021164,0.04206142634044768,0.03118712273641851
-0.48494951599170677,0.042165538781884435,0.03118712273641851
-0.48463835958657825,0.042269651223321186,0.03118712273641851
-0.4846322895986075,0.04237376366475794,0.03118712273641851
-0.4842840167023122,0.04247787610619469,0.03118712273641851
-0.4841935589336954,0.04258198854763144,0.03118712273641851
-0.48388176153040013,0.04258198854763144,0.03219315895372234
-0.4837836859989375,0.04258198854763144,0.03319919517102616
-0.4837726917572701,0.04268610098906819,0.03319919517102616
-0.48349763823941744,0.042790213430504945,0.03319919517102616
-0.48330326798578227,0.042894325871941696,0.03319919517102616
-0.4830624436337476,0.042894325871941696,0.03420523138832998
-0.4828937113718652,0.04299843831337845,0.03420523138832998
-0.4828399725363726,0.0431025507548152,0.03420523138832998
-0.4828396287478913,0.04320666319625195,0.03420523138832998
-0.48282923202031397,0.0433107756376887,0.03420523138832998
-0.4827760706782436,0.043414888079125455,0.03420523138832998
-0.48261453037700114,0.04351900052056221,0.03420523138832998
-0.48241156580950423,0.04362311296199896,0.03420523138832998
-0.482099211209867,0.04372722540343571,0.03420523138832998
-0.48208703254814134,0.04383133784487246,0.03420523138832998
-0.4820743277322168,0.04393545028630921,0.03420523138832998
-0.4820600113417439,0.044039562727745965,0.03420523138832998
-0.48205304533823107,0.04414367516918272,0.03420523138832998
-0.4819385184152997,0.04424778761061947,0.03420523138832998
-0.481906722403831,0.04435190005205622,0.03420523138832998
-0.4817860198006419,0.04445601249349297,0.03420523138832998
-0.4814572008877177,0.044560124934929723,0.03420523138832998
-0.48090051910518133,0.044664237376366475,0.03420523138832998
-0.4807712503827949,0.04487246225923998,0.03420523138832998
-0.4807327289553284,0.04497657470067673,0.03420523138832998
-0.48072884384537945,0.04508068714211348,0.03420523138832998
-0.4807101468752585,0.045288912024986985,0.03420523138832998
-0.4806064554678118,0.04539302446642374,0.03420523138832998
-0.48055493308501723,0.04549713690786049,0.03420523138832998
-0.4800919642637671,0.04560124934929724,0.03420523138832998
-0.48004017966086493,0.04570536179073399,0.03420523138832998
-0.48002039814932396,0.045809474232170744,0.03420523138832998
-0.47989114549377343,0.045913586673607495,0.03420523138832998
-0.47986099094209095,0.04601769911504425,0.03420523138832998
-0.4798275973521452,0.04601769911504425,0.035211267605633804
-0.4797594263279618,0.046121811556481,0.035211267605633804
-0.47955418817735346,0.04622592399791775,0.035211267605633804
-0.4786219970385533,0.0463300364393545,0.035211267605633804
-0.4784829959164941,0.046434148880791254,0.035211267605633804
-0.47830368631659037,0.046538261322228006,0.035211267605633804
-0.4780120894493657,0.04664237376366476,0.035211267605633804
-0.47786989852446676,0.04664237376366476,0.03621730382293763
-0.4778407849167735,0.04674648620510151,0.03621730382293763
-0.4777268669994272,0.04685059864653826,0.03621730382293763
-0.4773218349895664,0.04695471108797501,0.03621730382293763
-0.47682863035696793,0.047058823529411764,0.03621730382293763
-0.47651726835934066,0.047162935970848516,0.03621730382293763
-0.4764450313132154,0.04726704841228527,0.03621730382293763
-0.4764113038992855,0.04747527329515877,0.03621730382293763
-0.476229393908376,0.04757938573659552,0.03621730382293763
-0.4758432305452441,0.047683498178032274,0.03621730382293763
-0.47550064186712454,0.047787610619469026,0.03621730382293763
-0.47543011990157935,0.04789172306090578,0.03621730382293763
-0.47535441143031487,0.04799583550234253,0.03621730382293763
-0.4753298272947166,0.04809994794377928,0.03621730382293763
-0.475104971342104,0.04809994794377928,0.03722334004024145
-0.47504267296835806,0.04820406038521603,0.03722334004024145
-0.4741897127525449,0.048308172826652784,0.03722334004024145
-0.4741214352958829,0.048412285268089536,0.03722334004024145
-0.4739436971303042,0.04851639770952629,0.03722334004024145
-0.47371088899101227,0.04862051015096304,0.03722334004024145
-0.47365267487037066,0.04872462259239979,0.03722334004024145
-0.4736106491468519,0.04872462259239979,0.03822937625754527
-0.47351281475543605,0.04882873503383654,0.03822937625754527
-0.4734933514432887,0.049036959916710046,0.03822937625754527
-0.4734888824475872,0.0491410723581468,0.03822937625754527
-0.4732545062429062,0.04924518479958355,0.03822937625754527
-0.47283889181523403,0.0493492972410203,0.03822937625754527
-0.4726531693844091,0.04945340968245705,0.03822937625754527
-0.47217636698709853,0.049557522123893805,0.03822937625754527
-0.4719329735177758,0.049557522123893805,0.039235412474849095
-0.47175429037287386,0.049557522123893805,0.04024144869215292
-0.47165257685977274,0.049557522123893805,0.04124748490945674
-0.47152299046688095,0.049661634565330556,0.04124748490945674
-0.4713649199808664,0.04976574700676731,0.04124748490945674
-0.4712770243917321,0.04986985944820406,0.04124748490945674
-0.47122203420186426,0.04997397188964081,0.04124748490945674
-0.47120139687484985,0.05007808433107756,0.04124748490945674
-0.4711473062231373,0.050182196772514315,0.04124748490945674
-0.4710710947739607,0.050286309213951066,0.04124748490945674
-0.4709976898171859,0.05049453409682457,0.04124748490945674
-0.47097494866126116,0.05049453409682457,0.04225352112676056
-0.4709546204438415,0.05059864653826132,0.04225352112676056
-0.4708456276905274,0.05070275897969807,0.04225352112676056
-0.4707878798573296,0.05091098386257158,0.04225352112676056
-0.47077252503154426,0.05122332118688183,0.04225352112676056
-0.4707697336335039,0.05132743362831858,0.04225352112676056
-0.47068821486268325,0.051431546069755335,0.04225352112676056
-0.47051140181681866,0.05163977095262884,0.04225352112676056
-0.47027280329642746,0.05163977095262884,0.043259557344064385
-0.4702362752916852,0.05174388339406559,0.043259557344064385
-0.4701589962395384,0.05174388339406559,0.04426559356136821
-0.4697347073226276,0.05184799583550234,0.04426559356136821
-0.4696191180413435,0.051952108276939094,0.04426559356136821
-0.4695795216773057,0.052056220718375845,0.04426559356136821
-0.4695379945643421,0.0521603331598126,0.04426559356136821
-0.46937720888873685,0.05226444560124935,0.04426559356136821
-0.4693148847751238,0.05226444560124935,0.04527162977867203
-0.4690455230148535,0.0523685580426861,0.04527162977867203
-0.46901559410992033,0.05247267048412285,0.04527162977867203
-0.4689573742717738,0.052576782925559604,0.04527162977867203
-0.46837226589440695,0.052680895366996355,0.04527162977867203
-0.4680966310263933,0.05278500780843311,0.04527162977867203
-0.4680787141442597,0.05288912024986986,0.04527162977867203
-0.4680444163484836,0.05288912024986986,0.04627766599597585
-0.46791332570433125,0.05299323269130661,0.04627766599597585
-0.4675440673192627,0.05309734513274336,0.04627766599597585
-0.4670141820352461,0.053201457574180114,0.04627766599597585
-0.4668388205372619,0.053305570015616865,0.04627766599597585
-0.46681277440942237,0.05340968245705362,0.04627766599597585
-0.46667034120972706,0.05351379489849037,0.04627766599597585
-0.4665471444371926,0.05361790733992712,0.04627766599597585
-0.4664782427884148,0.05372201978136387,0.04627766599597585
-0.4660467549245559,0.053826132222800624,0.04627766599597585
-0.46598837791481323,0.053930244664237376,0.04627766599597585
-0.46586859622507737,0.053930244664237376,0.047283702213279676
-0.4658489307045545,0.053930244664237376,0.0482897384305835
-0.46570805955252365,0.053930244664237376,0.04929577464788732
-0.46557571558974353,0.05403435710567413,0.04929577464788732
-0.4651087323477397,0.05413846954711088,0.04929577464788732
-0.46493609734745356,0.05413846954711088,0.05030181086519115
-0.4648045469377706,0.05424258198854763,0.05030181086519115
-0.46424719196671893,0.05434669442998438,0.05030181086519115
-0.4639937826556211,0.054554919312857886,0.05030181086519115
-0.46396671115025945,0.05465903175429464,0.05030181086519115
-0.4637427498012914,0.05476314419573139,0.05030181086519115
-0.46350301854258347,0.05486725663716814,0.05030181086519115
-0.4634265053191997,0.05497136907860489,0.05030181086519115
-0.463294336841122,0.055075481520041644,0.05030181086519115
-0.4630821080638439,0.055179593961478396,0.05030181086519115
-0.4629901939620806,0.05528370640291515,0.05030181086519115
-0.4629507923427257,0.0553878188443519,0.05030181086519115
-0.4629337603987454,0.05549193128578865,0.05030181086519115
-0.4624192300838354,0.0555960437272254,0.05030181086519115
-0.4621722284176061,0.055700156168662154,0.05030181086519115
-0.4620870853280383,0.055804268610098906,0.05030181086519115
-0.46141724351881536,0.05590838105153566,0.05030181086519115
-0.46137517647100623,0.05601249349297241,0.05030181086519115
-0.46123789138416527,0.05611660593440916,0.05030181086519115
-0.4610533505291737,0.05622071837584591,0.05030181086519115
-0.46102360540964,0.05622071837584591,0.05130784708249497
-0.4609352125133421,0.056324830817282664,0.05130784708249497
-0.46091256246241313,0.056428943258719416,0.05130784708249497
-0.4608276792753275,0.05653305570015617,0.05130784708249497
-0.4606203138386818,0.05663716814159292,0.05130784708249497
-0.46040377348275324,0.05674128058302967,0.05130784708249497
-0.46020991700845904,0.05684539302446642,0.05130784708249497
-0.4601970029563393,0.05684539302446642,0.052313883299798795
-0.459595246984381,0.056949505465903175,0.052313883299798795
-0.4593160057350475,0.057053617907339926,0.052313883299798795
-0.4592225636685778,0.05715773034877668,0.052313883299798795
-0.45914325952972423,0.05726184279021343,0.052313883299798795
-0.4590614470394469,0.05726184279021343,0.05331991951710262
-0.4589164940426618,0.05747006767308693,0.05331991951710262
-0.45885860143271745,0.057574180114523685,0.05331991951710262
-0.45882759667306156,0.057678292555960436,0.05331991951710262
-0.45857293854471665,0.05778240499739719,0.05331991951710262
-0.45801068662017563,0.05778240499739719,0.05432595573440644
-0.4578954215918754,0.05788651743883394,0.05432595573440644
-0.4578742607669324,0.05830296720458095,0.05432595573440644
-0.45717995490559654,0.0584070796460177,0.05432595573440644
-0.4570616861192402,0.05851119208745445,0.05432595573440644
-0.45700499990851157,0.0586153045288912,0.05432595573440644
-0.45643829483891774,0.05871941697032795,0.05432595573440644
-0.4560750573113003,0.058823529411764705,0.05432595573440644
-0.4560228791838168,0.05903175429463821,0.05432595573440644
-0.4559599861839141,0.05913586673607496,0.05432595573440644
-0.4559549904086103,0.05923997917751171,0.05432595573440644
-0.45579502798490074,0.05923997917751171,0.05533199195171026
-0.4557795778450837,0.059344091618948464,0.05533199195171026
-0.4557678202445287,0.059448204060385215,0.05533199195171026
-0.45573280083536044,0.05955231650182197,0.05533199195171026
-0.45527073557825637,0.05965642894325872,0.05533199195171026
-0.4551198703956199,0.05976054138469547,0.05533199195171026
-0.45504847330553827,0.05976054138469547,0.056338028169014086
-0.4549820846273459,0.05986465382613222,0.056338028169014086
-0.45470862307466386,0.059968766267568974,0.056338028169014086
-0.4546232607535549,0.060072878709005725,0.056338028169014086
-0.45448752615460414,0.06017699115044248,0.056338028169014086
-0.45422685592541817,0.06028110359187923,0.056338028169014086
-0.4540721205087251,0.06038521603331598,0.056338028169014086
-0.4539692751746779,0.06048932847475273,0.056338028169014086
-0.4538011948619372,0.06048932847475273,0.05734406438631791
-0.4537306074187118,0.060593440916189484,0.05734406438631791
-0.45350253012905717,0.060697553357626235,0.05734406438631791
-0.45339892548220584,0.06080166579906299,0.05734406438631791
-0.4532445250885695,0.06090577824049974,0.05734406438631791
-0.45296737268725074,0.06100989068193649,0.05734406438631791
-0.4529195340024396,0.06111400312337324,0.05734406438631791
-0.45290426324504685,0.061218115564809994,0.05734406438631791
-0.4522909550022399,0.061322228006246746,0.05734406438631791
-0.4522663395671524,0.0614263404476835,0.05734406438631791
-0.45212510163615305,0.06153045288912025,0.05734406438631791
-0.4521225590642786,0.061634565330557,0.05734406438631791
-0.4517797576989661,0.06173867777199375,0.05734406438631791
-0.45159779739100814,0.061842790213430504,0.05734406438631791
-0.4511056171394272,0.061946902654867256,0.05734406438631791
-0.45070639914675853,0.06205101509630401,0.05734406438631791
-0.4506512717825342,0.06215512753774076,0.05734406438631791
-0.4502085380133391,0.06225923997917751,0.05734406438631791
-0.4502015115958854,0.06236335242061426,0.05734406438631791
-0.45011232022534514,0.062467464862051014,0.05734406438631791
-0.44996302470472155,0.062467464862051014,0.05835010060362173
-0.44995912910671604,0.06257157730348777,0.05835010060362173
-0.4497334843964759,0.06267568974492452,0.05835010060362173
-0.44972173175804625,0.06267568974492452,0.059356136820925554
-0.449651511802274,0.06277980218636127,0.059356136820925554
-0.4494111230162282,0.06288391462779802,0.059356136820925554
-0.4493772987709483,0.06319625195210828,0.059356136820925554
-0.44935346590312203,0.06330036439354503,0.059356136820925554
-0.4492794897086749,0.06340447683498178,0.059356136820925554
-0.4490368540144891,0.06350858927641853,0.059356136820925554
-0.4487974685452302,0.06361270171785528,0.059356136820925554
-0.448581104348433,0.06371681415929203,0.059356136820925554
-0.4485066517115882,0.06402915148360229,0.059356136820925554
-0.448447152295875,0.06423737636647579,0.059356136820925554
-0.44841292152336054,0.06434148880791254,0.059356136820925554
-0.44820224394966146,0.0644456012493493,0.059356136820925554
-0.4480716283661738,0.06454971369078605,0.059356136820925554
-0.4479780180600436,0.0646538261322228,0.059356136820925554
-0.44789311667195475,0.06475793857365955,0.059356136820925554
-0.44781314001988437,0.06496616345653305,0.059356136820925554
-0.44780979289597184,0.0650702758979698,0.059356136820925554
-0.447773387114387,0.06517438833940656,0.059356136820925554
-0.4476020216532212,0.06527850078084331,0.059356136820925554
-0.4475755215963623,0.06538261322228006,0.059356136820925554
-0.44754663757775254,0.06548672566371681,0.059356136820925554
-0.4473884449623222,0.06559083810515356,0.059356136820925554
-0.44730990224533157,0.06579906298802707,0.059356136820925554
-0.44711501316995994,0.06590317542946382,0.059356136820925554
-0.4470827287011982,0.06600728787090057,0.059356136820925554
-0.44683534432646344,0.06611140031233732,0.059356136820925554
-0.44661461718724493,0.06621551275377408,0.059356136820925554
-0.44656211104548793,0.06631962519521083,0.059356136820925554
-0.4462890448426694,0.06642373763664758,0.059356136820925554
-0.4462224350249166,0.06663196251952108,0.059356136820925554
-0.4462056876096016,0.06673607496095783,0.059356136820925554
-0.44609267466171215,0.06673607496095783,0.060362173038229376
-0.44604702640301297,0.06684018740239459,0.060362173038229376
-0.44602225931976075,0.06694429984383134,0.060362173038229376
-0.4459867246627411,0.06704841228526809,0.060362173038229376
-0.4457783907014963,0.06715252472670484,0.060362173038229376
-0.44574084272478076,0.06725663716814159,0.060362173038229376
-0.4454709592976885,0.06736074960957834,0.060362173038229376
-0.44535278890229524,0.0676730869338886,0.060362173038229376
-0.44532161494574285,0.06777719937532535,0.060362173038229376
-0.445158382702364,0.0678813118167621,0.060362173038229376
-0.4451289629799418,0.06798542425819885,0.060362173038229376
-0.4449262164273136,0.06819364914107236,0.060362173038229376
-0.4448178017785429,0.06840187402394586,0.060362173038229376
-0.44468762897729797,0.06850598646538261,0.060362173038229376
-0.4445706833174501,0.06861009890681936,0.060362173038229376
-0.4445186851698295,0.06861009890681936,0.0613682092555332
-0.4445184323589782,0.06871421134825612,0.0613682092555332
-0.4445138831330261,0.06881832378969287,0.0613682092555332
-0.4444462956974518,0.06892243623112962,0.0613682092555332
-0.44412090380610575,0.06902654867256637,0.0613682092555332
-0.4439409078449689,0.06913066111400312,0.0613682092555332
-0.4438425120262681,0.06923477355543987,0.0613682092555332
-0.4437970481039623,0.06933888599687663,0.0613682092555332
-0.44372320728256043,0.06944299843831338,0.0613682092555332
-0.4436181060574407,0.06954711087975013,0.0613682092555332
-0.44354784255473995,0.06954711087975013,0.06237424547283702
-0.44341098135656537,0.06965122332118688,0.06237424547283702
-0.44325937167535195,0.06975533576262363,0.06237424547283702
-0.44305286199931015,0.06985944820406038,0.06237424547283702
-0.4429132840663381,0.06996356064549714,0.06237424547283702
-0.4427153703982163,0.06996356064549714,0.06338028169014084
-0.4424904692505453,0.07006767308693389,0.06338028169014084
-0.44238851875092394,0.07017178552837064,0.06338028169014084
-0.44234785707153884,0.07027589796980739,0.06338028169014084
-0.4422781349272482,0.07038001041124414,0.06338028169014084
-0.44212971555558617,0.0704841228526809,0.06338028169014084
-0.44196270894511824,0.07058823529411765,0.06338028169014084
-0.44195661293536315,0.0706923477355544,0.06338028169014084
-0.44187172036639066,0.07079646017699115,0.06338028169014084
-0.4414470357154445,0.0709005726184279,0.06338028169014084
-0.44118097230334896,0.0711087975013014,0.06338028169014084
-0.4408686933829569,0.07121290994273816,0.06338028169014084
-0.44082453731036153,0.07131702238417491,0.06338028169014084
-0.4405399317380808,0.07142113482561166,0.06338028169014084
-0.4402235768670385,0.07152524726704841,0.06338028169014084
-0.44018782613048124,0.07162935970848516,0.06338028169014084
-0.43999892572770105,0.07173347214992191,0.06338028169014084
-0.4398038909217581,0.07183758459135867,0.06338028169014084
-0.439791343018066,0.07204580947423217,0.06338028169014084
-0.4397758270939571,0.07214992191566892,0.06338028169014084
-0.43949580278605016,0.07214992191566892,0.06438631790744467
-0.4388060847786989,0.07225403435710567,0.06438631790744467
-0.4386785839938782,0.07235814679854242,0.06438631790744467
-0.43855882905958754,0.07235814679854242,0.06639839034205232
-0.43835880702159646,0.07246225923997918,0.06639839034205232
-0.4383312472062188,0.07256637168141593,0.06639839034205232
-0.4381954328371636,0.07267048412285268,0.06639839034205232
-0.4381295978674916,0.07277459656428943,0.06639839034205232
-0.4381294023774663,0.07287870900572618,0.06639839034205232
-0.4380287994438688,0.07298282144716293,0.06639839034205232
-0.43792352323560346,0.07308693388859969,0.06639839034205232
-0.43788770701396384,0.07319104633003644,0.06639839034205232
-0.43777417781943234,0.07329515877147319,0.06639839034205232
-0.4377609512363501,0.07339927121290994,0.06639839034205232
-0.43755368333777145,0.07360749609578345,0.06639839034205232
-0.4373056116213682,0.07360749609578345,0.06740442655935613
-0.437283595320654,0.0737116085372202,0.06740442655935613
-0.4372324905575767,0.0739198334200937,0.06740442655935613
-0.4371838231018993,0.07402394586153045,0.06740442655935613
-0.4371618738278051,0.0741280583029672,0.06740442655935613
-0.43702750171950755,0.07423217074440396,0.06740442655935613
-0.4370125410801076,0.0743362831858407,0.06740442655935613
-0.4363915342221409,0.0743362831858407,0.06841046277665996
-0.43636008067200394,0.07444039562727746,0.06841046277665996
-0.43626014940434943,0.07454450806871421,0.06841046277665996
-0.4361562704269057,0.07464862051015096,0.06841046277665996
-0.43614183815216406,0.07464862051015096,0.06941649899396378
-0.43591237494750656,0.07475273295158771,0.06941649899396378
-0.435771702677722,0.07485684539302447,0.06941649899396378
-0.4357670012809301,0.07496095783446122,0.06941649899396378
-0.43573780271664897,0.07516918271733472,0.06941649899396378
-0.43550148834932983,0.07527329515877147,0.06941649899396378
-0.43545355279447634,0.07537740760020822,0.06941649899396378
-0.4353506516000638,0.07548152004164498,0.06941649899396378
-0.43521028055405125,0.07558563248308173,0.06941649899396378
-0.43520953293783565,0.07558563248308173,0.07042253521126761
-0.434932548975639,0.07568974492451848,0.07042253521126761
-0.43486600194433733,0.07579385736595523,0.07042253521126761
-0.4348579113165786,0.07589796980739198,0.07042253521126761
-0.43479823343020463,0.07600208224882873,0.07042253521126761
-0.43478091070488784,0.07610619469026549,0.07042253521126761
-0.4345232874223489,0.07621030713170224,0.07042253521126761
-0.4343469686420356,0.07621030713170224,0.07142857142857142
-0.4343205260942484,0.07641853201457574,0.07142857142857142
-0.43420943961250696,0.07652264445601249,0.07142857142857142
-0.4339718758695733,0.07662675689744924,0.07142857142857142
-0.4338418273952807,0.076730869338886,0.07142857142857142
-0.43373988714617095,0.07683498178032275,0.07142857142857142
-0.43372698649076413,0.0769390942217595,0.07142857142857142
-0.433664298057034,0.07704320666319625,0.07142857142857142
-0.43365117427540295,0.077147319104633,0.07142857142857142
-0.43326047790602557,0.07725143154606975,0.07142857142857142
-0.4331483624590895,0.0773555439875065,0.07142857142857142
-0.4331102174879831,0.0773555439875065,0.07243460764587525
-0.4330574761854775,0.07745965642894326,0.07243460764587525
-0.4329382464799741,0.07745965642894326,0.07344064386317907
-0.4327867225098331,0.07756376887038001,0.07344064386317907
-0.432619742726944,0.07766788131181676,0.07344064386317907
-0.4324893082068406,0.07777199375325351,0.07344064386317907
-0.4324030445739934,0.07787610619469026,0.07344064386317907
-0.43214777323252673,0.07798021863612702,0.07344064386317907
-0.43212673412567665,0.07808433107756377,0.07344064386317907
-0.43207047178956326,0.07818844351900052,0.07344064386317907
-0.43200265606996846,0.07829255596043727,0.07344064386317907
-0.43155827635900523,0.07839666840187402,0.07344064386317907
-0.43149541898216587,0.07850078084331077,0.07344064386317907
-0.43125841111448215,0.07870900572618428,0.07344064386317907
-0.4308015344736771,0.07881311816762103,0.07344064386317907
-0.43076181826087045,0.07902134305049453,0.07344064386317907
-0.4307430172056579,0.07912545549193128,0.07344064386317907
-0.4305357428268744,0.07922956793336804,0.07344064386317907
-0.4304442219044535,0.07933368037480479,0.07344064386317907
-0.43041296612723035,0.07933368037480479,0.0744466800804829
-0.43015297350509435,0.07943779281624154,0.0744466800804829
-0.43004740461331376,0.07954190525767829,0.0744466800804829
-0.42990670998676994,0.07964601769911504,0.0744466800804829
-0.42989821012103424,0.07964601769911504,0.07545271629778671
-0.4296821075756858,0.0797501301405518,0.07545271629778671
-0.4296372320310192,0.07985424258198855,0.07545271629778671
-0.4290552003051174,0.0799583550234253,0.07545271629778671
-0.4290320102319185,0.08006246746486205,0.07545271629778671
-0.4289595659311346,0.0801665799062988,0.07545271629778671
-0.42868165915184103,0.0801665799062988,0.07645875251509054
-0.4283818611952612,0.08027069234773555,0.07645875251509054
-0.4282093996614351,0.0803748047891723,0.07645875251509054
-0.42817400140319345,0.08047891723060906,0.07645875251509054
-0.428171013808097,0.08058302967204581,0.07645875251509054
-0.42800731562356187,0.08068714211348256,0.07645875251509054
-0.4278364833648599,0.08068714211348256,0.07746478873239436
-0.42781950933466145,0.08079125455491931,0.07746478873239436
-0.42780535796182845,0.08089536699635606,0.07746478873239436
-0.42771934132376055,0.08099947943779282,0.07746478873239436
-0.4274490306372652,0.08110359187922957,0.07746478873239436
-0.4273376978972214,0.08110359187922957,0.07847082494969819
-0.4272943047610312,0.08120770432066632,0.07847082494969819
-0.427165392081559,0.08131181676210307,0.07847082494969819
-0.42715882171009306,0.08141592920353982,0.07847082494969819
-0.42706006446701594,0.08152004164497657,0.07847082494969819
-0.42702942655758147,0.08162415408641333,0.07847082494969819
-0.42692295595826457,0.08172826652785008,0.07847082494969819
-0.4265587254999373,0.08172826652785008,0.079476861167002
-0.4265379421780573,0.08183237896928683,0.079476861167002
-0.4265130811561019,0.08193649141072358,0.079476861167002
-0.4264576603605218,0.08204060385216033,0.079476861167002
-0.42640437584850416,0.08214471629359708,0.079476861167002
-0.4263214438269795,0.08224882873503384,0.079476861167002
-0.4260194564672054,0.08235294117647059,0.079476861167002
-0.42600884307024167,0.08245705361790734,0.079476861167002
-0.42577345902568325,0.08256116605934409,0.079476861167002
-0.4255131047796751,0.08266527850078084,0.079476861167002
-0.42544268293290294,0.08266527850078084,0.08048289738430583
-0.42497558917078254,0.0827693909422176,0.08048289738430583
-0.4249188771938553,0.0829776158250911,0.08048289738430583
-0.4248880594001447,0.08308172826652785,0.08048289738430583
-0.4246629421794024,0.08328995314940135,0.08048289738430583
-0.4244110246789568,0.0833940655908381,0.08048289738430583
-0.4242817421448128,0.08349817803227486,0.08048289738430583
-0.4241634231698664,0.08360229047371161,0.08048289738430583
-0.4239279116560584,0.08370640291514836,0.08048289738430583
-0.4239172748957818,0.08391462779802186,0.08048289738430583
-0.42390080670949476,0.08401874023945861,0.08048289738430583
-0.4238098255601715,0.08401874023945861,0.08148893360160966
-0.42363224247224696,0.08412285268089537,0.08148893360160966
-0.4235730568337891,0.08422696512233212,0.08148893360160966
-0.4233693364381948,0.08422696512233212,0.08350100603621731
-0.4233394623312405,0.08433107756376887,0.08350100603621731
-0.4231831061710562,0.08433107756376887,0.08450704225352113
-0.42311045227800415,0.08433107756376887,0.08551307847082495
-0.42308059643862955,0.08443519000520562,0.08551307847082495
-0.4228726806286181,0.08453930244664237,0.08551307847082495
-0.42270584443866605,0.08464341488807912,0.08551307847082495
-0.4227009114092379,0.08474752732951588,0.08551307847082495
-0.42257093429058135,0.08485163977095263,0.08551307847082495
-0.4225074961846376,0.08485163977095263,0.08651911468812877
-0.4224697740355174,0.08495575221238938,0.08651911468812877
-0.42219828106643675,0.08505986465382613,0.08651911468812877
-0.42204610154195116,0.08516397709526288,0.08651911468812877
-0.4219905302540379,0.08526808953669963,0.08651911468812877
-0.42198171226737835,0.08537220197813639,0.08651911468812877
-0.42197485377407296,0.08547631441957314,0.08651911468812877
-0.4219511613326648,0.08547631441957314,0.0875251509054326
-0.42169834761327685,0.08558042686100989,0.0875251509054326
-0.4216462325916979,0.08568453930244664,0.0875251509054326
-0.42160976357754226,0.08578865174388339,0.0875251509054326
-0.42151433568967356,0.08589276418532014,0.0875251509054326
-0.42146720978274516,0.0859968766267569,0.0875251509054326
-0.42140949367605235,0.08610098906819365,0.0875251509054326
-0.42103607159983975,0.0862051015096304,0.0875251509054326
-0.4209571799467691,0.0864133263925039,0.0875251509054326
-0.4207974473256616,0.08651743883394065,0.0875251509054326
-0.4206997707850108,0.0866215512753774,0.0875251509054326
-0.4206652363388527,0.08672566371681416,0.0875251509054326
-0.4206078898403355,0.08682977615825091,0.0875251509054326
-0.42047387428523814,0.08693388859968766,0.0875251509054326
-0.4203572058409475,0.08703800104112441,0.0875251509054326
-0.42027895868187004,0.08714211348256116,0.0875251509054326
-0.420102602936566,0.08724622592399792,0.0875251509054326
-0.41982099864926237,0.08735033836543467,0.0875251509054326
-0.4195345560218689,0.08735033836543467,0.08853118712273642
-0.41949184788069754,0.08755856324830817,0.08853118712273642
-0.4194332554143326,0.08766267568974492,0.08853118712273642
-0.4191429079586682,0.08776678813118167,0.08853118712273642
-0.41889893176486914,0.08787090057261843,0.08853118712273642
-0.4188423526002991,0.08797501301405518,0.08853118712273642
-0.41872681697277575,0.08807912545549193,0.08853118712273642
-0.4187213300171561,0.08818323789692868,0.08853118712273642
-0.4186317690776735,0.08828735033836543,0.08853118712273642
-0.418618153044718,0.08839146277980219,0.08853118712273642
-0.41842116759986486,0.08849557522123894,0.08853118712273642
-0.41804394814401713,0.08859968766267569,0.08853118712273642
-0.4179217138535467,0.08870380010411244,0.08853118712273642
-0.41791453831114217,0.08880791254554919,0.08853118712273642
-0.4177885201895341,0.08891202498698594,0.08853118712273642
-0.4174368720107889,0.0890161374284227,0.08853118712273642
-0.41734394663549923,0.08912024986985945,0.08853118712273642
-0.4170629653314023,0.0892243623112962,0.08853118712273642
-0.41684471198804074,0.08932847475273295,0.08853118712273642
-0.4165400231661885,0.0894325871941697,0.08853118712273642
-0.41598545455069375,0.08953669963560645,0.08853118712273642
-0.4159011716892003,0.0896408120770432,0.08853118712273642
-0.41581981778509647,0.08974492451847996,0.08853118712273642
-0.4157565812948102,0.08974492451847996,0.08953722334004025
-0.4157196821835541,0.08984903695991671,0.08953722334004025
-0.415403198383129,0.08995314940135346,0.08953722334004025
-0.41532373698541863,0.09005726184279021,0.08953722334004025
-0.4152035508146238,0.09005726184279021,0.09054325955734406
-0.41499039226317924,0.09016137428422696,0.09054325955734406
-0.41486492560196114,0.09026548672566372,0.09054325955734406
-0.4146378636207493,0.09026548672566372,0.09154929577464789
-0.4145956616233113,0.09036959916710047,0.09154929577464789
-0.414512806143691,0.09047371160853722,0.09154929577464789
-0.414237375440363,0.09057782404997397,0.09154929577464789
-0.4135994544383761,0.09078604893284747,0.09154929577464789
-0.413275067775569,0.09089016137428423,0.09154929577464789
-0.41326901887729717,0.09099427381572098,0.09154929577464789
-0.4132429406181334,0.09109838625715773,0.09154929577464789
-0.4131646828023767,0.09120249869859448,0.09154929577464789
-0.4131171903453098,0.09130661114003123,0.09154929577464789
-0.41308356519809486,0.09141072358146798,0.09154929577464789
-0.4130531231685482,0.09151483602290474,0.09154929577464789
-0.4128833984123564,0.09161894846434149,0.09154929577464789
-0.41283274361937833,0.09172306090577824,0.09154929577464789
-0.4127676513505587,0.09182717334721499,0.09154929577464789
-0.41235429496882586,0.09182717334721499,0.0925553319919517
-0.412150469312433,0.09193128578865174,0.0925553319919517
-0.41214800902390136,0.0920353982300885,0.0925553319919517
-0.41178754580675564,0.09213951067152525,0.0925553319919517
-0.41173008832629293,0.092243623112962,0.0925553319919517
-0.41172632750800187,0.09234773555439875,0.0925553319919517
-0.4116897789830538,0.0924518479958355,0.0925553319919517
-0.41162169901287243,0.092660072878709,0.0925553319919517
-0.41155729920218914,0.09276418532014576,0.0925553319919517
-0.41154097969306513,0.09286829776158251,0.0925553319919517
-0.4113866890191281,0.09297241020301926,0.0925553319919517
-0.41112327012950256,0.09297241020301926,0.09356136820925554
-0.41107351962829675,0.09307652264445601,0.09356136820925554
-0.4110197155855225,0.09318063508589276,0.09356136820925554
-0.4109857978451304,0.09328474752732951,0.09356136820925554
-0.41083805777317434,0.09338885996876627,0.09356136820925554
-0.41083627311710064,0.09349297241020302,0.09356136820925554
-0.41076557592678026,0.09370119729307652,0.09356136820925554
-0.4107611651760741,0.09380530973451327,0.09356136820925554
-0.41073513180387916,0.09380530973451327,0.09456740442655935
-0.41072394394010125,0.09401353461738678,0.09456740442655935
-0.410660835563751,0.09401353461738678,0.09557344064386318
-0.4106371933776321,0.09411764705882353,0.09557344064386318
-0.4106078127852575,0.09432587194169703,0.09557344064386318
-0.41054553782340636,0.09442998438313378,0.09557344064386318
-0.4102826802218955,0.09453409682457053,0.09557344064386318
-0.4101815786704376,0.09474232170744404,0.09557344064386318
-0.410143820596674,0.09484643414888079,0.09557344064386318
-0.4101017379779662,0.09495054659031754,0.09557344064386318
-0.41008904507301136,0.0950546590317543,0.09557344064386318
-0.4099709495103428,0.09515877147319105,0.09557344064386318
-0.40981268977745094,0.0952628839146278,0.09557344064386318
-0.4096401458471587,0.09536699635606455,0.09557344064386318
-0.4096274853891539,0.0954711087975013,0.09557344064386318
-0.40935310783021156,0.09557522123893805,0.09557344064386318
-0.40929308504948575,0.0956793336803748,0.09557344064386318
-0.4092554738042978,0.0958875585632483,0.09557344064386318
-0.40917803266448655,0.09599167100468506,0.09557344064386318
-0.408988719198956,0.09599167100468506,0.096579476861167
-0.40871394099720937,0.09609578344612181,0.096579476861167
-0.4085082987121055,0.09609578344612181,0.09758551307847083
-0.4082546771725357,0.09619989588755856,0.09758551307847083
-0.4081145750328619,0.09619989588755856,0.09859154929577464
-0.4079613478316145,0.09640812077043207,0.09859154929577464
-0.40783678014547425,0.09672045809474232,0.09859154929577464
-0.40769183720252167,0.09682457053617907,0.09859154929577464
-0.4075722213570297,0.09692868297761582,0.09859154929577464
-0.4073126749584583,0.09703279541905258,0.09859154929577464
-0.4072209534695235,0.09713690786048933,0.09859154929577464
-0.4071744955704079,0.09724102030192608,0.09859154929577464
-0.40698796143116717,0.09734513274336283,0.09859154929577464
-0.40697879037661483,0.09744924518479958,0.09859154929577464
-0.4069151228232148,0.09755335762623633,0.09859154929577464
-0.4068743899974602,0.09765747006767309,0.09859154929577464
-0.40677069516111586,0.09776158250910984,0.09859154929577464
-0.40675643244623677,0.09786569495054659,0.09859154929577464
-0.40652008378687554,0.09796980739198334,0.09859154929577464
-0.40623012139638354,0.09796980739198334,0.09959758551307847
-0.4061728977047638,0.09807391983342009,0.09959758551307847
-0.4061575746801092,0.09817803227485684,0.09959758551307847
-0.40612440323312704,0.0982821447162936,0.09959758551307847
-0.4060288016589526,0.09838625715773035,0.09959758551307847
-0.40572214773496945,0.09838625715773035,0.1006036217303823
-0.405576480464505,0.09838625715773035,0.10160965794768612
-0.4054956203337379,0.0984903695991671,0.10160965794768612
-0.4054719291273328,0.09859448204060385,0.10160965794768612
-0.40512099311190997,0.0986985944820406,0.10160965794768612
-0.40502868242313833,0.09880270692347735,0.10160965794768612
-0.4044111962581936,0.0989068193649141,0.10160965794768612
-0.40429189791029735,0.09901093180635086,0.10160965794768612
-0.40427195520542913,0.09911504424778761,0.10160965794768612
-0.4040436442608381,0.09911504424778761,0.10261569416498995
-0.40402690830144383,0.09921915668922436,0.10261569416498995
-0.40401406992219446,0.09942738157209786,0.10261569416498995
-0.40376461585309087,0.09953149401353462,0.10261569416498995
-0.4036629742762977,0.09973971889640812,0.10261569416498995
-0.4036284588163152,0.09973971889640812,0.10362173038229376
-0.4035990384027588,0.09984383133784487,0.10362173038229376
-0.4035869283488156,0.09994794377928162,0.10362173038229376
-0.40358556229012854,0.10005205622071837,0.10362173038229376
-0.4034943820599974,0.10015616866215513,0.10362173038229376
-0.40341464424370843,0.10026028110359188,0.10362173038229376
-0.4030890109077822,0.10036439354502863,0.10362173038229376
-0.4030590795402869,0.10046850598646538,0.10362173038229376
-0.40303678720765285,0.10057261842790213,0.10362173038229376
-0.4030329708303064,0.10067673086933888,0.10362173038229376
-0.4030126814004453,0.10067673086933888,0.10462776659959759
-0.4029263750261485,0.10078084331077564,0.10462776659959759
-0.4028461556735649,0.10088495575221239,0.10462776659959759
-0.4026361685898465,0.10098906819364914,0.10462776659959759
-0.4025416439353348,0.10109318063508589,0.10462776659959759
-0.4022175247877566,0.10119729307652264,0.10462776659959759
-0.40193031728884926,0.10119729307652264,0.1056338028169014
-0.4018945542593127,0.1013014055179594,0.1056338028169014
-0.40158195980838474,0.10140551795939615,0.1056338028169014
-0.40142626817806204,0.1015096304008329,0.1056338028169014
-0.4014226570526398,0.10161374284226965,0.1056338028169014
-0.401218965395558,0.1017178552837064,0.1056338028169014
-0.401177192966065,0.10182196772514315,0.1056338028169014
-0.4011750451615507,0.1019260801665799,0.1056338028169014
-0.4010340854605412,0.10213430504945341,0.1056338028169014
-0.4009743405168803,0.10223841749089016,0.1056338028169014
-0.40088551929316035,0.10234252993232691,0.1056338028169014
-0.40067271502411156,0.10244664237376366,0.1056338028169014
-0.40058069530274626,0.10255075481520042,0.1056338028169014
-0.40056341454963157,0.10255075481520042,0.10663983903420524
-0.40048697022822133,0.10265486725663717,0.10663983903420524
-0.40046562230719623,0.10275897969807392,0.10663983903420524
-0.4003855620579929,0.10286309213951067,0.10663983903420524
-0.4001021912051006,0.10296720458094742,0.10663983903420524
-0.3999917239063584,0.10307131702238417,0.10663983903420524
-0.3999277402178381,0.10327954190525768,0.10663983903420524
-0.3998573513236919,0.10338365434669443,0.10663983903420524
-0.3997993050367905,0.10380010411244144,0.10663983903420524
-0.39970991661806743,0.10390421655387819,0.10663983903420524
-0.3995764604379823,0.10411244143675169,0.10663983903420524
-0.39955204237276937,0.10421655387818844,0.10663983903420524
-0.3995026619682502,0.1043206663196252,0.10663983903420524
-0.39937694172848154,0.10442477876106195,0.10663983903420524
-0.3993558024329022,0.1045288912024987,0.10663983903420524
-0.39895321564872854,0.10463300364393545,0.10663983903420524
-0.3989354656572828,0.1047371160853722,0.10663983903420524
-0.39869952981584517,0.10504945340968246,0.10663983903420524
-0.39868963192352636,0.10515356585111921,0.10663983903420524
-0.3986150574441515,0.10525767829255596,0.10663983903420524
-0.398570583016066,0.10536179073399271,0.10663983903420524
-0.39853373474018683,0.10546590317542946,0.10663983903420524
-0.39833933779655273,0.10557001561686621,0.10663983903420524
-0.3978195704836459,0.10557001561686621,0.10764587525150905
-0.3977368896295285,0.10567412805830297,0.10764587525150905
-0.3976511699793727,0.10577824049973972,0.10764587525150905
-0.3975812344458639,0.10588235294117647,0.10764587525150905
-0.39754283803903745,0.10598646538261322,0.10764587525150905
-0.3974063765384076,0.10609057782404997,0.10764587525150905
-0.3973762187916378,0.10619469026548672,0.10764587525150905
-0.3972818551866748,0.10629880270692348,0.10764587525150905
-0.3972764224118492,0.10629880270692348,0.10865191146881288
-0.3971390748764365,0.10640291514836023,0.10865191146881288
-0.3971207147279408,0.10650702758979698,0.10865191146881288
-0.39699300781759067,0.10650702758979698,0.1096579476861167
-0.39683532304968644,0.10661114003123373,0.1096579476861167
-0.3967399717883846,0.10671525247267048,0.1096579476861167
-0.39670952884508937,0.10681936491410723,0.1096579476861167
-0.39647071227853187,0.10692347735554399,0.1096579476861167
-0.39638921132219274,0.10702758979698074,0.1096579476861167
-0.39631681295643856,0.10723581467985424,0.1096579476861167
-0.3962473612141513,0.10723581467985424,0.11066398390342053
-0.39622446814297635,0.10733992712129099,0.11066398390342053
-0.39616858653455067,0.10765226444560125,0.11066398390342053
-0.39610538541831997,0.107756376887038,0.11066398390342053
-0.3960932200278536,0.107756376887038,0.11167002012072434
-0.39607988795208376,0.10786048932847475,0.11167002012072434
-0.3960302173197827,0.1079646017699115,0.11167002012072434
-0.39571897213846796,0.108172826652785,0.11167002012072434
-0.39521305198206425,0.10827693909422176,0.11167002012072434
-0.3946817434829511,0.10827693909422176,0.11267605633802817
-0.3945918826729884,0.10838105153565851,0.11267605633802817
-0.3945867299667241,0.10848516397709526,0.11267605633802817
-0.39445532217822366,0.10869338885996876,0.11267605633802817
-0.394416271288505,0.10879750130140552,0.11267605633802817
-0.3943864824034253,0.10890161374284227,0.11267605633802817
-0.3941550006240474,0.10900572618427902,0.11267605633802817
-0.39413034850207324,0.10910983862571577,0.11267605633802817
-0.39399045405623856,0.10910983862571577,0.11368209255533199
-0.3939875730280595,0.10921395106715252,0.11368209255533199
-0.39392235183424423,0.10931806350858927,0.11368209255533199
-0.3937445341255311,0.10931806350858927,0.11468812877263582
-0.39345525576982604,0.10942217595002603,0.11468812877263582
-0.39337513770966925,0.10952628839146278,0.11468812877263582
-0.39315915738990276,0.10963040083289953,0.11468812877263582
-0.3930488313106258,0.10973451327433628,0.11468812877263582
-0.3926262821218983,0.10983862571577303,0.11468812877263582
-0.39262271775687985,0.10983862571577303,0.11569416498993963
-0.39251913440852493,0.10994273815720979,0.11569416498993963
-0.39228277830126895,0.11004685059864654,0.11569416498993963
-0.39211049297280126,0.11015096304008329,0.11569416498993963
-0.39196756275850614,0.11025507548152004,0.11569416498993963
-0.3919032767409259,0.11035918792295679,0.11569416498993963
-0.3918946098178171,0.11046330036439354,0.11569416498993963
-0.3918718171830652,0.1105674128058303,0.11569416498993963
-0.3918624772831139,0.11067152524726705,0.11569416498993963
-0.39180282215397355,0.11067152524726705,0.11670020120724346
-0.3916238828127235,0.1107756376887038,0.11670020120724346
-0.3914617328341075,0.11087975013014055,0.11670020120724346
-0.39138992563782304,0.1109838625715773,0.11670020120724346
-0.39124643829369277,0.11108797501301405,0.11670020120724346
-0.3912178598917291,0.1111920874544508,0.11670020120724346
-0.39120560840047924,0.11129619989588756,0.11670020120724346
-0.3910783881775447,0.11140031233732431,0.11670020120724346
-0.3910621989386137,0.11150442477876106,0.11670020120724346
-0.3910616512277835,0.11160853722019781,0.11670020120724346
-0.391012834688923,0.11171264966163456,0.11670020120724346
-0.3909709857053172,0.11181676210307132,0.11670020120724346
-0.39095564285765866,0.11192087454450807,0.11670020120724346
-0.39094447297544194,0.11212909942738157,0.11670020120724346
-0.39087258062560837,0.11233732431025507,0.11670020120724346
-0.39080584929237,0.11244143675169183,0.11670020120724346
-0.39079984780998867,0.11254554919312858,0.11670020120724346
-0.3907940991823646,0.11264966163456533,0.11670020120724346
-0.39075917890043593,0.11275377407600208,0.11670020120724346
-0.39057721236866655,0.11285788651743883,0.11670020120724346
-0.3905210453757845,0.11296199895887558,0.11670020120724346
-0.39045337387174545,0.11306611140031234,0.11670020120724346
-0.39020958816862955,0.11317022384174909,0.11670020120724346
-0.39017097099929016,0.11327433628318584,0.11670020120724346
-0.3900976471885509,0.11337844872462259,0.11670020120724346
-0.3896473081198547,0.11337844872462259,0.11770623742454728
-0.389548676644955,0.11348256116605934,0.11770623742454728
-0.3894883376616001,0.1135866736074961,0.11770623742454728
-0.38947755987700017,0.11369078604893285,0.11770623742454728
-0.3894042322592961,0.1137948984903696,0.11770623742454728
-0.3892686548267775,0.11389901093180635,0.11770623742454728
-0.3892541476233597,0.11389901093180635,0.11871227364185111
-0.38915271262064927,0.1140031233732431,0.11871227364185111
-0.38904825113777675,0.11410723581467985,0.11871227364185111
-0.3890422429152254,0.1142113482561166,0.11871227364185111
-0.3888183714610038,0.1142113482561166,0.11971830985915492
-0.3887927361961473,0.11431546069755336,0.11971830985915492
-0.3886159806816992,0.11441957313899011,0.11971830985915492
-0.388609906980941,0.11452368558042686,0.11971830985915492
-0.38850092666441643,0.11462779802186361,0.11971830985915492
-0.38847483723061166,0.11473191046330036,0.11971830985915492
-0.38842866277860466,0.11483602290473711,0.11971830985915492
-0.38839496339529517,0.11494013534617387,0.11971830985915492
-0.3882932053479474,0.11504424778761062,0.11971830985915492
-0.38828838564319623,0.11514836022904737,0.11971830985915492
-0.38812390621305093,0.11525247267048412,0.11971830985915492
-0.3880849079473136,0.11535658511192087,0.11971830985915492
-0.3879356978207142,0.11546069755335762,0.11971830985915492
-0.38787969218509283,0.11556480999479438,0.11971830985915492
-0.38783935063177066,0.11566892243623113,0.11971830985915492
-0.3877355388944803,0.11577303487766788,0.11971830985915492
-0.3877173832597373,0.11577303487766788,0.12072434607645875
-0.38767485490606307,0.11587714731910463,0.12072434607645875
-0.387655341820038,0.11598125976054138,0.12072434607645875
-0.3875887275333399,0.11608537220197813,0.12072434607645875
-0.38741729605918357,0.11608537220197813,0.12173038229376258
-0.387330718460018,0.11618948464341489,0.12173038229376258
-0.3873065069650617,0.11629359708485164,0.12173038229376258
-0.3871413729704482,0.11639770952628839,0.12173038229376258
-0.3871236326303374,0.11650182196772514,0.12173038229376258
-0.38711879402406796,0.1166059344091619,0.12173038229376258
-0.38707968800710923,0.11671004685059864,0.12173038229376258
-0.387036920170047,0.1168141592920354,0.12173038229376258
-0.3870246759013067,0.1168141592920354,0.1227364185110664
-0.3869896355738981,0.11691827173347215,0.1227364185110664
-0.38698794342028164,0.1170223841749089,0.1227364185110664
-0.3869361283099003,0.11712649661634565,0.1227364185110664
-0.38686425394345403,0.1172306090577824,0.1227364185110664
-0.38681924763383974,0.11733472149921916,0.1227364185110664
-0.3867467541787424,0.1174388339406559,0.1227364185110664
-0.3865860132474444,0.11754294638209266,0.1227364185110664
-0.38656331945110084,0.11764705882352941,0.1227364185110664
-0.3865604221450688,0.11775117126496616,0.1227364185110664
-0.38649865048831356,0.11785528370640291,0.1227364185110664
-0.38640235406174545,0.11795939614783967,0.1227364185110664
-0.3863977554607218,0.11806350858927642,0.1227364185110664
-0.3861687857032833,0.11837584591358667,0.1227364185110664
-0.38607696221505644,0.11847995835502342,0.1227364185110664
-0.3860614701726391,0.11858407079646018,0.1227364185110664
-0.3858982343241403,0.11868818323789693,0.1227364185110664
-0.3858520481057552,0.11879229567933368,0.1227364185110664
-0.38582923017348175,0.11889640812077043,0.1227364185110664
-0.3858175752004177,0.11889640812077043,0.12374245472837023
-0.3857332073716407,0.11900052056220718,0.12374245472837023
-0.38568747985350676,0.11910463300364393,0.12374245472837023
-0.3856535146417671,0.11920874544508069,0.12374245472837023
-0.3856285648149014,0.11931285788651744,0.12374245472837023
-0.38544840747805575,0.11931285788651744,0.12474849094567404
-0.38535139454240724,0.11941697032795419,0.12474849094567404
-0.38533730174635905,0.11941697032795419,0.12575452716297786
-0.38530836687003966,0.11941697032795419,0.1267605633802817
-0.385194817761897,0.11941697032795419,0.12776659959758552
-0.38512280039393104,0.11952108276939094,0.12776659959758552
-0.3851143409510774,0.11962519521082769,0.12776659959758552
-0.38491883563983476,0.11972930765226444,0.12776659959758552
-0.3847779780954895,0.1198334200937012,0.12776659959758552
-0.38474181160149934,0.1198334200937012,0.12877263581488935
-0.3847417515645826,0.1198334200937012,0.12977867203219315
-0.3847059965464955,0.11993753253513795,0.12977867203219315
-0.3846862046944134,0.1200416449765747,0.12977867203219315
-0.3845324220267266,0.12014575741801145,0.12977867203219315
-0.3844600451942251,0.12014575741801145,0.13078470824949698
-0.38445626377973946,0.1202498698594482,0.13078470824949698
-0.38440331719247983,0.12035398230088495,0.13078470824949698
-0.3843843652961005,0.12035398230088495,0.1317907444668008
-0.38434933013562234,0.1204580947423217,0.1317907444668008
-0.38421585763962246,0.12056220718375846,0.1317907444668008
-0.38409687858958425,0.12066631962519521,0.1317907444668008
-0.38407346803948544,0.12077043206663196,0.1317907444668008
-0.384052532422834,0.12087454450806871,0.1317907444668008
-0.3839700499784158,0.12129099427381572,0.1317907444668008
-0.383784152708369,0.12139510671525247,0.1317907444668008
-0.38377073259466343,0.12149921915668922,0.1317907444668008
-0.38376908440611757,0.12160333159812597,0.1317907444668008
-0.38360711606895403,0.12170744403956273,0.1317907444668008
-0.3835492728345315,0.12191566892243623,0.1317907444668008
-0.38353965106074034,0.12222800624674648,0.1317907444668008
-0.383442004899625,0.12222800624674648,0.13279678068410464
-0.3833785927325419,0.12233211868818324,0.13279678068410464
-0.3833364965602954,0.12243623112961999,0.13279678068410464
-0.38330043333092556,0.12254034357105674,0.13279678068410464
-0.38329030227716687,0.12264445601249349,0.13279678068410464
-0.3830331838271408,0.12274856845393024,0.13279678068410464
-0.3827975244575604,0.122852680895367,0.13279678068410464
-0.3827199722552,0.12295679333680375,0.13279678068410464
-0.38258071495387197,0.1230609057782405,0.13279678068410464
-0.38225461941676214,0.123269130661114,0.13279678068410464
-0.3822193487852283,0.12337324310255075,0.13279678068410464
-0.38218367376153256,0.1234773555439875,0.13279678068410464
-0.3820104137463447,0.12358146798542426,0.13279678068410464
-0.38175218524294685,0.12389380530973451,0.13279678068410464
-0.38170813597827247,0.12399791775117126,0.13279678068410464
-0.3814873073212385,0.12410203019260801,0.13279678068410464
-0.38148044069157494,0.12420614263404477,0.13279678068410464
-0.3813529634641478,0.12431025507548152,0.13279678068410464
-0.38128750858377364,0.12441436751691827,0.13279678068410464
-0.3812832901760735,0.12451847995835502,0.13279678068410464
-0.38127474056076016,0.12462259239979177,0.13279678068410464
-0.3812623805462981,0.12472670484122853,0.13279678068410464
-0.3812318033870677,0.12472670484122853,0.13380281690140844
-0.3811650347537725,0.12483081728266528,0.13380281690140844
-0.38102369168680555,0.12493492972410203,0.13380281690140844
-0.3809065020103161,0.12493492972410203,0.13480885311871227
-0.3808634044774312,0.1250390421655388,0.13480885311871227
-0.38058277862998807,0.12514315460697553,0.13480885311871227
-0.38058274954873006,0.1252472670484123,0.13480885311871227
-0.3805385140023468,0.12535137948984904,0.13480885311871227
-0.38048819296119823,0.1254554919312858,0.13480885311871227
-0.38046992652245,0.12555960437272254,0.13480885311871227
-0.38020658050317496,0.1256637168141593,0.13480885311871227
-0.38015395609877833,0.12576782925559604,0.13480885311871227
-0.3800770978206991,0.1258719416970328,0.13480885311871227
-0.37998273981681174,0.12597605413846955,0.13480885311871227
-0.37979927960433724,0.1260801665799063,0.13480885311871227
-0.37978847583519637,0.12618427902134305,0.13480885311871227
-0.37967443529112194,0.12628839146277981,0.13480885311871227
-0.3796578325941389,0.12628839146277981,0.1358148893360161
-0.37963860760483,0.12639250390421655,0.1358148893360161
-0.3796228211797646,0.12639250390421655,0.13682092555331993
-0.3796102111113467,0.12649661634565332,0.13682092555331993
-0.37958538551120974,0.12660072878709006,0.13682092555331993
-0.3795417139194368,0.12670484122852682,0.13682092555331993
-0.3795306050484582,0.12680895366996356,0.13682092555331993
-0.37948638606030866,0.12691306611140032,0.13682092555331993
-0.37945714564819144,0.12701717855283706,0.13682092555331993
-0.3791855473292472,0.12712129099427383,0.13682092555331993
-0.37916145583156224,0.12722540343571057,0.13682092555331993
-0.3790734636439891,0.12732951587714733,0.13682092555331993
-0.37907283496011535,0.12732951587714733,0.13782696177062373
-0.3789906183598999,0.12743362831858407,0.13782696177062373
-0.37885928860757007,0.12753774076002083,0.13782696177062373
-0.3788034038329841,0.12764185320145757,0.13782696177062373
-0.37880272056051884,0.12774596564289434,0.13782696177062373
-0.37872257752923844,0.12785007808433108,0.13782696177062373
-0.3786755256591714,0.12795419052576784,0.13782696177062373
-0.3786669492747227,0.12805830296720458,0.13782696177062373
-0.37866203415761224,0.12816241540864134,0.13782696177062373
-0.3785928412044741,0.12826652785007808,0.13782696177062373
-0.3785017839618889,0.12826652785007808,0.13883299798792756
-0.37844729378246517,0.12837064029151485,0.13883299798792756
-0.3783908489994514,0.12847475273295159,0.13883299798792756
-0.37829650526564335,0.12857886517438835,0.13883299798792756
-0.37828603453244597,0.12857886517438835,0.1398390342052314
-0.37821255815487775,0.1286829776158251,0.1398390342052314
-0.3780951931210487,0.12878709005726185,0.1398390342052314
-0.37796621194331226,0.12878709005726185,0.14084507042253522
-0.37793954385466977,0.1288912024986986,0.14084507042253522
-0.3778276725466076,0.12899531494013536,0.14084507042253522
-0.37780237439519404,0.1290994273815721,0.14084507042253522
-0.37779439147767785,0.12920353982300886,0.14084507042253522
-0.377726242902308,0.1293076522644456,0.14084507042253522
-0.3776736948821485,0.1295158771473191,0.14084507042253522
-0.3776357561992119,0.12961998958875587,0.14084507042253522
-0.377585718781699,0.1297241020301926,0.14084507042253522
-0.3774813674903396,0.1297241020301926,0.14185110663983905
-0.3774707364240173,0.12982821447162937,0.14185110663983905
-0.377468626496896,0.1299323269130661,0.14185110663983905
-0.377378342157034,0.13003643935450288,0.14185110663983905
-0.37730528115533796,0.1301405517959396,0.14185110663983905
-0.377296128020608,0.13024466423737638,0.14185110663983905
-0.3772288403283857,0.13034877667881312,0.14185110663983905
-0.3770459956119084,0.13034877667881312,0.14285714285714285
-0.3770186376336623,0.13045288912024988,0.14285714285714285
-0.37701406295895695,0.13055700156168662,0.14285714285714285
-0.37686523220486184,0.13066111400312339,0.14285714285714285
-0.37674585488831075,0.13076522644456012,0.14285714285714285
-0.3766184506179576,0.1308693388859969,0.14285714285714285
-0.37661242245072374,0.13097345132743363,0.14285714285714285
-0.3766060133693736,0.13118167621030713,0.14285714285714285
-0.3765734752447202,0.1312857886517439,0.14285714285714285
-0.3765727517115301,0.13138990109318063,0.14285714285714285
-0.3763910965720644,0.1314940135346174,0.14285714285714285
-0.3763228232861635,0.13159812597605414,0.14285714285714285
-0.3763048608193924,0.13159812597605414,0.14386317907444668
-0.3762670752717371,0.13159812597605414,0.1448692152917505
-0.37625525730507553,0.1317022384174909,0.1448692152917505
-0.3762358357075928,0.13180635085892764,0.1448692152917505
-0.37622070084114756,0.1319104633003644,0.1448692152917505
-0.3761648220825046,0.13201457574180114,0.1448692152917505
-0.3761456637235741,0.1321186881832379,0.1448692152917505
-0.37602541850538,0.13222280062467465,0.1448692152917505
-0.3760097632244283,0.1323269130661114,0.1448692152917505
-0.37598507592637515,0.1323269130661114,0.14587525150905434
-0.3755656910137408,0.13243102550754815,0.14688128772635814
-0.37549887862443526,0.13253513794898492,0.14688128772635814
-0.37542348179844187,0.13263925039042165,0.14688128772635814
-0.3753728017971529,0.13274336283185842,0.14688128772635814
-0.3753505932832957,0.13284747527329516,0.14688128772635814
-0.3753254071024614,0.13295158771473192,0.14688128772635814
-0.3752775925701344,0.13295158771473192,0.14788732394366197
-0.3751939158274651,0.13305570015616866,0.14788732394366197
-0.37515732316377515,0.13315981259760543,0.14788732394366197
-0.3751264004038657,0.13326392503904216,0.14788732394366197
-0.3750737230141325,0.13336803748047893,0.14788732394366197
-0.3750706362915866,0.13347214992191567,0.14788732394366197
-0.3750550667547903,0.13357626236335243,0.14788732394366197
-0.3749575037370934,0.13357626236335243,0.1488933601609658
-0.3749442368228635,0.13368037480478917,0.1488933601609658
-0.3747343309371015,0.13378448724622594,0.1488933601609658
-0.3746667271879827,0.13388859968766267,0.1488933601609658
-0.3745567385109251,0.13399271212909944,0.1488933601609658
-0.37446135507768297,0.13409682457053618,0.1488933601609658
-0.37440001960003516,0.13420093701197294,0.1488933601609658
-0.3743218105635573,0.13430504945340968,0.1488933601609658
-0.37428471218521425,0.13440916189484645,0.1488933601609658
-0.3742326983349663,0.13451327433628318,0.1488933601609658
-0.3742151496185257,0.13461738677771995,0.1488933601609658
-0.3741823700137854,0.1347214992191567,0.1488933601609658
-0.37397302627832957,0.13482561166059345,0.1488933601609658
-0.3739679769266658,0.1349297241020302,0.1488933601609658
-0.3737214921556458,0.13503383654346696,0.1488933601609658
-0.37367896453194244,0.1351379489849037,0.1488933601609658
-0.3735945117675528,0.13524206142634046,0.1488933601609658
-0.37343987032561404,0.13524206142634046,0.14989939637826963
-0.3734377751453656,0.1353461738677772,0.14989939637826963
-0.37324703456546504,0.13545028630921396,0.14989939637826963
-0.3732391529066598,0.1355543987506507,0.14989939637826963
-0.37321344712562743,0.13565851119208747,0.14989939637826963
-0.3730970131350323,0.1357626236335242,0.14989939637826963
-0.3730778833800972,0.1357626236335242,0.15090543259557343
-0.37291295420711823,0.13586673607496097,0.15090543259557343
-0.3729090570348406,0.1359708485163977,0.15090543259557343
-0.3727849407799004,0.13607496095783447,0.15090543259557343
-0.37276756988434956,0.1361790733992712,0.15090543259557343
-0.37263640519905855,0.13628318584070798,0.15090543259557343
-0.3726051754307264,0.13628318584070798,0.15191146881287726
-0.3725704905528694,0.13638729828214471,0.15191146881287726
-0.37253834614826575,0.13649141072358148,0.15191146881287726
-0.3725157983833212,0.13659552316501822,0.15191146881287726
-0.37250162022062344,0.13669963560645498,0.15191146881287726
-0.3724049817906098,0.13680374804789172,0.15191146881287726
-0.372307979610558,0.1369078604893285,0.15191146881287726
-0.3722981229095196,0.1369078604893285,0.1529175050301811
-0.3720850936538572,0.13701197293076522,0.1529175050301811
-0.37207253848792493,0.137116085372202,0.1529175050301811
-0.3720138179071271,0.13722019781363873,0.1529175050301811
-0.37184028677145997,0.13742842269651223,0.1529175050301811
-0.37178633689577556,0.137532535137949,0.1529175050301811
-0.37159789547435945,0.13763664757938573,0.1529175050301811
-0.37147662768089784,0.1377407600208225,0.1529175050301811
-0.3714409362003185,0.1377407600208225,0.15392354124748492
-0.3714013647801063,0.13784487246225924,0.15392354124748492
-0.3713932589466888,0.137948984903696,0.15392354124748492
-0.37139171736553006,0.13805309734513274,0.15392354124748492
-0.3713115240003512,0.1381572097865695,0.15392354124748492
-0.371309423952171,0.13826132222800624,0.15392354124748492
-0.37128420636954146,0.138365434669443,0.15392354124748492
-0.3712732288526067,0.13846954711087975,0.15392354124748492
-0.3712700773419884,0.1385736595523165,0.15392354124748492
-0.3711815322069782,0.13878188443519002,0.15392354124748492
-0.3711491566890056,0.13888599687662675,0.15392354124748492
-0.3711110771651755,0.13899010931806352,0.15392354124748492
-0.3710317977883382,0.13909422175950026,0.15392354124748492
-0.3708508929751743,0.13909422175950026,0.15492957746478872
-0.37068048312142887,0.13919833420093702,0.15492957746478872
-0.37058342305636,0.13930244664237376,0.15492957746478872
-0.3705809841329915,0.13930244664237376,0.15593561368209255
-0.37024922828528234,0.13930244664237376,0.15694164989939638
-0.37020608124568033,0.13930244664237376,0.1579476861167002
-0.37009236431040854,0.13940655908381053,0.1579476861167002
-0.3700720338002525,0.13951067152524727,0.1579476861167002
-0.37002365108977386,0.13961478396668403,0.1579476861167002
-0.3700047853288738,0.13971889640812077,0.1579476861167002
-0.369933970393581,0.13971889640812077,0.158953722334004
-0.36981897208911957,0.13982300884955753,0.158953722334004
-0.369754294447309,0.14003123373243104,0.158953722334004
-0.369636747193313,0.14013534617386778,0.158953722334004
-0.369571740233573,0.14023945861530454,0.158953722334004
-0.3695229509128804,0.14034357105674128,0.158953722334004
-0.36929726227594484,0.14044768349817804,0.158953722334004
-0.3692374386392839,0.14055179593961478,0.158953722334004
-0.3690489853518244,0.14065590838105155,0.158953722334004
-0.3689232337646977,0.14076002082248829,0.158953722334004
-0.3688967224207666,0.14086413326392505,0.158953722334004
-0.36874300071087235,0.14107235814679855,0.158953722334004
-0.3686607627074342,0.1411764705882353,0.158953722334004
-0.368555785461576,0.14128058302967206,0.158953722334004
-0.3685534588832337,0.1413846954711088,0.158953722334004
-0.36852756939608183,0.14148880791254556,0.158953722334004
-0.3685040710252288,0.1415929203539823,0.158953722334004
-0.36849658362473325,0.14169703279541906,0.158953722334004
-0.3684298696748364,0.1418011452368558,0.158953722334004
-0.36830128111042826,0.14190525767829257,0.158953722334004
-0.3682921766802786,0.1420093701197293,0.158953722334004
-0.36827074174338176,0.14211348256116607,0.158953722334004
-0.36825494047040225,0.1422175950026028,0.158953722334004
-0.36818043802122397,0.14232170744403957,0.158953722334004
-0.3680817183109361,0.1424258198854763,0.158953722334004
-0.3680188484730109,0.14252993232691308,0.158953722334004
-0.3679677748398958,0.14273815720978658,0.158953722334004
-0.36795185045822126,0.14284226965122332,0.158953722334004
-0.367888219847226,0.14305049453409682,0.158953722334004
-0.36788291687367775,0.1431546069755336,0.158953722334004
-0.36787782468011093,0.14325871941697033,0.158953722334004
-0.3677658854554472,0.14325871941697033,0.15995975855130784
-0.36767026560797106,0.1433628318584071,0.15995975855130784
-0.3676193593778824,0.14346694429984383,0.15995975855130784
-0.36755467207099124,0.1435710567412806,0.15995975855130784
-0.3675115213378062,0.14367516918271733,0.15995975855130784
-0.36741089856536696,0.1437792816241541,0.15995975855130784
-0.3673300883530443,0.14388339406559084,0.15995975855130784
-0.3673201907472081,0.14429984383133784,0.15995975855130784
-0.36728284661237126,0.1444039562727746,0.15995975855130784
-0.3671339872420564,0.14450806871421135,0.15995975855130784
-0.36699142233788706,0.1446121811556481,0.15995975855130784
-0.3669690640337542,0.14471629359708485,0.15995975855130784
-0.36690049921611256,0.14482040603852162,0.15995975855130784
-0.36678300839199635,0.14492451847995835,0.15995975855130784
-0.36670183337471735,0.14502863092139512,0.15995975855130784
-0.36655526067917443,0.14513274336283186,0.15995975855130784
-0.3665393327472396,0.14513274336283186,0.16096579476861167
-0.36648155173707553,0.14523685580426862,0.16096579476861167
-0.36645900338145426,0.14534096824570536,0.16096579476861167
-0.3663568335189955,0.14544508068714213,0.16096579476861167
-0.3661178831385524,0.14554919312857886,0.16096579476861167
-0.3660250064774547,0.14565330557001563,0.16096579476861167
-0.36597953928041066,0.14586153045288913,0.16096579476861167
-0.3659623619014699,0.14596564289432587,0.16096579476861167
-0.36594470229493303,0.14596564289432587,0.1619718309859155
-0.3657391493253427,0.14606975533576264,0.1619718309859155
-0.365628070388079,0.14606975533576264,0.16297786720321933
-0.36556026844918466,0.14606975533576264,0.16398390342052313
-0.36556018396181555,0.14617386777719937,0.16398390342052313
-0.36552214506173647,0.14627798021863614,0.16398390342052313
-0.3655207379833682,0.14638209266007288,0.16398390342052313
-0.365494791631866,0.14648620510150964,0.16398390342052313
-0.36547356140634035,0.14659031754294638,0.16398390342052313
-0.3654598786691866,0.14669442998438315,0.16398390342052313
-0.36545437656191804,0.14679854242581988,0.16398390342052313
-0.3653794469450234,0.14690265486725665,0.16398390342052313
-0.3653593496242562,0.1470067673086934,0.16398390342052313
-0.36528883311762106,0.1472149921915669,0.16398390342052313
-0.3652739247198448,0.14731910463300366,0.16398390342052313
-0.36519370813528784,0.14731910463300366,0.16498993963782696
-0.3650278429411548,0.1474232170744404,0.16498993963782696
-0.3649535556877937,0.1474232170744404,0.1659959758551308
-0.3649298542869154,0.1476314419573139,0.1659959758551308
-0.36490093785493305,0.14773555439875066,0.1659959758551308
-0.364716059642404,0.1478396668401874,0.1659959758551308
-0.36463132161693496,0.14794377928162417,0.1659959758551308
-0.3645961928631354,0.1480478917230609,0.1659959758551308
-0.3644865695726944,0.1482561166059344,0.1659959758551308
-0.36437906903585965,0.14836022904737117,0.1659959758551308
-0.36434713782942124,0.1484643414888079,0.1659959758551308
-0.36423358724835025,0.1484643414888079,0.16700201207243462
-0.3642052186751794,0.14856845393024468,0.16700201207243462
-0.36420252886690085,0.1486725663716814,0.16700201207243462
-0.364194285856164,0.14877667881311818,0.16700201207243462
-0.3641839455284814,0.14877667881311818,0.16800804828973842
-0.36413424889756085,0.14888079125455492,0.16800804828973842
-0.3641328102895255,0.14898490369599168,0.16800804828973842
-0.36407770599578965,0.14898490369599168,0.16901408450704225
-0.36403984169921444,0.14908901613742842,0.16901408450704225
-0.3640296094073854,0.14929724102030192,0.16901408450704225
-0.3638828606238654,0.1494013534617387,0.16901408450704225
-0.3638534974191443,0.1494013534617387,0.17002012072434608
-0.3638311143872352,0.1494013534617387,0.1710261569416499
-0.363807010622814,0.14950546590317543,0.1710261569416499
-0.3636613608409449,0.1496095783446122,0.1710261569416499
-0.3636588104503358,0.14971369078604893,0.1710261569416499
-0.3635839965612921,0.1498178032274857,0.1710261569416499
-0.36356523449778044,0.14992191566892243,0.1710261569416499
-0.3635536100749249,0.15013014055179594,0.1710261569416499
-0.3635218326949996,0.1502342529932327,0.1710261569416499
-0.3634610822707737,0.15033836543466944,0.1710261569416499
-0.3634370077224285,0.1504424778761062,0.1710261569416499
-0.36326738514349244,0.15054659031754294,0.1710261569416499
-0.3631877957736811,0.15054659031754294,0.1720321931589537
-0.3631766925813023,0.15054659031754294,0.17303822937625754
-0.36317255543578514,0.1506507027589797,0.17303822937625754
-0.3631363569428215,0.15075481520041645,0.17303822937625754
-0.36299177232688246,0.1508589276418532,0.17303822937625754
-0.3627700147049911,0.15096304008328995,0.17303822937625754
-0.36276864125243596,0.15106715252472672,0.17303822937625754
-0.3627681430797527,0.15106715252472672,0.17404426559356137
-0.3627329635828392,0.15117126496616345,0.17404426559356137
-0.36270378132166087,0.15127537740760022,0.17404426559356137
-0.3626961798401265,0.15148360229047372,0.17404426559356137
-0.3626359687716185,0.15158771473191046,0.17404426559356137
-0.36251161073535926,0.15169182717334723,0.17404426559356137
-0.3622403537880376,0.15179593961478396,0.17404426559356137
-0.36223516629422453,0.15190005205622073,0.17404426559356137
-0.36222180117437347,0.15231650182196774,0.17404426559356137
-0.3621712818033766,0.15314940135346175,0.17404426559356137
-0.36212886059058785,0.1532535137948985,0.17404426559356137
-0.36211657768728023,0.15335762623633525,0.17404426559356137
-0.3620701986109527,0.153461738677772,0.17404426559356137
-0.36201325451854666,0.153461738677772,0.1750503018108652
-0.361984472377048,0.15356585111920876,0.1750503018108652
-0.3618616641234342,0.1536699635606455,0.1750503018108652
-0.3618013881249218,0.15377407600208226,0.1750503018108652
-0.36171585880886,0.153878188443519,0.1750503018108652
-0.36166184467914575,0.153878188443519,0.176056338028169
-0.361588077809206,0.15398230088495576,0.176056338028169
-0.36157447001947784,0.15439875065070277,0.176056338028169
-0.3615312572591582,0.1545028630921395,0.176056338028169
-0.3613978081850849,0.15460697553357627,0.176056338028169
-0.36135698959905754,0.154711087975013,0.176056338028169
-0.36131253140323283,0.15512753774076002,0.176056338028169
-0.3612536862820798,0.15523165018219678,0.176056338028169
-0.3612015071442636,0.15533576262363352,0.176056338028169
-0.36119582628867664,0.1554398750650703,0.176056338028169
-0.3609644431724315,0.15554398750650703,0.176056338028169
-0.3609160018599638,0.1556480999479438,0.176056338028169
-0.36085089648808527,0.15575221238938053,0.176056338028169
-0.36084453679723993,0.1564809994794378,0.176056338028169
-0.3606501246271909,0.15658511192087454,0.176056338028169
-0.3606401335842518,0.1566892243623113,0.176056338028169
-0.3604937768763963,0.15679333680374805,0.176056338028169
-0.36035222201980627,0.1568974492451848,0.176056338028169
-0.3603181392605034,0.15700156168662155,0.176056338028169
-0.36022167118100634,0.15710567412805831,0.176056338028169
-0.3602096038907086,0.15731389901093182,0.176056338028169
-0.3601754472331515,0.15731389901093182,0.17706237424547283
-0.3601229047874089,0.15741801145236856,0.17706237424547283
-0.36011165028227465,0.15741801145236856,0.17806841046277666
-0.36006280049521716,0.15762623633524206,0.17806841046277666
-0.35999436996435713,0.15762623633524206,0.1790744466800805
-0.3599445100963923,0.15773034877667882,0.1790744466800805
-0.3599358306869458,0.15783446121811556,0.1790744466800805
-0.3598850047205559,0.15793857365955233,0.1790744466800805
-0.359839459667333,0.15804268610098907,0.1790744466800805
-0.3597426294258714,0.15825091098386257,0.1790744466800805
-0.3597214325539869,0.15835502342529933,0.1790744466800805
-0.35969592006470225,0.15845913586673607,0.1790744466800805
-0.35965208864531484,0.15856324830817284,0.1790744466800805
-0.3595938553310668,0.15866736074960958,0.1790744466800805
-0.359439078050816,0.15877147319104634,0.1790744466800805
-0.3593291161631942,0.15877147319104634,0.18008048289738432
-0.3592931364617632,0.15887558563248308,0.18008048289738432
-0.359130853717152,0.1592920353982301,0.18008048289738432
-0.3590898380919278,0.15939614783966685,0.18008048289738432
-0.35907558305392684,0.15960437272254036,0.18008048289738432
-0.35903781561394843,0.15960437272254036,0.18108651911468812
-0.35892460367877255,0.1597084851639771,0.18108651911468812
-0.35890032750211104,0.1597084851639771,0.18209255533199195
-0.3588946608259199,0.1599167100468506,0.18209255533199195
-0.3588916319496713,0.16002082248828736,0.18209255533199195
-0.35876033005288777,0.1601249349297241,0.18209255533199195
-0.3587163549974977,0.1601249349297241,0.18309859154929578
-0.35870551653275584,0.16022904737116087,0.18309859154929578
-0.35865383368342857,0.1603331598125976,0.18309859154929578
-0.3583040163299786,0.16043727225403437,0.18309859154929578
-0.3582941326855067,0.1605413846954711,0.18309859154929578
-0.35825912418027195,0.16064549713690787,0.18309859154929578
-0.35814431596643836,0.1607496095783446,0.18309859154929578
-0.35805188168281327,0.16085372201978138,0.18309859154929578
-0.35803371959608343,0.1609578344612181,0.18309859154929578
-0.3579976111631225,0.16106194690265488,0.18309859154929578
-0.3579740345473441,0.16116605934409162,0.18309859154929578
-0.3579589809803073,0.16127017178552838,0.18309859154929578
-0.3578713996333001,0.16137428422696512,0.18309859154929578
-0.35745748877955785,0.16147839666840189,0.18309859154929578
-0.35730716857339584,0.16158250910983862,0.18309859154929578
-0.3572674520977228,0.1616866215512754,0.18309859154929578
-0.35724210673740275,0.16179073399271213,0.18309859154929578
-0.3572155356911104,0.1618948464341489,0.18309859154929578
-0.35715319310852,0.16199895887558563,0.18309859154929578
-0.3570320315769756,0.1621030713170224,0.18309859154929578
-0.3568794784915871,0.16220718375845913,0.18309859154929578
-0.35670357091137744,0.16220718375845913,0.1841046277665996
-0.35666972499131394,0.1623112961998959,0.1841046277665996
-0.35663501278818405,0.16241540864133264,0.1841046277665996
-0.3566140011248338,0.16241540864133264,0.1851106639839034
-0.3562923078474173,0.16241540864133264,0.18611670020120724
-0.35624480579634066,0.1625195210827694,0.18611670020120724
-0.3562121293632407,0.16262363352420614,0.18611670020120724
-0.35618765273366454,0.1627277459656429,0.18611670020120724
-0.3561251084849185,0.16283185840707964,0.18611670020120724
-0.3560137120044925,0.1629359708485164,0.18611670020120724
-0.3559817440550711,0.1629359708485164,0.18712273641851107
-0.3559051470719943,0.16304008328995315,0.18712273641851107
-0.35588219248978437,0.16304008328995315,0.1881287726358149
-0.3558344335872313,0.16324830817282665,0.1881287726358149
-0.3557737232352754,0.16335242061426342,0.1881287726358149
-0.3557354706613313,0.16356064549713692,0.1881287726358149
-0.35569191233175296,0.16366475793857366,0.1881287726358149
-0.3555776461813472,0.16376887038001042,0.1881287726358149
-0.35552699289202466,0.16387298282144716,0.1881287726358149
-0.35548386532575293,0.16397709526288393,0.1881287726358149
-0.3554322671394068,0.16408120770432066,0.1881287726358149
-0.35540275107869407,0.16418532014575743,0.1881287726358149
-0.35534860545284064,0.16428943258719417,0.1881287726358149
-0.3552502061501684,0.16439354502863093,0.1881287726358149
-0.3550575557340149,0.16439354502863093,0.1891348088531187
-0.35493115456691543,0.16439354502863093,0.19014084507042253
-0.35486214758934775,0.16449765747006767,0.19014084507042253
-0.3548559259336031,0.16449765747006767,0.19114688128772636
-0.35478736295775326,0.16470588235294117,0.19114688128772636
-0.35477445731559276,0.16501821967725144,0.19114688128772636
-0.3546545589755783,0.16512233211868818,0.19114688128772636
-0.35457236495420213,0.16522644456012495,0.19114688128772636
-0.35445644777418683,0.16533055700156168,0.19114688128772636
-0.3544313905831277,0.16543466944299845,0.19114688128772636
-0.3542570852530459,0.1655387818844352,0.19114688128772636
-0.35425556074847725,0.16564289432587195,0.19114688128772636
-0.35424109436976703,0.1657470067673087,0.19114688128772636
-0.35409261274661197,0.16585111920874546,0.19114688128772636
-0.35407193048023633,0.1659552316501822,0.19114688128772636
-0.3540695047813553,0.1659552316501822,0.1921529175050302
-0.35404275535259105,0.16605934409161896,0.1921529175050302
-0.35387557258368724,0.1661634565330557,0.1921529175050302
-0.3538656362129103,0.1663716814159292,0.1921529175050302
-0.35382817883716944,0.16647579385736597,0.1921529175050302
-0.3537966471228861,0.1665799062988027,0.1921529175050302
-0.35370468485161993,0.16668401874023947,0.1921529175050302
-0.3536913959911054,0.1667881311816762,0.1921529175050302
-0.3536499680050772,0.16689224362311297,0.1921529175050302
-0.3536233026264058,0.1669963560645497,0.1921529175050302
-0.35354846534561396,0.16710046850598648,0.1921529175050302
-0.35351229834923253,0.16720458094742321,0.1921529175050302
-0.3534777403220352,0.16730869338885998,0.1921529175050302
-0.3534330012012664,0.16741280583029672,0.1921529175050302
-0.3532554485648069,0.16751691827173348,0.1921529175050302
-0.3532423435610928,0.16762103071317022,0.1921529175050302
-0.3530084888213742,0.167725143154607,0.1921529175050302
-0.35300375050368177,0.16782925559604372,0.1921529175050302
-0.3529862304184092,0.1679333680374805,0.1921529175050302
-0.3529638075875905,0.16824570536179073,0.1921529175050302
-0.35291191024328317,0.1683498178032275,0.1921529175050302
-0.35286794079590567,0.1683498178032275,0.193158953722334
-0.35281177385175355,0.16845393024466424,0.193158953722334
-0.3527823581813554,0.168558042686101,0.193158953722334
-0.3527085116727617,0.16866215512753774,0.193158953722334
-0.352685442196121,0.1687662675689745,0.193158953722334
-0.35263899779892816,0.16907860489328475,0.193158953722334
-0.352569317345906,0.16939094221759501,0.193158953722334
-0.35250538292108974,0.16959916710046852,0.193158953722334
-0.3524973088466904,0.16959916710046852,0.19416498993963782
-0.35242552848192155,0.16980739198334202,0.19416498993963782
-0.3523537263623974,0.16991150442477876,0.19416498993963782
-0.3521382672096236,0.17001561686621552,0.19416498993963782
-0.35212797476431507,0.17011972930765226,0.19416498993963782
-0.3520403708473894,0.17022384174908903,0.19416498993963782
-0.35199208242177993,0.17032795419052577,0.19416498993963782
-0.3519893725232469,0.17043206663196253,0.19416498993963782
-0.3519709681194327,0.17053617907339927,0.19416498993963782
-0.3518887667516273,0.17053617907339927,0.19517102615694165
-0.35187956649792773,0.17074440395627277,0.19517102615694165
-0.3518780484040747,0.17084851639770954,0.19517102615694165
-0.3517933208142958,0.17105674128058304,0.19517102615694165
-0.3517807866984732,0.17116085372201978,0.19517102615694165
-0.3517775306667794,0.17116085372201978,0.19617706237424548
-0.3517077440738795,0.17126496616345654,0.19617706237424548
-0.3516717579814813,0.17136907860489328,0.19617706237424548
-0.3516698924157158,0.17147319104633005,0.19617706237424548
-0.3516049891273934,0.17157730348776679,0.19617706237424548
-0.3514916182048945,0.17168141592920355,0.19617706237424548
-0.35142367476621744,0.1717855283706403,0.19617706237424548
-0.3513910591987738,0.17188964081207705,0.19617706237424548
-0.35137351223004354,0.17188964081207705,0.19718309859154928
-0.3513117183279038,0.1719937532535138,0.19718309859154928
-0.35103328212945684,0.17209786569495056,0.19718309859154928
-0.350991328178009,0.1722019781363873,0.19718309859154928
-0.3509430908983717,0.1722019781363873,0.1981891348088531
-0.3509119533396936,0.17230609057782406,0.1981891348088531
-0.35083175915711295,0.17251431546069756,0.1981891348088531
-0.35080604075699995,0.17251431546069756,0.19919517102615694
-0.3507730796983322,0.17272254034357107,0.19919517102615694
-0.3504253918050588,0.1728266527850078,0.19919517102615694
-0.3503794317784313,0.17293076522644457,0.19919517102615694
-0.3502557072739407,0.1730348776678813,0.19919517102615694
-0.35003265795372157,0.17313899010931807,0.19919517102615694
-0.3498484981400122,0.17313899010931807,0.20020120724346077
-0.34982139005587576,0.17313899010931807,0.2012072434607646
-0.3497766580555,0.1732431025507548,0.2012072434607646
-0.3497725369244917,0.17355543987506508,0.2012072434607646
-0.3496068479689633,0.17365955231650182,0.2012072434607646
-0.3495785208064297,0.17376366475793859,0.2012072434607646
-0.3495560920338578,0.17386777719937532,0.2012072434607646
-0.34955467979751714,0.1741801145236856,0.2012072434607646
-0.3494785656655592,0.1743883394065591,0.2012072434607646
-0.3494263362402516,0.17449245184799583,0.2012072434607646
-0.3492492248126514,0.1745965642894326,0.2012072434607646
-0.34920952890529344,0.1745965642894326,0.2022132796780684
-0.34919856614263467,0.17470067673086934,0.2022132796780684
-0.34918360373043567,0.1748047891723061,0.2022132796780684
-0.3491720389608114,0.17490890161374284,0.2022132796780684
-0.3490703610527565,0.1752212389380531,0.2022132796780684
-0.3490617565484738,0.17532535137948985,0.2022132796780684
-0.3489377315506413,0.1754294638209266,0.2022132796780684
-0.3489172093736756,0.17553357626236335,0.2022132796780684
-0.34889234187803475,0.17563768870380012,0.2022132796780684
-0.34881591995468636,0.17574180114523685,0.2022132796780684
-0.3488081509130967,0.17605413846954712,0.2022132796780684
-0.34872382441781064,0.17615825091098386,0.2022132796780684
-0.3485012441971913,0.17626236335242063,0.2022132796780684
-0.3484083204824559,0.17636647579385736,0.2022132796780684
-0.3483571158903439,0.17657470067673087,0.2022132796780684
-0.34834657777914557,0.17667881311816763,0.2022132796780684
-0.34827843385127716,0.17678292555960437,0.2022132796780684
-0.34824632070805395,0.17699115044247787,0.2022132796780684
-0.3482057372638051,0.17709526288391464,0.2022132796780684
-0.34812208378170484,0.17709526288391464,0.20321931589537223
-0.348115161515546,0.17730348776678814,0.20321931589537223
-0.3480930180171788,0.17751171264966165,0.20321931589537223
-0.3480288791785024,0.17751171264966165,0.20422535211267606
-0.347998070764704,0.17761582509109838,0.20422535211267606
-0.34793557832310273,0.17771993753253515,0.20422535211267606
-0.34792781028225317,0.1778240499739719,0.20422535211267606
-0.3479008378772153,0.17792816241540865,0.20422535211267606
-0.3478801642252728,0.17813638729828216,0.20422535211267606
-0.34781318777812675,0.1782404997397189,0.20422535211267606
-0.3477870895644347,0.17834461218115566,0.20422535211267606
-0.3477413545504685,0.17834461218115566,0.2052313883299799
-0.3476401773860465,0.17855283706402916,0.2052313883299799
-0.34759370507016407,0.1786569495054659,0.2052313883299799
-0.3475883104307451,0.17876106194690267,0.2052313883299799
-0.34754693723510655,0.1788651743883394,0.2052313883299799
-0.3475175498102541,0.17896928682977617,0.2052313883299799
-0.34751278773014765,0.17917751171264967,0.2052313883299799
-0.3475029718212222,0.1792816241540864,0.2052313883299799
-0.3473558539220281,0.17938573659552318,0.2052313883299799
-0.34733274390801727,0.17948984903695991,0.2052313883299799
-0.34730199961878705,0.17959396147839668,0.2052313883299799
-0.3472903188588031,0.17969807391983342,0.2052313883299799
-0.3471749159679293,0.17980218636127018,0.2052313883299799
-0.34716986303126296,0.17990629880270692,0.2052313883299799
-0.34703679024139217,0.1800104112441437,0.2052313883299799
-0.34702732902271577,0.18011452368558042,0.2052313883299799
-0.3469534622635922,0.1802186361270172,0.2052313883299799
-0.3469021638271442,0.18032274856845393,0.2052313883299799
-0.3468262417049842,0.1804268610098907,0.2052313883299799
-0.34675679300711837,0.18053097345132743,0.2052313883299799
-0.3467430729207131,0.18053097345132743,0.2062374245472837
-0.3467355907078064,0.1806350858927642,0.2062374245472837
-0.34656240925723464,0.18073919833420093,0.2062374245472837
-0.346529526215616,0.1808433107756377,0.2062374245472837
-0.3464187724648738,0.18094742321707444,0.2062374245472837
-0.3464149382020715,0.1810515356585112,0.2062374245472837
-0.3463836851219785,0.18115564809994794,0.2062374245472837
-0.3463393989318877,0.1812597605413847,0.2062374245472837
-0.34624448593986723,0.1814679854242582,0.2062374245472837
-0.3462238928600326,0.1814679854242582,0.20724346076458752
-0.3461490086051926,0.18157209786569495,0.20724346076458752
-0.34609984233674923,0.1816762103071317,0.20724346076458752
-0.3460968117970919,0.18178032274856845,0.20724346076458752
-0.3459944667342089,0.18188443519000522,0.20724346076458752
-0.34589412366926164,0.18198854763144195,0.20724346076458752
-0.34586608710365585,0.18209266007287872,0.20724346076458752
-0.3457898284275445,0.18219677251431546,0.20724346076458752
-0.34571717895088055,0.18230088495575222,0.20724346076458752
-0.3457129655855851,0.18240499739718896,0.20724346076458752
-0.3455684043799216,0.18250910983862573,0.20724346076458752
-0.3454796360264657,0.18250910983862573,0.20824949698189135
-0.3453548152336838,0.18261322228006246,0.20824949698189135
-0.34530395455777374,0.18282144716293597,0.20824949698189135
-0.34524188474114836,0.18292555960437273,0.20824949698189135
-0.3450339742997013,0.18302967204580947,0.20824949698189135
-0.3449563132252016,0.18313378448724624,0.20824949698189135
-0.3449219708424155,0.18323789692868298,0.20824949698189135
-0.34491040124812944,0.18334200937011974,0.20824949698189135
-0.3448800244492153,0.18344612181155648,0.20824949698189135
-0.344853241327337,0.18355023425299324,0.20824949698189135
-0.34480810074056095,0.18365434669442998,0.20824949698189135
-0.3447504273020229,0.18375845913586675,0.20824949698189135
-0.34459031922424854,0.18386257157730349,0.20824949698189135
-0.34451797893034797,0.18396668401874025,0.20824949698189135
-0.34446845784003194,0.184070796460177,0.20824949698189135
-0.3444681102472928,0.18417490890161375,0.20824949698189135
-0.34439017128502397,0.1842790213430505,0.20824949698189135
-0.34432759873505625,0.18438313378448726,0.20824949698189135
-0.3443179561192606,0.184487246225924,0.20824949698189135
-0.3443048336367792,0.18459135866736076,0.20824949698189135
-0.3442489638479632,0.1846954711087975,0.20824949698189135
-0.3442197949233026,0.18479958355023426,0.20824949698189135
-0.34421392635509956,0.184903695991671,0.20824949698189135
-0.3441946755374681,0.184903695991671,0.20925553319919518
-0.34417999281857814,0.1851119208745445,0.20925553319919518
-0.3441759574926676,0.18521603331598127,0.20925553319919518
-0.34417441873975607,0.18521603331598127,0.21026156941649898
-0.3440189346073119,0.18521603331598127,0.2112676056338028
-0.3440176948607067,0.185320145757418,0.2112676056338028
-0.3439809834732474,0.18542425819885477,0.2112676056338028
-0.3439556578507741,0.1855283706402915,0.2112676056338028
-0.34386865152095886,0.18563248308172828,0.2112676056338028
-0.3438347557721746,0.18584070796460178,0.2112676056338028
-0.3438079604727177,0.18594482040603852,0.2112676056338028
-0.3436564081118312,0.18604893284747528,0.2112676056338028
-0.34359919841619724,0.18604893284747528,0.21227364185110664
-0.34354409891365445,0.18604893284747528,0.21327967806841047
-0.3435246135318994,0.18615304528891202,0.21327967806841047
-0.34350409587317304,0.18636127017178553,0.21327967806841047
-0.34347441486050473,0.1864653826132223,0.21327967806841047
-0.3434492719725831,0.1864653826132223,0.21428571428571427
-0.34344465310549155,0.18656949505465903,0.21428571428571427
-0.343404601794767,0.18656949505465903,0.2152917505030181
-0.3433971011144024,0.18656949505465903,0.21629778672032193
-0.34337275242134424,0.1866736074960958,0.21629778672032193
-0.3433245965731833,0.18677771993753253,0.21629778672032193
-0.34332399538641395,0.1868818323789693,0.21629778672032193
-0.3432670608594859,0.18698594482040604,0.21629778672032193
-0.3432455749617785,0.1870900572618428,0.21629778672032193
-0.34320242484370533,0.18719416970327954,0.21629778672032193
-0.3431875222070029,0.1875065070275898,0.21629778672032193
-0.34307574571626515,0.1875065070275898,0.21730382293762576
-0.3429970418395121,0.1875065070275898,0.21830985915492956
-0.3429201189509934,0.18761061946902655,0.21830985915492956
-0.3429133882876969,0.1877147319104633,0.21830985915492956
-0.34289857661240813,0.18781884435190005,0.21830985915492956
-0.34284604175939215,0.18813118167621032,0.21830985915492956
-0.3428400458758769,0.18823529411764706,0.21830985915492956
-0.3428230909603011,0.18833940655908382,0.21830985915492956
-0.34281902759223537,0.18844351900052056,0.21830985915492956
-0.34278685697428035,0.18854763144195733,0.21830985915492956
-0.34264505601395473,0.18865174388339406,0.21830985915492956
-0.3426007705362579,0.18875585632483083,0.21830985915492956
-0.34257628450739125,0.18885996876626757,0.21830985915492956
-0.34253635378572117,0.18896408120770433,0.21830985915492956
-0.34247147790680166,0.18906819364914107,0.21830985915492956
-0.3423448046941163,0.18906819364914107,0.2193158953722334
-0.34226048336300924,0.18917230609057784,0.2193158953722334
-0.34209381467525485,0.18927641853201457,0.2193158953722334
-0.3420343461708466,0.18938053097345134,0.2193158953722334
-0.34197533198213653,0.18948464341488808,0.2193158953722334
-0.34197096143342515,0.18958875585632484,0.2193158953722334
-0.3419548036107446,0.18969286829776158,0.2193158953722334
-0.34194695753681414,0.18979698073919835,0.2193158953722334
-0.34194068734489746,0.1901093180635086,0.2193158953722334
-0.3417689366486453,0.19021343050494535,0.2193158953722334
-0.34173575378023496,0.19042165538781886,0.2193158953722334
-0.34170527151811747,0.1905257678292556,0.2193158953722334
-0.3417034599223425,0.1907339927121291,0.2193158953722334
-0.34167121280087537,0.19083810515356586,0.2193158953722334
-0.34165072477998215,0.1909422175950026,0.2193158953722334
-0.34162528294829647,0.19104633003643937,0.2193158953722334
-0.34155955250940456,0.1911504424778761,0.2193158953722334
-0.34151690814209495,0.19125455491931287,0.2193158953722334
-0.34143773629218066,0.1913586673607496,0.2193158953722334
-0.34136071786107547,0.1915668922436231,0.2193158953722334
-0.34129464843679314,0.19167100468505988,0.2193158953722334
-0.3412815375712976,0.1917751171264966,0.2193158953722334
-0.34125021508948633,0.19219156689224362,0.2193158953722334
-0.34116429896795974,0.19229567933368039,0.2193158953722334
-0.34103346986378225,0.19239979177511712,0.2193158953722334
-0.340983871694786,0.1925039042165539,0.2193158953722334
-0.3409712202239512,0.19260801665799063,0.2193158953722334
-0.3408249633384539,0.19281624154086413,0.2193158953722334
-0.3407389197736552,0.19281624154086413,0.22032193158953722
-0.3406805478913717,0.19281624154086413,0.22132796780684105
-0.34066782959384007,0.1929203539823009,0.22132796780684105
-0.3406321879442812,0.19302446642373763,0.22132796780684105
-0.34062272737757504,0.1931285788651744,0.22132796780684105
-0.34055949948126774,0.19323269130661114,0.22132796780684105
-0.3404518860958363,0.1933368037480479,0.22132796780684105
-0.3404474518941651,0.19344091618948464,0.22132796780684105
-0.3404088842572393,0.1935450286309214,0.22132796780684105
-0.34034830332733096,0.19364914107235814,0.22132796780684105
-0.34031886000322426,0.19385736595523165,0.22132796780684105
-0.3402484052574975,0.19406559083810515,0.22132796780684105
-0.34022825872677664,0.19416970327954192,0.22132796780684105
-0.34011288214851587,0.19427381572097865,0.22132796780684105
-0.34009096931044397,0.19437792816241542,0.22132796780684105
-0.3400350934891329,0.19448204060385216,0.22132796780684105
-0.34003419218427816,0.19458615304528892,0.22132796780684105
-0.34003122191238255,0.19479437792816243,0.22132796780684105
-0.33993219456427387,0.19489849036959916,0.22132796780684105
-0.33988972487818786,0.19500260281103593,0.22132796780684105
-0.3398439278350489,0.19500260281103593,0.22233400402414488
-0.3397971270598409,0.19510671525247267,0.22233400402414488
-0.3397407282896054,0.19521082769390943,0.22233400402414488
-0.3397014467747328,0.19521082769390943,0.22334004024144868
-0.33967378658929337,0.19531494013534617,0.22334004024144868
-0.33963505199484273,0.19531494013534617,0.2243460764587525
-0.33961864123019414,0.19541905257678294,0.2243460764587525
-0.3395760426369166,0.19552316501821967,0.2243460764587525
-0.3394999985240045,0.19562727745965644,0.2243460764587525
-0.33945281760903406,0.19562727745965644,0.22535211267605634
-0.3394273701255163,0.19562727745965644,0.22635814889336017
-0.3393891947258111,0.19583550234252994,0.22635814889336017
-0.3393749213663568,0.19593961478396668,0.22635814889336017
-0.33931865024919766,0.19593961478396668,0.22736418511066397
-0.3393038625477327,0.19614783966684018,0.22736418511066397
-0.33925534104595917,0.19625195210827695,0.22736418511066397
-0.33920916025441317,0.1963560645497137,0.22736418511066397
-0.3391816631946106,0.19666840187402396,0.22736418511066397
-0.3391682472375481,0.1967725143154607,0.22736418511066397
-0.33899713861529324,0.1969807391983342,0.22736418511066397
-0.33898061696804055,0.19708485163977096,0.22736418511066397
-0.33892896440434317,0.1971889640812077,0.22736418511066397
-0.3389093722913463,0.19729307652264447,0.22736418511066397
-0.33889140107491983,0.1973971889640812,0.22736418511066397
-0.33882269138427307,0.19750130140551797,0.22736418511066397
-0.338805246779033,0.1976054138469547,0.22736418511066397
-0.3386857512725329,0.1976054138469547,0.2283702213279678
-0.3386624267725329,0.19770952628839147,0.2283702213279678
-0.3386024048948006,0.19791775117126498,0.2283702213279678
-0.33858080497887094,0.19802186361270172,0.2283702213279678
-0.33851641857520576,0.19812597605413848,0.2283702213279678
-0.3385037266462988,0.19823008849557522,0.2283702213279678
-0.338455482873194,0.19843831337844872,0.2283702213279678
-0.33841558701270885,0.1985424258198855,0.2283702213279678
-0.33840180413211096,0.19864653826132223,0.2283702213279678
-0.3383705840692305,0.19885476314419573,0.2283702213279678
-0.33835693117272075,0.1989588755856325,0.2283702213279678
-0.3383017924674074,0.1989588755856325,0.22937625754527163
-0.33824053864336473,0.19906298802706923,0.22937625754527163
-0.33821919022771424,0.199167100468506,0.22937625754527163
-0.3381737241368602,0.19927121290994274,0.22937625754527163
-0.33817179863492647,0.19947943779281624,0.22937625754527163
-0.33815419848502737,0.199583550234253,0.22937625754527163
-0.3381179613100473,0.19968766267568974,0.22937625754527163
-0.33805836381632653,0.1997917751171265,0.22937625754527163
-0.3380471177818698,0.19989588755856325,0.22937625754527163
-0.33801200783845764,0.20010411244143675,0.22937625754527163
-0.3379379710972042,0.20020822488287351,0.22937625754527163
-0.3378982947929063,0.20031233732431025,0.22937625754527163
-0.33781450101846755,0.20041644976574702,0.22937625754527163
-0.33771913276724363,0.20052056220718376,0.22937625754527163
-0.33762017583438025,0.20062467464862052,0.22937625754527163
-0.3375961031723297,0.20104112441436753,0.22937625754527163
-0.337561392280202,0.20124934929724103,0.22937625754527163
-0.33748336194646855,0.20135346173867777,0.22937625754527163
-0.3374535922421959,0.20145757418011453,0.22937625754527163
-0.33735958536860955,0.20156168662155127,0.22937625754527163
-0.33728761209503616,0.20166579906298804,0.22937625754527163
-0.3372687236500831,0.20166579906298804,0.23038229376257546
-0.33715583368513335,0.20176991150442478,0.23038229376257546
-0.3371053403768242,0.20187402394586154,0.23038229376257546
-0.337049852899412,0.20208224882873504,0.23038229376257546
-0.3370243695655977,0.20218636127017178,0.23038229376257546
-0.33697982393357134,0.20229047371160855,0.23038229376257546
-0.3369535875209274,0.20239458615304529,0.23038229376257546
-0.33688961552441876,0.2026028110359188,0.23038229376257546
-0.336885975883375,0.20270692347735556,0.23038229376257546
-0.33682740632480884,0.2028110359187923,0.23038229376257546
-0.3367845311091045,0.20291514836022906,0.23038229376257546
-0.3366823675526383,0.2030192608016658,0.23038229376257546
-0.33658756699457165,0.20312337324310256,0.23038229376257546
-0.3365479461436593,0.2032274856845393,0.23038229376257546
-0.3364942383799554,0.20333159812597607,0.23038229376257546
-0.3364569045375838,0.2034357105674128,0.23038229376257546
-0.33638424738518635,0.20353982300884957,0.23038229376257546
-0.3363602187295065,0.2036439354502863,0.23038229376257546
-0.33622782119882716,0.20374804789172307,0.23038229376257546
-0.33603532461740104,0.2038521603331598,0.23038229376257546
-0.3359136112411291,0.20395627277459658,0.23038229376257546
-0.3357922866909088,0.20395627277459658,0.23138832997987926
-0.3357848420170334,0.2040603852160333,0.23138832997987926
-0.3357650483091626,0.20416449765747008,0.23138832997987926
-0.3357596559644246,0.20416449765747008,0.2323943661971831
-0.3357248900645622,0.20426861009890682,0.2323943661971831
-0.3356047533424201,0.20437272254034358,0.2323943661971831
-0.3355629852872131,0.2049973971889641,0.2323943661971831
-0.33534417969076136,0.20510150963040083,0.2323943661971831
-0.335229115896381,0.2052056220718376,0.2323943661971831
-0.33520427815981546,0.20530973451327433,0.2323943661971831
-0.33515393202834753,0.2054138469547111,0.2323943661971831
-0.33512268333834877,0.20551795939614784,0.2323943661971831
-0.3351116563952482,0.2056220718375846,0.2323943661971831
-0.3350418203756423,0.20572618427902134,0.2323943661971831
-0.3349995650963195,0.2058302967204581,0.2323943661971831
-0.3349573266659018,0.20593440916189484,0.2323943661971831
-0.334814078935372,0.20614263404476835,0.2323943661971831
-0.3347165709766618,0.2062467464862051,0.2323943661971831
-0.3346825045303069,0.2062467464862051,0.23340040241448692
-0.3346495997003666,0.20635085892764185,0.23340040241448692
-0.33455039150765886,0.20645497136907862,0.23340040241448692
-0.33454996542643267,0.20645497136907862,0.23440643863179075
-0.33445378736095904,0.20655908381051535,0.23440643863179075
-0.3341849372398723,0.20666319625195212,0.23440643863179075
-0.33416621984700146,0.20687142113482562,0.23440643863179075
-0.3341510217197922,0.20697553357626236,0.23440643863179075
-0.3341141734251778,0.20697553357626236,0.23541247484909456
-0.3341071930280406,0.20707964601769913,0.23541247484909456
-0.33400256392011873,0.20718375845913586,0.23541247484909456
-0.33399443557820646,0.20718375845913586,0.23641851106639838
-0.3339889295547367,0.20728787090057263,0.23641851106639838
-0.33393124252951734,0.20739198334200937,0.23641851106639838
-0.3339211576750065,0.20749609578344613,0.23641851106639838
-0.33384084152981275,0.20760020822488287,0.23641851106639838
-0.33379571294808985,0.20770432066631964,0.23641851106639838
-0.3337721046952658,0.20780843310775637,0.23641851106639838
-0.3337424897336981,0.20791254554919314,0.23641851106639838
-0.3336641982253383,0.20801665799062988,0.23641851106639838
-0.33357227123754823,0.20812077043206664,0.23641851106639838
-0.3335682615433464,0.20822488287350338,0.23641851106639838
-0.3334533538636413,0.20832899531494015,0.23641851106639838
-0.3332810820757094,0.2086413326392504,0.23641851106639838
-0.3332698712587529,0.20874544508068715,0.23641851106639838
-0.3332475499644683,0.2088495575221239,0.23641851106639838
-0.33314364920209627,0.20895366996356066,0.23641851106639838
-0.3330441187967706,0.2090577824049974,0.23641851106639838
-0.3329608459361044,0.2090577824049974,0.23943661971830985
-0.3329375429683613,0.20916189484643416,0.23943661971830985
-0.33290989984290364,0.2092660072878709,0.23943661971830985
-0.33289402749295416,0.2094742321707444,0.23943661971830985
-0.3328659297552192,0.20957834461218117,0.23943661971830985
-0.3328412253168515,0.2096824570536179,0.23943661971830985
-0.3328410100155397,0.20978656949505467,0.23943661971830985
-0.3327528493763377,0.2098906819364914,0.23943661971830985
-0.3327485884951766,0.2098906819364914,0.24044265593561368
-0.33270938884599677,0.20999479437792817,0.24044265593561368
-0.3326863757427677,0.2100989068193649,0.24044265593561368
-0.3326675704544713,0.21020301926080168,0.24044265593561368
-0.3326432752914017,0.21030713170223841,0.24044265593561368
-0.3325053456443794,0.21041124414367518,0.24044265593561368
-0.33246681626706515,0.21051535658511192,0.24044265593561368
-0.3324091061588517,0.21061946902654868,0.24044265593561368
-0.33235334541660316,0.2108276939094222,0.24044265593561368
-0.3323123116733522,0.21093180635085892,0.24044265593561368
-0.33229555624080287,0.2110359187922957,0.24044265593561368
-0.3322867393847571,0.21134825611660593,0.24044265593561368
-0.33222121381440584,0.2114523685580427,0.24044265593561368
-0.33215403280093647,0.21155648099947943,0.24044265593561368
-0.3321432260744772,0.2116605934409162,0.24044265593561368
-0.3321069313121686,0.2118688183237897,0.24044265593561368
-0.33210436543615957,0.21197293076522644,0.24044265593561368
-0.33208428001985985,0.2120770432066632,0.24044265593561368
-0.33203061597175554,0.21218115564809994,0.24044265593561368
-0.33192532661713925,0.2122852680895367,0.24044265593561368
-0.3319233604093716,0.21238938053097345,0.24044265593561368
-0.3318848005643191,0.21259760541384695,0.24044265593561368
-0.3317849344059885,0.21290994273815722,0.24044265593561368
-0.3316547543548274,0.21301405517959396,0.24044265593561368
-0.33164302692576303,0.21311816762103072,0.24044265593561368
-0.3316215963615554,0.21322228006246746,0.24044265593561368
-0.3315997005463719,0.21332639250390423,0.24044265593561368
-0.3315338642414352,0.21343050494534097,0.24044265593561368
-0.33148310024124694,0.21343050494534097,0.2414486921529175
-0.331332708436927,0.21353461738677773,0.2414486921529175
-0.33127786148007177,0.21363872982821447,0.2414486921529175
-0.33122859401198335,0.21374284226965123,0.2414486921529175
-0.33115500792429353,0.21395106715252474,0.2414486921529175
-0.33103956587318234,0.21415929203539824,0.2414486921529175
-0.33103274175688835,0.21426340447683498,0.2414486921529175
-0.33102569186186653,0.21436751691827174,0.2414486921529175
-0.3308540351095162,0.21447162935970848,0.2414486921529175
-0.330852101166448,0.21447162935970848,0.24245472837022133
-0.3308412406449063,0.21457574180114525,0.24245472837022133
-0.33076228419713943,0.2148880791254555,0.24245472837022133
-0.33069630906007047,0.21499219156689225,0.24245472837022133
-0.33068480739779127,0.215096304008329,0.24245472837022133
-0.3306783403694694,0.21520041644976576,0.24245472837022133
-0.33057034017150483,0.2153045288912025,0.24245472837022133
-0.3305178137615038,0.21561686621551276,0.24245472837022133
-0.33051279960589575,0.21582509109838627,0.24245472837022133
-0.33050668096491037,0.215929203539823,0.24245472837022133
-0.33049168890971564,0.21603331598125977,0.24245472837022133
-0.3304474397534058,0.2161374284226965,0.24245472837022133
-0.33042894926892663,0.21644976574700678,0.24245472837022133
-0.33036831676007106,0.21655387818844352,0.24245472837022133
-0.3302401047665557,0.21665799062988028,0.24245472837022133
-0.33018009937251624,0.21665799062988028,0.24346076458752516
-0.33015747007956703,0.21665799062988028,0.24446680080482897
-0.33014140911830836,0.21697032795419052,0.24446680080482897
-0.33007020904254836,0.2170744403956273,0.24446680080482897
-0.33002806783388083,0.21717855283706403,0.24446680080482897
-0.33001386808646466,0.2172826652785008,0.24446680080482897
-0.3298126799557,0.21738677771993753,0.24446680080482897
-0.3297854751504651,0.2174908901613743,0.24446680080482897
-0.32971968123543927,0.21759500260281103,0.24446680080482897
-0.3295496175066204,0.21780322748568454,0.24446680080482897
-0.32949661792093865,0.2179073399271213,0.24446680080482897
-0.3294900367095207,0.21801145236855804,0.24446680080482897
-0.3294896564502144,0.2181155648099948,0.24446680080482897
-0.32930963576913197,0.21821967725143154,0.24446680080482897
-0.329303545350038,0.2183237896928683,0.24446680080482897
-0.32927398327633656,0.21842790213430505,0.24446680080482897
-0.32922142127356946,0.2185320145757418,0.24446680080482897
-0.3291809805984718,0.21863612701717855,0.24446680080482897
-0.3290732852319205,0.21884435190005205,0.24446680080482897
-0.3290415501552701,0.21894846434148882,0.24446680080482897
-0.32903425857023605,0.21905257678292556,0.24446680080482897
-0.32901003521360106,0.21915668922436232,0.24446680080482897
-0.3289916322181998,0.21915668922436232,0.2454728370221328
-0.3289468558349662,0.21926080166579906,0.2454728370221328
-0.3289464296020588,0.21936491410723583,0.2454728370221328
-0.3288371080985673,0.21946902654867256,0.2454728370221328
-0.3287568316380189,0.21957313899010933,0.2454728370221328
-0.3287529099153717,0.21967725143154607,0.2454728370221328
-0.3287451072320885,0.21978136387298283,0.2454728370221328
-0.32873349686292047,0.21988547631441957,0.2454728370221328
-0.328640760892422,0.21998958875585634,0.2454728370221328
-0.3285407273768586,0.22019781363872984,0.2454728370221328
-0.3285371743554137,0.22030192608016658,0.2454728370221328
-0.3285335794067581,0.22040603852160334,0.2454728370221328
-0.32852706094925277,0.22051015096304008,0.2454728370221328
-0.3285096569453522,0.22061426340447685,0.2454728370221328
-0.3284553809076269,0.22071837584591358,0.2454728370221328
-0.3282954883568203,0.22082248828735035,0.2454728370221328
-0.32825720051737245,0.22082248828735035,0.24647887323943662
-0.3282433415212228,0.22103071317022385,0.24647887323943662
-0.3282143921647129,0.2211348256116606,0.24647887323943662
-0.3280820874174826,0.2213430504945341,0.24647887323943662
-0.3280151632234782,0.22144716293597086,0.24647887323943662
-0.32796351498607706,0.2217595002602811,0.24647887323943662
-0.3279444636427185,0.2217595002602811,0.24748490945674045
-0.3278657921224966,0.22186361270171787,0.24748490945674045
-0.32784118221377434,0.2219677251431546,0.24748490945674045
-0.32774001297648536,0.22207183758459137,0.24748490945674045
-0.3276588370886544,0.22228006246746487,0.24748490945674045
-0.3276435443121278,0.2223841749089016,0.24748490945674045
-0.32761379051184825,0.22259239979177511,0.24748490945674045
-0.3276085086165914,0.22269651223321188,0.24748490945674045
-0.3275423960002907,0.22290473711608538,0.24748490945674045
-0.3274808276995197,0.2231129619989589,0.24748490945674045
-0.3274741105583356,0.2231129619989589,0.24849094567404426
-0.3274615031033069,0.2233211868818324,0.24849094567404426
-0.32743506377415765,0.22342529932326913,0.24849094567404426
-0.32742376785969335,0.2235294117647059,0.24849094567404426
-0.3274127087379575,0.22363352420614263,0.24849094567404426
-0.32739295661854123,0.2237376366475794,0.24849094567404426
-0.32726661642489596,0.22384174908901613,0.24849094567404426
-0.3271365556887069,0.2239458615304529,0.24849094567404426
-0.32712728598090773,0.22404997397188964,0.24849094567404426
-0.3269611381420299,0.22404997397188964,0.24949698189134809
-0.32692725242765364,0.2241540864133264,0.24949698189134809
-0.3267667185586707,0.22425819885476314,0.24949698189134809
-0.3267614184207999,0.2243623112961999,0.24949698189134809
-0.3267558023563823,0.2245705361790734,0.24949698189134809
-0.32672677044351794,0.22467464862051015,0.24949698189134809
-0.32666662720379075,0.2247787610619469,0.24949698189134809
-0.32665880716727774,0.22488287350338365,0.24949698189134809
-0.3266457768761736,0.22498698594482042,0.24949698189134809
-0.32663467179816447,0.22509109838625715,0.24949698189134809
-0.326601722516636,0.22519521082769392,0.24949698189134809
-0.3265406494928936,0.22561166059344093,0.24949698189134809
-0.3265228037464028,0.22571577303487766,0.24949698189134809
-0.3265081425415775,0.22581988547631443,0.24949698189134809
-0.32635022749624903,0.22602811035918793,0.24949698189134809
-0.3262729862812093,0.22613222280062467,0.24949698189134809
-0.3262647267618726,0.22623633524206144,0.24949698189134809
-0.3261827084377836,0.22623633524206144,0.2505030181086519
-0.32614697517541275,0.22634044768349817,0.2505030181086519
-0.3260871186379615,0.22644456012493494,0.2505030181086519
-0.32608252437214874,0.22654867256637168,0.2505030181086519
-0.3260495525780704,0.22665278500780844,0.2505030181086519
-0.3260374787987784,0.22675689744924518,0.2505030181086519
-0.32599983331322213,0.22686100989068195,0.2505030181086519
-0.32599308748403977,0.22696512233211869,0.2505030181086519
-0.32594718620623414,0.22706923477355545,0.2505030181086519
-0.3258999779776758,0.2271733472149922,0.2505030181086519
-0.32586381920936774,0.22727745965642895,0.2505030181086519
-0.3258186803884669,0.2273815720978657,0.2505030181086519
-0.32559861465820084,0.2273815720978657,0.2515090543259557
-0.32549373121002206,0.22748568453930246,0.2515090543259557
-0.3254366614722954,0.2275897969807392,0.2515090543259557
-0.32531664187687526,0.22769390942217596,0.2515090543259557
-0.3252822647047031,0.2277980218636127,0.2515090543259557
-0.3252675320568175,0.22790213430504946,0.2515090543259557
-0.3251915116339665,0.2280062467464862,0.2515090543259557
-0.32511953287984524,0.2284226965122332,0.2515090543259557
-0.32509134964856584,0.22852680895366997,0.2515090543259557
-0.32505156893136133,0.2286309213951067,0.2515090543259557
-0.3249827547607708,0.22873503383654348,0.2515090543259557
-0.32471892566812,0.22883914627798022,0.2515090543259557
-0.3246572304557148,0.22883914627798022,0.25251509054325955
-0.32462821910705797,0.22883914627798022,0.2535211267605634
-0.3245877751728095,0.22883914627798022,0.2545271629778672
-0.32454769021139535,0.22894325871941698,0.2545271629778672
-0.3245125877238657,0.22904737116085372,0.2545271629778672
-0.3244779400088901,0.22915148360229048,0.2545271629778672
-0.3244255270677274,0.22915148360229048,0.25553319919517103
-0.3243856902509053,0.22925559604372722,0.25553319919517103
-0.3241553439338359,0.229359708485164,0.25553319919517103
-0.3240740277153626,0.229359708485164,0.25653923541247486
-0.32404981495549146,0.22946382092660073,0.25653923541247486
-0.32400913602523274,0.2295679333680375,0.25653923541247486
-0.3239948955552454,0.22967204580947423,0.25653923541247486
-0.3239726116983999,0.229776158250911,0.25653923541247486
-0.3238801877397872,0.229776158250911,0.2575452716297787
-0.32387837845795975,0.22988027069234773,0.2575452716297787
-0.32370920388104163,0.2299843831337845,0.2575452716297787
-0.3236819573869381,0.23008849557522124,0.2575452716297787
-0.3236635640309429,0.230192608016658,0.2575452716297787
-0.3236520881927569,0.23029672045809474,0.2575452716297787
-0.32358238952271534,0.23029672045809474,0.25855130784708247
-0.3235566221592676,0.2304008328995315,0.25855130784708247
-0.32354830405101487,0.23050494534096824,0.25855130784708247
-0.3235038549326523,0.230609057782405,0.25855130784708247
-0.32348968667996386,0.23071317022384175,0.25855130784708247
-0.3234766931474812,0.2308172826652785,0.25855130784708247
-0.3234434779159954,0.23092139510671525,0.25855130784708247
-0.32340877300128257,0.23102550754815201,0.25855130784708247
-0.3231973655100269,0.23123373243102552,0.25855130784708247
-0.32302234375694583,0.23133784487246226,0.25855130784708247
-0.32294535914432193,0.23144195731389902,0.25855130784708247
-0.32292287228731276,0.23154606975533576,0.25855130784708247
-0.32280065658589563,0.23165018219677252,0.25855130784708247
-0.32268390983319983,0.23175429463820926,0.25855130784708247
-0.32266282706022,0.23175429463820926,0.2595573440643863
-0.32266098798276766,0.23185840707964603,0.2595573440643863
-0.3226573982700597,0.23206663196251953,0.2595573440643863
-0.3226385797453299,0.23217074440395627,0.2595573440643863
-0.32262635314193344,0.23227485684539304,0.2595573440643863
-0.3225933872764488,0.23237896928682977,0.2595573440643863
-0.32252024766437326,0.23248308172826654,0.2595573440643863
-0.3225161000237969,0.23279541905257678,0.2595573440643863
-0.3225100583613806,0.23289953149401355,0.2595573440643863
-0.32248941174961326,0.23300364393545028,0.2595573440643863
-0.322488425772219,0.23310775637688705,0.2595573440643863
-0.3224069475330265,0.2332118688183238,0.2595573440643863
-0.3223940849452875,0.23331598125976055,0.2595573440643863
-0.3223768123963081,0.2334200937011973,0.2595573440643863
-0.32236698979299583,0.23352420614263406,0.2595573440643863
-0.32233767191773177,0.2336283185840708,0.2595573440643863
-0.32228838739669435,0.2336283185840708,0.2605633802816901
-0.3222646152386834,0.23373243102550756,0.2605633802816901
-0.32216986709127193,0.2338365434669443,0.2605633802816901
-0.3221482135561433,0.23394065590838106,0.2605633802816901
-0.3219717871475785,0.2340447683498178,0.2605633802816901
-0.32195041773271027,0.23414888079125457,0.2605633802816901
-0.3219179696827356,0.2342529932326913,0.2605633802816901
-0.3218953675002534,0.23435710567412807,0.2605633802816901
-0.3218739382329547,0.2346694429984383,0.2605633802816901
-0.3217963220561472,0.23477355543987508,0.2605633802816901
-0.3217554741434648,0.23477355543987508,0.26156941649899396
-0.32174109579536203,0.2348776678813118,0.26156941649899396
-0.32169669587688016,0.23508589276418532,0.26156941649899396
-0.3216892624077577,0.23519000520562208,0.26156941649899396
-0.3216762494421181,0.23529411764705882,0.26156941649899396
-0.3216607097484371,0.23539823008849559,0.26156941649899396
-0.32164278315494704,0.23539823008849559,0.2625754527162978
-0.3216423302896513,0.23550234252993232,0.2625754527162978
-0.32157922191722016,0.23591879229567933,0.2625754527162978
-0.3215784469816653,0.2360229047371161,0.2625754527162978
-0.32150514112793194,0.23612701717855283,0.2625754527162978
-0.3214711017737814,0.2364393545028631,0.2625754527162978
-0.32144380889813684,0.23654346694429984,0.2625754527162978
-0.3213325938043016,0.2366475793857366,0.2625754527162978
-0.3213257182868906,0.23675169182717334,0.2625754527162978
-0.3212943944029497,0.23695991671004685,0.2625754527162978
-0.3212827144561527,0.23695991671004685,0.2635814889336016
-0.32124928170874345,0.2370640291514836,0.2635814889336016
-0.32113098309686744,0.23716814159292035,0.2635814889336016
-0.3211158476526019,0.23716814159292035,0.26458752515090544
-0.3211094928435062,0.23727225403435712,0.26458752515090544
-0.3210652272601337,0.23737636647579385,0.26458752515090544
-0.32105081271039226,0.23748047891723062,0.26458752515090544
-0.3210048221806979,0.23768870380010412,0.26458752515090544
-0.32098664917499564,0.23779281624154086,0.26458752515090544
-0.3209123988195962,0.23789692868297763,0.26458752515090544
-0.32088259548580117,0.23800104112441436,0.26458752515090544
-0.3208555330892058,0.23810515356585113,0.26458752515090544
-0.3208539932128474,0.23810515356585113,0.2665995975855131
-0.3207845133854253,0.23820926600728787,0.2665995975855131
-0.3207697315532846,0.23831337844872463,0.2665995975855131
-0.3207297662053937,0.23841749089016137,0.2665995975855131
-0.3206855231786213,0.23872982821447164,0.2665995975855131
-0.3206380829121666,0.23883394065590838,0.2665995975855131
-0.3206345788393679,0.23893805309734514,0.2665995975855131
-0.32060791464565724,0.23904216553878188,0.2665995975855131
-0.32046321034393666,0.23904216553878188,0.2676056338028169
-0.32035070229475804,0.23914627798021865,0.2676056338028169
-0.32030483332057264,0.23925039042165538,0.2676056338028169
-0.3202481382461151,0.23935450286309215,0.2676056338028169
-0.3202366089750455,0.23977095262883916,0.2676056338028169
-0.32022830269272473,0.23997917751171266,0.2676056338028169
-0.32022031018985975,0.2400832899531494,0.2676056338028169
-0.32014231332373205,0.24018740239458616,0.2676056338028169
-0.3201109894931909,0.2402915148360229,0.2676056338028169
-0.32002451585214065,0.24039562727745967,0.2676056338028169
-0.3199602045771944,0.2404997397188964,0.2676056338028169
-0.3199005881579212,0.24060385216033317,0.2676056338028169
-0.3198705241913948,0.2407079646017699,0.2676056338028169
-0.3198473123914796,0.24102030192608018,0.2676056338028169
-0.31984462683787873,0.24112441436751691,0.2676056338028169
-0.3198175582003317,0.24122852680895368,0.2676056338028169
-0.31967595474063915,0.24122852680895368,0.2686116700201207
-0.3195324403793235,0.2416449765747007,0.2686116700201207
-0.31949707986275266,0.24174908901613743,0.2686116700201207
-0.31944703300265725,0.2418532014575742,0.2686116700201207
-0.3194010805277944,0.2420614263404477,0.2686116700201207
-0.31938412885274664,0.24216553878188443,0.2686116700201207
-0.3193585396568903,0.2422696512233212,0.2686116700201207
-0.31931210842456176,0.24237376366475794,0.2686116700201207
-0.31915290533486557,0.2424778761061947,0.2686116700201207
-0.3191308396285271,0.24258198854763144,0.2686116700201207
-0.3190670201405214,0.2426861009890682,0.2686116700201207
-0.3189831452842991,0.24279021343050494,0.2686116700201207
-0.31894137464471733,0.2428943258719417,0.2686116700201207
-0.31893908558629797,0.24299843831337845,0.2686116700201207
-0.3189068887614635,0.24320666319625195,0.2686116700201207
-0.31889711614816996,0.24341488807912545,0.2686116700201207
-0.31887457002998976,0.24372722540343572,0.2686116700201207
-0.31881224239574624,0.24383133784487246,0.2686116700201207
-0.31874623233141575,0.24393545028630922,0.2686116700201207
-0.3185731613787831,0.24403956272774596,0.2686116700201207
-0.3184277686726173,0.24414367516918273,0.2686116700201207
-0.31833509270353805,0.24424778761061947,0.2686116700201207
-0.3183057922363218,0.24435190005205623,0.2686116700201207
-0.3182670518509099,0.24445601249349297,0.2686116700201207
-0.31821448209820863,0.24456012493492973,0.2686116700201207
-0.31820911255028533,0.24466423737636647,0.2686116700201207
-0.31818145313441965,0.24476834981780324,0.2686116700201207
-0.318157570117298,0.24487246225923998,0.2686116700201207
-0.3181001674305615,0.24497657470067674,0.2686116700201207
-0.31806294013853603,0.24508068714211348,0.2686116700201207
-0.3180437711985517,0.24518479958355024,0.2686116700201207
-0.31797458417941366,0.24518479958355024,0.26961770623742454
-0.3179389073015081,0.24528891202498698,0.26961770623742454
-0.31783581677248507,0.24539302446642375,0.26961770623742454
-0.3178342312442233,0.24549713690786049,0.26961770623742454
-0.31768411369526517,0.24580947423217075,0.26961770623742454
-0.3176812384191605,0.2459135866736075,0.26961770623742454
-0.31767204907372565,0.24601769911504426,0.26961770623742454
-0.3176546452360442,0.246121811556481,0.26961770623742454
-0.3175755816946359,0.24622592399791776,0.26961770623742454
-0.31748161317120516,0.2463300364393545,0.26961770623742454
-0.3174455273023592,0.24643414888079127,0.26961770623742454
-0.317322229906008,0.2467464862051015,0.26961770623742454
-0.3173013093587762,0.2467464862051015,0.27062374245472837
-0.31717318469740285,0.24685059864653827,0.27062374245472837
-0.31716639043440104,0.246954711087975,0.27062374245472837
-0.3171405121058652,0.246954711087975,0.2716297786720322
-0.31713197409103444,0.24705882352941178,0.2716297786720322
-0.3170887498368405,0.2471629359708485,0.2716297786720322
-0.31708843913320256,0.24726704841228528,0.2716297786720322
-0.3169640637808874,0.24737116085372202,0.2716297786720322
-0.3169537333259051,0.24737116085372202,0.27364185110663986
-0.3169342727477502,0.24747527329515878,0.27364185110663986
-0.3169281727072823,0.24768349817803229,0.27364185110663986
-0.31685099907591296,0.24778761061946902,0.27364185110663986
-0.3168294676933623,0.24778761061946902,0.2746478873239437
-0.3167958767420185,0.2478917230609058,0.2746478873239437
-0.31679000795883466,0.24799583550234253,0.2746478873239437
-0.31677374733619085,0.24820406038521603,0.2746478873239437
-0.3167474163455768,0.2483081728266528,0.2746478873239437
-0.3167181301421963,0.2483081728266528,0.27565392354124746
-0.3167075168306597,0.24841228526808953,0.27565392354124746
-0.31668702937155996,0.2485163977095263,0.27565392354124746
-0.3166831400307133,0.24862051015096304,0.27565392354124746
-0.3166703638945342,0.2487246225923998,0.27565392354124746
-0.3166619602227264,0.24882873503383654,0.27565392354124746
-0.31664264507638057,0.2489328474752733,0.27565392354124746
-0.3166036174055145,0.24903695991671004,0.27565392354124746
-0.31658567305567714,0.2491410723581468,0.27565392354124746
-0.31656839249714225,0.2493492972410203,0.27565392354124746
-0.31652033889436043,0.24945340968245705,0.27565392354124746
-0.3164765234814794,0.24976574700676732,0.27565392354124746
-0.3163525782033126,0.24986985944820406,0.27565392354124746
-0.3163498162581385,0.24997397188964082,0.27565392354124746
-0.3162000307519886,0.2500780843310776,0.27565392354124746
-0.3161159766581217,0.2501821967725143,0.27565392354124746
-0.315981107951714,0.25028630921395106,0.27565392354124746
-0.3159468684721089,0.25039042165538783,0.27565392354124746
-0.31594005119599466,0.2504945340968246,0.27565392354124746
-0.3158635971188826,0.2505986465382613,0.27565392354124746
-0.31578545933269175,0.25070275897969807,0.27565392354124746
-0.3157713096470294,0.25080687142113484,0.27565392354124746
-0.3157504977119031,0.2509109838625716,0.27565392354124746
-0.31568996996699306,0.2509109838625716,0.2766599597585513
-0.3156804215259489,0.2510150963040083,0.2766599597585513
-0.3155967757481007,0.2511192087454451,0.2766599597585513
-0.3155595619085668,0.25122332118688184,0.2766599597585513
-0.31550153072927534,0.2513274336283186,0.2766599597585513
-0.3154899537532733,0.2514315460697553,0.2766599597585513
-0.31548966395975264,0.2515356585111921,0.2766599597585513
-0.315489117708808,0.25163977095262885,0.2766599597585513
-0.31545312625031297,0.25163977095262885,0.2776659959758551
-0.3153784983962165,0.2517438833940656,0.2776659959758551
-0.3153204542845517,0.2518479958355023,0.2776659959758551
-0.3152906056625227,0.25205622071837586,0.2776659959758551
-0.31524933584037834,0.2521603331598126,0.2776659959758551
-0.3152052456845533,0.25226444560124933,0.2776659959758551
-0.3150563600231123,0.2523685580426861,0.2776659959758551
-0.31493548752349954,0.25268089536699634,0.2776659959758551
-0.3148479025166464,0.2527850078084331,0.2776659959758551
-0.31476792412509824,0.25288912024986987,0.2776659959758551
-0.3147191711062174,0.25288912024986987,0.27867203219315895
-0.31466830340681007,0.25288912024986987,0.2796780684104628
-0.3146146430867738,0.25299323269130664,0.2796780684104628
-0.3145851724428767,0.25299323269130664,0.2806841046277666
-0.3145835742901792,0.2532014575741801,0.2806841046277666
-0.3145566963255323,0.2532014575741801,0.28169014084507044
-0.31452696122983265,0.25340968245705364,0.28169014084507044
-0.3144950820285736,0.2536179073399271,0.28169014084507044
-0.31428005655056945,0.2537220197813639,0.28169014084507044
-0.31426918235021045,0.25382613222280065,0.28169014084507044
-0.3142549721739076,0.25393024466423736,0.28169014084507044
-0.31414877281241044,0.2540343571056741,0.28169014084507044
-0.31412554700484757,0.2541384695471109,0.28169014084507044
-0.313977612234441,0.25424258198854766,0.28169014084507044
-0.31397271063335225,0.25434669442998437,0.28169014084507044
-0.3137401831559934,0.2545549193128579,0.28169014084507044
-0.3136150183639105,0.25465903175429466,0.28169014084507044
-0.3136149526885791,0.25465903175429466,0.28269617706237427
-0.3136109777148608,0.25465903175429466,0.2837022132796781
-0.31360834321021325,0.25465903175429466,0.28470824949698187
-0.31358498939705637,0.2547631441957314,0.28470824949698187
-0.3135517423330832,0.25486725663716814,0.28470824949698187
-0.3135174443689581,0.2549713690786049,0.28672032193158953
-0.3133866331096968,0.25507548152004167,0.28672032193158953
-0.3133534515238105,0.2551795939614784,0.28672032193158953
-0.31331125953130534,0.25528370640291514,0.28672032193158953
-0.31324257691338564,0.2553878188443519,0.28672032193158953
-0.3132064851825205,0.2554919312857887,0.28672032193158953
-0.31312996856765657,0.2555960437272254,0.28672032193158953
-0.31311823775951947,0.25570015616866215,0.28672032193158953
-0.3130918907387724,0.2558042686100989,0.28672032193158953
-0.31309160698744526,0.2559083810515357,0.28672032193158953
-0.31309066916046746,0.2560124934929724,0.28672032193158953
-0.31306542815033667,0.25611660593440916,0.28672032193158953
-0.3130512201475284,0.2562207183758459,0.28672032193158953
-0.31297633739206976,0.2562207183758459,0.28772635814889336
-0.3129358618227253,0.2564289432587194,0.28772635814889336
-0.3128410805583849,0.25663716814159293,0.28772635814889336
-0.3128002312661913,0.2567412805830297,0.28772635814889336
-0.31279015337551036,0.2568453930244664,0.28772635814889336
-0.31273643323123135,0.2568453930244664,0.2887323943661972
-0.3126793129950889,0.25694950546590317,0.2887323943661972
-0.31255904822484726,0.2573659552316502,0.2887323943661972
-0.3125414658315541,0.25747006767308694,0.2887323943661972
-0.31248761986713325,0.2575741801145237,0.2887323943661972
-0.31246971815344254,0.2576782925559604,0.2887323943661972
-0.31246602135197765,0.2577824049973972,0.2887323943661972
-0.3124218903862023,0.2577824049973972,0.289738430583501
-0.31240021132811024,0.25788651743883395,0.289738430583501
-0.3123994700692428,0.2579906298802707,0.289738430583501
-0.31233121314261114,0.2581988547631442,0.289738430583501
-0.3123257547792392,0.25830296720458096,0.289738430583501
-0.3122925476467521,0.2584070796460177,0.289738430583501
-0.31223678184357506,0.25851119208745443,0.289738430583501
-0.312234220817448,0.25851119208745443,0.29074446680080485
-0.3122017690776817,0.2586153045288912,0.29074446680080485
-0.312194847268007,0.25871941697032796,0.29074446680080485
-0.31216694534934086,0.25882352941176473,0.29074446680080485
-0.3121203226606633,0.2590317542946382,0.29074446680080485
-0.31205914474405927,0.2590317542946382,0.2917505030181087
-0.3120525400735077,0.25913586673607497,0.2917505030181087
-0.3119885897921861,0.25923997917751174,0.2917505030181087
-0.31198689488284226,0.25934409161894845,0.2917505030181087
-0.31196217737324256,0.2594482040603852,0.2917505030181087
-0.3119489738670389,0.259552316501822,0.2917505030181087
-0.31187631407769856,0.25965642894325874,0.2917505030181087
-0.3118333438066052,0.25976054138469545,0.2917505030181087
-0.31178902842428446,0.2598646538261322,0.2917505030181087
-0.3117589628235107,0.26007287870900575,0.2917505030181087
-0.3117411744790242,0.26017699115044246,0.2917505030181087
-0.31168837066744043,0.2602811035918792,0.2917505030181087
-0.31156496312103893,0.260385216033316,0.2917505030181087
-0.31141787320512965,0.260385216033316,0.29275653923541245
-0.31141762396173756,0.26048932847475276,0.29275653923541245
-0.3113720087297239,0.26059344091618947,0.29275653923541245
-0.31136014740611606,0.260801665799063,0.29275653923541245
-0.31131942590804823,0.26090577824049976,0.29275653923541245
-0.3112509923785634,0.2610098906819365,0.29275653923541245
-0.31121955205080887,0.26111400312337324,0.29275653923541245
-0.3112045642751946,0.26121811556481,0.29275653923541245
-0.31120284961243483,0.26132222800624677,0.29275653923541245
-0.3111877014102578,0.2614263404476835,0.29275653923541245
-0.3110949106280654,0.26153045288912025,0.29275653923541245
-0.3110794588160646,0.2617386777719938,0.29275653923541245
-0.3110719123149682,0.2618427902134305,0.29275653923541245
-0.311069578272908,0.26194690265486725,0.29275653923541245
-0.31102771985528654,0.262051015096304,0.29275653923541245
-0.3110142672334966,0.2622592399791775,0.29275653923541245
-0.3108755801696274,0.26236335242061426,0.29275653923541245
-0.31083524200998136,0.262467464862051,0.29275653923541245
-0.31081526255227176,0.2625715773034878,0.29275653923541245
-0.31075228527056165,0.2626756897449245,0.29275653923541245
-0.3106956521803389,0.26277980218636127,0.29275653923541245
-0.31068960668570184,0.26288391462779803,0.29275653923541245
-0.31063385616819056,0.2629880270692348,0.29275653923541245
-0.31059879343214775,0.2630921395106715,0.29275653923541245
-0.31058445773074317,0.26330036439354504,0.29275653923541245
-0.3105503251307486,0.2634044768349818,0.29275653923541245
-0.3104683160168024,0.2634044768349818,0.2937625754527163
-0.31046690056574117,0.2635085892764185,0.2937625754527163
-0.3104657796218633,0.2635085892764185,0.2947686116700201
-0.31043275028660455,0.2636127017178553,0.2947686116700201
-0.31040573543157013,0.26371681415929205,0.2947686116700201
-0.31030040177358714,0.2638209266007288,0.2947686116700201
-0.31026085794063823,0.26413326392503905,0.2947686116700201
-0.30993561922461815,0.2642373763664758,0.2947686116700201
-0.3099337350467602,0.26434148880791253,0.2947686116700201
-0.3098229171665978,0.26434148880791253,0.29577464788732394
-0.3098133399123527,0.2644456012493493,0.29577464788732394
-0.30976541440597727,0.26454971369078606,0.29577464788732394
-0.3095804032853453,0.2646538261322228,0.29577464788732394
-0.30949488092728267,0.26475793857365953,0.29577464788732394
-0.3094908873366756,0.2648620510150963,0.29577464788732394
-0.3094857555901823,0.26496616345653307,0.29577464788732394
-0.30945754169365947,0.26507027589796983,0.29577464788732394
-0.30935456257623334,0.26517438833940654,0.29577464788732394
-0.3093340785151269,0.2652785007808433,0.29577464788732394
-0.3093214968809753,0.2653826132222801,0.29577464788732394
-0.3093190436605815,0.26548672566371684,0.29577464788732394
-0.30931078345357255,0.26559083810515355,0.29577464788732394
-0.3092686492089292,0.26559083810515355,0.29678068410462777
-0.30924836336081823,0.2656949505465903,0.29678068410462777
-0.3091880581064757,0.2656949505465903,0.29979879275653926
-0.3091579251585846,0.2657990629880271,0.29979879275653926
-0.3091080736434332,0.2661114003123373,0.29979879275653926
-0.3090770567346105,0.2662155127537741,0.29979879275653926
-0.3090658204086113,0.26631962519521085,0.29979879275653926
-0.30902824474989343,0.26642373763664756,0.29979879275653926
-0.3089929058938418,0.2665278500780843,0.29979879275653926
-0.30898669976046883,0.2666319625195211,0.29979879275653926
-0.3089813112258689,0.26673607496095786,0.29979879275653926
-0.30893817942343865,0.26684018740239457,0.29979879275653926
-0.30891158134726016,0.26694429984383133,0.29979879275653926
-0.3088768311775223,0.2674648620510151,0.29979879275653926
-0.30886347983519485,0.26756897449245187,0.29979879275653926
-0.3087589643380908,0.2676730869338886,0.29979879275653926
-0.30857868590918636,0.2678813118167621,0.29979879275653926
-0.3085546347106149,0.2679854242581989,0.29979879275653926
-0.30854553969187565,0.26819364914107235,0.29979879275653926
-0.30850005557818705,0.2682977615825091,0.29979879275653926
-0.3084958727513242,0.26861009890681936,0.29979879275653926
-0.30849003771543254,0.2687142113482561,0.29979879275653926
-0.30837143046112864,0.2688183237896929,0.29979879275653926
-0.3083427351507988,0.2689224362311296,0.29979879275653926
-0.3083344875191709,0.26902654867256637,0.29979879275653926
-0.3082955567611445,0.2692347735554399,0.29979879275653926
-0.30828974607264253,0.2693388859968766,0.29979879275653926
-0.30827839950580765,0.2694429984383134,0.29979879275653926
-0.30827412325672665,0.2694429984383134,0.3008048289738431
-0.30821660153956754,0.2698594482040604,0.3008048289738431
-0.3081777615154623,0.2706923477355544,0.3008048289738431
-0.3081117950249538,0.27100468505986464,0.3008048289738431
-0.30784342457686326,0.2711087975013014,0.3008048289738431
-0.30782604557623006,0.27121290994273817,0.3008048289738431
-0.30782487560682514,0.27142113482561164,0.3008048289738431
-0.30776377139856487,0.2715252472670484,0.3008048289738431
-0.3077486290710946,0.2716293597084852,0.3008048289738431
-0.3076804809406464,0.27173347214992194,0.3008048289738431
-0.30755659706581556,0.27183758459135865,0.3008048289738431
-0.3074937489197425,0.2720458094742322,0.3008048289738431
-0.3074337646310017,0.27214992191566895,0.3008048289738431
-0.3074086547121053,0.27225403435710566,0.30181086519114686
-0.3073638469768936,0.2723581467985424,0.30181086519114686
-0.3072735608256709,0.2723581467985424,0.3028169014084507
-0.3072559929715966,0.27256637168141595,0.3028169014084507
-0.3071880442240272,0.27267048412285266,0.3028169014084507
-0.3071755442946297,0.27277459656428943,0.3028169014084507
-0.3071488673606492,0.2728787090057262,0.3028169014084507
-0.30714184573963904,0.27298282144716296,0.3028169014084507
-0.3071237910633841,0.27308693388859967,0.3028169014084507
-0.3070299361261028,0.2732951587714732,0.3028169014084507
-0.30697247907956193,0.27339927121290997,0.3028169014084507
-0.30696468695419005,0.2735033836543467,0.3028169014084507
-0.3069513602771405,0.27360749609578344,0.3028169014084507
-0.3069445142874757,0.273815720978657,0.3028169014084507
-0.3069300099813672,0.2739198334200937,0.3028169014084507
-0.30692520261752526,0.2741280583029672,0.3028169014084507
-0.3069069656781345,0.274232170744404,0.3028169014084507
-0.3069028218039865,0.2743362831858407,0.3028169014084507
-0.30690256380623415,0.27444039562727746,0.3028169014084507
-0.30687576137960443,0.2747527329515877,0.3028169014084507
-0.3066854918037303,0.27485684539302446,0.3028169014084507
-0.3066783848399107,0.27496095783446123,0.3028169014084507
-0.3066711726817742,0.275065070275898,0.3028169014084507
-0.3066419481293509,0.2751691827173347,0.3028169014084507
-0.3066259323400441,0.27527329515877147,0.3028169014084507
-0.3065445251858364,0.2755856324830817,0.3028169014084507
-0.3064050050635324,0.2756897449245185,0.3028169014084507
-0.30635920816074014,0.27579385736595524,0.3028169014084507
-0.30626793151849846,0.275897969807392,0.3028169014084507
-0.3062679065251983,0.27621030713170225,0.3028169014084507
-0.30625839264085597,0.276314419573139,0.3028169014084507
-0.3062573008638596,0.2765226444560125,0.3028169014084507
-0.30620176514697317,0.27662675689744926,0.3028169014084507
-0.30617813536647054,0.276730869338886,0.3028169014084507
-0.3061324828376821,0.27683498178032273,0.3028169014084507
-0.30612584940249943,0.27725143154606974,0.3028169014084507
-0.3060797708268625,0.2773555439875065,0.3028169014084507
-0.30606829545231706,0.27756376887038003,0.3028169014084507
-0.3060171764018152,0.27766788131181674,0.3028169014084507
-0.30599963979074857,0.2777719937532535,0.3028169014084507
-0.3059879481804072,0.2778761061946903,0.3028169014084507
-0.3059501970582181,0.27798021863612704,0.3028169014084507
-0.3059216383787076,0.2781884435190005,0.3028169014084507
-0.30581377388245523,0.2782925559604373,0.3028169014084507
-0.30580084102319166,0.27839666840187405,0.3028169014084507
-0.3057880601905521,0.2786048932847475,0.3028169014084507
-0.30578346542171164,0.27891723060905776,0.3028169014084507
-0.305718014257706,0.27902134305049453,0.3028169014084507
-0.3057091293158093,0.2791254554919313,0.3028169014084507
-0.305395037405053,0.27922956793336806,0.3028169014084507
-0.3053326841835951,0.27943779281624154,0.3028169014084507
-0.30528674063780287,0.27964601769911507,0.3028169014084507
-0.30496829054338725,0.2797501301405518,0.3028169014084507
-0.3049390590088383,0.27985424258198854,0.3028169014084507
-0.30486702003788596,0.2799583550234253,0.3028169014084507
-0.30486658833830205,0.2800624674648621,0.3028169014084507
-0.304837332882104,0.2801665799062988,0.3028169014084507
-0.3047891723123965,0.28027069234773555,0.3028169014084507
-0.3047758509416457,0.2803748047891723,0.3028169014084507
-0.3047708586490734,0.2804789172306091,0.3028169014084507
-0.3047470641875235,0.2805830296720458,0.3028169014084507
-0.3047427262177296,0.2807912545549193,0.3028169014084507
-0.30471550630743416,0.2808953669963561,0.3028169014084507
-0.3046096822142521,0.2809994794377928,0.3028169014084507
-0.30458903446405394,0.28110359187922956,0.3028169014084507
-0.30457308092785995,0.28120770432066633,0.3028169014084507
-0.30455300917643996,0.2813118167621031,0.3028169014084507
-0.304537400298438,0.28152004164497657,0.3028169014084507
-0.3045354431367255,0.28162415408641334,0.3028169014084507
-0.3044248315226388,0.2817282665278501,0.3028169014084507
-0.3044107025382152,0.2818323789692868,0.3028169014084507
-0.30436657123061034,0.2819364914107236,0.3028169014084507
-0.30432571844660905,0.28204060385216034,0.3028169014084507
-0.3042474554745493,0.2821447162935971,0.3028169014084507
-0.3042262957375881,0.2822488287350338,0.3028169014084507
-0.30421727973679524,0.28245705361790735,0.3028169014084507
-0.304214658923606,0.2825611660593441,0.3028169014084507
-0.30421415647500993,0.2826652785007808,0.3028169014084507
-0.30416515194765,0.2827693909422176,0.3028169014084507
-0.3041455359815404,0.28287350338365436,0.3028169014084507
-0.3040285178391448,0.28308172826652783,0.3028169014084507
-0.3039977097849072,0.2831858407079646,0.3028169014084507
-0.3039870120929623,0.28328995314940136,0.3028169014084507
-0.3039492909542416,0.28339406559083813,0.3028169014084507
-0.3039386879832609,0.28349817803227484,0.3028169014084507
-0.3038771742385959,0.2836022904737116,0.3028169014084507
-0.30386863014316545,0.28370640291514837,0.3028169014084507
-0.30365693165447516,0.28381051535658514,0.3028169014084507
-0.3036499141641309,0.28391462779802185,0.3028169014084507
-0.30360268788172723,0.2840187402394586,0.3028169014084507
-0.30358866980742666,0.2841228526808954,0.3028169014084507
-0.3035551082744883,0.28422696512233214,0.3028169014084507
-0.3034988107782556,0.28433107756376885,0.3028169014084507
-0.30346439706615824,0.2844351900052056,0.3028169014084507
-0.30322378240742653,0.2845393024466424,0.3028169014084507
-0.30321794645667305,0.28464341488807915,0.3028169014084507
-0.30316035761894844,0.28464341488807915,0.3038229376257545
-0.30315372590816053,0.28474752732951586,0.3038229376257545
-0.3030726734671186,0.2848516397709526,0.3038229376257545
-0.3030372469497393,0.2849557522123894,0.3038229376257545
-0.3029801582437886,0.28505986465382616,0.3038229376257545
-0.3028390739048166,0.28516397709526287,0.3038229376257545
-0.3028145371782307,0.28526808953669963,0.3038229376257545
-0.3026844125290929,0.2853722019781364,0.3038229376257545
-0.30260477069385505,0.28547631441957316,0.3038229376257545
-0.3025995764800631,0.2855804268610099,0.3038229376257545
-0.30258321672392074,0.28568453930244664,0.3038229376257545
-0.30257845382159015,0.2857886517438834,0.3038229376257545
-0.30257140855557496,0.2859968766267569,0.3038229376257545
-0.3025413413372773,0.28610098906819365,0.3038229376257545
-0.30247140153006685,0.2862051015096304,0.3038229376257545
-0.3024687647654589,0.2863092139510672,0.3038229376257545
-0.3024510322063614,0.2864133263925039,0.3038229376257545
-0.3024280216912818,0.28651743883394065,0.3038229376257545
-0.30241509825877155,0.2866215512753774,0.3038229376257545
-0.30230582403580164,0.2867256637168142,0.3038229376257545
-0.3022652647718538,0.2867256637168142,0.30482897384305835
-0.3022314762249963,0.2868297761582509,0.30482897384305835
-0.3022085223575089,0.2870380010411244,0.30482897384305835
-0.30218512268995246,0.2871421134825612,0.30482897384305835
-0.30216759065948445,0.2872462259239979,0.30482897384305835
-0.3021351923666871,0.28735033836543467,0.30482897384305835
-0.30210968275283256,0.28745445080687143,0.30482897384305835
-0.30207382900165397,0.2875585632483082,0.30482897384305835
-0.3020618027280268,0.2876626756897449,0.30482897384305835
-0.30201971759363755,0.28776678813118167,0.30482897384305835
-0.30198468719734894,0.28787090057261844,0.30482897384305835
-0.301982819595045,0.2880791254554919,0.30482897384305835
-0.30192375235790936,0.28828735033836544,0.30482897384305835
-0.30180087467519173,0.2883914627798022,0.30482897384305835
-0.30176830038932356,0.2884955752212389,0.30482897384305835
-0.3016337732415615,0.2885996876626757,0.30482897384305835
-0.30160626142310804,0.28870380010411245,0.30482897384305835
-0.3015929141876307,0.2888079125455492,0.30482897384305835
-0.30159111913540504,0.2889120249869859,0.30482897384305835
-0.30157937114116723,0.2890161374284227,0.30482897384305835
-0.3015618180608964,0.2892243623112962,0.30482897384305835
-0.3015491589407378,0.28932847475273293,0.30482897384305835
-0.30152579275146824,0.2894325871941697,0.30482897384305835
-0.30148652334984527,0.2894325871941697,0.3058350100603622
-0.30146650588558155,0.28953669963560646,0.3058350100603622
-0.3014240003772986,0.2898490369599167,0.3058350100603622
-0.30140398555823866,0.29016137428422695,0.3058350100603622
-0.3013643211035642,0.2902654867256637,0.3058350100603622
-0.3013584965729358,0.2903695991671005,0.3058350100603622
-0.3013224098728171,0.29047371160853724,0.3058350100603622
-0.3013088553929851,0.29047371160853724,0.306841046277666
-0.3012640876120622,0.29057782404997395,0.306841046277666
-0.3012131951839991,0.2906819364914107,0.306841046277666
-0.3011995611848313,0.2912024986985945,0.306841046277666
-0.30119466956257107,0.29130661114003126,0.306841046277666
-0.3011934650938977,0.29130661114003126,0.30784708249496984
-0.30118786628516153,0.29141072358146797,0.30784708249496984
-0.3011867883748585,0.29151483602290473,0.30784708249496984
-0.30118284518492894,0.2916189484643415,0.30784708249496984
-0.3011643722845841,0.29172306090577826,0.30784708249496984
-0.30112502596004215,0.291827173347215,0.30784708249496984
-0.30112188904031856,0.291827173347215,0.30885311871227367
-0.3010650724503916,0.29193128578865174,0.30885311871227367
-0.30104274596275665,0.2920353982300885,0.30885311871227367
-0.30104252847357427,0.29213951067152527,0.30885311871227367
-0.30102141594772813,0.292243623112962,0.30885311871227367
-0.3009176165574389,0.29234773555439875,0.30885311871227367
-0.30087509139615276,0.2924518479958355,0.30885311871227367
-0.3008291835679784,0.2925559604372723,0.30885311871227367
-0.3008146199875687,0.292660072878709,0.30885311871227367
-0.30074589250704037,0.29276418532014575,0.30885311871227367
-0.3007260398017134,0.2928682977615825,0.30885311871227367
-0.30071255085687976,0.2929724102030193,0.30885311871227367
-0.3006389417255932,0.293076522644456,0.30885311871227367
-0.30060463553606287,0.293076522644456,0.31086519114688127
-0.3005893901414987,0.29318063508589276,0.31086519114688127
-0.3005890915303585,0.2933888599687663,0.3118712273641851
-0.30057945635470734,0.293492972410203,0.3118712273641851
-0.30056209277323886,0.29359708485163977,0.3118712273641851
-0.3005545513748906,0.29370119729307653,0.3118712273641851
-0.3005484579040462,0.2938053097345133,0.3118712273641851
-0.30052879578355396,0.29390942217595,0.3118712273641851
-0.3004809073990646,0.2940135346173868,0.3118712273641851
-0.30046817412078636,0.2942217595002603,0.3118712273641851
-0.3004099380188248,0.294325871941697,0.3118712273641851
-0.3003449006398829,0.2944299843831338,0.3118712273641851
-0.3002546129962864,0.29453409682457055,0.3118712273641851
-0.3002420538406349,0.2946382092660073,0.3118712273641851
-0.3001293900393076,0.294742321707444,0.3118712273641851
-0.3000795591199843,0.2948464341488808,0.3118712273641851
-0.30003830920316893,0.29495054659031755,0.3118712273641851
-0.30002083127652424,0.2950546590317543,0.3118712273641851
-0.3000153886984711,0.2952628839146278,0.3118712273641851
-0.3000014829287056,0.2956793336803748,0.3118712273641851
-0.299993926424251,0.29588755856324833,0.3118712273641851
-0.2998768202140849,0.29588755856324833,0.31287726358148893
-0.299857029686633,0.29588755856324833,0.31388329979879276
-0.29983500795849233,0.29599167100468504,0.31388329979879276
-0.2998163752642647,0.2960957834461218,0.31388329979879276
-0.2997634170525163,0.2960957834461218,0.3148893360160966
-0.2997600404539369,0.2961998958875586,0.3148893360160966
-0.2997381999679897,0.2961998958875586,0.3158953722334004
-0.29973602366446483,0.29630400832899534,0.3158953722334004
-0.2997072873337735,0.2965122332118688,0.3158953722334004
-0.29945962960794215,0.29672045809474235,0.3158953722334004
-0.29929976178310275,0.2969286829776158,0.3158953722334004
-0.2992545334790682,0.2969286829776158,0.31690140845070425
-0.2991642091924357,0.2969286829776158,0.317907444668008
-0.29887764283850393,0.2970327954190526,0.317907444668008
-0.2988596241164331,0.29713690786048935,0.317907444668008
-0.29872785258156004,0.29755335762623636,0.317907444668008
-0.29870967187499026,0.29765747006767307,0.317907444668008
-0.2986804288759074,0.29776158250910983,0.317907444668008
-0.29867876732975185,0.2978656949505466,0.317907444668008
-0.29864686828440845,0.29796980739198337,0.317907444668008
-0.2986236834927693,0.2980739198334201,0.317907444668008
-0.29861070911890114,0.29817803227485684,0.317907444668008
-0.2985492153278214,0.2982821447162936,0.317907444668008
-0.2984956961934095,0.2982821447162936,0.31891348088531185
-0.2984907703902314,0.2983862571577304,0.31891348088531185
-0.2984662713361955,0.2984903695991671,0.31891348088531185
-0.29845013094507966,0.2986985944820406,0.31891348088531185
-0.29842483631106126,0.2988027069234774,0.31891348088531185
-0.29836450244379775,0.2989068193649141,0.31891348088531185
-0.29822734457239797,0.29901093180635085,0.31891348088531185
-0.2981985729173869,0.2993232691306611,0.31891348088531185
-0.2981950326052547,0.29942738157209786,0.31891348088531185
-0.2981542965976666,0.2995314940135346,0.31891348088531185
-0.2980742537130872,0.2996356064549714,0.31891348088531185
-0.2980525354300517,0.2997397188964081,0.31891348088531185
-0.2979965204593152,0.29984383133784487,0.31891348088531185
-0.29792741736208167,0.29994794377928163,0.31891348088531185
-0.29791275403381856,0.3000520562207184,0.31891348088531185
-0.29785591024430863,0.3001561686621551,0.31891348088531185
-0.2978408878240841,0.3002602811035919,0.31891348088531185
-0.2977677953664604,0.30036439354502864,0.31891348088531185
-0.2977500276470152,0.3004685059864654,0.31891348088531185
-0.2977222395126522,0.3006767308693389,0.31891348088531185
-0.2977053630572714,0.30078084331077565,0.31891348088531185
-0.29769493116379864,0.3008849557522124,0.31891348088531185
-0.29767974075477094,0.3009890681936491,0.31891348088531185
-0.29765350653339856,0.3010931806350859,0.31891348088531185
-0.29762691966952654,0.3010931806350859,0.3199195171026157
-0.2976254278970329,0.3013014055179594,0.3199195171026157
-0.2975260826893599,0.30140551795939613,0.3199195171026157
-0.29745327255895637,0.3015096304008329,0.3209255533199195
-0.2974445834237184,0.3017178552837064,0.3209255533199195
-0.29740841212976465,0.30182196772514314,0.3209255533199195
-0.29738997718885757,0.3019260801665799,0.3209255533199195
-0.2973790136157823,0.30203019260801667,0.3209255533199195
-0.2972020669149007,0.30213430504945343,0.3209255533199195
-0.2971983403265657,0.30223841749089014,0.3209255533199195
-0.297176617260772,0.3023425299323269,0.3209255533199195
-0.29717101690964426,0.3023425299323269,0.32193158953722334
-0.2971687670279839,0.3024466423737637,0.32193158953722334
-0.2971674537140525,0.3024466423737637,0.32293762575452717
-0.2970890793531683,0.30265486725663715,0.32293762575452717
-0.2970408144718625,0.3027589796980739,0.32293762575452717
-0.2970253560538151,0.3028630921395107,0.32293762575452717
-0.2970191402353122,0.30296720458094745,0.32293762575452717
-0.2970009686607585,0.30307131702238416,0.32293762575452717
-0.29697416820007294,0.3031754294638209,0.32293762575452717
-0.296918036838987,0.30338365434669445,0.32293762575452717
-0.2969154164424331,0.30348776678813116,0.32293762575452717
-0.2968092649350482,0.30359187922956793,0.32293762575452717
-0.29656587500624265,0.3036959916710047,0.32293762575452717
-0.2965345872449961,0.30380010411244146,0.32293762575452717
-0.29651085674649236,0.30400832899531494,0.32293762575452717
-0.2964770467409806,0.3041124414367517,0.32293762575452717
-0.29647155406460174,0.30421655387818847,0.32293762575452717
-0.29646873030802806,0.3043206663196252,0.32293762575452717
-0.2964652474674529,0.30442477876106194,0.32293762575452717
-0.29646241456086336,0.3045288912024987,0.32293762575452717
-0.2964210502483513,0.3046330036439355,0.32293762575452717
-0.2963895837692092,0.3047371160853722,0.32293762575452717
-0.29636752442573827,0.30484122852680895,0.32293762575452717
-0.29636145325117114,0.3049453409682457,0.32293762575452717
-0.29630670162468153,0.30525767829255596,0.32293762575452717
-0.29626198283340643,0.3053617907339927,0.32293762575452717
-0.2962452158370529,0.3053617907339927,0.323943661971831
-0.2962111896886734,0.3053617907339927,0.32595573440643866
-0.2962029201675455,0.3055700156168662,0.32595573440643866
-0.2962016832535418,0.30567412805830296,0.32595573440643866
-0.2961974427220835,0.3059864653826132,0.32595573440643866
-0.296181934648728,0.3059864653826132,0.32696177062374243
-0.2961549847801143,0.30609057782404997,0.32696177062374243
-0.2961389999199417,0.30619469026548674,0.32696177062374243
-0.2961107548259762,0.3062988027069235,0.32696177062374243
-0.2961064156005205,0.3064029151483602,0.32696177062374243
-0.2960649377994031,0.306507027589797,0.32696177062374243
-0.2960187972211957,0.306923477355544,0.32696177062374243
-0.2960183069047409,0.30702758979698075,0.32696177062374243
-0.2959516709674528,0.3071317022384175,0.32696177062374243
-0.29590578139180784,0.3071317022384175,0.32796780684104626
-0.29587761127189677,0.3075481520041645,0.32796780684104626
-0.29587749776207123,0.3075481520041645,0.3289738430583501
-0.29586002787344123,0.30765226444560123,0.3289738430583501
-0.2958527440348604,0.30765226444560123,0.3299798792756539
-0.2958419675039699,0.307756376887038,0.3299798792756539
-0.2957490955934842,0.30786048932847476,0.3299798792756539
-0.29573153104162936,0.30796460176991153,0.33098591549295775
-0.29571170874149716,0.30806871421134824,0.33098591549295775
-0.2956656417946615,0.308172826652785,0.33098591549295775
-0.2956137355762738,0.30827693909422177,0.33098591549295775
-0.2956054044937308,0.30848516397709524,0.33098591549295775
-0.29560061631365403,0.3086933888599688,0.33098591549295775
-0.29559194761671603,0.30890161374284225,0.33098591549295775
-0.2955785233201132,0.309005726184279,0.33098591549295775
-0.2955206546844834,0.3091098386257158,0.33098591549295775
-0.29551475599020266,0.30921395106715255,0.33098591549295775
-0.29551153833852656,0.30931806350858926,0.33098591549295775
-0.29542601048471834,0.309422175950026,0.33098591549295775
-0.29533278425937964,0.3095262883914628,0.33098591549295775
-0.295276316958768,0.30973451327433627,0.33098591549295775
-0.29527382878002884,0.30983862571577303,0.33098591549295775
-0.295165605713757,0.3099427381572098,0.33098591549295775
-0.29514732194327137,0.31004685059864656,0.33098591549295775
-0.2951118683688606,0.31015096304008327,0.33098591549295775
-0.2950919698181895,0.31025507548152004,0.33098591549295775
-0.29507345575037597,0.3103591879229568,0.33098591549295775
-0.29506044636655065,0.31046330036439357,0.33098591549295775
-0.29503731118183174,0.3107756376887038,0.33098591549295775
-0.2950361819905245,0.3107756376887038,0.3329979879275654
-0.29503350030310665,0.3108797501301406,0.3329979879275654
-0.2950093956502678,0.31108797501301405,0.3329979879275654
-0.2949486469528061,0.3111920874544508,0.3329979879275654
-0.2948132117480514,0.3111920874544508,0.33400402414486924
-0.2948120651536298,0.3112961998958876,0.33400402414486924
-0.29480348781634363,0.3114003123373243,0.33400402414486924
-0.29473544649458416,0.3117126496616346,0.33400402414486924
-0.2947090376567746,0.3118167621030713,0.33400402414486924
-0.29470620948577037,0.31192087454450806,0.33400402414486924
-0.29465032786882406,0.31202498698594483,0.33400402414486924
-0.2946204918891878,0.3121290994273816,0.33400402414486924
-0.29452247529752096,0.3121290994273816,0.335010060362173
-0.29451275445886604,0.3121290994273816,0.33601609657947684
-0.29441487952234663,0.3125455491931286,0.33601609657947684
-0.29432788022168366,0.3126496616345653,0.33601609657947684
-0.2943059728263361,0.3127537740760021,0.33601609657947684
-0.2942587504637405,0.31285788651743884,0.33601609657947684
-0.2942347714233145,0.3129619989588756,0.33601609657947684
-0.2942154062472608,0.3130661114003123,0.33601609657947684
-0.2941697867734274,0.3131702238417491,0.33601609657947684
-0.294134656785946,0.31327433628318585,0.33601609657947684
-0.2941062483156917,0.3134825611660593,0.33601609657947684
-0.29407042655548515,0.3134825611660593,0.33702213279678067
-0.29400264637304296,0.3135866736074961,0.33702213279678067
-0.29395145075629514,0.31369078604893286,0.33702213279678067
-0.29385287439310775,0.31369078604893286,0.3380281690140845
-0.2938277340035532,0.3137948984903696,0.3380281690140845
-0.29381765584794717,0.3140031233732431,0.3380281690140845
-0.29369538369487125,0.31410723581467986,0.3380281690140845
-0.2936688272830735,0.31410723581467986,0.33903420523138833
-0.29364830543878706,0.31421134825611663,0.33903420523138833
-0.2936205487024692,0.31431546069755334,0.33903420523138833
-0.2936195434255456,0.3144195731389901,0.33903420523138833
-0.29359540953380375,0.31452368558042687,0.33903420523138833
-0.29356684843362907,0.31462779802186364,0.33903420523138833
-0.2935535571257397,0.31462779802186364,0.34004024144869216
-0.29352366766611665,0.31473191046330035,0.34004024144869216
-0.2935147256862499,0.3148360229047371,0.34004024144869216
-0.29346013360259304,0.3149401353461739,0.34004024144869216
-0.2934511248867901,0.31514836022904735,0.34004024144869216
-0.29339443893189765,0.3152524726704841,0.34004024144869216
-0.2933499747952911,0.3153565851119209,0.34004024144869216
-0.29331831021212473,0.31546069755335765,0.34004024144869216
-0.29322446002972824,0.31556480999479436,0.34004024144869216
-0.29320137444988537,0.3156689224362311,0.34004024144869216
-0.2931940502778228,0.31629359708485166,0.34004024144869216
-0.29318845416647665,0.31671004685059867,0.34004024144869216
-0.2931778134524862,0.3168141592920354,0.34004024144869216
-0.2931442398450428,0.31691827173347215,0.34004024144869216
-0.29313541649631947,0.3170223841749089,0.34004024144869216
-0.2931241056258543,0.3171264966163457,0.34004024144869216
-0.29311690865254214,0.31733472149921915,0.34004024144869216
-0.29309761762048575,0.3174388339406559,0.34004024144869216
-0.2930884158349705,0.3174388339406559,0.341046277665996
-0.2930818366956837,0.3175429463820927,0.341046277665996
-0.292969303763283,0.3176470588235294,0.341046277665996
-0.2929349869454175,0.3185840707964602,0.341046277665996
-0.2928107184686292,0.31868818323789694,0.341046277665996
-0.29279947504233794,0.31868818323789694,0.3420523138832998
-0.2927467555517986,0.3187922956793337,0.3420523138832998
-0.29260201206688474,0.3188964081207704,0.3420523138832998
-0.29255654213918264,0.3190005205622072,0.3420523138832998
-0.2925548394067099,0.31910463300364394,0.3420523138832998
-0.29253856175395765,0.3192087454450807,0.3420523138832998
-0.2925296355836628,0.3197293076522644,0.3420523138832998
-0.2924163926759441,0.3198334200937012,0.3420523138832998
-0.2924124315201945,0.31993753253513796,0.3420523138832998
-0.29234096000723725,0.3200416449765747,0.3420523138832998
-0.2923131889420756,0.32014575741801143,0.3420523138832998
-0.29230310948112204,0.3202498698594482,0.3420523138832998
-0.2922994358473635,0.32035398230088497,0.3420523138832998
-0.2922783288503809,0.32045809474232173,0.3420523138832998
-0.29226556254552505,0.32056220718375844,0.3420523138832998
-0.29223461833385056,0.3206663196251952,0.3420523138832998
-0.2922239214543099,0.32077043206663197,0.3420523138832998
-0.2922080908161187,0.32087454450806874,0.3420523138832998
-0.2921110040618068,0.3210827693909422,0.3420523138832998
-0.2921031597118423,0.321186881832379,0.3420523138832998
-0.29207898020168055,0.32139510671525245,0.3420523138832998
-0.29207445007251903,0.32139510671525245,0.34305835010060365
-0.292070711547506,0.32170744403956275,0.34305835010060365
-0.2920660851856138,0.32181155648099946,0.34305835010060365
-0.2919335202431111,0.3219156689224362,0.34305835010060365
-0.29191167128574874,0.322019781363873,0.34305835010060365
-0.2918797423260688,0.32212389380530976,0.34305835010060365
-0.2918308656595035,0.32212389380530976,0.3440643863179074
-0.29177278494859876,0.32233211868818323,0.3440643863179074
-0.29171041436130046,0.3226444560124935,0.3440643863179074
-0.2916978635671389,0.322852680895367,0.3440643863179074
-0.2916206009204127,0.32295679333680377,0.3440643863179074
-0.2915730249614178,0.3230609057782405,0.3440643863179074
-0.291554467898032,0.32316501821967725,0.3440643863179074
-0.2915385303914185,0.323269130661114,0.3440643863179074
-0.29150801069609855,0.3233732431025508,0.3440643863179074
-0.29148110505511293,0.3233732431025508,0.34507042253521125
-0.29142855503950554,0.3234773555439875,0.34507042253521125
-0.2913909660554584,0.32358146798542425,0.34507042253521125
-0.2913205563531273,0.323685580426861,0.34507042253521125
-0.29130057045896807,0.3237896928682978,0.34507042253521125
-0.2912962143976933,0.3238938053097345,0.34507042253521125
-0.29126947452671204,0.32399791775117126,0.34507042253521125
-0.29121482262705645,0.324102030192608,0.34507042253521125
-0.29120921919091447,0.3242061426340448,0.34507042253521125
-0.2911664761050397,0.3242061426340448,0.3460764587525151
-0.2911654045858423,0.32441436751691827,0.3460764587525151
-0.29113269571228445,0.32451847995835503,0.3460764587525151
-0.291125229141914,0.3246225923997918,0.3460764587525151
-0.29111962078920944,0.3247267048412285,0.3460764587525151
-0.29108117467771644,0.3248308172826653,0.3460764587525151
-0.29101823960786705,0.32493492972410204,0.3460764587525151
-0.29101376828961534,0.3250390421655388,0.3460764587525151
-0.2909966632073056,0.3251431546069755,0.3460764587525151
-0.2909863816615156,0.3252472670484123,0.3460764587525151
-0.29092970213164765,0.3254554919312858,0.3460764587525151
-0.29092537562650267,0.3254554919312858,0.3470824949698189
-0.29086255479246376,0.3255596043727225,0.3470824949698189
-0.2908276427803892,0.3256637168141593,0.3470824949698189
-0.2908029567678921,0.32576782925559605,0.3470824949698189
-0.2907816985730424,0.32618427902134306,0.3470824949698189
-0.2907610599615637,0.3262883914627798,0.3470824949698189
-0.2907412772242597,0.3264966163456533,0.3470824949698189
-0.2906835117085358,0.32660072878709007,0.3470824949698189
-0.29063406992428564,0.32670484122852683,0.3470824949698189
-0.29054496204386665,0.3270171785528371,0.3470824949698189
-0.290516145773316,0.32712129099427384,0.3470824949698189
-0.29049231954119176,0.32722540343571055,0.3470824949698189
-0.2903641984531397,0.3273295158771473,0.3470824949698189
-0.2903272614076859,0.32753774076002085,0.3470824949698189
-0.29027085075249853,0.32764185320145756,0.3470824949698189
-0.2902519800933112,0.3277459656428943,0.3470824949698189
-0.29023748534127525,0.3277459656428943,0.34808853118712274
-0.29022628130569683,0.3278500780843311,0.34808853118712274
-0.2901167845766334,0.32795419052576785,0.34808853118712274
-0.28997209954909947,0.32805830296720456,0.34909456740442657
-0.28983278161052356,0.32816241540864133,0.34909456740442657
-0.28983065486224796,0.3282665278500781,0.34909456740442657
-0.28980967818710435,0.32837064029151486,0.34909456740442657
-0.2897069059310042,0.32857886517438833,0.34909456740442657
-0.28970575892725914,0.3286829776158251,0.34909456740442657
-0.28969700610864835,0.3288912024986986,0.34909456740442657
-0.2896195303266472,0.32899531494013534,0.34909456740442657
-0.28956558674943433,0.32941176470588235,0.34909456740442657
-0.289564566044574,0.3295158771473191,0.34909456740442657
-0.2895411797940727,0.3296199895887559,0.34909456740442657
-0.2895283030178124,0.3296199895887559,0.3501006036217304
-0.2895048209139376,0.32982821447162936,0.3501006036217304
-0.289463123221623,0.3299323269130661,0.3501006036217304
-0.289450858061785,0.3300364393545029,0.3501006036217304
-0.28942800229309873,0.3301405517959396,0.3501006036217304
-0.2892979169956364,0.33024466423737636,0.3501006036217304
-0.28914062783039157,0.3303487766788131,0.3501006036217304
-0.28910168745395953,0.3305570015616866,0.3501006036217304
-0.2890904716394077,0.3308693388859969,0.3501006036217304
-0.28887175765299655,0.3310775637688704,0.3501006036217304
-0.28880238329712454,0.33118167621030714,0.3501006036217304
-0.2887910539818743,0.3312857886517439,0.3501006036217304
-0.2887881468775176,0.3321186881832379,0.3501006036217304
-0.28874957203170476,0.3321186881832379,0.35110663983903423
-0.28871204064581796,0.3321186881832379,0.352112676056338
-0.2885579258921226,0.33222280062467463,0.352112676056338
-0.28855424058307777,0.3323269130661114,0.352112676056338
-0.28841957475446195,0.33243102550754816,0.352112676056338
-0.28823754375856425,0.3325351379489849,0.352112676056338
-0.28818291308173943,0.33263925039042164,0.352112676056338
-0.28816303624983397,0.33305570015616864,0.352112676056338
-0.2881115130277193,0.33440916189484643,0.352112676056338
-0.2880796186173403,0.3345132743362832,0.352112676056338
-0.2880406984321263,0.33482561166059344,0.352112676056338
-0.2878793797985353,0.33503383654346697,0.352112676056338
-0.28780300935744246,0.3351379489849037,0.352112676056338
-0.2877705435976081,0.33524206142634044,0.352112676056338
-0.28774559777670683,0.3353461738677772,0.352112676056338
-0.2877159234833103,0.335450286309214,0.352112676056338
-0.28770765633870926,0.3355543987506507,0.352112676056338
-0.2876927855005047,0.3357626236335242,0.352112676056338
-0.2876270982158207,0.335866736074961,0.352112676056338
-0.28762404884810067,0.3359708485163977,0.352112676056338
-0.28758614943273986,0.33607496095783446,0.352112676056338
-0.28753350827268115,0.3361790733992712,0.352112676056338
-0.2874992542722903,0.336283185840708,0.352112676056338
-0.2874897931848888,0.3363872982821447,0.352112676056338
-0.28746823271740524,0.3363872982821447,0.35311871227364183
-0.2873848622316949,0.33649141072358146,0.35311871227364183
-0.28737524557940597,0.33659552316501823,0.35311871227364183
-0.287351815589459,0.336699635606455,0.35311871227364183
-0.28731783186098864,0.3368037480478917,0.35311871227364183
-0.2873150089695305,0.33690786048932847,0.35311871227364183
-0.2871761286709269,0.33701197293076524,0.35311871227364183
-0.28717187866975113,0.337116085372202,0.35311871227364183
-0.28717043254979124,0.3372201978136387,0.35311871227364183
-0.28713373783351254,0.33742842269651224,0.35311871227364183
-0.2870797317195979,0.337532535137949,0.35311871227364183
-0.2870532881372158,0.3376366475793857,0.35311871227364183
-0.2869447239733637,0.33784487246225925,0.35311871227364183
-0.28694309117085126,0.337948984903696,0.35311871227364183
-0.2868303857056345,0.3380530973451327,0.35311871227364183
-0.2867538281491638,0.3381572097865695,0.35311871227364183
-0.2866950217722024,0.33826132222800626,0.35311871227364183
-0.28666413318581446,0.33867777199375326,0.35311871227364183
-0.2866620312709376,0.33878188443519003,0.35311871227364183
-0.286642645092793,0.33888599687662674,0.35311871227364183
-0.2866129781334467,0.3389901093180635,0.35311871227364183
-0.2865950459443236,0.33909422175950027,0.35311871227364183
-0.28658814226552143,0.33919833420093704,0.35311871227364183
-0.28651712508281907,0.33930244664237375,0.35311871227364183
-0.2864761786374716,0.3394065590838105,0.35311871227364183
-0.2864718678953112,0.3395106715252473,0.35311871227364183
-0.28646217807068186,0.3399271212909943,0.35311871227364183
-0.2864429623609329,0.34003123373243105,0.35311871227364183
-0.2864254300566409,0.34013534617386776,0.35311871227364183
-0.28642500609917393,0.3402394586153045,0.35311871227364183
-0.28641702846499445,0.34055179593961477,0.35311871227364183
-0.2863161785775077,0.34055179593961477,0.35412474849094566
-0.28628331610957264,0.34065590838105153,0.35412474849094566
-0.2862729270020338,0.3407600208224883,0.35412474849094566
-0.28619832295516856,0.34086413326392506,0.35412474849094566
-0.28619793234922664,0.34096824570536177,0.35412474849094566
-0.28619473779530874,0.34107235814679854,0.35412474849094566
-0.2861791517395848,0.34128058302967207,0.35412474849094566
-0.28613166489243824,0.3413846954711088,0.35412474849094566
-0.28612170167360124,0.34148880791254554,0.35412474849094566
-0.286109464682914,0.34148880791254554,0.3551307847082495
-0.286103489221313,0.3415929203539823,0.3551307847082495
-0.2860883126775805,0.3421134825611661,0.3551307847082495
-0.2860706107111296,0.3422175950026028,0.3551307847082495
-0.2860324477691871,0.34232170744403956,0.3551307847082495
-0.2860311702395259,0.3424258198854763,0.3551307847082495
-0.2859712175722619,0.3425299323269131,0.3551307847082495
-0.2858212447626337,0.3426340447683498,0.3551307847082495
-0.285795519936692,0.34273815720978656,0.3551307847082495
-0.2857865523051821,0.3429463820926601,0.3551307847082495
-0.2856860205655479,0.3430504945340968,0.3551307847082495
-0.28562076015416366,0.34325871941697034,0.3551307847082495
-0.2855425823532072,0.3437792816241541,0.3551307847082495
-0.28551967459133576,0.3444039562727746,0.3551307847082495
-0.28548910589198073,0.3446121811556481,0.3551307847082495
-0.28547196504104394,0.34471629359708483,0.3551307847082495
-0.28543687984233707,0.34492451847995836,0.3551307847082495
-0.28539617954784896,0.34492451847995836,0.3561368209255533
-0.28533305595209973,0.34492451847995836,0.35714285714285715
-0.2852953513696475,0.34502863092139513,0.35714285714285715
-0.285240349800197,0.34513274336283184,0.35714285714285715
-0.2852349309395109,0.3452368558042686,0.35714285714285715
-0.28522938841488144,0.34534096824570537,0.35714285714285715
-0.28514856880303247,0.34586153045288914,0.35714285714285715
-0.2851294900189665,0.34586153045288914,0.358148893360161
-0.285103106086799,0.34690265486725663,0.358148893360161
-0.28510033432936255,0.3470067673086934,0.358148893360161
-0.2850866479934737,0.3472149921915669,0.358148893360161
-0.2849081910123238,0.3472149921915669,0.3591549295774648
-0.2848765100249794,0.34731910463300364,0.3591549295774648
-0.28485320252219,0.3476314419573139,0.3591549295774648
-0.28484234677296655,0.34773555439875065,0.3591549295774648
-0.2848287170299295,0.3478396668401874,0.3591549295774648
-0.28478070619921814,0.3480478917230609,0.3591549295774648
-0.2847551129288922,0.3484643414888079,0.3591549295774648
-0.28471223204521295,0.34856845393024466,0.3591549295774648
-0.2846827760024312,0.3486725663716814,0.3591549295774648
-0.2846322765231112,0.3488807912545549,0.3591549295774648
-0.2846234531366484,0.34898490369599167,0.3591549295774648
-0.2845666752111567,0.3491931285788652,0.3591549295774648
-0.2845590590142843,0.3492972410203019,0.3591549295774648
-0.2845241588129107,0.3494013534617387,0.3591549295774648
-0.2845148453265524,0.34950546590317544,0.3591549295774648
-0.2844754806191677,0.34950546590317544,0.36016096579476864
-0.28444569353974947,0.3500260281103592,0.36016096579476864
-0.2843592145641635,0.3501301405517959,0.36016096579476864
-0.2843571680439198,0.3501301405517959,0.3611670020120724
-0.28426849824795175,0.35033836543466945,0.3611670020120724
-0.2842474430795673,0.3504424778761062,0.3611670020120724
-0.28421614875675716,0.3504424778761062,0.36217303822937624
-0.2841170612220225,0.3506507027589797,0.36217303822937624
-0.28406718208217785,0.35096304008328993,0.36217303822937624
-0.28406520388935835,0.35117126496616347,0.36217303822937624
-0.2840455661184367,0.35117126496616347,0.3631790744466801
-0.28400228562941365,0.35127537740760023,0.3631790744466801
-0.28399132511094866,0.35137948984903694,0.3631790744466801
-0.28392276554917006,0.3515877147319105,0.3631790744466801
-0.28388542034377356,0.35169182717334724,0.3631790744466801
-0.28387828597520376,0.35179593961478395,0.3631790744466801
-0.2836799090165825,0.3519000520562207,0.3631790744466801
-0.28364136711566734,0.3523165018219677,0.3631790744466801
-0.283638744918766,0.3524206142634045,0.3631790744466801
-0.2836380206657881,0.35252472670484125,0.3631790744466801
-0.28361932330672535,0.35262883914627796,0.3631790744466801
-0.28343993315032184,0.3527329515877147,0.3631790744466801
-0.2834108673019491,0.35294117647058826,0.3631790744466801
-0.2833890372884951,0.3532535137948985,0.3631790744466801
-0.2833738258275836,0.35356585111920874,0.3631790744466801
-0.28336164616124154,0.3536699635606455,0.3631790744466801
-0.2832557172907419,0.35377407600208227,0.3631790744466801
-0.28318935747858,0.353878188443519,0.3631790744466801
-0.2831382774017372,0.35398230088495575,0.3631790744466801
-0.2830766953684534,0.35398230088495575,0.3641851106639839
-0.2829945931820258,0.3540864133263925,0.3641851106639839
-0.28297008722289296,0.3541905257678293,0.3641851106639839
-0.2829454255473193,0.354294638209266,0.3641851106639839
-0.28291819532212875,0.35439875065070275,0.3641851106639839
-0.28290712920235755,0.355543987506507,0.3641851106639839
-0.2828824126695727,0.3556480999479438,0.3641851106639839
-0.28287168485985925,0.3556480999479438,0.36519114688128773
-0.28285535520315974,0.35575221238938054,0.36519114688128773
-0.2828189794214087,0.3558563248308173,0.36519114688128773
-0.28275563027375117,0.3558563248308173,0.36619718309859156
-0.2826941892705339,0.3560645497136908,0.36619718309859156
-0.28268956029260517,0.35616866215512755,0.36619718309859156
-0.2826328842871058,0.35658511192087455,0.36619718309859156
-0.2826087528659125,0.3566892243623113,0.36619718309859156
-0.282582124806199,0.35679333680374803,0.36619718309859156
-0.2825690976732474,0.3568974492451848,0.36619718309859156
-0.2825373676635256,0.35700156168662156,0.36619718309859156
-0.28251110087027953,0.35720978656949504,0.36619718309859156
-0.28250638304140463,0.3573138990109318,0.36619718309859156
-0.2825048352413146,0.35741801145236857,0.36619718309859156
-0.28244720656226446,0.35752212389380533,0.36619718309859156
-0.2824169187642594,0.35762623633524204,0.36619718309859156
-0.28229505127380655,0.35762623633524204,0.3672032193158954
-0.28225999477817004,0.3577303487766788,0.3672032193158954
-0.2822540370489862,0.3577303487766788,0.3682092555331992
-0.28218986898873183,0.3578344612181156,0.3682092555331992
-0.28216980873256226,0.35793857365955234,0.3682092555331992
-0.28216604876411383,0.35804268610098905,0.3682092555331992
-0.2821475613471899,0.3582509109838626,0.3682092555331992
-0.2820827502705144,0.35835502342529935,0.3682092555331992
-0.2820731450776094,0.35877147319104635,0.3682092555331992
-0.28206274072821763,0.35887558563248306,0.3682092555331992
-0.2820145451033263,0.35897969807391983,0.3682092555331992
-0.2819852542604649,0.3590838105153566,0.3682092555331992
-0.28197872889789655,0.35960437272254037,0.3682092555331992
-0.2819770445721092,0.35981259760541384,0.3682092555331992
-0.2819088110480224,0.35981259760541384,0.369215291750503
-0.2819084918503852,0.3600208224882874,0.369215291750503
-0.2819070337849839,0.3601249349297241,0.369215291750503
-0.28189772514637185,0.36022904737116085,0.369215291750503
-0.2818950395992615,0.3603331598125976,0.369215291750503
-0.28184972433584476,0.3604372722540344,0.369215291750503
-0.2818428990208804,0.3605413846954711,0.369215291750503
-0.28183883218983796,0.3607496095783446,0.369215291750503
-0.2818184674735641,0.36106194690265486,0.369215291750503
-0.28178413513040484,0.36106194690265486,0.3702213279678068
-0.28177266846544197,0.36116605934409163,0.3702213279678068
-0.2817620814846625,0.3612701717855284,0.3702213279678068
-0.281750086579929,0.3617907339927121,0.37122736418511065
-0.281684084400679,0.3618948464341489,0.37122736418511065
-0.28167562486539616,0.36199895887558564,0.37122736418511065
-0.2816101329727105,0.36199895887558564,0.3722334004024145
-0.2816093704218862,0.3622071837584591,0.3732394366197183
-0.28160415977377073,0.3623112961998959,0.3732394366197183
-0.2815885536362147,0.36241540864133265,0.3732394366197183
-0.2815871312553707,0.3625195210827694,0.3732394366197183
-0.28158389084796526,0.3626236335242061,0.3732394366197183
-0.28156797906853326,0.3627277459656429,0.3732394366197183
-0.28155516084034277,0.36283185840707965,0.3732394366197183
-0.28153777475411773,0.36304008328995313,0.3732394366197183
-0.2815171962011047,0.3633524206142634,0.3732394366197183
-0.28150101506725106,0.36345653305570014,0.3732394366197183
-0.28149984453115995,0.36366475793857367,0.3732394366197183
-0.28149086475320234,0.36366475793857367,0.37424547283702214
-0.28145395769990444,0.36366475793857367,0.37525150905432597
-0.2811998041466363,0.36376887038001043,0.37525150905432597
-0.28119478398454956,0.36376887038001043,0.3762575452716298
-0.28115975582022373,0.3640812077043207,0.3762575452716298
-0.2811430953583815,0.36418532014575744,0.3762575452716298
-0.2811286886772193,0.3643935450286309,0.3762575452716298
-0.2810509051718018,0.3644976574700677,0.3762575452716298
-0.2810297561259639,0.3644976574700677,0.3772635814889336
-0.2810023291310018,0.36470588235294116,0.3782696177062374
-0.28099696464654544,0.36470588235294116,0.37927565392354123
-0.2809957145324315,0.3648099947943779,0.37927565392354123
-0.2809924042800759,0.3649141072358147,0.37927565392354123
-0.28092527273840007,0.36501821967725145,0.37927565392354123
-0.28092418256534385,0.36512233211868816,0.37927565392354123
-0.2808897091441453,0.36512233211868816,0.38028169014084506
-0.2808799211272675,0.36512233211868816,0.3812877263581489
-0.28074992252467035,0.36522644456012493,0.3812877263581489
-0.28070798114876716,0.36543466944299846,0.3812877263581489
-0.28061800893973793,0.36553878188443517,0.3812877263581489
-0.2805772654661957,0.36564289432587194,0.3812877263581489
-0.28052300404238756,0.3657470067673087,0.3812877263581489
-0.2804219102950086,0.36585111920874547,0.3812877263581489
-0.28027492624636197,0.36605934409161894,0.3812877263581489
-0.2802689703172349,0.3661634565330557,0.3812877263581489
-0.28024992997817305,0.3661634565330557,0.3822937625754527
-0.2802405194829199,0.36647579385736595,0.3822937625754527
-0.28021527665978596,0.3665799062988027,0.3822937625754527
-0.28020713384971624,0.3665799062988027,0.38329979879275655
-0.280205012109836,0.3666840187402395,0.38329979879275655
-0.280186424353054,0.3667881311816762,0.38329979879275655
-0.2801372143674799,0.36689224362311296,0.38329979879275655
-0.28011109358459696,0.3669963560645497,0.38329979879275655
-0.2800911432302734,0.3671004685059865,0.38329979879275655
-0.2800731024728593,0.36741280583029673,0.38329979879275655
-0.2800263159562871,0.3675169182717335,0.38329979879275655
-0.2800147118480472,0.3676210307131702,0.38329979879275655
-0.27991005419066034,0.36772514315460697,0.38329979879275655
-0.27988232661519524,0.36782925559604374,0.38329979879275655
-0.2798504294230183,0.3679333680374805,0.38329979879275655
-0.2798162243144617,0.3679333680374805,0.3843058350100604
-0.2797973342846038,0.3680374804789172,0.3843058350100604
-0.27978225650989164,0.368141592920354,0.3843058350100604
-0.2797443213075869,0.368141592920354,0.3853118712273642
-0.279723820069822,0.36824570536179074,0.3853118712273642
-0.279700788264148,0.3683498178032275,0.3853118712273642
-0.2796443177774806,0.3684539302446642,0.3853118712273642
-0.2795999601773527,0.368558042686101,0.3853118712273642
-0.2795440362620722,0.36866215512753775,0.3853118712273642
-0.27952087226978445,0.3687662675689745,0.3853118712273642
-0.2795147125150807,0.3688703800104112,0.3853118712273642
-0.27947803116033504,0.36907860489328476,0.3853118712273642
-0.27947141801982633,0.36928682977615823,0.3853118712273642
-0.2794481916728826,0.369390942217595,0.3853118712273642
-0.27943736383757173,0.36949505465903176,0.3853118712273642
-0.2794147107704332,0.36959916710046853,0.3853118712273642
-0.27940830380315146,0.36970327954190524,0.3853118712273642
-0.27936859583036217,0.36970327954190524,0.386317907444668
-0.279304854784575,0.369807391983342,0.386317907444668
-0.27928025013160146,0.36991150442477877,0.386317907444668
-0.2792351688110671,0.370223841749089,0.386317907444668
-0.2792094625813605,0.37084851639770955,0.386317907444668
-0.279201695585633,0.37095262883914626,0.386317907444668
-0.27917560880230086,0.371056741280583,0.386317907444668
-0.27913997981106675,0.3711608537220198,0.386317907444668
-0.27909849820079435,0.37136907860489327,0.386317907444668
-0.27907919178864776,0.37147319104633003,0.386317907444668
-0.27906578203411964,0.3715773034877668,0.386317907444668
-0.2790271148252761,0.3717855283706403,0.386317907444668
-0.2789552810272479,0.3719937532535138,0.386317907444668
-0.27894571323447426,0.37209786569495057,0.386317907444668
-0.2789412789588668,0.3722019781363873,0.386317907444668
-0.27887076810092987,0.3724102030192608,0.386317907444668
-0.27884579523897063,0.3725143154606976,0.386317907444668
-0.2788198421131018,0.3726184279021343,0.386317907444668
-0.2787906323191211,0.37272254034357105,0.386317907444668
-0.27876948854178035,0.3728266527850078,0.386317907444668
-0.27875769790449473,0.3729307652264446,0.386317907444668
-0.2787466520774357,0.3729307652264446,0.3873239436619718
-0.2787085003828144,0.3730348776678813,0.3873239436619718
-0.2787018443138502,0.3732431025507548,0.3873239436619718
-0.2786821798676576,0.3733472149921916,0.3873239436619718
-0.27862684244148167,0.3734513274336283,0.3873239436619718
-0.27860330636710195,0.37355543987506507,0.3873239436619718
-0.2785650128926577,0.37365955231650183,0.3873239436619718
-0.2785442059493599,0.3737636647579386,0.3873239436619718
-0.27850419157691997,0.3738677771993753,0.3873239436619718
-0.27843431239853667,0.3738677771993753,0.38832997987927564
-0.2784296439380309,0.37397188964081207,0.38832997987927564
-0.2784211083964049,0.37407600208224884,0.38832997987927564
-0.27839473080474253,0.37407600208224884,0.3893360160965795
-0.2783743525402469,0.3741801145236856,0.3893360160965795
-0.27834337544078036,0.37449245184799584,0.3893360160965795
-0.2783400454342886,0.3745965642894326,0.3893360160965795
-0.27830215817369497,0.3747006767308693,0.3893360160965795
-0.2782456767341906,0.3748047891723061,0.3893360160965795
-0.27823057810224483,0.37490890161374285,0.3893360160965795
-0.2782184746384737,0.3750130140551796,0.3893360160965795
-0.2781943561962378,0.37532535137948986,0.3893360160965795
-0.2781862195336017,0.3754294638209266,0.3893360160965795
-0.27817779111529023,0.3754294638209266,0.39134808853118713
-0.2781464553511583,0.3756376887038001,0.39134808853118713
-0.2781363090026706,0.3756376887038001,0.39235412474849096
-0.2781145344317487,0.37574180114523686,0.39235412474849096
-0.2780857257300874,0.37595002602811034,0.39235412474849096
-0.2780435277665895,0.3760541384695471,0.39235412474849096
-0.2780352226715274,0.3760541384695471,0.3933601609657948
-0.27802907511884295,0.37615825091098387,0.3933601609657948
-0.2780039162842546,0.37626236335242064,0.3933601609657948
-0.2779156803740106,0.37636647579385735,0.3933601609657948
-0.27789303154163697,0.3764705882352941,0.3933601609657948
-0.2778789294973313,0.3764705882352941,0.39436619718309857
-0.2778645288491484,0.3764705882352941,0.3953722334004024
-0.27783335467923265,0.3765747006767309,0.3953722334004024
-0.2778246924098339,0.3765747006767309,0.3963782696177062
-0.2778085317230986,0.37667881311816764,0.3963782696177062
-0.2778007583830834,0.37667881311816764,0.39738430583501005
-0.277785562644652,0.37678292555960435,0.39738430583501005
-0.27775738110048065,0.3768870380010411,0.39738430583501005
-0.27773155909638,0.3769911504424779,0.39738430583501005
-0.2777313297212857,0.37709526288391465,0.39738430583501005
-0.2777203877158828,0.37719937532535136,0.39738430583501005
-0.2777062150489448,0.37719937532535136,0.3983903420523139
-0.2776664885850858,0.3773034877667881,0.3983903420523139
-0.2776219834843184,0.3774076002082249,0.3983903420523139
-0.2776031203327615,0.37751171264966166,0.3983903420523139
-0.2776030770761751,0.37761582509109837,0.3983903420523139
-0.27759313200134494,0.37761582509109837,0.3993963782696177
-0.27756889962351367,0.37771993753253513,0.3993963782696177
-0.27753433949224654,0.37792816241540866,0.3993963782696177
-0.2775281957548864,0.37792816241540866,0.40040241448692154
-0.2775035776971116,0.37813638729828214,0.40040241448692154
-0.2774504325542383,0.3782404997397189,0.40040241448692154
-0.27742933671754405,0.37834461218115567,0.40040241448692154
-0.27741351390206526,0.3787610619469027,0.40040241448692154
-0.27739427284141016,0.3788651743883394,0.40040241448692154
-0.27734993163456784,0.3791775117126497,0.40040241448692154
-0.2773244507667476,0.3794898490369599,0.40040241448692154
-0.2773202079435769,0.3795939614783967,0.40040241448692154
-0.2773098059930365,0.3796980739198334,0.40040241448692154
-0.2772909707117762,0.37980218636127017,0.40040241448692154
-0.27721815403210126,0.37990629880270693,0.40040241448692154
-0.27720934016830984,0.3800104112441437,0.40040241448692154
-0.2771854065350059,0.3801145236855804,0.40040241448692154
-0.27717342062984457,0.3802186361270172,0.40040241448692154
-0.277120729504249,0.3804268610098907,0.40040241448692154
-0.2770492163470657,0.3809474232170744,0.40040241448692154
-0.2770097271270082,0.3810515356585112,0.40040241448692154
-0.2770008904466307,0.38115564809994795,0.40040241448692154
-0.27697522397835483,0.3812597605413847,0.40040241448692154
-0.2769595359087669,0.38136387298282143,0.40040241448692154
-0.27695130496784126,0.3814679854242582,0.40040241448692154
-0.2768809477652539,0.3814679854242582,0.4014084507042254
-0.27687709412160616,0.38157209786569496,0.4014084507042254
-0.2768757917320672,0.3816762103071317,0.4014084507042254
-0.2768637794967395,0.38178032274856843,0.4014084507042254
-0.2768414564002991,0.38219677251431544,0.4014084507042254
-0.2768146392878522,0.3823008849557522,0.4014084507042254
-0.27669979647935194,0.382404997397189,0.4014084507042254
-0.27659003562226897,0.38250910983862574,0.4014084507042254
-0.2765729401750529,0.38261322228006245,0.4014084507042254
-0.27652204918600326,0.3827173347214992,0.4014084507042254
-0.2764955278060359,0.382821447162936,0.4014084507042254
-0.27634466268983,0.38292555960437274,0.4014084507042254
-0.2763170819257457,0.38302967204580946,0.4014084507042254
-0.27629149587641405,0.3831337844872462,0.4014084507042254
-0.27628273018055394,0.383237896928683,0.4014084507042254
-0.27627451935357,0.38334200937011975,0.4014084507042254
-0.27625928267097266,0.38344612181155646,0.4014084507042254
-0.2762572337363295,0.38386257157730347,0.4014084507042254
-0.27624490795703116,0.38396668401874023,0.4014084507042254
-0.27615414500347363,0.384070796460177,0.4014084507042254
-0.2760926196816562,0.384070796460177,0.4024144869215292
-0.2760584238074002,0.38417490890161377,0.4024144869215292
-0.2760582855234875,0.3842790213430505,0.4024144869215292
-0.2760564902265177,0.38438313378448724,0.4024144869215292
-0.2760352414243813,0.38459135866736077,0.4024144869215292
-0.2759953881053019,0.3846954711087975,0.4024144869215292
-0.2759801368366232,0.3854242581988548,0.4024144869215292
-0.2759443031875493,0.3855283706402915,0.4024144869215292
-0.2759399327246683,0.3855283706402915,0.403420523138833
-0.27592877638476315,0.38563248308172826,0.403420523138833
-0.27592677860398607,0.3858407079646018,0.403420523138833
-0.27584835476606356,0.3859448204060385,0.403420523138833
-0.27574213192514274,0.38615304528891203,0.403420523138833
-0.2757325581651321,0.3862571577303488,0.403420523138833
-0.2756764413731783,0.3862571577303488,0.4044265593561368
-0.27560944716083735,0.3863612701717855,0.4044265593561368
-0.27555976827091216,0.38656949505465904,0.4044265593561368
-0.2755333115279627,0.3866736074960958,0.4044265593561368
-0.27550730582271904,0.3866736074960958,0.40543259557344064
-0.27550424222114245,0.3867777199375325,0.40543259557344064
-0.2755002734553778,0.3868818323789693,0.40543259557344064
-0.2754953856049195,0.38698594482040605,0.40543259557344064
-0.27547512365893473,0.3870900572618428,0.40543259557344064
-0.2754058355624403,0.3871941697032795,0.40543259557344064
-0.27539650915361874,0.3872982821447163,0.40543259557344064
-0.27538853562624416,0.38740239458615305,0.40543259557344064
-0.2752747537422799,0.3875065070275898,0.40543259557344064
-0.2752488249732424,0.3877147319104633,0.40543259557344064
-0.2752366064913464,0.38781884435190006,0.40543259557344064
-0.27520797611043696,0.3879229567933368,0.40543259557344064
-0.2751734956104432,0.38802706923477354,0.40543259557344064
-0.275162763167559,0.3881311816762103,0.40543259557344064
-0.27511159122835455,0.38823529411764707,0.40543259557344064
-0.2750895981702902,0.38833940655908383,0.40543259557344064
-0.27506230381457347,0.38833940655908383,0.40643863179074446
-0.2750216303450313,0.38844351900052054,0.40643863179074446
-0.2750009612177339,0.3885476314419573,0.40643863179074446
-0.27498594918276803,0.3885476314419573,0.4074446680080483
-0.274984322654869,0.3886517438833941,0.4074446680080483
-0.27498072981458316,0.3886517438833941,0.4084507042253521
-0.2749597923891299,0.38885996876626755,0.4084507042253521
-0.27492099488062494,0.3889640812077043,0.4084507042253521
-0.2749101904798177,0.38917230609057785,0.4084507042253521
-0.2748733850858442,0.38927641853201456,0.4084507042253521
-0.27485409585324316,0.3893805309734513,0.4084507042253521
-0.2748437633973137,0.3893805309734513,0.40945674044265595
-0.2748356684369553,0.3894846434148881,0.40945674044265595
-0.27478238775992253,0.38958875585632485,0.40945674044265595
-0.2747745510439773,0.38969286829776156,0.40945674044265595
-0.27468646067801644,0.38969286829776156,0.4104627766599598
-0.2746570881277488,0.38979698073919833,0.4104627766599598
-0.2746224941823507,0.3899010931806351,0.4104627766599598
-0.27456976620648577,0.39000520562207186,0.4104627766599598
-0.27456207122584486,0.39042165538781887,0.4104627766599598
-0.27448194190306724,0.3905257678292556,0.4104627766599598
-0.2744705118327451,0.39062988027069234,0.4104627766599598
-0.27442135586875605,0.3908381051535659,0.4104627766599598
-0.2743726878906901,0.3909422175950026,0.4104627766599598
-0.2743715724213286,0.39104633003643935,0.4104627766599598
-0.27437106526643695,0.3911504424778761,0.4104627766599598
-0.2743168120120073,0.3911504424778761,0.41146881287726356
-0.27427040078715154,0.3912545549193129,0.41146881287726356
-0.2742574302427495,0.3913586673607496,0.41146881287726356
-0.27422716182461476,0.3915668922436231,0.41146881287726356
-0.27421727627612946,0.3915668922436231,0.4124748490945674
-0.2742012624134592,0.3916710046850599,0.4124748490945674
-0.27416457301723884,0.3916710046850599,0.4134808853118712
-0.2741588705439841,0.3917751171264966,0.4134808853118712
-0.2741492400700951,0.39187922956793336,0.4134808853118712
-0.2741430411845803,0.39198334200937013,0.4134808853118712
-0.27412921545013713,0.3920874544508069,0.4134808853118712
-0.27412448568908326,0.3921915668922436,0.4134808853118712
-0.274054976173055,0.3925039042165539,0.4134808853118712
-0.2740458158003006,0.3925039042165539,0.41448692152917505
-0.27403835561393963,0.3927121290994274,0.41448692152917505
-0.2740271419708662,0.39281624154086414,0.41448692152917505
-0.2739939370667961,0.3929203539823009,0.41448692152917505
-0.27399297233735453,0.3929203539823009,0.4154929577464789
-0.2739673155385131,0.39323269130661115,0.4154929577464789
-0.27391413254133307,0.3933368037480479,0.4154929577464789
-0.2739135232601226,0.3934409161894846,0.4154929577464789
-0.27390449545272394,0.3935450286309214,0.4154929577464789
-0.2737215135693455,0.3937532535137949,0.4154929577464789
-0.27372147345105224,0.39385736595523163,0.4154929577464789
-0.2737140147562519,0.3939614783966684,0.4154929577464789
-0.27370689564983086,0.39406559083810516,0.4154929577464789
-0.27369853720347503,0.3941697032795419,0.4154929577464789
-0.2736820873654678,0.39427381572097864,0.4154929577464789
-0.2736800710118668,0.39448204060385217,0.4154929577464789
-0.27361615843118714,0.39458615304528893,0.4154929577464789
-0.2735864167220138,0.39458615304528893,0.4164989939637827
-0.2734972371708948,0.3947943779281624,0.4164989939637827
-0.2734878456969851,0.3948984903695992,0.4164989939637827
-0.2734595809049734,0.39500260281103594,0.4164989939637827
-0.27343139755836016,0.3953149401353462,0.4164989939637827
-0.27342968306256316,0.39541905257678295,0.4164989939637827
-0.2734145460708861,0.39541905257678295,0.41750503018108653
-0.2733574066093616,0.39552316501821966,0.41750503018108653
-0.273352303804073,0.3956272774596564,0.41750503018108653
-0.2732889668079054,0.3957313899010932,0.41750503018108653
-0.273288077609509,0.39583550234252995,0.41750503018108653
-0.2732642923929629,0.39593961478396666,0.41750503018108653
-0.2732496695339203,0.39604372722540343,0.41851106639839036
-0.2731879506072014,0.3961478396668402,0.41851106639839036
-0.2731766584761272,0.39625195210827696,0.41851106639839036
-0.27316995500661057,0.39625195210827696,0.41951710261569414
-0.2731574163108846,0.39635606454971367,0.41951710261569414
-0.2731082591591142,0.39646017699115044,0.41951710261569414
-0.2731059549223973,0.3965642894325872,0.41951710261569414
-0.2731053561616882,0.39729307652264445,0.41951710261569414
-0.27308776348356356,0.3973971889640812,0.41951710261569414
-0.27302520360637805,0.397917751171265,0.41951710261569414
-0.2730048089182093,0.3980218636127017,0.41951710261569414
-0.27294342157479823,0.398334200937012,0.41951710261569414
-0.27292698160019313,0.39854242581988547,0.41951710261569414
-0.27290252334597703,0.39854242581988547,0.42052313883299797
-0.2728960693623441,0.39864653826132224,0.42052313883299797
-0.27285453805790083,0.3988547631441957,0.42052313883299797
-0.2728137697339609,0.39906298802706924,0.42052313883299797
-0.2728048870823054,0.399167100468506,0.42052313883299797
-0.27280353578918887,0.39947943779281625,0.42052313883299797
-0.272792544954307,0.39947943779281625,0.4215291750503018
-0.2727670210683536,0.399583550234253,0.4215291750503018
-0.2727585867688516,0.3996876626756897,0.4215291750503018
-0.2727160460552136,0.39989588755856326,0.4215291750503018
-0.2727035433223501,0.4,0.4215291750503018
-0.27262546867646853,0.40010411244143673,0.4215291750503018
-0.27260465522120736,0.4002082248828735,0.4215291750503018
-0.27259137637966974,0.40031233732431026,0.4215291750503018
-0.2725575014557492,0.40041644976574703,0.4215291750503018
-0.27253385350142667,0.40052056220718374,0.4215291750503018
-0.2724672144801376,0.4006246746486205,0.4215291750503018
-0.27246314558228624,0.40072878709005727,0.4215291750503018
-0.27243239099012356,0.40083289953149404,0.4215291750503018
-0.27240822519295743,0.40093701197293075,0.4215291750503018
-0.27240518587548673,0.4010411244143675,0.4215291750503018
-0.27239134906762014,0.4011452368558043,0.4215291750503018
-0.27237243079187967,0.4011452368558043,0.4225352112676056
-0.2723297303615749,0.40124934929724104,0.4225352112676056
-0.27227476048410987,0.4014575741801145,0.4225352112676056
-0.27224507607196735,0.4015616866215513,0.4225352112676056
-0.27221193335614585,0.40166579906298805,0.4225352112676056
-0.27220577274346586,0.40176991150442476,0.4225352112676056
-0.2721853405283216,0.40176991150442476,0.42354124748490946
-0.2721764580222565,0.4018740239458615,0.42354124748490946
-0.2721694243853964,0.4019781363872983,0.42354124748490946
-0.2721385793468615,0.40208224882873506,0.42354124748490946
-0.272085765611582,0.40208224882873506,0.4245472837022133
-0.2719763139919729,0.40229047371160853,0.4245472837022133
-0.2718925791828975,0.4023945861530453,0.4245472837022133
-0.2718870589783075,0.40249869859448206,0.4245472837022133
-0.27185589543441563,0.4026028110359188,0.4245472837022133
-0.271789028899118,0.40291514836022907,0.4245472837022133
-0.2717701933419826,0.4030192608016658,0.4245472837022133
-0.2717388057480738,0.40312337324310255,0.4245472837022133
-0.2717238861033005,0.40312337324310255,0.4255533199195171
-0.2716967971655463,0.4032274856845393,0.4255533199195171
-0.2716699891080291,0.4034357105674128,0.4255533199195171
-0.2716437763073321,0.40353982300884955,0.4255533199195171
-0.2716336650604011,0.4036439354502863,0.4255533199195171
-0.2716185440271224,0.4037480478917231,0.4255533199195171
-0.2716117952161949,0.4038521603331598,0.4255533199195171
-0.2715225240782779,0.40395627277459656,0.4255533199195171
-0.271428357009698,0.4041644976574701,0.4255533199195171
-0.2714279893315589,0.40437272254034357,0.4255533199195171
-0.27139442991027407,0.40447683498178033,0.4255533199195171
-0.2713920280347974,0.4045809474232171,0.4255533199195171
-0.271383331469701,0.4046850598646538,0.42655935613682094
-0.2713618416388247,0.40478917230609057,0.42655935613682094
-0.2713318972595924,0.40489328474752734,0.42655935613682094
-0.27132663062257906,0.4049973971889641,0.42655935613682094
-0.27122049323916614,0.4051015096304008,0.42655935613682094
-0.27109515064294526,0.40530973451327434,0.42655935613682094
-0.27109036875929515,0.40614263404476836,0.42655935613682094
-0.2710700994920289,0.4062467464862051,0.42655935613682094
-0.27104549041502957,0.40635085892764183,0.42655935613682094
-0.27093293216069037,0.4064549713690786,0.42655935613682094
-0.27090220758457967,0.40666319625195213,0.42655935613682094
-0.2708737518463288,0.40676730869338884,0.42655935613682094
-0.27083153713129693,0.4068714211348256,0.42655935613682094
-0.27082556668530555,0.40697553357626237,0.42655935613682094
-0.2707559477247345,0.40707964601769914,0.42655935613682094
-0.27072760188353,0.40707964601769914,0.4275653923541248
-0.27072238361810547,0.4072878709005726,0.4275653923541248
-0.2707137748947914,0.4073919833420094,0.4275653923541248
-0.27041762676863546,0.40895366996356064,0.4275653923541248
-0.2704044972057044,0.4090577824049974,0.4275653923541248
-0.2703803294749371,0.4092660072878709,0.4275653923541248
-0.2703364934039959,0.4092660072878709,0.42857142857142855
-0.2703162788642205,0.40937011972930765,0.42857142857142855
-0.27031375533927166,0.4094742321707444,0.42857142857142855
-0.2702846575847643,0.40978656949505465,0.42857142857142855
-0.27027423085684127,0.4099947943779282,0.42857142857142855
-0.27027031177019434,0.4100989068193649,0.42857142857142855
-0.27026976886819903,0.41020301926080166,0.42857142857142855
-0.2702419117712209,0.4103071317022384,0.42857142857142855
-0.27023809343118566,0.41072358146798543,0.42857142857142855
-0.2701896412434031,0.41114003123373244,0.42857142857142855
-0.2701634202711351,0.4112441436751692,0.42857142857142855
-0.2701599554965583,0.4113482561166059,0.42857142857142855
-0.27014210721746085,0.4114523685580427,0.42857142857142855
-0.2701285567135321,0.4117647058823529,0.42857142857142855
-0.2700943016984782,0.41197293076522645,0.42857142857142855
-0.27005889385068127,0.4120770432066632,0.42857142857142855
-0.2700515077985777,0.4120770432066632,0.4295774647887324
-0.27004695671099244,0.41218115564809993,0.4295774647887324
-0.27003712150760495,0.4122852680895367,0.4295774647887324
-0.2699548980909755,0.41238938053097346,0.4295774647887324
-0.2699512870869407,0.4124934929724102,0.4295774647887324
-0.26983305233695926,0.41259760541384694,0.4295774647887324
-0.2697489777872182,0.41259760541384694,0.4305835010060362
-0.26972430837518324,0.4127017178552837,0.4305835010060362
-0.26972141283180956,0.41280583029672047,0.4305835010060362
-0.26965136581766747,0.41301405517959394,0.4305835010060362
-0.2696326568997229,0.4131181676210307,0.4305835010060362
-0.2696268037995883,0.4132222800624675,0.4305835010060362
-0.2694922727386627,0.41332639250390424,0.4305835010060362
-0.26947502177299765,0.41343050494534095,0.4305835010060362
-0.26947487266453524,0.4135346173867777,0.4305835010060362
-0.26946413956480453,0.4136387298282145,0.4305835010060362
-0.26945967959458306,0.41374284226965125,0.4305835010060362
-0.26943186918636614,0.41384695471108796,0.4305835010060362
-0.2694155422988135,0.4139510671525247,0.4305835010060362
-0.2694143619859743,0.4139510671525247,0.43158953722334004
-0.26939917337143165,0.4140551795939615,0.43158953722334004
-0.26939870142016775,0.41415929203539825,0.43158953722334004
-0.26934800060768377,0.41426340447683496,0.43158953722334004
-0.26932953545750765,0.4143675169182717,0.43158953722334004
-0.26931662096106274,0.4144716293597085,0.43158953722334004
-0.26927075983718585,0.4144716293597085,0.43259557344064387
-0.26919345117581717,0.41457574180114526,0.43259557344064387
-0.269178769721166,0.41467985424258197,0.43259557344064387
-0.269138711197888,0.41478396668401873,0.43259557344064387
-0.2691165863417913,0.4148880791254555,0.43259557344064387
-0.2691011497167855,0.41499219156689227,0.43259557344064387
-0.26909900926634633,0.415096304008329,0.43259557344064387
-0.2690805751742862,0.4153045288912025,0.43259557344064387
-0.26906832264779595,0.4154086413326393,0.43259557344064387
-0.26906604338092005,0.41561686621551275,0.43259557344064387
-0.2690413160753637,0.4157209786569495,0.43259557344064387
-0.26895219003308324,0.4158250910983863,0.43259557344064387
-0.26885969510489915,0.4162415408641333,0.43259557344064387
-0.2688424747368553,0.4162415408641333,0.4336016096579477
-0.26882467652012776,0.41634565330557,0.4336016096579477
-0.26879619993632886,0.41644976574700676,0.4336016096579477
-0.26878688496716396,0.4165538781884435,0.4336016096579477
-0.26877483877221353,0.4166579906298803,0.4336016096579477
-0.26875676798461334,0.416762103071317,0.4336016096579477
-0.2687314913383516,0.41686621551275377,0.4336016096579477
-0.26868399754504974,0.41697032795419053,0.4336016096579477
-0.2686202052452507,0.4170744403956273,0.4336016096579477
-0.26860564971416173,0.417178552837064,0.4336016096579477
-0.26859089853420404,0.4172826652785008,0.4336016096579477
-0.26854866296347285,0.41738677771993754,0.4336016096579477
-0.2685435677360581,0.41738677771993754,0.43561368209255535
-0.26849613959950774,0.4174908901613743,0.43561368209255535
-0.26848513170045635,0.417595002602811,0.43561368209255535
-0.26847769606366295,0.4176991150442478,0.43561368209255535
-0.2684696265651732,0.41780322748568455,0.43561368209255535
-0.2683896768367895,0.4179073399271213,0.43561368209255535
-0.26835443324542047,0.4179073399271213,0.43661971830985913
-0.26830907333719234,0.4179073399271213,0.43762575452716296
-0.26830416909439425,0.418011452368558,0.43762575452716296
-0.26828110574678377,0.418011452368558,0.4386317907444668
-0.2682597776779423,0.418011452368558,0.4396378269617706
-0.26810598601673646,0.418011452368558,0.44064386317907445
-0.2680687227059514,0.4181155648099948,0.44064386317907445
-0.26806135902377515,0.4183237896928683,0.44064386317907445
-0.2680406034759669,0.41842790213430503,0.44064386317907445
-0.26799805247737163,0.4185320145757418,0.44064386317907445
-0.2679217246096032,0.41863612701717856,0.44064386317907445
-0.2679073715561464,0.41863612701717856,0.4416498993963783
-0.2678937689477101,0.4187402394586153,0.4416498993963783
-0.26787795097606687,0.4189484643414888,0.4416498993963783
-0.2678771599997449,0.41905257678292557,0.4416498993963783
-0.26784867323551514,0.41957313899010934,0.4416498993963783
-0.2678147185757178,0.4197813638729828,0.4416498993963783
-0.2678124203701625,0.4198854763144196,0.4416498993963783
-0.26781227821842196,0.41998958875585635,0.4416498993963783
-0.26781146404399364,0.42009370119729306,0.4416498993963783
-0.26778457666792743,0.4201978136387298,0.4416498993963783
-0.26778340625930624,0.42051015096304006,0.4426559356136821
-0.26773459866939664,0.4207183758459136,0.4426559356136821
-0.26772730275407997,0.42082248828735036,0.4426559356136821
-0.2677091666509136,0.42082248828735036,0.44366197183098594
-0.267682897700147,0.42082248828735036,0.44466800804828976
-0.2676803254138482,0.42092660072878707,0.44466800804828976
-0.2676596487551511,0.42103071317022384,0.44466800804828976
-0.26765070455936274,0.4213430504945341,0.44466800804828976
-0.2676307562847592,0.42144716293597084,0.44466800804828976
-0.26748154096074406,0.4215512753774076,0.44466800804828976
-0.2674773303596497,0.4216553878188444,0.44466800804828976
-0.267472409267646,0.4217595002602811,0.44466800804828976
-0.267442959748586,0.42186361270171785,0.44466800804828976
-0.26739269217847245,0.42186361270171785,0.44567404426559354
-0.26733763561086643,0.42228006246746486,0.44567404426559354
-0.26731499027611916,0.42228006246746486,0.44668008048289737
-0.26725062111490766,0.4223841749089016,0.44668008048289737
-0.267245190064169,0.4223841749089016,0.4476861167002012
-0.267172676799657,0.4223841749089016,0.448692152917505
-0.2671508602128779,0.4224882873503384,0.448692152917505
-0.2671496181630654,0.4225923997917751,0.448692152917505
-0.267129894292441,0.42269651223321186,0.448692152917505
-0.2671119383140994,0.42269651223321186,0.44969818913480886
-0.26708917855627756,0.42269651223321186,0.4507042253521127
-0.26706257672317674,0.42280062467464863,0.4507042253521127
-0.2670605044127371,0.4229047371160854,0.4507042253521127
-0.2670597701225231,0.42311296199895887,0.4507042253521127
-0.26705109776683833,0.42321707444039564,0.4507042253521127
-0.2669940295446053,0.4233211868818324,0.4507042253521127
-0.2669822105851367,0.4233211868818324,0.4517102615694165
-0.26698199426219765,0.4234252993232691,0.4517102615694165
-0.2669756427187924,0.42404997397188965,0.4517102615694165
-0.2669442049881442,0.4241540864133264,0.4517102615694165
-0.266880074862689,0.4241540864133264,0.45271629778672035
-0.2668796696939611,0.4242581988547631,0.45271629778672035
-0.2668657261229505,0.4243623112961999,0.45271629778672035
-0.266861786884547,0.42446642373763666,0.45271629778672035
-0.2668419798653356,0.4245705361790734,0.45271629778672035
-0.266796456553659,0.42467464862051013,0.45271629778672035
-0.266752913916868,0.4247787610619469,0.45271629778672035
-0.2667266606205784,0.42509109838625714,0.45271629778672035
-0.2667176843561717,0.4251952108276939,0.45271629778672035
-0.2666713042247467,0.42540343571056743,0.45271629778672035
-0.26666121618337957,0.42550754815200414,0.45271629778672035
-0.26665040818094987,0.4256116605934409,0.45271629778672035
-0.2666184193247686,0.4257157730348777,0.45271629778672035
-0.2666154402933597,0.42581988547631444,0.45271629778672035
-0.2666092218312493,0.42592399791775115,0.45271629778672035
-0.2665543704047998,0.4261322228006247,0.45271629778672035
-0.26652888459656565,0.42623633524206145,0.45271629778672035
-0.26652209337384003,0.42634044768349816,0.45271629778672035
-0.26645468502571634,0.42634044768349816,0.4537223340040241
-0.2664482000997177,0.4264445601249349,0.4537223340040241
-0.266398880102882,0.4265486725663717,0.4537223340040241
-0.2663805692164839,0.42665278500780845,0.4537223340040241
-0.2663658584301802,0.42675689744924516,0.4537223340040241
-0.26635599947943106,0.4269651223321187,0.4537223340040241
-0.2663142806976355,0.42717334721499217,0.4537223340040241
-0.266265649804233,0.42717334721499217,0.45472837022132795
-0.26624766562122226,0.42727745965642894,0.45472837022132795
-0.2661946112558901,0.42727745965642894,0.4557344064386318
-0.26614081201962986,0.4273815720978657,0.4557344064386318
-0.2660701918772992,0.42748568453930247,0.4557344064386318
-0.26605288385182624,0.4275897969807392,0.4557344064386318
-0.2660131662001142,0.42811035918792295,0.4557344064386318
-0.26600551291634267,0.42811035918792295,0.4567404426559356
-0.26594519167497044,0.4283185840707965,0.4567404426559356
-0.26593647237147017,0.4286309213951067,0.4567404426559356
-0.2659017019240478,0.4287350338365435,0.4567404426559356
-0.26585862067318117,0.42894325871941696,0.4567404426559356
-0.2658278630619304,0.42904737116085373,0.4567404426559356
-0.26582212112730186,0.4291514836022905,0.4567404426559356
-0.26581670344721126,0.4292555960437272,0.4567404426559356
-0.2658151800243282,0.4296720458094742,0.4567404426559356
-0.26578536563533595,0.429776158250911,0.4567404426559356
-0.2657839038609061,0.42988027069234774,0.4567404426559356
-0.2657012940211607,0.4299843831337845,0.4567404426559356
-0.2656939995002634,0.4300884955752212,0.4567404426559356
-0.2656735168105361,0.430192608016658,0.4567404426559356
-0.2656203636045989,0.43029672045809475,0.4567404426559356
-0.26560082694066994,0.4304008328995315,0.4567404426559356
-0.26558972235142747,0.4304008328995315,0.45774647887323944
-0.2655779316700263,0.4305049453409682,0.45774647887323944
-0.26557173351259805,0.430609057782405,0.45774647887323944
-0.2655650424448196,0.43071317022384176,0.45774647887323944
-0.2655389053035737,0.4308172826652785,0.45774647887323944
-0.26550378599564967,0.43092139510671523,0.45774647887323944
-0.2654859509686277,0.43092139510671523,0.45875251509054327
-0.26546867687367254,0.431441957313899,0.45875251509054327
-0.2654681897120994,0.43165018219677254,0.45875251509054327
-0.26537478394931086,0.43175429463820925,0.45875251509054327
-0.2653549520165929,0.431858407079646,0.45875251509054327
-0.2653313639001699,0.43217074440395625,0.45875251509054327
-0.26522444625100006,0.4323789692868298,0.45875251509054327
-0.2651933307591589,0.43248308172826655,0.45875251509054327
-0.2651822357269119,0.43258719416970326,0.45875251509054327
-0.26518214470255613,0.43269130661114,0.45875251509054327
-0.26514864307979746,0.4327954190525768,0.45875251509054327
-0.26512538734384083,0.43289953149401356,0.4597585513078471
-0.2650903285939279,0.43300364393545027,0.4597585513078471
-0.26507182629922,0.43300364393545027,0.4607645875251509
-0.2650717255348872,0.43310775637688703,0.4607645875251509
-0.2650509417033741,0.43310775637688703,0.46177062374245476
-0.2650293519790508,0.43331598125976056,0.46177062374245476
-0.26502062336861226,0.4334200937011973,0.46177062374245476
-0.2650038488874134,0.43373243102550757,0.46177062374245476
-0.2649896579038328,0.4338365434669443,0.46177062374245476
-0.2649756964994973,0.43394065590838105,0.46177062374245476
-0.264975008298229,0.43394065590838105,0.46277665995975853
-0.26495764738943417,0.4340447683498178,0.46277665995975853
-0.26491674113598124,0.4341488807912546,0.46277665995975853
-0.2649039209385529,0.4342529932326913,0.46277665995975853
-0.2648917946040369,0.4348776678813118,0.46277665995975853
-0.26487158090978635,0.4349817803227486,0.46277665995975853
-0.26484170521345185,0.4349817803227486,0.46378269617706236
-0.26483718322793204,0.43519000520562207,0.46378269617706236
-0.26481145086832353,0.4353982300884956,0.46378269617706236
-0.26477390894997155,0.4353982300884956,0.4647887323943662
-0.26475568294987023,0.4355023425299323,0.4647887323943662
-0.26474223234262995,0.43571056741280584,0.4647887323943662
-0.2647131474514097,0.4360229047371161,0.4647887323943662
-0.26461925485153553,0.43612701717855284,0.4647887323943662
-0.26455464494862907,0.4362311296199896,0.4647887323943662
-0.26453913608635776,0.4363352420614263,0.4647887323943662
-0.26444093636882454,0.43654346694429985,0.4647887323943662
-0.26441562598419494,0.43654346694429985,0.46680080482897385
-0.2641299037484256,0.4367516918271733,0.46680080482897385
-0.26411558918644584,0.4368558042686101,0.46680080482897385
-0.2641090733933112,0.4372722540343571,0.46680080482897385
-0.2640910665070972,0.4372722540343571,0.4678068410462777
-0.2640865572820423,0.43737636647579387,0.4678068410462777
-0.26405630179846445,0.43748047891723063,0.4678068410462777
-0.26404874343466855,0.43758459135866734,0.4678068410462777
-0.2640420664277806,0.4376887038001041,0.4678068410462777
-0.26403450558490443,0.43779281624154087,0.4678068410462777
-0.2640036218327936,0.43789692868297764,0.4678068410462777
-0.26399770664216254,0.4381051535658511,0.4678068410462777
-0.2639897341237433,0.4382092660072879,0.4678068410462777
-0.26398629553190994,0.43831337844872464,0.4678068410462777
-0.26395458084262596,0.43872982821447165,0.4678068410462777
-0.2639519092840813,0.43883394065590836,0.4678068410462777
-0.26391236936608736,0.4389380530973451,0.4678068410462777
-0.2638962468169698,0.4390421655387819,0.4678068410462777
-0.2638942792696568,0.43914627798021866,0.4678068410462777
-0.2638871565164769,0.4394586153045289,0.4678068410462777
-0.26387118321536407,0.4400832899531494,0.4678068410462777
-0.2638494341806937,0.44018740239458615,0.4678068410462777
-0.26379978260219006,0.4402915148360229,0.4678068410462777
-0.2637335437091693,0.4407079646017699,0.4678068410462777
-0.2637081157234042,0.4408120770432067,0.4678068410462777
-0.2637031572268552,0.4409161894846434,0.4678068410462777
-0.26368587574970137,0.44102030192608016,0.4678068410462777
-0.26365014205790704,0.44102030192608016,0.4688128772635815
-0.2636492530655832,0.4412285268089537,0.4688128772635815
-0.2636308095302275,0.4412285268089537,0.46981891348088534
-0.2636300025179875,0.4416449765747007,0.46981891348088534
-0.2636284222834872,0.4417490890161374,0.46981891348088534
-0.26362432051417206,0.4418532014575742,0.46981891348088534
-0.2636029297904077,0.44195731389901094,0.46981891348088534
-0.2635507345337288,0.4420614263404477,0.46981891348088534
-0.2634972627644346,0.4425819885476314,0.46981891348088534
-0.26348632445203835,0.4426861009890682,0.46981891348088534
-0.26344364246231067,0.44279021343050495,0.46981891348088534
-0.26341242998251185,0.4428943258719417,0.46981891348088534
-0.26337803985716707,0.44299843831337843,0.46981891348088534
-0.26334570971314525,0.4431025507548152,0.46981891348088534
-0.26329381101084204,0.4433107756376887,0.46981891348088534
-0.26324691664109445,0.44341488807912544,0.46981891348088534
-0.26324566678914346,0.4435190005205622,0.46981891348088534
-0.26323494840569023,0.44362311296199897,0.46981891348088534
-0.263229261768024,0.44372722540343573,0.46981891348088534
-0.26321060320143436,0.44383133784487244,0.46981891348088534
-0.2632097559349522,0.4439354502863092,0.46981891348088534
-0.2631980981769293,0.444039562727746,0.46981891348088534
-0.2631803330750714,0.44414367516918274,0.46981891348088534
-0.2631759388921447,0.44424778761061945,0.46981891348088534
-0.2631700911026413,0.4443519000520562,0.46981891348088534
-0.2631503739217337,0.444456012493493,0.46981891348088534
-0.26313129538792396,0.444456012493493,0.4708249496981891
-0.26312155709526586,0.44456012493492975,0.4708249496981891
-0.2630263072193301,0.44466423737636646,0.4708249496981891
-0.2630049736616321,0.44487246225924,0.4708249496981891
-0.26299096157127183,0.44487246225924,0.47183098591549294
-0.2629876338769911,0.44497657470067675,0.47183098591549294
-0.2629352565934813,0.44508068714211346,0.47183098591549294
-0.26292260138706924,0.44518479958355023,0.47183098591549294
-0.26290699770411996,0.445288912024987,0.47183098591549294
-0.2629033689289251,0.44539302446642376,0.47183098591549294
-0.26288376666727936,0.44549713690786047,0.47183098591549294
-0.2628495438764749,0.44560124934929723,0.47183098591549294
-0.2628004374695151,0.445705361790734,0.47183098591549294
-0.2627936121270719,0.44580947423217077,0.47183098591549294
-0.26279268070146433,0.4459135866736075,0.47183098591549294
-0.2627847896576222,0.44601769911504424,0.47183098591549294
-0.2627702443887273,0.446121811556481,0.47183098591549294
-0.26276501710215155,0.4462259239979178,0.47183098591549294
-0.26271868428446893,0.4467464862051015,0.47183098591549294
-0.26271227837374195,0.4470588235294118,0.47183098591549294
-0.2626905068312899,0.4471629359708485,0.47283702213279677
-0.2626450022993776,0.44726704841228526,0.47283702213279677
-0.2625874317902475,0.4474752732951588,0.47283702213279677
-0.2625572028623581,0.4474752732951588,0.4738430583501006
-0.26254987439989896,0.4475793857365955,0.4738430583501006
-0.26254878147236965,0.4479958355023425,0.4738430583501006
-0.262516312608462,0.4480999479437793,0.4738430583501006
-0.26251508589861977,0.44820406038521604,0.4738430583501006
-0.2624921463691566,0.4483081728266528,0.4738430583501006
-0.2624876314301607,0.4484122852680895,0.4738430583501006
-0.2624723214850665,0.4485163977095263,0.4738430583501006
-0.2624680386968297,0.44862051015096305,0.4738430583501006
-0.26245767674015985,0.4487246225923998,0.4738430583501006
-0.26245752968080666,0.4488287350338365,0.4738430583501006
-0.2624554271093995,0.4488287350338365,0.47484909456740443
-0.2624525489829709,0.4489328474752733,0.47484909456740443
-0.2624013612415058,0.44903695991671005,0.47484909456740443
-0.2623966529710106,0.4491410723581468,0.47484909456740443
-0.2623484795279787,0.44924518479958353,0.47484909456740443
-0.26232709689304023,0.4493492972410203,0.47585513078470826
-0.26231065068134163,0.4495575221238938,0.47585513078470826
-0.26231050379820225,0.44966163456533054,0.47585513078470826
-0.2623044912906043,0.4497657470067673,0.47585513078470826
-0.2622693566530441,0.44986985944820407,0.47585513078470826
-0.2621832169660409,0.44997397188964083,0.47585513078470826
-0.2621756298660502,0.45007808433107754,0.47585513078470826
-0.26216044975963176,0.45049453409682455,0.4768611670020121
-0.2621566505586654,0.4505986465382613,0.4768611670020121
-0.26209260507834736,0.4505986465382613,0.4778672032193159
-0.2620883728046986,0.4507027589796981,0.4778672032193159
-0.2620755325725566,0.45080687142113485,0.4778672032193159
-0.2620585963594359,0.45080687142113485,0.4788732394366197
-0.2620249149182971,0.45080687142113485,0.4798792756539235
-0.2620023738521668,0.45091098386257156,0.4798792756539235
-0.2619619466080147,0.4511192087454451,0.4798792756539235
-0.26183428937526515,0.4511192087454451,0.48088531187122735
-0.26177783778853153,0.45122332118688185,0.48088531187122735
-0.2617673566474589,0.4515356585111921,0.48088531187122735
-0.2617594703227233,0.45184799583550234,0.48088531187122735
-0.2617258006778677,0.4519521082769391,0.48088531187122735
-0.2617172977518124,0.45205622071837587,0.48088531187122735
-0.2616985682585859,0.4521603331598126,0.48088531187122735
-0.2616819718202554,0.4523685580426861,0.48088531187122735
-0.2616080050281987,0.4524726704841229,0.48088531187122735
-0.2615666358921473,0.4525767829255596,0.48088531187122735
-0.2615426350986295,0.45268089536699635,0.48088531187122735
-0.26153136001701605,0.4527850078084331,0.48088531187122735
-0.26147804161324933,0.4528891202498699,0.48088531187122735
-0.2614048328676485,0.4529932326913066,0.48088531187122735
-0.26134322176478975,0.4529932326913066,0.4818913480885312
-0.2613337038845997,0.45309734513274336,0.4818913480885312
-0.2613310633346963,0.4532014575741801,0.4818913480885312
-0.2612808924602853,0.4533055700156169,0.4818913480885312
-0.26127554924188284,0.4534096824570536,0.4818913480885312
-0.2612698097053884,0.45351379489849036,0.4818913480885312
-0.26126917521199333,0.45361790733992713,0.4818913480885312
-0.2612076192350709,0.4537220197813639,0.4818913480885312
-0.26120313518114113,0.4538261322228006,0.4818913480885312
-0.26119754736346606,0.45393024466423737,0.4818913480885312
-0.2611912027009906,0.45403435710567414,0.4818913480885312
-0.26117796271942656,0.45403435710567414,0.482897384305835
-0.2611341932453582,0.4541384695471109,0.482897384305835
-0.2610366667523243,0.4542425819885476,0.482897384305835
-0.2610294820411835,0.4543466944299844,0.482897384305835
-0.2609520227595041,0.4543466944299844,0.48390342052313884
-0.26087543410973923,0.4545549193128579,0.48390342052313884
-0.2607872335586611,0.4546590317542946,0.48390342052313884
-0.26074992361111476,0.4547631441957314,0.48390342052313884
-0.26071560415536604,0.4547631441957314,0.48490945674044267
-0.2606803773571771,0.45486725663716815,0.48490945674044267
-0.2606244720340362,0.4549713690786049,0.48490945674044267
-0.2606233091557125,0.4549713690786049,0.4869215291750503
-0.26060496968317826,0.4551795939614784,0.4869215291750503
-0.26056704207568165,0.4553878188443519,0.4869215291750503
-0.2604825745064537,0.4555960437272254,0.4869215291750503
-0.2604747073646972,0.45570015616866216,0.4869215291750503
-0.2604706874871132,0.45580426861009893,0.4869215291750503
-0.2604313182966637,0.45611660593440917,0.4869215291750503
-0.2603987288706036,0.45622071837584594,0.4869215291750503
-0.26038303177335875,0.45632483081728265,0.4869215291750503
-0.26037667961417504,0.45663716814159294,0.4869215291750503
-0.2603516534845903,0.45674128058302965,0.4869215291750503
-0.26028640511895595,0.4568453930244664,0.4869215291750503
-0.2602857957947189,0.4568453930244664,0.4879275653923541
-0.2602521437608524,0.4569495054659032,0.4879275653923541
-0.26024788945114513,0.4569495054659032,0.48893360160965793
-0.2602413128273081,0.45705361790733995,0.48893360160965793
-0.26021197213527236,0.4572618427902134,0.48893360160965793
-0.2601971968761386,0.4573659552316502,0.48893360160965793
-0.2601351808000335,0.45747006767308696,0.48893360160965793
-0.2601296592787313,0.45767829255596043,0.48893360160965793
-0.26009932130619773,0.45788651743883396,0.48893360160965793
-0.26009355867380146,0.45799062988027067,0.48893360160965793
-0.26009252414889783,0.45809474232170744,0.48893360160965793
-0.26007946324414966,0.4581988547631442,0.48893360160965793
-0.260035330520053,0.4581988547631442,0.48993963782696176
-0.26000779216009373,0.45830296720458097,0.48993963782696176
-0.2599789778140177,0.4584070796460177,0.48993963782696176
-0.2599765205525127,0.45851119208745444,0.48993963782696176
-0.2599625492143271,0.458719416970328,0.48993963782696176
-0.2599224286310039,0.4588235294117647,0.48993963782696176
-0.25991967455142573,0.45892764185320145,0.48993963782696176
-0.25987432570519736,0.4590317542946382,0.48993963782696176
-0.25986768111312375,0.459135866736075,0.48993963782696176
-0.2598426188025947,0.4592399791775117,0.48993963782696176
-0.25983900671774723,0.45934409161894846,0.48993963782696176
-0.25974382115447686,0.4594482040603852,0.48993963782696176
-0.25974290266130273,0.459552316501822,0.48993963782696176
-0.25968955889136414,0.45976054138469546,0.48993963782696176
-0.25967659129352544,0.45986465382613223,0.48993963782696176
-0.2596366789264987,0.460385216033316,0.4909456740442656
-0.2595788283781767,0.4605934409161895,0.4909456740442656
-0.2595073210871443,0.46069755335762624,0.4909456740442656
-0.25947604841133665,0.4609057782404997,0.4909456740442656
-0.2594692576279899,0.4610098906819365,0.4909456740442656
-0.25945556296144384,0.46111400312337325,0.4909456740442656
-0.2594308669381697,0.4613222280062467,0.4909456740442656
-0.25941773484087316,0.4614263404476835,0.4909456740442656
-0.2593987266351184,0.46153045288912026,0.4909456740442656
-0.2593529388152874,0.461634565330557,0.4909456740442656
-0.2593417756167459,0.46194690265486726,0.4909456740442656
-0.2593417354834234,0.46215512753774074,0.4909456740442656
-0.2592982815814977,0.46215512753774074,0.4919517102615694
-0.25929557187294405,0.4622592399791775,0.4919517102615694
-0.2592891519359817,0.4622592399791775,0.49295774647887325
-0.25925572690283283,0.46236335242061427,0.49295774647887325
-0.2592477350218432,0.46257157730348775,0.49295774647887325
-0.2592243187675361,0.4626756897449245,0.49295774647887325
-0.2592163075827475,0.4627798021863613,0.49295774647887325
-0.2592134610300226,0.46298802706923475,0.49295774647887325
-0.2591858915474487,0.46298802706923475,0.4939637826961771
-0.25918367498955536,0.4631962519521083,0.4939637826961771
-0.25917979754301557,0.46340447683498176,0.4939637826961771
-0.2591788491736707,0.4635085892764185,0.4939637826961771
-0.25914625730227414,0.4636127017178553,0.4939637826961771
-0.25912837818450074,0.46371681415929206,0.4939637826961771
-0.25908183747611724,0.46382092660072877,0.4939637826961771
-0.2590792827390387,0.46392503904216553,0.4939637826961771
-0.2590695099399811,0.4642373763664758,0.4939637826961771
-0.2590557148951907,0.46434148880791254,0.4939637826961771
-0.2590269755396238,0.4644456012493493,0.4939637826961771
-0.2589515939566193,0.46475793857365955,0.4939637826961771
-0.2589503834039544,0.4649661634565331,0.4939637826961771
-0.25891940058367424,0.4650702758979698,0.4939637826961771
-0.25887227277940567,0.46517438833940655,0.4939637826961771
-0.25881570497094675,0.4652785007808433,0.4939637826961771
-0.2588110042582379,0.4653826132222801,0.4939637826961771
-0.2587732453539031,0.4654867256637168,0.4939637826961771
-0.25875365634535363,0.46559083810515356,0.4939637826961771
-0.2586902925855913,0.4656949505465903,0.4939637826961771
-0.25868733364946567,0.4672566371681416,0.4939637826961771
-0.2586762331506204,0.46736074960957835,0.4939637826961771
-0.2586708679881104,0.46736074960957835,0.4949698189134809
-0.2586551627533324,0.4674648620510151,0.4949698189134809
-0.2586319858619688,0.4675689744924518,0.4949698189134809
-0.2586204356601239,0.46777719937532536,0.4949698189134809
-0.25850953566552437,0.46777719937532536,0.4959758551307847
-0.2585087056189091,0.4678813118167621,0.4959758551307847
-0.25846844731847746,0.4680895366996356,0.4959758551307847
-0.258415611586452,0.46819364914107237,0.4959758551307847
-0.2584109426198729,0.46829776158250913,0.4959758551307847
-0.2583882006094855,0.46840187402394584,0.4959758551307847
-0.25835886686696763,0.4686100989068194,0.4959758551307847
-0.25833201755395224,0.46871421134825614,0.4959758551307847
-0.25832096962569123,0.46871421134825614,0.4969818913480885
-0.2583169025859052,0.4689224362311296,0.4969818913480885
-0.2582602879052757,0.4690265486725664,0.4969818913480885
-0.2582482516459233,0.46913066111400314,0.4969818913480885
-0.25822516346229957,0.46923477355543985,0.4969818913480885
-0.2582193661986401,0.4693388859968766,0.4969818913480885
-0.2581966458802209,0.4694429984383134,0.4969818913480885
-0.2581467879222004,0.46954711087975015,0.4969818913480885
-0.2581081723709645,0.47079646017699117,0.4969818913480885
-0.2581023655146099,0.4709005726184279,0.4969818913480885
-0.2581007336974954,0.4709005726184279,0.49798792756539234
-0.25800281629937033,0.4711087975013014,0.49798792756539234
-0.25800207713621864,0.4711087975013014,0.49899396378269617
-0.25796740209306346,0.4711087975013014,0.5
-0.2579668347120891,0.47142113482561165,0.5
-0.25791780745351406,0.4715252472670484,0.5
-0.2579162470750064,0.4716293597084852,0.5
-0.25790013233094017,0.4717334721499219,0.5
-0.2578977144320647,0.47183758459135866,0.5
-0.2578943777152565,0.4719416970327954,0.5
-0.25783028411789705,0.4720458094742322,0.5
-0.25780313202609767,0.4721499219156689,0.5
-0.2578002463110985,0.4721499219156689,0.5010060362173038
-0.25777009740669593,0.47225403435710567,0.5010060362173038
-0.2577435957518851,0.47235814679854243,0.5010060362173038
-0.2577359445064592,0.4724622592399792,0.5010060362173038
-0.25773577307172335,0.4725663716814159,0.5010060362173038
-0.25771377912051974,0.4726704841228527,0.5010060362173038
-0.2576910905867583,0.47277459656428944,0.5010060362173038
-0.25768673353612226,0.4728787090057262,0.5010060362173038
-0.257672575623225,0.4729828214471629,0.5010060362173038
-0.2576626185157754,0.4730869338885997,0.5010060362173038
-0.25765974126065005,0.47319104633003645,0.5010060362173038
-0.2575941882967756,0.4732951587714732,0.5010060362173038
-0.2575872578176598,0.47360749609578345,0.5010060362173038
-0.25749989693593955,0.4739198334200937,0.5010060362173038
-0.2574955926205391,0.4741280583029672,0.5010060362173038
-0.25748072494531205,0.4743362831858407,0.5010060362173038
-0.25746062131313086,0.4743362831858407,0.5020120724346077
-0.2574471376727897,0.4747527329515877,0.5020120724346077
-0.2574082013466601,0.4748568453930245,0.5020120724346077
-0.25740309977256726,0.47496095783446124,0.5020120724346077
-0.2573997609924732,0.47506507027589795,0.5020120724346077
-0.2573662225728742,0.4751691827173347,0.5020120724346077
-0.2573560093925115,0.4752732951587715,0.5020120724346077
-0.25733717018280894,0.4752732951587715,0.5030181086519114
-0.25733404936960763,0.47548152004164496,0.5030181086519114
-0.2573338250951857,0.4755856324830817,0.5030181086519114
-0.25723973606809175,0.4756897449245185,0.5030181086519114
-0.25723719756172087,0.4756897449245185,0.5040241448692153
-0.2572270830633461,0.47579385736595525,0.5040241448692153
-0.2571905557923555,0.47589796980739196,0.5040241448692153
-0.25718921641800047,0.47589796980739196,0.5050301810865191
-0.2571822151557401,0.47600208224882873,0.5050301810865191
-0.25711155657552326,0.4761061946902655,0.5050301810865191
-0.25711097834060276,0.4765226444560125,0.5050301810865191
-0.25710141366586337,0.47662675689744927,0.506036217303823
-0.2571008964327043,0.47662675689744927,0.5070422535211268
-0.2570829243107009,0.476730869338886,0.5070422535211268
-0.2570734445488106,0.47683498178032274,0.5070422535211268
-0.25706420083545906,0.4769390942217595,0.5070422535211268
-0.2569596471656554,0.4770432066631963,0.5070422535211268
-0.2569578592776277,0.4773555439875065,0.5070422535211268
-0.2568906541383479,0.47756376887038,0.5070422535211268
-0.2568879671457155,0.47766788131181676,0.5070422535211268
-0.25687480456975315,0.4777719937532535,0.5070422535211268
-0.25687352929277973,0.4778761061946903,0.5070422535211268
-0.2568662056794187,0.477980218636127,0.5070422535211268
-0.25684648879505495,0.47808433107756376,0.5070422535211268
-0.2567854736318542,0.4782925559604373,0.5070422535211268
-0.2567800956675091,0.478396668401874,0.5070422535211268
-0.25676845335048176,0.47850078084331077,0.5070422535211268
-0.25671211519163095,0.47860489328474753,0.5070422535211268
-0.2567024562148289,0.478813118167621,0.5070422535211268
-0.2566972244462518,0.4791254554919313,0.5070422535211268
-0.25669120866167233,0.479229567933368,0.5070422535211268
-0.2566856528647294,0.479229567933368,0.5080482897384306
-0.2566647454544212,0.4793336803748048,0.5080482897384306
-0.25663944316635073,0.47943779281624155,0.5080482897384306
-0.2566368679159536,0.4795419052576783,0.5080482897384306
-0.25657922628251617,0.479646017699115,0.5080482897384306
-0.2565618654124289,0.4797501301405518,0.5080482897384306
-0.2565411497478766,0.47985424258198855,0.5080482897384306
-0.25646176390985365,0.4799583550234253,0.5080482897384306
-0.2564487551804563,0.48006246746486203,0.5080482897384306
-0.2564007267800597,0.4801665799062988,0.5080482897384306
-0.25640030595987917,0.48027069234773556,0.5080482897384306
-0.25636075480349024,0.48027069234773556,0.5090543259557344
-0.2563470218209962,0.4803748047891723,0.5090543259557344
-0.25633203415442,0.48047891723060904,0.5090543259557344
-0.2563271340892411,0.4805830296720458,0.5090543259557344
-0.25629065906937604,0.48068714211348257,0.5090543259557344
-0.25628360017893126,0.48079125455491933,0.5090543259557344
-0.2562585489996032,0.48089536699635604,0.5090543259557344
-0.2562532292109972,0.4809994794377928,0.5090543259557344
-0.2562385458622053,0.4811035918792296,0.5090543259557344
-0.25615873252440435,0.48120770432066634,0.5090543259557344
-0.2561338926303915,0.48131181676210305,0.5090543259557344
-0.2561279603434968,0.48131181676210305,0.5100603621730382
-0.256097240566828,0.4814159292035398,0.5100603621730382
-0.2560890742882994,0.4815200416449766,0.5100603621730382
-0.2560862110616259,0.48172826652785006,0.5100603621730382
-0.2560691249079208,0.4818323789692868,0.5100603621730382
-0.25605507657015875,0.4819364914107236,0.5100603621730382
-0.2560480580037244,0.48214471629359706,0.5100603621730382
-0.2560414369490519,0.48245705361790736,0.5100603621730382
-0.25603887037597006,0.48256116605934407,0.5100603621730382
-0.25602435639632387,0.48266527850078084,0.5100603621730382
-0.25602341563366937,0.4827693909422176,0.5100603621730382
-0.2559867511874993,0.48287350338365437,0.5100603621730382
-0.25597746829276213,0.4829776158250911,0.5100603621730382
-0.25597686881441334,0.4829776158250911,0.5110663983903421
-0.2559409263563198,0.4831858407079646,0.5110663983903421
-0.2559370671501029,0.4832899531494014,0.5110663983903421
-0.25593701388790047,0.4833940655908381,0.5110663983903421
-0.2559301110541153,0.48349817803227485,0.5110663983903421
-0.2559218207721152,0.48349817803227485,0.5130784708249497
-0.25591081715490527,0.4836022904737116,0.5130784708249497
-0.2559099981513623,0.4837064029151484,0.5130784708249497
-0.2558622297196295,0.4838105153565851,0.5130784708249497
-0.2558378759317497,0.48391462779802186,0.5130784708249497
-0.25582945155370174,0.4841228526808954,0.5130784708249497
-0.2557817506722399,0.4842269651223321,0.5130784708249497
-0.25574879714504306,0.48433107756376886,0.5130784708249497
-0.2557396332956034,0.48443519000520563,0.5130784708249497
-0.255707424851416,0.4846434148880791,0.5140845070422535
-0.2556847607324879,0.48474752732951587,0.5140845070422535
-0.2556589044189378,0.48485163977095264,0.5140845070422535
-0.2556418621649729,0.4849557522123894,0.5140845070422535
-0.255607078114896,0.4850598646538261,0.5140845070422535
-0.2555573376750764,0.4851639770952629,0.5140845070422535
-0.25553948941281823,0.48526808953669964,0.5140845070422535
-0.25552821868323017,0.4855804268610099,0.5140845070422535
-0.25549596312650624,0.48568453930244665,0.5140845070422535
-0.25549201026084695,0.4859968766267569,0.5140845070422535
-0.25549187250014166,0.4859968766267569,0.5150905432595574
-0.2554244097518826,0.48610098906819366,0.5150905432595574
-0.2553659325880892,0.4862051015096304,0.5150905432595574
-0.2553495114989425,0.48630921395106713,0.5150905432595574
-0.25530997892696894,0.4864133263925039,0.5150905432595574
-0.25530618481472733,0.48651743883394066,0.5150905432595574
-0.255305931035763,0.48662155127537743,0.5150905432595574
-0.2553002175527793,0.4868297761582509,0.5150905432595574
-0.25528002318928616,0.48693388859968767,0.5150905432595574
-0.255274788026021,0.48714211348256115,0.5150905432595574
-0.2552664921592725,0.48714211348256115,0.5160965794768612
-0.2552484155802587,0.4872462259239979,0.5160965794768612
-0.25521763430539074,0.4873503383654347,0.5160965794768612
-0.2552017514477743,0.48745445080687144,0.5160965794768612
-0.255192503640141,0.48755856324830815,0.5160965794768612
-0.2551796465342725,0.4877667881311817,0.5160965794768612
-0.2551146826212112,0.48787090057261845,0.5160965794768612
-0.255108093622714,0.48787090057261845,0.5171026156941649
-0.2551025319164793,0.48787090057261845,0.5181086519114688
-0.255080713915576,0.48797501301405516,0.5181086519114688
-0.25507179998494955,0.4880791254554919,0.5181086519114688
-0.25505974995099906,0.4881832378969287,0.5181086519114688
-0.2550498665954722,0.48828735033836546,0.5181086519114688
-0.25503888991045603,0.48870380010411246,0.5181086519114688
-0.2549698799271196,0.4888079125455492,0.5181086519114688
-0.25494052290945834,0.48891202498698594,0.5181086519114688
-0.25493270661170253,0.4890161374284227,0.5181086519114688
-0.2549052667287316,0.48912024986985947,0.5181086519114688
-0.25489989864589263,0.4892243623112962,0.5181086519114688
-0.2548884885768015,0.48932847475273294,0.5181086519114688
-0.2548301600773627,0.4894325871941697,0.5181086519114688
-0.2548286127831747,0.4898490369599167,0.5191146881287726
-0.2548095779205615,0.4899531494013535,0.5191146881287726
-0.25478926161346965,0.4900572618427902,0.5191146881287726
-0.2547380434323496,0.49016137428422696,0.5191146881287726
-0.2547266392700221,0.49016137428422696,0.5201207243460765
-0.25472044950660205,0.4902654867256637,0.5201207243460765
-0.25465208223689867,0.4904737116085372,0.5201207243460765
-0.2546263092714521,0.49057782404997397,0.5201207243460765
-0.2546125561023697,0.4907860489328475,0.5201207243460765
-0.2546044587582222,0.4908901613742842,0.5201207243460765
-0.2545893145101449,0.49099427381572097,0.5201207243460765
-0.2545688899859155,0.4913066111400312,0.5201207243460765
-0.2545453307825135,0.491410723581468,0.5201207243460765
-0.25453460425490587,0.4916189484643415,0.5201207243460765
-0.2545115154042681,0.4917230609057782,0.5201207243460765
-0.25445596481371263,0.491827173347215,0.5201207243460765
-0.2544491123554125,0.49193128578865175,0.5201207243460765
-0.2543852342407215,0.4920353982300885,0.5201207243460765
-0.2542840754949253,0.4920353982300885,0.5211267605633803
-0.25427507506538993,0.4920353982300885,0.5221327967806841
-0.2542493593895137,0.4921395106715252,0.5221327967806841
-0.25422290139534504,0.492243623112962,0.5221327967806841
-0.2542218768231518,0.4924518479958355,0.5221327967806841
-0.25422096667837163,0.49255596043727223,0.5221327967806841
-0.2542128731026251,0.492660072878709,0.5221327967806841
-0.2542016138011884,0.492660072878709,0.5231388329979879
-0.25418943991284454,0.49276418532014576,0.5231388329979879
-0.2541880325840442,0.49276418532014576,0.5241448692152918
-0.25417694215813647,0.49297241020301924,0.5241448692152918
-0.25416208398818535,0.493076522644456,0.5241448692152918
-0.25414889748449365,0.49318063508589277,0.5241448692152918
-0.2541379679730649,0.49328474752732954,0.5241448692152918
-0.25413562325085,0.49338885996876625,0.5241448692152918
-0.2541338830233814,0.493492972410203,0.5241448692152918
-0.2541333925745707,0.4935970848516398,0.5241448692152918
-0.2541198613703158,0.49370119729307654,0.5241448692152918
-0.25411386493405547,0.49370119729307654,0.5251509054325956
-0.2540688762913904,0.49380530973451325,0.5251509054325956
-0.2540609370762792,0.49411764705882355,0.5251509054325956
-0.2540461732304053,0.49411764705882355,0.5261569416498993
-0.25402917556799126,0.49411764705882355,0.5271629778672032
-0.2540169559772774,0.49463820926600727,0.5271629778672032
-0.25398920105349104,0.49474232170744403,0.5271629778672032
-0.2539683968430515,0.4948464341488808,0.5271629778672032
-0.2539499789539857,0.49495054659031756,0.5271629778672032
-0.2539461036339966,0.49495054659031756,0.528169014084507
-0.2539158281176743,0.4950546590317543,0.5291750503018109
-0.2538978124179577,0.49515877147319104,0.5291750503018109
-0.25385476784065597,0.4952628839146278,0.5291750503018109
-0.2538513955089818,0.49536699635606457,0.5291750503018109
-0.2538440222303595,0.4954711087975013,0.5291750503018109
-0.253837634444823,0.4954711087975013,0.5301810865191147
-0.25382964305688155,0.49557522123893805,0.5301810865191147
-0.25381225278172365,0.4956793336803748,0.5301810865191147
-0.2538067304743338,0.4957834461218116,0.5301810865191147
-0.253751973550974,0.4958875585632483,0.5301810865191147
-0.2537012993120582,0.4958875585632483,0.5311871227364185
-0.25369539389333434,0.49599167100468505,0.5311871227364185
-0.25365572108842444,0.4960957834461218,0.5311871227364185
-0.2536150055416222,0.4961998958875586,0.5311871227364185
-0.253596572095791,0.4963040083289953,0.5311871227364185
-0.25358531892357533,0.49640812077043206,0.5311871227364185
-0.2535597269433151,0.4966163456533056,0.5311871227364185
-0.2535396546901761,0.4967204580947423,0.5311871227364185
-0.2535296627240002,0.49682457053617907,0.5311871227364185
-0.2535224981979053,0.49692868297761583,0.5311871227364185
-0.2535177373424548,0.4971369078604893,0.5311871227364185
-0.25351423877320084,0.4971369078604893,0.5321931589537223
-0.2535029315934327,0.4972410203019261,0.5321931589537223
-0.25348991621946343,0.49734513274336284,0.5321931589537223
-0.25343703339367585,0.4974492451847996,0.5321931589537223
-0.25341239554493816,0.49776158250910985,0.5321931589537223
-0.2534004788935917,0.4978656949505466,0.5321931589537223
-0.2534001832204651,0.4978656949505466,0.53420523138833
-0.25334227539459275,0.4979698073919833,0.53420523138833
-0.2533344337955991,0.4980739198334201,0.53420523138833
-0.2533294496365399,0.49817803227485685,0.53420523138833
-0.25328183404836213,0.4982821447162936,0.53420523138833
-0.2532452672223745,0.49838625715773033,0.53420523138833
-0.2532091578333866,0.4984903695991671,0.53420523138833
-0.2531325237484525,0.49859448204060386,0.53420523138833
-0.2530984495736189,0.4986985944820406,0.53420523138833
-0.25309472984581366,0.4989068193649141,0.53420523138833
-0.25307951429106157,0.49901093180635087,0.53420523138833
-0.2530494772701453,0.49911504424778763,0.53420523138833
-0.25304682638788784,0.4993232691306611,0.53420523138833
-0.25297226025336544,0.49963560645497135,0.53420523138833
-0.2529703037256797,0.5007808433107757,0.53420523138833
-0.2529242077999771,0.5009890681936492,0.53420523138833
-0.2529000415779887,0.5010931806350859,0.53420523138833
-0.2528903331129698,0.5011972930765226,0.53420523138833
-0.25288934173928856,0.5013014055179594,0.53420523138833
-0.2528588285562637,0.5015096304008329,0.53420523138833
-0.25285576113762687,0.5016137428422697,0.53420523138833
-0.2528467766369974,0.5017178552837064,0.53420523138833
-0.25283683559907316,0.5020301926080166,0.53420523138833
-0.252815309939209,0.5023425299323269,0.53420523138833
-0.2527983222327325,0.5023425299323269,0.5352112676056338
-0.2527943996805677,0.5024466423737637,0.5352112676056338
-0.2527613774450728,0.5025507548152004,0.5352112676056338
-0.25270787768502534,0.5025507548152004,0.5362173038229376
-0.2526953058343201,0.5026548672566372,0.5362173038229376
-0.2526937238827979,0.5027589796980739,0.5362173038229376
-0.25267939881521073,0.5028630921395106,0.5362173038229376
-0.25267542946386556,0.5032795419052577,0.5362173038229376
-0.2526639357296756,0.5034877667881312,0.5362173038229376
-0.2526615025539434,0.5035918792295679,0.5362173038229376
-0.2526555769965958,0.5036959916710047,0.5362173038229376
-0.2526540351408785,0.5038001041124415,0.5362173038229376
-0.2526512396733583,0.5039042165538782,0.5362173038229376
-0.2526391435077858,0.5040083289953149,0.5362173038229376
-0.252617181474503,0.5041124414367517,0.5362173038229376
-0.25261094991755684,0.5042165538781884,0.5362173038229376
-0.25258817620878515,0.5043206663196252,0.5362173038229376
-0.2525866329736098,0.5049453409682457,0.5362173038229376
-0.2525722452425785,0.5050494534096824,0.5362173038229376
-0.2525701254641561,0.505257678292556,0.5362173038229376
-0.2525658660471742,0.5055700156168662,0.5362173038229376
-0.2525632980732795,0.5056741280583029,0.5362173038229376
-0.25255856570818314,0.5057782404997397,0.5362173038229376
-0.25254560385486446,0.5058823529411764,0.5362173038229376
-0.2525367594099048,0.50609057782405,0.5362173038229376
-0.25253477278826875,0.50609057782405,0.5372233400402414
-0.25252452363981076,0.50609057782405,0.5382293762575453
-0.25251395876213745,0.5062988027069235,0.5382293762575453
-0.2525098447878984,0.5064029151483602,0.5382293762575453
-0.2524701234868418,0.5065070275897969,0.5382293762575453
-0.2524476535968124,0.5067152524726705,0.5382293762575453
-0.2524389116332383,0.5068193649141073,0.5382293762575453
-0.252421065380754,0.5068193649141073,0.5392354124748491
-0.2524092680718403,0.506923477355544,0.5392354124748491
-0.25238225153924354,0.5070275897969807,0.5392354124748491
-0.2523789324228998,0.507339927121291,0.5392354124748491
-0.25235929882315955,0.507339927121291,0.540241448692153
-0.25235618748517863,0.5074440395627278,0.540241448692153
-0.2523322141262475,0.5075481520041645,0.540241448692153
-0.25232948360474067,0.5076522644456013,0.540241448692153
-0.25231707974425716,0.5076522644456013,0.5412474849094567
-0.25224042698743365,0.507756376887038,0.5412474849094567
-0.2522320307793185,0.5080687142113482,0.5412474849094567
-0.2522226478936603,0.508172826652785,0.5412474849094567
-0.25218138816075836,0.5082769390942218,0.5412474849094567
-0.25214868124426193,0.5084851639770953,0.5412474849094567
-0.25211953321743447,0.508589276418532,0.5412474849094567
-0.25211414168561136,0.5087975013014056,0.5412474849094567
-0.2521021789708574,0.509005726184279,0.5412474849094567
-0.2520678268509502,0.5092139510671525,0.5412474849094567
-0.2520105972657425,0.5093180635085893,0.5422535211267606
-0.25200726126643574,0.509422175950026,0.5422535211267606
-0.25199917081408507,0.5095262883914627,0.5422535211267606
-0.2519871894966863,0.5096304008328996,0.5422535211267606
-0.25198710635255706,0.509838625715773,0.5422535211267606
-0.2519798154140029,0.5099427381572098,0.5422535211267606
-0.2519629287829024,0.5100468505986465,0.5422535211267606
-0.2519473601596102,0.5101509630400833,0.5422535211267606
-0.25192680114352944,0.5103591879229568,0.5422535211267606
-0.25191798420707945,0.5105674128058303,0.5422535211267606
-0.2519064270401857,0.510671525247267,0.5422535211267606
-0.2519016505057166,0.5109838625715774,0.5422535211267606
-0.25189824776112496,0.5110879750130141,0.5422535211267606
-0.2518931430003831,0.5112961998958876,0.5422535211267606
-0.25188927033453096,0.5114003123373243,0.5422535211267606
-0.2518689566623942,0.5116085372201978,0.5422535211267606
-0.25186883585963826,0.5118167621030714,0.5432595573440644
-0.2518626386110246,0.5119208745445081,0.5432595573440644
-0.2518037294226279,0.5122332118688183,0.5432595573440644
-0.25179989586787693,0.5122332118688183,0.5442655935613682
-0.251786343827641,0.512337324310255,0.5442655935613682
-0.2517654899707137,0.5124414367516918,0.5442655935613682
-0.2517611369719268,0.5127537740760021,0.5442655935613682
-0.25175610006939725,0.5128578865174388,0.5442655935613682
-0.2517348072514009,0.5128578865174388,0.545271629778672
-0.2517162641760947,0.513170223841749,0.545271629778672
-0.2516601014942372,0.5132743362831859,0.545271629778672
-0.2516449665296951,0.5133784487246226,0.545271629778672
-0.2516382947443786,0.5134825611660594,0.545271629778672
-0.2516168181034523,0.5135866736074961,0.545271629778672
-0.2516119686825201,0.5136907860489328,0.545271629778672
-0.2515971115764291,0.5137948984903696,0.545271629778672
-0.2515932009831387,0.5153565851119208,0.545271629778672
-0.2515900131684992,0.5156689224362311,0.545271629778672
-0.251582940937101,0.5157730348776679,0.545271629778672
-0.2515448288368099,0.5165018219677251,0.545271629778672
-0.25152980253934926,0.5167100468505986,0.545271629778672
-0.2515291945032805,0.5168141592920354,0.545271629778672
-0.2515281657959305,0.5169182717334722,0.545271629778672
-0.25152383890866903,0.5169182717334722,0.5462776659959758
-0.25147388606205556,0.5170223841749089,0.5462776659959758
-0.25146074323823825,0.5171264966163457,0.5462776659959758
-0.2514542675636249,0.5172306090577824,0.5462776659959758
-0.25143143649666116,0.5174388339406559,0.5462776659959758
-0.25142619762531476,0.5174388339406559,0.5472837022132797
-0.2514183451664996,0.5175429463820926,0.5472837022132797
-0.2513950384476452,0.5176470588235295,0.5472837022132797
-0.25135854823973813,0.5176470588235295,0.5482897384305835
-0.2513315685196295,0.5177511712649662,0.5482897384305835
-0.2513189536769102,0.5177511712649662,0.5492957746478874
-0.25130912578451775,0.5181676210307131,0.5492957746478874
-0.2512753208536796,0.5182717334721499,0.5492957746478874
-0.2512621550176722,0.5183758459135867,0.5492957746478874
-0.25125902977915987,0.5184799583550235,0.5492957746478874
-0.2512543267535901,0.5185840707964602,0.5492957746478874
-0.2512500639491956,0.5190005205622071,0.5492957746478874
-0.25124188029521244,0.5192087454450807,0.5492957746478874
-0.2512378831886416,0.5193128578865175,0.5492957746478874
-0.25122806025655386,0.5195210827693909,0.5492957746478874
-0.2512279820764185,0.5195210827693909,0.5503018108651911
-0.2512232389269937,0.5196251952108277,0.5503018108651911
-0.2512116701729048,0.5198334200937011,0.5503018108651911
-0.25120004597971707,0.519937532535138,0.5503018108651911
-0.2511562362210611,0.5200416449765747,0.5503018108651911
-0.25114443648232115,0.5201457574180115,0.5503018108651911
-0.2511074701717848,0.5202498698594482,0.5503018108651911
-0.2510454488109526,0.5203539823008849,0.5503018108651911
-0.2510320497372417,0.5204580947423217,0.5503018108651911
-0.25103193203091423,0.5206663196251952,0.5503018108651911
-0.2510282021720209,0.5206663196251952,0.5513078470824949
-0.251003327642362,0.520770432066632,0.5513078470824949
-0.2509803700354968,0.5208745445080687,0.5513078470824949
-0.2509744833461754,0.5209786569495055,0.5513078470824949
-0.25093678022687615,0.5212909942738158,0.5513078470824949
-0.2509194274349149,0.5214992191566892,0.5513078470824949
-0.2509111105532982,0.5217074440395627,0.5513078470824949
-0.2509096344896333,0.5218115564809995,0.5513078470824949
-0.2508930165127893,0.5219156689224362,0.5513078470824949
-0.25087279484236014,0.522019781363873,0.5513078470824949
-0.2508694998471253,0.5221238938053098,0.5513078470824949
-0.2508662721179902,0.5221238938053098,0.5523138832997988
-0.25085467018770213,0.5222280062467465,0.5523138832997988
-0.25084237585038766,0.5223321186881832,0.5523138832997988
-0.25083318991464015,0.52243623112962,0.5523138832997988
-0.2508323611336445,0.5225403435710567,0.5523138832997988
-0.2508067945570181,0.5226444560124935,0.5533199195171026
-0.25079989008651365,0.5227485684539303,0.5543259557344065
-0.2507735596619447,0.522852680895367,0.5543259557344065
-0.2507677831108004,0.5231650182196772,0.5543259557344065
-0.2507442204374814,0.523269130661114,0.5543259557344065
-0.2507387059794206,0.5234773555439876,0.5543259557344065
-0.25071852135634276,0.523685580426861,0.5543259557344065
-0.2506984073679609,0.5237896928682978,0.5543259557344065
-0.2506890844954984,0.5238938053097345,0.5543259557344065
-0.25068895672138347,0.5239979177511712,0.5543259557344065
-0.2506755545534444,0.524102030192608,0.5543259557344065
-0.2506509987527846,0.524102030192608,0.5553319919517102
-0.2506012474755075,0.5244143675169183,0.5553319919517102
-0.25060084771044727,0.524518479958355,0.5553319919517102
-0.25059208115717,0.5246225923997918,0.5553319919517102
-0.2505685693434088,0.5247267048412285,0.5553319919517102
-0.250566515882347,0.5248308172826652,0.5553319919517102
-0.250541452519915,0.524934929724102,0.5553319919517102
-0.25052574015320084,0.5251431546069756,0.5553319919517102
-0.25052364703514207,0.5251431546069756,0.5563380281690141
-0.2505022002779087,0.5252472670484123,0.5573440643863179
-0.2505017460864828,0.525351379489849,0.5573440643863179
-0.25047929697701327,0.5254554919312858,0.5573440643863179
-0.2504681218499382,0.5256637168141592,0.5573440643863179
-0.25045110652529173,0.5257678292555961,0.5573440643863179
-0.25044958431590064,0.5258719416970328,0.5573440643863179
-0.2504431359186244,0.5259760541384696,0.5573440643863179
-0.25043709824323257,0.5260801665799063,0.5573440643863179
-0.25042713002154254,0.526184279021343,0.5573440643863179
-0.2504220286865711,0.5263925039042165,0.5573440643863179
-0.25040561320602484,0.5264966163456533,0.5573440643863179
-0.2503706145017759,0.5266007287870901,0.5573440643863179
-0.2503704445682403,0.5269130661114003,0.5583501006036218
-0.25036999178173086,0.5269130661114003,0.5593561368209256
-0.25036156888730077,0.527017178552837,0.5593561368209256
-0.25035796538778465,0.5271212909942739,0.5593561368209256
-0.2503572962396963,0.5273295158771473,0.5593561368209256
-0.25033343945807957,0.5274336283185841,0.5593561368209256
-0.25030540900652026,0.5279541905257679,0.5593561368209256
-0.25029519023861346,0.5280583029672046,0.5593561368209256
-0.250275481896273,0.5283706402915148,0.5593561368209256
-0.25026968114496473,0.5284747527329516,0.5593561368209256
-0.25026843392737375,0.5286829776158251,0.5593561368209256
-0.2502250650194396,0.5287870900572619,0.5593561368209256
-0.2502150896432425,0.5288912024986986,0.5593561368209256
-0.2502097892421494,0.5289953149401353,0.5593561368209256
-0.2501865962680287,0.5292035398230088,0.5593561368209256
-0.25017689352526334,0.5293076522644456,0.5593561368209256
-0.2501759992681328,0.5294117647058824,0.5593561368209256
-0.25016514982785565,0.5295158771473191,0.5593561368209256
-0.2501610355232397,0.5296199895887559,0.5593561368209256
-0.25013950325537754,0.5297241020301926,0.5593561368209256
-0.25012933192086406,0.5297241020301926,0.5603621730382293
-0.2501247048020583,0.5297241020301926,0.5613682092555332
-0.2501071328917309,0.5298282144716293,0.5613682092555332
-0.2500934337704929,0.5299323269130661,0.5613682092555332
-0.2500710255617235,0.5300364393545028,0.5613682092555332
-0.25004232946673377,0.5301405517959397,0.5613682092555332
-0.25001551933395,0.5304528891202499,0.5613682092555332
-0.25001131102680885,0.5308693388859969,0.5613682092555332
-0.2500000969507371,0.5311816762103071,0.5613682092555332
-0.2499996044607893,0.5312857886517439,0.5613682092555332
-0.2499993278705727,0.5313899010931806,0.5613682092555332
-0.24995511280089158,0.5314940135346173,0.5613682092555332
-0.2499358182428804,0.5315981259760542,0.5613682092555332
-0.2498939819376835,0.5317022384174909,0.5613682092555332
-0.24988506649555986,0.5318063508589277,0.5613682092555332
-0.24984472339613853,0.5319104633003644,0.5613682092555332
-0.2498390507927792,0.5319104633003644,0.562374245472837
-0.24977986251971937,0.5322228006246746,0.562374245472837
-0.2497780369535966,0.5323269130661114,0.562374245472837
-0.24976250495096594,0.5324310255075482,0.562374245472837
-0.24975288805792342,0.5328474752732951,0.562374245472837
-0.24974629021585568,0.532951587714732,0.562374245472837
-0.24973402586055038,0.5330557001561687,0.562374245472837
-0.24973295638405593,0.5331598125976054,0.562374245472837
-0.24972920732089127,0.5331598125976054,0.5633802816901409
-0.24972337893380786,0.5332639250390422,0.5633802816901409
-0.2497203646463702,0.5335762623633524,0.5633802816901409
-0.2497144593592233,0.533784487246226,0.5633802816901409
-0.24971416670416666,0.5338885996876627,0.5633802816901409
-0.24966235962894123,0.5338885996876627,0.5643863179074446
-0.2496521770585356,0.5339927121290994,0.5643863179074446
-0.24962266961160426,0.5339927121290994,0.5653923541247485
-0.2496094633521173,0.5339927121290994,0.5674044265593562
-0.2496093343070477,0.5340968245705362,0.5674044265593562
-0.2496035936147798,0.5342009370119729,0.5674044265593562
-0.24957423356202468,0.5347214992191567,0.5674044265593562
-0.24956901642504672,0.5359708485163978,0.5674044265593562
-0.24955252778787088,0.5360749609578345,0.5674044265593562
-0.24954034071255432,0.5361790733992712,0.5674044265593562
-0.24953561044371717,0.536283185840708,0.5674044265593562
-0.249533445103668,0.5363872982821447,0.5674044265593562
-0.24952563925248483,0.5364914107235814,0.5674044265593562
-0.2495177497342015,0.536699635606455,0.5674044265593562
-0.24949451740557024,0.5368037480478918,0.5674044265593562
-0.24948273309958455,0.5370119729307652,0.5674044265593562
-0.2494768717176081,0.537116085372202,0.5674044265593562
-0.24946916935822344,0.5372201978136387,0.5674044265593562
-0.24946559642388175,0.5373243102550754,0.5674044265593562
-0.24945433750809884,0.5373243102550754,0.56841046277666
-0.2494484764621236,0.537532535137949,0.56841046277666
-0.24942385965387476,0.537532535137949,0.5694164989939637
-0.2493839956720938,0.5376366475793858,0.5694164989939637
-0.24937090796494651,0.5377407600208225,0.5694164989939637
-0.24934280162803424,0.5378448724622592,0.5694164989939637
-0.2493317400279229,0.537948984903696,0.5694164989939637
-0.2493274657695872,0.5380530973451327,0.5694164989939637
-0.24930749513971745,0.5382613222280063,0.5694164989939637
-0.24927415939548597,0.5384695471108798,0.5694164989939637
-0.24920630429535587,0.5386777719937532,0.5694164989939637
-0.24920371312903963,0.5386777719937532,0.5704225352112676
-0.24920022314009674,0.53878188443519,0.5704225352112676
-0.24919872550844765,0.5388859968766267,0.5704225352112676
-0.24917928392643027,0.5389901093180635,0.5704225352112676
-0.24917717157216254,0.5390942217595003,0.5704225352112676
-0.24915357768890642,0.5393024466423738,0.5704225352112676
-0.24914903082317683,0.5394065590838105,0.5704225352112676
-0.24914878320733916,0.5395106715252472,0.5704225352112676
-0.24914693163379928,0.539614783966684,0.5704225352112676
-0.24913547723296448,0.539614783966684,0.5714285714285714
-0.24910720307482834,0.5397188964081208,0.5714285714285714
-0.24910565262128856,0.5398230088495575,0.5714285714285714
-0.24909930217369644,0.5398230088495575,0.5724346076458753
-0.24909506852680624,0.5399271212909943,0.5724346076458753
-0.24909446075626476,0.540031233732431,0.5724346076458753
-0.24909413582739764,0.5403435710567412,0.5724346076458753
-0.2490931653528133,0.5406559083810515,0.5724346076458753
-0.2490749727354434,0.5407600208224883,0.5724346076458753
-0.2490658934544974,0.540864133263925,0.5724346076458753
-0.2490652206145735,0.540864133263925,0.5734406438631791
-0.24905243016557338,0.5409682457053618,0.5734406438631791
-0.24904493950386128,0.5410723581467985,0.5734406438631791
-0.24902692278873992,0.5411764705882353,0.5734406438631791
-0.2490253477654285,0.5412805830296721,0.5734406438631791
-0.24900515497420372,0.5415929203539823,0.5734406438631791
-0.2489956622477218,0.5415929203539823,0.5744466800804829
-0.2489882432723077,0.5415929203539823,0.5754527162977867
-0.2489759877767554,0.541697032795419,0.5754527162977867
-0.2489681261115725,0.541697032795419,0.5764587525150905
-0.24896793450001087,0.5418011452368559,0.5764587525150905
-0.24895457259744697,0.5419052576782926,0.5764587525150905
-0.2489450471357007,0.5420093701197293,0.5764587525150905
-0.2489319916331749,0.5423217074440395,0.5764587525150905
-0.24891183142681236,0.5423217074440395,0.5774647887323944
-0.2489061229411223,0.5424258198854763,0.5774647887323944
-0.2489047993249559,0.542529932326913,0.5774647887323944
-0.24890440872284356,0.5426340447683499,0.5774647887323944
-0.2488824049636719,0.5426340447683499,0.5784708249496981
-0.24887982558743493,0.5427381572097866,0.5784708249496981
-0.24887956300643446,0.5430504945340968,0.5784708249496981
-0.2488734587793341,0.5431546069755335,0.5784708249496981
-0.24886643065196729,0.5434669442998439,0.5784708249496981
-0.24883116525208512,0.5435710567412806,0.5784708249496981
-0.24883050243898336,0.5436751691827173,0.5784708249496981
-0.24882530428263605,0.5436751691827173,0.579476861167002
-0.24881936018349546,0.5436751691827173,0.5814889336016097
-0.24881635364783092,0.5437792816241541,0.5814889336016097
-0.24879868478862388,0.5438833940655908,0.5814889336016097
-0.2487822210767399,0.5442998438313379,0.5814889336016097
-0.2487748104899598,0.5445080687142113,0.5814889336016097
-0.24876874061276333,0.5445080687142113,0.5824949698189135
-0.24876622930565803,0.5446121811556481,0.5824949698189135
-0.24874446161128153,0.5447162935970848,0.5824949698189135
-0.24874236237374464,0.5448204060385216,0.5824949698189135
-0.24874168563942528,0.5449245184799584,0.5824949698189135
-0.24874150336427425,0.5451327433628319,0.5824949698189135
-0.24873379629225675,0.5452368558042686,0.5824949698189135
-0.2487325894644616,0.5455491931285789,0.5824949698189135
-0.24873218487649856,0.5455491931285789,0.5835010060362174
-0.24873071591316248,0.5456533055700156,0.5835010060362174
-0.2487281292091069,0.5456533055700156,0.5845070422535211
-0.24871841847444476,0.5457574180114524,0.5845070422535211
-0.24871008241028378,0.5458615304528891,0.5845070422535211
-0.24867695560506692,0.5466944299843831,0.5845070422535211
-0.24867617100952732,0.5470067673086934,0.5845070422535211
-0.24866067963154037,0.5471108797501302,0.5845070422535211
-0.2486571807639031,0.5474232170744404,0.5845070422535211
-0.24865142269489154,0.5474232170744404,0.5865191146881288
-0.24864893830486073,0.5475273295158771,0.5865191146881288
-0.24863949596312843,0.5477355543987507,0.5865191146881288
-0.24863518751049138,0.5479437792816242,0.5865191146881288
-0.24862482802282745,0.5480478917230609,0.5865191146881288
-0.2486168078223449,0.5481520041644976,0.5865191146881288
-0.24861661447058023,0.5483602290473711,0.5875251509054326
-0.2486048582188396,0.5483602290473711,0.5885311871227364
-0.24857559718462677,0.5499219156689225,0.5885311871227364
-0.24856305367765133,0.5500260281103592,0.5885311871227364
-0.24856042563642042,0.550130140551796,0.5885311871227364
-0.2485438977893205,0.5502342529932327,0.5885311871227364
-0.2485389042282062,0.5502342529932327,0.5895372233400402
-0.24853834178949674,0.5507548152004165,0.5895372233400402
-0.24852046535023734,0.5508589276418532,0.5895372233400402
-0.2485167122555839,0.55096304008329,0.5895372233400402
-0.24849866068974025,0.5512753774076002,0.5895372233400402
-0.2484968890879245,0.551379489849037,0.5895372233400402
-0.24849205176055608,0.551379489849037,0.5905432595573441
-0.24847282424711434,0.5515877147319105,0.5905432595573441
-0.24846869345795505,0.5516918271733472,0.5905432595573441
-0.24845977012297388,0.551795939614784,0.5905432595573441
-0.2484595129435977,0.5519000520562207,0.5905432595573441
-0.24845306563851685,0.5521082769390943,0.5905432595573441
-0.24844731229612912,0.5524206142634045,0.5915492957746479
-0.24844102440173577,0.5524206142634045,0.5925553319919518
-0.24843335862478158,0.5525247267048412,0.5925553319919518
-0.24841507461019938,0.552628839146278,0.5925553319919518
-0.24840859565676324,0.5527329515877147,0.5925553319919518
-0.24840114537466368,0.5527329515877147,0.5935613682092555
-0.24840016394679001,0.5528370640291514,0.5935613682092555
-0.24839594633800738,0.5529411764705883,0.5935613682092555
-0.24838272791596028,0.5531494013534617,0.5935613682092555
-0.2483823981492589,0.5533576262363352,0.5935613682092555
-0.2483528053873367,0.553461738677772,0.5935613682092555
-0.2483508609477495,0.5536699635606455,0.5935613682092555
-0.24834514476255637,0.5536699635606455,0.5945674044265593
-0.24834083659089407,0.5539823008849557,0.5945674044265593
-0.24830026630446514,0.5540864133263925,0.5945674044265593
-0.2482947481644822,0.5541905257678292,0.5945674044265593
-0.24829467568866695,0.5545028630921395,0.5945674044265593
-0.2482875280887761,0.5548152004164497,0.5945674044265593
-0.24827289494725013,0.5549193128578865,0.5945674044265593
-0.24824715792159596,0.5550234252993232,0.5945674044265593
-0.2482428737593747,0.5550234252993232,0.5955734406438632
-0.24820931423744083,0.5551275377407601,0.5955734406438632
-0.24820534813015116,0.5551275377407601,0.596579476861167
-0.24819305132077735,0.5552316501821968,0.596579476861167
-0.2481780393522758,0.5553357626236335,0.596579476861167
-0.24816553283099543,0.5554398750650703,0.596579476861167
-0.24816483360955138,0.5554398750650703,0.5975855130784709
-0.24816429137765356,0.555543987506507,0.5975855130784709
-0.24815496022849626,0.555543987506507,0.5985915492957746
-0.24814463710993467,0.5564809994794377,0.5985915492957746
-0.24810594530780156,0.5571056741280583,0.5985915492957746
-0.24810252356979007,0.557209786569495,0.5985915492957746
-0.24810151926857724,0.5573138990109318,0.5985915492957746
-0.24804464034930349,0.5578344612181155,0.5985915492957746
-0.24804393570855748,0.5579385736595524,0.5985915492957746
-0.24803966061072186,0.5580426861009891,0.5985915492957746
-0.2480271262334633,0.5581467985424258,0.5985915492957746
-0.24800099541137569,0.5582509109838626,0.5985915492957746
-0.24799131918872155,0.5583550234252993,0.5985915492957746
-0.24798705771044302,0.5587714731910464,0.5985915492957746
-0.24797059208313352,0.5588755856324831,0.5985915492957746
-0.24796004811831654,0.5591879229567933,0.5985915492957746
-0.24795755802214192,0.5592920353982301,0.5985915492957746
-0.24795622934343395,0.5592920353982301,0.5995975855130785
-0.24793255820526536,0.5593961478396668,0.5995975855130785
-0.2479259894834588,0.5595002602811036,0.5995975855130785
-0.24792146078714813,0.5597084851639771,0.5995975855130785
-0.247914347900645,0.5598125976054138,0.6006036217303823
-0.24791370304638313,0.5599167100468506,0.6006036217303823
-0.24791185618063646,0.5600208224882873,0.6006036217303823
-0.2479002662708735,0.5600208224882873,0.6016096579476862
-0.24789960307243986,0.5601249349297241,0.6016096579476862
-0.24789350017173054,0.5602290473711609,0.6016096579476862
-0.24788633413659492,0.5604372722540344,0.6016096579476862
-0.24787673308215635,0.5605413846954711,0.6016096579476862
-0.24784131848625923,0.5607496095783446,0.6016096579476862
-0.24784014612392286,0.5608537220197813,0.6016096579476862
-0.24783776854126827,0.5609578344612182,0.6016096579476862
-0.24782596383452632,0.5609578344612182,0.60261569416499
-0.24782307907857315,0.5610619469026549,0.60261569416499
-0.24780523453918527,0.5617907339927122,0.60261569416499
-0.24779898014476875,0.5618948464341489,0.60261569416499
-0.24778783279030916,0.5621030713170224,0.60261569416499
-0.24778733403440786,0.5621030713170224,0.6036217303822937
-0.24778213641597108,0.5622071837584591,0.6036217303822937
-0.24778047327871472,0.5623112961998958,0.6036217303822937
-0.24777915988598911,0.5625195210827694,0.6036217303822937
-0.2477714970671517,0.5630400832899531,0.6036217303822937
-0.24777073576056605,0.5631441957313899,0.6036217303822937
-0.247770300744668,0.5636647579385736,0.6036217303822937
-0.24776407757215274,0.5638729828214472,0.6036217303822937
-0.24776267419236456,0.5639770952628839,0.6036217303822937
-0.24775201264625843,0.5640812077043207,0.6036217303822937
-0.24775040235516155,0.5640812077043207,0.6046277665995976
-0.24774001145893682,0.5641853201457574,0.6046277665995976
-0.24773227853261864,0.5642894325871942,0.6046277665995976
-0.2477244419162502,0.5643935450286309,0.6046277665995976
-0.2476986085292851,0.5644976574700676,0.6046277665995976
-0.2476939486685339,0.5646017699115045,0.6046277665995976
-0.2476774248978556,0.5647058823529412,0.6046277665995976
-0.24766168561729893,0.5648099947943779,0.6046277665995976
-0.24765513291208677,0.5650182196772514,0.6056338028169014
-0.24758561515294886,0.5650182196772514,0.6066398390342053
-0.24758188021501384,0.5651223321186882,0.6066398390342053
-0.24754661417002116,0.5652264445601249,0.6066398390342053
-0.24754239078707335,0.5653305570015617,0.6066398390342053
-0.24753032841921652,0.5654346694429985,0.6066398390342053
-0.2474905027734299,0.5655387818844352,0.6066398390342053
-0.24746987112008817,0.5656428943258719,0.6066398390342053
-0.24746731136393735,0.5657470067673087,0.6066398390342053
-0.2474641604017834,0.5658511192087454,0.6066398390342053
-0.24745672678854475,0.566059344091619,0.6066398390342053
-0.24744192154463612,0.566059344091619,0.607645875251509
-0.24743422475431512,0.5661634565330557,0.607645875251509
-0.24741661963702907,0.5669963560645497,0.607645875251509
-0.2473822072143351,0.5671004685059865,0.607645875251509
-0.24737718070287743,0.5672045809474232,0.607645875251509
-0.24737098521778395,0.5675169182717335,0.607645875251509
-0.24736828779804446,0.5676210307131703,0.607645875251509
-0.24736823669993482,0.5678292555960437,0.607645875251509
-0.2473616460693662,0.5678292555960437,0.6086519114688129
-0.24735591574012783,0.5682457053617908,0.6086519114688129
-0.24735461283853608,0.5684539302446643,0.6086519114688129
-0.24734003211436942,0.5686621551275377,0.6096579476861167
-0.24732630164900543,0.5695991671004685,0.6096579476861167
-0.24732020559633613,0.5697032795419052,0.6096579476861167
-0.24731359990846608,0.569807391983342,0.6096579476861167
-0.24730151203011197,0.569807391983342,0.6106639839034205
-0.24729801937441648,0.5699115044247788,0.6106639839034205
-0.24729051347314354,0.5700156168662155,0.6106639839034205
-0.24727312724365919,0.5705361790733993,0.6106639839034205
-0.24727177035575018,0.570640291514836,0.6106639839034205
-0.2472522117851262,0.5707444039562728,0.6106639839034205
-0.24724380138458577,0.5707444039562728,0.6116700201207244
-0.24723953082512629,0.5707444039562728,0.6126760563380281
-0.2472351252671735,0.5708485163977095,0.6126760563380281
-0.2472307987614563,0.5709526288391463,0.6126760563380281
-0.2472256080525236,0.5720978656949506,0.6146881287726358
-0.24721998911264442,0.5722019781363873,0.6146881287726358
-0.24720810742645813,0.5725143154606975,0.6146881287726358
-0.24720394860191497,0.5726184279021344,0.6146881287726358
-0.2471994522441796,0.5729307652264446,0.6146881287726358
-0.2471875929221445,0.5730348776678813,0.6146881287726358
-0.24718728327815925,0.5730348776678813,0.6156941649899397
-0.2471628879382204,0.5732431025507548,0.6156941649899397
-0.2471478097583301,0.5734513274336284,0.6156941649899397
-0.24711873285097383,0.5735554398750651,0.6156941649899397
-0.2470810407349962,0.5737636647579386,0.6156941649899397
-0.24705473943376446,0.5738677771993753,0.6156941649899397
-0.24700233715177344,0.5750130140551796,0.6156941649899397
-0.2469933361731882,0.5751171264966164,0.6156941649899397
-0.24699106881287997,0.5752212389380531,0.6156941649899397
-0.24695652989965977,0.5755335762623633,0.6156941649899397
-0.24694332362425916,0.5757418011452369,0.6156941649899397
-0.24691520625887653,0.5758459135866736,0.6156941649899397
-0.24690248528551095,0.5759500260281104,0.6156941649899397
-0.2468938536701478,0.5761582509109838,0.6156941649899397
-0.24687046414055938,0.5762623633524206,0.6156941649899397
-0.24683689205144743,0.5763664757938574,0.6156941649899397
-0.24682829513649465,0.5764705882352941,0.6156941649899397
-0.24681751190261814,0.5765747006767309,0.6156941649899397
-0.2468018566442284,0.5766788131181676,0.6156941649899397
-0.24678868071881985,0.5768870380010411,0.6156941649899397
-0.24678146193467013,0.5769911504424778,0.6156941649899397
-0.2467786107119956,0.5770952628839147,0.6156941649899397
-0.2467695215811517,0.5771993753253514,0.6167002012072434
-0.24675484879400114,0.5771993753253514,0.6177062374245473
-0.24674573625850446,0.5785528370640292,0.6177062374245473
-0.2467439409636285,0.5786569495054659,0.6177062374245473
-0.2467369910541628,0.5787610619469027,0.6177062374245473
-0.2467201486592851,0.5789692868297761,0.6177062374245473
-0.24669101586415193,0.5798021863612701,0.6177062374245473
-0.24668002102656583,0.5802186361270172,0.6177062374245473
-0.24667725090480036,0.5803227485684539,0.6177062374245473
-0.24667513351847975,0.5805309734513274,0.6177062374245473
-0.2466385451734759,0.580739198334201,0.6177062374245473
-0.24660251463221547,0.580739198334201,0.6187122736418511
-0.24660184470505392,0.5808433107756377,0.6187122736418511
-0.24658858922738655,0.5809474232170745,0.6187122736418511
-0.2465867224994865,0.5813638729828214,0.6187122736418511
-0.24657534569743858,0.5814679854242581,0.6187122736418511
-0.24657283933321053,0.582404997397189,0.6197183098591549
-0.24657217781307256,0.5825091098386257,0.6197183098591549
-0.2465721644856099,0.5826132222800625,0.6197183098591549
-0.24654280139281465,0.5826132222800625,0.6207243460764588
-0.24651020437517565,0.5827173347214992,0.6207243460764588
-0.2465079689453107,0.5829255596043728,0.6207243460764588
-0.24646878717931553,0.5830296720458095,0.6207243460764588
-0.24646802127942335,0.5831337844872462,0.6207243460764588
-0.2464539110659004,0.5833420093701197,0.6207243460764588
-0.24645261424109038,0.5834461218115565,0.6207243460764588
-0.24643829499315437,0.584487246225924,0.6207243460764588
-0.24643032452264343,0.5845913586673608,0.6207243460764588
-0.24641994917734333,0.5847995835502342,0.6207243460764588
-0.24641902451484973,0.5850078084331077,0.6207243460764588
-0.24639748732500122,0.5851119208745446,0.6227364185110664
-0.24636494805416606,0.5852160333159813,0.6227364185110664
-0.2463646743197342,0.5854242581988548,0.6227364185110664
-0.24633761142668784,0.585736595523165,0.6227364185110664
-0.2463357241144442,0.5858407079646017,0.6227364185110664
-0.24632828054945174,0.5858407079646017,0.6237424547283702
-0.2463137851379961,0.5859448204060386,0.6237424547283702
-0.24629947213988646,0.586569495054659,0.6237424547283702
-0.2462261351284874,0.5866736074960958,0.6237424547283702
-0.24620242147863367,0.5867777199375326,0.6237424547283702
-0.24619579533410937,0.5868818323789693,0.6237424547283702
-0.24619455818133673,0.586985944820406,0.6237424547283702
-0.24617188635423745,0.5870900572618428,0.6237424547283702
-0.24615845677345544,0.5872982821447162,0.6237424547283702
-0.24612865942730008,0.5874023945861531,0.6237424547283702
-0.24612007541547715,0.5876106194690266,0.6237424547283702
-0.24611867692405937,0.5877147319104633,0.6237424547283702
-0.2461002727750574,0.5878188443519,0.6237424547283702
-0.24606703777714722,0.5879229567933368,0.6237424547283702
-0.24601192194072272,0.5881311816762103,0.6237424547283702
-0.24599853808542071,0.5882352941176471,0.6237424547283702
-0.24599016600837864,0.5884435190005206,0.6257545271629779
-0.24595397928070278,0.5885476314419573,0.6257545271629779
-0.24595333584796172,0.588651743883394,0.6257545271629779
-0.24595300586215257,0.5888599687662676,0.6257545271629779
-0.2459456405660123,0.5891723060905778,0.6257545271629779
-0.24593128898560357,0.5893805309734513,0.6257545271629779
-0.24590048998341799,0.589484643414888,0.6257545271629779
-0.24585707064895196,0.5895887558563249,0.6257545271629779
-0.24584231626884903,0.5897969807391983,0.6257545271629779
-0.24584179061999195,0.5899010931806351,0.6257545271629779
-0.2458279689115106,0.5902134305049453,0.6257545271629779
-0.24582519140164133,0.5903175429463821,0.6257545271629779
-0.24578144546203629,0.5904216553878189,0.6257545271629779
-0.24577170321115127,0.5905257678292556,0.6257545271629779
-0.24574520096521493,0.5905257678292556,0.6267605633802817
-0.2457179125753945,0.5907339927121291,0.6267605633802817
-0.24571696635060092,0.5908381051535658,0.6267605633802817
-0.24563477285535246,0.5908381051535658,0.6277665995975855
-0.24562419853099568,0.5908381051535658,0.6287726358148893
-0.24559487486168133,0.5909422175950027,0.6287726358148893
-0.24558564736907249,0.5909422175950027,0.6297786720321932
-0.24558468078472023,0.5911504424778761,0.6297786720321932
-0.2455715795912465,0.5911504424778761,0.630784708249497
-0.24557069433120443,0.5911504424778761,0.6327967806841046
-0.24555647785697024,0.5912545549193129,0.6327967806841046
-0.24555264628749518,0.5913586673607496,0.6327967806841046
-0.24554284471399543,0.5916710046850598,0.6327967806841046
-0.24551414492183327,0.5918792295679334,0.6327967806841046
-0.2455081009535515,0.5921915668922436,0.6327967806841046
-0.24549376074897739,0.5922956793336803,0.6327967806841046
-0.2454697449617518,0.5923997917751171,0.6327967806841046
-0.2454170435226523,0.5925039042165539,0.6327967806841046
-0.245355517897518,0.5926080166579907,0.6327967806841046
-0.2453250821222099,0.5927121290994274,0.6327967806841046
-0.2453172644183167,0.5929203539823009,0.6338028169014085
-0.2452526749706626,0.5930244664237376,0.6338028169014085
-0.24517445570288474,0.5931285788651743,0.6338028169014085
-0.24516977169426718,0.5931285788651743,0.6348088531187123
-0.24516325412674306,0.5932326913066112,0.6348088531187123
-0.24515422341452756,0.5934409161894847,0.6348088531187123
-0.24514108275919716,0.5936491410723581,0.6348088531187123
-0.24508931553489963,0.5937532535137949,0.6348088531187123
-0.24506942710354004,0.5938573659552316,0.6348088531187123
-0.24506384064547077,0.5938573659552316,0.635814889336016
-0.24505838309010183,0.5940655908381052,0.635814889336016
-0.24503568357940886,0.5941697032795419,0.6368209255533199
-0.24499922539460506,0.5942738157209787,0.6368209255533199
-0.24498284781476054,0.5943779281624154,0.6368209255533199
-0.2449810908420618,0.5944820406038521,0.6368209255533199
-0.2449261175133923,0.5947943779281624,0.6368209255533199
-0.24492362246280522,0.5948984903695992,0.6368209255533199
-0.24479258980177518,0.5950026028110359,0.6368209255533199
-0.24472506510447722,0.5951067152524727,0.6368209255533199
-0.2447124811534868,0.5951067152524727,0.6378269617706237
-0.24463256117745955,0.595419052576783,0.6378269617706237
-0.24461055390175665,0.5955231650182197,0.6378269617706237
-0.24459254442419276,0.5956272774596564,0.6378269617706237
-0.24457524009886386,0.5956272774596564,0.6388329979879276
-0.24448961444514353,0.5956272774596564,0.6398390342052314
-0.2444296357823816,0.596251952108277,0.6398390342052314
-0.24440761086081872,0.5963560645497137,0.6398390342052314
-0.24437628891196306,0.5964601769911504,0.6398390342052314
-0.24436880675833522,0.5965642894325872,0.6398390342052314
-0.2443611747059979,0.5965642894325872,0.6408450704225352
-0.2443079662497834,0.5966684018740239,0.6408450704225352
-0.24429331987073077,0.5967725143154607,0.6408450704225352
-0.24429025656345593,0.5968766267568975,0.6408450704225352
-0.2442859904322354,0.5969807391983342,0.6408450704225352
-0.24424813746770913,0.597084851639771,0.6408450704225352
-0.2442212212844258,0.597084851639771,0.641851106639839
-0.24416404351807125,0.5971889640812077,0.641851106639839
-0.244162114193355,0.5972930765226444,0.641851106639839
-0.24414575061729182,0.5972930765226444,0.6438631790744467
-0.24410769198213908,0.5975013014055179,0.6438631790744467
-0.24405853637982314,0.5976054138469548,0.6438631790744467
-0.24400210851077667,0.5977095262883915,0.6438631790744467
-0.2439894464262289,0.5985424258198855,0.6448692152917505
-0.24397068905088734,0.5986465382613222,0.6448692152917505
-0.24395813882090217,0.5988547631441957,0.6448692152917505
-0.24395610425231842,0.5989588755856324,0.6448692152917505
-0.24393376080178972,0.5989588755856324,0.6458752515090543
-0.24382487531062622,0.5990629880270693,0.6458752515090543
-0.2437896749341512,0.599167100468506,0.6458752515090543
-0.2437777996073801,0.599167100468506,0.6468812877263581
-0.24369612131914112,0.5992712129099428,0.6468812877263581
-0.24369244328023598,0.5993753253513795,0.6468812877263581
-0.24367451019420816,0.5994794377928162,0.6468812877263581
-0.24366198617436508,0.5997917751171264,0.6468812877263581
-0.24365083718466618,0.5998958875585633,0.6468812877263581
-0.24362877883147807,0.5998958875585633,0.647887323943662
-0.24362557538976307,0.6001041124414368,0.647887323943662
-0.24355330207035572,0.6006246746486205,0.647887323943662
-0.24355206298329013,0.6009370119729308,0.647887323943662
-0.2435473591365927,0.6011452368558042,0.647887323943662
-0.24351903776434838,0.6011452368558042,0.6488933601609658
-0.24351616540518936,0.601249349297241,0.6488933601609658
-0.2435040829446755,0.6019781363872982,0.6519114688128773
-0.24348320563657622,0.6020822488287351,0.6519114688128773
-0.2434326012174253,0.6023945861530453,0.6519114688128773
-0.24340426492068762,0.602498698594482,0.6519114688128773
-0.24339745747256256,0.602498698594482,0.6529175050301811
-0.24333027024300846,0.6026028110359188,0.6529175050301811
-0.2433232210711398,0.6027069234773555,0.6529175050301811
-0.24332289009267105,0.6028110359187923,0.6529175050301811
-0.24332135894179316,0.6029151483602291,0.6529175050301811
-0.2432903329917636,0.6031233732431025,0.6529175050301811
-0.24328729702779173,0.6031233732431025,0.6539235412474849
-0.24325636858868205,0.6032274856845393,0.6539235412474849
-0.2432552097858024,0.6036439354502863,0.6539235412474849
-0.243254886407354,0.6037480478917231,0.6539235412474849
-0.24324636972061517,0.6038521603331598,0.6539235412474849
-0.24323574640044243,0.6039562727745965,0.6539235412474849
-0.24319801614837502,0.6040603852160333,0.6539235412474849
-0.24318079008374463,0.60416449765747,0.6539235412474849
-0.24317868498692058,0.60416449765747,0.6549295774647887
-0.24316071147412727,0.6042686100989069,0.6549295774647887
-0.24314706762797234,0.6042686100989069,0.6559356136820925
-0.2430385849144968,0.6045809474232171,0.6559356136820925
-0.2430254042940638,0.6046850598646538,0.6559356136820925
-0.2430203504554355,0.6046850598646538,0.6589537223340041
-0.24302000716092143,0.6047891723060905,0.6589537223340041
-0.2430163383547106,0.6056220718375845,0.6589537223340041
-0.24299967862582889,0.6058302967204581,0.6589537223340041
-0.24298526622616567,0.6059344091618949,0.6589537223340041
-0.24292638618656814,0.6060385216033316,0.6589537223340041
-0.24284922847847842,0.6062467464862051,0.6589537223340041
-0.24284014228912185,0.6063508589276418,0.6589537223340041
-0.24281630153453929,0.6065590838105154,0.6589537223340041
-0.24281190727628005,0.6066631962519521,0.6589537223340041
-0.24278594299063586,0.6067673086933889,0.6589537223340041
-0.24277606714875902,0.6071837584591359,0.6589537223340041
-0.24274505393785276,0.6072878709005726,0.6589537223340041
-0.24274217702382,0.6080166579906299,0.6589537223340041
-0.2427228916660321,0.6081207704320666,0.6589537223340041
-0.24266846021529465,0.6086413326392504,0.6589537223340041
-0.24264283326346722,0.6087454450806872,0.6589537223340041
-0.24250408858698735,0.6087454450806872,0.6599597585513078
-0.24249689184534756,0.6088495575221239,0.6599597585513078
-0.2424907775100741,0.6089536699635606,0.6599597585513078
-0.24247288767582673,0.609266007287871,0.6599597585513078
-0.242469402651614,0.6093701197293077,0.6599597585513078
-0.24245621611922075,0.6102030192608017,0.6599597585513078
-0.24243819786644827,0.6103071317022384,0.6599597585513078
-0.2424089993989152,0.610931806350859,0.6629778672032193
-0.2423742917987636,0.610931806350859,0.6639839034205232
-0.24232936861567664,0.610931806350859,0.6649899396378269
-0.24230098227136912,0.610931806350859,0.6659959758551308
-0.2422917241977811,0.6110359187922957,0.6659959758551308
-0.24228635011983662,0.6111400312337324,0.6659959758551308
-0.2422640017964431,0.6112441436751692,0.6659959758551308
-0.24225888479289254,0.6114523685580426,0.6659959758551308
-0.24225007294774992,0.6116605934409162,0.6659959758551308
-0.24221882993891874,0.6116605934409162,0.6670020120724346
-0.2422098114345487,0.6118688183237897,0.6670020120724346
-0.24220497094223023,0.6119729307652264,0.6670020120724346
-0.24220345301105914,0.6120770432066632,0.6670020120724346
-0.2421814791208381,0.6124934929724102,0.6670020120724346
-0.24213095169441845,0.6124934929724102,0.6680080482897385
-0.24207140390890922,0.612597605413847,0.670020120724346
-0.24206239271497276,0.612597605413847,0.6710261569416499
-0.2420467507563042,0.6127017178552837,0.6710261569416499
-0.24204419052799245,0.6128058302967204,0.6710261569416499
-0.24199425623720922,0.6129099427381572,0.6710261569416499
-0.24199316605631255,0.613014055179594,0.6710261569416499
-0.24194226192136414,0.613014055179594,0.6720321931589537
-0.24194091234510015,0.6132222800624675,0.6720321931589537
-0.24187788745398547,0.6133263925039042,0.6720321931589537
-0.2418509039067509,0.613430504945341,0.6720321931589537
-0.24176719555642792,0.6140551795939615,0.6720321931589537
-0.24176404296600174,0.6141592920353982,0.6720321931589537
-0.24175986097209942,0.6144716293597084,0.6720321931589537
-0.24175199603714018,0.6156168662155127,0.6720321931589537
-0.24174542609963995,0.6157209786569495,0.6720321931589537
-0.24172470763386147,0.6161374284226965,0.6720321931589537
-0.2417077178191435,0.6162415408641333,0.6720321931589537
-0.24168409252382125,0.61634565330557,0.6720321931589537
-0.24165163015240002,0.6164497657470067,0.6720321931589537
-0.2416412569823289,0.6165538781884435,0.6720321931589537
-0.24158996299103702,0.6167621030713171,0.6720321931589537
-0.24158711338572772,0.6168662155127538,0.6720321931589537
-0.2415712422231011,0.6173867777199376,0.6720321931589537
-0.2415015213400355,0.618011452368558,0.6720321931589537
-0.24148424462718135,0.6181155648099947,0.6720321931589537
-0.24147142348414483,0.6182196772514316,0.6720321931589537
-0.24143232242839666,0.6183237896928683,0.6720321931589537
-0.24137991492535704,0.6187402394586153,0.6720321931589537
-0.24132859604683962,0.618844351900052,0.6720321931589537
-0.24127911589912301,0.6191566892243623,0.6720321931589537
-0.24127320692860332,0.6193649141072358,0.6720321931589537
-0.24125572549181432,0.6194690265486725,0.6720321931589537
-0.2412228620866819,0.6195731389901094,0.6720321931589537
-0.2412124334883699,0.6205101509630401,0.6720321931589537
-0.24121200030438764,0.6210307131702238,0.6720321931589537
-0.2411768376766376,0.6211348256116606,0.6720321931589537
-0.24113016605425028,0.6212389380530974,0.6720321931589537
-0.24112265322992735,0.6213430504945341,0.6720321931589537
-0.2410621645806603,0.6220718375845914,0.676056338028169
-0.24102878407674083,0.6221759500260281,0.676056338028169
-0.24101614465226134,0.6223841749089016,0.676056338028169
-0.2410144295298478,0.6231129619989588,0.676056338028169
-0.24100856170727672,0.6231129619989588,0.6770623742454729
-0.2409907366748891,0.6233211868818324,0.6770623742454729
-0.24098843067646347,0.6234252993232692,0.6770623742454729
-0.24090990822579678,0.6235294117647059,0.6770623742454729
-0.24090969686577204,0.6236335242061426,0.6770623742454729
-0.24088710229116989,0.6244664237376366,0.6770623742454729
-0.24087906216300653,0.6245705361790734,0.6770623742454729
-0.24084463598291214,0.6246746486205101,0.6770623742454729
-0.24082327009511972,0.6250910983862572,0.6780684104627767
-0.2407924308659339,0.6251952108276939,0.6780684104627767
-0.24078818228934748,0.6254034357105674,0.6780684104627767
-0.24077807573989893,0.6255075481520042,0.6780684104627767
-0.2407259401283848,0.6259239979177512,0.6780684104627767
-0.2407159580857502,0.6263404476834982,0.6780684104627767
-0.24067170638895985,0.6263404476834982,0.6790744466800804
-0.2406691024945724,0.6265486725663717,0.6790744466800804
-0.24066558425759252,0.6268610098906819,0.6790744466800804
-0.24062552121940928,0.6271733472149922,0.6790744466800804
-0.24057227047416968,0.6272774596564289,0.6790744466800804
-0.24054054053511248,0.6273815720978657,0.6790744466800804
-0.24052654896750728,0.6277980218636127,0.6790744466800804
-0.24051999254669185,0.6283185840707964,0.6790744466800804
-0.24051825233373286,0.6284226965122333,0.6790744466800804
-0.2405104681486128,0.62852680895367,0.6790744466800804
-0.24050724305534588,0.6286309213951067,0.6790744466800804
-0.24049802640138185,0.6289432587194169,0.6790744466800804
-0.2404979892245069,0.6290473711608537,0.6790744466800804
-0.2404935446940972,0.6291514836022905,0.6790744466800804
-0.24045428531261506,0.6294638209266007,0.6790744466800804
-0.24044725639929185,0.6295679333680375,0.6790744466800804
-0.24043479555812725,0.6296720458094742,0.6790744466800804
-0.2404311917613859,0.6330036439354503,0.682092555331992
-0.2404138970686197,0.633107756376887,0.682092555331992
-0.24039672403954845,0.6336283185840708,0.682092555331992
-0.24035784511171376,0.6337324310255076,0.682092555331992
-0.24034341163386438,0.6337324310255076,0.6841046277665996
-0.2403310504809785,0.6342529932326914,0.6841046277665996
-0.2403045544898199,0.6343571056741281,0.6841046277665996
-0.2403035895497999,0.6345653305570016,0.6841046277665996
-0.24030096697794123,0.6346694429984383,0.6841046277665996
-0.24028354142240516,0.6349817803227485,0.6841046277665996
-0.24027140126849797,0.6350858927641854,0.6841046277665996
-0.2402589481345419,0.6351900052056221,0.6841046277665996
-0.24024416422634037,0.6352941176470588,0.6841046277665996
-0.24022582991677324,0.6353982300884956,0.6841046277665996
-0.24021942742305913,0.6355023425299323,0.6841046277665996
-0.24020253005522116,0.6362311296199896,0.6841046277665996
-0.2401430151199954,0.6362311296199896,0.6851106639839034
-0.24012714129036494,0.6366475793857366,0.6851106639839034
-0.24012677610389996,0.6367516918271734,0.6851106639839034
-0.24011825885250704,0.6368558042686101,0.6851106639839034
-0.24010452884196146,0.6369599167100468,0.6851106639839034
-0.24007439695906505,0.6370640291514836,0.6851106639839034
-0.24006858573515752,0.6374804789172306,0.6851106639839034
-0.2400280099706806,0.6375845913586674,0.6851106639839034
-0.24001192183855655,0.6376887038001041,0.6851106639839034
-0.24000906803976216,0.6377928162415408,0.6851106639839034
-0.24000460200552254,0.6378969286829776,0.6851106639839034
-0.23997458837464827,0.6380010411244144,0.6851106639839034
-0.23995933211279635,0.6381051535658511,0.6851106639839034
-0.23995122122227433,0.6382092660072879,0.6851106639839034
-0.23993605809926377,0.6388339406559084,0.6851106639839034
-0.23991622218069214,0.6388339406559084,0.6861167002012073
-0.23988947072174988,0.6407079646017699,0.6871227364185111
-0.23988603203492384,0.6408120770432066,0.6871227364185111
-0.23979389860447434,0.6410203019260802,0.6871227364185111
-0.2397845805652343,0.6412285268089537,0.6871227364185111
-0.23977682012482726,0.6413326392503904,0.6871227364185111
-0.23972434997507533,0.6417490890161375,0.6881287726358148
-0.2397214899982814,0.6418532014575742,0.6881287726358148
-0.23967652069070708,0.6419573138990109,0.6881287726358148
-0.23967600047649656,0.6420614263404477,0.6881287726358148
-0.2396430264827362,0.6421655387818844,0.6881287726358148
-0.23963085058774772,0.6422696512233211,0.6881287726358148
-0.23962316684310248,0.6424778761061947,0.6881287726358148
-0.2396048984288104,0.6431025507548151,0.6881287726358148
-0.23958570276720964,0.643206663196252,0.6881287726358148
-0.2395731522336432,0.6437272254034357,0.6881287726358148
-0.2395633748924762,0.6439354502863092,0.6891348088531187
-0.23954936261969342,0.644039562727746,0.6891348088531187
-0.23952189580786232,0.64487246225924,0.6901408450704225
-0.23951257437394544,0.6449765747006767,0.6901408450704225
-0.23950926442448922,0.6450806871421135,0.6901408450704225
-0.23950766767772463,0.6451847995835502,0.6901408450704225
-0.23948456837846296,0.6451847995835502,0.6911468812877264
-0.23947977751633892,0.6456012493492972,0.6911468812877264
-0.23945764163867447,0.6464341488807912,0.6911468812877264
-0.2394457507005229,0.6466423737636647,0.6911468812877264
-0.23944485246003513,0.6467464862051016,0.6911468812877264
-0.23942947167737574,0.6468505986465383,0.6911468812877264
-0.2394060853133426,0.6472670484122852,0.6911468812877264
-0.23939686668683768,0.6474752732951587,0.6911468812877264
-0.2393965839132505,0.6479958355023425,0.6911468812877264
-0.23936696371432845,0.6480999479437792,0.6911468812877264
-0.2393494087038215,0.6485163977095263,0.693158953722334
-0.23933908946365653,0.648620510150963,0.693158953722334
-0.23929826085001143,0.6492451847995836,0.6951710261569416
-0.23926730326290996,0.6500780843310776,0.6981891348088531
-0.2392518568455068,0.6501821967725143,0.6981891348088531
-0.23925026802326285,0.6501821967725143,0.6991951710261569
-0.23921731666406484,0.650286309213951,0.6991951710261569
-0.23919493006421808,0.6503904216553879,0.7002012072434608
-0.2391660152527478,0.6505986465382613,0.7002012072434608
-0.23911428543674634,0.6509109838625716,0.7002012072434608
-0.23908579109677772,0.6509109838625716,0.7012072434607646
-0.2390320265644182,0.6522644456012493,0.7022132796780685
-0.239017942686351,0.6523685580426861,0.7022132796780685
-0.23899527418501673,0.6523685580426861,0.7032193158953722
-0.23897857302948425,0.6528891202498699,0.7032193158953722
-0.23897316425839066,0.6535137948984904,0.7052313883299799
-0.23893905110398378,0.6536179073399271,0.7052313883299799
-0.23891139126764793,0.6547631441957313,0.7072434607645876
-0.2388374787557245,0.6549713690786049,0.7082494969818913
-0.23881342569450315,0.6550754815200417,0.7082494969818913
-0.23879842096700932,0.6551795939614784,0.7082494969818913
-0.23878090122805581,0.6552837064029151,0.7082494969818913
-0.23877699844794956,0.6559083810515357,0.7092555331991952
-0.23875581336706106,0.656220718375846,0.7092555331991952
-0.23874312834996564,0.6563248308172827,0.7092555331991952
-0.23871527616477817,0.6567412805830297,0.7092555331991952
-0.23863463803858354,0.6567412805830297,0.710261569416499
-0.23856491869144048,0.6567412805830297,0.7112676056338029
-0.23839959796888943,0.6574700676730869,0.7112676056338029
-0.23831553330053806,0.6574700676730869,0.7122736418511066
-0.23821273863118964,0.6575741801145237,0.7122736418511066
-0.23818635378412487,0.6576782925559604,0.7122736418511066
-0.23813436350197123,0.6580947423217074,0.7122736418511066
-0.23809997169936992,0.6583029672045809,0.7122736418511066
-0.2380675862478182,0.6593440916189485,0.7122736418511066
-0.23804418434174815,0.6594482040603852,0.7122736418511066
-0.23797412811642807,0.6596564289432587,0.7122736418511066
-0.23793559246685586,0.6597605413846954,0.7122736418511066
-0.2378429874373222,0.659968766267569,0.7122736418511066
-0.23779986561933922,0.6602811035918792,0.7122736418511066
-0.2377131090635422,0.660385216033316,0.7122736418511066
-0.23769941466852695,0.6609057782404998,0.7122736418511066
-0.23767096324804945,0.6610098906819365,0.7122736418511066
-0.23764402928108838,0.6617386777719938,0.7122736418511066
-0.2376432908040645,0.6618427902134305,0.7122736418511066
-0.23762887615254308,0.6619469026548672,0.7122736418511066
-0.2375455635436325,0.662051015096304,0.7122736418511066
-0.23754364415835508,0.6621551275377408,0.7122736418511066
-0.237501102590323,0.6622592399791775,0.7122736418511066
-0.23749078116421085,0.6626756897449245,0.7132796780684104
-0.23745992603185315,0.6627798021863612,0.7132796780684104
-0.23742942835619077,0.6629880270692348,0.7132796780684104
-0.23742418438237903,0.6630921395106715,0.7132796780684104
-0.2373907705389406,0.6635085892764185,0.7132796780684104
-0.23728990378239218,0.6636127017178552,0.7132796780684104
-0.2372341267448836,0.6637168141592921,0.7132796780684104
-0.237223262627189,0.6637168141592921,0.7142857142857143
-0.23720903306925456,0.6638209266007288,0.7142857142857143
-0.23714996347745984,0.6644456012493493,0.7142857142857143
-0.2371324482237712,0.6646538261322228,0.7142857142857143
-0.2371160457134187,0.6650702758979699,0.7152917505030181
-0.2370374255629153,0.6651743883394066,0.7152917505030181
-0.23699313963445362,0.6652785007808433,0.7152917505030181
-0.23698055763261744,0.6653826132222801,0.7152917505030181
-0.23693803296367547,0.6673607496095784,0.7152917505030181
-0.23691567566458407,0.6674648620510151,0.7152917505030181
-0.2368724203619759,0.6675689744924519,0.7152917505030181
-0.23683907410716137,0.6676730869338886,0.7152917505030181
-0.23683588099598782,0.6677771993753253,0.7152917505030181
-0.23680093585461442,0.6678813118167621,0.7152917505030181
-0.23672638431167356,0.6679854242581988,0.7152917505030181
-0.23659561341990862,0.6679854242581988,0.716297786720322
-0.23659269278397743,0.6679854242581988,0.7173038229376257
-0.23657783619548794,0.6680895366996356,0.7173038229376257
-0.23655702283743088,0.6682977615825091,0.7183098591549296
-0.23649422202925297,0.6684018740239459,0.7183098591549296
-0.23639848103024996,0.6686100989068193,0.7183098591549296
-0.23639699150569082,0.6689224362311296,0.7183098591549296
-0.2363950572016867,0.6693388859968766,0.7203219315895373
-0.23636170686355876,0.6695471108797502,0.7203219315895373
-0.23634305184735654,0.6715252472670484,0.721327967806841
-0.23632659883127602,0.671733472149922,0.721327967806841
-0.23629313664711368,0.6724622592399792,0.7223340040241448
-0.23622746406890846,0.672566371681416,0.7223340040241448
-0.23620100768100444,0.6729828214471629,0.7223340040241448
-0.2361561145493885,0.6737116085372202,0.7223340040241448
-0.23611056039162567,0.6738157209786569,0.7223340040241448
-0.23610134406919567,0.6741280583029672,0.7223340040241448
-0.2360351120014706,0.6743362831858407,0.7233400402414487
-0.2359740984779066,0.6752732951587714,0.7233400402414487
-0.23595586915227046,0.6755856324830817,0.7243460764587525
-0.235955831098327,0.6757938573659552,0.7243460764587525
-0.23594240776846814,0.675897969807392,0.7253521126760564
-0.23591554515698432,0.6760020822488287,0.7253521126760564
-0.23590718066861457,0.6762103071317023,0.7253521126760564
-0.23585456254066306,0.676314419573139,0.7253521126760564
-0.23581785087840593,0.6772514315460697,0.727364185110664
-0.23566885846593644,0.6773555439875065,0.727364185110664
-0.23566095669562762,0.6774596564289432,0.727364185110664
-0.23562416840470463,0.6775637688703801,0.727364185110664
-0.23561629349477353,0.6777719937532535,0.727364185110664
-0.23558417914438806,0.677980218636127,0.727364185110664
-0.23547905340681488,0.6780843310775637,0.7283702213279678
-0.23542288323755922,0.6780843310775637,0.7293762575452716
-0.23536517296094062,0.6781884435190005,0.7293762575452716
-0.23535328921801332,0.6782925559604372,0.7293762575452716
-0.23534421756290738,0.6785007808433108,0.7293762575452716
-0.2353244500212704,0.6785007808433108,0.7303822937625755
-0.23526988903985177,0.6786048932847475,0.7303822937625755
-0.23526648155701746,0.6787090057261843,0.7303822937625755
-0.2352631013432687,0.6791254554919313,0.7303822937625755
-0.23522005165471901,0.6792295679333681,0.7303822937625755
-0.23517196884094332,0.6794377928162415,0.7303822937625755
-0.23512821807336984,0.6795419052576783,0.7303822937625755
-0.23511916720789156,0.679646017699115,0.7303822937625755
-0.23507732026856595,0.6797501301405517,0.7303822937625755
-0.23507335844979535,0.6799583550234253,0.7303822937625755
-0.235013642545742,0.6803748047891723,0.7303822937625755
-0.2349742116205375,0.680478917230609,0.7303822937625755
-0.23493422273901518,0.6806871421134826,0.7303822937625755
-0.23483356049646828,0.6807912545549193,0.7303822937625755
-0.23481263737339914,0.6809994794377928,0.7303822937625755
-0.23481201185232037,0.6812077043206664,0.7303822937625755
-0.23478332326516554,0.6813118167621031,0.7303822937625755
-0.23472614380542667,0.6814159292035398,0.7303822937625755
-0.2346844307608684,0.6818323789692868,0.7303822937625755
-0.23461608357589533,0.6823529411764706,0.7303822937625755
-0.23448206339962546,0.6824570536179073,0.7303822937625755
-0.23444957953649798,0.6825611660593441,0.7303822937625755
-0.23443258599721414,0.6833940655908382,0.7313883299798792
-0.23439600282291767,0.6839146277980218,0.7313883299798792
-0.23438897586264493,0.6840187402394586,0.7313883299798792
-0.23430766394322008,0.6842269651223322,0.7313883299798792
-0.23419185527322442,0.6843310775637689,0.7313883299798792
-0.23417338628601964,0.6844351900052056,0.7313883299798792
-0.23416690875355656,0.6845393024466424,0.7313883299798792
-0.23415920726827028,0.6849557522123894,0.7313883299798792
-0.2341219979562384,0.6850598646538262,0.7313883299798792
-0.23410518793261215,0.6852680895366996,0.7313883299798792
-0.23409498912555596,0.6855804268610098,0.7313883299798792
-0.2340919224521916,0.6857886517438834,0.7313883299798792
-0.23405905577407785,0.6859968766267569,0.7323943661971831
-0.23401185162186142,0.6861009890681936,0.7323943661971831
-0.23397450119585264,0.6863092139510671,0.7323943661971831
-0.23391521254745,0.6864133263925039,0.7323943661971831
-0.23389169144448,0.6868297761582509,0.7323943661971831
-0.23384708938202242,0.6869338885996876,0.7334004024144869
-0.23376451680020113,0.6872462259239979,0.7334004024144869
-0.23371059869750005,0.6873503383654347,0.7334004024144869
-0.23370941476626914,0.6873503383654347,0.7344064386317908
-0.23368188342164498,0.6879750130140552,0.7344064386317908
-0.2336551873704733,0.6880791254554919,0.7344064386317908
-0.23352939936295228,0.6880791254554919,0.7354124748490946
-0.23344158951346133,0.6883914627798022,0.7364185110663984
-0.23342425155990443,0.6884955752212389,0.738430583501006
-0.23335826611974375,0.6885996876626757,0.738430583501006
-0.23327128267353725,0.6889120249869859,0.738430583501006
-0.23318783035335894,0.689328474752733,0.738430583501006
-0.23318250078574568,0.6896408120770432,0.738430583501006
-0.23311117141603538,0.6897449245184799,0.738430583501006
-0.23310454605538863,0.6907860489328475,0.738430583501006
-0.23304569631314673,0.6981780322748569,0.7515090543259557
-0.23301351731569006,0.6981780322748569,0.7525150905432596
-0.23294495882878274,0.6984903695991671,0.7525150905432596
-0.23292238583051195,0.6986985944820406,0.7525150905432596
-0.23272780332672321,0.6989068193649141,0.7525150905432596
-0.2326870789785253,0.7009890681936491,0.7545271629778671
-0.23267883022642752,0.7022384174908901,0.755533199195171
-0.23261222671390694,0.7022384174908901,0.7565392354124748
-0.23254764817030185,0.7024466423737636,0.7565392354124748
-0.23254637706903294,0.7026548672566372,0.7565392354124748
-0.23253312407570498,0.7030713170223841,0.7565392354124748
-0.23252985738698836,0.7033836543466945,0.7565392354124748
-0.2325144131653702,0.7035918792295679,0.7565392354124748
-0.23242446288075047,0.704008328995315,0.7565392354124748
-0.232389835378801,0.7062988027069235,0.7565392354124748
-0.23226746597508469,0.7080687142113482,0.7565392354124748
-0.23225595097701277,0.71025507548152,0.7575452716297787
-0.23211116284116254,0.7108797501301406,0.7585513078470825
-0.232086450491041,0.711087975013014,0.7595573440643864
-0.23204379245878817,0.7111920874544508,0.7595573440643864
-0.23198260171394533,0.7111920874544508,0.7605633802816901
-0.23197810373062241,0.7114003123373243,0.7605633802816901
-0.23196219628903442,0.7116085372201978,0.7605633802816901
-0.2319022355873862,0.7117126496616346,0.7605633802816901
-0.23187132303769784,0.7120249869859449,0.7605633802816901
-0.23180891862135924,0.7121290994273816,0.7605633802816901
-0.2316924750880888,0.712753774076002,0.761569416498994
-0.23165731865154682,0.7128578865174389,0.761569416498994
-0.2315541012226179,0.7129619989588756,0.761569416498994
-0.23150740445294823,0.7130661114003123,0.761569416498994
-0.23142384703753735,0.7130661114003123,0.7625754527162978
-0.2313935338128913,0.7135866736074961,0.7625754527162978
-0.23136402549562882,0.7137948984903696,0.7625754527162978
-0.2312645104964401,0.7141072358146798,0.7625754527162978
-0.23122223920563562,0.7142113482561167,0.7625754527162978
-0.23118794584056282,0.7147319104633003,0.7625754527162978
-0.2311741661656469,0.7148360229047371,0.7625754527162978
-0.23115977146404082,0.7152524726704841,0.7625754527162978
-0.23113441921240013,0.7154606975533576,0.7645875251509054
-0.23109608320249012,0.7154606975533576,0.7655935613682092
-0.2310774998649049,0.7156689224362311,0.7655935613682092
-0.23107467248568017,0.7160853722019781,0.7655935613682092
-0.23107071335432308,0.7161894846434149,0.7655935613682092
-0.23103280654246527,0.7162935970848516,0.7655935613682092
-0.23102372816705213,0.7166059344091619,0.7655935613682092
-0.23097715430275825,0.7167100468505987,0.7655935613682092
-0.23097611491676753,0.7168141592920354,0.7665995975855131
-0.2309330635192346,0.7169182717334721,0.7665995975855131
-0.23085787856243853,0.7171264966163456,0.7665995975855131
-0.23084405678529588,0.7172306090577824,0.7665995975855131
-0.23079498524179937,0.7173347214992192,0.7665995975855131
-0.2307817271721506,0.7176470588235294,0.7676056338028169
-0.23076468714352047,0.7181676210307132,0.7676056338028169
-0.2306974815061192,0.7185840707964601,0.7676056338028169
-0.23061014888224718,0.718688183237897,0.7676056338028169
-0.2305601256494036,0.718688183237897,0.7686116700201208
-0.2304406906168904,0.7187922956793337,0.7686116700201208
-0.23042677349816112,0.7188964081207704,0.7696177062374245
-0.2304179069834129,0.7193128578865174,0.7696177062374245
-0.23035834547039016,0.7202498698594482,0.7706237424547284
-0.2303288089930063,0.720353982300885,0.7706237424547284
-0.23026927051122803,0.7213951067152524,0.7716297786720322
-0.230204813947834,0.7217074440395628,0.7716297786720322
-0.23011115183070083,0.7223321186881833,0.7716297786720322
-0.23006211504555488,0.72243623112962,0.7716297786720322
-0.23006176908978607,0.7226444560124935,0.7716297786720322
-0.2300441365224951,0.722852680895367,0.7716297786720322
-0.23001530711766566,0.7233732431025508,0.7716297786720322
-0.2299031597808911,0.7237896928682978,0.7716297786720322
-0.22976716417525236,0.7242061426340448,0.7716297786720322
-0.2297294892779611,0.7243102550754815,0.7716297786720322
-0.22970024904662756,0.7246225923997918,0.7716297786720322
-0.2296750032647398,0.7247267048412285,0.7716297786720322
-0.22961735703824276,0.7247267048412285,0.772635814889336
-0.22961563378744074,0.7248308172826653,0.772635814889336
-0.22960344961407964,0.7248308172826653,0.7746478873239436
-0.2294932957527621,0.724934929724102,0.7746478873239436
-0.22947869676327445,0.7250390421655388,0.7746478873239436
-0.2294282968679477,0.7251431546069755,0.7746478873239436
-0.22939039046278514,0.7252472670484122,0.7746478873239436
-0.22926999118429203,0.7253513794898491,0.7746478873239436
-0.2292501215923696,0.7256637168141593,0.7746478873239436
-0.22920322084743827,0.725767829255596,0.7746478873239436
-0.2291495111537205,0.7258719416970328,0.7746478873239436
-0.2290902775126749,0.7262883914627798,0.7746478873239436
-0.22904081165663065,0.7263925039042165,0.7746478873239436
-0.22896953258285394,0.7263925039042165,0.7756539235412475
-0.22881336673009386,0.7264966163456533,0.7756539235412475
-0.22874594960950914,0.7268089536699636,0.7766599597585513
-0.22867734296604134,0.7270171785528371,0.7766599597585513
-0.22858212959972007,0.7275377407600209,0.7766599597585513
-0.22854896565782234,0.7278500780843311,0.7766599597585513
-0.22844779443506397,0.7279541905257678,0.7776659959758552
-0.2284119608482187,0.7280583029672045,0.778672032193159
-0.2283496884805689,0.7285788651743883,0.778672032193159
-0.22833937363363868,0.7307652264445601,0.7816901408450704
-0.22833408565069505,0.7308693388859969,0.7816901408450704
-0.22830266580843672,0.7313899010931806,0.783702213279678
-0.22829066158842243,0.7315981259760541,0.783702213279678
-0.2281922494114868,0.7317022384174909,0.783702213279678
-0.22816849488152957,0.7320145757418012,0.783702213279678
-0.2281190011374143,0.7327433628318584,0.783702213279678
-0.228082155882435,0.7332639250390421,0.783702213279678
-0.22807416628730715,0.733368037480479,0.783702213279678
-0.22806003387642818,0.7343050494534097,0.7847082494969819
-0.22796476693213677,0.7344091618948464,0.7847082494969819
-0.22793459596483764,0.7345132743362832,0.7847082494969819
-0.22784375728691333,0.7351379489849037,0.7847082494969819
-0.22770432796357143,0.7355543987506507,0.7847082494969819
-0.22770222562917336,0.7380530973451327,0.7847082494969819
-0.22758858294440978,0.7381572097865695,0.7847082494969819
-0.22754734078032932,0.7385736595523165,0.7847082494969819
-0.22752836065171964,0.7388859968766267,0.7857142857142857
-0.22730048011480955,0.7389901093180635,0.7877263581488934
-0.22718679239947062,0.7390942217595002,0.7877263581488934
-0.2271603790644446,0.7393024466423738,0.7877263581488934
-0.2270677661235677,0.7395106715252473,0.7877263581488934
-0.22704221120658186,0.7408641332639251,0.7877263581488934
-0.22702878620366349,0.7409682457053618,0.7877263581488934
-0.22700030166361382,0.741280583029672,0.7877263581488934
-0.22698352228870852,0.7413846954711087,0.7877263581488934
-0.22690266360260805,0.7420093701197293,0.7877263581488934
-0.22682422475978878,0.7432587194169703,0.7887323943661971
-0.22671755460531443,0.7434669442998438,0.7887323943661971
-0.22671640609944865,0.7442998438313378,0.7887323943661971
-0.2266996477094939,0.7449245184799583,0.7907444668008048
-0.22663659271283904,0.7450286309213952,0.7907444668008048
-0.22662003816033438,0.7451327433628319,0.7907444668008048
-0.22643401265581428,0.7457574180114523,0.7907444668008048
-0.22640233090721754,0.7470067673086934,0.7907444668008048
-0.22632191116249084,0.7473191046330037,0.7907444668008048
-0.22627181646870892,0.7475273295158772,0.7907444668008048
-0.22554754894587073,0.7492972410203019,0.7927565392354124
-0.22553612567144352,0.7497136907860489,0.7937625754527163
-0.22537965444150612,0.7499219156689224,0.7937625754527163
-0.22536678436450872,0.7500260281103592,0.7987927565392354
-0.22530952739408397,0.7502342529932327,0.7987927565392354
-0.22528987153457414,0.7503383654346695,0.7987927565392354
-0.2252233123748604,0.7505465903175429,0.7987927565392354
-0.22516878522808792,0.7507548152004164,0.7987927565392354
-0.2250212263601005,0.7508589276418532,0.7987927565392354
-0.22489197519759616,0.7511712649661635,0.8008048289738431
-0.22488459602754296,0.7512753774076002,0.8008048289738431
-0.22471653775725595,0.751795939614784,0.8028169014084507
-0.22469028265227173,0.7522123893805309,0.8028169014084507
-0.22466017069999683,0.7523165018219677,0.8048289738430584
-0.2246367309572137,0.7525247267048413,0.8048289738430584
-0.22459683872623587,0.752628839146278,0.8058350100603622
-0.2245575372043884,0.7527329515877147,0.8058350100603622
-0.22454826939042877,0.753461738677772,0.8058350100603622
-0.22448952075800765,0.7548152004164498,0.8088531187122736
-0.22445647782282369,0.7552316501821967,0.8088531187122736
-0.22433068083340874,0.7553357626236336,0.8088531187122736
-0.22421255897060582,0.7554398750650703,0.8088531187122736
-0.2240291062018928,0.7554398750650703,0.8098591549295775
-0.2239926040750116,0.7554398750650703,0.8108651911468813
-0.22388229419474057,0.755543987506507,0.8118712273641852
-0.2238142461234903,0.7558563248308173,0.8118712273641852
-0.22378525211748057,0.757209786569495,0.8128772635814889
-0.22372740510210412,0.7583550234252994,0.8148893360160966
-0.22365241847368844,0.7584591358667361,0.8148893360160966
-0.22359834413365154,0.7586673607496096,0.8148893360160966
-0.22356165962206898,0.7611660593440917,0.8158953722334004
-0.22354054543275917,0.7612701717855284,0.8158953722334004
-0.22345603054193353,0.7616866215512754,0.8158953722334004
-0.22342647648729408,0.7632483081728266,0.8209255533199196
-0.22339826862816842,0.7642894325871942,0.8219315895372233
-0.2231953642729536,0.7646017699115044,0.8219315895372233
-0.22311451931070186,0.7650182196772515,0.8219315895372233
-0.2230737586221968,0.7651223321186882,0.8219315895372233
-0.2230568456753432,0.7668922436231129,0.8229376257545271
-0.22302867342495533,0.76730869338886,0.8229376257545271
-0.22299906951093043,0.7674128058302967,0.823943661971831
-0.22291313984434663,0.7677251431546069,0.823943661971831
-0.22288363745613418,0.7678292555960438,0.823943661971831
-0.22286801544833426,0.7683498178032275,0.8259557344064387
-0.2228199806896019,0.7703279541905258,0.829979879275654
-0.22277387370985477,0.7711608537220198,0.829979879275654
-0.22276423115164823,0.7733472149921916,0.829979879275654
-0.2227262085574674,0.7734513274336283,0.829979879275654
-0.22266377977128948,0.773555439875065,0.829979879275654
-0.22265847212089973,0.7759500260281104,0.829979879275654
-0.22256831556046358,0.7767829255596044,0.829979879275654
-0.2224549005468145,0.7784487246225924,0.829979879275654
-0.22226317620438696,0.7788651743883394,0.8329979879275654
-0.2222592570041901,0.780322748568454,0.8329979879275654
-0.22212863772114158,0.7833420093701198,0.8340040241448692
-0.22109468428807885,0.78365434669443,0.8340040241448692
-0.2210711514321619,0.7839666840187403,0.8340040241448692
-0.22094979528271103,0.7842790213430505,0.8340040241448692
-0.22092627784847685,0.784487246225924,0.8340040241448692
-0.22077802618928555,0.7845913586673607,0.8340040241448692
-0.22064822552020055,0.7847995835502343,0.8340040241448692
-0.22046513324808653,0.7852160333159812,0.8340040241448692
-0.22033220685236002,0.785320145757418,0.8340040241448692
-0.2202132622564397,0.785736595523165,0.8340040241448692
-0.22019874235361447,0.7859448204060385,0.8340040241448692
-0.22018766130495526,0.786569495054659,0.8350100603621731
-0.2201831973168285,0.7867777199375325,0.8350100603621731
-0.22017637645648105,0.7881311816762103,0.8400402414486922
-0.22017281154391824,0.788235294117647,0.8400402414486922
-0.22016202740062454,0.7892764185320146,0.8400402414486922
-0.22014937681020857,0.7893805309734513,0.8400402414486922
-0.2199361073118852,0.7903175429463821,0.8400402414486922
-0.21992335308879504,0.7905257678292555,0.8400402414486922
-0.21990782749324747,0.7907339927121291,0.8400402414486922
-0.21989786655536378,0.7909422175950026,0.8400402414486922
-0.21987230227029061,0.7914627798021864,0.8400402414486922
-0.21984369932908054,0.7917751171264966,0.8400402414486922
-0.2198107633975065,0.7921915668922436,0.8400402414486922
-0.21971514102289041,0.7927121290994273,0.8410462776659959
-0.21951892721030486,0.7927121290994273,0.8420523138832998
-0.2194641268619028,0.7928162415408642,0.8420523138832998
-0.2194403565690408,0.7932326913066111,0.8440643863179075
-0.21937372369288793,0.7937532535137949,0.8440643863179075
-0.21929716103042834,0.7955231650182196,0.8460764587525151
-0.2192958143628671,0.7956272774596564,0.8460764587525151
-0.21926042365974538,0.7972930765226445,0.8470824949698189
-0.2191896563363006,0.7976054138469547,0.8490945674044266
-0.21915210420300205,0.7990629880270692,0.8501006036217303
-0.21899883125193212,0.7997917751171265,0.8501006036217303
-0.21882995197716648,0.8006246746486205,0.8511066398390342
-0.2187003791905154,0.8010411244143675,0.8511066398390342
-0.21845052434694573,0.8033315981259761,0.8531187122736419
-0.21840633586120342,0.8040603852160333,0.8531187122736419
-0.21837861733852543,0.8041644976574701,0.8531187122736419
-0.21836572553485387,0.8057261842790213,0.8541247484909457
-0.21808101050591613,0.8062467464862051,0.8541247484909457
-0.21794543049724996,0.8065590838105153,0.8561368209255533
-0.21783186326178633,0.8148880791254555,0.8611670020120724
-0.21781004746792135,0.8169703279541906,0.8611670020120724
-0.21756210792479086,0.818427902134305,0.8611670020120724
-0.21747741090208142,0.8200937011972931,0.8631790744466801
-0.2174030426147021,0.8240499739718896,0.8702213279678068
-0.2173423185964924,0.8285268089536699,0.8722334004024145
-0.21684289140101692,0.8286309213951067,0.8722334004024145
-0.21672798106847743,0.8288391462779802,0.8722334004024145
-0.2166238286519843,0.828943258719417,0.8732394366197183
-0.2163736841090467,0.8296720458094742,0.8742454728370221
-0.2161550953706611,0.830192608016658,0.8742454728370221
-0.21608553449637313,0.8312337324310255,0.8742454728370221
-0.21589181815871064,0.8315460697553357,0.8752515090543259
-0.21583601154408114,0.8338365434669442,0.8772635814889336
-0.21578806757490754,0.8344612181155648,0.8782696177062375
-0.21573228777912143,0.8352941176470589,0.8782696177062375
-0.21567371621921919,0.8364393545028631,0.8802816901408451
-0.21561796598250618,0.8373763664757938,0.8832997987927566
-0.2153211427235918,0.8394586153045289,0.8853118712273642
-0.21526548362480774,0.8401874023945861,0.8873239436619719
-0.21510361730163713,0.8410203019260801,0.8873239436619719
-0.2150480144317436,0.8410203019260801,0.8883299798792756
-0.21176452709983087,0.8521603331598125,0.9014084507042254
-0.2111896081725694,0.8569495054659032,0.9054325955734407
-0.21114640873367385,0.8623633524206142,0.9104627766599598
-0.21112982300608993,0.863716814159292,0.9124748490945674
-0.2110866357964213,0.879229567933368,0.9185110663983903
-0.20140534235916066,0.8799583550234253,0.9195171026156942
-0.20127335628349288,0.8820406038521603,0.9195171026156942
-0.20107002245756206,0.8826652785007808,0.9195171026156942
-0.2008264304748337,0.8909942738157209,0.9285714285714286
-0.2006235481499672,0.9111920874544508,0.937625754527163
-0.20059699577263218,0.9257678292555961,0.9416498993963782
-0.20039434523122995,1.0,1.0
1.0,1.0,1.0