threshold,fpr,tpr
-14952.927731741493,0.0,0.0
-11925.862652246617,0.0,0.00022655188038060717
-11259.348209459764,0.0,0.00045310376076121433
-10288.07273763085,0.0,0.0006796556411418215
-10187.120570351151,0.0,0.0009062075215224287
-9497.150577322305,0.0,0.0011327594019030357
-9310.823645658156,0.0,0.001359311282283643
-8761.069056997485,0.0,0.0015858631626642502
-8750.947493734695,0.0,0.0018124150430448573
-8620.063130617724,0.0,0.0020389669234254643
-8352.033645194704,0.0,0.0022655188038060714
-7951.279863286816,0.0,0.0024920706841866785
-7731.314485010249,0.0,0.002718622564567286
-7587.064672223285,0.0,0.0029451744449478933
-7563.617185869314,0.0,0.0031717263253285004
-7516.617258117266,0.0,0.0033982782057091075
-6992.554854081848,0.0,0.0036248300860897147
-6894.835485750006,0.0,0.003851381966470322
-6788.446413600701,0.0,0.0040779338468509285
-6786.779607737084,0.0,0.004304485727231536
-6487.010297446631,0.0,0.004531037607612143
-6296.422161001109,0.0,0.00475758948799275
-6079.401847645658,0.0,0.004984141368373357
-6058.892588932358,0.0,0.005210693248753965
-5986.375811934633,0.0,0.005437245129134572
-5699.694752961144,0.0,0.005663797009515179
-5685.935163198848,0.0,0.0058903488898957865
-5656.173096842854,0.0,0.006116900770276394
-5580.525817781726,0.0,0.006343452650657001
-5524.020217037544,0.0,0.006570004531037608
-5474.581601161521,0.0,0.006796556411418215
-5387.870678663572,0.0,0.007023108291798822
-5384.35554615674,0.0,0.007249660172179429
-5258.957713140814,0.0,0.0074762120525600365
-5199.301063596351,0.0,0.007702763932940644
-5153.653138468604,0.0,0.00792931581332125
-5138.623383805267,0.0,0.008155867693701857
-5127.893142383886,0.0,0.008382419574082464
-5072.11949799407,0.0,0.008608971454463071
-4987.024520218577,0.0,0.008835523334843678
-4938.075171661411,0.0,0.009062075215224286
-4919.570623398802,0.0,0.009288627095604893
-4863.369461761687,0.0,0.0095151789759855
-4821.606869203936,0.0,0.009741730856366107
-4645.847759958234,0.0,0.009968282736746714
-4627.862214208249,0.0,0.010194834617127321
-4507.225135876874,0.0,0.01042138649750793
-4495.0209368288815,0.0,0.010647938377888537
-4352.802763190374,0.0,0.010874490258269144
-4292.651236379386,0.0,0.011101042138649752
-4285.271148308738,0.0,0.011327594019030359
-4233.784429674797,0.0,0.011554145899410966
-4224.539987054351,0.0,0.011780697779791573
-4216.903851931311,0.0,0.01200724966017218
-4211.099830823088,0.0,0.012233801540552787
-4182.581293952602,0.0,0.012460353420933394
-4163.235308399962,0.0,0.012686905301314002
-4152.052941782104,0.0,0.012913457181694609
-4069.2810806207654,0.0,0.013140009062075216
-4021.478430064294,0.0,0.013366560942455823
-4018.292681519225,0.0,0.01359311282283643
-4006.8712325278566,0.0,0.013819664703217037
-3996.3388816506686,0.0,0.014046216583597644
-3981.2910176279183,0.0,0.014272768463978252
-3955.961753767628,0.0,0.014499320344358859
-3943.0937072461074,0.0,0.014725872224739466
-3889.370574086657,0.0,0.014952424105120073
-3783.500514713683,0.0,0.01517897598550068
-3752.819594302738,0.0,0.015405527865881287
-3745.0753001700814,0.0,0.015632079746261893
-3736.8470674088167,0.0,0.0158586316266425
-3723.4346622525927,0.0,0.016085183507023107
-3711.779064390676,0.0,0.016311735387403714
-3690.3936646482684,0.0,0.01653828726778432
-3677.179528004134,0.0,0.01676483914816493
-3668.6955608670714,0.0,0.016991391028545536
-3649.6658637333467,0.0,0.017217942908926143
-3648.4013073037195,0.0,0.01744449478930675
-3639.9164921805523,0.0,0.017671046669687357
-3638.1559309683894,0.0,0.017897598550067964
-3637.396886260275,0.0,0.01812415043044857
-3590.281130647527,0.0,0.01835070231082918
-3581.4732323367675,0.0,0.018577254191209785
-3544.837636657128,0.0,0.019030357951971
-3526.3631196313117,0.0,0.019256909832351607
-3517.658592431694,0.0,0.019483461712732214
-3516.3604814791065,0.0,0.01971001359311282
-3491.4910127392604,0.0,0.01993656547349343
-3484.316195285893,0.0,0.020163117353874035
-3452.1617928166825,0.0,0.020389669234254643
-3438.7021511256385,0.0,0.02061622111463525
-3438.3799274739235,0.0,0.02084277299501586
-3402.1474669267354,0.0,0.021069324875396468
-3401.209234208916,0.0,0.021295876755777075
-3398.5293881121042,0.0,0.021522428636157682
-3395.563536159362,0.0,0.02174898051653829
-3377.3360098612834,0.00040551500405515005,0.02174898051653829
-3368.7674261844563,0.00040551500405515005,0.021975532396918896
-3327.465700970351,0.00040551500405515005,0.022202084277299503
-3324.949351076751,0.00040551500405515005,0.02242863615768011
-3313.0323254786967,0.00040551500405515005,0.022655188038060717
-3311.203145796581,0.00040551500405515005,0.022881739918441325
-3296.064860603693,0.00040551500405515005,0.023108291798821932
-3281.1695790052554,0.00040551500405515005,0.02333484367920254
-3280.94512134252,0.00040551500405515005,0.023561395559583146
-3273.1784948280856,0.00040551500405515005,0.023787947439963753
-3240.407192087042,0.00040551500405515005,0.02401449932034436
-3237.295921101937,0.00040551500405515005,0.024241051200724967
-3188.6743516558013,0.00040551500405515005,0.024467603081105575
-3172.198321222376,0.00040551500405515005,0.024694154961486182
-3148.6455821569925,0.00040551500405515005,0.02492070684186679
-3138.317026107119,0.00040551500405515005,0.025147258722247396
-3138.0043322763863,0.00040551500405515005,0.025373810602628003
-3131.613127400919,0.00040551500405515005,0.02560036248300861
-3101.914329965718,0.00040551500405515005,0.025826914363389217
-3074.424934132548,0.00040551500405515005,0.026053466243769825
-3073.3284592535165,0.00040551500405515005,0.02628001812415043
-3044.3762624754745,0.00040551500405515005,0.02650657000453104
-3018.275277552182,0.00040551500405515005,0.026733121884911646
-3011.7039422911876,0.00040551500405515005,0.026959673765292253
-2982.5667989585077,0.00040551500405515005,0.02718622564567286
-2969.314581627912,0.00040551500405515005,0.027412777526053467
-2968.8259327426595,0.00040551500405515005,0.027639329406434075
-2942.419962400191,0.00040551500405515005,0.02786588128681468
-2928.1024457282733,0.00040551500405515005,0.02809243316719529
-2916.6093414409443,0.00040551500405515005,0.028318985047575896
-2913.688566619359,0.00040551500405515005,0.028545536927956503
-2895.751286365725,0.00040551500405515005,0.02877208880833711
-2889.5526515311785,0.00040551500405515005,0.028998640688717717
-2817.870329048045,0.00040551500405515005,0.029225192569098325
-2788.532028463478,0.00040551500405515005,0.02945174444947893
-2766.970119476472,0.00040551500405515005,0.02967829632985954
-2745.7162413599385,0.00040551500405515005,0.029904848210240146
-2740.1518742952826,0.00040551500405515005,0.030131400090620753
-2733.120824580029,0.00040551500405515005,0.03035795197100136
-2731.451761678663,0.00040551500405515005,0.030584503851381967
-2726.0759572090524,0.00040551500405515005,0.030811055731762575
-2694.7669829408214,0.00040551500405515005,0.03103760761214318
-2686.4981654415383,0.00040551500405515005,0.031264159492523785
-2664.820008577137,0.00040551500405515005,0.03149071137290439
-2653.984240896318,0.00040551500405515005,0.031717263253285
-2644.6956702506964,0.00040551500405515005,0.03194381513366561
-2621.3674929649437,0.00040551500405515005,0.032170367014046214
-2609.278730911073,0.00040551500405515005,0.03239691889442682
-2601.279424783552,0.00040551500405515005,0.03262347077480743
-2562.730995221938,0.00040551500405515005,0.032850022655188035
-2562.5613983409435,0.00040551500405515005,0.03330312641594925
-2558.5584291499063,0.00040551500405515005,0.03352967829632986
-2538.412995367761,0.00040551500405515005,0.033756230176710464
-2519.43620619523,0.00040551500405515005,0.03398278205709107
-2508.462785630309,0.00040551500405515005,0.03420933393747168
-2507.3053334075807,0.00040551500405515005,0.034435885817852285
-2498.426462845265,0.00040551500405515005,0.03466243769823289
-2497.9673051235673,0.00040551500405515005,0.0348889895786135
-2487.727023846604,0.00040551500405515005,0.03511554145899411
-2486.407594750628,0.00040551500405515005,0.035342093339374714
-2486.002230641588,0.00040551500405515005,0.03556864521975532
-2483.9504465334226,0.00040551500405515005,0.03579519710013593
-2483.8312412330474,0.00040551500405515005,0.036021748980516535
-2471.9550289072413,0.00040551500405515005,0.03624830086089714
-2462.7593332147276,0.00040551500405515005,0.03647485274127775
-2443.501133330869,0.00040551500405515005,0.03670140462165836
-2435.5867354749575,0.00040551500405515005,0.036927956502038964
-2413.665888790719,0.00040551500405515005,0.03715450838241957
-2413.512331427363,0.00040551500405515005,0.03738106026280018
-2412.1905829677826,0.00040551500405515005,0.037607612143180785
-2408.034752840411,0.00040551500405515005,0.03783416402356139
-2400.6819314702384,0.00040551500405515005,0.038060715903942
-2400.6478510444613,0.00040551500405515005,0.03828726778432261
-2395.4955263164316,0.00040551500405515005,0.038513819664703214
-2371.1973239605945,0.00040551500405515005,0.03874037154508382
-2367.787613915713,0.00040551500405515005,0.03896692342546443
-2365.202695543007,0.00040551500405515005,0.039193475305845035
-2363.6288055441382,0.00040551500405515005,0.03942002718622564
-2360.766966721859,0.00040551500405515005,0.03964657906660625
-2360.5353408485203,0.00040551500405515005,0.03987313094698686
-2357.3480527948436,0.00040551500405515005,0.040099682827367464
-2337.4241204335895,0.00040551500405515005,0.04032623470774807
-2330.9972154058546,0.00040551500405515005,0.04055278658812868
-2324.1776905545403,0.00040551500405515005,0.040779338468509285
-2319.6764564052423,0.00040551500405515005,0.04100589034888989
-2319.1163076345338,0.00040551500405515005,0.0412324422292705
-2318.5132192489737,0.00040551500405515005,0.04145899410965111
-2308.3191144036346,0.00040551500405515005,0.04168554599003172
-2293.3487791482075,0.00040551500405515005,0.04191209787041233
-2288.9403482647226,0.00040551500405515005,0.042138649750792935
-2279.8666866349126,0.00040551500405515005,0.04236520163117354
-2279.1055768296014,0.00040551500405515005,0.04259175351155415
-2275.0702854202086,0.00040551500405515005,0.042818305391934756
-2260.408736789453,0.00040551500405515005,0.043044857272315364
-2233.0472886502935,0.00040551500405515005,0.04327140915269597
-2185.2512030336684,0.00040551500405515005,0.04349796103307658
-2183.7990058717282,0.00040551500405515005,0.043724512913457185
-2164.302792657437,0.00040551500405515005,0.04395106479383779
-2149.595467503899,0.00040551500405515005,0.0441776166742184
-2147.6739963127593,0.00040551500405515005,0.044404168554599006
-2146.812585514982,0.00040551500405515005,0.044630720434979614
-2135.1972445438832,0.00040551500405515005,0.04485727231536022
-2134.893952022549,0.00040551500405515005,0.04508382419574083
-2132.076842983573,0.00040551500405515005,0.045310376076121435
-2128.5972639642755,0.00040551500405515005,0.04553692795650204
-2127.2361201578115,0.00040551500405515005,0.04576347983688265
-2122.2825620308945,0.00040551500405515005,0.045990031717263256
-2116.177823740077,0.00040551500405515005,0.046216583597643864
-2109.872588434611,0.00040551500405515005,0.04666968735840508
-2106.855579889858,0.00040551500405515005,0.046896239238785685
-2095.0419100889044,0.00040551500405515005,0.04712279111916629
-2086.2968941059557,0.00040551500405515005,0.0473493429995469
-2072.538475180247,0.00040551500405515005,0.047575894879927506
-2068.5798907946487,0.00040551500405515005,0.047802446760308114
-2065.561705462068,0.00040551500405515005,0.04802899864068872
-2056.4674037528657,0.00040551500405515005,0.04825555052106933
-2049.6615954581353,0.00040551500405515005,0.048482102401449935
-2048.464057674288,0.00040551500405515005,0.04870865428183054
-2046.2581627057364,0.00040551500405515005,0.04893520616221115
-2042.6715544778638,0.00040551500405515005,0.049161758042591756
-2016.6348967835163,0.00040551500405515005,0.049388309922972363
-2015.8047759587937,0.00040551500405515005,0.04961486180335297
-2007.1934631219658,0.00040551500405515005,0.04984141368373358
-2006.8559406700404,0.00040551500405515005,0.050067965564114185
-2002.1818188232585,0.00040551500405515005,0.05029451744449479
-2001.5826393715881,0.00040551500405515005,0.0505210693248754
-1994.738600772301,0.00040551500405515005,0.050747621205256006
-1990.5230358318006,0.00040551500405515005,0.050974173085636613
-1972.5870700952185,0.00040551500405515005,0.05120072496601722
-1970.9220736208192,0.00040551500405515005,0.05142727684639783
-1960.1168954501284,0.00040551500405515005,0.051653828726778435
-1958.646151430997,0.00040551500405515005,0.05188038060715904
-1958.2243370740064,0.00040551500405515005,0.05210693248753965
-1954.818757422818,0.00040551500405515005,0.052333484367920256
-1951.117623520093,0.00040551500405515005,0.05256003624830086
-1949.1489009909221,0.00040551500405515005,0.05278658812868147
-1941.4769740106979,0.00040551500405515005,0.05301314000906208
-1939.656050626406,0.00040551500405515005,0.053239691889442685
-1938.980910963173,0.00040551500405515005,0.05346624376982329
-1933.4010775666377,0.00040551500405515005,0.0536927956502039
-1929.5751175495247,0.00040551500405515005,0.053919347530584506
-1928.0832701635388,0.00040551500405515005,0.05414589941096511
-1925.5090047130648,0.00040551500405515005,0.05437245129134572
-1924.337018070852,0.00040551500405515005,0.05459900317172633
-1924.0105969577928,0.00040551500405515005,0.054825555052106935
-1912.2919143934366,0.00040551500405515005,0.05505210693248754
-1902.3322315735743,0.00040551500405515005,0.05527865881286815
-1901.3898257495603,0.00040551500405515005,0.055505210693248756
-1896.123279285054,0.00040551500405515005,0.05573176257362936
-1894.9079751989987,0.00040551500405515005,0.05595831445400997
-1882.7216597218421,0.00040551500405515005,0.05618486633439058
-1882.1079646136877,0.00040551500405515005,0.056411418214771185
-1874.1814381099516,0.00040551500405515005,0.05663797009515179
-1873.6130064159556,0.00040551500405515005,0.057091073855913006
-1863.9237889766268,0.00040551500405515005,0.05731762573629361
-1855.1283396406318,0.00040551500405515005,0.05754417761667422
-1848.4698171287937,0.00040551500405515005,0.05777072949705483
-1848.3790671588772,0.00040551500405515005,0.057997281377435435
-1840.0834159735546,0.00040551500405515005,0.05822383325781604
-1830.9364888653713,0.00040551500405515005,0.05845038513819665
-1830.3942276927473,0.00040551500405515005,0.058676937018577256
-1824.9501321944756,0.00040551500405515005,0.05890348889895786
-1812.7691340152378,0.00040551500405515005,0.05913004077933847
-1812.4756062790902,0.00040551500405515005,0.05935659265971908
-1810.0905351601787,0.00040551500405515005,0.059583144540099685
-1809.1358626117565,0.00040551500405515005,0.05980969642048029
-1807.7592432802603,0.00040551500405515005,0.0600362483008609
-1801.943963060779,0.00040551500405515005,0.060262800181241506
-1801.716044469816,0.00040551500405515005,0.06048935206162211
-1795.9958406918524,0.00040551500405515005,0.06071590394200272
-1795.7067037537238,0.00040551500405515005,0.06094245582238333
-1794.3926910769744,0.00040551500405515005,0.061169007702763935
-1788.8123030620227,0.00040551500405515005,0.06139555958314454
-1787.772505480536,0.00040551500405515005,0.06162211146352515
-1785.1720319988603,0.00040551500405515005,0.061848663343905756
-1781.946147451469,0.00040551500405515005,0.06207521522428636
-1781.0031160347164,0.00040551500405515005,0.06230176710466697
-1780.7872189389946,0.00040551500405515005,0.06252831898504757
-1777.3484160634046,0.00040551500405515005,0.06298142274580878
-1762.8480280131344,0.00040551500405515005,0.06320797462618939
-1754.4322567698587,0.00040551500405515005,0.06343452650657
-1752.601514651462,0.00040551500405515005,0.0636610783869506
-1745.0236868854556,0.00040551500405515005,0.06388763026733121
-1742.1832146458812,0.00040551500405515005,0.06411418214771182
-1737.0107011387731,0.00040551500405515005,0.06434073402809243
-1736.1635806988,0.00040551500405515005,0.06456728590847303
-1735.2850658348746,0.00040551500405515005,0.06479383778885364
-1735.2427320303893,0.00040551500405515005,0.06502038966923425
-1732.3212504924177,0.00040551500405515005,0.06524694154961486
-1730.731217387142,0.00040551500405515005,0.06547349342999546
-1722.863544492809,0.00040551500405515005,0.06570004531037607
-1721.449948364995,0.00040551500405515005,0.06592659719075668
-1718.9336233491629,0.00040551500405515005,0.06615314907113728
-1717.83314024177,0.00040551500405515005,0.06637970095151789
-1717.686212009519,0.00040551500405515005,0.0666062528318985
-1717.5777619756996,0.00040551500405515005,0.0668328047122791
-1709.2090481602957,0.00040551500405515005,0.06705935659265971
-1699.1801519188532,0.00040551500405515005,0.06728590847304032
-1693.9585279353855,0.00040551500405515005,0.06751246035342093
-1686.9699879580066,0.00040551500405515005,0.06773901223380153
-1682.707571776035,0.00040551500405515005,0.06796556411418214
-1676.0687299344413,0.00040551500405515005,0.06819211599456275
-1674.8103773182174,0.00040551500405515005,0.06841866787494336
-1672.5295027360828,0.00040551500405515005,0.06864521975532396
-1669.399655810091,0.00040551500405515005,0.06887177163570457
-1665.4530229999525,0.00040551500405515005,0.06909832351608518
-1665.381395006992,0.00040551500405515005,0.06932487539646578
-1657.0457468004277,0.00040551500405515005,0.06955142727684639
-1652.106734738365,0.00040551500405515005,0.069777979157227
-1651.945167168297,0.00040551500405515005,0.0700045310376076
-1650.6713236489563,0.00040551500405515005,0.07023108291798821
-1643.5875787386299,0.00040551500405515005,0.07045763479836882
-1638.5499737806683,0.00040551500405515005,0.07068418667874943
-1630.2993032522086,0.00040551500405515005,0.07091073855913003
-1626.8763992254792,0.00040551500405515005,0.07113729043951064
-1626.1640000516957,0.00040551500405515005,0.07136384231989125
-1622.9027258308054,0.00040551500405515005,0.07181694608065246
-1620.4709852116173,0.00040551500405515005,0.07204349796103307
-1617.6061813457761,0.00040551500405515005,0.07227004984141368
-1613.298097128892,0.00040551500405515005,0.07249660172179428
-1611.5147873881847,0.00040551500405515005,0.07272315360217489
-1608.3052594773378,0.00040551500405515005,0.0729497054825555
-1605.2885964218121,0.00040551500405515005,0.0731762573629361
-1604.9311708094308,0.00040551500405515005,0.07340280924331671
-1597.3357004709933,0.00040551500405515005,0.07362936112369732
-1597.0411691308634,0.00040551500405515005,0.07385591300407793
-1594.1595099975125,0.00040551500405515005,0.07408246488445853
-1591.5841157689094,0.00040551500405515005,0.07430901676483914
-1591.0887344122884,0.00040551500405515005,0.07453556864521975
-1590.2319502131186,0.00040551500405515005,0.07476212052560036
-1579.2140047579906,0.00040551500405515005,0.07498867240598096
-1577.5654524831289,0.00040551500405515005,0.07521522428636157
-1573.5450234504221,0.00040551500405515005,0.07544177616674218
-1570.6398194981764,0.00040551500405515005,0.07566832804712278
-1564.847517929628,0.00040551500405515005,0.07589487992750339
-1564.0812084661309,0.00040551500405515005,0.076121431807884
-1560.2242272146643,0.00040551500405515005,0.0763479836882646
-1559.0579537650383,0.00040551500405515005,0.07657453556864521
-1557.9926025348227,0.00040551500405515005,0.07680108744902582
-1555.5889757319646,0.00040551500405515005,0.07702763932940643
-1541.251272761375,0.00040551500405515005,0.07725419120978703
-1540.1760473706825,0.00040551500405515005,0.07748074309016764
-1536.2283830997599,0.00040551500405515005,0.07770729497054825
-1533.5742170112671,0.00040551500405515005,0.07793384685092886
-1527.5595315483965,0.00040551500405515005,0.07816039873130946
-1523.1304103790226,0.00040551500405515005,0.07838695061169007
-1516.4511540328997,0.00040551500405515005,0.07861350249207068
-1513.2722072689303,0.00040551500405515005,0.07884005437245128
-1511.7246078427236,0.00040551500405515005,0.07906660625283189
-1507.4294686102348,0.00040551500405515005,0.0792931581332125
-1500.3273592285395,0.00040551500405515005,0.0795197100135931
-1497.7935826715886,0.00040551500405515005,0.07974626189397371
-1495.6550053239523,0.00040551500405515005,0.07997281377435432
-1490.2510246586953,0.00040551500405515005,0.08019936565473493
-1485.3033010076813,0.00040551500405515005,0.08042591753511553
-1480.7192342389728,0.00040551500405515005,0.08065246941549614
-1477.5317763374742,0.00040551500405515005,0.08087902129587675
-1474.6461210821674,0.00040551500405515005,0.08110557317625736
-1473.105746417194,0.00040551500405515005,0.08133212505663796
-1468.9588654337517,0.00040551500405515005,0.08155867693701857
-1468.9495191230471,0.00040551500405515005,0.08178522881739918
-1465.83036672439,0.00040551500405515005,0.08201178069777978
-1465.4259114821434,0.00040551500405515005,0.08223833257816039
-1461.3907786402663,0.00040551500405515005,0.082464884458541
-1454.996988635724,0.00040551500405515005,0.0826914363389216
-1453.5404790155078,0.00040551500405515005,0.08291798821930221
-1451.5822522648848,0.00040551500405515005,0.08314454009968282
-1448.9902933451035,0.00040551500405515005,0.08337109198006344
-1448.2155130344227,0.00040551500405515005,0.08359764386044405
-1446.7382569967172,0.00040551500405515005,0.08382419574082466
-1446.2749923936278,0.00040551500405515005,0.08405074762120526
-1445.5546603257872,0.00040551500405515005,0.08427729950158587
-1444.6860364306938,0.00040551500405515005,0.08450385138196648
-1439.7550796304242,0.00040551500405515005,0.08473040326234708
-1437.4508644803298,0.00040551500405515005,0.08495695514272769
-1437.3139872984557,0.00040551500405515005,0.0851835070231083
-1434.9511764337237,0.00040551500405515005,0.0854100589034889
-1433.4111785690418,0.00040551500405515005,0.08586316266425012
-1432.7482119023282,0.00040551500405515005,0.08608971454463073
-1428.965032341636,0.00040551500405515005,0.08654281830539194
-1425.8857882118498,0.00040551500405515005,0.08676937018577255
-1424.9475804940203,0.00040551500405515005,0.08699592206615316
-1424.8301208572716,0.00040551500405515005,0.08722247394653376
-1423.2129482324312,0.00040551500405515005,0.08744902582691437
-1421.9810522927949,0.00040551500405515005,0.08767557770729498
-1420.9708906268131,0.00040551500405515005,0.08790212958767558
-1419.0599031062102,0.00040551500405515005,0.08812868146805619
-1412.9741353214697,0.00040551500405515005,0.0883552333484368
-1400.611469913442,0.00040551500405515005,0.0885817852288174
-1399.6193165036223,0.00040551500405515005,0.08880833710919801
-1393.191705599665,0.00040551500405515005,0.08903488898957862
-1389.7169900299616,0.00040551500405515005,0.08926144086995923
-1388.0668522411713,0.00040551500405515005,0.08948799275033983
-1384.488704777319,0.00040551500405515005,0.08971454463072044
-1372.670440724684,0.00040551500405515005,0.08994109651110105
-1369.6228208692394,0.00040551500405515005,0.09016764839148166
-1365.92534938014,0.00040551500405515005,0.09039420027186226
-1364.821400767683,0.00040551500405515005,0.09062075215224287
-1364.6847108232528,0.00040551500405515005,0.09084730403262348
-1361.5409298048528,0.00040551500405515005,0.09107385591300408
-1359.0208461902569,0.00040551500405515005,0.09130040779338469
-1358.0017020591858,0.00040551500405515005,0.0915269596737653
-1354.0247680356754,0.00040551500405515005,0.0917535115541459
-1353.2044849389258,0.00040551500405515005,0.09198006343452651
-1353.118815576177,0.00040551500405515005,0.09220661531490712
-1352.5427536106076,0.00040551500405515005,0.09243316719528773
-1346.8984793783075,0.0008110300081103001,0.09243316719528773
-1345.3079563114354,0.0008110300081103001,0.09265971907566833
-1337.0538298579168,0.0008110300081103001,0.09288627095604894
-1333.3052347978082,0.0008110300081103001,0.09311282283642955
-1332.9681830610334,0.0008110300081103001,0.09333937471681016
-1331.5290672171536,0.0008110300081103001,0.09356592659719076
-1327.1276801885865,0.0008110300081103001,0.09379247847757137
-1324.4426496314456,0.0008110300081103001,0.09401903035795198
-1322.462720097594,0.0008110300081103001,0.09424558223833258
-1314.94470592459,0.0008110300081103001,0.09447213411871319
-1313.8292157434018,0.0008110300081103001,0.0946986859990938
-1313.0838781006632,0.0008110300081103001,0.0949252378794744
-1310.7047811772586,0.0008110300081103001,0.09515178975985501
-1308.4243867921182,0.0008110300081103001,0.09537834164023562
-1308.1349948346042,0.0008110300081103001,0.09560489352061623
-1307.3999541265398,0.0008110300081103001,0.09583144540099683
-1303.7979558014931,0.0008110300081103001,0.09605799728137744
-1301.4352062631592,0.0008110300081103001,0.09628454916175805
-1298.3102063057854,0.0008110300081103001,0.09651110104213866
-1296.969099720756,0.0008110300081103001,0.09673765292251926
-1295.8699804966182,0.0008110300081103001,0.09696420480289987
-1293.4810953751341,0.0008110300081103001,0.09719075668328048
-1291.6488000317754,0.0008110300081103001,0.09741730856366108
-1290.222028713657,0.0008110300081103001,0.09764386044404169
-1287.0963940301008,0.0008110300081103001,0.0978704123244223
-1281.1584270884578,0.0008110300081103001,0.0980969642048029
-1279.4963539211071,0.0008110300081103001,0.09832351608518351
-1271.7900866748407,0.0008110300081103001,0.09855006796556412
-1257.4408980385622,0.0008110300081103001,0.09877661984594473
-1257.1686270878656,0.0008110300081103001,0.09900317172632533
-1256.6628632551844,0.0008110300081103001,0.09922972360670594
-1255.7902653745857,0.0008110300081103001,0.09945627548708655
-1252.1197255508168,0.0008110300081103001,0.09968282736746716
-1244.0419314323262,0.0008110300081103001,0.09990937924784776
-1241.7218461464129,0.0008110300081103001,0.10013593112822837
-1239.7365739544289,0.0008110300081103001,0.10036248300860898
-1238.1279217914976,0.0008110300081103001,0.10058903488898958
-1231.6603218300652,0.0008110300081103001,0.10081558676937019
-1225.9142550666638,0.0008110300081103001,0.1010421386497508
-1225.649151085797,0.0008110300081103001,0.1012686905301314
-1225.1330408098156,0.0008110300081103001,0.10149524241051201
-1220.0845540660798,0.0008110300081103001,0.10172179429089262
-1219.9918539263977,0.0008110300081103001,0.10194834617127323
-1218.682683301591,0.0008110300081103001,0.10217489805165383
-1217.550293644213,0.0008110300081103001,0.10240144993203444
-1211.8396223124553,0.0008110300081103001,0.10262800181241505
-1209.6640341343714,0.0008110300081103001,0.10285455369279566
-1209.2598286229065,0.0008110300081103001,0.10308110557317626
-1206.4258241581924,0.0008110300081103001,0.10330765745355687
-1205.3872984637278,0.0008110300081103001,0.10353420933393748
-1204.87575891717,0.0008110300081103001,0.10376076121431808
-1202.3566241179242,0.0008110300081103001,0.10398731309469869
-1199.7223050153643,0.0008110300081103001,0.1042138649750793
-1198.176934615862,0.0008110300081103001,0.1044404168554599
-1196.3968010492347,0.0008110300081103001,0.10466696873584051
-1191.9587375867552,0.0008110300081103001,0.10489352061622112
-1186.939455757014,0.0008110300081103001,0.10512007249660173
-1183.135376672941,0.0008110300081103001,0.10534662437698233
-1181.323303349868,0.0008110300081103001,0.10557317625736294
-1181.3203881405816,0.0008110300081103001,0.10579972813774355
-1176.7874314098076,0.0008110300081103001,0.10602628001812416
-1173.8578428605153,0.0008110300081103001,0.10625283189850476
-1167.5923809991712,0.0008110300081103001,0.10647938377888537
-1166.7648377512899,0.0008110300081103001,0.10670593565926598
-1165.2277977915373,0.0008110300081103001,0.10693248753964658
-1162.232910185266,0.0008110300081103001,0.10715903942002719
-1161.9418079685129,0.0008110300081103001,0.1073855913004078
-1161.2308030358954,0.0008110300081103001,0.1076121431807884
-1158.863056248423,0.0008110300081103001,0.10783869506116901
-1157.7156315986658,0.0008110300081103001,0.10806524694154962
-1155.3609500983896,0.0008110300081103001,0.10829179882193023
-1147.9828033799665,0.0008110300081103001,0.10851835070231083
-1145.3595978254841,0.0008110300081103001,0.10874490258269144
-1140.7812633251442,0.0008110300081103001,0.10897145446307205
-1140.1160360042675,0.0008110300081103001,0.10919800634345266
-1138.971707877631,0.0008110300081103001,0.10942455822383326
-1138.658695403806,0.0008110300081103001,0.10965111010421387
-1136.7298381332898,0.0008110300081103001,0.10987766198459448
-1136.3753426922704,0.0008110300081103001,0.11010421386497508
-1134.4275880915752,0.0008110300081103001,0.11033076574535569
-1132.9879620731442,0.0008110300081103001,0.1105573176257363
-1132.804983832198,0.0008110300081103001,0.1107838695061169
-1131.1269197483741,0.0008110300081103001,0.11101042138649751
-1131.0152420072511,0.0008110300081103001,0.11123697326687812
-1130.2826911778295,0.0008110300081103001,0.11146352514725873
-1129.6104243595416,0.0008110300081103001,0.11169007702763933
-1128.6511616174344,0.0008110300081103001,0.11191662890801994
-1126.8576724238176,0.0008110300081103001,0.11214318078840055
-1123.3584972811943,0.0008110300081103001,0.11236973266878116
-1122.768849899205,0.0008110300081103001,0.11259628454916176
-1122.559302298672,0.0008110300081103001,0.11282283642954237
-1121.7495857063213,0.0008110300081103001,0.11304938830992298
-1120.2127607961374,0.0008110300081103001,0.11327594019030358
-1112.9317540274437,0.0008110300081103001,0.11350249207068419
-1110.8209401893955,0.0008110300081103001,0.1137290439510648
-1108.0850622561115,0.0008110300081103001,0.1139555958314454
-1103.475319637252,0.0008110300081103001,0.11418214771182601
-1102.0988490822267,0.0008110300081103001,0.11440869959220662
-1101.2177757925035,0.0008110300081103001,0.11463525147258723
-1096.5752698484898,0.0008110300081103001,0.11486180335296783
-1095.7902697658933,0.0008110300081103001,0.11508835523334844
-1092.7385354344678,0.0008110300081103001,0.11531490711372905
-1091.1724430492911,0.0008110300081103001,0.11554145899410966
-1089.777301073636,0.0008110300081103001,0.11576801087449026
-1081.2721300366568,0.0008110300081103001,0.11599456275487087
-1081.052473706826,0.0008110300081103001,0.11622111463525148
-1080.4294591408882,0.0008110300081103001,0.11644766651563208
-1078.6726673741318,0.0008110300081103001,0.11667421839601269
-1077.0524236155736,0.0008110300081103001,0.1169007702763933
-1076.8019641084586,0.0008110300081103001,0.1171273221567739
-1076.5351020003966,0.0008110300081103001,0.11735387403715451
-1076.4311225203073,0.0008110300081103001,0.11758042591753512
-1076.2423623568025,0.0008110300081103001,0.11780697779791573
-1074.1422645976331,0.0008110300081103001,0.11803352967829633
-1073.6547050713382,0.0008110300081103001,0.11826008155867694
-1066.338278834394,0.0008110300081103001,0.11848663343905755
-1063.8723132974128,0.0008110300081103001,0.11871318531943816
-1062.021845467606,0.0008110300081103001,0.11893973719981876
-1056.5071790435832,0.0008110300081103001,0.11916628908019937
-1055.7778947260615,0.0008110300081103001,0.11939284096057998
-1053.4998569820157,0.0008110300081103001,0.11961939284096058
-1051.3728573204296,0.0008110300081103001,0.11984594472134119
-1049.68211268319,0.0008110300081103001,0.1200724966017218
-1046.6911315484285,0.0008110300081103001,0.1202990484821024
-1044.070348797779,0.0008110300081103001,0.12052560036248301
-1040.482013563396,0.0008110300081103001,0.12075215224286362
-1036.222281130673,0.0008110300081103001,0.12097870412324423
-1034.3713473634878,0.0008110300081103001,0.12120525600362483
-1033.8607783509099,0.0008110300081103001,0.12143180788400544
-1026.8751618872636,0.0008110300081103001,0.12165835976438605
-1024.4995114898081,0.0008110300081103001,0.12188491164476666
-1023.0314823653986,0.0008110300081103001,0.12211146352514726
-1021.1288141552089,0.0008110300081103001,0.12233801540552787
-1013.8360259376913,0.0008110300081103001,0.12256456728590848
-1007.9129118284549,0.0008110300081103001,0.12279111916628908
-1006.8605581920643,0.0008110300081103001,0.12301767104666969
-1005.9010824594258,0.0008110300081103001,0.1232442229270503
-1002.7045529927153,0.0008110300081103001,0.1234707748074309
-1002.397056125519,0.0008110300081103001,0.12369732668781151
-1001.3272565096319,0.0008110300081103001,0.12392387856819212
-1000.9018659976545,0.0008110300081103001,0.12415043044857273
-999.9239993240832,0.0008110300081103001,0.12437698232895333
-997.9338540988625,0.0008110300081103001,0.12460353420933394
-992.809421146544,0.0008110300081103001,0.12505663797009514
-989.7538322185095,0.0008110300081103001,0.12528318985047576
-988.5893925194404,0.0008110300081103001,0.12550974173085636
-982.2464588474678,0.0008110300081103001,0.12573629361123698
-980.7980317870928,0.0012165450121654502,0.12573629361123698
-980.7208054413903,0.0012165450121654502,0.12596284549161757
-979.5405843900938,0.0012165450121654502,0.1261893973719982
-979.0459350340494,0.0012165450121654502,0.12641594925237878
-974.6790415996685,0.0012165450121654502,0.1266425011327594
-974.0621283307529,0.0012165450121654502,0.12686905301314
-972.2437089909259,0.0012165450121654502,0.12709560489352062
-969.3903929230775,0.0012165450121654502,0.1273221567739012
-969.3153086813473,0.0012165450121654502,0.12754870865428183
-967.7438366283421,0.0012165450121654502,0.12777526053466243
-966.0177497647486,0.0012165450121654502,0.12800181241504305
-960.4080417034328,0.0012165450121654502,0.12822836429542364
-959.960920663866,0.0012165450121654502,0.12845491617580426
-959.615721119639,0.0012165450121654502,0.12868146805618486
-958.4431447228498,0.0012165450121654502,0.12890801993656548
-957.796376575567,0.0012165450121654502,0.12913457181694607
-957.5752381575734,0.0012165450121654502,0.1293611236973267
-955.7171408860737,0.0012165450121654502,0.12958767557770728
-953.6411579080478,0.0012165450121654502,0.1298142274580879
-949.2058412168623,0.0012165450121654502,0.1300407793384685
-947.6606539097212,0.0012165450121654502,0.13026733121884912
-942.7772335252818,0.0012165450121654502,0.1304938830992297
-941.6651028345376,0.0012165450121654502,0.13072043497961033
-939.6033014800438,0.0012165450121654502,0.13094698685999093
-938.4079710795442,0.0012165450121654502,0.13117353874037155
-937.6357196215903,0.0012165450121654502,0.13140009062075214
-936.8937710155841,0.0012165450121654502,0.13162664250113276
-936.0061976353339,0.0012165450121654502,0.13185319438151336
-935.974468329966,0.0012165450121654502,0.13230629814227457
-935.289000107654,0.0016220600162206002,0.13230629814227457
-934.7457867606496,0.0016220600162206002,0.1325328500226552
-934.6254853850072,0.0016220600162206002,0.13275940190303578
-934.3495257852495,0.0016220600162206002,0.1329859537834164
-933.2081049407351,0.0016220600162206002,0.133212505663797
-932.4097883809319,0.0016220600162206002,0.13343905754417762
-931.8452496081856,0.0016220600162206002,0.1336656094245582
-931.5639464227614,0.0016220600162206002,0.13389216130493883
-929.9538032027496,0.0016220600162206002,0.13411871318531943
-929.8476228885758,0.0016220600162206002,0.13434526506570005
-925.7242688832717,0.0016220600162206002,0.13457181694608064
-925.6192666375108,0.0016220600162206002,0.13479836882646126
-924.9354982682131,0.0016220600162206002,0.13502492070684186
-923.2722244030825,0.0016220600162206002,0.13525147258722248
-920.7347537979814,0.0016220600162206002,0.13547802446760307
-920.3787484901924,0.0016220600162206002,0.13593112822836428
-919.4295472583643,0.0016220600162206002,0.1361576801087449
-917.7014323206103,0.0016220600162206002,0.1363842319891255
-915.1098359728679,0.0016220600162206002,0.13661078386950612
-912.0430332023462,0.0016220600162206002,0.1368373357498867
-911.8714624163769,0.0016220600162206002,0.13706388763026733
-911.0033548639998,0.0016220600162206002,0.13729043951064793
-910.0455405211397,0.0016220600162206002,0.13751699139102855
-909.1496723912456,0.0016220600162206002,0.13774354327140914
-906.9537492813944,0.0016220600162206002,0.13797009515178976
-906.8617278477687,0.0016220600162206002,0.13819664703217036
-905.1131518585238,0.0016220600162206002,0.13842319891255098
-903.0805046505569,0.0016220600162206002,0.13864975079293157
-902.8459474238967,0.0016220600162206002,0.1388763026733122
-899.7862351248291,0.0016220600162206002,0.13910285455369278
-898.0334432024683,0.0016220600162206002,0.1393294064340734
-897.7091293034626,0.0016220600162206002,0.139555958314454
-893.8519436021635,0.0016220600162206002,0.13978251019483462
-893.5522612102627,0.0016220600162206002,0.1400090620752152
-889.2694415236444,0.0016220600162206002,0.14023561395559583
-886.9337310411669,0.0016220600162206002,0.14046216583597643
-886.5420308299656,0.0016220600162206002,0.14068871771635705
-884.8318519733147,0.0016220600162206002,0.14091526959673764
-884.2495768154711,0.0016220600162206002,0.14114182147711826
-882.5453324074065,0.0016220600162206002,0.14136837335749886
-872.8875482807981,0.0016220600162206002,0.14159492523787948
-871.1989812161912,0.0016220600162206002,0.14182147711826007
-870.8934495917852,0.0016220600162206002,0.1420480289986407
-867.8788329983029,0.0016220600162206002,0.14227458087902128
-867.3112148628385,0.0016220600162206002,0.1425011327594019
-866.7447013294457,0.0016220600162206002,0.1427276846397825
-864.1164033546515,0.0016220600162206002,0.14295423652016312
-864.0154472588148,0.0016220600162206002,0.1431807884005437
-863.1884718932254,0.0016220600162206002,0.14340734028092433
-859.207369272614,0.0016220600162206002,0.14363389216130493
-858.5604199547194,0.0016220600162206002,0.14386044404168555
-858.0594826373,0.0016220600162206002,0.14408699592206614
-857.7185473854579,0.0016220600162206002,0.14431354780244676
-850.1677721020006,0.0016220600162206002,0.14454009968282736
-847.9869712888606,0.0016220600162206002,0.14476665156320798
-846.214662115539,0.0016220600162206002,0.14499320344358857
-845.2804956213522,0.0016220600162206002,0.1452197553239692
-845.0324186272477,0.0016220600162206002,0.14544630720434978
-843.8797432103586,0.0016220600162206002,0.1456728590847304
-843.6944571819511,0.0016220600162206002,0.145899410965111
-838.1849210190079,0.0016220600162206002,0.14612596284549162
-835.5529191426773,0.0016220600162206002,0.1463525147258722
-833.3814584134914,0.0016220600162206002,0.14657906660625283
-831.9406621583452,0.0016220600162206002,0.14680561848663343
-830.8905091359925,0.0016220600162206002,0.14703217036701405
-828.3475701457447,0.0016220600162206002,0.14725872224739464
-828.2435396946569,0.0016220600162206002,0.14748527412777526
-828.1478279095613,0.0016220600162206002,0.14771182600815586
-825.5967910577752,0.0016220600162206002,0.14793837788853648
-824.0458553828573,0.0016220600162206002,0.14816492976891707
-823.1493904768456,0.0016220600162206002,0.1483914816492977
-822.8154542198174,0.0016220600162206002,0.14861803352967828
-821.3993565376213,0.0016220600162206002,0.1488445854100589
-820.6911944073352,0.0016220600162206002,0.1490711372904395
-820.3770760164734,0.0016220600162206002,0.14929768917082012
-818.6024522605404,0.0016220600162206002,0.1495242410512007
-817.7386307314551,0.0016220600162206002,0.14975079293158133
-816.301236413788,0.0016220600162206002,0.14997734481196193
-816.1451054331952,0.0016220600162206002,0.15020389669234255
-814.3660342114729,0.0016220600162206002,0.15043044857272314
-811.9032935247596,0.0016220600162206002,0.15065700045310376
-811.7665468228297,0.0016220600162206002,0.15088355233348436
-811.5699155706038,0.0016220600162206002,0.15111010421386498
-811.272280765341,0.0016220600162206002,0.15133665609424557
-809.6043647830966,0.0016220600162206002,0.1515632079746262
-809.109372543937,0.0016220600162206002,0.15178975985500678
-808.3187851459612,0.0016220600162206002,0.1520163117353874
-804.7515553088896,0.0016220600162206002,0.152242863615768
-804.2451516715944,0.0016220600162206002,0.15246941549614862
-803.0895890966024,0.0016220600162206002,0.1526959673765292
-801.3261785520147,0.0016220600162206002,0.15292251925690983
-799.3454551615067,0.0016220600162206002,0.15314907113729043
-796.4789047241471,0.0016220600162206002,0.15337562301767105
-787.2685856091472,0.0016220600162206002,0.15360217489805164
-786.6413334493428,0.0016220600162206002,0.15382872677843226
-783.3380203334698,0.0016220600162206002,0.15405527865881286
-781.7430314175525,0.0016220600162206002,0.15428183053919348
-773.7920104072315,0.0016220600162206002,0.15450838241957407
-772.0252747710475,0.0016220600162206002,0.1547349342999547
-771.0151638703431,0.0016220600162206002,0.15496148618033528
-770.6997281108087,0.0016220600162206002,0.1551880380607159
-769.8206783917639,0.0016220600162206002,0.1554145899410965
-769.5923403043242,0.0016220600162206002,0.15564114182147712
-768.6397558769462,0.0016220600162206002,0.1558676937018577
-767.2959763079417,0.0016220600162206002,0.15609424558223833
-764.7529068853217,0.0016220600162206002,0.15632079746261893
-763.8332308373455,0.0016220600162206002,0.15654734934299955
-763.4286062481463,0.0016220600162206002,0.15677390122338014
-761.2048616054765,0.0016220600162206002,0.15700045310376076
-758.4165484009229,0.0016220600162206002,0.15722700498414136
-757.7543246539107,0.0016220600162206002,0.15745355686452198
-757.4344441230917,0.0016220600162206002,0.15768010874490257
-757.0695879050804,0.0016220600162206002,0.1579066606252832
-756.0102512240959,0.0016220600162206002,0.15813321250566378
-755.9089920795614,0.0016220600162206002,0.1583597643860444
-754.8291465448596,0.0016220600162206002,0.158586316266425
-754.2108932701748,0.0016220600162206002,0.15881286814680562
-752.7517836015156,0.0016220600162206002,0.1590394200271862
-744.5806075743008,0.0016220600162206002,0.15926597190756683
-743.8021049109303,0.0016220600162206002,0.15949252378794743
-742.4807301408097,0.0016220600162206002,0.15971907566832805
-741.1294670888241,0.0016220600162206002,0.15994562754870864
-740.7036587466232,0.0016220600162206002,0.16017217942908926
-740.5503629539618,0.0016220600162206002,0.16039873130946986
-740.4459590692795,0.0016220600162206002,0.16062528318985048
-733.7603934123572,0.0016220600162206002,0.16085183507023107
-732.8740582547092,0.0016220600162206002,0.1610783869506117
-732.5479419054371,0.0016220600162206002,0.16130493883099228
-732.2231862541712,0.0016220600162206002,0.1615314907113729
-731.038389378879,0.0016220600162206002,0.1617580425917535
-729.5287814480106,0.0016220600162206002,0.16198459447213412
-729.3354152182118,0.0016220600162206002,0.1622111463525147
-722.2638256721641,0.0016220600162206002,0.16243769823289533
-721.6276194320141,0.0016220600162206002,0.16266425011327593
-716.5433216136097,0.0016220600162206002,0.16289080199365655
-713.0974332381992,0.0016220600162206002,0.16311735387403714
-710.3464415009897,0.0016220600162206002,0.16334390575441776
-708.8822053178851,0.0016220600162206002,0.16357045763479836
-708.7063689657392,0.0016220600162206002,0.16379700951517898
-708.6829701718156,0.0016220600162206002,0.16402356139555957
-704.6729565400954,0.0016220600162206002,0.1642501132759402
-704.1157145883053,0.0016220600162206002,0.16447666515632078
-703.676009450468,0.0016220600162206002,0.1647032170367014
-703.0238022910703,0.00202757502027575,0.1647032170367014
-702.3338223533065,0.00202757502027575,0.164929768917082
-701.8789863025769,0.00202757502027575,0.16515632079746262
-701.6258959651212,0.00202757502027575,0.1653828726778432
-700.9608003156345,0.00202757502027575,0.16560942455822383
-698.5979209936721,0.00202757502027575,0.16583597643860443
-694.6264481605235,0.00202757502027575,0.16606252831898505
-694.3706919326195,0.00202757502027575,0.16628908019936564
-692.7199786018285,0.00202757502027575,0.16651563207974626
-692.2267904245383,0.00202757502027575,0.16674218396012688
-688.247897231597,0.00202757502027575,0.16696873584050748
-687.8053965423708,0.00202757502027575,0.1671952877208881
-687.5238867846653,0.00202757502027575,0.1674218396012687
-682.5287247342909,0.00202757502027575,0.1676483914816493
-682.338941799942,0.00202757502027575,0.1678749433620299
-677.6292128805252,0.00202757502027575,0.16810149524241053
-672.2674523205221,0.00202757502027575,0.16832804712279112
-670.544286740087,0.00202757502027575,0.16855459900317174
-668.8969717548682,0.00202757502027575,0.16878115088355233
-666.5809578188124,0.00202757502027575,0.16900770276393295
-666.5641012804172,0.00202757502027575,0.16923425464431355
-665.9983397594352,0.00202757502027575,0.16946080652469417
-664.8250786123573,0.00202757502027575,0.16968735840507476
-663.6823407036982,0.00202757502027575,0.16991391028545538
-661.9660273000541,0.00202757502027575,0.17014046216583598
-659.2562445829387,0.00202757502027575,0.1703670140462166
-657.1460902591415,0.0024330900243309003,0.1703670140462166
-655.0961645313621,0.0024330900243309003,0.1705935659265972
-653.4948548110689,0.0024330900243309003,0.1708201178069778
-649.9173892148685,0.0024330900243309003,0.1710466696873584
-648.0468378207485,0.0024330900243309003,0.17127322156773903
-645.1584760380459,0.0024330900243309003,0.17149977344811962
-643.3313953551045,0.0024330900243309003,0.17172632532850024
-642.0565110889239,0.0024330900243309003,0.17195287720888083
-640.427278076493,0.0024330900243309003,0.17217942908926145
-640.1708793887395,0.0024330900243309003,0.17240598096964205
-639.062819989649,0.0024330900243309003,0.17263253285002267
-638.9497086783166,0.0024330900243309003,0.17285908473040326
-635.5368396710952,0.0024330900243309003,0.17308563661078388
-633.3381327217793,0.0024330900243309003,0.17331218849116448
-632.7004283669991,0.0024330900243309003,0.1735387403715451
-632.1697208623784,0.0024330900243309003,0.1737652922519257
-632.1288178022945,0.0024330900243309003,0.1739918441323063
-631.8739103149768,0.0024330900243309003,0.1742183960126869
-631.8380861912727,0.0024330900243309003,0.17444494789306753
-631.3757410041491,0.0024330900243309003,0.17467149977344812
-628.1299568675952,0.0024330900243309003,0.17489805165382874
-625.3522971233001,0.0024330900243309003,0.17512460353420933
-623.8186147016339,0.0024330900243309003,0.17535115541458995
-623.2040861588786,0.0024330900243309003,0.17557770729497055
-622.6505942073691,0.0024330900243309003,0.17580425917535117
-620.7830888783841,0.0024330900243309003,0.17603081105573176
-619.7968250775731,0.0024330900243309003,0.17625736293611238
-619.6280073231293,0.0024330900243309003,0.17648391481649298
-615.5124670279807,0.0024330900243309003,0.1767104666968736
-615.3766834958544,0.0024330900243309003,0.1769370185772542
-613.0832695527095,0.0024330900243309003,0.1771635704576348
-610.5816439996322,0.0024330900243309003,0.1773901223380154
-607.6961624788959,0.0024330900243309003,0.17761667421839603
-606.9292111013543,0.00283860502838605,0.17761667421839603
-606.6451244029852,0.00283860502838605,0.17784322609877662
-605.3711613547471,0.00283860502838605,0.17806977797915724
-601.6438817540471,0.00283860502838605,0.17829632985953783
-600.0396435086362,0.00283860502838605,0.17852288173991845
-599.850835416644,0.00283860502838605,0.17874943362029905
-595.3608461279546,0.00283860502838605,0.17897598550067967
-595.3156332955626,0.00283860502838605,0.17920253738106026
-594.7723289829332,0.0032441200324412004,0.17920253738106026
-592.7148380292541,0.0032441200324412004,0.17942908926144088
-589.6416304426716,0.0032441200324412004,0.17965564114182148
-586.9780364462663,0.0032441200324412004,0.1798821930222021
-585.0853096562995,0.0032441200324412004,0.1801087449025827
-584.347971343044,0.0032441200324412004,0.1803352967829633
-582.9486342595932,0.0032441200324412004,0.1805618486633439
-580.7279180898392,0.0032441200324412004,0.18078840054372453
-580.5961867436083,0.0032441200324412004,0.18101495242410512
-579.7727933107938,0.0032441200324412004,0.18124150430448574
-579.7437050369733,0.0032441200324412004,0.18146805618486633
-578.7505625933271,0.0032441200324412004,0.18169460806524695
-578.6907426485217,0.0032441200324412004,0.18192115994562755
-576.096487310623,0.0032441200324412004,0.18214771182600817
-574.9317220290202,0.0032441200324412004,0.18237426370638876
-571.10565033283,0.0032441200324412004,0.18260081558676938
-568.4487596210067,0.0032441200324412004,0.18282736746714998
-568.0732176685364,0.0032441200324412004,0.1830539193475306
-566.1500823828707,0.0032441200324412004,0.1832804712279112
-565.004457360467,0.0032441200324412004,0.1835070231082918
-564.6692290729253,0.0032441200324412004,0.1837335749886724
-564.285103413758,0.0032441200324412004,0.18396012686905303
-562.5364314503976,0.0032441200324412004,0.18418667874943362
-559.933494492938,0.0032441200324412004,0.18441323062981424
-558.4346183162207,0.0032441200324412004,0.18463978251019483
-557.2499422699063,0.0032441200324412004,0.18486633439057545
-556.9381464588145,0.0032441200324412004,0.18509288627095605
-556.1916585093151,0.0032441200324412004,0.18531943815133667
-555.5047810248799,0.0032441200324412004,0.18554599003171726
-555.341860236339,0.0032441200324412004,0.18577254191209788
-554.172210413658,0.0032441200324412004,0.18599909379247848
-553.9367445746612,0.0032441200324412004,0.1862256456728591
-552.4814423866115,0.0032441200324412004,0.1864521975532397
-552.4511588417282,0.0036496350364963502,0.1864521975532397
-552.3563926021058,0.0036496350364963502,0.1866787494336203
-549.1011523566453,0.0036496350364963502,0.1869053013140009
-545.3505192040776,0.0036496350364963502,0.18713185319438153
-545.2047815757539,0.0036496350364963502,0.18735840507476212
-543.8598220937051,0.0036496350364963502,0.18758495695514274
-541.7209986405135,0.0036496350364963502,0.18781150883552333
-540.5246445369368,0.0036496350364963502,0.18803806071590395
-539.9848591492623,0.0036496350364963502,0.18826461259628455
-539.7863938439165,0.0036496350364963502,0.18849116447666517
-539.6870087635331,0.0036496350364963502,0.18871771635704576
-539.1171191841008,0.0036496350364963502,0.18894426823742638
-536.7346149600647,0.0036496350364963502,0.18917082011780698
-535.3906554854912,0.0036496350364963502,0.1893973719981876
-534.6691920109668,0.0036496350364963502,0.1896239238785682
-534.0896058181032,0.0040551500405515,0.1896239238785682
-533.1750740976664,0.0040551500405515,0.1898504757589488
-531.7477391096747,0.0040551500405515,0.1900770276393294
-531.191075110315,0.0040551500405515,0.19030357951971003
-528.3916653882733,0.0040551500405515,0.19053013140009062
-524.3838864672824,0.0040551500405515,0.19075668328047124
-523.3662163779834,0.0040551500405515,0.19098323516085183
-523.0485791652334,0.0040551500405515,0.19120978704123245
-522.9458578716967,0.0040551500405515,0.19143633892161305
-522.6058694182706,0.0040551500405515,0.19166289080199367
-520.818008617726,0.0040551500405515,0.19188944268237426
-514.4127548394413,0.0040551500405515,0.19211599456275488
-514.0043303144685,0.0040551500405515,0.19234254644313548
-511.0297494629279,0.0040551500405515,0.1925690983235161
-510.54656741190485,0.0040551500405515,0.1927956502038967
-509.45901705041337,0.0040551500405515,0.1930222020842773
-503.4286045613931,0.0040551500405515,0.1932487539646579
-503.3281383795979,0.0040551500405515,0.19347530584503853
-500.6376174729858,0.0040551500405515,0.19370185772541912
-500.35887972757786,0.0040551500405515,0.19392840960579974
-500.14545294956685,0.0040551500405515,0.19415496148618033
-499.990889485104,0.0040551500405515,0.19438151336656095
-495.91583468432776,0.0040551500405515,0.19460806524694155
-493.4285878702303,0.0040551500405515,0.19483461712732217
-493.32090119606033,0.0040551500405515,0.19506116900770276
-493.0012973142562,0.0040551500405515,0.19528772088808338
-492.6468602120037,0.0040551500405515,0.19551427276846398
-491.14861019156587,0.0040551500405515,0.1957408246488446
-488.0888481316495,0.0040551500405515,0.1959673765292252
-486.77467828343487,0.0040551500405515,0.1961939284096058
-484.685761312921,0.0040551500405515,0.1964204802899864
-484.1489687177363,0.0040551500405515,0.19664703217036703
-482.2150937110326,0.0040551500405515,0.19687358405074762
-481.958768894417,0.0040551500405515,0.19710013593112824
-481.31976770217915,0.0040551500405515,0.19732668781150883
-478.62822463961646,0.0040551500405515,0.19755323969188945
-478.02609345639297,0.0040551500405515,0.19777979157227005
-476.6918993410574,0.0040551500405515,0.19800634345265067
-476.47585948114914,0.0040551500405515,0.19823289533303126
-475.1252293388439,0.0040551500405515,0.19845944721341188
-471.27241241297094,0.0040551500405515,0.19868599909379248
-471.16233012090044,0.0040551500405515,0.1989125509741731
-470.749044613079,0.0040551500405515,0.1991391028545537
-469.3830838703445,0.0040551500405515,0.1993656547349343
-468.63735271966465,0.004460665044606651,0.1993656547349343
-467.17029104391105,0.004460665044606651,0.1995922066153149
-465.96517081654287,0.004460665044606651,0.19981875849569553
-465.847503638016,0.004460665044606651,0.20004531037607612
-465.357017405343,0.004460665044606651,0.20027186225645674
-464.75024649244284,0.004460665044606651,0.20049841413683733
-464.4519235511913,0.004460665044606651,0.20072496601721795
-462.73619331330866,0.004460665044606651,0.20095151789759855
-461.8246637259992,0.004460665044606651,0.20117806977797917
-461.7787743972718,0.004460665044606651,0.20140462165835976
-461.46107590629464,0.004460665044606651,0.20163117353874038
-460.3802619300921,0.004460665044606651,0.20185772541912098
-460.2472891775396,0.004460665044606651,0.2020842772995016
-456.656467252606,0.004460665044606651,0.2025373810602628
-455.6326771400631,0.004460665044606651,0.2027639329406434
-454.1167340679851,0.004460665044606651,0.20299048482102403
-453.83941550169305,0.004460665044606651,0.20321703670140462
-453.77055264969766,0.004460665044606651,0.20344358858178524
-453.66616587235393,0.004460665044606651,0.20367014046216583
-452.4062092446629,0.004460665044606651,0.20389669234254645
-452.0120770700159,0.004460665044606651,0.20412324422292705
-451.85123755548153,0.004460665044606651,0.20434979610330767
-450.5133940567154,0.004460665044606651,0.20457634798368826
-448.34096416698156,0.004460665044606651,0.20480289986406888
-447.7449946424892,0.004460665044606651,0.20502945174444948
-447.1986325368394,0.004460665044606651,0.2052560036248301
-447.0184791164914,0.004460665044606651,0.2054825555052107
-446.7820560422812,0.004460665044606651,0.2057091073855913
-445.46765248045216,0.004460665044606651,0.2059356592659719
-445.08882919657736,0.004460665044606651,0.20616221114635253
-444.1172307871005,0.004460665044606651,0.20638876302673312
-443.23405524231435,0.004460665044606651,0.20661531490711374
-440.8056868947728,0.004460665044606651,0.20684186678749433
-440.09575556178544,0.004460665044606651,0.20706841866787495
-439.27936696965816,0.004460665044606651,0.20729497054825555
-438.62781950086486,0.004460665044606651,0.20752152242863617
-435.96837711970676,0.004460665044606651,0.20774807430901676
-435.90451365038194,0.004460665044606651,0.20797462618939738
-435.58944377252607,0.004460665044606651,0.20820117806977798
-430.80983656035795,0.004460665044606651,0.2084277299501586
-430.0032135325653,0.004460665044606651,0.2086542818305392
-429.70342908995684,0.004460665044606651,0.2088808337109198
-428.19786150009173,0.004460665044606651,0.2091073855913004
-426.7481165677271,0.004460665044606651,0.20933393747168103
-425.6404850310366,0.004460665044606651,0.20956048935206162
-423.76488254244106,0.004460665044606651,0.20978704123244224
-423.6875333885826,0.004460665044606651,0.21001359311282283
-423.45207568965606,0.004460665044606651,0.21024014499320345
-422.94046856247036,0.004460665044606651,0.21046669687358405
-422.4760475821021,0.004460665044606651,0.21069324875396467
-422.1740789015542,0.004460665044606651,0.21091980063434526
-422.1382271469127,0.004460665044606651,0.21114635251472588
-421.10594516294776,0.004460665044606651,0.21137290439510648
-417.5420991502477,0.004460665044606651,0.2115994562754871
-417.3369108742706,0.004460665044606651,0.2118260081558677
-415.18956423482206,0.004460665044606651,0.2120525600362483
-414.4206006340709,0.004460665044606651,0.2122791119166289
-413.70616354785005,0.004460665044606651,0.21250566379700953
-413.36239693455326,0.004460665044606651,0.21273221567739012
-412.8304640803303,0.004460665044606651,0.21295876755777074
-412.7228736881869,0.004460665044606651,0.21318531943815133
-412.4458821961145,0.004460665044606651,0.21341187131853195
-412.4320711248103,0.004460665044606651,0.21363842319891255
-411.9374873654496,0.004460665044606651,0.21386497507929317
-411.8718280040185,0.004460665044606651,0.21431807884005438
-411.4083496560175,0.004460665044606651,0.21454463072043498
-411.15314209474496,0.004460665044606651,0.2147711826008156
-411.00026693489934,0.004460665044606651,0.2149977344811962
-410.9577050245629,0.004460665044606651,0.2152242863615768
-410.35304966305733,0.004460665044606651,0.2154508382419574
-410.16546513038753,0.004460665044606651,0.21567739012233803
-408.3801856699029,0.004866180048661801,0.21567739012233803
-406.87483627569503,0.004866180048661801,0.21590394200271862
-405.9894151197722,0.004866180048661801,0.21613049388309924
-405.68996637980086,0.004866180048661801,0.21635704576347983
-405.25671832974405,0.004866180048661801,0.21658359764386045
-403.96938721916644,0.004866180048661801,0.21681014952424105
-403.32742807303265,0.004866180048661801,0.21703670140462167
-402.955311140722,0.004866180048661801,0.21726325328500226
-401.6605550997546,0.004866180048661801,0.21748980516538288
-400.30032981224025,0.004866180048661801,0.21771635704576348
-399.4449944948298,0.004866180048661801,0.2179429089261441
-399.2141539953512,0.004866180048661801,0.2181694608065247
-399.12560987999865,0.004866180048661801,0.2183960126869053
-398.02227997304254,0.004866180048661801,0.2186225645672859
-396.3962687580857,0.004866180048661801,0.21884911644766653
-396.11430601256944,0.004866180048661801,0.21907566832804712
-395.6018941664735,0.0052716950527169504,0.21907566832804712
-394.7571030673175,0.0052716950527169504,0.21930222020842774
-392.38288504289295,0.0052716950527169504,0.21952877208880833
-392.06516097065605,0.0052716950527169504,0.21975532396918895
-391.0937048215148,0.0052716950527169504,0.21998187584956955
-390.02385977229545,0.0056772100567721,0.21998187584956955
-389.7006094486155,0.0056772100567721,0.22020842772995017
-389.6106971485603,0.0056772100567721,0.22043497961033076
-385.04044165010976,0.0056772100567721,0.22066153149071138
-384.36575675379515,0.0056772100567721,0.22088808337109198
-381.7978995898636,0.0056772100567721,0.2211146352514726
-379.9062926360505,0.006082725060827251,0.2211146352514726
-379.1705901425152,0.006488240064882401,0.2211146352514726
-378.6006079260939,0.006488240064882401,0.2213411871318532
-378.07733358477276,0.006488240064882401,0.2215677390122338
-377.77876673519165,0.006488240064882401,0.2217942908926144
-377.6398413877712,0.006488240064882401,0.22202084277299503
-376.6247770368962,0.006488240064882401,0.22224739465337562
-376.2850061364453,0.006488240064882401,0.22247394653375624
-373.48571502439506,0.006488240064882401,0.22270049841413683
-372.92618284960326,0.006488240064882401,0.22292705029451745
-372.01744477368345,0.006488240064882401,0.22315360217489805
-371.6951101083602,0.006488240064882401,0.22338015405527867
-369.98338883681157,0.006488240064882401,0.22360670593565926
-369.9052378265435,0.006488240064882401,0.22383325781603988
-369.6343510564178,0.006488240064882401,0.22405980969642048
-368.5608287384814,0.006488240064882401,0.2242863615768011
-366.48011908260065,0.006488240064882401,0.2245129134571817
-364.94345160073726,0.006488240064882401,0.2247394653375623
-364.5930236613202,0.006488240064882401,0.2249660172179429
-361.4598024578894,0.006488240064882401,0.22519256909832353
-360.1264382335397,0.006488240064882401,0.22541912097870412
-359.6342915664111,0.006488240064882401,0.22564567285908474
-358.56504663248313,0.006488240064882401,0.22587222473946533
-358.2986584559822,0.006488240064882401,0.22609877661984595
-358.2957710401779,0.006488240064882401,0.22632532850022655
-358.2656287180235,0.006488240064882401,0.22655188038060717
-358.09877764122274,0.006488240064882401,0.22700498414136838
-357.78135048310395,0.006488240064882401,0.22723153602174898
-356.92952768213735,0.006488240064882401,0.2274580879021296
-355.39916740463485,0.006488240064882401,0.2276846397825102
-354.9153568785126,0.006488240064882401,0.2279111916628908
-354.64328283802,0.006488240064882401,0.2281377435432714
-354.53675959405894,0.006488240064882401,0.22836429542365203
-353.3582741364289,0.006488240064882401,0.22859084730403262
-352.6382447526525,0.006488240064882401,0.22881739918441324
-352.5963049897807,0.006488240064882401,0.22927050294517445
-352.3280299502274,0.006488240064882401,0.22949705482555505
-351.8836037760844,0.006893755068937551,0.22949705482555505
-351.8318288696883,0.006893755068937551,0.22972360670593567
-350.3634139945791,0.006893755068937551,0.22995015858631626
-347.49515468840127,0.006893755068937551,0.23017671046669688
-346.53870328102545,0.006893755068937551,0.23040326234707748
-345.8998104085735,0.006893755068937551,0.2306298142274581
-345.869667704857,0.006893755068937551,0.2308563661078387
-345.10333887689586,0.006893755068937551,0.2310829179882193
-343.42402488737156,0.006893755068937551,0.2313094698685999
-343.37341353780255,0.006893755068937551,0.23153602174898053
-342.8163808389121,0.006893755068937551,0.23176257362936112
-342.686071288186,0.006893755068937551,0.23198912550974174
-342.2012157613177,0.006893755068937551,0.23221567739012233
-341.99726701161035,0.006893755068937551,0.23266878115088355
-341.1669472886183,0.006893755068937551,0.23289533303126417
-340.1374452981347,0.006893755068937551,0.23312188491164476
-336.5276345138137,0.006893755068937551,0.23334843679202538
-336.20969779385837,0.0072992700729927005,0.23334843679202538
-336.11771704852043,0.0072992700729927005,0.23357498867240598
-336.0517976676732,0.007704785077047851,0.23357498867240598
-335.68244364313887,0.007704785077047851,0.2338015405527866
-335.5438123085339,0.007704785077047851,0.2340280924331672
-335.37452922923063,0.007704785077047851,0.2342546443135478
-334.903732909493,0.007704785077047851,0.2344811961939284
-334.85123177083597,0.007704785077047851,0.23470774807430902
-334.29149896013524,0.007704785077047851,0.23493429995468962
-333.748245395734,0.007704785077047851,0.23516085183507024
-333.3330699692663,0.007704785077047851,0.23538740371545083
-331.79029629570266,0.007704785077047851,0.23561395559583145
-331.5567043692514,0.007704785077047851,0.23584050747621205
-331.53493790264434,0.007704785077047851,0.23606705935659267
-331.37241445285207,0.007704785077047851,0.23629361123697326
-330.0935969441112,0.007704785077047851,0.23652016311735388
-329.6416290969664,0.007704785077047851,0.23674671499773448
-329.54991166868456,0.008110300081103,0.23674671499773448
-328.68709422403174,0.008110300081103,0.2369732668781151
-327.4282298280456,0.008110300081103,0.2371998187584957
-326.8203627528607,0.008110300081103,0.2374263706388763
-326.0220075733116,0.008110300081103,0.2376529225192569
-325.98755940908444,0.008110300081103,0.23787947439963752
-325.31381941242205,0.008110300081103,0.23810602628001812
-324.30296926607855,0.008110300081103,0.23833257816039874
-320.9170637262986,0.008110300081103,0.23855913004077933
-318.17360330261016,0.008110300081103,0.23878568192115995
-316.86168762646264,0.00851581508515815,0.23878568192115995
-313.5555849777512,0.00851581508515815,0.23901223380154055
-313.31140128142295,0.00851581508515815,0.23923878568192117
-312.62210887485503,0.00851581508515815,0.23946533756230176
-311.66049567439546,0.00851581508515815,0.23969188944268238
-311.5275365006535,0.00851581508515815,0.23991844132306298
-311.4936201587637,0.00851581508515815,0.2401449932034436
-308.23959258965874,0.00851581508515815,0.2403715450838242
-305.352076295442,0.00851581508515815,0.2405980969642048
-304.62699608136626,0.00851581508515815,0.2408246488445854
-304.5636089391559,0.00851581508515815,0.24105120072496602
-304.520946718291,0.00851581508515815,0.24127775260534662
-304.4011273055763,0.00851581508515815,0.24150430448572724
-303.7492519289842,0.00851581508515815,0.24173085636610783
-302.9640505227273,0.00851581508515815,0.24195740824648845
-302.59794695784075,0.00851581508515815,0.24218396012686905
-302.33722139978113,0.00851581508515815,0.24241051200724967
-301.9582739919256,0.00851581508515815,0.24263706388763026
-300.25920187475,0.00851581508515815,0.24286361576801088
-299.7798930441456,0.00851581508515815,0.24309016764839148
-299.26827940546724,0.008921330089213302,0.24309016764839148
-298.96154673272326,0.008921330089213302,0.2433167195287721
-298.0528352457011,0.008921330089213302,0.2435432714091527
-297.5725629904945,0.008921330089213302,0.2437698232895333
-297.3340383297456,0.008921330089213302,0.2439963751699139
-297.23437229773253,0.008921330089213302,0.24422292705029452
-297.026361089686,0.008921330089213302,0.24444947893067512
-295.80909842368226,0.008921330089213302,0.24467603081105574
-295.7674822667585,0.008921330089213302,0.24490258269143633
-295.74081287649176,0.008921330089213302,0.24512913457181695
-294.8932295352734,0.008921330089213302,0.24535568645219755
-294.87956779457875,0.008921330089213302,0.24558223833257817
-294.47151134966765,0.008921330089213302,0.24580879021295876
-292.64070493479056,0.008921330089213302,0.24603534209333938
-289.8587981956211,0.008921330089213302,0.24626189397371998
-289.7394962409891,0.008921330089213302,0.2464884458541006
-288.5817242745095,0.008921330089213302,0.2467149977344812
-287.99970907149475,0.008921330089213302,0.2469415496148618
-287.58351490893693,0.008921330089213302,0.2471681014952424
-287.1154157496709,0.008921330089213302,0.24739465337562302
-286.78138887404344,0.008921330089213302,0.24762120525600362
-286.58621034252207,0.008921330089213302,0.24784775713638424
-285.4103772928158,0.008921330089213302,0.24807430901676483
-284.95577836358075,0.008921330089213302,0.24830086089714545
-283.04444400782484,0.00932684509326845,0.24830086089714545
-282.7036844150171,0.00932684509326845,0.24852741277752605
-282.54603633908687,0.00932684509326845,0.24875396465790667
-282.52201167761655,0.00932684509326845,0.24898051653828726
-282.51144642746175,0.00932684509326845,0.24920706841866788
-280.98097855500095,0.009732360097323601,0.24920706841866788
-278.624374611294,0.009732360097323601,0.24943362029904848
-278.41655784267437,0.009732360097323601,0.2496601721794291
-278.2185168980427,0.009732360097323601,0.2498867240598097
-277.7543762765348,0.009732360097323601,0.2501132759401903
-277.1928390785839,0.009732360097323601,0.2503398278205709
-276.66502143066765,0.009732360097323601,0.2505663797009515
-276.64570094675486,0.01013787510137875,0.2505663797009515
-276.5506624225723,0.01013787510137875,0.25079293158133215
-273.9364637888708,0.01013787510137875,0.2510194834617127
-272.4520304438024,0.01013787510137875,0.25124603534209333
-272.4470826068133,0.01013787510137875,0.25147258722247395
-270.38971128218736,0.01013787510137875,0.2516991391028546
-270.38849214361164,0.01013787510137875,0.25192569098323514
-269.98696470711855,0.01013787510137875,0.25215224286361576
-269.8133236465124,0.01013787510137875,0.2523787947439964
-269.6655051011926,0.01013787510137875,0.252605346624377
-268.7313889394281,0.01013787510137875,0.25283189850475757
-267.95576341873027,0.01013787510137875,0.2530584503851382
-266.83827167873244,0.01013787510137875,0.2532850022655188
-266.6640314835235,0.01013787510137875,0.25351155414589943
-265.98943368916616,0.01013787510137875,0.25373810602628
-265.7303767413152,0.01013787510137875,0.2539646579066606
-265.1637291452818,0.01013787510137875,0.25419120978704124
-264.9485180325248,0.01013787510137875,0.25441776166742186
-264.42782762863516,0.01013787510137875,0.2546443135478024
-263.9508454400647,0.010543390105433901,0.2546443135478024
-262.663275255557,0.010543390105433901,0.25487086542818305
-262.04825062408054,0.010543390105433901,0.25509741730856367
-260.6625672633406,0.010543390105433901,0.2553239691889443
-260.1525067504768,0.010543390105433901,0.25555052106932485
-258.53030075542785,0.010543390105433901,0.2557770729497055
-257.0811403434096,0.010543390105433901,0.2560036248300861
-256.1996979413565,0.010543390105433901,0.2562301767104667
-255.34009205229722,0.010948905109489052,0.2562301767104667
-254.52936687856914,0.010948905109489052,0.2564567285908473
-253.86013451701717,0.010948905109489052,0.2566832804712279
-252.82508844986336,0.010948905109489052,0.2569098323516085
-251.8104562184393,0.010948905109489052,0.25713638423198915
-249.3522176810896,0.010948905109489052,0.2573629361123697
-248.92407755664402,0.010948905109489052,0.25758948799275033
-247.95321089115873,0.010948905109489052,0.25781603987313095
-246.74348712847404,0.010948905109489052,0.2580425917535116
-245.99069629466175,0.010948905109489052,0.25826914363389214
-244.03052923191598,0.010948905109489052,0.25849569551427276
-242.86453573505855,0.010948905109489052,0.2587222473946534
-242.81314785321422,0.010948905109489052,0.258948799275034
-242.5766071748797,0.010948905109489052,0.25917535115541457
-242.16908495646567,0.010948905109489052,0.2594019030357952
-242.16455269400097,0.010948905109489052,0.2596284549161758
-241.27573453850772,0.010948905109489052,0.25985500679655643
-240.23975853035193,0.010948905109489052,0.260081558676937
-239.6893734148972,0.010948905109489052,0.2603081105573176
-238.89607048052704,0.0113544201135442,0.2603081105573176
-238.5884152399995,0.0113544201135442,0.26053466243769824
-238.17371576013568,0.011759935117599351,0.26053466243769824
-238.15129216286198,0.011759935117599351,0.26076121431807886
-236.49136270502447,0.011759935117599351,0.2609877661984594
-235.63655925573295,0.011759935117599351,0.26121431807884005
-234.22644449884365,0.011759935117599351,0.26144086995922067
-234.0987463113758,0.011759935117599351,0.2616674218396013
-231.8453464431896,0.011759935117599351,0.26189397371998185
-230.59442469282163,0.011759935117599351,0.2621205256003625
-230.00509226843536,0.011759935117599351,0.2623470774807431
-229.19391997712904,0.011759935117599351,0.2625736293611237
-229.04788787625887,0.012165450121654502,0.2625736293611237
-228.14583786171693,0.012165450121654502,0.2628001812415043
-227.311778129338,0.012165450121654502,0.2630267331218849
-226.79895446975945,0.012165450121654502,0.2632532850022655
-225.13797416198463,0.012165450121654502,0.26347983688264615
-224.73032841910293,0.012165450121654502,0.2637063887630267
-224.31275784976077,0.012165450121654502,0.26393294064340733
-224.01552972911742,0.012165450121654502,0.26415949252378795
-223.69476815446814,0.012165450121654502,0.2643860444041686
-223.44295779470121,0.012165450121654502,0.26461259628454914
-222.97399208024154,0.012165450121654502,0.26483914816492976
-222.20076771776434,0.012570965125709651,0.26483914816492976
-222.1697397158755,0.012570965125709651,0.2650657000453104
-222.02248615868075,0.012570965125709651,0.265292251925691
-221.06481831634915,0.012570965125709651,0.26551880380607157
-220.8495690286602,0.012570965125709651,0.2657453556864522
-220.42207827805447,0.012570965125709651,0.2659719075668328
-219.36060820596958,0.012976480129764802,0.2659719075668328
-218.43788343199475,0.012976480129764802,0.26619845944721343
-217.31512009038676,0.012976480129764802,0.266425011327594
-217.08482383964406,0.012976480129764802,0.2666515632079746
-216.57996066920788,0.012976480129764802,0.26687811508835524
-215.95776351736464,0.012976480129764802,0.26710466696873586
-215.0873447293987,0.012976480129764802,0.2673312188491164
-214.41178731830644,0.012976480129764802,0.26755777072949705
-214.12136474150793,0.01338199513381995,0.26755777072949705
-214.09272450080414,0.013787510137875101,0.26755777072949705
-214.06004904109324,0.013787510137875101,0.26778432260987767
-213.234493408662,0.013787510137875101,0.2680108744902583
-212.7634859176315,0.013787510137875101,0.26823742637063885
-211.94457074120356,0.014193025141930252,0.26823742637063885
-208.9922977706243,0.014193025141930252,0.2684639782510195
-208.38895486017486,0.014193025141930252,0.2686905301314001
-207.83002409957317,0.014598540145985401,0.2686905301314001
-207.82963171397375,0.014598540145985401,0.2689170820117807
-207.72314558467366,0.014598540145985401,0.2691436338921613
-207.44388971618594,0.014598540145985401,0.2693701857725419
-206.4631955853032,0.014598540145985401,0.2695967376529225
-206.4056326577379,0.015004055150040552,0.2695967376529225
-205.12428253548404,0.015004055150040552,0.26982328953330315
-204.61094845579657,0.015004055150040552,0.2700498414136837
-204.1757078557556,0.015004055150040552,0.27027639329406433
-201.8560702422297,0.015004055150040552,0.27050294517444495
-200.97692600262974,0.015004055150040552,0.2707294970548256
-200.40976035790112,0.015004055150040552,0.27095604893520614
-200.1603349269618,0.015004055150040552,0.27118260081558676
-196.12711483060485,0.015004055150040552,0.271635704576348
-194.1822929628783,0.015409570154095702,0.271635704576348
-193.50610779503768,0.015409570154095702,0.27186225645672857
-193.10599323639633,0.015409570154095702,0.2720888083371092
-192.43108931790226,0.015815085158150853,0.2720888083371092
-191.95207332377038,0.015815085158150853,0.2723153602174898
-191.6166050601489,0.015815085158150853,0.27254191209787043
-191.59506935159368,0.015815085158150853,0.272768463978251
-190.47334211530966,0.015815085158150853,0.2729950158586316
-190.42020890174064,0.015815085158150853,0.27322156773901224
-188.4292086856958,0.015815085158150853,0.27344811961939286
-188.38755444811096,0.015815085158150853,0.2736746714997734
-187.2690953919265,0.016220600162206,0.2736746714997734
-187.2367255846171,0.016220600162206,0.27390122338015405
-185.97243718891633,0.016220600162206,0.27412777526053467
-185.10282699606142,0.016220600162206,0.2743543271409153
-184.4451163743346,0.01662611516626115,0.2743543271409153
-183.35026966072382,0.01662611516626115,0.27458087902129585
-183.1749130911776,0.01662611516626115,0.2748074309016765
-182.95607825302238,0.01662611516626115,0.2750339827820571
-182.41754514319734,0.01662611516626115,0.2752605346624377
-182.27765988437727,0.01662611516626115,0.2754870865428183
-182.0778556801174,0.01662611516626115,0.2757136384231989
-179.4799159247645,0.0170316301703163,0.2757136384231989
-173.868872435808,0.0170316301703163,0.2759401903035795
-173.2239077583369,0.0170316301703163,0.27616674218396015
-173.11843122201884,0.0170316301703163,0.2763932940643407
-171.63995435906037,0.0170316301703163,0.27661984594472133
-170.98876686998108,0.0170316301703163,0.27684639782510195
-170.804416443042,0.0170316301703163,0.2770729497054826
-170.37571126022647,0.0170316301703163,0.27729950158586314
-169.25489827992322,0.0170316301703163,0.27752605346624376
-167.89577997128418,0.0170316301703163,0.2777526053466244
-164.98277017315922,0.0170316301703163,0.277979157227005
-164.9749453657031,0.0170316301703163,0.27820570910738557
-164.17832755445266,0.0170316301703163,0.2784322609877662
-163.20130796068366,0.0170316301703163,0.2786588128681468
-162.7802275016375,0.0170316301703163,0.27888536474852743
-162.77922613202486,0.0170316301703163,0.279111916628908
-162.75606325590388,0.0170316301703163,0.2793384685092886
-162.40400549064776,0.0170316301703163,0.27956502038966924
-161.8129750061791,0.017437145174371452,0.27956502038966924
-161.79457631683994,0.017437145174371452,0.27979157227004986
-161.45255450957592,0.017437145174371452,0.2800181241504304
-160.85223246259528,0.017437145174371452,0.28024467603081105
-160.38429111595536,0.017437145174371452,0.28047122791119167
-160.3354448003712,0.017437145174371452,0.2806977797915723
-159.308358217508,0.017437145174371452,0.28092433167195285
-159.13465026943436,0.017437145174371452,0.2811508835523335
-158.19946502761894,0.017842660178426603,0.2811508835523335
-157.66923520016917,0.017842660178426603,0.2813774354327141
-157.23485566305527,0.01824817518248175,0.2813774354327141
-157.21237217993541,0.0186536901865369,0.2813774354327141
-157.01050214049536,0.0186536901865369,0.2816039873130947
-156.89996304763633,0.0186536901865369,0.2818305391934753
-155.74259062199275,0.019059205190592052,0.2818305391934753
-155.643057241085,0.019059205190592052,0.2820570910738559
-155.5972307447239,0.019059205190592052,0.2822836429542365
-155.17228317048722,0.019059205190592052,0.28251019483461715
-155.08839231978192,0.019059205190592052,0.2827367467149977
-154.58162252651044,0.019059205190592052,0.28296329859537833
-154.30120030868778,0.019059205190592052,0.28318985047575895
-153.31198567652046,0.019059205190592052,0.2834164023561396
-153.0219607374695,0.019059205190592052,0.28364295423652014
-152.4667837365281,0.019059205190592052,0.28386950611690076
-152.40239208430052,0.019059205190592052,0.2840960579972814
-152.36405386858644,0.019059205190592052,0.284322609877662
-152.3387826326014,0.019059205190592052,0.28454916175804257
-152.00723826690142,0.019059205190592052,0.2847757136384232
-151.54669416078048,0.019059205190592052,0.2850022655188038
-151.41274351985732,0.019464720194647202,0.2850022655188038
-151.2855714861318,0.019464720194647202,0.28522881739918443
-151.14302540825202,0.019464720194647202,0.285455369279565
-150.7350586800889,0.019870235198702353,0.285455369279565
-149.93801503150092,0.019870235198702353,0.2856819211599456
-149.85488767033752,0.019870235198702353,0.28590847304032624
-149.27758189676348,0.019870235198702353,0.28613502492070686
-149.23606774598352,0.019870235198702353,0.2863615768010874
-148.86313439619926,0.019870235198702353,0.28658812868146805
-148.27700552175628,0.019870235198702353,0.28681468056184867
-148.1401937528591,0.0202757502027575,0.28681468056184867
-147.9957937299709,0.02068126520681265,0.28681468056184867
-147.79363268460764,0.02068126520681265,0.2870412324422293
-146.65659560760088,0.021086780210867802,0.2870412324422293
-146.6109526912631,0.021086780210867802,0.28726778432260985
-146.4543024453406,0.021086780210867802,0.2874943362029905
-145.08320068831716,0.021086780210867802,0.2877208880833711
-144.21405980714133,0.021086780210867802,0.2879474399637517
-143.57973782982708,0.021086780210867802,0.2881739918441323
-143.51269948924312,0.021086780210867802,0.2884005437245129
-143.3280646972803,0.021086780210867802,0.2886270956048935
-142.80827496905113,0.021086780210867802,0.28885364748527415
-142.35890845037784,0.021086780210867802,0.2890801993656547
-141.83019025964484,0.021492295214922953,0.2890801993656547
-141.1357152926655,0.021492295214922953,0.28930675124603533
-140.53691900796554,0.021897810218978103,0.28930675124603533
-140.5242219299122,0.021897810218978103,0.28953330312641595
-139.33304969939894,0.021897810218978103,0.2897598550067966
-138.77621277215366,0.022303325223033254,0.2897598550067966
-138.5457529395582,0.022303325223033254,0.28998640688717714
-137.23940844259732,0.0227088402270884,0.28998640688717714
-136.11446929257772,0.0227088402270884,0.29021295876755776
-135.99713691402934,0.023114355231143552,0.29021295876755776
-135.4735710715065,0.023519870235198703,0.29021295876755776
-135.20337154554574,0.023519870235198703,0.2904395106479384
-134.54242229609383,0.023519870235198703,0.290666062528319
-134.3870343160225,0.023925385239253853,0.290666062528319
-134.32099078075873,0.024330900243309004,0.290666062528319
-133.01304898993072,0.024330900243309004,0.29089261440869957
-132.25292595199141,0.02473641524736415,0.29089261440869957
-131.5629463822999,0.025141930251419302,0.29089261440869957
-131.31428733214506,0.025547445255474453,0.29089261440869957
-129.72807508614522,0.025547445255474453,0.2911191662890802
-129.67818429308636,0.025547445255474453,0.2913457181694608
-129.66373383606896,0.025547445255474453,0.29157227004984143
-129.56763271671116,0.025547445255474453,0.291798821930222
-129.27934828226444,0.025952960259529603,0.291798821930222
-129.13529929011003,0.025952960259529603,0.2920253738106026
-128.8842486321027,0.025952960259529603,0.29225192569098324
-128.3125233294566,0.025952960259529603,0.29247847757136386
-128.2352370107452,0.025952960259529603,0.2927050294517444
-128.23398938075695,0.025952960259529603,0.29293158133212505
-128.06840205681408,0.025952960259529603,0.29315813321250567
-128.05134561246763,0.026358475263584754,0.29315813321250567
-127.2125945176489,0.0267639902676399,0.29315813321250567
-127.04757106413346,0.0267639902676399,0.2933846850928863
-126.73090612991784,0.027169505271695052,0.2933846850928863
-125.85648405151686,0.027169505271695052,0.2938377888536475
-124.55916836696905,0.027575020275750203,0.2938377888536475
-124.4420776813191,0.027575020275750203,0.2940643407340281
-124.43779598966587,0.027575020275750203,0.2942908926144087
-123.77681286642364,0.027980535279805353,0.2942908926144087
-123.44836234989263,0.027980535279805353,0.2945174444947893
-123.13540315671527,0.027980535279805353,0.2947439963751699
-123.04807530464673,0.027980535279805353,0.2949705482555505
-122.83155107138334,0.028386050283860504,0.2949705482555505
-122.82088762629046,0.028386050283860504,0.29519710013593115
-122.22904069599561,0.028386050283860504,0.2954236520163117
-122.12546150950244,0.028386050283860504,0.29565020389669233
-121.71637962908493,0.02879156528791565,0.29565020389669233
-121.61114792941463,0.02879156528791565,0.29587675577707295
-121.45672221363235,0.02879156528791565,0.2961033076574536
-120.51041739110399,0.029197080291970802,0.2961033076574536
-119.8218632230607,0.029197080291970802,0.29632985953783414
-119.77588567420874,0.029197080291970802,0.29655641141821476
-118.91994665664949,0.029197080291970802,0.2967829632985954
-118.57041296182236,0.029197080291970802,0.297009515178976
-118.45603353496487,0.029197080291970802,0.29723606705935657
-118.40455361687692,0.029197080291970802,0.2974626189397372
-118.38356509276979,0.029602595296025953,0.2974626189397372
-117.0675956152189,0.029602595296025953,0.2976891708201178
-116.96131856523182,0.029602595296025953,0.29791572270049843
-116.202217067729,0.029602595296025953,0.298142274580879
-115.63571258735287,0.029602595296025953,0.2983688264612596
-115.49333825678919,0.029602595296025953,0.29859537834164024
-115.36804256839865,0.030008110300081103,0.29859537834164024
-115.25373607317955,0.030008110300081103,0.29882193022202086
-115.1809408443272,0.030008110300081103,0.2990484821024014
-114.69662101624185,0.030008110300081103,0.29927503398278205
-114.49842034244988,0.030008110300081103,0.29950158586316267
-113.67858160687685,0.030413625304136254,0.29950158586316267
-113.64976294650099,0.030413625304136254,0.2997281377435433
-113.12973824984654,0.030413625304136254,0.29995468962392385
-112.94508698719396,0.030413625304136254,0.3001812415043045
-112.00417873109517,0.030413625304136254,0.3004077933846851
-111.63246457973098,0.030413625304136254,0.3006343452650657
-111.55954686633628,0.030413625304136254,0.3008608971454463
-110.98921120925534,0.030819140308191405,0.3008608971454463
-110.976461904641,0.030819140308191405,0.3010874490258269
-110.50382487358497,0.030819140308191405,0.3013140009062075
-110.11005367098424,0.030819140308191405,0.3017671046669687
-109.93853904850106,0.030819140308191405,0.30199365654734933
-109.69322397385521,0.030819140308191405,0.30222020842772995
-109.51731135923107,0.030819140308191405,0.3024467603081106
-109.15636310662073,0.031224655312246552,0.3024467603081106
-109.13563882341198,0.031224655312246552,0.30267331218849114
-108.91176169065174,0.031224655312246552,0.30289986406887176
-108.87723504984864,0.031630170316301706,0.30289986406887176
-108.65669789438788,0.03203568532035685,0.30289986406887176
-108.50176207406948,0.032441200324412,0.30289986406887176
-108.34226694501858,0.032441200324412,0.3031264159492524
-107.99719091794175,0.032441200324412,0.303352967829633
-107.88677520934435,0.032441200324412,0.30357951971001357
-107.62336613335448,0.032846715328467155,0.30357951971001357
-106.11314271782835,0.0332522303325223,0.30357951971001357
-105.77439750668806,0.033657745336577456,0.30357951971001357
-105.71897555714735,0.033657745336577456,0.3038060715903942
-105.08167249323579,0.0340632603406326,0.3038060715903942
-104.95057412152856,0.0340632603406326,0.3040326234707748
-104.87035711203053,0.0340632603406326,0.30425917535115543
-104.53780635554766,0.03446877534468775,0.30425917535115543
-104.44470838492954,0.03446877534468775,0.304485727231536
-103.86409932048058,0.03446877534468775,0.3047122791119166
-102.87373414041629,0.034874290348742905,0.3047122791119166
-102.67192160881878,0.034874290348742905,0.30493883099229724
-102.56793583709519,0.03527980535279805,0.30493883099229724
-102.25997983652185,0.03527980535279805,0.30516538287267786
-101.63057243954829,0.03527980535279805,0.3053919347530584
-101.52710443480125,0.03527980535279805,0.30561848663343905
-100.6612903161848,0.03527980535279805,0.30584503851381967
-99.05173554156015,0.03527980535279805,0.3060715903942003
-98.08134922848897,0.035685320356853206,0.3060715903942003
-97.90535627265241,0.036090835360908353,0.3060715903942003
-97.31172749047671,0.036090835360908353,0.30629814227458085
-95.65480465126892,0.0364963503649635,0.30629814227458085
-95.09894549919748,0.0364963503649635,0.3065246941549615
-94.91291759371425,0.0364963503649635,0.3067512460353421
-94.46808123332251,0.0364963503649635,0.3069777979157227
-94.01137173855211,0.0364963503649635,0.3072043497961033
-93.34075468472646,0.0364963503649635,0.3074309016764839
-92.4755590453726,0.0364963503649635,0.3076574535568645
-92.14589434301014,0.0364963503649635,0.30788400543724515
-92.05698833356588,0.036901865369018655,0.30788400543724515
-91.7841437279083,0.0373073803730738,0.30788400543724515
-91.55968657256908,0.0373073803730738,0.3081105573176257
-91.16803452954376,0.0373073803730738,0.30856366107838695
-90.73507615668758,0.0373073803730738,0.3087902129587676
-90.7347413374654,0.0373073803730738,0.30901676483914814
-90.68519491926371,0.0373073803730738,0.30924331671952876
-90.64086355034566,0.0373073803730738,0.3094698685999094
-90.53497174519144,0.0373073803730738,0.30969642048029
-90.52400288745493,0.0373073803730738,0.30992297236067057
-90.38803627866103,0.0373073803730738,0.3101495242410512
-90.25927650241731,0.037712895377128956,0.3101495242410512
-89.56029193967207,0.037712895377128956,0.3103760761214318
-89.3550876781757,0.037712895377128956,0.31060262800181243
-88.54350397695417,0.037712895377128956,0.310829179882193
-87.57982281806137,0.038118410381184104,0.310829179882193
-87.09168501168001,0.038118410381184104,0.3110557317625736
-86.97344798034642,0.038118410381184104,0.31128228364295424
-85.15570259010802,0.038118410381184104,0.31150883552333486
-84.97742928360539,0.038118410381184104,0.3117353874037154
-84.92674851803194,0.038118410381184104,0.31196193928409605
-84.67037717708219,0.03852392538523925,0.31196193928409605
-84.54158112937758,0.03852392538523925,0.31218849116447667
-84.16826918812104,0.03852392538523925,0.3124150430448573
-83.42369197662138,0.03852392538523925,0.31264159492523785
-83.36095389938727,0.03852392538523925,0.3128681468056185
-82.9740932725645,0.03852392538523925,0.3130946986859991
-82.77394725176372,0.03852392538523925,0.3133212505663797
-82.71827623010809,0.03852392538523925,0.3135478024467603
-82.71243796892135,0.038929440389294405,0.3135478024467603
-81.2628300863695,0.038929440389294405,0.3137743543271409
-81.03698764840586,0.038929440389294405,0.3140009062075215
-81.0016529113005,0.03933495539334955,0.3140009062075215
-80.71024647848414,0.03933495539334955,0.31422745808790215
-80.65234155033302,0.03933495539334955,0.3144540099682827
-80.47426582763667,0.03933495539334955,0.31468056184866333
-80.35654671885162,0.03933495539334955,0.31490711372904395
-79.72671353813904,0.03933495539334955,0.3151336656094246
-79.43239725739978,0.03933495539334955,0.31536021748980514
-79.2730660456805,0.03933495539334955,0.31558676937018576
-79.19421102731182,0.03933495539334955,0.3158133212505664
-77.74765173586023,0.039740470397404706,0.3158133212505664
-77.6296143412341,0.039740470397404706,0.316039873130947
-77.3151757367295,0.039740470397404706,0.31626642501132757
-76.6627442054601,0.039740470397404706,0.3164929768917082
-76.65261667646625,0.040145985401459854,0.3164929768917082
-76.46657047766762,0.040551500405515,0.3164929768917082
-76.33531944340895,0.040957015409570155,0.3164929768917082
-76.13053199396408,0.0413625304136253,0.3164929768917082
-75.9341093205774,0.0413625304136253,0.3167195287720888
-75.631517818266,0.041768045417680456,0.3167195287720888
-74.86719460131759,0.041768045417680456,0.31694608065246943
-74.70573918063694,0.041768045417680456,0.31717263253285
-74.52486350929739,0.041768045417680456,0.3173991844132306
-74.52471565366157,0.041768045417680456,0.31762573629361124
-73.82642527816792,0.041768045417680456,0.31785228817399186
-72.85792326912603,0.041768045417680456,0.3180788400543724
-72.80099152661653,0.041768045417680456,0.31830539193475305
-72.7036097941757,0.041768045417680456,0.31853194381513367
-72.58308807048415,0.041768045417680456,0.3187584956955143
-72.4364247504371,0.041768045417680456,0.31898504757589485
-71.64974357264028,0.042173560421735604,0.31898504757589485
-71.45812322846193,0.042173560421735604,0.3192115994562755
-71.21744845286135,0.042173560421735604,0.3194381513366561
-71.06778972771228,0.04257907542579075,0.3194381513366561
-70.84788139343881,0.04257907542579075,0.3196647032170367
-70.67560635628568,0.04257907542579075,0.3198912550974173
-70.39073095757634,0.042984590429845905,0.3198912550974173
-70.3150260024246,0.042984590429845905,0.3201178069777979
-70.13755786722315,0.04339010543390105,0.3201178069777979
-70.0281559658848,0.04339010543390105,0.3203443588581785
-69.78218487878054,0.043795620437956206,0.3203443588581785
-69.29368038266158,0.043795620437956206,0.32057091073855914
-68.55076709263498,0.043795620437956206,0.3207974626189397
-67.66721908612051,0.044201135442011354,0.3207974626189397
-67.09177020427215,0.044201135442011354,0.32102401449932033
-67.01339452043798,0.044201135442011354,0.32125056637970095
-66.74763053107107,0.044201135442011354,0.3214771182600816
-66.4417060554019,0.04460665044606651,0.3214771182600816
-66.43692703823926,0.04460665044606651,0.32170367014046214
-66.34747234751738,0.045012165450121655,0.32170367014046214
-66.07689027887604,0.045012165450121655,0.32193022202084276
-66.02874844319614,0.045012165450121655,0.3221567739012234
-65.59710309900665,0.045012165450121655,0.322383325781604
-65.54650189861904,0.0454176804541768,0.322383325781604
-65.4794951590407,0.0454176804541768,0.32260987766198457
-65.4124375542224,0.0454176804541768,0.3228364295423652
-65.1313121506809,0.0454176804541768,0.3230629814227458
-64.91428284728043,0.0454176804541768,0.32328953330312643
-64.7229554204787,0.0454176804541768,0.323516085183507
-64.14438880918219,0.0454176804541768,0.3237426370638876
-63.4708365009847,0.0454176804541768,0.32396918894426824
-63.45838950373708,0.0454176804541768,0.32419574082464886
-63.31981407941437,0.0454176804541768,0.3244222927050294
-62.909384685924394,0.045823195458231956,0.3244222927050294
-62.12369866893239,0.045823195458231956,0.32464884458541005
-61.660396028918896,0.045823195458231956,0.32487539646579067
-61.10047682437822,0.045823195458231956,0.3251019483461713
-60.93058141812976,0.045823195458231956,0.32532850022655185
-60.9250353627405,0.045823195458231956,0.3255550521069325
-60.67802537341744,0.045823195458231956,0.3257816039873131
-60.65032762720402,0.045823195458231956,0.3260081558676937
-60.549423989451626,0.045823195458231956,0.3262347077480743
-60.358414582840155,0.045823195458231956,0.3264612596284549
-60.14443000632416,0.045823195458231956,0.3266878115088355
-59.99850654087375,0.045823195458231956,0.32691436338921614
-59.907960673322506,0.045823195458231956,0.3271409152695967
-59.20647036914353,0.045823195458231956,0.32736746714997733
-59.02360537728107,0.045823195458231956,0.32759401903035795
-58.73035650174246,0.045823195458231956,0.3278205709107386
-58.68781918930274,0.045823195458231956,0.32804712279111914
-58.36828112057189,0.046228710462287104,0.32804712279111914
-58.2380366148919,0.04663422546634226,0.32804712279111914
-58.149826402697315,0.047039740470397405,0.32804712279111914
-57.22737837165106,0.047039740470397405,0.32827367467149976
-57.10099294668997,0.047039740470397405,0.3285002265518804
-56.66598934503433,0.04744525547445255,0.3285002265518804
-56.559715620716176,0.04744525547445255,0.328726778432261
-56.079233465998854,0.04744525547445255,0.32895333031264157
-55.776510828361964,0.04744525547445255,0.3291798821930222
-55.34668833214563,0.04744525547445255,0.3294064340734028
-55.27243220232988,0.047850770478507706,0.3294064340734028
-54.99944441818484,0.047850770478507706,0.32963298595378343
-54.556908906325575,0.048256285482562854,0.32963298595378343
-54.004687346177334,0.048256285482562854,0.329859537834164
-53.698661281766434,0.048256285482562854,0.3300860897145446
-53.48131518591906,0.048256285482562854,0.33031264159492524
-53.38565265473794,0.048256285482562854,0.33053919347530586
-53.20865347656563,0.048256285482562854,0.3307657453556864
-53.20170355513481,0.048256285482562854,0.33099229723606705
-53.123886499883994,0.048256285482562854,0.33121884911644767
-53.057936762525216,0.04866180048661801,0.33121884911644767
-52.963321913720435,0.04866180048661801,0.3314454009968283
-52.840312225083906,0.049067315490673155,0.3314454009968283
-52.790958176223526,0.0494728304947283,0.3314454009968283
-52.71277868930615,0.0494728304947283,0.33167195287720885
-51.95538367029012,0.049878345498783457,0.33167195287720885
-51.17708614651109,0.049878345498783457,0.3318985047575895
-51.04728782628352,0.050283860502838604,0.3318985047575895
-50.999609003330946,0.050283860502838604,0.3321250566379701
-50.91934821953343,0.05068937550689376,0.3321250566379701
-50.62275955314267,0.05068937550689376,0.3323516085183507
-50.56110626288476,0.051094890510948905,0.3323516085183507
-50.463168768291084,0.051094890510948905,0.3325781603987313
-50.266094355379906,0.051094890510948905,0.3328047122791119
-50.0848133346593,0.05150040551500405,0.3328047122791119
-49.98824557679761,0.05150040551500405,0.3330312641594925
-49.928490077683435,0.05190592051905921,0.3330312641594925
-49.66017324622523,0.052311435523114354,0.3330312641594925
-49.42730841577851,0.052311435523114354,0.33325781603987314
-49.1348236597165,0.05271695052716951,0.33325781603987314
-49.08876009352592,0.053122465531224655,0.33325781603987314
-48.67610133071746,0.053122465531224655,0.33348436792025377
-48.4432706970798,0.053122465531224655,0.33371091980063433
-48.29422786080609,0.0535279805352798,0.33371091980063433
-48.199676489718726,0.0535279805352798,0.33393747168101495
-46.740180251717746,0.0535279805352798,0.3341640235613956
-46.575650807396315,0.0535279805352798,0.3343905754417762
-46.223004153106714,0.0535279805352798,0.33461712732215676
-44.975564073413935,0.05393349553933496,0.33461712732215676
-44.716233257747646,0.05393349553933496,0.3348436792025374
-44.71402265143372,0.05393349553933496,0.335070231082918
-44.497055868249376,0.05393349553933496,0.3352967829632986
-44.3587355407427,0.05393349553933496,0.3355233348436792
-44.144095682638536,0.054339010543390104,0.3355233348436792
-43.92812249441728,0.054339010543390104,0.3357498867240598
-43.54677571594776,0.05474452554744526,0.3357498867240598
-43.51277918414387,0.055150040551500405,0.3357498867240598
-43.299616058810315,0.05555555555555555,0.3357498867240598
-43.27464265145839,0.05555555555555555,0.33597643860444043
-43.002910832802044,0.05555555555555555,0.33620299048482105
-42.335216485069495,0.05555555555555555,0.3364295423652016
-42.070500219669825,0.05596107055961071,0.3364295423652016
-41.98510601685332,0.05596107055961071,0.33665609424558224
-41.1763515433784,0.056366585563665854,0.33665609424558224
-40.42541105270361,0.056366585563665854,0.33688264612596286
-40.38086831139147,0.05677210056772101,0.33688264612596286
-40.17682160083477,0.05677210056772101,0.3371091980063435
-39.964961716472075,0.05677210056772101,0.33733574988672405
-38.363401770328224,0.05677210056772101,0.33756230176710467
-38.215838969778915,0.05677210056772101,0.3377888536474853
-38.18199317523256,0.05677210056772101,0.3380154055278659
-38.12225180107957,0.057177615571776155,0.3380154055278659
-37.927776216820334,0.057177615571776155,0.3382419574082465
-37.2902081848526,0.0575831305758313,0.3382419574082465
-37.28825661856003,0.0575831305758313,0.3384685092886271
-37.273953809028214,0.0575831305758313,0.3386950611690077
-37.06576192782218,0.0575831305758313,0.33892161304938834
-37.00217100283477,0.05798864557988646,0.33892161304938834
-36.99901122580572,0.05798864557988646,0.3391481649297689
-36.90863854201048,0.05798864557988646,0.3393747168101495
-36.69456775309287,0.058394160583941604,0.3393747168101495
-35.53400148666101,0.058394160583941604,0.33960126869053014
-35.47923094124913,0.05879967558799676,0.33960126869053014
-34.966121618332735,0.05879967558799676,0.33982782057091077
-33.86029635662554,0.059205190592051905,0.33982782057091077
-33.753965722565496,0.059205190592051905,0.34005437245129133
-33.58108581621754,0.059205190592051905,0.3405074762120526
-33.268025535683805,0.05961070559610705,0.3405074762120526
-33.2325963269508,0.05961070559610705,0.3407340280924332
-32.431620634640026,0.06001622060016221,0.3407340280924332
-32.35673953540673,0.060421735604217354,0.3407340280924332
-31.85184932936805,0.060421735604217354,0.34096057997281376
-31.30403715712906,0.060421735604217354,0.3411871318531944
-31.255902831305022,0.060421735604217354,0.341413683733575
-31.03137606510522,0.060421735604217354,0.3416402356139556
-30.95051233281579,0.060421735604217354,0.3418667874943362
-30.94163551035875,0.06082725060827251,0.3418667874943362
-30.8223914421108,0.061232765612327655,0.3418667874943362
-30.394326878868114,0.061232765612327655,0.3420933393747168
-30.09904446930865,0.061232765612327655,0.34231989125509743
-30.01375267330188,0.061232765612327655,0.34254644313547805
-29.786573379801084,0.061232765612327655,0.3427729950158586
-29.624595846470683,0.061232765612327655,0.34299954689623924
-29.482259990342456,0.061232765612327655,0.34322609877661986
-29.473485040763947,0.061232765612327655,0.3434526506570005
-29.371724950668963,0.061232765612327655,0.34367920253738105
-28.737690546956046,0.061232765612327655,0.34390575441776167
-28.025991852959564,0.061232765612327655,0.3441323062981423
-27.94826829583728,0.06163828061638281,0.3441323062981423
-27.65298252890578,0.06163828061638281,0.3443588581785229
-27.500601471625473,0.06163828061638281,0.3445854100589035
-27.275755026934334,0.06204379562043796,0.3445854100589035
-27.236415464805972,0.06204379562043796,0.3448119619392841
-26.584733703716992,0.062449310624493104,0.3448119619392841
-26.474645142160497,0.06285482562854826,0.3448119619392841
-26.472881942337594,0.06326034063260341,0.3448119619392841
-26.448248700497558,0.06326034063260341,0.3450385138196647
-26.44480520983238,0.06326034063260341,0.34526506570004534
-26.184805663444152,0.06366585563665855,0.34526506570004534
-25.85808127955444,0.06366585563665855,0.3454916175804259
-25.83188244633719,0.06366585563665855,0.3457181694608065
-25.757976280566183,0.06366585563665855,0.34594472134118714
-25.738010895757995,0.06366585563665855,0.34617127322156777
-25.555091781187215,0.0640713706407137,0.34617127322156777
-25.504106220937715,0.0640713706407137,0.34639782510194833
-25.30668839642472,0.06447688564476886,0.34639782510194833
-25.168237675473378,0.064882400648824,0.34639782510194833
-25.09716600257771,0.06528791565287916,0.34639782510194833
-24.751883504081306,0.06528791565287916,0.34662437698232895
-24.700645510564968,0.06569343065693431,0.34662437698232895
-24.131651991761927,0.06609894566098945,0.34662437698232895
-24.122511746499853,0.06609894566098945,0.3468509288627096
-23.942803004519746,0.0665044606650446,0.3468509288627096
-23.752634538211495,0.0665044606650446,0.3470774807430902
-23.689139002627357,0.06690997566909976,0.3470774807430902
-23.263404886606267,0.06690997566909976,0.34730403262347076
-23.246827388439826,0.06731549067315491,0.34730403262347076
-22.95370279265866,0.06772100567721005,0.34730403262347076
-22.845118091097035,0.0681265206812652,0.34730403262347076
-22.83762276011673,0.0681265206812652,0.3475305845038514
-22.713902842996177,0.06853203568532036,0.3475305845038514
-22.633677579765916,0.0689375506893755,0.3475305845038514
-22.60186684490516,0.06934306569343066,0.3475305845038514
-22.59387837197103,0.06974858069748581,0.3475305845038514
-22.524264827405275,0.06974858069748581,0.347757136384232
-22.43933359671273,0.07015409570154096,0.347757136384232
-22.359412198760637,0.07015409570154096,0.3479836882646126
-21.94802637477183,0.07015409570154096,0.3482102401449932
-21.55806497009364,0.0705596107055961,0.3482102401449932
-21.04115224890323,0.0705596107055961,0.3484367920253738
-20.85389959281237,0.07096512570965126,0.3484367920253738
-20.794596376781172,0.07137064071370641,0.3484367920253738
-20.7432270807747,0.07137064071370641,0.34866334390575443
-20.402611090031044,0.07137064071370641,0.34888989578613505
-20.176544082669366,0.07137064071370641,0.3491164476665156
-20.13989129071824,0.07137064071370641,0.34934299954689624
-20.123813532892783,0.07137064071370641,0.34956955142727686
-20.06071294635383,0.07177615571776155,0.34956955142727686
-19.880886684587196,0.07177615571776155,0.3497961033076575
-19.777018969262016,0.07177615571776155,0.35002265518803805
-19.627999045474937,0.07177615571776155,0.35024920706841867
-19.489951685432104,0.07177615571776155,0.3504757589487993
-19.184653558147758,0.07177615571776155,0.3507023108291799
-18.871995956213667,0.07218167072181671,0.3507023108291799
-18.47826386330287,0.07218167072181671,0.3509288627095605
-18.45673478199565,0.07218167072181671,0.3511554145899411
-18.04116607010242,0.07258718572587186,0.3511554145899411
-17.712994296175097,0.07258718572587186,0.3513819664703217
-17.54570918352219,0.07258718572587186,0.35160851835070234
-17.24469260967355,0.07258718572587186,0.3518350702310829
-17.071518949577253,0.072992700729927,0.3518350702310829
-16.60216564885495,0.072992700729927,0.3520616221114635
-16.307300690198062,0.072992700729927,0.35228817399184414
-16.272051016668414,0.072992700729927,0.35274127775260533
-16.08788456805995,0.07339821573398216,0.35274127775260533
-15.878707110057249,0.07339821573398216,0.35296782963298595
-15.456793394869734,0.07339821573398216,0.3531943815133666
-15.434973244600982,0.07380373073803731,0.3531943815133666
-15.24428912675846,0.07380373073803731,0.3534209333937472
-15.202182516169373,0.07420924574209246,0.3534209333937472
-15.016959615910011,0.0746147607461476,0.3534209333937472
-14.921504540790565,0.0746147607461476,0.35364748527412776
-14.763453989633533,0.07502027575020276,0.35364748527412776
-14.684192343774768,0.07502027575020276,0.3538740371545084
-14.422828219646632,0.07502027575020276,0.354100589034889
-14.276991776661063,0.07502027575020276,0.3543271409152696
-14.186416269217531,0.07542579075425791,0.3543271409152696
-14.13969066142245,0.07542579075425791,0.3545536927956502
-13.92323567236609,0.07542579075425791,0.3547802446760308
-13.765543782461734,0.07542579075425791,0.35500679655641143
-13.719995389662742,0.07583130575831305,0.35500679655641143
-13.69174420102415,0.07623682076236821,0.35500679655641143
-13.594549892754074,0.07623682076236821,0.35523334843679205
-13.589718009831856,0.07623682076236821,0.3554599003171726
-13.475515799921297,0.07664233576642336,0.3554599003171726
-13.425699249680392,0.0770478507704785,0.3554599003171726
-13.271763913185552,0.07745336577453366,0.3554599003171726
-13.19832390084288,0.07785888077858881,0.3554599003171726
-12.950967130341766,0.07785888077858881,0.35568645219755324
-12.842750056674433,0.07785888077858881,0.35591300407793386
-12.609225870449436,0.07785888077858881,0.3561395559583145
-12.505466832264787,0.07826439578264396,0.3561395559583145
-12.499052400564679,0.07826439578264396,0.35636610783869505
-12.48971600047794,0.0786699107866991,0.35636610783869505
-12.27890392195117,0.07907542579075426,0.35636610783869505
-12.254668167926795,0.07948094079480941,0.35636610783869505
-12.10136391687955,0.07988645579886455,0.35636610783869505
-11.563258176716701,0.07988645579886455,0.35659265971907567
-11.454644938292617,0.07988645579886455,0.3568192115994563
-11.285751713205869,0.07988645579886455,0.3570457634798369
-10.526463077455148,0.08029197080291971,0.3570457634798369
-10.478798891583452,0.08029197080291971,0.3572723153602175
-9.77772144699108,0.08029197080291971,0.3574988672405981
-9.589143052986415,0.08029197080291971,0.3577254191209787
-9.428395893951432,0.08029197080291971,0.35795197100135934
-9.409296623031892,0.08069748580697486,0.35795197100135934
-9.357404343009833,0.08069748580697486,0.3581785228817399
-9.312205098503256,0.08069748580697486,0.3584050747621205
-9.28340650239825,0.08110300081103,0.3584050747621205
-9.24665770343222,0.08110300081103,0.35863162664250114
-9.146299223453127,0.08150851581508516,0.35863162664250114
-8.73618516357736,0.08191403081914031,0.35863162664250114
-8.596584863354934,0.08231954582319546,0.35863162664250114
-8.316530522781477,0.08231954582319546,0.35885817852288177
-8.28408704851114,0.08231954582319546,0.35908473040326233
-8.064433247646122,0.08231954582319546,0.35931128228364295
-8.044841743683833,0.0827250608272506,0.35931128228364295
-7.880573050709955,0.0827250608272506,0.3595378341640236
-7.738218765900214,0.08313057583130576,0.3595378341640236
-7.613628118279465,0.08313057583130576,0.3597643860444042
-7.441063488536614,0.08313057583130576,0.35999093792478476
-7.389692761859337,0.08313057583130576,0.3602174898051654
-7.080885948322134,0.08353609083536091,0.3602174898051654
-7.039853201400035,0.08353609083536091,0.360444041685546
-6.911141833075163,0.08353609083536091,0.3606705935659266
-6.823306456586678,0.08353609083536091,0.3608971454463072
-6.752506117524803,0.08394160583941605,0.3608971454463072
-6.546737658547812,0.08394160583941605,0.3611236973266878
-6.522644862758142,0.08394160583941605,0.36135024920706843
-6.4390324896618125,0.08394160583941605,0.36157680108744905
-6.287440665109642,0.08434712084347121,0.36157680108744905
-6.272156536226888,0.08434712084347121,0.3618033529678296
-6.1041508549083545,0.08475263584752636,0.3618033529678296
-6.01860079256565,0.08475263584752636,0.36202990484821024
-5.974330565121875,0.08475263584752636,0.36225645672859086
-5.8480893369047635,0.08475263584752636,0.3624830086089715
-5.751083017907433,0.0851581508515815,0.3624830086089715
-5.621937321057743,0.0851581508515815,0.36270956048935205
-5.568264042519431,0.08556366585563666,0.36270956048935205
-5.529075728204319,0.08596918085969181,0.36270956048935205
-5.331986987247774,0.08637469586374696,0.36270956048935205
-5.25398044492205,0.0867802108678021,0.36270956048935205
-5.172829345949296,0.08718572587185726,0.36270956048935205
-4.992108749401083,0.08759124087591241,0.36270956048935205
-4.909958750596047,0.08759124087591241,0.36293611236973267
-4.88835814163339,0.08759124087591241,0.3631626642501133
-4.8484911573248155,0.08799675587996755,0.3631626642501133
-4.595458827660124,0.08799675587996755,0.3633892161304939
-4.5402401585335355,0.08840227088402271,0.3633892161304939
-4.4908840562652586,0.08880778588807786,0.3633892161304939
-4.355119404277218,0.08880778588807786,0.3636157680108745
-4.330238035096599,0.08880778588807786,0.3638423198912551
-4.233341491063854,0.08880778588807786,0.3640688717716357
-3.951238030132046,0.08880778588807786,0.36429542365201634
-3.8488057252724985,0.08921330089213302,0.36429542365201634
-3.6488122172415274,0.08921330089213302,0.3645219755323969
-3.601439352714351,0.08921330089213302,0.3647485274127775
-3.5932614755696903,0.08961881589618816,0.3647485274127775
-3.2807536575968044,0.08961881589618816,0.36497507929315814
-3.19701742432558,0.09002433090024331,0.36497507929315814
-3.1645354175390423,0.09002433090024331,0.36520163117353877
-2.9320262677593547,0.09002433090024331,0.36542818305391933
-2.8580450554939603,0.09002433090024331,0.36565473493429995
-2.804450630926354,0.09002433090024331,0.3658812868146806
-2.726286481375311,0.09002433090024331,0.3661078386950612
-2.4244949498623782,0.09002433090024331,0.36633439057544176
-2.4124990502223085,0.09002433090024331,0.3665609424558224
-2.390338704118591,0.09042984590429846,0.3665609424558224
-2.352858643139882,0.0908353609083536,0.3665609424558224
-2.3447287701307005,0.0908353609083536,0.366787494336203
-2.214842924445094,0.0908353609083536,0.3670140462165836
-1.69303637209876,0.0908353609083536,0.3672405980969642
-1.278563033854013,0.0908353609083536,0.3674671499773448
-1.143079629733208,0.09124087591240876,0.3674671499773448
-1.0598018567965397,0.09164639091646391,0.3674671499773448
-1.0348951442884555,0.09205190592051905,0.3674671499773448
-0.9153088393496915,0.09205190592051905,0.36769370185772543
-0.8118918132601607,0.09205190592051905,0.36792025373810605
-0.8066620216858524,0.09205190592051905,0.3681468056184866
-0.6730917126952676,0.09205190592051905,0.36837335749886724
-0.6591386124200795,0.09205190592051905,0.36859990937924786
-0.3776181822703677,0.09205190592051905,0.3688264612596285
-0.07821693844232414,0.09245742092457421,0.3688264612596285
-0.026440754179489545,0.09286293592862936,0.3688264612596285
0.009178406645006021,0.09286293592862936,0.36905301314000905
0.04180524860471735,0.09286293592862936,0.3695061169007703
0.18390151798911347,0.09286293592862936,0.3697326687811509
0.4709373495142586,0.09326845093268452,0.3697326687811509
0.48955379744437266,0.09367396593673966,0.3697326687811509
0.5415170603364317,0.09367396593673966,0.3699592206615315
0.6326297230355209,0.09407948094079481,0.3699592206615315
0.8922549582482304,0.09407948094079481,0.3701857725419121
1.1029550349016404,0.09407948094079481,0.3704123244222927
1.1456302820023865,0.09407948094079481,0.37063887630267334
1.2499400264221805,0.09448499594484996,0.37063887630267334
1.2606217590819426,0.09448499594484996,0.3708654281830539
1.807268818898251,0.0948905109489051,0.3708654281830539
1.8735399415049443,0.0948905109489051,0.3710919800634345
1.908931799455587,0.0948905109489051,0.37131853194381514
2.1017136353650727,0.0948905109489051,0.37154508382419577
2.1806175567348447,0.09529602595296026,0.37154508382419577
2.694076426503244,0.09529602595296026,0.37177163570457633
2.752161427436903,0.09529602595296026,0.37199818758495695
3.018804333350843,0.09529602595296026,0.3722247394653376
3.0986145172590938,0.09529602595296026,0.37267784322609876
3.111762459894422,0.09570154095701541,0.37267784322609876
3.124730623881476,0.09570154095701541,0.3729043951064794
3.404736965173626,0.09570154095701541,0.37313094698686
3.5234309412193454,0.09570154095701541,0.3733574988672406
3.5423366396799167,0.09570154095701541,0.3735840507476212
3.7031564955617853,0.09570154095701541,0.3738106026280018
4.464574829991278,0.09610705596107055,0.3738106026280018
4.542049383747923,0.09610705596107055,0.37403715450838243
4.758665232144153,0.09610705596107055,0.37426370638876305
4.784636807127782,0.09651257096512571,0.37426370638876305
4.803783580038186,0.09651257096512571,0.3744902582691436
4.885551532792675,0.09691808596918086,0.3744902582691436
5.2553088924327085,0.09691808596918086,0.37471681014952424
5.536894048301249,0.09691808596918086,0.37494336202990486
5.632184197796946,0.09691808596918086,0.3751699139102855
5.635789626904625,0.09732360097323602,0.3751699139102855
6.3193062945423435,0.09732360097323602,0.37539646579066605
6.7714767568824925,0.09732360097323602,0.37562301767104667
6.950484259737607,0.09732360097323602,0.3758495695514273
7.415162849188832,0.09732360097323602,0.3760761214318079
8.06268482773018,0.09732360097323602,0.3763026733121885
8.284667611947782,0.09732360097323602,0.3765292251925691
8.342415248030989,0.09772911597729116,0.3765292251925691
8.365807937101167,0.09772911597729116,0.3767557770729497
8.374990641351147,0.09772911597729116,0.37698232895333034
8.65749168766672,0.09772911597729116,0.3772088808337109
8.684661035127476,0.09813463098134631,0.3772088808337109
8.992564909606727,0.09813463098134631,0.3774354327140915
9.419968554118142,0.09854014598540146,0.3774354327140915
9.429177781883922,0.09854014598540146,0.37766198459447214
9.438239927184412,0.09854014598540146,0.37788853647485277
9.751697154459592,0.09854014598540146,0.37811508835523333
9.915589113847076,0.09854014598540146,0.37834164023561395
10.023976836360958,0.0989456609894566,0.37834164023561395
10.203957454339232,0.0989456609894566,0.3785681921159946
10.391572151448827,0.09935117599351176,0.3785681921159946
10.408774753556386,0.09975669099756691,0.3785681921159946
10.465491946300062,0.09975669099756691,0.3787947439963752
10.556552643791122,0.10016220600162205,0.3787947439963752
10.749141069251863,0.10016220600162205,0.37902129587675576
11.260210165080053,0.10016220600162205,0.3792478477571364
11.340898910323148,0.10056772100567721,0.3792478477571364
11.47804607832984,0.10056772100567721,0.379474399637517
11.484423772449972,0.10097323600973236,0.379474399637517
11.57669568334481,0.10097323600973236,0.3797009515178976
11.716334745056884,0.10097323600973236,0.3799275033982782
11.855678816108707,0.10097323600973236,0.3801540552786588
11.9550069781058,0.10137875101378752,0.3801540552786588
11.962176425047375,0.10137875101378752,0.38038060715903943
11.9765457879096,0.10137875101378752,0.38060715903942005
12.057374053252516,0.10137875101378752,0.3808337109198006
12.452954301558037,0.10137875101378752,0.38106026280018124
13.13314704033563,0.10178426601784266,0.38106026280018124
13.184971865026554,0.10178426601784266,0.38128681468056186
13.18515495190509,0.10178426601784266,0.3815133665609425
13.411249418961575,0.10178426601784266,0.38173991844132305
13.502208885868512,0.10178426601784266,0.38196647032170367
13.528615015664172,0.10218978102189781,0.38196647032170367
13.577336426472613,0.10218978102189781,0.3824195740824649
13.596355757330969,0.10218978102189781,0.3826461259628455
13.665643099386742,0.10259529602595296,0.3826461259628455
13.671652076481635,0.10259529602595296,0.3828726778432261
13.7028937606336,0.10259529602595296,0.3830992297236067
13.75280460688775,0.1030008110300081,0.3830992297236067
13.817029694183375,0.1030008110300081,0.38332578160398734
13.979894093311088,0.1030008110300081,0.3835523334843679
14.214324358683555,0.10340632603406326,0.3835523334843679
14.278440452012205,0.10340632603406326,0.3837788853647485
14.348310091788349,0.10340632603406326,0.38400543724512914
14.414028121735072,0.10381184103811841,0.38400543724512914
14.470110162754708,0.10381184103811841,0.38423198912550977
14.58867050927472,0.10381184103811841,0.38445854100589033
14.601038312244498,0.10381184103811841,0.38468509288627095
14.62568731974288,0.10381184103811841,0.3849116447666516
14.902734684183287,0.10381184103811841,0.3851381966470322
14.975713825471274,0.10381184103811841,0.38536474852741276
15.00142410002563,0.10421735604217357,0.38536474852741276
15.105851230531371,0.10421735604217357,0.3855913004077934
15.476877724670388,0.10462287104622871,0.3855913004077934
15.541922239033852,0.10462287104622871,0.385817852288174
15.69187708041116,0.10462287104622871,0.3860444041685546
15.694310669597485,0.10502838605028386,0.3860444041685546
16.02558371224478,0.10502838605028386,0.3862709560489352
16.0964316171126,0.10502838605028386,0.3864975079293158
16.15795769399223,0.10502838605028386,0.38672405980969643
16.267766727158573,0.10502838605028386,0.38695061169007705
16.272149419435905,0.10543390105433902,0.38695061169007705
16.326882707274038,0.10583941605839416,0.38695061169007705
16.63696374919627,0.10583941605839416,0.3871771635704576
16.65640093639219,0.10583941605839416,0.38740371545083824
16.69041953207936,0.10583941605839416,0.38763026733121886
16.764036171341317,0.10624493106244931,0.38763026733121886
17.039902001599188,0.10624493106244931,0.3878568192115995
17.12057849425163,0.10624493106244931,0.38808337109198004
17.18466743468204,0.10665044606650446,0.38808337109198004
17.74251578941589,0.10665044606650446,0.38830992297236067
17.812947225158183,0.10665044606650446,0.3885364748527413
17.880260334226108,0.10665044606650446,0.3887630267331219
17.91104470237569,0.1070559610705596,0.3887630267331219
18.30314167170721,0.1070559610705596,0.3889895786135025
18.33588935432607,0.1070559610705596,0.3892161304938831
18.45952060278033,0.1070559610705596,0.3894426823742637
18.54433726022998,0.10746147607461476,0.3894426823742637
18.833586493618967,0.10786699107866991,0.3894426823742637
18.914741075938224,0.10827250608272507,0.3894426823742637
18.95039577989327,0.10827250608272507,0.38966923425464434
19.197496272973268,0.10867802108678021,0.38966923425464434
19.331938286374182,0.10908353609083536,0.38966923425464434
19.96649428423318,0.10948905109489052,0.38966923425464434
19.98388974614484,0.10948905109489052,0.3898957861350249
20.032119090604496,0.10948905109489052,0.3901223380154055
20.08793602883577,0.10948905109489052,0.39034888989578614
20.19921880153771,0.10948905109489052,0.39057544177616677
20.44301135199865,0.10989456609894566,0.39057544177616677
20.61981283491008,0.10989456609894566,0.39080199365654733
20.731870436211665,0.10989456609894566,0.39102854553692795
20.76556328502234,0.10989456609894566,0.3912550974173086
20.76725789878813,0.11030008110300081,0.3912550974173086
20.808603495746937,0.11030008110300081,0.3914816492976892
21.216197310821684,0.11070559610705596,0.3914816492976892
21.291047312057742,0.11070559610705596,0.39170820117806976
22.08851499354924,0.11070559610705596,0.3919347530584504
22.108287200618477,0.1111111111111111,0.3919347530584504
22.163297985246714,0.1111111111111111,0.392161304938831
22.188707727031172,0.1111111111111111,0.3923878568192116
22.596896381266347,0.11151662611516626,0.3923878568192116
22.801204555077675,0.11151662611516626,0.3926144086995922
22.83523447100525,0.11151662611516626,0.3928409605799728
22.836917432686533,0.11151662611516626,0.39306751246035343
22.854518150782894,0.11192214111922141,0.39306751246035343
22.889304489316686,0.11232765612327657,0.39306751246035343
22.99449960061179,0.11273317112733171,0.39306751246035343
22.997600682258735,0.11273317112733171,0.39329406434073405
23.00128428342498,0.11273317112733171,0.3935206162211146
23.22338250478056,0.11313868613138686,0.3935206162211146
23.271195293268875,0.11313868613138686,0.39374716810149524
23.892365035434622,0.11313868613138686,0.39397371998187586
24.4959826149737,0.11313868613138686,0.3942002718622565
24.62609228651283,0.11313868613138686,0.39442682374263704
24.66691218820428,0.11354420113544202,0.39442682374263704
24.829738839246758,0.11354420113544202,0.39465337562301767
25.350175423571685,0.11354420113544202,0.3948799275033983
25.67417081037864,0.11394971613949716,0.3948799275033983
25.734678599307657,0.11435523114355231,0.3948799275033983
25.965318139612066,0.11435523114355231,0.3951064793837789
26.030760026142545,0.11476074614760746,0.3951064793837789
26.281680538543426,0.11476074614760746,0.3953330312641595
26.295865901661543,0.11476074614760746,0.3955595831445401
26.530847959770682,0.11476074614760746,0.3957861350249207
26.58843036949051,0.11476074614760746,0.39601268690530134
26.914180434192502,0.1151662611516626,0.39601268690530134
27.074790333501014,0.1151662611516626,0.3962392387856819
27.165229186699605,0.1151662611516626,0.3964657906660625
27.38994692004644,0.1151662611516626,0.39669234254644314
27.418120519004106,0.11557177615571776,0.39669234254644314
27.569847749928925,0.11597729115977291,0.39669234254644314
27.589339928028735,0.11638280616382807,0.39669234254644314
27.60682001740372,0.11638280616382807,0.39691889442682377
27.739532288433267,0.11638280616382807,0.39714544630720433
27.822819503561135,0.11638280616382807,0.39737199818758495
27.888354834793176,0.11678832116788321,0.39737199818758495
28.24685562967636,0.11678832116788321,0.3975985500679656
28.277490110881544,0.11678832116788321,0.3978251019483462
28.377263902932086,0.11719383617193836,0.3978251019483462
28.525616145628973,0.11759935117599352,0.3978251019483462
28.52686535405016,0.11759935117599352,0.39805165382872676
28.573049355501183,0.11759935117599352,0.3982782057091074
29.326766575964527,0.11759935117599352,0.398504757589488
29.554295106627194,0.11800486618004866,0.398504757589488
29.72572626690085,0.11841038118410381,0.398504757589488
29.85822635483123,0.11881589618815896,0.398504757589488
29.898692478578027,0.1192214111922141,0.398504757589488
29.923883844893297,0.1192214111922141,0.3987313094698686
30.241798241703222,0.1192214111922141,0.3989578613502492
30.26975727312933,0.1192214111922141,0.3991844132306298
30.369501168289716,0.1192214111922141,0.39941096511101043
30.377908386725593,0.1192214111922141,0.39963751699139105
30.684985686819417,0.1192214111922141,0.3998640688717716
30.76037729454268,0.1192214111922141,0.40009062075215224
30.76091453215014,0.11962692619626926,0.40009062075215224
30.894983414774856,0.11962692619626926,0.40031717263253286
30.97712600981336,0.11962692619626926,0.4005437245129135
31.1116863344362,0.11962692619626926,0.40077027639329404
31.157990084640844,0.12003244120032441,0.40077027639329404
31.30765684710279,0.12003244120032441,0.40099682827367467
31.344602235713353,0.12003244120032441,0.4012233801540553
31.625378175943638,0.12003244120032441,0.4014499320344359
31.659616970156833,0.12043795620437957,0.4014499320344359
31.80960939858943,0.12043795620437957,0.4016764839148165
31.996216447496806,0.12084347120843471,0.4016764839148165
32.097054229872896,0.12124898621248986,0.4016764839148165
32.181681577946165,0.12124898621248986,0.4019030357951971
32.38030867965338,0.12124898621248986,0.4021295876755777
32.45690788114362,0.12124898621248986,0.40235613955595834
32.53264448228636,0.12165450121654502,0.40235613955595834
32.6485269115674,0.12206001622060016,0.40235613955595834
32.84129132608609,0.12246553122465531,0.40235613955595834
32.87375147025513,0.12287104622871046,0.40235613955595834
33.10490110152426,0.12327656123276562,0.40235613955595834
33.269054777860845,0.12327656123276562,0.4025826914363389
33.344941667347655,0.12327656123276562,0.4028092433167195
33.46385103354203,0.12327656123276562,0.40303579519710014
33.4894594659024,0.12368207623682076,0.40303579519710014
33.626575700675915,0.12408759124087591,0.40303579519710014
33.678542217936794,0.12408759124087591,0.40326234707748077
33.80283128606429,0.12449310624493107,0.40326234707748077
33.87160982362202,0.12489862124898621,0.40326234707748077
33.90874796725197,0.12530413625304138,0.40326234707748077
34.15562740758624,0.12530413625304138,0.40348889895786133
34.15990419240548,0.12570965125709652,0.40348889895786133
34.24667172120914,0.12570965125709652,0.40371545083824195
34.26954779359302,0.12570965125709652,0.4041685545990032
34.429841130427434,0.12570965125709652,0.40439510647938376
34.51018456462437,0.12570965125709652,0.4046216583597644
34.64278460902348,0.12611516626115166,0.4046216583597644
34.77437001590992,0.12611516626115166,0.404848210240145
34.79883217596543,0.12611516626115166,0.4050747621205256
34.81243933356629,0.12611516626115166,0.4053013140009062
34.97104263111213,0.12652068126520682,0.4053013140009062
35.09587037945222,0.12652068126520682,0.4055278658812868
35.10945785848202,0.12692619626926196,0.4055278658812868
35.2675442499512,0.1273317112733171,0.4055278658812868
35.32839884840622,0.1273317112733171,0.40598096964204805
35.4290556945202,0.1273317112733171,0.4062075215224286
35.47606089726919,0.12773722627737227,0.4062075215224286
35.53502977867416,0.12773722627737227,0.40643407340280924
35.60112780213301,0.12773722627737227,0.40666062528318986
35.6998240449913,0.12773722627737227,0.4068871771635705
35.748377723711286,0.12773722627737227,0.40711372904395104
35.77458145032779,0.12773722627737227,0.40734028092433167
35.924892023222014,0.1281427412814274,0.40734028092433167
36.057080383463585,0.1281427412814274,0.4075668328047123
36.077334816191964,0.12854825628548255,0.4075668328047123
36.18104109215248,0.12895377128953772,0.4075668328047123
36.383949065835736,0.12895377128953772,0.4077933846850929
36.42914358779335,0.12895377128953772,0.4080199365654735
36.49815622632475,0.12935928629359286,0.4080199365654735
36.65513491961953,0.12935928629359286,0.4082464884458541
37.01918791299936,0.129764801297648,0.4082464884458541
37.179098525806054,0.129764801297648,0.4084730403262347
37.28521241930234,0.129764801297648,0.40869959220661534
37.453968832728705,0.13017031630170317,0.40869959220661534
37.53679348735071,0.1305758313057583,0.40869959220661534
37.639155177930846,0.1305758313057583,0.4089261440869959
37.764041759973026,0.13098134630981345,0.4089261440869959
37.76596467893603,0.13098134630981345,0.4091526959673765
37.794783194110096,0.13138686131386862,0.4091526959673765
37.85877964135726,0.13179237631792376,0.4091526959673765
37.90073369539597,0.13179237631792376,0.40937924784775714
37.98179092283111,0.1321978913219789,0.40937924784775714
37.982995531057654,0.1321978913219789,0.40960579972813776
38.04435002870514,0.1321978913219789,0.40983235160851833
38.067942827994244,0.13260340632603407,0.40983235160851833
38.23202324360538,0.1330089213300892,0.40983235160851833
38.38226816666642,0.1330089213300892,0.41005890348889895
38.39376345279908,0.1330089213300892,0.4102854553692796
38.412635064933454,0.13341443633414438,0.4102854553692796
38.50885035192316,0.13381995133819952,0.4102854553692796
38.6060689192643,0.13381995133819952,0.4105120072496602
38.64529642680917,0.13422546634225466,0.4105120072496602
38.87237440971512,0.13463098134630982,0.4105120072496602
38.91581910722795,0.13463098134630982,0.41073855913004076
39.048222220428926,0.13503649635036497,0.41073855913004076
39.12830521691143,0.1354420113544201,0.41073855913004076
39.27410220824035,0.13584752635847527,0.41073855913004076
39.5179993887369,0.1362530413625304,0.41073855913004076
39.71254079543496,0.13665855636658555,0.41073855913004076
39.85855861510703,0.13665855636658555,0.4109651110104214
40.09470008401412,0.13665855636658555,0.411191662890802
40.09996916368941,0.13706407137064072,0.411191662890802
40.15992274659662,0.13746958637469586,0.411191662890802
40.16489710358664,0.137875101378751,0.411191662890802
40.22442677107884,0.13828061638280617,0.411191662890802
40.22953774408175,0.1386861313868613,0.411191662890802
40.26040064152471,0.1386861313868613,0.4114182147711826
40.31493909375722,0.13909164639091645,0.4114182147711826
40.4151502223291,0.13909164639091645,0.4116447666515632
40.48819480057357,0.13949716139497162,0.4116447666515632
40.648887160863424,0.13990267639902676,0.4116447666515632
40.711342241400786,0.13990267639902676,0.4118713185319438
40.85510499832813,0.13990267639902676,0.41209787041232443
40.89059973514213,0.14030819140308193,0.41209787041232443
40.904612251581895,0.14071370640713707,0.41209787041232443
40.93568394164306,0.14071370640713707,0.41232442229270505
41.977340004018174,0.1411192214111922,0.41232442229270505
42.06858739271203,0.14152473641524738,0.41232442229270505
42.15389735162904,0.14193025141930252,0.41232442229270505
42.43881419345496,0.14193025141930252,0.4125509741730856
43.04353073003418,0.14233576642335766,0.4125509741730856
43.0522472670761,0.14274128142741282,0.4125509741730856
43.12936657149264,0.14314679643146797,0.4125509741730856
43.46002180604309,0.14314679643146797,0.41277752605346624
43.59658617384504,0.14314679643146797,0.41300407793384686
43.78592839645438,0.14314679643146797,0.4132306298142275
43.795642235943845,0.1435523114355231,0.4132306298142275
43.91180483710443,0.1435523114355231,0.41345718169460804
43.97472035219208,0.1435523114355231,0.41368373357498867
43.98317572907159,0.14395782643957827,0.41368373357498867
44.05275344658564,0.14395782643957827,0.4139102854553693
44.122197092315616,0.14395782643957827,0.4141368373357499
44.16827870922546,0.14436334144363341,0.4141368373357499
44.27494251514504,0.14476885644768855,0.4141368373357499
44.3726672339193,0.14476885644768855,0.4143633892161305
44.40941789483773,0.14476885644768855,0.4145899410965111
44.56827219744778,0.14476885644768855,0.4148164929768917
44.81900000087384,0.14517437145174372,0.4148164929768917
45.04655166190389,0.14557988645579886,0.4148164929768917
45.37161689020111,0.14557988645579886,0.41504304485727234
45.54881707651661,0.14557988645579886,0.4152695967376529
45.58771731686225,0.14557988645579886,0.4154961486180335
45.768442569870615,0.145985401459854,0.4154961486180335
45.96526049861855,0.14639091646390917,0.4154961486180335
46.19402306397507,0.1467964314679643,0.4154961486180335
46.208100937438275,0.1467964314679643,0.41572270049841414
46.36649324299144,0.1467964314679643,0.41594925237879476
46.404746529583065,0.1467964314679643,0.41617580425917533
46.405589952601886,0.1467964314679643,0.41640235613955595
46.41156876440017,0.14720194647201945,0.41640235613955595
46.6836395697659,0.14720194647201945,0.4166289080199366
46.806540863431465,0.14720194647201945,0.4168554599003172
46.814983320855845,0.14720194647201945,0.41708201178069776
46.82256766114806,0.14720194647201945,0.4173085636610784
46.828512359813985,0.14720194647201945,0.417535115541459
46.9249298742176,0.14720194647201945,0.4177616674218396
46.979946827910936,0.14720194647201945,0.4179882193022202
46.98079570854169,0.14720194647201945,0.4182147711826008
46.985963853902476,0.14720194647201945,0.41844132306298143
47.00588141277001,0.14760746147607462,0.41844132306298143
47.10372814907889,0.14760746147607462,0.41866787494336205
47.23734429184667,0.14801297648012976,0.41866787494336205
47.29685422648927,0.14841849148418493,0.41866787494336205
47.35243791037847,0.14841849148418493,0.4188944268237426
47.36081614400075,0.14882400648824007,0.4188944268237426
47.5671962090623,0.1492295214922952,0.4188944268237426
47.593134057559,0.1492295214922952,0.41912097870412324
47.72898833950735,0.1492295214922952,0.41934753058450386
47.75099890026708,0.14963503649635038,0.41934753058450386
47.755217882245276,0.14963503649635038,0.4195740824648845
47.80295466314857,0.14963503649635038,0.41980063434526504
47.822307626362814,0.15004055150040552,0.41980063434526504
47.928731436847386,0.15004055150040552,0.42002718622564567
47.9835516816989,0.15004055150040552,0.4202537381060263
48.01501911031794,0.15044606650446066,0.4202537381060263
48.046602343202935,0.15044606650446066,0.4204802899864069
48.05233613554884,0.15044606650446066,0.4207068418667875
48.08221252113363,0.15044606650446066,0.4209333937471681
48.35978875639323,0.15044606650446066,0.4211599456275487
48.420560988089775,0.15085158150851583,0.4211599456275487
48.763209644039236,0.15085158150851583,0.42138649750792934
49.161570970591214,0.15085158150851583,0.4216130493883099
49.21549091927365,0.15125709651257097,0.4216130493883099
49.354442015139384,0.1516626115166261,0.4216130493883099
49.36120841104737,0.15206812652068127,0.4216130493883099
49.507719485491734,0.15206812652068127,0.4218396012686905
49.54848657520931,0.15247364152473641,0.4218396012686905
49.5530588989852,0.15287915652879155,0.4218396012686905
49.58232300166517,0.15328467153284672,0.4218396012686905
49.65736400825335,0.15328467153284672,0.42206615314907114
49.70501534964589,0.15369018653690186,0.42206615314907114
49.95417679041732,0.15369018653690186,0.42229270502945176
50.06239965869257,0.154095701540957,0.42229270502945176
50.152750898440544,0.154095701540957,0.42251925690983233
50.39812344809515,0.154095701540957,0.42274580879021295
50.952089000558985,0.154095701540957,0.4229723606705936
51.0575583138813,0.154095701540957,0.4231989125509742
51.061598485734024,0.154095701540957,0.42342546443135476
51.158310748118296,0.15450121654501217,0.42342546443135476
51.21660188629399,0.1549067315490673,0.42342546443135476
51.29195683906582,0.15531224655312248,0.42342546443135476
51.3263274194417,0.15531224655312248,0.4236520163117354
51.414698582445325,0.15571776155717762,0.4236520163117354
51.47035476776216,0.15571776155717762,0.423878568192116
51.52669525715129,0.15571776155717762,0.4241051200724966
51.614274510632555,0.15571776155717762,0.4243316719528772
51.712136880306005,0.15571776155717762,0.4245582238332578
51.76178657658028,0.15571776155717762,0.42478477571363843
51.78062126244134,0.15571776155717762,0.42501132759401905
51.902442499839395,0.15571776155717762,0.4252378794743996
51.91596606713128,0.15612327656123276,0.4252378794743996
51.978490142358254,0.15652879156528793,0.4252378794743996
52.23665596562793,0.15693430656934307,0.4252378794743996
52.301605038080496,0.1573398215733982,0.4252378794743996
52.514018216147505,0.1573398215733982,0.42546443135478024
52.54690943833444,0.1573398215733982,0.42569098323516086
52.66647412020987,0.15774533657745338,0.42569098323516086
52.69748136612256,0.15774533657745338,0.4259175351155415
52.80659421497586,0.15774533657745338,0.42614408699592204
52.80896860434218,0.15815085158150852,0.42614408699592204
52.85494580606222,0.15815085158150852,0.42637063887630267
52.92488341067953,0.15815085158150852,0.4265971907566833
52.93986210885083,0.15815085158150852,0.4268237426370639
53.195453805880746,0.15815085158150852,0.4270502945174445
53.22138167106752,0.15855636658556366,0.4270502945174445
53.326909316717604,0.15855636658556366,0.4272768463978251
53.364931288352125,0.15896188158961883,0.4272768463978251
53.36677932928143,0.15896188158961883,0.4275033982782057
53.5519639433485,0.15896188158961883,0.42772995015858634
53.60243922259059,0.15936739659367397,0.42772995015858634
53.70775061600267,0.15936739659367397,0.4279565020389669
53.91225274509131,0.1597729115977291,0.4279565020389669
53.947306414646434,0.16017842660178427,0.4279565020389669
54.10784865917422,0.16058394160583941,0.4279565020389669
54.189441822624396,0.16098945660989455,0.4279565020389669
54.32476050278789,0.16139497161394972,0.4279565020389669
54.557716398235996,0.16180048661800486,0.4279565020389669
54.59805029810329,0.16220600162206,0.4279565020389669
54.64594476895096,0.16220600162206,0.4281830539193475
54.650910726890004,0.16220600162206,0.42840960579972814
54.81906840403771,0.16261151662611517,0.42840960579972814
54.83297630121441,0.1630170316301703,0.42840960579972814
54.91132662315858,0.1630170316301703,0.42863615768010876
55.04306390203159,0.1630170316301703,0.42886270956048933
55.136321750505886,0.16342254663422548,0.42886270956048933
55.265189072308985,0.16342254663422548,0.42908926144086995
55.36260366495986,0.16342254663422548,0.4293158133212506
55.380222218675684,0.16382806163828062,0.4293158133212506
55.41623767711929,0.16423357664233576,0.4293158133212506
55.534084006897274,0.16423357664233576,0.4295423652016312
55.62723040170603,0.16463909164639093,0.4295423652016312
55.93212451856354,0.16463909164639093,0.42976891708201176
55.98104311091901,0.16504460665044607,0.42976891708201176
56.0309560222642,0.1654501216545012,0.42976891708201176
56.12138442219407,0.16585563665855638,0.42976891708201176
56.32425208798597,0.16626115166261152,0.42976891708201176
56.53056698844587,0.16626115166261152,0.4299954689623924
56.59267807081056,0.16626115166261152,0.430222020842773
56.609430718332106,0.16626115166261152,0.4304485727231536
56.62164438363639,0.16666666666666666,0.4304485727231536
56.69137635640257,0.16666666666666666,0.4306751246035342
56.72310078989602,0.16666666666666666,0.4309016764839148
56.783096593856705,0.16666666666666666,0.43112822836429543
56.857943130458935,0.16666666666666666,0.43135478024467605
56.90473609400701,0.16666666666666666,0.4315813321250566
57.030514967587735,0.16707218167072183,0.4315813321250566
57.059578594947816,0.16707218167072183,0.43180788400543724
57.09067164215238,0.16707218167072183,0.43203443588581786
57.2536345454848,0.16747769667477697,0.43203443588581786
57.33679324096908,0.1678832116788321,0.43203443588581786
57.46209869106981,0.16828872668288727,0.43203443588581786
57.52221711828596,0.16869424168694241,0.43203443588581786
57.5811779725224,0.16869424168694241,0.4322609877661985
57.72821481532247,0.16869424168694241,0.43248753964657904
57.74913859131165,0.16869424168694241,0.43271409152695967
58.01883542377746,0.16909975669099755,0.43271409152695967
58.10948359220564,0.16950527169505272,0.43271409152695967
58.11949958808469,0.16991078669910786,0.43271409152695967
58.13767462183627,0.16991078669910786,0.4329406434073403
58.18955409655548,0.16991078669910786,0.4331671952877209
58.196210066807836,0.16991078669910786,0.4333937471681015
58.23089550687391,0.170316301703163,0.4333937471681015
58.23636290466729,0.170316301703163,0.4336202990484821
58.31900241241949,0.17072181670721817,0.4336202990484821
58.46839300182547,0.1711273317112733,0.4336202990484821
58.59819932766888,0.1711273317112733,0.4338468509288627
58.61693878071748,0.17153284671532848,0.4338468509288627
58.6229126466194,0.17193836171938362,0.4338468509288627
58.70492900601851,0.17193836171938362,0.43407340280924334
58.73561746080852,0.17193836171938362,0.4342999546896239
58.769421350347415,0.17193836171938362,0.4345265065700045
58.80009707481561,0.17193836171938362,0.43475305845038514
58.84113800830658,0.17234387672343876,0.43475305845038514
58.88987275644785,0.17234387672343876,0.43497961033076576
59.11158976039659,0.17274939172749393,0.43497961033076576
59.22913060672588,0.17274939172749393,0.43520616221114633
59.281061654729,0.17315490673154907,0.43520616221114633
59.47527467257105,0.1735604217356042,0.43520616221114633
59.57950827710765,0.1735604217356042,0.43543271409152695
59.703660754006634,0.17396593673965938,0.43543271409152695
59.81453341326712,0.17396593673965938,0.43565926597190757
59.8661715502753,0.17396593673965938,0.4358858178522882
59.90742782234832,0.17437145174371452,0.4358858178522882
59.916287258428994,0.17437145174371452,0.43611236973266876
59.94439884166345,0.17437145174371452,0.4363389216130494
60.0030922463725,0.17437145174371452,0.43656547349343
60.012230454221665,0.17437145174371452,0.4367920253738106
60.295985516750875,0.17437145174371452,0.4370185772541912
60.33006284739943,0.17437145174371452,0.4372451291345718
60.33199131682273,0.17437145174371452,0.43747168101495243
60.45301980807601,0.17477696674776966,0.43747168101495243
60.49745139559,0.17518248175182483,0.43747168101495243
60.58170558393642,0.17518248175182483,0.43769823289533305
60.60950479037684,0.17558799675587997,0.43769823289533305
60.619512999307744,0.1759935117599351,0.43769823289533305
60.66194395421536,0.1759935117599351,0.4379247847757136
60.69966318540788,0.17639902676399027,0.4379247847757136
60.73297470228171,0.17639902676399027,0.43815133665609424
60.76066194509612,0.17639902676399027,0.43837788853647486
60.82387513901808,0.17680454176804541,0.43837788853647486
60.82637418471453,0.17680454176804541,0.4386044404168555
60.88853121062985,0.17680454176804541,0.43883099229723604
60.89682487580882,0.17721005677210055,0.43883099229723604
61.06684244881855,0.17721005677210055,0.43905754417761667
61.20646570392367,0.17721005677210055,0.4392840960579973
61.2167248094381,0.17721005677210055,0.4395106479383779
61.23330227758499,0.17721005677210055,0.4397371998187585
61.32527208979063,0.17761557177615572,0.4397371998187585
61.33881985126632,0.17761557177615572,0.4399637516991391
61.342116977065494,0.17802108678021086,0.4399637516991391
61.3566075442938,0.17842660178426603,0.4399637516991391
61.52631499667938,0.17883211678832117,0.4399637516991391
61.530750595282456,0.1792376317923763,0.4399637516991391
61.56578890611919,0.17964314679643148,0.4399637516991391
61.58606648336441,0.17964314679643148,0.4401903035795197
61.718002046032595,0.17964314679643148,0.44041685545990034
61.911448958174226,0.18004866180048662,0.44041685545990034
62.09346841236315,0.18045417680454176,0.44041685545990034
62.1497201819196,0.18045417680454176,0.4406434073402809
62.199630567720845,0.18085969180859693,0.4406434073402809
62.20200522235707,0.18126520681265207,0.4406434073402809
62.363858913757554,0.1816707218167072,0.4406434073402809
62.3681756603651,0.18207623682076238,0.4406434073402809
62.4627295866642,0.18207623682076238,0.4408699592206615
62.55278074286421,0.18207623682076238,0.44109651110104214
62.56152810591239,0.18207623682076238,0.44132306298142276
62.618198766665586,0.18248175182481752,0.44132306298142276
62.630446798079724,0.18248175182481752,0.44154961486180333
62.67225996919061,0.18248175182481752,0.44177616674218395
62.75734995501934,0.18248175182481752,0.44200271862256457
62.775540937350684,0.18288726682887266,0.44200271862256457
62.821307760618495,0.18288726682887266,0.4422292705029452
62.923813766155135,0.18288726682887266,0.44245582238332576
62.947110746204714,0.18288726682887266,0.4426823742637064
62.959220343046,0.18288726682887266,0.442908926144087
63.08188213763545,0.18329278183292783,0.442908926144087
63.16808413779043,0.18369829683698297,0.442908926144087
63.2096346318806,0.18369829683698297,0.4431354780244676
63.323920703082756,0.18369829683698297,0.4433620299048482
63.42601309430983,0.18369829683698297,0.4435885817852288
63.44202135925175,0.18369829683698297,0.44381513366560943
63.491689739321146,0.18369829683698297,0.44404168554599005
63.57645554176215,0.1841038118410381,0.44404168554599005
63.84363339589132,0.18450932684509327,0.44404168554599005
63.883048477382175,0.18450932684509327,0.4442682374263706
63.90346510981091,0.18491484184914841,0.4442682374263706
64.0859412383669,0.18491484184914841,0.44449478930675124
64.13900092280764,0.18532035685320356,0.44449478930675124
64.39583209923293,0.18532035685320356,0.44472134118713186
64.4349257358782,0.18532035685320356,0.4449478930675125
64.50895412894306,0.18532035685320356,0.44517444494789304
64.5452358220881,0.18572587185725872,0.44517444494789304
64.60466794354278,0.18613138686131386,0.44517444494789304
64.69197339011245,0.18653690186536903,0.44517444494789304
64.79657280380675,0.18653690186536903,0.44540099682827367
64.909328565838,0.18694241686942417,0.44540099682827367
64.98674098456272,0.1873479318734793,0.44540099682827367
65.06072557327846,0.1873479318734793,0.4456275487086543
65.25276810276873,0.18775344687753448,0.4456275487086543
65.35884074378086,0.18815896188158962,0.4456275487086543
65.39115419885604,0.18815896188158962,0.4458541005890349
65.44248739950808,0.18815896188158962,0.4460806524694155
65.57165307428843,0.18815896188158962,0.4463072043497961
65.62655713244543,0.18815896188158962,0.4465337562301767
65.65553716608389,0.18856447688564476,0.4465337562301767
65.68915133681925,0.18856447688564476,0.44676030811055734
65.70962162238604,0.18856447688564476,0.4469868599909379
65.73857616853218,0.18896999188969993,0.4469868599909379
65.74164656561501,0.18937550689375507,0.4469868599909379
65.75875228444725,0.1897810218978102,0.4469868599909379
65.80004135817605,0.19018653690186538,0.4469868599909379
65.82915248994235,0.19018653690186538,0.4472134118713185
65.91107048528126,0.19018653690186538,0.44743996375169914
66.01428491390453,0.19018653690186538,0.44766651563207976
66.0245753249664,0.19018653690186538,0.44789306751246033
66.10277952695446,0.19018653690186538,0.44811961939284095
66.12864173337869,0.19059205190592052,0.44811961939284095
66.13738738535078,0.19099756690997566,0.44811961939284095
66.25643640277559,0.19140308191403083,0.44811961939284095
66.28282373878308,0.19140308191403083,0.44834617127322157
66.30013077329895,0.19140308191403083,0.4485727231536022
66.51386762514144,0.19180859691808597,0.4485727231536022
66.65788556796261,0.1922141119221411,0.4485727231536022
66.71691713454172,0.1922141119221411,0.44879927503398276
66.72640254978481,0.1922141119221411,0.4490258269143634
66.88076545257944,0.1922141119221411,0.449252378794744
66.89385325977088,0.1922141119221411,0.4494789306751246
66.94286973545844,0.19261962692619627,0.4494789306751246
66.96814855893027,0.19302514193025141,0.4494789306751246
67.21525859885881,0.19343065693430658,0.4494789306751246
67.30601565152412,0.19383617193836172,0.4494789306751246
67.32382231888114,0.19383617193836172,0.4497054825555052
67.35971059303662,0.19424168694241686,0.4497054825555052
67.48436253006918,0.19464720194647203,0.4497054825555052
67.54146714174401,0.19505271695052717,0.4497054825555052
67.71381732632182,0.19505271695052717,0.4499320344358858
67.72964915310502,0.19505271695052717,0.45015858631626643
67.73626084702951,0.19505271695052717,0.45038513819664705
67.84827093459748,0.1954582319545823,0.45038513819664705
67.88777645423964,0.1954582319545823,0.4506116900770276
67.90212455223921,0.19586374695863748,0.4506116900770276
68.091579991755,0.19586374695863748,0.45083824195740824
68.09739970763124,0.19626926196269262,0.45083824195740824
68.22581214454057,0.19626926196269262,0.45106479383778886
68.47590546248561,0.19626926196269262,0.4512913457181695
68.49735646501196,0.19626926196269262,0.45151789759855004
68.54660661054439,0.19626926196269262,0.45174444947893067
68.57646001711927,0.19667477696674776,0.45174444947893067
68.64257956234428,0.19667477696674776,0.4519710013593113
68.67363372889446,0.19667477696674776,0.4521975532396919
68.71326856335438,0.19708029197080293,0.4521975532396919
68.82269273053205,0.19708029197080293,0.4524241051200725
68.88627734628736,0.19748580697485807,0.4524241051200725
68.93860414899227,0.19748580697485807,0.4526506570004531
69.04932353799148,0.1978913219789132,0.4526506570004531
69.16348162167776,0.1978913219789132,0.4528772088808337
69.27694240007052,0.1978913219789132,0.45310376076121434
69.3453480025582,0.19829683698296838,0.45310376076121434
69.36138510465284,0.19829683698296838,0.4533303126415949
69.38514183690857,0.19870235198702352,0.4533303126415949
69.56758517838448,0.19910786699107866,0.4533303126415949
69.58881527326692,0.19910786699107866,0.4535568645219755
69.6349948857166,0.19951338199513383,0.4535568645219755
69.67864932085973,0.19951338199513383,0.45378341640235614
69.73261253682517,0.19951338199513383,0.45400996828273676
69.81914569113925,0.19951338199513383,0.45423652016311733
69.84313672442028,0.19991889699918897,0.45423652016311733
69.90853959551049,0.19991889699918897,0.45446307204349795
70.04599842664078,0.19991889699918897,0.45468962392387857
70.13610238520707,0.2003244120032441,0.45468962392387857
70.17194524413239,0.2003244120032441,0.4549161758042592
70.35565830882929,0.2003244120032441,0.45514272768463976
70.43136944445256,0.2003244120032441,0.4553692795650204
70.43882873171921,0.2003244120032441,0.455595831445401
70.61229326292325,0.2003244120032441,0.4558223833257816
70.63369223705254,0.2003244120032441,0.4560489352061622
70.68551327621493,0.2003244120032441,0.4562754870865428
70.78761776894444,0.20072992700729927,0.4562754870865428
70.89696265325536,0.20072992700729927,0.45650203896692343
70.9236544353941,0.20113544201135442,0.45650203896692343
71.00861658552691,0.20113544201135442,0.45672859084730405
71.07424272224998,0.20154095701540958,0.45672859084730405
71.160020964566,0.20194647201946472,0.45672859084730405
71.1958861270426,0.20194647201946472,0.4569551427276846
71.19814827890644,0.20235198702351986,0.4569551427276846
71.23661865272828,0.20235198702351986,0.45718169460806524
71.23707660150299,0.20235198702351986,0.45740824648844586
71.33007823874834,0.20235198702351986,0.4576347983688265
71.4487357228798,0.20235198702351986,0.45786135024920704
71.47192654258794,0.20275750202757503,0.45786135024920704
71.48106404140921,0.20275750202757503,0.45808790212958767
71.5802134883517,0.20275750202757503,0.4583144540099683
71.61963638117436,0.20275750202757503,0.4585410058903489
71.62003639950777,0.20275750202757503,0.4587675577707295
71.64027900193054,0.20275750202757503,0.4589941096511101
71.66334791307835,0.20275750202757503,0.4592206615314907
71.67051820828678,0.20275750202757503,0.45944721341187134
71.7163510614948,0.20316301703163017,0.45944721341187134
71.73696701868681,0.20316301703163017,0.4596737652922519
71.7637191988702,0.20316301703163017,0.4599003171726325
71.80314682581329,0.20316301703163017,0.46012686905301314
71.83908867669216,0.20316301703163017,0.46035342093339376
71.90647016662982,0.20316301703163017,0.46057997281377433
71.95560397442574,0.20316301703163017,0.46080652469415495
72.01044847737678,0.20316301703163017,0.46103307657453557
72.04244451980387,0.20316301703163017,0.4612596284549162
72.14799794915798,0.20316301703163017,0.46148618033529676
72.359315047059,0.2035685320356853,0.46148618033529676
72.3694743703694,0.2035685320356853,0.4617127322156774
72.38474342091894,0.20397404703974048,0.4617127322156774
72.39033780351247,0.20397404703974048,0.461939284096058
72.51120935671068,0.20397404703974048,0.4621658359764386
72.52600078677054,0.20437956204379562,0.4621658359764386
72.80606336453212,0.20437956204379562,0.4623923878568192
73.13134671379902,0.20478507704785076,0.4623923878568192
73.181985860875,0.20478507704785076,0.4626189397371998
73.18435710713193,0.20478507704785076,0.46284549161758043
73.21600500668075,0.20519059205190593,0.46284549161758043
73.22119193692392,0.20559610705596107,0.46284549161758043
73.32233546690863,0.2060016220600162,0.46284549161758043
73.34727935276696,0.2060016220600162,0.46307204349796105
73.38022387553247,0.2060016220600162,0.4632985953783416
73.44483278037953,0.20640713706407138,0.4632985953783416
73.46179337692348,0.20681265206812652,0.4632985953783416
73.53232608281442,0.20721816707218166,0.4632985953783416
73.63083319840229,0.20721816707218166,0.46352514725872224
73.63788016251186,0.20721816707218166,0.46375169913910286
73.66617428980635,0.20762368207623683,0.46375169913910286
73.71039894647566,0.20762368207623683,0.4639782510194835
73.73385678034269,0.20762368207623683,0.46420480289986404
73.78157150863012,0.20762368207623683,0.46443135478024467
73.99733479812458,0.20762368207623683,0.4646579066606253
74.06654903472457,0.20762368207623683,0.4648844585410059
74.06855429734959,0.20762368207623683,0.4651110104213865
74.10406915074128,0.20802919708029197,0.4651110104213865
74.13426102212621,0.20802919708029197,0.4653375623017671
74.16046358478411,0.20802919708029197,0.4655641141821477
74.17018369859602,0.20802919708029197,0.46579066606252834
74.23353387061448,0.20802919708029197,0.4660172179429089
74.3176498559857,0.20802919708029197,0.4662437698232895
74.42557794040752,0.20802919708029197,0.46647032170367014
74.50841898135093,0.20802919708029197,0.46669687358405076
74.59331545499725,0.20802919708029197,0.46692342546443133
74.6362773993894,0.20802919708029197,0.46714997734481195
74.68855274057995,0.20802919708029197,0.46737652922519257
74.69851174764733,0.20802919708029197,0.4676030811055732
74.75384230915459,0.20802919708029197,0.46782963298595376
74.76930346527091,0.20802919708029197,0.4680561848663344
74.77511792078306,0.20843471208434713,0.4680561848663344
74.83905643558955,0.20884022708840227,0.4680561848663344
74.9218723026992,0.20924574209245742,0.4680561848663344
74.97524332198807,0.20965125709651258,0.4680561848663344
75.17064438197187,0.20965125709651258,0.468282736746715
75.19687258726914,0.21005677210056772,0.468282736746715
75.22783181621264,0.21005677210056772,0.4685092886270956
75.28542406363026,0.21005677210056772,0.4687358405074762
75.43010285166993,0.21005677210056772,0.4689623923878568
75.46823992596646,0.21005677210056772,0.46918894426823743
75.49125422410549,0.21005677210056772,0.46941549614861805
75.50906267954934,0.21005677210056772,0.4696420480289986
75.52403562863617,0.21046228710462286,0.4696420480289986
75.66151186082114,0.21046228710462286,0.46986859990937924
75.7419124482573,0.21046228710462286,0.47009515178975986
75.83083334478863,0.21046228710462286,0.4703217036701405
75.87826927972839,0.21086780210867803,0.4703217036701405
75.91805334196707,0.21127331711273317,0.4703217036701405
75.94315469564947,0.2116788321167883,0.4703217036701405
75.95061898384269,0.2116788321167883,0.47054825555052104
75.99718557881054,0.21208434712084348,0.47054825555052104
75.99985741675498,0.21208434712084348,0.47077480743090167
76.0567244937713,0.21248986212489862,0.47077480743090167
76.1840052992595,0.21248986212489862,0.4710013593112823
76.28004780321069,0.21289537712895376,0.4710013593112823
76.40611383867956,0.21289537712895376,0.4712279111916629
76.41664787070081,0.21289537712895376,0.4714544630720435
76.42437529756003,0.21289537712895376,0.4716810149524241
76.52850002110767,0.21289537712895376,0.4719075668328047
76.57468659462899,0.21289537712895376,0.47213411871318534
76.5907119275151,0.21289537712895376,0.4723606705935659
76.59553828100636,0.21330089213300893,0.4723606705935659
76.65704039648762,0.21370640713706407,0.4723606705935659
76.68513868310117,0.21370640713706407,0.4725872224739465
76.7838069993224,0.21370640713706407,0.47281377435432714
76.81798557506445,0.21370640713706407,0.47304032623470776
76.82714443168175,0.2141119221411192,0.47304032623470776
76.84502355258107,0.2141119221411192,0.47326687811508833
76.8613319401913,0.21451743714517438,0.47326687811508833
76.86352879624786,0.21492295214922952,0.47326687811508833
76.86708950601133,0.21532846715328466,0.47326687811508833
76.89113500932007,0.21573398215733983,0.47326687811508833
76.90703316688416,0.21573398215733983,0.47349342999546895
76.91373513972013,0.21613949716139497,0.47349342999546895
76.96249715979502,0.21613949716139497,0.47371998187584957
77.08333091559001,0.21613949716139497,0.4739465337562302
77.11260179529572,0.21613949716139497,0.47417308563661076
77.11359821506224,0.21613949716139497,0.4743996375169914
77.11454997137331,0.21654501216545013,0.4743996375169914
77.185923584284,0.21695052716950528,0.4743996375169914
77.20310286914562,0.21695052716950528,0.474626189397372
77.2320053111849,0.21695052716950528,0.4748527412777526
77.26912366738993,0.21695052716950528,0.4750792931581332
77.27903314110222,0.21695052716950528,0.4753058450385138
77.30238097346147,0.21695052716950528,0.47553239691889443
77.30869217525157,0.21695052716950528,0.47575894879927505
77.4276371382476,0.21695052716950528,0.4759855006796556
77.43221339490748,0.21695052716950528,0.47621205256003624
77.44510936106018,0.21735604217356042,0.47621205256003624
77.48851321029329,0.21776155717761558,0.47621205256003624
77.50487964552914,0.21816707218167072,0.47621205256003624
77.51836727342663,0.21816707218167072,0.47643860444041686
77.64389581113346,0.21816707218167072,0.4766651563207975
77.65628047987208,0.21816707218167072,0.47689170820117804
77.66291362039897,0.21857258718572586,0.47689170820117804
77.7285613543066,0.21897810218978103,0.47689170820117804
77.75100797421821,0.21897810218978103,0.47711826008155866
77.81471891247412,0.21938361719383617,0.47711826008155866
77.83283390180463,0.2197891321978913,0.47711826008155866
77.84777799532856,0.2197891321978913,0.4773448119619393
77.89918547792718,0.2197891321978913,0.4775713638423199
77.92860048250029,0.22019464720194648,0.4775713638423199
77.93569076837935,0.22060016220600162,0.4775713638423199
78.01032166806625,0.22060016220600162,0.4777979157227005
78.01667865928749,0.22060016220600162,0.4780244676030811
78.12463944213927,0.22060016220600162,0.4782510194834617
78.14994187273308,0.22060016220600162,0.47847757136384234
78.1867799961576,0.22060016220600162,0.4787041232442229
78.2043931089361,0.22060016220600162,0.4789306751246035
78.278520453835,0.22060016220600162,0.47915722700498414
78.29567485138574,0.22100567721005676,0.47915722700498414
78.47462739127715,0.22100567721005676,0.47938377888536476
78.49780151665293,0.22100567721005676,0.47961033076574533
78.54584011333003,0.22100567721005676,0.47983688264612595
78.59001893630423,0.22141119221411193,0.47983688264612595
78.62210400419362,0.22181670721816707,0.47983688264612595
78.64788304172141,0.2222222222222222,0.47983688264612595
78.68833968830621,0.2222222222222222,0.48006343452650657
78.72100091488034,0.2222222222222222,0.4802899864068872
78.73174415498015,0.2222222222222222,0.48051653828726776
78.73814747110609,0.22262773722627738,0.48051653828726776
78.76233232580796,0.22303325223033252,0.48051653828726776
78.85803545241016,0.22303325223033252,0.4807430901676484
78.85885228147373,0.22343876723438766,0.4807430901676484
78.86803732267438,0.22343876723438766,0.480969642048029
78.87082802792723,0.22384428223844283,0.480969642048029
78.87732992891759,0.22384428223844283,0.4811961939284096
78.90208777260688,0.22384428223844283,0.4814227458087902
78.92708759848631,0.22384428223844283,0.4816492976891708
78.96762184525609,0.22384428223844283,0.48187584956955143
78.97571179469276,0.22384428223844283,0.48210240144993205
79.005933514232,0.22384428223844283,0.4823289533303126
79.02276490890964,0.22384428223844283,0.48255550521069324
79.20336171479462,0.22384428223844283,0.48278205709107386
79.24541064270107,0.22384428223844283,0.4830086089714545
79.28310548953235,0.22384428223844283,0.48323516085183504
79.30661431991732,0.22384428223844283,0.48346171273221566
79.35077576518842,0.22384428223844283,0.4836882646125963
79.37822027138803,0.22424979724249797,0.4836882646125963
79.42447386370957,0.22424979724249797,0.4839148164929769
79.4415765215581,0.22424979724249797,0.4841413683733575
79.45815222460757,0.22424979724249797,0.4843679202537381
79.46448169704134,0.22424979724249797,0.4845944721341187
79.52155834807267,0.22424979724249797,0.48482102401449934
79.62553311617788,0.22424979724249797,0.4850475758948799
79.62973905252295,0.22465531224655313,0.4850475758948799
79.63011085333781,0.22465531224655313,0.4852741277752605
79.64786605742714,0.22506082725060828,0.4852741277752605
79.6704037319364,0.22506082725060828,0.48550067965564114
79.68328895247564,0.22506082725060828,0.48572723153602176
79.69881120460244,0.22506082725060828,0.48595378341640233
79.73731544427991,0.22506082725060828,0.48618033529678295
79.75605012829686,0.22506082725060828,0.48640688717716357
79.78428421808212,0.22546634225466342,0.48640688717716357
79.7853468707134,0.22546634225466342,0.4866334390575442
79.84314928638338,0.22546634225466342,0.48685999093792476
79.84824826591526,0.22587185725871858,0.48685999093792476
79.88492546709955,0.22627737226277372,0.48685999093792476
79.88727192419691,0.22627737226277372,0.4870865428183054
79.88821913374844,0.22627737226277372,0.487313094698686
79.9064874878584,0.22668288726682886,0.487313094698686
79.9077799652012,0.22668288726682886,0.4875396465790666
79.94329367574952,0.22668288726682886,0.4877661984594472
79.97644247724936,0.22708840227088403,0.4877661984594472
79.99340345992042,0.22749391727493917,0.4877661984594472
80.01833244504338,0.22749391727493917,0.4879927503398278
80.05465750144987,0.22749391727493917,0.48821930222020843
80.07362788555281,0.22749391727493917,0.48844585410058905
80.10413655031397,0.2278994322789943,0.48844585410058905
80.11394736076528,0.2278994322789943,0.4886724059809696
80.13069685805328,0.22830494728304948,0.4886724059809696
80.18857340608014,0.22830494728304948,0.48889895786135024
80.19517859830538,0.22830494728304948,0.48912550974173086
80.22718959055142,0.22830494728304948,0.4893520616221115
80.2649261422367,0.22830494728304948,0.48957861350249204
80.28371753218772,0.22830494728304948,0.48980516538287266
80.31579588406677,0.22830494728304948,0.4900317172632533
80.33125302895004,0.22830494728304948,0.4902582691436339
80.35712567312748,0.22830494728304948,0.4904848210240145
80.40258099148134,0.22830494728304948,0.4907113729043951
80.42780493053004,0.22871046228710462,0.4907113729043951
80.43995094043083,0.22911597729115976,0.4907113729043951
80.46035139460339,0.22952149229521493,0.4907113729043951
80.505516066138,0.22952149229521493,0.4909379247847757
80.6195503809906,0.22992700729927007,0.4909379247847757
80.7359231537256,0.22992700729927007,0.49116447666515634
80.75778914295921,0.22992700729927007,0.4913910285455369
80.76016193399235,0.2303325223033252,0.4913910285455369
80.7872366208934,0.2303325223033252,0.4916175804259175
80.78845010699055,0.2303325223033252,0.49184413230629814
80.79032685995178,0.2303325223033252,0.49207068418667876
80.80020753224821,0.23073803730738038,0.49207068418667876
80.80085283910884,0.23073803730738038,0.49229723606705933
80.82374156329942,0.23073803730738038,0.49252378794743995
80.84113949274041,0.23073803730738038,0.49275033982782057
80.88707388893148,0.23073803730738038,0.4929768917082012
80.8881477497066,0.23073803730738038,0.49320344358858176
80.91248654675073,0.23073803730738038,0.4934299954689624
80.93349671837397,0.23073803730738038,0.493656547349343
80.96394098767709,0.23073803730738038,0.4938830992297236
81.04664174626646,0.23073803730738038,0.4941096511101042
81.07216916250195,0.23114355231143552,0.4941096511101042
81.08070302434706,0.2315490673154907,0.4941096511101042
81.08122051332181,0.23195458231954583,0.4941096511101042
81.09934588668904,0.23195458231954583,0.4943362029904848
81.11515642676648,0.23195458231954583,0.49456275487086543
81.16206680183302,0.23195458231954583,0.49478930675124605
81.19324298186417,0.23195458231954583,0.4950158586316266
81.2182828943728,0.23236009732360097,0.4950158586316266
81.24841663181863,0.23236009732360097,0.49524241051200724
81.32929979218798,0.23236009732360097,0.49546896239238786
81.37558519784702,0.23236009732360097,0.4956955142727685
81.37801731325304,0.23236009732360097,0.49592206615314904
81.38169945655767,0.23236009732360097,0.49614861803352966
81.46054696242332,0.23276561232765614,0.49614861803352966
81.4894847526955,0.23276561232765614,0.4963751699139103
81.50824485909496,0.23317112733171128,0.4963751699139103
81.63580052687936,0.23317112733171128,0.4966017217942909
81.65385065070345,0.23317112733171128,0.4968282736746715
81.7072861551749,0.23317112733171128,0.4970548255550521
81.73826269263407,0.23317112733171128,0.4972813774354327
81.79726474811096,0.23317112733171128,0.49750792931581334
81.83247766608193,0.23317112733171128,0.4977344811961939
81.88555285482849,0.23317112733171128,0.4979610330765745
81.89543722525258,0.23317112733171128,0.49818758495695514
81.899756053944,0.23357664233576642,0.49818758495695514
81.92434823016345,0.23398215733982158,0.49818758495695514
81.9609430731988,0.23438767234387672,0.49818758495695514
82.011278232524,0.23479318734793186,0.49818758495695514
82.14683466328422,0.23479318734793186,0.49841413683733576
82.16316571117093,0.23479318734793186,0.49864068871771633
82.18097223389118,0.23479318734793186,0.49886724059809695
82.21719911683375,0.23479318734793186,0.49909379247847757
82.2314654581548,0.23479318734793186,0.4993203443588582
82.26373205937053,0.23479318734793186,0.49954689623923876
82.36032782570817,0.23479318734793186,0.4997734481196194
82.47212063422049,0.23519870235198703,0.4997734481196194
82.49422576867106,0.23519870235198703,0.5
82.49803167946816,0.23519870235198703,0.5002265518803806
82.50073836704189,0.23519870235198703,0.5004531037607612
82.55416323651244,0.23560421735604217,0.5004531037607612
82.56859354396653,0.23560421735604217,0.5009062075215225
82.57095054348864,0.23560421735604217,0.501132759401903
82.57703217582622,0.2360097323600973,0.501132759401903
82.62174974583914,0.23641524736415248,0.501132759401903
82.6667847054774,0.23641524736415248,0.5013593112822836
82.69544516149517,0.23641524736415248,0.5015858631626643
82.73941432015877,0.23682076236820762,0.5015858631626643
82.78954243300701,0.23682076236820762,0.5018124150430449
82.79377468626288,0.23682076236820762,0.5020389669234254
82.79587524748075,0.23682076236820762,0.5022655188038061
83.05473198141223,0.23682076236820762,0.5024920706841867
83.0915756392499,0.23682076236820762,0.5027186225645673
83.17358269882936,0.23682076236820762,0.5029451744449479
83.17363830119865,0.23682076236820762,0.5031717263253285
83.18245765991668,0.23722627737226276,0.5031717263253285
83.22389041165489,0.23763179237631793,0.5031717263253285
83.23591047819335,0.23763179237631793,0.5033982782057091
83.32722084427071,0.23763179237631793,0.5036248300860897
83.34449825945865,0.23763179237631793,0.5038513819664703
83.37378703753652,0.23803730738037307,0.5038513819664703
83.37503684127185,0.23803730738037307,0.504077933846851
83.38187437973885,0.2384428223844282,0.504077933846851
83.43967512780023,0.23884833738848338,0.504077933846851
83.47789018365842,0.23925385239253852,0.504077933846851
83.52492739253546,0.23925385239253852,0.5043044857272315
83.52934287410335,0.2396593673965937,0.5043044857272315
83.62735077689811,0.24006488240064883,0.5043044857272315
83.65352424635594,0.24006488240064883,0.5045310376076122
83.68432014305134,0.24006488240064883,0.5047575894879928
83.75116481533658,0.24047039740470397,0.5047575894879928
83.79021025748371,0.24047039740470397,0.5049841413683733
83.7924686546128,0.24047039740470397,0.505210693248754
83.79529680930274,0.24047039740470397,0.5054372451291346
83.81526856006855,0.24047039740470397,0.5056637970095151
83.83410695877305,0.24047039740470397,0.5058903488898958
83.85129331815293,0.24087591240875914,0.5058903488898958
83.86171613237275,0.24087591240875914,0.5061169007702764
83.887803751147,0.24087591240875914,0.506343452650657
83.89363465550008,0.24128142741281428,0.506343452650657
83.89517434948989,0.24128142741281428,0.5065700045310376
84.05158663743666,0.24128142741281428,0.5067965564114182
84.0525572920128,0.24128142741281428,0.5070231082917989
84.09341859751069,0.24128142741281428,0.5072496601721794
84.16425493997717,0.24168694241686942,0.5072496601721794
84.2149138050858,0.24168694241686942,0.50747621205256
84.22668004736948,0.24168694241686942,0.5077027639329407
84.27067798457027,0.24168694241686942,0.5079293158133212
84.30855487479815,0.24209245742092458,0.5079293158133212
84.30888622861978,0.24209245742092458,0.5081558676937019
84.34962428399871,0.24249797242497972,0.5081558676937019
84.40515727083782,0.24249797242497972,0.5083824195740825
84.44384145043435,0.24290348742903486,0.5083824195740825
84.47208365259817,0.24290348742903486,0.508608971454463
84.50636019975144,0.24290348742903486,0.5088355233348437
84.5067087609878,0.24330900243309003,0.5088355233348437
84.5196889730796,0.24330900243309003,0.5090620752152243
84.53163029285115,0.24330900243309003,0.5092886270956049
84.53618333987345,0.24371451743714517,0.5092886270956049
84.53859040847445,0.24371451743714517,0.5095151789759855
84.5649374263726,0.24371451743714517,0.5097417308563661
84.60244029111854,0.24371451743714517,0.5099682827367468
84.68940174756403,0.2441200324412003,0.5099682827367468
84.69275821671313,0.24452554744525548,0.5099682827367468
84.72443912316668,0.24493106244931062,0.5099682827367468
84.73423308901992,0.24493106244931062,0.5101948346171273
84.77059351053568,0.24493106244931062,0.5104213864975079
84.8362554723399,0.24493106244931062,0.5106479383778886
84.87000389603344,0.24493106244931062,0.5108744902582691
84.87006436569123,0.24493106244931062,0.5111010421386497
84.87646440842796,0.24493106244931062,0.5113275940190304
84.98031090537052,0.24493106244931062,0.511554145899411
84.98736569211353,0.24493106244931062,0.5117806977797916
84.99792710838729,0.24493106244931062,0.5120072496601722
85.02292791633174,0.24493106244931062,0.5122338015405528
85.05383158962911,0.24533657745336576,0.5122338015405528
85.06512376754989,0.24533657745336576,0.5124603534209334
85.11255746449632,0.24533657745336576,0.512686905301314
85.14648131132958,0.24533657745336576,0.5129134571816946
85.1468210624775,0.24533657745336576,0.5131400090620752
85.16106179974103,0.24533657745336576,0.5133665609424558
85.25985352850182,0.24533657745336576,0.5135931128228365
85.33821748586237,0.24533657745336576,0.513819664703217
85.33837483034176,0.24533657745336576,0.5140462165835976
85.36392838567917,0.24574209245742093,0.5140462165835976
85.41225501421013,0.24574209245742093,0.5142727684639783
85.46417175623202,0.24614760746147607,0.5142727684639783
85.51841012559471,0.24614760746147607,0.5144993203443589
85.55748579700662,0.24614760746147607,0.5147258722247394
85.58928862487272,0.24655312246553124,0.5147258722247394
85.59980672936018,0.24695863746958638,0.5147258722247394
85.68244114916504,0.24695863746958638,0.5149524241051201
85.69238716354457,0.24695863746958638,0.5151789759855007
85.80627314316892,0.24736415247364152,0.5151789759855007
85.81290130620266,0.24736415247364152,0.5154055278658813
85.87419744595792,0.24736415247364152,0.5156320797462619
85.88375352438094,0.2477696674776967,0.5156320797462619
85.91776527423022,0.24817518248175183,0.5156320797462619
85.96783586573827,0.24817518248175183,0.5158586316266425
85.96793294473312,0.24858069748580697,0.5158586316266425
85.97554450887603,0.24898621248986214,0.5158586316266425
85.98684144524182,0.24898621248986214,0.5160851835070231
86.02265629245355,0.24898621248986214,0.5163117353874037
86.02703006580319,0.24898621248986214,0.5165382872677843
86.02719123110558,0.24898621248986214,0.516764839148165
86.03475224247471,0.24898621248986214,0.5169913910285455
86.07471385702038,0.24898621248986214,0.5172179429089262
86.12974743149636,0.24898621248986214,0.5174444947893068
86.1461767886752,0.24898621248986214,0.5176710466696873
86.16067112083013,0.24939172749391728,0.5176710466696873
86.20001403441202,0.24979724249797242,0.5176710466696873
86.23190309638342,0.24979724249797242,0.517897598550068
86.2618578335541,0.24979724249797242,0.5181241504304486
86.30425431772679,0.2502027575020276,0.5181241504304486
86.319582342263,0.2502027575020276,0.5183507023108291
86.34704062361322,0.25060827250608275,0.5183507023108291
86.3682168289594,0.25101378751013786,0.5183507023108291
86.39738692892502,0.25101378751013786,0.5185772541912098
86.4160242404662,0.25101378751013786,0.5188038060715904
86.42138776024723,0.25101378751013786,0.519030357951971
86.4690501743778,0.25101378751013786,0.5192569098323516
86.47421325555078,0.25101378751013786,0.5194834617127322
86.48537949943962,0.25101378751013786,0.5197100135931129
86.49448708697129,0.25101378751013786,0.5199365654734934
86.5341065459809,0.25101378751013786,0.520163117353874
86.57153084993236,0.25101378751013786,0.5203896692342547
86.58697239143748,0.25141930251419303,0.5203896692342547
86.59760328257826,0.25141930251419303,0.5206162211146352
86.61963222471772,0.2518248175182482,0.5206162211146352
86.63484647624807,0.2518248175182482,0.5208427729950159
86.636008306381,0.2518248175182482,0.5210693248753965
86.64716938838887,0.2522303325223033,0.5210693248753965
86.64826372275559,0.2522303325223033,0.521295876755777
86.70034370858274,0.2522303325223033,0.5215224286361577
86.72058920391103,0.2526358475263585,0.5215224286361577
86.73063349905361,0.2526358475263585,0.5217489805165383
86.73344027387847,0.25304136253041365,0.5217489805165383
86.78142983439216,0.25344687753446876,0.5217489805165383
86.82936800451083,0.25344687753446876,0.5219755323969189
86.83119472841648,0.25344687753446876,0.5222020842772995
86.84064197771788,0.25344687753446876,0.5224286361576801
86.85921375044181,0.25344687753446876,0.5226551880380608
86.8964575301514,0.25344687753446876,0.5228817399184413
86.91905798613699,0.25344687753446876,0.5231082917988219
86.92817984868316,0.25385239253852393,0.5231082917988219
86.93966765531862,0.25385239253852393,0.5233348436792026
86.94640163472627,0.25385239253852393,0.5235613955595831
87.01426458083156,0.25385239253852393,0.5237879474399637
87.03666144151175,0.2542579075425791,0.5237879474399637
87.04706313637922,0.2542579075425791,0.5240144993203444
87.06659991554393,0.2546634225466342,0.5240144993203444
87.10489532454118,0.2546634225466342,0.524241051200725
87.15133677575183,0.2550689375506894,0.524241051200725
87.16963133577272,0.2550689375506894,0.5244676030811056
87.19816206407117,0.2550689375506894,0.5246941549614862
87.29699423814398,0.25547445255474455,0.5246941549614862
87.2975780510867,0.25547445255474455,0.5249207068418668
87.30440306445811,0.25547445255474455,0.5251472587222474
87.3301272538428,0.25547445255474455,0.525373810602628
87.38061413246693,0.25547445255474455,0.5256003624830086
87.3808209156244,0.25547445255474455,0.5258269143633892
87.42293814478427,0.25547445255474455,0.5260534662437698
87.430855433907,0.25547445255474455,0.5262800181241505
87.4426929642704,0.25547445255474455,0.526506570004531
87.47704177755364,0.25587996755879966,0.526506570004531
87.47896150357445,0.2562854825628548,0.526506570004531
87.48230595113785,0.25669099756691,0.526506570004531
87.503026011291,0.25669099756691,0.5267331218849116
87.52402117781173,0.25669099756691,0.5269596737652923
87.57281466903956,0.25669099756691,0.5271862256456729
87.62023819871919,0.25669099756691,0.5274127775260534
87.62969359868907,0.25669099756691,0.5276393294064341
87.63530051090682,0.25669099756691,0.5278658812868147
87.65415952269771,0.2570965125709651,0.5278658812868147
87.65912693938364,0.2575020275750203,0.5278658812868147
87.66769592855248,0.2575020275750203,0.5280924331671953
87.66936243621825,0.2575020275750203,0.5283189850475759
87.68360309224958,0.2575020275750203,0.5285455369279565
87.70005216492311,0.2575020275750203,0.5287720888083371
87.71834831576282,0.2575020275750203,0.5289986406887177
87.72593926130703,0.25790754257907544,0.5289986406887177
87.78923848983712,0.25790754257907544,0.5292251925690983
87.80398392716924,0.25790754257907544,0.529451744449479
87.81812220332789,0.25790754257907544,0.5296782963298595
87.87879430679098,0.25831305758313056,0.5296782963298595
87.87967610839247,0.25831305758313056,0.5299048482102402
87.88106279086277,0.2587185725871857,0.5299048482102402
87.88462776018378,0.2591240875912409,0.5299048482102402
87.91281482611188,0.259529602595296,0.5299048482102402
87.94488558748807,0.259529602595296,0.5301314000906208
87.94877214924107,0.259529602595296,0.5303579519710013
87.95270901041587,0.259529602595296,0.530584503851382
87.96530502499316,0.259529602595296,0.5308110557317626
88.01739047059434,0.259529602595296,0.5310376076121431
88.0284666272451,0.259529602595296,0.5312641594925238
88.03001201591896,0.259529602595296,0.5314907113729044
88.03012483166954,0.259529602595296,0.531717263253285
88.12093469563858,0.259529602595296,0.5319438151336656
88.12440537717924,0.259529602595296,0.5321703670140462
88.13104347738604,0.259529602595296,0.5323969188944269
88.14284008395241,0.2599351175993512,0.5323969188944269
88.15722169357748,0.2599351175993512,0.5326234707748074
88.2438258334329,0.2599351175993512,0.532850022655188
88.29982712421148,0.2599351175993512,0.5330765745355687
88.31260041282128,0.2599351175993512,0.5333031264159492
88.3336482705983,0.26034063260340634,0.5333031264159492
88.38313960304612,0.26034063260340634,0.5335296782963299
88.431163739886,0.26034063260340634,0.5337562301767105
88.43919030249889,0.26034063260340634,0.533982782057091
88.442122606606,0.26034063260340634,0.5342093339374717
88.44292361596654,0.26034063260340634,0.5344358858178523
88.52435127637065,0.26034063260340634,0.5346624376982329
88.5742283293343,0.26074614760746145,0.5346624376982329
88.61391576636528,0.26074614760746145,0.5348889895786135
88.62088479158723,0.26074614760746145,0.5351155414589941
88.63015201432822,0.26074614760746145,0.5353420933393748
88.637866238724,0.26074614760746145,0.5355686452197553
88.64645988445213,0.26074614760746145,0.5357951971001359
88.70262620832452,0.26074614760746145,0.5360217489805166
88.70330681373034,0.26074614760746145,0.5362483008608971
88.71080260929142,0.2611516626115166,0.5362483008608971
88.72600476941346,0.2611516626115166,0.5364748527412777
88.7415880005562,0.2611516626115166,0.5367014046216584
88.74554199715995,0.2611516626115166,0.536927956502039
88.7715381697856,0.2611516626115166,0.5371545083824196
88.7766160841723,0.2611516626115166,0.5373810602628002
88.77907667828589,0.2615571776155718,0.5373810602628002
88.7904130630535,0.2619626926196269,0.5373810602628002
88.84695653313537,0.2619626926196269,0.5378341640235614
88.87670436644738,0.26236820762368207,0.5378341640235614
88.8917895198106,0.26236820762368207,0.538060715903942
88.9149746216582,0.26236820762368207,0.5382872677843226
88.93121625869655,0.26236820762368207,0.5387403715450838
88.93495639258346,0.26236820762368207,0.5389669234254645
88.93554298390082,0.26236820762368207,0.539193475305845
88.95010017493487,0.26236820762368207,0.5394200271862256
88.96254436018319,0.26236820762368207,0.5396465790666063
88.97200075994155,0.26236820762368207,0.5398731309469869
88.98522240884587,0.26236820762368207,0.5400996828273674
88.99444668033395,0.26236820762368207,0.5403262347077481
89.003539116672,0.26236820762368207,0.5405527865881287
89.01394399733113,0.26236820762368207,0.5407793384685093
89.04231073177311,0.26236820762368207,0.5410058903488899
89.07382925504018,0.26277372262773724,0.5410058903488899
89.09093441587774,0.26277372262773724,0.5412324422292705
89.15272690987251,0.26277372262773724,0.5414589941096511
89.19164691816937,0.26317923763179235,0.5414589941096511
89.20189210221555,0.26317923763179235,0.5416855459900317
89.23122386757686,0.26317923763179235,0.5419120978704123
89.23281143313024,0.2635847526358475,0.5419120978704123
89.24993318602426,0.2635847526358475,0.542138649750793
89.2608528317205,0.2635847526358475,0.5423652016311735
89.2841669591416,0.2635847526358475,0.5425917535115542
89.30372730006178,0.2635847526358475,0.5428183053919348
89.30582001061113,0.2635847526358475,0.5430448572723153
89.35009697050798,0.2635847526358475,0.543271409152696
89.36771930276666,0.2639902676399027,0.543271409152696
89.43662440405124,0.2639902676399027,0.5434979610330766
89.44225273803073,0.2643957826439578,0.5434979610330766
89.44828710697051,0.2643957826439578,0.5437245129134571
89.44889529475158,0.2643957826439578,0.5439510647938378
89.45461335531614,0.2643957826439578,0.5441776166742184
89.46006102020237,0.2643957826439578,0.544404168554599
89.49517122712258,0.2643957826439578,0.5446307204349796
89.51991813832213,0.2643957826439578,0.5448572723153602
89.53103345156569,0.2643957826439578,0.5450838241957409
89.63479030076438,0.2643957826439578,0.5453103760761214
89.64179609957534,0.2643957826439578,0.545536927956502
89.65411183986784,0.2643957826439578,0.5457634798368827
89.65568221712446,0.2643957826439578,0.5459900317172632
89.6620521740154,0.2643957826439578,0.5462165835976439
89.67484124824638,0.2643957826439578,0.5464431354780245
89.72290123905063,0.26480129764801297,0.5464431354780245
89.72340917567253,0.26520681265206814,0.5464431354780245
89.72475574540371,0.26520681265206814,0.546669687358405
89.74494151950506,0.2656123276561233,0.546669687358405
89.7459121744376,0.2656123276561233,0.5468962392387857
89.80973826156394,0.2660178426601784,0.5468962392387857
89.92629605744843,0.2664233576642336,0.5468962392387857
89.92806946515772,0.2664233576642336,0.5471227911191663
89.93986017987993,0.2664233576642336,0.5473493429995469
89.98200461923697,0.26682887266828875,0.5473493429995469
89.98455560073798,0.26682887266828875,0.5475758948799275
89.98809567883981,0.26723438767234386,0.5475758948799275
89.99558423269978,0.26723438767234386,0.5478024467603081
90.02455234970809,0.26723438767234386,0.5480289986406888
90.03124355403911,0.26723438767234386,0.5482555505210693
90.05258879566784,0.26723438767234386,0.5484821024014499
90.07290957606638,0.26723438767234386,0.5487086542818306
90.13246547266982,0.26723438767234386,0.5489352061622111
90.13373946093617,0.26763990267639903,0.5489352061622111
90.13572969817122,0.2680454176804542,0.5489352061622111
90.14040212643478,0.2680454176804542,0.5491617580425917
90.14956510967505,0.2684509326845093,0.5491617580425917
90.1504647325643,0.2684509326845093,0.5493883099229724
90.16476473938262,0.2684509326845093,0.549614861803353
90.20219489872576,0.2688564476885645,0.549614861803353
90.2101655259293,0.2688564476885645,0.5498414136837336
90.22304453777026,0.2688564476885645,0.5500679655641142
90.24648200025531,0.2688564476885645,0.5502945174444948
90.2625650324905,0.2688564476885645,0.5505210693248754
90.26552649004753,0.2688564476885645,0.550747621205256
90.28368605730336,0.2688564476885645,0.5509741730856366
90.3125216578243,0.2688564476885645,0.5512007249660172
90.32383125287858,0.2688564476885645,0.5514272768463978
90.35397456832169,0.2688564476885645,0.5516538287267785
90.36876608777115,0.26926196269261965,0.5516538287267785
90.37402282303432,0.26926196269261965,0.551880380607159
90.37440634734071,0.26926196269261965,0.5521069324875396
90.40260067686296,0.26926196269261965,0.5523334843679203
90.4285615584214,0.26926196269261965,0.5525600362483009
90.45552343978176,0.26926196269261965,0.5527865881286814
90.4742201178571,0.26926196269261965,0.5530131400090621
90.51565188653547,0.26926196269261965,0.5532396918894427
90.53145632962125,0.26926196269261965,0.5534662437698233
90.54985215349119,0.26966747769667476,0.5534662437698233
90.56144118944894,0.27007299270072993,0.5534662437698233
90.61947551346884,0.27007299270072993,0.5536927956502039
90.62307566411599,0.27007299270072993,0.5539193475305845
90.6252761848922,0.2704785077047851,0.5539193475305845
90.67549279168763,0.2704785077047851,0.5541458994109651
90.67728053245389,0.2708840227088402,0.5541458994109651
90.71446085044907,0.2712895377128954,0.5541458994109651
90.72479422435003,0.2712895377128954,0.5543724512913457
90.72759630995819,0.2712895377128954,0.5545990031717263
90.75387593055133,0.27169505271695055,0.5545990031717263
90.75924913878923,0.27169505271695055,0.554825555052107
90.76229371189316,0.27169505271695055,0.5550521069324875
90.76532337969417,0.27169505271695055,0.5552786588128682
90.77121569057967,0.27210056772100566,0.5552786588128682
90.8338909983162,0.27210056772100566,0.5555052106932488
90.88141768749159,0.27210056772100566,0.5557317625736293
90.90433554699524,0.2725060827250608,0.5557317625736293
90.91507432695192,0.2725060827250608,0.55595831445401
90.95472137488522,0.272911597729116,0.55595831445401
90.9555213836063,0.272911597729116,0.5561848663343906
90.95854695524316,0.272911597729116,0.5564114182147711
91.08013134182612,0.272911597729116,0.5566379700951518
91.11083071257639,0.2733171127331711,0.5566379700951518
91.11952935768797,0.2733171127331711,0.5568645219755324
91.17329740649242,0.2733171127331711,0.557091073855913
91.18721942567224,0.2733171127331711,0.5573176257362936
91.20692922307839,0.2737226277372263,0.5573176257362936
91.21053426728386,0.2737226277372263,0.5575441776166742
91.24484055842868,0.2737226277372263,0.5577707294970549
91.29903414114442,0.2737226277372263,0.5579972813774354
91.29985895643323,0.27412814274128144,0.5579972813774354
91.34024302786636,0.27412814274128144,0.558223833257816
91.34814642460924,0.27412814274128144,0.5584503851381967
91.38865870366399,0.27453365774533656,0.5584503851381967
91.40271942228961,0.27453365774533656,0.5586769370185772
91.41057392558882,0.2749391727493917,0.5586769370185772
91.41354190244559,0.2749391727493917,0.5589034888989579
91.4139810765169,0.2753446877534469,0.5589034888989579
91.46115469603535,0.2753446877534469,0.5591300407793385
91.47992590463309,0.2753446877534469,0.5595831445400997
91.49177279653024,0.2753446877534469,0.5598096964204803
91.4997920818223,0.2753446877534469,0.5600362483008609
91.54262323649354,0.275750202757502,0.5600362483008609
91.55417729457628,0.275750202757502,0.5602628001812415
91.55626316956035,0.275750202757502,0.5604893520616221
91.58189238118487,0.275750202757502,0.5607159039420028
91.58959396837452,0.275750202757502,0.5609424558223833
91.62875543793587,0.2761557177615572,0.5609424558223833
91.64217419701393,0.2761557177615572,0.5611690077027639
91.66630839450141,0.2761557177615572,0.5613955595831446
91.66974994013962,0.2761557177615572,0.5616221114635251
91.67405983952548,0.2761557177615572,0.5618486633439057
91.68404957755322,0.2761557177615572,0.5620752152242864
91.68488139723911,0.2761557177615572,0.562301767104667
91.68662403947823,0.2761557177615572,0.5625283189850476
91.69072146022194,0.2761557177615572,0.5627548708654282
91.69222022142974,0.2761557177615572,0.5629814227458088
91.69817826569019,0.2761557177615572,0.5632079746261894
91.71104275388926,0.2761557177615572,0.56343452650657
91.7641291496011,0.27656123276561234,0.56343452650657
91.7714930498611,0.27656123276561234,0.5636610783869506
91.80686257222992,0.27696674776966745,0.5636610783869506
91.81169499466458,0.27696674776966745,0.5638876302673312
91.84086477333068,0.27696674776966745,0.5641141821477118
91.84689189125724,0.27696674776966745,0.5643407340280925
91.85420529299448,0.2773722627737226,0.5643407340280925
91.86705287736943,0.2773722627737226,0.564567285908473
91.88621060893124,0.2773722627737226,0.5647938377888536
91.92697018895105,0.2773722627737226,0.5650203896692343
91.94133923720854,0.2773722627737226,0.5652469415496149
91.94547193229117,0.2773722627737226,0.5654734934299954
91.95816787134856,0.2773722627737226,0.5657000453103761
91.97437797327125,0.2773722627737226,0.5659265971907567
91.97465652912202,0.2773722627737226,0.5661531490711373
91.99340446350308,0.2773722627737226,0.5663797009515179
92.0084792276258,0.2773722627737226,0.5666062528318985
92.01675013458197,0.2773722627737226,0.5668328047122791
92.02571076380538,0.2773722627737226,0.5670593565926597
92.03538434622637,0.2773722627737226,0.5672859084730403
92.0456661107524,0.2773722627737226,0.567512460353421
92.08443620514812,0.2773722627737226,0.5677390122338015
92.08578845912615,0.2773722627737226,0.5679655641141822
92.10876125013588,0.2777777777777778,0.5679655641141822
92.11690583994948,0.2777777777777778,0.5681921159945628
92.12704343422196,0.2777777777777778,0.5684186678749433
92.12903244080034,0.2777777777777778,0.568645219755324
92.13377188797097,0.2777777777777778,0.5688717716357046
92.14485294427504,0.2777777777777778,0.5690983235160851
92.16049192964566,0.2781832927818329,0.5690983235160851
92.18146501675473,0.2781832927818329,0.5693248753964658
92.19615754039836,0.27858880778588807,0.5693248753964658
92.2192554974483,0.27858880778588807,0.5695514272768464
92.25787029061082,0.27899432278994324,0.5695514272768464
92.27777521397789,0.27899432278994324,0.569777979157227
92.28758396752043,0.27899432278994324,0.5700045310376076
92.30193960122074,0.27899432278994324,0.5702310829179882
92.32522084521176,0.27899432278994324,0.5704576347983689
92.33511738203764,0.27899432278994324,0.5706841866787494
92.33585924534324,0.27899432278994324,0.57091073855913
92.34448198054125,0.27899432278994324,0.5711372904395107
92.40258154882571,0.27899432278994324,0.5713638423198912
92.4246443270698,0.27899432278994324,0.5715903942002719
92.44944714318927,0.27899432278994324,0.5718169460806525
92.46692313185783,0.27899432278994324,0.572043497961033
92.5147372387157,0.27939983779399835,0.572043497961033
92.51777757424216,0.27939983779399835,0.5722700498414137
92.52730894912726,0.27939983779399835,0.5724966017217943
92.54594803987422,0.27939983779399835,0.5727231536021749
92.55179625482424,0.27939983779399835,0.5729497054825555
92.55384464591626,0.27939983779399835,0.5731762573629361
92.5575378015676,0.27939983779399835,0.5734028092433168
92.56292255241563,0.27939983779399835,0.5736293611236973
92.56526438532474,0.27939983779399835,0.5738559130040779
92.56882534445243,0.2798053527980535,0.5738559130040779
92.56938471331358,0.2798053527980535,0.5740824648844586
92.57023757461022,0.2798053527980535,0.5743090167648391
92.57757131637008,0.2798053527980535,0.5745355686452197
92.6214423031466,0.2798053527980535,0.5747621205256004
92.62773083144924,0.2798053527980535,0.574988672405981
92.63442570070194,0.2802108678021087,0.574988672405981
92.63477545583905,0.28061638280616386,0.574988672405981
92.63803733243762,0.28102189781021897,0.574988672405981
92.6395186575401,0.28102189781021897,0.5752152242863616
92.64210338855847,0.28102189781021897,0.5754417761667422
92.66000166371198,0.28102189781021897,0.5756683280471228
92.7219576037965,0.28102189781021897,0.5758948799275034
92.73893290602686,0.28142741281427414,0.5758948799275034
92.73919318968491,0.2818329278183293,0.5758948799275034
92.75864031943804,0.2818329278183293,0.576121431807884
92.8090237372869,0.2818329278183293,0.5763479836882646
92.84140092385121,0.2818329278183293,0.5765745355686452
92.85283422228096,0.2818329278183293,0.5768010874490258
92.85437356992715,0.2818329278183293,0.5770276393294065
92.90965804535955,0.2818329278183293,0.577254191209787
92.94592487501876,0.2818329278183293,0.5774807430901676
92.9538957745905,0.2818329278183293,0.5777072949705483
92.96985504389868,0.2822384428223844,0.5777072949705483
93.00037229497532,0.2822384428223844,0.5779338468509289
93.02286672476298,0.2826439578264396,0.5779338468509289
93.03025319278854,0.2826439578264396,0.5781603987313094
93.031617044478,0.2826439578264396,0.5783869506116901
93.06417235309911,0.2826439578264396,0.5786135024920707
93.06423457361697,0.2826439578264396,0.5788400543724513
93.08110110238472,0.2826439578264396,0.5790666062528319
93.1079564711251,0.2826439578264396,0.5792931581332125
93.15553470022284,0.2826439578264396,0.5795197100135931
93.1570102196128,0.2826439578264396,0.5797462618939737
93.16751170587031,0.2826439578264396,0.5799728137743543
93.16755666193839,0.2826439578264396,0.580199365654735
93.17885817374568,0.2826439578264396,0.5804259175351155
93.19503475729186,0.2826439578264396,0.5806524694154962
93.2056632555112,0.2826439578264396,0.5808790212958768
93.23241850618145,0.2826439578264396,0.5811055731762573
93.23400709803927,0.2826439578264396,0.581332125056638
93.24230642165604,0.28304947283049475,0.581332125056638
93.24757748700723,0.28304947283049475,0.5815586769370186
93.27714435851907,0.28304947283049475,0.5817852288173991
93.30719754386173,0.28304947283049475,0.5820117806977798
93.32687626052115,0.28345498783454987,0.5820117806977798
93.33852535419216,0.28345498783454987,0.5822383325781604
93.33853854494734,0.28345498783454987,0.582464884458541
93.37809797032128,0.28386050283860503,0.582464884458541
93.38715015054943,0.28386050283860503,0.5826914363389216
93.409600849845,0.28386050283860503,0.5829179882193022
93.41022671256692,0.2842660178426602,0.5829179882193022
93.42730116239186,0.2842660178426602,0.5831445400996829
93.46335808370398,0.2846715328467153,0.5831445400996829
93.46395026828728,0.2846715328467153,0.583597643860444
93.47140360719382,0.2850770478507705,0.583597643860444
93.54094846443009,0.2850770478507705,0.5838241957408247
93.54219412687593,0.2850770478507705,0.5840507476212052
93.54765234606563,0.2850770478507705,0.5842772995015859
93.5634301660542,0.28548256285482565,0.5842772995015859
93.57515781260139,0.28548256285482565,0.5845038513819665
93.5936259048733,0.28548256285482565,0.584730403262347
93.60502806467471,0.28548256285482565,0.5849569551427277
93.62410555757896,0.28548256285482565,0.5851835070231083
93.62740011359884,0.28588807785888076,0.5851835070231083
93.63343789675456,0.28588807785888076,0.5854100589034889
93.64520305148814,0.28588807785888076,0.5856366107838695
93.6826142751321,0.28629359286293593,0.5856366107838695
93.69932482775225,0.2866991078669911,0.5856366107838695
93.69990745759134,0.2866991078669911,0.5858631626642501
93.70151030810804,0.2871046228710462,0.5858631626642501
93.72089120693366,0.2871046228710462,0.5860897145446308
93.73392629697683,0.2871046228710462,0.5863162664250113
93.78111679838835,0.2875101378751014,0.5863162664250113
93.8065912891477,0.2875101378751014,0.5865428183053919
93.81229856607995,0.28791565287915655,0.5865428183053919
93.8245388845773,0.28791565287915655,0.5867693701857726
93.83180845285135,0.28791565287915655,0.5869959220661531
93.85350453573992,0.28791565287915655,0.5872224739465337
93.87622313753998,0.28832116788321166,0.5872224739465337
93.8808806422078,0.28832116788321166,0.5874490258269144
93.90468171819795,0.28832116788321166,0.587675577707295
93.94841220598843,0.28832116788321166,0.5879021295876756
93.948721837454,0.28832116788321166,0.5881286814680562
93.95290662313921,0.28872668288726683,0.5881286814680562
93.95950773012017,0.28872668288726683,0.5883552333484368
93.96531354846351,0.289132197891322,0.5883552333484368
93.98558371364177,0.2895377128953771,0.5883552333484368
93.99067599860483,0.2895377128953771,0.5885817852288174
93.99606950998253,0.2895377128953771,0.588808337109198
94.00059389051776,0.2895377128953771,0.5890348889895786
94.00925511846054,0.2899432278994323,0.5890348889895786
94.01922339515468,0.2899432278994323,0.5892614408699592
94.02271897687552,0.2899432278994323,0.5894879927503398
94.02642546060989,0.29034874290348744,0.5894879927503398
94.03817804374252,0.29034874290348744,0.5897145446307205
94.06989047455787,0.29075425790754256,0.5897145446307205
94.07879383109598,0.29075425790754256,0.589941096511101
94.1383670654509,0.29075425790754256,0.5901676483914816
94.16931547496759,0.2911597729115977,0.5901676483914816
94.17759626739749,0.2911597729115977,0.5903942002718623
94.194192384452,0.2911597729115977,0.5906207521522429
94.19540342618674,0.2915652879156529,0.5906207521522429
94.19981662282339,0.2915652879156529,0.5908473040326234
94.20425274522361,0.2915652879156529,0.5910738559130041
94.21072469206311,0.2915652879156529,0.5913004077933847
94.22878425195476,0.2915652879156529,0.5915269596737653
94.23277559301457,0.2915652879156529,0.5917535115541459
94.23834747333085,0.291970802919708,0.5917535115541459
94.25044281551928,0.291970802919708,0.5919800634345265
94.25276242887216,0.291970802919708,0.5922066153149071
94.25833798692122,0.291970802919708,0.5924331671952877
94.3174149347365,0.291970802919708,0.5926597190756683
94.32952307676446,0.291970802919708,0.592886270956049
94.3334646449364,0.291970802919708,0.5931128228364295
94.33354010854094,0.2923763179237632,0.5931128228364295
94.3355431090878,0.29278183292781834,0.5931128228364295
94.33902827632485,0.29278183292781834,0.5933393747168102
94.34211714506911,0.29318734793187345,0.5933393747168102
94.35500680847674,0.29318734793187345,0.5935659265971908
94.37212690958972,0.2935928629359286,0.5935659265971908
94.40786272498411,0.2939983779399838,0.5935659265971908
94.4085844275181,0.2939983779399838,0.5937924784775713
94.40963987621868,0.2944038929440389,0.5937924784775713
94.42651874092715,0.2944038929440389,0.594019030357952
94.44436877322944,0.29480940794809407,0.594019030357952
94.45401732848416,0.29480940794809407,0.5942455822383326
94.45486084260993,0.29480940794809407,0.5944721341187131
94.46298025797142,0.29480940794809407,0.5946986859990938
94.47251245138187,0.29480940794809407,0.5949252378794744
94.47584350178566,0.29521492295214924,0.5949252378794744
94.49713983127648,0.29521492295214924,0.595151789759855
94.4991576233917,0.29521492295214924,0.5953783416402356
94.52819983934417,0.29521492295214924,0.5956048935206162
94.55982922447849,0.2956204379562044,0.5956048935206162
94.56584815819805,0.2956204379562044,0.5958314454009969
94.57370371186849,0.2956204379562044,0.5960579972813774
94.60468665192998,0.2960259529602595,0.5960579972813774
94.60518823983696,0.2960259529602595,0.596284549161758
94.61549224171604,0.2960259529602595,0.5965111010421387
94.63207423711088,0.2960259529602595,0.5967376529225192
94.64337912058333,0.2960259529602595,0.5969642048028999
94.64418121608003,0.2960259529602595,0.5971907566832805
94.64770909343983,0.2960259529602595,0.597417308563661
94.66940605714018,0.2960259529602595,0.5976438604440417
94.67619612563243,0.2960259529602595,0.5978704123244223
94.6930601107268,0.2960259529602595,0.5980969642048029
94.70067100940375,0.2960259529602595,0.5983235160851835
94.71574784315382,0.2960259529602595,0.5985500679655641
94.74385633401397,0.2964314679643147,0.5985500679655641
94.76959027406505,0.2964314679643147,0.5987766198459448
94.77119461684941,0.2964314679643147,0.5990031717263253
94.78186912687967,0.2964314679643147,0.5992297236067059
94.78571878305014,0.2964314679643147,0.5994562754870866
94.81316715796007,0.2964314679643147,0.5996828273674671
94.84072273265588,0.2964314679643147,0.5999093792478477
94.84341171263048,0.2964314679643147,0.6001359311282284
94.84435239174232,0.2964314679643147,0.600362483008609
94.84567073525099,0.29683698296836986,0.600362483008609
94.88727326458678,0.29683698296836986,0.6005890348889896
94.88768544113873,0.29683698296836986,0.6008155867693702
94.91446870553045,0.29724249797242497,0.6008155867693702
94.93545002794194,0.29724249797242497,0.6010421386497508
94.9606265547585,0.29764801297648014,0.6010421386497508
94.97112986444264,0.2980535279805353,0.6010421386497508
94.98611613538594,0.2980535279805353,0.6012686905301314
95.02089812789191,0.2980535279805353,0.601495242410512
95.03466155438895,0.2980535279805353,0.6017217942908926
95.07978631609896,0.2984590429845904,0.6017217942908926
95.08375022362327,0.2984590429845904,0.6019483461712732
95.09580625716664,0.2984590429845904,0.6021748980516538
95.12112490181222,0.2984590429845904,0.6024014499320345
95.12131071689781,0.2988645579886456,0.6024014499320345
95.12631844395388,0.2988645579886456,0.602628001812415
95.13037575836013,0.29927007299270075,0.602628001812415
95.13574938289885,0.29927007299270075,0.6028545536927956
95.14108927282884,0.29927007299270075,0.6030811055731763
95.17386217845541,0.29927007299270075,0.6033076574535569
95.19249451232696,0.29927007299270075,0.6035342093339374
95.21182230042012,0.29967558799675587,0.6035342093339374
95.2422323489267,0.30008110300081103,0.6035342093339374
95.24777838312043,0.30008110300081103,0.6037607612143181
95.26094155763666,0.3004866180048662,0.6037607612143181
95.26462018673766,0.3004866180048662,0.6039873130946987
95.2655816018568,0.3004866180048662,0.6042138649750793
95.27002241135521,0.3004866180048662,0.6044404168554599
95.27158563297098,0.3004866180048662,0.6046669687358405
95.27525255123476,0.3004866180048662,0.6048935206162211
95.28770500824157,0.3004866180048662,0.6051200724966017
95.29874116630987,0.3004866180048662,0.6053466243769823
95.30326455297464,0.3004866180048662,0.605573176257363
95.30580966747371,0.3008921330089213,0.605573176257363
95.30730322853472,0.3012976480129765,0.605573176257363
95.31845292104103,0.3012976480129765,0.6057997281377435
95.32177117217346,0.30170316301703165,0.6057997281377435
95.33105313868771,0.30170316301703165,0.6060262800181242
95.33525797641747,0.30170316301703165,0.6062528318985048
95.34543338969797,0.30170316301703165,0.6064793837788853
95.35496731203645,0.30170316301703165,0.606705935659266
95.35993533275477,0.30170316301703165,0.6069324875396466
95.37077877187025,0.30170316301703165,0.6071590394200271
95.37349729781192,0.30170316301703165,0.6073855913004078
95.39031470133936,0.30210867802108676,0.6073855913004078
95.39506031699014,0.30251419302514193,0.6073855913004078
95.40435732244111,0.30251419302514193,0.6076121431807884
95.40702571214204,0.3029197080291971,0.6076121431807884
95.40729430539739,0.3029197080291971,0.607838695061169
95.4106869725845,0.3029197080291971,0.6080652469415496
95.42506546447564,0.3029197080291971,0.6082917988219302
95.45747711544195,0.3029197080291971,0.6085183507023109
95.4950402404491,0.3033252230332522,0.6085183507023109
95.5019472043609,0.3037307380373074,0.6085183507023109
95.50368594364417,0.3037307380373074,0.6087449025826914
95.51384765947915,0.3037307380373074,0.608971454463072
95.51934228041355,0.3037307380373074,0.6091980063434527
95.53169282566756,0.3037307380373074,0.6094245582238332
95.53250304431594,0.30413625304136255,0.6094245582238332
95.5351948474368,0.30413625304136255,0.6096511101042139
95.54807144780787,0.30454176804541766,0.6096511101042139
95.55090845805728,0.30494728304947283,0.6096511101042139
95.58234155039207,0.30494728304947283,0.6098776619845945
95.59485490575616,0.305352798053528,0.6098776619845945
95.62239453150985,0.305352798053528,0.610104213864975
95.62254740844872,0.305352798053528,0.6103307657453557
95.63104386381315,0.305352798053528,0.6105573176257363
95.63913450431335,0.3057583130575831,0.6105573176257363
95.64042884739837,0.3057583130575831,0.6107838695061168
95.64970225130642,0.3057583130575831,0.6110104213864975
95.6596326855035,0.3057583130575831,0.6112369732668781
95.66520836033675,0.3057583130575831,0.6114635251472588
95.6690726994422,0.3061638280616383,0.6114635251472588
95.67347392726104,0.3061638280616383,0.6116900770276393
95.6917608802665,0.3061638280616383,0.6119166289080199
95.69291186142796,0.30656934306569344,0.6119166289080199
95.70491350739852,0.30656934306569344,0.6121431807884006
95.71088487194018,0.30697485806974856,0.6121431807884006
95.7119445578241,0.30697485806974856,0.6123697326687811
95.7133082657178,0.30697485806974856,0.6125962845491617
95.7190214363212,0.30697485806974856,0.6128228364295424
95.72761929886491,0.3073803730738037,0.6128228364295424
95.74169520753516,0.3073803730738037,0.613049388309923
95.74396101190754,0.3073803730738037,0.6132759401903036
95.74918295427743,0.3073803730738037,0.6135024920706842
95.75364141492446,0.3073803730738037,0.6137290439510648
95.79217039780684,0.3073803730738037,0.6139555958314454
95.79791301599278,0.3073803730738037,0.614182147711826
95.80939746588243,0.3073803730738037,0.6144086995922066
95.82378650362399,0.3073803730738037,0.6146352514725872
95.82544916167741,0.3077858880778589,0.6146352514725872
95.83187453225756,0.308191403081914,0.6146352514725872
95.83920966048609,0.308191403081914,0.6148618033529678
95.84223712041347,0.3085969180859692,0.6148618033529678
95.85059551590177,0.3085969180859692,0.6150883552333485
95.85492820793705,0.3085969180859692,0.615314907113729
95.8580565158801,0.3085969180859692,0.6155414589941096
95.86173426720278,0.30900243309002434,0.6155414589941096
95.86559254629776,0.30900243309002434,0.6157680108744903
95.87019577606267,0.30940794809407945,0.6157680108744903
95.8782064278558,0.30940794809407945,0.6159945627548709
95.87823264505649,0.30940794809407945,0.6162211146352514
95.8865013111246,0.30940794809407945,0.6164476665156321
95.90591466954044,0.30940794809407945,0.6166742183960127
95.91319303846751,0.30940794809407945,0.6169007702763933
95.9636035031648,0.30940794809407945,0.6171273221567739
95.9780464807732,0.3098134630981346,0.6171273221567739
95.97900182771329,0.3102189781021898,0.6171273221567739
95.98762651750445,0.3102189781021898,0.6173538740371545
95.98768970195427,0.3102189781021898,0.6175804259175351
95.99034169684363,0.3102189781021898,0.6178069777979157
96.00257912972472,0.3102189781021898,0.6180335296782963
96.00316657887453,0.3102189781021898,0.618260081558677
96.02086236658997,0.3102189781021898,0.6184866334390575
96.0220515887945,0.3102189781021898,0.6187131853194382
96.02346077182916,0.3102189781021898,0.6189397371998188
96.03153291401628,0.3102189781021898,0.6191662890801993
96.03392719698502,0.31062449310624496,0.6191662890801993
96.03625506788825,0.31062449310624496,0.61939284096058
96.0479816465124,0.31062449310624496,0.6196193928409606
96.07623749444164,0.31062449310624496,0.6198459447213411
96.08338181647352,0.31062449310624496,0.6200724966017218
96.11339785614236,0.31103000811030007,0.6200724966017218
96.11566769475984,0.31143552311435524,0.6200724966017218
96.13427990536104,0.31143552311435524,0.6202990484821024
96.14407278208762,0.3118410381184104,0.6202990484821024
96.16485202781888,0.3118410381184104,0.620525600362483
96.16648450854633,0.3118410381184104,0.6207521522428636
96.18594563075663,0.3118410381184104,0.6209787041232442
96.19737769967487,0.3118410381184104,0.6212052560036249
96.20373456430548,0.3122465531224655,0.6212052560036249
96.2125877295473,0.3122465531224655,0.6214318078840054
96.26338392282136,0.3122465531224655,0.621658359764386
96.270824358422,0.3122465531224655,0.6218849116447667
96.29205086464277,0.3122465531224655,0.6221114635251472
96.29476153782821,0.3122465531224655,0.6223380154055279
96.29612085874466,0.3122465531224655,0.6225645672859085
96.29730464799891,0.3122465531224655,0.622791119166289
96.3071431932764,0.3122465531224655,0.6230176710466697
96.3083001447717,0.3122465531224655,0.6232442229270503
96.31007199429688,0.3126520681265207,0.6232442229270503
96.31128070133977,0.3126520681265207,0.6234707748074308
96.31310735388371,0.31305758313057586,0.6234707748074308
96.31998227014228,0.31305758313057586,0.6236973266878115
96.33428412800254,0.31305758313057586,0.6239238785681921
96.334450471774,0.31346309813463097,0.6239238785681921
96.34882647415826,0.31346309813463097,0.6241504304485728
96.36177431121587,0.31346309813463097,0.6243769823289533
96.39476550854144,0.31346309813463097,0.6246035342093339
96.39792956699942,0.31346309813463097,0.6248300860897146
96.40458056018205,0.31386861313868614,0.6248300860897146
96.41492427699082,0.3142741281427413,0.6248300860897146
96.41794411376465,0.3142741281427413,0.6250566379700951
96.42320308047627,0.3142741281427413,0.6252831898504757
96.43860012334359,0.3146796431467964,0.6252831898504757
96.44039865055646,0.3150851581508516,0.6252831898504757
96.45970898868819,0.31549067315490675,0.6252831898504757
96.46362615373549,0.31549067315490675,0.6255097417308564
96.46466456990524,0.31549067315490675,0.625736293611237
96.46808771438887,0.31549067315490675,0.6259628454916176
96.4795126957481,0.31549067315490675,0.6261893973719982
96.48042033841361,0.31589618815896187,0.6261893973719982
96.48829674918251,0.31589618815896187,0.6264159492523788
96.5212469245514,0.31589618815896187,0.6266425011327594
96.54457679872453,0.31589618815896187,0.62686905301314
96.56292398778133,0.31589618815896187,0.6270956048935206
96.57281901434546,0.31589618815896187,0.6273221567739012
96.58811460160314,0.31630170316301703,0.6273221567739012
96.59395997879552,0.31630170316301703,0.6275487086542818
96.63628697014036,0.31630170316301703,0.6277752605346625
96.66567074913868,0.31630170316301703,0.628001812415043
96.68009379389571,0.3167072181670722,0.628001812415043
96.68403973530133,0.3167072181670722,0.6282283642954236
96.6912069397929,0.3167072181670722,0.6284549161758043
96.69198230589073,0.3167072181670722,0.6286814680561849
96.69700397212276,0.3167072181670722,0.6289080199365654
96.69978198006707,0.3167072181670722,0.6291345718169461
96.71241510911864,0.3167072181670722,0.6293611236973267
96.71282328269314,0.3167072181670722,0.6295876755777073
96.71494882180794,0.3167072181670722,0.6298142274580879
96.71682400509738,0.3167072181670722,0.6300407793384685
96.72975662810201,0.3171127331711273,0.6300407793384685
96.76165969416118,0.3171127331711273,0.6302673312188491
96.77287755690224,0.3171127331711273,0.6304938830992297
96.78665766517199,0.3175182481751825,0.6304938830992297
96.81041179088773,0.31792376317923765,0.6304938830992297
96.81546070568939,0.31792376317923765,0.6307204349796103
96.84099287583823,0.31832927818329276,0.6307204349796103
96.84261657599453,0.31832927818329276,0.630946986859991
96.85517008948057,0.31873479318734793,0.630946986859991
96.86624217354222,0.31873479318734793,0.6311735387403715
96.87887646379835,0.31873479318734793,0.6314000906207522
96.87930571567856,0.31873479318734793,0.6316266425011328
96.88208628989011,0.31873479318734793,0.6318531943815133
96.90446193488167,0.31873479318734793,0.632079746261894
96.90689990589931,0.31873479318734793,0.6323062981422746
96.9115150037877,0.3191403081914031,0.6323062981422746
96.93673341233716,0.3191403081914031,0.6325328500226551
96.94174365843598,0.3191403081914031,0.6327594019030358
96.96224168978247,0.3191403081914031,0.6329859537834164
96.97109015705638,0.3191403081914031,0.633212505663797
96.98019769328296,0.3195458231954582,0.633212505663797
96.98251831166166,0.3199513381995134,0.633212505663797
96.9865051732094,0.3199513381995134,0.6334390575441776
96.99057518381491,0.3199513381995134,0.6336656094245582
96.99110007473918,0.32035685320356855,0.6336656094245582
96.99624924828572,0.32035685320356855,0.6338921613049389
97.00849035842484,0.32035685320356855,0.6341187131853194
97.0094385190984,0.32035685320356855,0.6343452650657
97.01201826152112,0.32035685320356855,0.6345718169460807
97.03398645640213,0.32035685320356855,0.6347983688264612
97.03598195686915,0.32035685320356855,0.6350249207068419
97.04341667787455,0.32035685320356855,0.6352514725872225
97.06452834965282,0.32035685320356855,0.635478024467603
97.06625105482277,0.32035685320356855,0.6357045763479837
97.07737730651421,0.32035685320356855,0.6359311282283643
97.09120282184557,0.32035685320356855,0.6361576801087448
97.13840669960804,0.32035685320356855,0.6363842319891255
97.14450255613387,0.32035685320356855,0.6366107838695061
97.14664515787457,0.32076236820762366,0.6366107838695061
97.16750662420725,0.32076236820762366,0.6368373357498868
97.1690125012569,0.32076236820762366,0.6370638876302673
97.18818379312688,0.32076236820762366,0.6372904395106479
97.19579710288612,0.32076236820762366,0.6375169913910286
97.20064052164969,0.32076236820762366,0.6377435432714091
97.20150763230116,0.32116788321167883,0.6377435432714091
97.20457441733716,0.321573398215734,0.6377435432714091
97.20656635708451,0.321573398215734,0.6379700951517897
97.22680208179985,0.3219789132197891,0.6379700951517897
97.23100095698021,0.3219789132197891,0.6381966470321704
97.23291406803492,0.3219789132197891,0.638423198912551
97.24434560526484,0.3219789132197891,0.6386497507929316
97.26466570909416,0.3219789132197891,0.6388763026733122
97.2688890961735,0.3223844282238443,0.6388763026733122
97.27233685126605,0.3223844282238443,0.6391028545536928
97.27661173820914,0.3223844282238443,0.6393294064340734
97.28138886705825,0.3223844282238443,0.639555958314454
97.28584493523937,0.3223844282238443,0.6397825101948346
97.29440862528782,0.3223844282238443,0.6400090620752152
97.31536614415629,0.32278994322789945,0.6400090620752152
97.32114644072398,0.32278994322789945,0.6402356139555958
97.34778076992006,0.32319545823195456,0.6402356139555958
97.35541420856762,0.3236009732360097,0.6402356139555958
97.35678777009174,0.3236009732360097,0.6404621658359765
97.35957675057817,0.3236009732360097,0.640688717716357
97.38603200091617,0.3236009732360097,0.6409152695967376
97.3931350424367,0.3236009732360097,0.6411418214771183
97.39477887121942,0.3240064882400649,0.6411418214771183
97.40335617121116,0.3240064882400649,0.6413683733574989
97.40707380791544,0.3240064882400649,0.6415949252378794
97.41381176731127,0.32441200324412,0.6415949252378794
97.41963879046875,0.32441200324412,0.6418214771182601
97.42795510410133,0.32441200324412,0.6420480289986407
97.43856722824968,0.3248175182481752,0.6420480289986407
97.44111095439163,0.3248175182481752,0.6422745808790213
97.45213575058995,0.3248175182481752,0.6425011327594019
97.46904129827186,0.3248175182481752,0.6427276846397825
97.47592842762676,0.32522303325223034,0.6427276846397825
97.48146044666217,0.32522303325223034,0.6429542365201631
97.48485238239032,0.32522303325223034,0.6431807884005437
97.49631744787133,0.32522303325223034,0.6434073402809243
97.4997685001736,0.32522303325223034,0.643633892161305
97.50683218259866,0.32522303325223034,0.6438604440416855
97.52126683991551,0.32522303325223034,0.6440869959220662
97.52244704164886,0.32522303325223034,0.6443135478024468
97.53892443820781,0.32522303325223034,0.6445400996828273
97.54252581291294,0.32522303325223034,0.644766651563208
97.54947984429465,0.32522303325223034,0.6449932034435886
97.56164783348574,0.32522303325223034,0.6452197553239691
97.57026044017147,0.32522303325223034,0.6454463072043498
97.57516746989518,0.32522303325223034,0.6456728590847304
97.58151672682862,0.32522303325223034,0.645899410965111
97.6002200305635,0.32522303325223034,0.6461259628454916
97.60709160513582,0.32522303325223034,0.6463525147258722
97.61857592889218,0.32562854825628545,0.6463525147258722
97.66844104481919,0.3260340632603406,0.6463525147258722
97.67079237280677,0.3260340632603406,0.6465790666062529
97.67157859007418,0.3260340632603406,0.6468056184866334
97.67445659515901,0.3260340632603406,0.647032170367014
97.67457297116313,0.3264395782643958,0.647032170367014
97.6810377687753,0.32684509326845096,0.647032170367014
97.74225303529533,0.32684509326845096,0.6472587222473947
97.75380154055655,0.32684509326845096,0.6474852741277752
97.77102209248628,0.32684509326845096,0.6477118260081559
97.78481067530285,0.32684509326845096,0.6479383778885365
97.78784854216096,0.32725060827250607,0.6479383778885365
97.78906182001461,0.32765612327656124,0.6479383778885365
97.79958607205307,0.32765612327656124,0.648164929768917
97.80385770450314,0.3280616382806164,0.648164929768917
97.82295676925982,0.3280616382806164,0.6483914816492977
97.82305663054042,0.3280616382806164,0.6486180335296783
97.84704582924567,0.3280616382806164,0.6488445854100588
97.85445221056747,0.3280616382806164,0.6490711372904395
97.8592094892718,0.3284671532846715,0.6490711372904395
97.86022281514808,0.3284671532846715,0.6492976891708201
97.86467973293436,0.3284671532846715,0.6495242410512008
97.89509601508816,0.3288726682887267,0.6495242410512008
97.89686303804777,0.32927818329278186,0.6495242410512008
97.92730140797008,0.32927818329278186,0.6497507929315813
97.92944902313847,0.32968369829683697,0.6497507929315813
97.9423880141955,0.33008921330089214,0.6497507929315813
97.95240190222698,0.33008921330089214,0.6499773448119619
97.9613216708704,0.33008921330089214,0.6502038966923426
98.00510813606384,0.33008921330089214,0.6504304485727231
98.0070353041109,0.33008921330089214,0.6506570004531037
98.00911642022787,0.33008921330089214,0.6508835523334844
98.00950558930758,0.3304947283049473,0.6508835523334844
98.01529440529394,0.3309002433090024,0.6508835523334844
98.01841485591163,0.3309002433090024,0.651110104213865
98.03833710105336,0.3309002433090024,0.6513366560942456
98.04194516516995,0.3309002433090024,0.6515632079746262
98.04743083954426,0.3309002433090024,0.6517897598550068
98.07891960101794,0.3309002433090024,0.6520163117353874
98.0828267329691,0.3309002433090024,0.652242863615768
98.08772074260054,0.3313057583130576,0.652242863615768
98.09367746971202,0.3313057583130576,0.6524694154961486
98.11008422486447,0.33171127331711275,0.6524694154961486
98.11214867076569,0.33171127331711275,0.6526959673765292
98.11508317133912,0.33211678832116787,0.6526959673765292
98.11868520363578,0.33211678832116787,0.6529225192569098
98.12557504386089,0.33211678832116787,0.6531490711372905
98.12896503637046,0.33211678832116787,0.653375623017671
98.12900091925192,0.33211678832116787,0.6536021748980516
98.13077125825701,0.33211678832116787,0.6538287267784323
98.13312958122104,0.33211678832116787,0.6540552786588129
98.13643849321562,0.33211678832116787,0.6542818305391934
98.1415735916104,0.33211678832116787,0.6545083824195741
98.14860088787351,0.33211678832116787,0.6547349342999547
98.15355507500509,0.33211678832116787,0.6549614861803353
98.15678033934552,0.33252230332522303,0.6549614861803353
98.17229715297422,0.33252230332522303,0.6551880380607159
98.18145580992903,0.33252230332522303,0.6554145899410965
98.19278790886071,0.3329278183292782,0.6554145899410965
98.20232567849557,0.3329278183292782,0.6556411418214771
98.21041946858516,0.3329278183292782,0.6558676937018577
98.21533613657778,0.3333333333333333,0.6558676937018577
98.22005287968564,0.3337388483373885,0.6558676937018577
98.22448722264159,0.3337388483373885,0.6560942455822383
98.22495993543234,0.33414436334144365,0.6560942455822383
98.23316105029178,0.33414436334144365,0.656320797462619
98.2414101516459,0.33414436334144365,0.6565473493429995
98.26491390033536,0.33414436334144365,0.6567739012233802
98.28564302380752,0.33414436334144365,0.6570004531037608
98.2859393793518,0.33414436334144365,0.6572270049841413
98.29270047110418,0.33414436334144365,0.657453556864522
98.29443217139033,0.33414436334144365,0.6576801087449026
98.30496204149162,0.33414436334144365,0.6579066606252831
98.38097861576436,0.33414436334144365,0.6581332125056638
98.3850273468194,0.33414436334144365,0.6583597643860444
98.38506790336396,0.33414436334144365,0.658586316266425
98.39728050864532,0.33414436334144365,0.6588128681468056
98.3984249797405,0.33454987834549876,0.6588128681468056
98.40203413505787,0.33454987834549876,0.6590394200271862
98.40972937605719,0.33454987834549876,0.6592659719075669
98.4100391667653,0.33454987834549876,0.6594925237879474
98.41326634269237,0.33495539334955393,0.6594925237879474
98.42092072421724,0.3353609083536091,0.6594925237879474
98.42538609399463,0.3353609083536091,0.659719075668328
98.4302006985059,0.3353609083536091,0.6599456275487087
98.4322999349728,0.3357664233576642,0.6599456275487087
98.4341398093921,0.3361719383617194,0.6599456275487087
98.4483328604866,0.3361719383617194,0.6601721794290892
98.48850848213937,0.3361719383617194,0.6603987313094699
98.49708263219344,0.3361719383617194,0.6606252831898505
98.50138419906901,0.3361719383617194,0.660851835070231
98.5102150195559,0.33657745336577455,0.660851835070231
98.51213059485319,0.33657745336577455,0.6610783869506117
98.51819203937012,0.33657745336577455,0.6613049388309923
98.52485511585164,0.33657745336577455,0.6615314907113728
98.53790040503381,0.33657745336577455,0.6617580425917535
98.53971399272716,0.33657745336577455,0.6619845944721341
98.55512116165505,0.33657745336577455,0.6622111463525148
98.57966884254283,0.33657745336577455,0.6624376982328953
98.59778241505137,0.33698296836982966,0.6624376982328953
98.59924910764583,0.33738848337388483,0.6624376982328953
98.62725017684556,0.33738848337388483,0.6626642501132759
98.64114237407216,0.33738848337388483,0.6628908019936566
98.64918345057217,0.33779399837794,0.6628908019936566
98.64935929747557,0.33779399837794,0.6631173538740371
98.67442636330031,0.3381995133819951,0.6631173538740371
98.68199626058416,0.3381995133819951,0.6633439057544177
98.68704656651222,0.3381995133819951,0.6635704576347984
98.68757355780689,0.3381995133819951,0.663797009515179
98.69305514536912,0.3381995133819951,0.6640235613955596
98.70547686984176,0.3381995133819951,0.6642501132759402
98.73632012742304,0.3386050283860503,0.6642501132759402
98.7633120495137,0.3386050283860503,0.6644766651563208
98.76716789273935,0.3386050283860503,0.6647032170367014
98.80492835421555,0.33901054339010545,0.6647032170367014
98.81373229440223,0.33941605839416056,0.6647032170367014
98.81837777935078,0.33941605839416056,0.664929768917082
98.82714752090392,0.3398215733982157,0.664929768917082
98.83405457375412,0.3398215733982157,0.6651563207974626
98.84060278121368,0.3402270884022709,0.6651563207974626
98.85362594376174,0.3402270884022709,0.6653828726778432
98.85923124719898,0.3402270884022709,0.6656094245582238
98.86901263887837,0.3402270884022709,0.6658359764386045
98.87067507917907,0.3402270884022709,0.666062528318985
98.87310622982592,0.3402270884022709,0.6662890801993656
98.8953173802652,0.3402270884022709,0.6665156320797463
98.89670249264314,0.3402270884022709,0.6667421839601269
98.90961651771512,0.340632603406326,0.6667421839601269
98.92736326904937,0.340632603406326,0.6669687358405075
98.97940087718536,0.340632603406326,0.6671952877208881
98.98836478697817,0.340632603406326,0.6674218396012687
98.99417835117382,0.340632603406326,0.6676483914816493
98.9976205568338,0.340632603406326,0.6678749433620299
99.00072240486408,0.340632603406326,0.6681014952424105
99.0081054759973,0.340632603406326,0.6683280471227911
99.01157071993117,0.3410381184103812,0.6683280471227911
99.0294364698312,0.3410381184103812,0.6685545990031717
99.03516942238122,0.34144363341443634,0.6685545990031717
99.03697961513139,0.34144363341443634,0.6687811508835524
99.04638551225298,0.34144363341443634,0.669007702763933
99.04980605479211,0.34144363341443634,0.6692342546443135
99.05028889243638,0.34144363341443634,0.6694608065246942
99.11260500791306,0.34144363341443634,0.6696873584050748
99.11378007734373,0.34144363341443634,0.6699139102854553
99.13352187860286,0.34144363341443634,0.670140462165836
99.15601247895228,0.34144363341443634,0.6703670140462166
99.17672903589843,0.34144363341443634,0.6705935659265972
99.17926907632045,0.34144363341443634,0.6708201178069778
99.19406315634376,0.34144363341443634,0.6710466696873584
99.19414083656346,0.34144363341443634,0.671273221567739
99.19448805894599,0.3418491484184915,0.671273221567739
99.20710429105009,0.3418491484184915,0.6714997734481196
99.21364573040076,0.3418491484184915,0.6717263253285002
99.23080063384904,0.3422546634225466,0.6717263253285002
99.23427103810471,0.3422546634225466,0.6719528772088809
99.23796431224787,0.3422546634225466,0.6721794290892614
99.23908452971217,0.3422546634225466,0.6724059809696421
99.24033586384029,0.3426601784266018,0.6724059809696421
99.24100240851806,0.3426601784266018,0.6726325328500227
99.2528707638156,0.3426601784266018,0.6728590847304032
99.25910226832696,0.34306569343065696,0.6728590847304032
99.26442255956366,0.34306569343065696,0.6730856366107839
99.26756302249963,0.34306569343065696,0.6733121884911645
99.268935586075,0.34347120843471207,0.6733121884911645
99.28098638942032,0.34347120843471207,0.673538740371545
99.29596829283044,0.34387672343876724,0.673538740371545
99.30504374692825,0.3442822384428224,0.673538740371545
99.32194529435915,0.3442822384428224,0.6737652922519257
99.3352048867572,0.3446877534468775,0.6737652922519257
99.34125955964961,0.3450932684509327,0.6737652922519257
99.34565867280011,0.3450932684509327,0.6739918441323063
99.36692789320861,0.3450932684509327,0.674218396012687
99.37468699042479,0.3450932684509327,0.6744449478930675
99.37954985194082,0.3450932684509327,0.6746714997734481
99.39636478283974,0.3450932684509327,0.6748980516538288
99.43469733102337,0.34549878345498786,0.6748980516538288
99.44013827750712,0.34590429845904297,0.6748980516538288
99.44201602573281,0.34590429845904297,0.6751246035342093
99.44370921005624,0.34590429845904297,0.6753511554145899
99.44662494693361,0.34630981346309814,0.6753511554145899
99.4479200718065,0.34630981346309814,0.6755777072949706
99.45757379586908,0.3467153284671533,0.6755777072949706
99.46186998912023,0.3467153284671533,0.6758042591753511
99.47024711518506,0.3467153284671533,0.6760308110557318
99.47374814356948,0.3467153284671533,0.6762573629361124
99.47589073400579,0.3467153284671533,0.676483914816493
99.49529604196411,0.3467153284671533,0.6767104666968736
99.51418701620047,0.3467153284671533,0.6769370185772542
99.52226949941145,0.3467153284671533,0.6771635704576348
99.52811183890391,0.3467153284671533,0.6773901223380154
99.53097684619998,0.3471208434712084,0.6773901223380154
99.53245628701922,0.3471208434712084,0.677616674218396
99.53293431321265,0.3471208434712084,0.6778432260987767
99.54422758651687,0.3471208434712084,0.6780697779791572
99.54793658835766,0.3471208434712084,0.6782963298595378
99.55773858272815,0.3471208434712084,0.6785228817399185
99.55967747710496,0.3471208434712084,0.678749433620299
99.56031281669999,0.3475263584752636,0.678749433620299
99.56196747687373,0.3475263584752636,0.6789759855006796
99.5670425506784,0.34793187347931875,0.6789759855006796
99.57865651642595,0.34833738848337387,0.6789759855006796
99.58444608088178,0.34833738848337387,0.6792025373810603
99.58547368850272,0.34874290348742903,0.6792025373810603
99.59664699950437,0.34874290348742903,0.6794290892614409
99.60387701149597,0.34874290348742903,0.6796556411418215
99.61535600516017,0.34874290348742903,0.6798821930222021
99.62193614007117,0.3491484184914842,0.6798821930222021
99.62272989753617,0.3495539334955393,0.6798821930222021
99.62554001774475,0.3495539334955393,0.6801087449025827
99.63727600653976,0.3495539334955393,0.6803352967829633
99.65097968269485,0.3495539334955393,0.6805618486633439
99.66134667287096,0.3499594484995945,0.6805618486633439
99.66888862892691,0.3499594484995945,0.6807884005437245
99.67366942079818,0.35036496350364965,0.6807884005437245
99.68743672657246,0.35077047850770476,0.6807884005437245
99.69249576638353,0.35077047850770476,0.6810149524241051
99.6958561257237,0.35077047850770476,0.6812415043044857
99.71171235226979,0.35077047850770476,0.6814680561848664
99.7157066377696,0.35117599351175993,0.6814680561848664
99.74795733339434,0.3515815085158151,0.6814680561848664
99.74823368081636,0.3515815085158151,0.681694608065247
99.75059573215503,0.3519870235198702,0.681694608065247
99.75676104604241,0.3519870235198702,0.6819211599456275
99.76405046854276,0.3523925385239254,0.6819211599456275
99.76450752871433,0.3523925385239254,0.6821477118260082
99.78184447734016,0.3523925385239254,0.6823742637063888
99.78199661799246,0.3523925385239254,0.6826008155867693
99.78512636475426,0.3523925385239254,0.68282736746715
99.80172852008315,0.35279805352798055,0.68282736746715
99.80765181774319,0.35279805352798055,0.6830539193475306
99.80850218216995,0.35279805352798055,0.6832804712279112
99.81154628806276,0.35279805352798055,0.6835070231082918
99.81232791102781,0.35279805352798055,0.6837335749886724
99.8166274524557,0.35279805352798055,0.683960126869053
99.8199344732358,0.35279805352798055,0.6841866787494336
99.82079150139333,0.35279805352798055,0.6844132306298142
99.83052675339663,0.35279805352798055,0.6846397825101949
99.83164785836185,0.35320356853203566,0.6846397825101949
99.83274173897357,0.35320356853203566,0.6848663343905754
99.83536538643712,0.35360908353609083,0.6848663343905754
99.8485566380607,0.35360908353609083,0.6850928862709561
99.84874176312134,0.35360908353609083,0.6853194381513367
99.85282672150836,0.354014598540146,0.6853194381513367
99.8582278277345,0.354014598540146,0.6855459900317172
99.86361464690148,0.354014598540146,0.6857725419120979
99.86481724650592,0.3544201135442011,0.6857725419120979
99.87329543755257,0.3544201135442011,0.6859990937924785
99.87916335267265,0.3544201135442011,0.686225645672859
99.8856618654405,0.3544201135442011,0.6864521975532397
99.88801965850774,0.3544201135442011,0.6866787494336203
99.89929576864647,0.3544201135442011,0.686905301314001
99.90740794495855,0.3548256285482563,0.686905301314001
99.90799364677683,0.3548256285482563,0.6871318531943815
99.92000004683595,0.3548256285482563,0.6873584050747621
99.94001554965467,0.3548256285482563,0.6875849569551428
99.94322773677723,0.3548256285482563,0.6878115088355233
99.94429913654183,0.3548256285482563,0.6880380607159039
99.95078959601713,0.3548256285482563,0.6882646125962846
99.96423755162247,0.3548256285482563,0.6884911644766651
99.96570605578248,0.3548256285482563,0.6887177163570458
99.98504652017411,0.3548256285482563,0.6889442682374264
99.98601201039003,0.3548256285482563,0.689170820117807
99.99367654173085,0.3548256285482563,0.6893973719981876
99.99400937309794,0.3548256285482563,0.6896239238785682
100.00310803065715,0.3548256285482563,0.6898504757589488
100.00479196521408,0.35523114355231145,0.6898504757589488
100.02757346952487,0.35523114355231145,0.6900770276393294
100.02929973469044,0.35523114355231145,0.69030357951971
100.03561208897241,0.35523114355231145,0.6905301314000907
100.05467818754867,0.35523114355231145,0.6907566832804712
100.05864648974521,0.35563665855636656,0.6907566832804712
100.07444093213488,0.35563665855636656,0.6909832351608518
100.08115890653825,0.3560421735604217,0.6909832351608518
100.08283312384825,0.3564476885644769,0.6909832351608518
100.08335360648908,0.3564476885644769,0.6912097870412325
100.08462777324439,0.35685320356853206,0.6912097870412325
100.09429311233603,0.3572587185725872,0.6912097870412325
100.09465072381695,0.3572587185725872,0.691436338921613
100.09776031525082,0.35766423357664234,0.691436338921613
100.09798074998912,0.35766423357664234,0.6916628908019936
100.1099312516362,0.35766423357664234,0.6918894426823743
100.11667001336627,0.3580697485806975,0.6918894426823743
100.12462031455476,0.3580697485806975,0.6921159945627549
100.13604485505243,0.3580697485806975,0.6923425464431355
100.15562445391186,0.3580697485806975,0.6925690983235161
100.17632540536698,0.3580697485806975,0.6927956502038967
100.18574911173324,0.3580697485806975,0.6930222020842773
100.19567156470893,0.3580697485806975,0.6932487539646579
100.21126639180486,0.3580697485806975,0.6934753058450385
100.21409109904843,0.3580697485806975,0.6937018577254191
100.22000207025904,0.3584752635847526,0.6937018577254191
100.22661985915207,0.3584752635847526,0.6939284096057997
100.22691377107789,0.3584752635847526,0.6941549614861804
100.22757335006213,0.3588807785888078,0.6941549614861804
100.23000015666668,0.3588807785888078,0.694381513366561
100.2377279064013,0.3588807785888078,0.6946080652469415
100.24159535065891,0.35928629359286296,0.6946080652469415
100.2450069139898,0.35928629359286296,0.6948346171273222
100.25094054751263,0.35928629359286296,0.6950611690077028
100.26237996681229,0.35928629359286296,0.6952877208880833
100.27208615862142,0.35928629359286296,0.695514272768464
100.27997887799323,0.35928629359286296,0.6957408246488446
100.28712582829505,0.35928629359286296,0.6959673765292252
100.29158070492869,0.35928629359286296,0.6961939284096058
100.29363212023017,0.3596918085969181,0.6961939284096058
100.30018725222757,0.3596918085969181,0.6964204802899864
100.30234296296042,0.36009732360097324,0.6964204802899864
100.30973062454402,0.36009732360097324,0.696647032170367
100.30986802469317,0.3605028386050284,0.696647032170367
100.31864162189567,0.3609083536090835,0.696647032170367
100.35687836265409,0.3609083536090835,0.6968735840507476
100.37497123365122,0.3609083536090835,0.6971001359311282
100.37564764300322,0.3609083536090835,0.6973266878115089
100.37607976076322,0.3609083536090835,0.6975532396918894
100.37770330232765,0.3609083536090835,0.6977797915722701
100.37866942206483,0.3609083536090835,0.6980063434526507
100.40094493298483,0.3609083536090835,0.6982328953330312
100.40138937461,0.3609083536090835,0.6984594472134119
100.40966827563057,0.3609083536090835,0.6986859990937925
100.41949451666112,0.3609083536090835,0.698912550974173
100.4327740881427,0.3613138686131387,0.698912550974173
100.43549494664714,0.3613138686131387,0.6991391028545537
100.44044350789511,0.36171938361719386,0.6991391028545537
100.44990211850738,0.36171938361719386,0.6993656547349343
100.45148877139627,0.36171938361719386,0.699592206615315
100.4529120750117,0.36171938361719386,0.6998187584956955
100.46111505080789,0.36212489862124897,0.6998187584956955
100.4622183569747,0.36212489862124897,0.7000453103760761
100.48905555873684,0.36253041362530414,0.7000453103760761
100.48953563932993,0.3629359286293593,0.7000453103760761
100.49212368306569,0.3629359286293593,0.7002718622564568
100.50303498478124,0.3629359286293593,0.7004984141368373
100.52118531501114,0.3629359286293593,0.7007249660172179
100.5279749031036,0.3629359286293593,0.7009515178975986
100.53574695779179,0.3629359286293593,0.7011780697779791
100.54120931458309,0.3629359286293593,0.7014046216583598
100.54861823329855,0.3633414436334144,0.7014046216583598
100.54915182481486,0.3633414436334144,0.7016311735387404
100.54982869861648,0.3633414436334144,0.701857725419121
100.5576758225124,0.3633414436334144,0.7023108291798822
100.55814748936353,0.3633414436334144,0.7025373810602628
100.56195354294377,0.3633414436334144,0.7027639329406434
100.56661507739966,0.3633414436334144,0.702990484821024
100.57448968297325,0.3633414436334144,0.7032170367014047
100.5806615723643,0.3633414436334144,0.7034435885817852
100.58712681809875,0.3633414436334144,0.7036701404621658
100.59716342987574,0.3637469586374696,0.7036701404621658
100.60453456751685,0.36415247364152475,0.7036701404621658
100.61038120319412,0.36455798864557987,0.7036701404621658
100.61197508406792,0.36496350364963503,0.7036701404621658
100.62704326744705,0.3653690186536902,0.7036701404621658
100.6271831563079,0.3653690186536902,0.7038966923425465
100.62914594162493,0.3657745336577453,0.7038966923425465
100.64736142305921,0.3657745336577453,0.704123244222927
100.64864786782744,0.3657745336577453,0.7043497961033076
100.64907436341943,0.3657745336577453,0.7045763479836883
100.65756125516556,0.3661800486618005,0.7045763479836883
100.66515610674855,0.36658556366585565,0.7045763479836883
100.66757819323465,0.36699107866991076,0.7045763479836883
100.66764042678082,0.36699107866991076,0.7048028998640689
100.6952769748166,0.36699107866991076,0.7050294517444495
100.7039771089074,0.36739659367396593,0.7050294517444495
100.72831354121219,0.3678021086780211,0.7050294517444495
100.73854891154912,0.3678021086780211,0.7052560036248301
100.73894536124651,0.3678021086780211,0.7054825555052107
100.7442470495146,0.3678021086780211,0.7057091073855913
100.74850633838017,0.3678021086780211,0.7059356592659719
100.75127462774297,0.3682076236820762,0.7059356592659719
100.7525775139786,0.3686131386861314,0.7059356592659719
100.75768854400765,0.36901865369018655,0.7059356592659719
100.7581260385852,0.36901865369018655,0.7061622111463525
100.76416315388987,0.36942416869424166,0.7061622111463525
100.77954365407585,0.36982968369829683,0.7061622111463525
100.78042109377617,0.370235198702352,0.7061622111463525
100.79328348420255,0.370235198702352,0.7063887630267331
100.79415236585766,0.3706407137064071,0.7063887630267331
100.79884200276501,0.3706407137064071,0.7066153149071137
100.79919593030442,0.3706407137064071,0.7068418667874944
100.82431778641727,0.3710462287104623,0.7068418667874944
100.82611672705193,0.3710462287104623,0.707068418667875
100.83082570400674,0.3710462287104623,0.7072949705482555
100.8352857894553,0.37145174371451745,0.7072949705482555
100.83865665368387,0.37145174371451745,0.7075215224286362
100.84285066367464,0.37145174371451745,0.7077480743090168
100.8495188612527,0.37145174371451745,0.7079746261893973
100.8507112874911,0.37145174371451745,0.708201178069778
100.86915261341773,0.3718572587185726,0.708201178069778
100.87917801019243,0.3718572587185726,0.7084277299501586
100.88073093674744,0.3718572587185726,0.7086542818305392
100.90268808732854,0.3718572587185726,0.7088808337109198
100.91173609894672,0.3718572587185726,0.7091073855913004
100.91834062892038,0.3718572587185726,0.709333937471681
100.92137997900575,0.3718572587185726,0.7095604893520616
100.92276608520035,0.3718572587185726,0.7097870412324422
100.93966195428854,0.3718572587185726,0.7100135931128229
100.94468180709714,0.3722627737226277,0.7100135931128229
100.94725489876116,0.3726682887266829,0.7100135931128229
100.95330975859302,0.3726682887266829,0.7102401449932034
100.96570603031272,0.37307380373073806,0.7102401449932034
100.97215567524466,0.3734793187347932,0.7102401449932034
100.9762338675699,0.3734793187347932,0.7104666968735841
100.98948809113156,0.37388483373884834,0.7104666968735841
100.99065308308533,0.3742903487429035,0.7104666968735841
100.99542222095734,0.3742903487429035,0.7106932487539647
100.99660424356455,0.3742903487429035,0.7109198006343452
100.99965422569976,0.3742903487429035,0.7111463525147259
101.00090213074961,0.3746958637469586,0.7111463525147259
101.00300917533087,0.3746958637469586,0.7113729043951065
101.00719060065472,0.3746958637469586,0.711599456275487
101.01428413900179,0.3751013787510138,0.711599456275487
101.017383113159,0.3751013787510138,0.7118260081558677
101.02529591515207,0.3751013787510138,0.7120525600362483
101.02808833322058,0.3751013787510138,0.712279111916629
101.03836832258492,0.3751013787510138,0.7125056637970095
101.04097135966231,0.3751013787510138,0.7127322156773901
101.05512385389333,0.37550689375506896,0.7127322156773901
101.05736704854152,0.3759124087591241,0.7127322156773901
101.05791224774782,0.3759124087591241,0.7129587675577708
101.09377711343751,0.37631792376317924,0.7129587675577708
101.0983743612179,0.3767234387672344,0.7129587675577708
101.09938163001688,0.3771289537712895,0.7129587675577708
101.10495303482105,0.3775344687753447,0.7129587675577708
101.11072049357895,0.3775344687753447,0.7131853194381513
101.11452933558968,0.37793998377939986,0.7131853194381513
101.12694720850632,0.37793998377939986,0.7134118713185319
101.1359062160677,0.37793998377939986,0.7136384231989126
101.14815941455508,0.37793998377939986,0.7138649750792931
101.15000430782587,0.37793998377939986,0.7140915269596738
101.16413371553172,0.37834549878345497,0.7140915269596738
101.16817287467082,0.37834549878345497,0.7143180788400544
101.17547486184137,0.37834549878345497,0.714544630720435
101.17960921957871,0.37834549878345497,0.7147711826008156
101.18848497165968,0.37834549878345497,0.7149977344811962
101.18899556255852,0.37834549878345497,0.7152242863615768
101.1961671202969,0.37834549878345497,0.7154508382419574
101.20366469497182,0.37834549878345497,0.715677390122338
101.21017969036237,0.37834549878345497,0.7159039420027187
101.21771909383928,0.37834549878345497,0.7161304938830992
101.22647670803416,0.37875101378751014,0.7161304938830992
101.22916078661876,0.3791565287915653,0.7161304938830992
101.23609274863092,0.3791565287915653,0.7163570457634798
101.23760467886609,0.3791565287915653,0.7165835976438605
101.23975076456436,0.3795620437956204,0.7165835976438605
101.24895976493397,0.3795620437956204,0.716810149524241
101.25464302502539,0.3795620437956204,0.7170367014046216
101.2609389811232,0.3795620437956204,0.7172632532850023
101.26793747059423,0.3795620437956204,0.7174898051653829
101.26977917109579,0.3795620437956204,0.7177163570457635
101.27463877734526,0.3795620437956204,0.7179429089261441
101.28184570824081,0.3795620437956204,0.7181694608065247
101.28768379144718,0.3795620437956204,0.7183960126869053
101.29043378279117,0.3799675587996756,0.7183960126869053
101.2922971633105,0.38037307380373075,0.7183960126869053
101.29744731886453,0.38077858880778587,0.7183960126869053
101.3241511685558,0.38077858880778587,0.7186225645672859
101.32748548851485,0.38077858880778587,0.7188491164476665
101.34973944349882,0.38118410381184104,0.7188491164476665
101.35096207026847,0.38118410381184104,0.7190756683280471
101.35158309089007,0.38118410381184104,0.7193022202084277
101.3617400213179,0.3815896188158962,0.7193022202084277
101.36524821919195,0.3815896188158962,0.7195287720888084
101.36903272366197,0.3815896188158962,0.719755323969189
101.3779155451815,0.3815896188158962,0.7199818758495695
101.39215406924713,0.3815896188158962,0.7202084277299502
101.39393924818003,0.3815896188158962,0.7204349796103308
101.39683543302827,0.3819951338199513,0.7204349796103308
101.40218691938723,0.3819951338199513,0.7206615314907113
101.40236197761521,0.3819951338199513,0.720888083371092
101.40698533400025,0.3824006488240065,0.720888083371092
101.4114093910817,0.38280616382806165,0.720888083371092
101.41267530670416,0.38321167883211676,0.720888083371092
101.41657723513694,0.38321167883211676,0.7211146352514726
101.41683489683842,0.38321167883211676,0.7213411871318532
101.42189742310697,0.38321167883211676,0.7215677390122338
101.42417400629309,0.38361719383617193,0.7215677390122338
101.44290824068662,0.3840227088402271,0.7215677390122338
101.45367667145605,0.3844282238442822,0.7215677390122338
101.45391503917429,0.3848337388483374,0.7215677390122338
101.46254098673225,0.3848337388483374,0.7217942908926144
101.46752067636798,0.38523925385239255,0.7217942908926144
101.47127191116502,0.38564476885644766,0.7217942908926144
101.47305120218276,0.38564476885644766,0.722020842772995
101.47949417301484,0.38564476885644766,0.7222473946533756
101.47955566603754,0.38605028386050283,0.7222473946533756
101.48368940007595,0.38605028386050283,0.7224739465337562
101.48513346968927,0.386455798864558,0.7224739465337562
101.48754442323549,0.386455798864558,0.7227004984141369
101.49891530214661,0.38686131386861317,0.7227004984141369
101.49969109318461,0.38686131386861317,0.7229270502945174
101.50554211960535,0.38686131386861317,0.7231536021748981
101.50576888619344,0.38686131386861317,0.7233801540552787
101.51753565749806,0.38686131386861317,0.7236067059356592
101.5274776718509,0.38686131386861317,0.7238332578160399
101.5320467676036,0.3872668288726683,0.7238332578160399
101.53635923607177,0.38767234387672345,0.7238332578160399
101.54010130778516,0.38767234387672345,0.7240598096964205
101.5406101144886,0.3880778588807786,0.7240598096964205
101.54518952709104,0.3880778588807786,0.724286361576801
101.54843317887071,0.3884833738848337,0.724286361576801
101.55905787846311,0.3884833738848337,0.7245129134571817
101.57377146718267,0.3884833738848337,0.7247394653375623
101.57936106908569,0.3884833738848337,0.724966017217943
101.58095934319024,0.3884833738848337,0.7251925690983235
101.58886610722831,0.3888888888888889,0.7251925690983235
101.60676074500982,0.38929440389294406,0.7251925690983235
101.61379751028997,0.38929440389294406,0.7254191209787041
101.62266870802682,0.3896999188969992,0.7254191209787041
101.62606541310586,0.3896999188969992,0.7256456728590848
101.62740834740333,0.3896999188969992,0.7258722247394653
101.63201091886981,0.39010543390105434,0.7258722247394653
101.63889800190975,0.39010543390105434,0.7260987766198459
101.64684803219711,0.3905109489051095,0.7260987766198459
101.65422281561979,0.3909164639091646,0.7260987766198459
101.65894721909501,0.3913219789132198,0.7260987766198459
101.66064373502027,0.3913219789132198,0.7263253285002266
101.71933082250064,0.3913219789132198,0.7265518803806071
101.72237161910883,0.3913219789132198,0.7267784322609878
101.7283329496536,0.39172749391727496,0.7267784322609878
101.73533246596224,0.39172749391727496,0.7270049841413684
101.73756543565226,0.39172749391727496,0.727231536021749
101.75114980676172,0.39172749391727496,0.7274580879021296
101.75486422922987,0.39172749391727496,0.7276846397825102
101.7633407770256,0.39172749391727496,0.7279111916628908
101.77725214983894,0.39172749391727496,0.7281377435432714
101.77792901600404,0.39172749391727496,0.728364295423652
101.78527193122423,0.39172749391727496,0.7285908473040327
101.78800950284534,0.39172749391727496,0.7288173991844132
101.79120386128085,0.3921330089213301,0.7288173991844132
101.7958946084665,0.39253852392538524,0.7288173991844132
101.79660721270989,0.3929440389294404,0.7288173991844132
101.8019183035785,0.3929440389294404,0.7290439510647938
101.80226792961915,0.3933495539334955,0.7290439510647938
101.80597427500587,0.3933495539334955,0.7292705029451745
101.8336280157544,0.3937550689375507,0.7292705029451745
101.8366142706453,0.3937550689375507,0.729497054825555
101.84238304949469,0.39416058394160586,0.729497054825555
101.85671184579793,0.39416058394160586,0.7297236067059356
101.85727618572682,0.39456609894566097,0.7297236067059356
101.8601866139708,0.39456609894566097,0.7299501585863163
101.87225493826564,0.39456609894566097,0.7301767104666969
101.8736913718229,0.39456609894566097,0.7304032623470775
101.8739342165774,0.39497161394971614,0.7304032623470775
101.88206691265025,0.39497161394971614,0.7306298142274581
101.88221361909919,0.39497161394971614,0.7308563661078387
101.88287137709428,0.39497161394971614,0.7310829179882193
101.88723704879679,0.3953771289537713,0.7310829179882193
101.88748310230702,0.3957826439578264,0.7310829179882193
101.89781124445786,0.3961881589618816,0.7310829179882193
101.89997075035733,0.3961881589618816,0.7315360217489805
101.9081147845579,0.3961881589618816,0.7317625736293611
101.91504232029203,0.3961881589618816,0.7319891255097417
101.91789191364924,0.3961881589618816,0.7322156773901224
101.93200461810366,0.3961881589618816,0.732442229270503
101.934634066148,0.3961881589618816,0.7326687811508835
101.93741101722912,0.39659367396593675,0.7326687811508835
101.94521873510683,0.39699918896999187,0.7326687811508835
101.94737452596253,0.39740470397404704,0.7326687811508835
101.95441895814822,0.3978102189781022,0.7326687811508835
101.966255112816,0.3978102189781022,0.7328953330312642
101.97293552998539,0.3978102189781022,0.7331218849116448
101.97758879599576,0.3978102189781022,0.7333484367920253
101.9817999540976,0.3982157339821573,0.7333484367920253
101.9852305409029,0.3982157339821573,0.733574988672406
101.98790085443956,0.3982157339821573,0.7338015405527866
101.9904092579182,0.3986212489862125,0.7338015405527866
101.99209667752069,0.39902676399026765,0.7338015405527866
101.99316026119246,0.39943227899432276,0.7338015405527866
101.99848075331745,0.39983779399837793,0.7338015405527866
102.00970989859219,0.39983779399837793,0.7340280924331672
102.01050815452399,0.39983779399837793,0.7342546443135478
102.01127960687165,0.39983779399837793,0.7344811961939284
102.02232378976397,0.39983779399837793,0.734707748074309
102.02405096458062,0.4002433090024331,0.734707748074309
102.02494741753375,0.4002433090024331,0.7349342999546896
102.0425968635256,0.4002433090024331,0.7351608518350702
102.05726993605207,0.4002433090024331,0.7353874037154509
102.0727765568896,0.4002433090024331,0.7356139555958314
102.07437057337899,0.4002433090024331,0.7358405074762121
102.07578261924931,0.4002433090024331,0.7360670593565927
102.0912711493996,0.4006488240064882,0.7360670593565927
102.1322500988356,0.4006488240064882,0.7362936112369732
102.14388639425444,0.4006488240064882,0.7365201631173539
102.14661681420964,0.4006488240064882,0.7367467149977345
102.14667157514242,0.4010543390105434,0.7367467149977345
102.14837699682795,0.4010543390105434,0.736973266878115
102.15060352351064,0.4010543390105434,0.7371998187584957
102.15265403119116,0.40145985401459855,0.7371998187584957
102.16446417464371,0.4018653690186537,0.7371998187584957
102.16493150081921,0.4018653690186537,0.7374263706388763
102.17687658283292,0.4018653690186537,0.737652922519257
102.1802325094018,0.4018653690186537,0.7378794743996375
102.18486367239068,0.40227088402270883,0.7378794743996375
102.1876082235665,0.402676399026764,0.7378794743996375
102.19028182926353,0.402676399026764,0.7381060262800181
102.19242225007932,0.402676399026764,0.7383325781603988
102.19392316356345,0.40308191403081917,0.7383325781603988
102.19482077074622,0.40308191403081917,0.7385591300407793
102.20137471436466,0.40308191403081917,0.7387856819211599
102.20731032887483,0.40308191403081917,0.7390122338015406
102.22535995504906,0.40308191403081917,0.7392387856819211
102.22990808027303,0.4034874290348743,0.7392387856819211
102.23380082658431,0.4034874290348743,0.7394653375623018
102.23408534597868,0.4034874290348743,0.7396918894426824
102.23825974314322,0.40389294403892945,0.7396918894426824
102.24696931502667,0.40389294403892945,0.739918441323063
102.25733011533657,0.4042984590429846,0.739918441323063
102.26824689150439,0.4047039740470397,0.739918441323063
102.27159507571574,0.4047039740470397,0.7401449932034436
102.27919661778405,0.4047039740470397,0.7403715450838242
102.28052564569029,0.4051094890510949,0.7403715450838242
102.28461685564854,0.40551500405515006,0.7403715450838242
102.288347264277,0.4059205190592052,0.7403715450838242
102.2920840908419,0.4059205190592052,0.7405980969642048
102.29535030351194,0.4059205190592052,0.7408246488445854
102.29593300949456,0.4059205190592052,0.741051200724966
102.3079711193952,0.40632603406326034,0.741051200724966
102.31989104495982,0.4067315490673155,0.741051200724966
102.34156309140769,0.4067315490673155,0.7412777526053467
102.3513223332528,0.4067315490673155,0.7415043044857272
102.35937300101956,0.4067315490673155,0.7417308563661078
102.36167765575777,0.4067315490673155,0.7419574082464885
102.36837448015547,0.4071370640713706,0.7419574082464885
102.36991142612573,0.4071370640713706,0.742183960126869
102.37494349700188,0.4071370640713706,0.7424105120072496
102.37715713331255,0.4071370640713706,0.7426370638876303
102.37740149047343,0.4075425790754258,0.7426370638876303
102.38008556353032,0.40794809407948096,0.7426370638876303
102.39245311725628,0.40794809407948096,0.7428636157680109
102.39638454995448,0.40794809407948096,0.7430901676483915
102.41141306972156,0.4083536090835361,0.7430901676483915
102.41573710217452,0.4083536090835361,0.7433167195287721
102.42530113273338,0.4083536090835361,0.7435432714091527
102.44755050298473,0.4083536090835361,0.7437698232895333
102.44906578910184,0.4083536090835361,0.7439963751699139
102.45045119026727,0.4083536090835361,0.7442229270502945
102.45847603011946,0.4083536090835361,0.7444494789306751
102.46124896937764,0.40875912408759124,0.7444494789306751
102.46162154984047,0.40875912408759124,0.7446760308110557
102.48625252122277,0.4091646390916464,0.7446760308110557
102.49030833039204,0.4095701540957015,0.7446760308110557
102.49418493247768,0.4095701540957015,0.7449025826914364
102.502247887236,0.4099756690997567,0.7449025826914364
102.5114581963468,0.4099756690997567,0.745129134571817
102.51662037652737,0.41038118410381186,0.745129134571817
102.52237431060267,0.41038118410381186,0.7453556864521975
102.53032336694447,0.41038118410381186,0.7455822383325782
102.53672690056554,0.41078669910786697,0.7455822383325782
102.54074572155194,0.41078669910786697,0.7458087902129588
102.5466464258742,0.41078669910786697,0.7460353420933393
102.56856585579416,0.41078669910786697,0.74626189397372
102.56998171177977,0.41078669910786697,0.7464884458541006
102.58282606056646,0.41119221411192214,0.7464884458541006
102.58453165151633,0.4115977291159773,0.7464884458541006
102.58680667871523,0.4120032441200324,0.7464884458541006
102.59156571213819,0.4120032441200324,0.7467149977344812
102.59790548463428,0.4124087591240876,0.7467149977344812
102.6223477939327,0.4124087591240876,0.7469415496148618
102.62645135245891,0.41281427412814276,0.7469415496148618
102.63157172749807,0.41281427412814276,0.7471681014952424
102.6344239455964,0.41321978913219787,0.7471681014952424
102.63660685651935,0.41321978913219787,0.747394653375623
102.65085053092814,0.41321978913219787,0.7476212052560036
102.65331146710585,0.41321978913219787,0.7478477571363842
102.65440409855806,0.41321978913219787,0.7480743090167649
102.66171403884383,0.41362530413625304,0.7480743090167649
102.66590511985908,0.41362530413625304,0.7483008608971454
102.67042336989019,0.41362530413625304,0.7485274127775261
102.67986643970725,0.41362530413625304,0.7487539646579067
102.67999383779356,0.41362530413625304,0.7489805165382872
102.69564853265211,0.41362530413625304,0.7492070684186679
102.69652939860845,0.41362530413625304,0.7494336202990485
102.70741707054664,0.4140308191403082,0.7494336202990485
102.71014916709645,0.4140308191403082,0.749660172179429
102.71107877116994,0.4140308191403082,0.7498867240598097
102.71949368373683,0.4140308191403082,0.7501132759401903
102.73893773931232,0.4144363341443633,0.7501132759401903
102.75045278066207,0.4144363341443633,0.750339827820571
102.7654365704899,0.4148418491484185,0.750339827820571
102.76736657653451,0.4148418491484185,0.7505663797009515
102.7711718294818,0.4148418491484185,0.7507929315813321
102.77316137541308,0.41524736415247365,0.7507929315813321
102.7772053246095,0.41524736415247365,0.7510194834617128
102.78458268118261,0.41524736415247365,0.7512460353420933
102.80247900240175,0.41565287915652877,0.7512460353420933
102.80306313481677,0.41565287915652877,0.7514725872224739
102.8042087208444,0.41565287915652877,0.7516991391028546
102.80966506283886,0.41565287915652877,0.7521522428636158
102.81312437002357,0.41605839416058393,0.7521522428636158
102.83249394942439,0.41605839416058393,0.7523787947439964
102.83469062177265,0.41605839416058393,0.752605346624377
102.84173992083171,0.4164639091646391,0.752605346624377
102.85339175237613,0.41686942416869427,0.752605346624377
102.85782903967147,0.41686942416869427,0.7528318985047576
102.87149665188265,0.41686942416869427,0.7530584503851382
102.8755775875827,0.4172749391727494,0.7530584503851382
102.87616331966184,0.41768045417680455,0.7530584503851382
102.87926705601015,0.4180859691808597,0.7530584503851382
102.8955096855168,0.4180859691808597,0.7532850022655188
102.89833227496327,0.4180859691808597,0.7535115541458994
102.90341334170309,0.4180859691808597,0.75373810602628
102.9111652769095,0.4180859691808597,0.7539646579066607
102.92946780354889,0.4180859691808597,0.7541912097870412
102.93321263545369,0.4180859691808597,0.7544177616674218
102.93740443494583,0.4180859691808597,0.7546443135478025
102.94219836017795,0.41849148418491483,0.7546443135478025
102.9439125233908,0.41849148418491483,0.754870865428183
102.94400366579698,0.41849148418491483,0.7550974173085636
102.94423973198954,0.41889699918897,0.7550974173085636
102.94633329150184,0.41889699918897,0.7553239691889443
102.94734649519398,0.41930251419302517,0.7553239691889443
102.96626012827045,0.41930251419302517,0.7555505210693249
102.96793705428662,0.41930251419302517,0.7557770729497055
102.96831719207736,0.4197080291970803,0.7557770729497055
102.96998393579929,0.4197080291970803,0.7560036248300861
102.97277161251606,0.42011354420113545,0.7560036248300861
102.97306999798303,0.42011354420113545,0.7562301767104667
102.98749968493318,0.4205190592051906,0.7562301767104667
102.98898051612288,0.4205190592051906,0.7564567285908473
102.9966931869865,0.4205190592051906,0.7566832804712279
102.9970747059146,0.4205190592051906,0.7569098323516085
103.0226129193343,0.4205190592051906,0.7571363842319891
103.0445159884538,0.4205190592051906,0.7573629361123697
103.05305947594174,0.4209245742092457,0.7573629361123697
103.05967313810628,0.4213300892133009,0.7573629361123697
103.06089940389715,0.4213300892133009,0.7575894879927504
103.07219634383445,0.4213300892133009,0.757816039873131
103.07540281076874,0.4213300892133009,0.7580425917535115
103.08207914577861,0.4213300892133009,0.7582691436338922
103.08213314370138,0.42173560421735606,0.7582691436338922
103.08535285128296,0.42173560421735606,0.7584956955142728
103.08662175178381,0.4221411192214112,0.7584956955142728
103.09044129359947,0.4221411192214112,0.7587222473946533
103.09445089464171,0.42254663422546634,0.7587222473946533
103.09714926412126,0.4229521492295215,0.7587222473946533
103.09967368610053,0.4229521492295215,0.758948799275034
103.10009596912207,0.4229521492295215,0.7591753511554146
103.10202365741128,0.4229521492295215,0.7594019030357952
103.10423994359115,0.4229521492295215,0.7596284549161758
103.11453748448962,0.4233576642335766,0.7596284549161758
103.11477704506446,0.4237631792376318,0.7596284549161758
103.11537641804321,0.4237631792376318,0.7598550067965564
103.12008573763624,0.42416869424168696,0.7598550067965564
103.12028072704344,0.4245742092457421,0.7598550067965564
103.12448321576672,0.4245742092457421,0.760081558676937
103.12641852613707,0.42497972424979724,0.760081558676937
103.12785817285847,0.4253852392538524,0.760081558676937
103.13862727149073,0.4253852392538524,0.7603081105573176
103.14059722751082,0.4257907542579075,0.7603081105573176
103.1434301601264,0.4257907542579075,0.7605346624376982
103.15082366097246,0.4261962692619627,0.7605346624376982
103.15988013759306,0.4261962692619627,0.7607612143180789
103.16850669337174,0.4261962692619627,0.7609877661984594
103.17016844036934,0.42660178426601786,0.7609877661984594
103.1788563372556,0.42660178426601786,0.7612143180788401
103.18099624899065,0.42700729927007297,0.7612143180788401
103.19203573216859,0.42700729927007297,0.7614408699592207
103.1926443678468,0.42741281427412814,0.7614408699592207
103.20835234854184,0.42741281427412814,0.7616674218396012
103.21423865216747,0.42741281427412814,0.7618939737199819
103.21878830134656,0.42741281427412814,0.7621205256003625
103.22118808874036,0.42741281427412814,0.762347077480743
103.22296279312427,0.42741281427412814,0.7625736293611237
103.23593734759324,0.4278183292781833,0.7625736293611237
103.25765327649577,0.4278183292781833,0.7628001812415043
103.25874723230702,0.4278183292781833,0.763026733121885
103.26622243837178,0.4278183292781833,0.7632532850022655
103.26651859040973,0.4278183292781833,0.7634798368826461
103.27983678354602,0.4278183292781833,0.7637063887630268
103.28496574786169,0.4278183292781833,0.7639329406434073
103.28828671194066,0.4278183292781833,0.7641594925237879
103.29526875637761,0.4282238442822384,0.7641594925237879
103.3012656784546,0.4282238442822384,0.7643860444041686
103.31575144188366,0.4282238442822384,0.7646125962845491
103.31842191312789,0.4282238442822384,0.7648391481649298
103.32407947313335,0.4282238442822384,0.765292251925691
103.32464987980785,0.4282238442822384,0.7655188038060716
103.32635918052831,0.4282238442822384,0.7657453556864522
103.33028826056248,0.4286293592862936,0.7657453556864522
103.33519240755899,0.4286293592862936,0.7659719075668328
103.33599358563507,0.4286293592862936,0.7661984594472134
103.34111916510501,0.42903487429034876,0.7661984594472134
103.35110293508217,0.42944038929440387,0.7661984594472134
103.35742952481081,0.42944038929440387,0.766425011327594
103.36014615657132,0.42984590429845904,0.766425011327594
103.3676898761191,0.42984590429845904,0.7666515632079747
103.38063068302439,0.42984590429845904,0.7668781150883552
103.38139453583236,0.42984590429845904,0.7671046669687358
103.38481768480787,0.42984590429845904,0.7673312188491165
103.38605972000971,0.42984590429845904,0.767557770729497
103.38769006426912,0.42984590429845904,0.7677843226098776
103.38785221210534,0.4302514193025142,0.7677843226098776
103.39329148118067,0.4306569343065693,0.7677843226098776
103.40113024002456,0.4306569343065693,0.7680108744902583
103.40271605297384,0.4306569343065693,0.7682374263706389
103.40837304957265,0.4306569343065693,0.7684639782510195
103.41546935063457,0.4310624493106245,0.7684639782510195
103.4192714142027,0.43146796431467965,0.7684639782510195
103.42068866042048,0.43146796431467965,0.7686905301314001
103.43006163495212,0.4318734793187348,0.7686905301314001
103.43371772582466,0.43227899432278993,0.7686905301314001
103.43756013315986,0.4326845093268451,0.7686905301314001
103.44418979917171,0.4326845093268451,0.7689170820117807
103.44483458671341,0.4326845093268451,0.7691436338921613
103.45334300617012,0.4326845093268451,0.7693701857725419
103.4580949938179,0.43309002433090027,0.7693701857725419
103.46579422129763,0.4334955393349554,0.7693701857725419
103.46597395212247,0.43390105433901055,0.7693701857725419
103.47115486723884,0.43390105433901055,0.7695967376529225
103.47398194765978,0.43390105433901055,0.7698232895333031
103.47878556969701,0.43390105433901055,0.7700498414136837
103.48052103374334,0.4343065693430657,0.7700498414136837
103.4941466526474,0.4343065693430657,0.7702763932940644
103.4985904031915,0.4343065693430657,0.770502945174445
103.50740893485334,0.43471208434712083,0.770502945174445
103.50906602869284,0.435117599351176,0.770502945174445
103.51860771950166,0.43552311435523117,0.770502945174445
103.52816863796308,0.43552311435523117,0.7707294970548255
103.52935916325886,0.43552311435523117,0.7709560489352062
103.53357408862911,0.4359286293592863,0.7709560489352062
103.54030315399788,0.4359286293592863,0.7711826008155868
103.55120375074432,0.4359286293592863,0.7714091526959673
103.55151864969419,0.43633414436334145,0.7714091526959673
103.56813168022357,0.43633414436334145,0.771635704576348
103.5686108406692,0.43633414436334145,0.7718622564567286
103.5697605558836,0.43633414436334145,0.7720888083371092
103.56987609125324,0.43633414436334145,0.7723153602174898
103.57653739126312,0.43633414436334145,0.7725419120978704
103.58419648499576,0.43633414436334145,0.772768463978251
103.59283115704395,0.43633414436334145,0.7729950158586316
103.59311237487553,0.4367396593673966,0.7729950158586316
103.59429914303358,0.4367396593673966,0.7732215677390122
103.62443230013733,0.43714517437145173,0.7732215677390122
103.64067177336571,0.4375506893755069,0.7732215677390122
103.64289607610242,0.4375506893755069,0.7734481196193929
103.64408672298393,0.4375506893755069,0.7736746714997734
103.65871228807288,0.4375506893755069,0.7739012233801541
103.6600375091915,0.43795620437956206,0.7739012233801541
103.66916356867137,0.4383617193836172,0.7739012233801541
103.67354447698264,0.43876723438767234,0.7739012233801541
103.67380896382761,0.4391727493917275,0.7739012233801541
103.67808671151738,0.4395782643957826,0.7739012233801541
103.68216845941551,0.4399837793998378,0.7739012233801541
103.69059502168805,0.44038929440389296,0.7739012233801541
103.69166030591566,0.4407948094079481,0.7739012233801541
103.69495756780775,0.44120032441200324,0.7739012233801541
103.7006935496042,0.44120032441200324,0.7741277752605347
103.70126689496242,0.4416058394160584,0.7741277752605347
103.70569978601303,0.4416058394160584,0.7743543271409152
103.71218484085668,0.4420113544201135,0.7743543271409152
103.71501899893798,0.4424168694241687,0.7743543271409152
103.72631080561149,0.4424168694241687,0.7748074309016765
103.74027415669103,0.44282238442822386,0.7748074309016765
103.74086905416861,0.44282238442822386,0.775033982782057
103.74284169076643,0.44282238442822386,0.7752605346624377
103.7478085577595,0.44322789943227897,0.7752605346624377
103.74834870236657,0.44363341443633414,0.7752605346624377
103.74922304907838,0.4440389294403893,0.7752605346624377
103.74923112809542,0.4440389294403893,0.775713638423199
103.751108885604,0.4440389294403893,0.7759401903035795
103.75312518306878,0.4444444444444444,0.7759401903035795
103.77003207293299,0.4444444444444444,0.7761667421839601
103.77224085859791,0.4444444444444444,0.7763932940643408
103.77456254306591,0.4444444444444444,0.7766198459447213
103.77887739969474,0.4444444444444444,0.7768463978251019
103.7810690678809,0.4448499594484996,0.7768463978251019
103.7814338662608,0.44525547445255476,0.7768463978251019
103.78450323398647,0.44525547445255476,0.7770729497054826
103.79454113644596,0.44525547445255476,0.7772995015858631
103.7950321960093,0.44566098945660987,0.7772995015858631
103.79560545335632,0.44566098945660987,0.7775260534662438
103.80041597301772,0.44606650446066504,0.7775260534662438
103.8015731997281,0.4464720194647202,0.7775260534662438
103.80244187697095,0.4468775344687753,0.7775260534662438
103.8177970104137,0.4472830494728305,0.7775260534662438
103.82897510429291,0.4472830494728305,0.7777526053466244
103.82906590966242,0.4472830494728305,0.777979157227005
103.83243935011842,0.4472830494728305,0.7782057091073856
103.83410228754758,0.4472830494728305,0.7784322609877662
103.84104364525025,0.4472830494728305,0.7786588128681468
103.8491633487922,0.44768856447688565,0.7786588128681468
103.88070824513511,0.44768856447688565,0.7788853647485274
103.88874997555226,0.44768856447688565,0.779111916628908
103.89706314653085,0.4480940794809408,0.779111916628908
103.89726094094073,0.4480940794809408,0.7793384685092887
103.89786548633268,0.4480940794809408,0.7795650203896692
103.91176778034311,0.44849959448499593,0.7795650203896692
103.9120090853739,0.44849959448499593,0.7797915722700498
103.92441790507414,0.4489051094890511,0.7797915722700498
103.92711070617189,0.4489051094890511,0.7800181241504305
103.93492145306399,0.44931062449310627,0.7800181241504305
103.93692179192412,0.4497161394971614,0.7800181241504305
103.94755950047013,0.4497161394971614,0.780244676030811
103.95048821270889,0.4497161394971614,0.7804712279111916
103.95488457611884,0.4497161394971614,0.7806977797915723
103.95682984431727,0.45012165450121655,0.7806977797915723
103.96512440576097,0.45012165450121655,0.7809243316719529
103.97375279126696,0.45012165450121655,0.7811508835523335
103.97479194390158,0.4505271695052717,0.7811508835523335
103.97915014962439,0.4505271695052717,0.7813774354327141
103.98525928779335,0.45093268450932683,0.7813774354327141
103.98600672190324,0.451338199513382,0.7813774354327141
103.99133146895582,0.451338199513382,0.7816039873130947
103.99217525194098,0.451338199513382,0.7818305391934753
103.99239701357742,0.45174371451743717,0.7818305391934753
103.99525615257207,0.4521492295214923,0.7818305391934753
103.99718944891376,0.45255474452554745,0.7818305391934753
104.0094642509043,0.4529602595296026,0.7818305391934753
104.01155326414163,0.45336577453365773,0.7818305391934753
104.02885159073655,0.4537712895377129,0.7818305391934753
104.03217853315196,0.4537712895377129,0.7820570910738559
104.03420712239948,0.4537712895377129,0.7822836429542365
104.04017658705531,0.4537712895377129,0.7825101948346171
104.04755366599838,0.45417680454176806,0.7825101948346171
104.05067201285658,0.45417680454176806,0.7827367467149977
104.05117099741483,0.4545823195458232,0.7827367467149977
104.05312949401323,0.4545823195458232,0.7829632985953784
104.06606410997631,0.45498783454987834,0.7829632985953784
104.0669471849183,0.45498783454987834,0.783189850475759
104.07451822683662,0.45498783454987834,0.7834164023561395
104.07813209217164,0.45498783454987834,0.7836429542365202
104.0830316393165,0.45498783454987834,0.7838695061169008
104.09117588193088,0.45498783454987834,0.7840960579972813
104.09120067556499,0.4553933495539335,0.7840960579972813
104.0951215443642,0.4553933495539335,0.7845491617580426
104.10264647804684,0.4553933495539335,0.7847757136384232
104.10845175393204,0.4553933495539335,0.7850022655188038
104.1128944515215,0.4553933495539335,0.7852288173991844
104.11821587388646,0.4553933495539335,0.785455369279565
104.12511324366623,0.4557988645579886,0.785455369279565
104.12652048286128,0.4562043795620438,0.785455369279565
104.12767871186861,0.45660989456609896,0.785455369279565
104.13034967349294,0.4570154095701541,0.785455369279565
104.1311515171958,0.4570154095701541,0.7856819211599456
104.13350118444191,0.4570154095701541,0.7859084730403262
104.14016507465544,0.45742092457420924,0.7859084730403262
104.14073335874879,0.4578264395782644,0.7859084730403262
104.14425508140562,0.4582319545823195,0.7859084730403262
104.14898834874907,0.4586374695863747,0.7859084730403262
104.15788873267081,0.45904298459042986,0.7859084730403262
104.16110964971968,0.45904298459042986,0.7861350249207069
104.17261295568804,0.45944849959448497,0.7861350249207069
104.17861163118666,0.45944849959448497,0.7863615768010874
104.179610762247,0.45944849959448497,0.7865881286814681
104.18152032158173,0.45944849959448497,0.7868146805618487
104.20598702531493,0.45944849959448497,0.7870412324422292
104.21441894947561,0.45944849959448497,0.7872677843226099
104.22475620419479,0.45985401459854014,0.7872677843226099
104.23041747689741,0.4602595296025953,0.7872677843226099
104.23110227319887,0.4602595296025953,0.7874943362029905
104.23619268577836,0.4602595296025953,0.787720888083371
104.23744503372076,0.4602595296025953,0.7879474399637517
104.24661609833706,0.4606650446066504,0.7879474399637517
104.25315123508868,0.4606650446066504,0.7881739918441323
104.25438541273851,0.4610705596107056,0.7881739918441323
104.25450228652883,0.4610705596107056,0.788400543724513
104.26677536806051,0.4610705596107056,0.7886270956048935
104.26938524945393,0.46147607461476076,0.7886270956048935
104.27008713506274,0.46147607461476076,0.7888536474852741
104.27886105985363,0.46147607461476076,0.7890801993656548
104.2816412789375,0.46147607461476076,0.7893067512460353
104.28207170142565,0.46147607461476076,0.7895333031264159
104.28906184860988,0.46147607461476076,0.7897598550067966
104.29014222046649,0.46147607461476076,0.7899864068871771
104.30291622942119,0.46188158961881587,0.7899864068871771
104.30515537233424,0.46228710462287104,0.7899864068871771
104.30783493676911,0.46228710462287104,0.7902129587675578
104.30986196947221,0.46228710462287104,0.7904395106479384
104.31636699189362,0.4626926196269262,0.7904395106479384
104.32311067735006,0.4630981346309814,0.7904395106479384
104.34905963433985,0.4630981346309814,0.790666062528319
104.35099154563434,0.4630981346309814,0.7908926144086996
104.35722646239375,0.4635036496350365,0.7908926144086996
104.38009042294588,0.46390916463909165,0.7908926144086996
104.38510763403548,0.46390916463909165,0.7911191662890802
104.385434703622,0.46390916463909165,0.7913457181694608
104.39116409292494,0.46390916463909165,0.7915722700498414
104.39255628232011,0.4643146796431468,0.7915722700498414
104.39522558034892,0.4643146796431468,0.791798821930222
104.40284159747,0.4643146796431468,0.7920253738106027
104.40936079263693,0.4643146796431468,0.7922519256909832
104.41716850731743,0.4643146796431468,0.7924784775713638
104.42149072169761,0.46472019464720193,0.7924784775713638
104.43202908434553,0.46472019464720193,0.7927050294517445
104.43535343502938,0.46472019464720193,0.792931581332125
104.4358956905656,0.4651257096512571,0.792931581332125
104.43763485800619,0.4651257096512571,0.7931581332125056
104.44696645192624,0.46553122465531227,0.7931581332125056
104.45072500009395,0.4659367396593674,0.7931581332125056
104.45470898117061,0.4659367396593674,0.7933846850928863
104.46266098703562,0.4659367396593674,0.7936112369732669
104.47391533479492,0.4659367396593674,0.7938377888536475
104.49557104283085,0.4659367396593674,0.7940643407340281
104.49636658631817,0.46634225466342255,0.7940643407340281
104.50252179194905,0.46634225466342255,0.7945174444947893
104.50548818112827,0.46634225466342255,0.7947439963751699
104.52091734320105,0.4667477696674777,0.7947439963751699
104.52603289643264,0.46715328467153283,0.7947439963751699
104.5260757088156,0.46715328467153283,0.7949705482555505
104.52877195907726,0.46715328467153283,0.7951971001359311
104.5313752799622,0.46715328467153283,0.7954236520163117
104.5316202698949,0.46715328467153283,0.7956502038966924
104.53819414312993,0.467558799675588,0.7956502038966924
104.5399056021148,0.467558799675588,0.795876755777073
104.55107266157714,0.467558799675588,0.7961033076574535
104.56394589017135,0.46796431467964317,0.7961033076574535
104.56670303741626,0.4683698296836983,0.7961033076574535
104.5673747370327,0.46877534468775345,0.7961033076574535
104.57542940002287,0.4691808596918086,0.7961033076574535
104.59295047351296,0.4691808596918086,0.7963298595378342
104.5967569401659,0.46958637469586373,0.7963298595378342
104.59678976792239,0.46958637469586373,0.7965564114182148
104.61034182102478,0.4699918896999189,0.7965564114182148
104.61208853072249,0.4699918896999189,0.7967829632985953
104.6151516585918,0.4699918896999189,0.797009515178976
104.62173163317803,0.47039740470397406,0.797009515178976
104.62702662925531,0.47039740470397406,0.7972360670593566
104.63892104483553,0.47039740470397406,0.7974626189397372
104.64456807515971,0.4708029197080292,0.7974626189397372
104.64925750785729,0.47120843471208435,0.7974626189397372
104.65852189242561,0.4716139497161395,0.7974626189397372
104.66859258901734,0.4720194647201946,0.7974626189397372
104.66959105297795,0.4724249797242498,0.7974626189397372
104.68123094766473,0.4724249797242498,0.7976891708201178
104.68612486677809,0.4724249797242498,0.7979157227004984
104.69262246835086,0.47283049472830496,0.7979157227004984
104.70161789156845,0.47283049472830496,0.798142274580879
104.7025722963139,0.47283049472830496,0.7983688264612596
104.70274093565297,0.4732360097323601,0.7983688264612596
104.70515791795246,0.47364152473641524,0.7983688264612596
104.71052741327793,0.47364152473641524,0.7985953783416402
104.7185602491897,0.47364152473641524,0.7988219302220209
104.72236165341307,0.47364152473641524,0.7990484821024014
104.7227733585384,0.4740470397404704,0.7990484821024014
104.72787114241888,0.4740470397404704,0.7992750339827821
104.73072981351599,0.4740470397404704,0.7995015858631627
104.73159047973844,0.4744525547445255,0.7995015858631627
104.73299099406492,0.4744525547445255,0.7997281377435432
104.73316992924676,0.4744525547445255,0.7999546896239239
104.73914270615855,0.4744525547445255,0.8001812415043045
104.75327897821668,0.4744525547445255,0.800407793384685
104.75413527474372,0.4744525547445255,0.8006343452650657
104.7612837138812,0.4744525547445255,0.8008608971454463
104.76427627167749,0.4748580697485807,0.8008608971454463
104.77296750622466,0.47526358475263586,0.8008608971454463
104.77350046846048,0.47526358475263586,0.801087449025827
104.77598553183158,0.47526358475263586,0.8013140009062075
104.7923769301594,0.47526358475263586,0.8015405527865881
104.79562563708276,0.47566909975669097,0.8015405527865881
104.7975005928502,0.47607461476074614,0.8015405527865881
104.80557620535406,0.47607461476074614,0.8017671046669688
104.80999072299699,0.47607461476074614,0.8019936565473493
104.81772656113988,0.47607461476074614,0.8022202084277299
104.81864834610964,0.47607461476074614,0.8024467603081106
104.82163781497816,0.4764801297648013,0.8024467603081106
104.82450266602741,0.4764801297648013,0.8026733121884911
104.83216828380165,0.4764801297648013,0.8028998640688718
104.8438838291153,0.4764801297648013,0.8031264159492524
104.84509912652068,0.4764801297648013,0.803352967829633
104.8459954815016,0.4768856447688564,0.803352967829633
104.85694092400404,0.4768856447688564,0.8035795197100136
104.8698483579499,0.4768856447688564,0.8038060715903942
104.88642634414593,0.4768856447688564,0.8040326234707748
104.88748063794644,0.4772911597729116,0.8040326234707748
104.89430926108733,0.47769667477696676,0.8040326234707748
104.89559409006193,0.4781021897810219,0.8040326234707748
104.89634960554343,0.4781021897810219,0.8042591753511554
104.90093463014841,0.47850770478507704,0.8042591753511554
104.90164116503057,0.47850770478507704,0.804485727231536
104.91050983994995,0.47850770478507704,0.8047122791119167
104.9122634920488,0.47850770478507704,0.8049388309922972
104.91497398886055,0.47850770478507704,0.8051653828726778
104.91970040071475,0.47850770478507704,0.8053919347530585
104.91988202411756,0.47850770478507704,0.805618486633439
104.93898567673817,0.47850770478507704,0.8058450385138196
104.9446409564818,0.47850770478507704,0.8060715903942003
104.9505869240705,0.4789132197891322,0.8060715903942003
104.95482616835703,0.4793187347931874,0.8060715903942003
104.96433987931087,0.4793187347931874,0.8062981422745809
104.96445558445367,0.4793187347931874,0.8065246941549615
104.96722425744736,0.4793187347931874,0.8067512460353421
104.97292406114775,0.4793187347931874,0.8069777979157227
104.97435389933182,0.4793187347931874,0.8072043497961033
104.97708625069197,0.4797242497972425,0.8072043497961033
104.97886427489287,0.4797242497972425,0.8074309016764839
104.98118907627583,0.4797242497972425,0.8076574535568645
104.98523926285142,0.4797242497972425,0.8078840054372451
104.98785520980181,0.48012976480129765,0.8078840054372451
104.98962012138219,0.48012976480129765,0.8081105573176257
105.0021610879588,0.4805352798053528,0.8081105573176257
105.00654322696246,0.48094079480940793,0.8081105573176257
105.00661387060813,0.48094079480940793,0.8083371091980064
105.01900141660138,0.48094079480940793,0.808563661078387
105.02624971597284,0.4813463098134631,0.808563661078387
105.02877576975234,0.4813463098134631,0.8087902129587675
105.03136622366728,0.4813463098134631,0.8090167648391482
105.05870099228187,0.48175182481751827,0.8090167648391482
105.06270555667533,0.48175182481751827,0.8092433167195288
105.0687613993637,0.4821573398215734,0.8092433167195288
105.07537968156471,0.4821573398215734,0.8094698685999093
105.08226052611478,0.48256285482562855,0.8094698685999093
105.08241207649658,0.48256285482562855,0.80969642048029
105.09171345647628,0.48256285482562855,0.8099229723606706
105.09450961008729,0.48256285482562855,0.8101495242410512
105.09788413044319,0.4829683698296837,0.8101495242410512
105.09977362629402,0.4829683698296837,0.8103760761214318
105.10205409846323,0.4829683698296837,0.8106026280018124
105.10265966754027,0.4829683698296837,0.810829179882193
105.103161815785,0.48337388483373883,0.810829179882193
105.10447844532176,0.483779399837794,0.810829179882193
105.11470319107418,0.48418491484184917,0.810829179882193
105.11593679489314,0.48418491484184917,0.8110557317625736
105.12575854179921,0.4845904298459043,0.8110557317625736
105.13049572714118,0.48499594484995945,0.8110557317625736
105.13227212393379,0.4854014598540146,0.8110557317625736
105.13612199557834,0.48580697485806973,0.8110557317625736
105.14607980699432,0.4862124898621249,0.8110557317625736
105.15102602660855,0.4862124898621249,0.8112822836429542
105.15661942022365,0.4862124898621249,0.8115088355233349
105.15881832251657,0.4862124898621249,0.8117353874037154
105.16154881208601,0.48661800486618007,0.8117353874037154
105.16156412327355,0.4870235198702352,0.8117353874037154
105.16891705920095,0.4870235198702352,0.8119619392840961
105.17190241863479,0.48742903487429035,0.8119619392840961
105.17685581739265,0.4878345498783455,0.8119619392840961
105.18459346742162,0.4882400648824006,0.8119619392840961
105.19009616850374,0.4882400648824006,0.8121884911644767
105.19360293513589,0.4886455798864558,0.8121884911644767
105.21438822132876,0.4886455798864558,0.8124150430448572
105.214945749448,0.48905109489051096,0.8124150430448572
105.21874759150712,0.4894566098945661,0.8124150430448572
105.22360093947852,0.48986212489862124,0.8124150430448572
105.23708826476062,0.48986212489862124,0.8126415949252379
105.24427322859654,0.48986212489862124,0.8128681468056185
105.25258313831803,0.48986212489862124,0.813094698685999
105.25299840428814,0.48986212489862124,0.8133212505663797
105.26418567222257,0.4902676399026764,0.8133212505663797
105.27500196923646,0.4902676399026764,0.8135478024467603
105.2880223681743,0.4902676399026764,0.813774354327141
105.28933488890391,0.4906731549067315,0.813774354327141
105.29943015923304,0.4906731549067315,0.8140009062075215
105.2997223537105,0.4906731549067315,0.8142274580879021
105.30036385072648,0.4906731549067315,0.8144540099682828
105.30476292181716,0.4910786699107867,0.8144540099682828
105.30592388635591,0.4910786699107867,0.8146805618486633
105.30658603749707,0.49148418491484186,0.8146805618486633
105.30676335334785,0.49188969991889697,0.8146805618486633
105.31068685619549,0.49188969991889697,0.8149071137290439
105.31662757287918,0.49188969991889697,0.8151336656094246
105.31888985173856,0.49188969991889697,0.8153602174898051
105.32030836458142,0.49229521492295214,0.8153602174898051
105.3221426875755,0.49229521492295214,0.8155867693701858
105.32478662447328,0.49229521492295214,0.8158133212505664
105.33002293267324,0.49229521492295214,0.816039873130947
105.33855862295518,0.49229521492295214,0.8162664250113276
105.34155274274,0.49229521492295214,0.8164929768917082
105.35220975109355,0.49229521492295214,0.8167195287720888
105.3762991205426,0.4927007299270073,0.8167195287720888
105.38114676372888,0.4927007299270073,0.8169460806524694
105.38162631410842,0.4927007299270073,0.81717263253285
105.38178280154418,0.4927007299270073,0.8173991844132307
105.38638621256307,0.4931062449310625,0.8173991844132307
105.40035615186393,0.4931062449310625,0.8176257362936112
105.40142588129375,0.4931062449310625,0.8178522881739918
105.40471877748618,0.4931062449310625,0.8180788400543725
105.40493671178668,0.4931062449310625,0.818305391934753
105.40688426032405,0.4935117599351176,0.818305391934753
105.40723115327023,0.4935117599351176,0.8185319438151336
105.40912676994527,0.49391727493917276,0.8185319438151336
105.40974596259683,0.49391727493917276,0.8187584956955143
105.41571287975222,0.49391727493917276,0.8189850475758949
105.41642210477006,0.49391727493917276,0.8192115994562755
105.42757377426801,0.49391727493917276,0.8194381513366561
105.42837906520255,0.4943227899432279,0.8194381513366561
105.4324401766187,0.4943227899432279,0.8196647032170367
105.43827092527054,0.49472830494728304,0.8196647032170367
105.445365966175,0.49472830494728304,0.8198912550974173
105.44871535539238,0.4951338199513382,0.8198912550974173
105.45238058062279,0.4955393349553934,0.8198912550974173
105.45495273801619,0.4955393349553934,0.8201178069777979
105.4621923313309,0.4955393349553934,0.8203443588581785
105.4659421044333,0.4955393349553934,0.8205709107385591
105.47264995920844,0.4955393349553934,0.8207974626189397
105.4803083684421,0.4955393349553934,0.8210240144993204
105.48357492573308,0.4959448499594485,0.8210240144993204
105.48487798867367,0.4959448499594485,0.821250566379701
105.4876634062944,0.4959448499594485,0.8214771182600815
105.48930087059964,0.4959448499594485,0.8217036701404622
105.4912229234548,0.4959448499594485,0.8219302220208428
105.49560397955511,0.4959448499594485,0.8221567739012233
105.5002879920129,0.4959448499594485,0.822383325781604
105.50215929153497,0.4959448499594485,0.8226098776619846
105.50489452236185,0.49635036496350365,0.8226098776619846
105.50686735260774,0.49635036496350365,0.8228364295423652
105.51483394014512,0.4967558799675588,0.8228364295423652
105.51740963786078,0.4967558799675588,0.8230629814227458
105.52171989150503,0.49716139497161393,0.8230629814227458
105.52603110536,0.49716139497161393,0.8232895333031264
105.53170907506205,0.49716139497161393,0.823516085183507
105.53272535671562,0.49716139497161393,0.8237426370638876
105.54123918299636,0.4975669099756691,0.8237426370638876
105.54669142216106,0.4975669099756691,0.8239691889442682
105.54984646056465,0.49797242497972427,0.8239691889442682
105.55129420588602,0.4983779399837794,0.8239691889442682
105.55410166094113,0.4983779399837794,0.8241957408246489
105.55930130608043,0.4983779399837794,0.8244222927050294
105.5769608108814,0.49878345498783455,0.8244222927050294
105.58519209351313,0.4991889699918897,0.8244222927050294
105.58730718626455,0.49959448499594483,0.8244222927050294
105.58882487666077,0.49959448499594483,0.8246488445854101
105.58893719359995,0.5,0.8246488445854101
105.59124258196864,0.5,0.8248753964657907
105.59440579763493,0.5,0.8251019483461712
105.5951821632694,0.5004055150040552,0.8251019483461712
105.59808044548664,0.5004055150040552,0.8253285002265519
105.6080058909687,0.5004055150040552,0.8255550521069325
105.63212455528762,0.5008110300081103,0.8255550521069325
105.64320535381273,0.5008110300081103,0.825781603987313
105.64677604194827,0.5012165450121655,0.825781603987313
105.65261893411909,0.5012165450121655,0.8260081558676937
105.65910622147479,0.5012165450121655,0.8262347077480743
105.67279801716973,0.5012165450121655,0.826461259628455
105.6810100674561,0.5016220600162206,0.826461259628455
105.68213495477677,0.5016220600162206,0.8266878115088355
105.682983138405,0.5020275750202757,0.8266878115088355
105.69327819703227,0.5024330900243309,0.8266878115088355
105.69625163696195,0.5024330900243309,0.8269143633892161
105.69682365695681,0.5028386050283861,0.8269143633892161
105.70349577163009,0.5028386050283861,0.8271409152695968
105.71335376612684,0.5028386050283861,0.8273674671499773
105.71657100237974,0.5028386050283861,0.8275940190303579
105.71787325454132,0.5032441200324412,0.8275940190303579
105.7377640213832,0.5036496350364964,0.8275940190303579
105.73786409614809,0.5036496350364964,0.8278205709107386
105.74282589219999,0.5040551500405515,0.8278205709107386
105.74424505119741,0.5040551500405515,0.8280471227911191
105.74494426652629,0.5040551500405515,0.8282736746714998
105.7531275862886,0.5040551500405515,0.8285002265518804
105.75454288283767,0.5044606650446066,0.8285002265518804
105.75518548581222,0.5044606650446066,0.828726778432261
105.76182577034659,0.5048661800486618,0.828726778432261
105.76207948333948,0.5048661800486618,0.8289533303126416
105.76240769180957,0.5048661800486618,0.8291798821930222
105.76360195984687,0.5048661800486618,0.8294064340734028
105.76661126750847,0.5048661800486618,0.8296329859537834
105.76917813760305,0.5048661800486618,0.829859537834164
105.7692403135472,0.505271695052717,0.829859537834164
105.76955832287844,0.505271695052717,0.8300860897145447
105.77163912597929,0.5056772100567721,0.8300860897145447
105.77329836542908,0.5056772100567721,0.8303126415949252
105.77385403359337,0.5056772100567721,0.8305391934753058
105.77561100212449,0.5056772100567721,0.8307657453556865
105.77620195502776,0.5060827250608273,0.8307657453556865
105.78054859384636,0.5064882400648824,0.8307657453556865
105.78226168387597,0.5068937550689375,0.8307657453556865
105.78949923514173,0.5068937550689375,0.830992297236067
105.79171923827849,0.5068937550689375,0.8312188491164476
105.79724151386118,0.5072992700729927,0.8312188491164476
105.80541082357124,0.5072992700729927,0.8314454009968283
105.80645370927972,0.5072992700729927,0.8316719528772089
105.81840237832259,0.5072992700729927,0.8318985047575895
105.82376442296798,0.5072992700729927,0.8321250566379701
105.82438524755965,0.5077047850770479,0.8321250566379701
105.82490481028631,0.508110300081103,0.8321250566379701
105.82569277301653,0.5085158150851582,0.8321250566379701
105.83310481955711,0.5089213300892133,0.8321250566379701
105.83590569739877,0.5089213300892133,0.8323516085183507
105.83633510480412,0.5093268450932684,0.8323516085183507
105.8430787010521,0.5093268450932684,0.8325781603987313
105.85560633862957,0.5093268450932684,0.8328047122791119
105.85597423613075,0.5093268450932684,0.8330312641594925
105.86085253774962,0.5093268450932684,0.8332578160398731
105.86116310517932,0.5097323600973236,0.8332578160398731
105.86335787290952,0.5097323600973236,0.8334843679202537
105.87701378520339,0.5097323600973236,0.8337109198006344
105.88747819086771,0.5101378751013788,0.8337109198006344
105.88933325592842,0.5101378751013788,0.833937471681015
105.89942579443556,0.5101378751013788,0.8341640235613955
105.9003059988735,0.5105433901054339,0.8341640235613955
105.90673149962332,0.5109489051094891,0.8341640235613955
105.90911936434483,0.5113544201135442,0.8341640235613955
105.91314001669507,0.5117599351175993,0.8341640235613955
105.9132418418803,0.5121654501216545,0.8341640235613955
105.91677335494003,0.5121654501216545,0.8343905754417762
105.9177989950063,0.5125709651257097,0.8343905754417762
105.92203897869007,0.5125709651257097,0.8346171273221568
105.92962907178647,0.5125709651257097,0.8348436792025374
105.93187005838138,0.5125709651257097,0.835070231082918
105.93394289280442,0.5125709651257097,0.8352967829632986
105.94059264500446,0.5129764801297648,0.8352967829632986
105.94139020674103,0.51338199513382,0.8352967829632986
105.94820101643037,0.51338199513382,0.8355233348436792
105.94947031730307,0.51338199513382,0.8357498867240598
105.95363291832844,0.513787510137875,0.8357498867240598
105.95702850835859,0.5141930251419302,0.8357498867240598
105.95791173774774,0.5141930251419302,0.836202990484821
105.95822575625792,0.5141930251419302,0.8364295423652016
105.96213828399772,0.5145985401459854,0.8364295423652016
105.96617943287978,0.5150040551500406,0.8364295423652016
105.96831340017653,0.5154095701540957,0.8364295423652016
105.96907266231996,0.5154095701540957,0.8366560942455823
105.99545236430707,0.5158150851581509,0.8366560942455823
106.00976176211645,0.5162206001622061,0.8366560942455823
106.01234285358964,0.5166261151662611,0.8366560942455823
106.0138997902705,0.5170316301703163,0.8366560942455823
106.04136047336272,0.5174371451743714,0.8366560942455823
106.042642839883,0.5178426601784266,0.8366560942455823
106.0443292954674,0.5182481751824818,0.8366560942455823
106.0498122343152,0.5182481751824818,0.8368826461259629
106.0638904568238,0.5182481751824818,0.8371091980063434
106.0851541720619,0.518653690186537,0.8371091980063434
106.09504225641867,0.518653690186537,0.8373357498867241
106.09904091700882,0.519059205190592,0.8373357498867241
106.1018479851068,0.5194647201946472,0.8373357498867241
106.1049577939947,0.5194647201946472,0.8375623017671047
106.10697401648964,0.5198702351987023,0.8375623017671047
106.12317983022498,0.5202757502027575,0.8375623017671047
106.12738275026791,0.5202757502027575,0.8377888536474852
106.12894003940879,0.5202757502027575,0.8380154055278659
106.13469258000116,0.5202757502027575,0.8382419574082465
106.13507658032235,0.5206812652068127,0.8382419574082465
106.13744674807356,0.5210867802108679,0.8382419574082465
106.13987347191029,0.5210867802108679,0.8384685092886272
106.14207519221605,0.5214922952149229,0.8384685092886272
106.14711380987096,0.5218978102189781,0.8384685092886272
106.15124767509238,0.5223033252230332,0.8384685092886272
106.16030289992766,0.5227088402270884,0.8384685092886272
106.1627111860044,0.5231143552311436,0.8384685092886272
106.16368354565515,0.5235198702351987,0.8384685092886272
106.16394630009644,0.5239253852392538,0.8384685092886272
106.17544579450977,0.5239253852392538,0.8386950611690077
106.17625162287145,0.524330900243309,0.8386950611690077
106.18229449979111,0.524330900243309,0.8389216130493883
106.1895101219174,0.5247364152473641,0.8389216130493883
106.1940313431895,0.5247364152473641,0.839148164929769
106.19621187068837,0.5251419302514193,0.839148164929769
106.20445420129062,0.5251419302514193,0.8393747168101495
106.20915112907366,0.5251419302514193,0.8396012686905301
106.21387994080352,0.5251419302514193,0.8398278205709108
106.22399784956804,0.5251419302514193,0.8400543724512913
106.22652019692023,0.5255474452554745,0.8400543724512913
106.22940415893733,0.5259529602595296,0.8400543724512913
106.2311605962524,0.5259529602595296,0.840280924331672
106.2376861795906,0.5259529602595296,0.8405074762120526
106.23888501054874,0.5263584752635847,0.8405074762120526
106.24262910992356,0.5263584752635847,0.8407340280924331
106.24316889975987,0.5267639902676399,0.8407340280924331
106.25476720442381,0.5267639902676399,0.8409605799728138
106.25932701040638,0.5267639902676399,0.8411871318531944
106.26194692237476,0.5267639902676399,0.841413683733575
106.27103898644918,0.5267639902676399,0.8416402356139556
106.27241473259218,0.527169505271695,0.8416402356139556
106.28951908101263,0.527169505271695,0.8418667874943362
106.29700765320358,0.5275750202757502,0.8418667874943362
106.29846429460103,0.5279805352798054,0.8418667874943362
106.3084932447898,0.5279805352798054,0.8420933393747169
106.31071515639869,0.5279805352798054,0.8423198912550974
106.31287264508981,0.5279805352798054,0.842546443135478
106.3182171914763,0.5283860502838605,0.842546443135478
106.32147408428884,0.5283860502838605,0.8427729950158587
106.32835815885403,0.5287915652879156,0.8427729950158587
106.3287168857551,0.5287915652879156,0.8429995468962392
106.3435910039633,0.5291970802919708,0.8429995468962392
106.34503612436123,0.5296025952960259,0.8429995468962392
106.34944878453149,0.5296025952960259,0.8432260987766198
106.3584380361605,0.5296025952960259,0.8434526506570005
106.35981634805496,0.5296025952960259,0.843679202537381
106.37139478871151,0.5300081103000811,0.843679202537381
106.37761769387896,0.5304136253041363,0.843679202537381
106.38074265388757,0.5304136253041363,0.8439057544177617
106.38261395961445,0.5308191403081914,0.8439057544177617
106.39017359627377,0.5312246553122466,0.8439057544177617
106.39929872658603,0.5316301703163017,0.8439057544177617
106.40071526616263,0.5316301703163017,0.8441323062981423
106.40162119691888,0.5316301703163017,0.8443588581785229
106.40450469027225,0.5316301703163017,0.8445854100589035
106.4077857213175,0.5316301703163017,0.8448119619392841
106.41097991221429,0.5316301703163017,0.8450385138196647
106.41157674091852,0.5320356853203568,0.8450385138196647
106.41352997826804,0.5320356853203568,0.8452650657000453
106.41384475971404,0.532441200324412,0.8452650657000453
106.41934512731466,0.5328467153284672,0.8452650657000453
106.4221953394329,0.5328467153284672,0.8454916175804259
106.42292569243409,0.5328467153284672,0.8457181694608066
106.42686144980588,0.5332522303325223,0.8457181694608066
106.42746271132125,0.5336577453365775,0.8457181694608066
106.43456679377454,0.5336577453365775,0.8459447213411871
106.43575562646227,0.5336577453365775,0.8461712732215677
106.44283915780957,0.5336577453365775,0.8463978251019484
106.44426017003104,0.5340632603406326,0.8463978251019484
106.45479634069544,0.5340632603406326,0.846624376982329
106.4580727980999,0.5344687753446877,0.846624376982329
106.45976933071243,0.5344687753446877,0.8468509288627095
106.46177901277696,0.5344687753446877,0.8470774807430902
106.4640646801056,0.5344687753446877,0.8473040326234708
106.46983439053047,0.5348742903487429,0.8473040326234708
106.47711379939622,0.5348742903487429,0.8475305845038514
106.4844865769422,0.5352798053527981,0.8475305845038514
106.49091778991053,0.5356853203568532,0.8475305845038514
106.50148681897538,0.5360908353609084,0.8475305845038514
106.50881918290344,0.5360908353609084,0.847757136384232
106.51156388094527,0.5360908353609084,0.8479836882646126
106.51267232788565,0.5360908353609084,0.8482102401449932
106.51381507843531,0.5360908353609084,0.8484367920253738
106.51551239562197,0.5360908353609084,0.8486633439057544
106.5217325022439,0.5360908353609084,0.848889895786135
106.52281833224596,0.5360908353609084,0.8491164476665156
106.53555840374614,0.5360908353609084,0.8493429995468963
106.54007786398984,0.5364963503649635,0.8493429995468963
106.54219457059659,0.5364963503649635,0.8497961033076574
106.54597328122343,0.5369018653690186,0.8497961033076574
106.55169100438546,0.5373073803730738,0.8497961033076574
106.56956470410333,0.5373073803730738,0.8500226551880381
106.56987634479843,0.537712895377129,0.8500226551880381
106.57204751126321,0.5381184103811841,0.8500226551880381
106.57950645106328,0.5385239253852393,0.8500226551880381
106.59878959129747,0.5385239253852393,0.8502492070684187
106.59990333301974,0.5389294403892944,0.8502492070684187
106.60348218411609,0.5393349553933495,0.8502492070684187
106.61195610278246,0.5393349553933495,0.8504757589487992
106.61724073758953,0.5393349553933495,0.8507023108291799
106.6207478718517,0.5393349553933495,0.8509288627095605
106.62408246737508,0.5393349553933495,0.8511554145899412
106.62555146962929,0.5397404703974047,0.8511554145899412
106.62842571800938,0.5397404703974047,0.8513819664703217
106.62869223998305,0.5397404703974047,0.8516085183507023
106.63222632240684,0.5397404703974047,0.851835070231083
106.63263828889963,0.5401459854014599,0.851835070231083
106.63340468617423,0.540551500405515,0.851835070231083
106.64203327552715,0.5409570154095702,0.851835070231083
106.65815277726071,0.5409570154095702,0.8520616221114635
106.66857251965877,0.5409570154095702,0.8522881739918441
106.6825393139882,0.5409570154095702,0.8525147258722248
106.68280040263454,0.5413625304136253,0.8525147258722248
106.68514306528996,0.5417680454176804,0.8525147258722248
106.69387503436766,0.5421735604217356,0.8525147258722248
106.69397280175602,0.5421735604217356,0.8527412777526053
106.70147212039392,0.5421735604217356,0.852967829632986
106.70210638663146,0.5425790754257908,0.852967829632986
106.71274708564161,0.5425790754257908,0.8531943815133666
106.72014265358206,0.5425790754257908,0.8534209333937471
106.72357301064281,0.5429845904298459,0.8534209333937471
106.72360398419367,0.5429845904298459,0.8536474852741278
106.75144590869245,0.5429845904298459,0.8538740371545084
106.75151622438234,0.5429845904298459,0.854100589034889
106.75215645537601,0.5433901054339011,0.854100589034889
106.75310846896055,0.5437956204379562,0.854100589034889
106.75319494284442,0.5442011354420113,0.854100589034889
106.76600103183912,0.5446066504460665,0.854100589034889
106.7751573239435,0.5450121654501217,0.854100589034889
106.77781634254916,0.5450121654501217,0.8543271409152696
106.78138155184756,0.5450121654501217,0.8545536927956502
106.78688248382295,0.5454176804541768,0.8545536927956502
106.79100333710723,0.545823195458232,0.8545536927956502
106.79522397318654,0.5462287104622872,0.8545536927956502
106.79726786532339,0.5466342254663422,0.8545536927956502
106.7980745532247,0.5470397404703974,0.8545536927956502
106.80284400808826,0.5474452554744526,0.8545536927956502
106.80551283245441,0.5478507704785077,0.8545536927956502
106.82513370497487,0.5478507704785077,0.8547802446760309
106.82818079845998,0.5482562854825629,0.8547802446760309
106.8387190584028,0.5486618004866181,0.8547802446760309
106.84618244646705,0.5490673154906731,0.8547802446760309
106.8477840745781,0.5494728304947283,0.8547802446760309
106.84955931106107,0.5494728304947283,0.8550067965564114
106.85274404316934,0.5498783454987834,0.8550067965564114
106.85965343760687,0.5502838605028386,0.8550067965564114
106.86098697599915,0.5506893755068938,0.8550067965564114
106.87501669397507,0.5506893755068938,0.855233348436792
106.88151615686016,0.551094890510949,0.855233348436792
106.88179103940456,0.551094890510949,0.8554599003171727
106.88498455057679,0.551094890510949,0.8556864521975532
106.88668687167177,0.551094890510949,0.8559130040779338
106.88943794977588,0.551094890510949,0.8561395559583145
106.89755870496595,0.551094890510949,0.856366107838695
106.89827877130602,0.551500405515004,0.856366107838695
106.90068276063862,0.5519059205190592,0.856366107838695
106.90388254838263,0.5519059205190592,0.8565926597190757
106.90625546373161,0.5519059205190592,0.8568192115994563
106.92161848694313,0.5523114355231143,0.8568192115994563
106.92778784263798,0.5527169505271695,0.8568192115994563
106.92948132994285,0.5527169505271695,0.8570457634798369
106.93925126858478,0.5527169505271695,0.8572723153602175
106.94032729810435,0.5531224655312247,0.8572723153602175
106.94118802878583,0.5531224655312247,0.8574988672405981
106.9576255479921,0.5531224655312247,0.8577254191209787
106.96255720092446,0.5531224655312247,0.8579519710013593
106.97156972683231,0.5535279805352799,0.8579519710013593
106.98054925017169,0.5539334955393349,0.8579519710013593
106.9883227619682,0.5543390105433901,0.8579519710013593
106.9898767523369,0.5543390105433901,0.8581785228817399
106.99350221908585,0.5547445255474452,0.8581785228817399
106.99391649844252,0.5551500405515004,0.8581785228817399
107.00044414911432,0.5551500405515004,0.8584050747621206
107.00338746641428,0.5555555555555556,0.8584050747621206
107.00729659030944,0.5555555555555556,0.8586316266425011
107.00791556224493,0.5555555555555556,0.8588581785228817
107.01222076866244,0.5555555555555556,0.8590847304032624
107.01235052755658,0.5559610705596107,0.8590847304032624
107.01628454982323,0.5563665855636658,0.8590847304032624
107.01709593687353,0.5563665855636658,0.859311282283643
107.018565679422,0.5563665855636658,0.8595378341640235
107.02309025872809,0.5563665855636658,0.8597643860444042
107.03135144699603,0.556772100567721,0.8597643860444042
107.0341896453955,0.556772100567721,0.8599909379247848
107.03540728809196,0.556772100567721,0.8602174898051654
107.03969742654638,0.5571776155717761,0.8602174898051654
107.04216622897326,0.5575831305758313,0.8602174898051654
107.05489007156221,0.5579886455798865,0.8602174898051654
107.05621834353572,0.5583941605839416,0.8602174898051654
107.06135054454785,0.5587996755879967,0.8602174898051654
107.06281840549104,0.5592051905920519,0.8602174898051654
107.06551060995473,0.559610705596107,0.8602174898051654
107.08277580560983,0.559610705596107,0.860444041685546
107.08918333406268,0.5600162206001622,0.860444041685546
107.09178650905706,0.5600162206001622,0.8606705935659266
107.1016552716871,0.5600162206001622,0.8608971454463072
107.11476551200867,0.5604217356042174,0.8608971454463072
107.1157745679217,0.5604217356042174,0.8611236973266878
107.11597880896053,0.5604217356042174,0.8613502492070684
107.11899027810969,0.5608272506082725,0.8613502492070684
107.12985727877384,0.5608272506082725,0.861576801087449
107.14686736156715,0.5612327656123277,0.861576801087449
107.15495685450799,0.5616382806163828,0.861576801087449
107.1683278214657,0.5620437956204379,0.861576801087449
107.16882402528887,0.5624493106244931,0.861576801087449
107.17043955787756,0.5628548256285483,0.861576801087449
107.17411844061255,0.5632603406326034,0.861576801087449
107.17604891448656,0.5636658556366586,0.861576801087449
107.17921878086352,0.5640713706407137,0.861576801087449
107.19455035263947,0.5644768856447688,0.861576801087449
107.19699998813947,0.564882400648824,0.861576801087449
107.20491511648298,0.564882400648824,0.8618033529678296
107.21252216601236,0.5652879156528792,0.8618033529678296
107.21596835360766,0.5656934306569343,0.8618033529678296
107.22112119271225,0.5656934306569343,0.8620299048482103
107.23092820905718,0.5660989456609895,0.8620299048482103
107.23511448635966,0.5660989456609895,0.8622564567285909
107.24852711693656,0.5660989456609895,0.8624830086089714
107.25263260969619,0.5660989456609895,0.8627095604893521
107.2541302696513,0.5660989456609895,0.8629361123697327
107.25979182627745,0.5665044606650446,0.8629361123697327
107.26079028890688,0.5665044606650446,0.8631626642501132
107.2644332443709,0.5665044606650446,0.8633892161304939
107.27501336907659,0.5665044606650446,0.8636157680108745
107.27683362420322,0.5665044606650446,0.8638423198912552
107.28383723669596,0.5669099756690997,0.8638423198912552
107.28796389684723,0.5673154906731549,0.8638423198912552
107.28915693719162,0.5673154906731549,0.8640688717716357
107.29502114761368,0.5673154906731549,0.8642954236520163
107.29531906563028,0.5673154906731549,0.864521975532397
107.31125535922729,0.5673154906731549,0.8647485274127775
107.31603748743193,0.5677210056772101,0.8647485274127775
107.31650865849556,0.5677210056772101,0.8649750792931581
107.31756084692009,0.5677210056772101,0.8652016311735388
107.31892643703091,0.5681265206812652,0.8652016311735388
107.31972839928343,0.5685320356853204,0.8652016311735388
107.32255153940905,0.5689375506893755,0.8652016311735388
107.32573424551693,0.5689375506893755,0.8654281830539193
107.32733908172709,0.5693430656934306,0.8654281830539193
107.33117462611229,0.5697485806974858,0.8654281830539193
107.33245317025487,0.5697485806974858,0.8656547349343
107.33469121630382,0.570154095701541,0.8656547349343
107.33474894816736,0.570154095701541,0.8658812868146806
107.33484505659722,0.5705596107055961,0.8658812868146806
107.3498955701162,0.5709651257096513,0.8658812868146806
107.35427967620748,0.5709651257096513,0.8661078386950611
107.35445072680733,0.5713706407137064,0.8661078386950611
107.35592986300239,0.5717761557177615,0.8661078386950611
107.36053514680438,0.5721816707218167,0.8661078386950611
107.36404333674722,0.5721816707218167,0.8663343905754418
107.36657542271375,0.5721816707218167,0.8665609424558224
107.36713180147251,0.5725871857258719,0.8665609424558224
107.36957798931552,0.572992700729927,0.8665609424558224
107.37179534402044,0.5733982157339822,0.8665609424558224
107.38089969813603,0.5738037307380373,0.8665609424558224
107.39044734093369,0.5742092457420924,0.8665609424558224
107.39576251945998,0.5742092457420924,0.866787494336203
107.39653199948899,0.5742092457420924,0.8670140462165836
107.39872347839825,0.5746147607461476,0.8670140462165836
107.40000518446327,0.5750202757502028,0.8670140462165836
107.40458494086694,0.5754257907542579,0.8670140462165836
107.41589475774235,0.5758313057583131,0.8670140462165836
107.41605887936718,0.5762368207623683,0.8670140462165836
107.41906214622131,0.5766423357664233,0.8670140462165836
107.42743051853138,0.5766423357664233,0.8672405980969642
107.4290202162234,0.5770478507704785,0.8672405980969642
107.43281469389758,0.5770478507704785,0.8674671499773449
107.43629294343853,0.5770478507704785,0.8676937018577254
107.4378895517506,0.5770478507704785,0.867920253738106
107.44280898525898,0.5770478507704785,0.8681468056184867
107.44303042760635,0.5770478507704785,0.8683733574988672
107.44484425100951,0.5770478507704785,0.8685999093792478
107.44512014757731,0.5770478507704785,0.8688264612596285
107.44514865021955,0.5770478507704785,0.869053013140009
107.45516026442225,0.5774533657745337,0.869053013140009
107.4573545267086,0.5774533657745337,0.8692795650203897
107.45868455447976,0.5778588807785888,0.8692795650203897
107.46344512316044,0.5778588807785888,0.8695061169007703
107.46784805573267,0.5778588807785888,0.8697326687811509
107.47022825845238,0.5778588807785888,0.8699592206615315
107.47478721361409,0.578264395782644,0.8699592206615315
107.48271395831543,0.578264395782644,0.8701857725419121
107.48321393027139,0.5786699107866992,0.8701857725419121
107.48351907466976,0.5786699107866992,0.8704123244222927
107.4950278725357,0.5786699107866992,0.8706388763026733
107.49515650721213,0.5786699107866992,0.8708654281830539
107.49595687522636,0.5786699107866992,0.8710919800634346
107.5009997109951,0.5786699107866992,0.8713185319438151
107.5029289263972,0.5790754257907542,0.8713185319438151
107.50604439805201,0.5794809407948094,0.8713185319438151
107.50731115552655,0.5794809407948094,0.8715450838241957
107.50897208956982,0.5794809407948094,0.8717716357045764
107.50958795072073,0.5794809407948094,0.871998187584957
107.51460325713377,0.5794809407948094,0.8722247394653375
107.52137522299111,0.5798864557988646,0.8722247394653375
107.52304747849756,0.5798864557988646,0.8724512913457182
107.53740956249325,0.5798864557988646,0.8726778432260988
107.53784994070145,0.5798864557988646,0.8729043951064794
107.54371872263506,0.5802919708029197,0.8729043951064794
107.54594710349613,0.5802919708029197,0.87313094698686
107.56440660048877,0.5806974858069749,0.87313094698686
107.56907152566592,0.5806974858069749,0.8733574988672406
107.57149127638274,0.5811030008110301,0.8733574988672406
107.5751554073926,0.5815085158150851,0.8733574988672406
107.57791857279946,0.5815085158150851,0.8735840507476212
107.58129648386983,0.5815085158150851,0.8738106026280018
107.58178312953518,0.5815085158150851,0.8740371545083824
107.5875475348795,0.5819140308191403,0.8740371545083824
107.58836507694816,0.5823195458231955,0.8740371545083824
107.59205909594863,0.5823195458231955,0.874263706388763
107.59296117195974,0.5823195458231955,0.8744902582691436
107.59779905578233,0.5827250608272506,0.8744902582691436
107.59981471518202,0.5827250608272506,0.8747168101495243
107.60709554037338,0.5831305758313058,0.8747168101495243
107.61602776347245,0.583536090835361,0.8747168101495243
107.61730738486716,0.583941605839416,0.8747168101495243
107.6215971241974,0.583941605839416,0.8749433620299049
107.62375727692671,0.5843471208434712,0.8749433620299049
107.62476227886455,0.5847526358475263,0.8749433620299049
107.6295892025604,0.5847526358475263,0.8751699139102854
107.63469542858127,0.5851581508515815,0.8751699139102854
107.63822675834115,0.5855636658556367,0.8751699139102854
107.64125709632013,0.5855636658556367,0.8753964657906661
107.64443721848767,0.5855636658556367,0.8756230176710467
107.65034186327657,0.5859691808596919,0.8756230176710467
107.65181361600094,0.5863746958637469,0.8756230176710467
107.65683674294363,0.5867802108678021,0.8756230176710467
107.65726037427628,0.5871857258718572,0.8756230176710467
107.66107296893962,0.5875912408759124,0.8756230176710467
107.66795478177683,0.5879967558799676,0.8756230176710467
107.6743432847536,0.5884022708840227,0.8756230176710467
107.6765082098822,0.5884022708840227,0.8758495695514272
107.67779364390674,0.5888077858880778,0.8758495695514272
107.68740644901986,0.589213300892133,0.8758495695514272
107.68960059561013,0.5896188158961881,0.8758495695514272
107.6909401633107,0.5900243309002433,0.8758495695514272
107.69240966799623,0.5904298459042985,0.8758495695514272
107.69999219465998,0.5904298459042985,0.8760761214318079
107.70508182425519,0.5904298459042985,0.8763026733121885
107.70600477652172,0.5904298459042985,0.8765292251925692
107.70658592750328,0.5904298459042985,0.8767557770729497
107.70761173924215,0.5904298459042985,0.8769823289533303
107.71069270986096,0.5904298459042985,0.877208880833711
107.7130724228458,0.5904298459042985,0.8774354327140915
107.71505203193217,0.5908353609083536,0.8774354327140915
107.71761263830025,0.5912408759124088,0.8774354327140915
107.7202775400126,0.5912408759124088,0.8776619845944721
107.72665563208744,0.5916463909164639,0.8776619845944721
107.7354388609695,0.592051905920519,0.8776619845944721
107.73774508207367,0.592051905920519,0.8778885364748528
107.74357408467982,0.5924574209245742,0.8778885364748528
107.74464031302827,0.5928629359286294,0.8778885364748528
107.75042132080462,0.5928629359286294,0.8781150883552333
107.75472665708664,0.5932684509326845,0.8781150883552333
107.7576279678969,0.5936739659367397,0.8781150883552333
107.76174764799462,0.5940794809407948,0.8781150883552333
107.7641743025845,0.5944849959448499,0.8781150883552333
107.76782291440645,0.5948905109489051,0.8781150883552333
107.76944802723243,0.5952960259529603,0.8781150883552333
107.77641195511117,0.5952960259529603,0.878341640235614
107.7764797680326,0.5957015409570154,0.878341640235614
107.77684944662442,0.5957015409570154,0.8785681921159946
107.78637582181614,0.5957015409570154,0.8787947439963751
107.787201113634,0.5961070559610706,0.8787947439963751
107.78789990903627,0.5961070559610706,0.8790212958767558
107.78982976017603,0.5965125709651257,0.8790212958767558
107.792819608624,0.5965125709651257,0.8792478477571364
107.7943259427822,0.5969180859691808,0.8792478477571364
107.79750248070081,0.5969180859691808,0.879474399637517
107.80630572328054,0.5969180859691808,0.8797009515178976
107.8085138216935,0.5969180859691808,0.8801540552786589
107.80916745002037,0.597323600973236,0.8801540552786589
107.81199206654713,0.597323600973236,0.8803806071590394
107.8203266420951,0.5977291159772912,0.8803806071590394
107.82042256463077,0.5977291159772912,0.88060715903942
107.82111766735285,0.5981346309813463,0.88060715903942
107.82402223241003,0.5981346309813463,0.8808337109198007
107.82528962763121,0.5985401459854015,0.8808337109198007
107.8297186757903,0.5985401459854015,0.8810602628001812
107.83370439308472,0.5989456609894566,0.8810602628001812
107.85402170702261,0.5993511759935117,0.8810602628001812
107.85487126560169,0.5997566909975669,0.8810602628001812
107.85739385324489,0.5997566909975669,0.8812868146805618
107.8647462149677,0.6001622060016221,0.8812868146805618
107.86629903321983,0.6001622060016221,0.8815133665609425
107.86682867383986,0.6001622060016221,0.881739918441323
107.86947472527885,0.6001622060016221,0.8819664703217037
107.87396857859011,0.6005677210056772,0.8819664703217037
107.87598910241337,0.6005677210056772,0.8821930222020843
107.87620606768212,0.6005677210056772,0.8824195740824649
107.87916555775317,0.6005677210056772,0.8828726778432261
107.88195819031779,0.6009732360097324,0.8828726778432261
107.88246391535355,0.6013787510137875,0.8828726778432261
107.89208232209553,0.6013787510137875,0.8830992297236067
107.89687162902135,0.6013787510137875,0.8833257816039873
107.9084595660454,0.6017842660178426,0.8833257816039873
107.92406112664858,0.6021897810218978,0.8833257816039873
107.92804501788933,0.6021897810218978,0.8835523334843679
107.9305646243105,0.602595296025953,0.8835523334843679
107.93609569325629,0.6030008110300081,0.8835523334843679
107.9398623450012,0.6030008110300081,0.8837788853647486
107.94536348023432,0.6034063260340633,0.8837788853647486
107.9460233765904,0.6034063260340633,0.8840054372451291
107.94803612523172,0.6034063260340633,0.8842319891255097
107.96355583579634,0.6038118410381184,0.8842319891255097
107.97150340393695,0.6038118410381184,0.8844585410058904
107.9741957690889,0.6042173560421735,0.8844585410058904
107.98466656168928,0.6046228710462287,0.8844585410058904
107.99164209292123,0.6050283860502839,0.8844585410058904
107.99559330356476,0.6050283860502839,0.884685092886271
107.9987319982149,0.605433901054339,0.884685092886271
107.99944922125093,0.6058394160583942,0.884685092886271
107.99962494996933,0.6062449310624494,0.884685092886271
108.00133760940403,0.6062449310624494,0.8849116447666515
108.00749399738407,0.6062449310624494,0.8851381966470322
108.02022877720889,0.6066504460665044,0.8851381966470322
108.02233092240785,0.6070559610705596,0.8851381966470322
108.02252547229355,0.6070559610705596,0.8853647485274128
108.02490180102967,0.6074614760746148,0.8853647485274128
108.0252531090203,0.6078669910786699,0.8853647485274128
108.02783094784365,0.6078669910786699,0.8855913004077934
108.03420752938513,0.6082725060827251,0.8855913004077934
108.03704031506288,0.6086780210867803,0.8855913004077934
108.03933417835985,0.6090835360908353,0.8855913004077934
108.03933906133976,0.6090835360908353,0.885817852288174
108.04285577964944,0.6090835360908353,0.8860444041685546
108.04711520283792,0.6090835360908353,0.8862709560489352
108.04952748929914,0.6090835360908353,0.8864975079293158
108.06760556885008,0.6094890510948905,0.8864975079293158
108.07005975836417,0.6094890510948905,0.8867240598096964
108.076897476819,0.6094890510948905,0.886950611690077
108.07740351308048,0.6098945660989457,0.886950611690077
108.0809950996169,0.6103000811030008,0.886950611690077
108.08164293805176,0.6103000811030008,0.8871771635704576
108.0871202949654,0.610705596107056,0.8871771635704576
108.09047579142143,0.610705596107056,0.8874037154508383
108.09094569749777,0.6111111111111112,0.8874037154508383
108.09944970543522,0.6111111111111112,0.8876302673312189
108.10399801938048,0.6111111111111112,0.8878568192115994
108.10500605234354,0.6115166261151662,0.8878568192115994
108.11005469574712,0.6119221411192214,0.8878568192115994
108.1239891885991,0.6119221411192214,0.8880833710919801
108.1269832308203,0.6123276561232766,0.8880833710919801
108.12780745367016,0.6123276561232766,0.8883099229723607
108.13138482904907,0.6123276561232766,0.8885364748527412
108.13547460518885,0.6123276561232766,0.8887630267331219
108.13788868554113,0.6127331711273317,0.8887630267331219
108.13856617232116,0.6131386861313869,0.8887630267331219
108.14225442859745,0.6131386861313869,0.8889895786135025
108.14416490825595,0.6135442011354421,0.8889895786135025
108.14450484502703,0.6135442011354421,0.8892161304938832
108.14750931083404,0.6139497161394971,0.8892161304938832
108.14895318986181,0.6143552311435523,0.8892161304938832
108.16118256717455,0.6143552311435523,0.8896692342546443
108.17391365000208,0.6147607461476075,0.8896692342546443
108.17478789513075,0.6147607461476075,0.889895786135025
108.17596543297724,0.6147607461476075,0.8901223380154055
108.18035042617495,0.6151662611516626,0.8901223380154055
108.18838572808247,0.6151662611516626,0.8903488898957861
108.19672392864076,0.6155717761557178,0.8903488898957861
108.19935500839046,0.6155717761557178,0.8905754417761668
108.20177275132438,0.615977291159773,0.8905754417761668
108.21284043281369,0.616382806163828,0.8905754417761668
108.22078879490456,0.6167883211678832,0.8905754417761668
108.224459371145,0.6167883211678832,0.8908019936565473
108.22555900954085,0.6171938361719383,0.8908019936565473
108.22639900057212,0.6175993511759935,0.8908019936565473
108.22648237231832,0.6175993511759935,0.891028545536928
108.22982185778638,0.6175993511759935,0.8912550974173086
108.23324557227085,0.6180048661800487,0.8912550974173086
108.23405021584514,0.6184103811841039,0.8912550974173086
108.24193787879146,0.6184103811841039,0.8914816492976891
108.24745486754713,0.6188158961881589,0.8914816492976891
108.24902772934115,0.6192214111922141,0.8914816492976891
108.25134304800552,0.6196269261962692,0.8914816492976891
108.25160483703507,0.6200324412003244,0.8914816492976891
108.25770533020933,0.6204379562043796,0.8914816492976891
108.26611461859441,0.6204379562043796,0.8917082011780698
108.27136617968024,0.6208434712084347,0.8917082011780698
108.27207205227208,0.6212489862124899,0.8917082011780698
108.2824929459691,0.6212489862124899,0.8919347530584504
108.28763330524583,0.6212489862124899,0.892161304938831
108.2918334305516,0.6212489862124899,0.8923878568192116
108.29830383334426,0.6212489862124899,0.8926144086995922
108.30356886006234,0.621654501216545,0.8926144086995922
108.3038879510958,0.621654501216545,0.8928409605799729
108.3093845843477,0.621654501216545,0.8930675124603534
108.318678384977,0.621654501216545,0.893294064340734
108.31918252831119,0.6220600162206001,0.893294064340734
108.32600893996782,0.6224655312246553,0.893294064340734
108.3268532756207,0.6224655312246553,0.8935206162211147
108.33593341977456,0.6224655312246553,0.8937471681014952
108.34106044846374,0.6228710462287105,0.8937471681014952
108.34150643754663,0.6232765612327656,0.8937471681014952
108.34889302868518,0.6232765612327656,0.8939737199818758
108.35111021177144,0.6236820762368208,0.8939737199818758
108.35492217173255,0.6236820762368208,0.8942002718622565
108.36326816199261,0.6236820762368208,0.894426823742637
108.36808278787483,0.6240875912408759,0.894426823742637
108.37079939895423,0.6240875912408759,0.8946533756230177
108.37254513037603,0.6240875912408759,0.8951064793837789
108.3732345535365,0.624493106244931,0.8951064793837789
108.37419152002664,0.624493106244931,0.8953330312641595
108.38096792013607,0.624493106244931,0.8955595831445401
108.38121870528471,0.624493106244931,0.8957861350249207
108.38729503229396,0.6248986212489862,0.8957861350249207
108.39084976805836,0.6248986212489862,0.8960126869053013
108.39284686393748,0.6253041362530414,0.8960126869053013
108.39344294688388,0.6257096512570965,0.8960126869053013
108.39431203295428,0.6257096512570965,0.8962392387856819
108.3946113186645,0.6257096512570965,0.8964657906660626
108.40524342086985,0.6261151662611517,0.8964657906660626
108.40990840906734,0.6265206812652068,0.8964657906660626
108.41174184695242,0.6269261962692619,0.8964657906660626
108.41221075879992,0.6273317112733171,0.8964657906660626
108.41801292181157,0.6273317112733171,0.8966923425464431
108.42065545372049,0.6277372262773723,0.8966923425464431
108.42165412825304,0.6277372262773723,0.8969188944268237
108.42241980243423,0.6281427412814274,0.8969188944268237
108.42579681470298,0.6285482562854826,0.8969188944268237
108.42733074685191,0.6285482562854826,0.8971454463072044
108.427952051149,0.6285482562854826,0.897371998187585
108.42955114020285,0.6289537712895377,0.897371998187585
108.43235980255388,0.6293592862935928,0.897371998187585
108.43455224736637,0.629764801297648,0.897371998187585
108.43631488901596,0.6301703163017032,0.897371998187585
108.43855766597656,0.6301703163017032,0.8978251019483462
108.44852690942591,0.6305758313057583,0.8978251019483462
108.45525602997354,0.6309813463098135,0.8978251019483462
108.46803220575907,0.6309813463098135,0.8980516538287268
108.47189479799661,0.6313868613138686,0.8980516538287268
108.47451131336027,0.6317923763179237,0.8980516538287268
108.47463385692642,0.6317923763179237,0.8982782057091074
108.47468499572352,0.6317923763179237,0.898504757589488
108.4837320613145,0.6321978913219789,0.898504757589488
108.48621600362597,0.6326034063260341,0.898504757589488
108.49013293220088,0.6326034063260341,0.8987313094698686
108.49606326689094,0.6330089213300892,0.8987313094698686
108.50054957025671,0.6330089213300892,0.8989578613502492
108.50712130829424,0.6334144363341444,0.8989578613502492
108.50915775951151,0.6334144363341444,0.8991844132306298
108.513278183744,0.6334144363341444,0.8994109651110104
108.51429774074933,0.6334144363341444,0.899637516991391
108.5160779715632,0.6338199513381995,0.899637516991391
108.51724153993781,0.6342254663422546,0.899637516991391
108.51846717326207,0.6342254663422546,0.8998640688717716
108.52396435123649,0.6342254663422546,0.9000906207521523
108.5255147034111,0.6346309813463098,0.9000906207521523
108.5341122712913,0.635036496350365,0.9000906207521523
108.53607864631151,0.6354420113544201,0.9000906207521523
108.53882386294667,0.6358475263584753,0.9000906207521523
108.53908757009897,0.6362530413625304,0.9000906207521523
108.53960506424932,0.6362530413625304,0.9003171726325329
108.54647010028832,0.6362530413625304,0.9005437245129134
108.5492459004295,0.6366585563665855,0.9005437245129134
108.55063018376798,0.6366585563665855,0.9007702763932941
108.55275083218406,0.6370640713706407,0.9007702763932941
108.55544420349983,0.6374695863746959,0.9007702763932941
108.55973016198956,0.6374695863746959,0.9009968282736747
108.56311646076361,0.637875101378751,0.9009968282736747
108.56370817460737,0.6382806163828062,0.9009968282736747
108.56420805644214,0.6386861313868614,0.9009968282736747
108.56582639242541,0.6386861313868614,0.9012233801540552
108.56701865351792,0.6390916463909164,0.9012233801540552
108.5715921548223,0.6394971613949716,0.9012233801540552
108.57404012671377,0.6394971613949716,0.9014499320344359
108.57636718075486,0.6399026763990268,0.9014499320344359
108.58251544132943,0.6403081914030819,0.9014499320344359
108.58348774064365,0.6407137064071371,0.9014499320344359
108.58375448735032,0.6411192214111923,0.9014499320344359
108.59008855466097,0.6411192214111923,0.9016764839148165
108.59202341506129,0.6411192214111923,0.9019030357951971
108.59260657097451,0.6415247364152473,0.9019030357951971
108.60061185657234,0.6419302514193025,0.9019030357951971
108.60075572477297,0.6419302514193025,0.9021295876755777
108.60451203429669,0.6419302514193025,0.9023561395559583
108.61175371802162,0.6423357664233577,0.9023561395559583
108.61564487743048,0.6427412814274128,0.9023561395559583
108.62610055773317,0.6427412814274128,0.902582691436339
108.63129925391755,0.643146796431468,0.902582691436339
108.63150062379366,0.6435523114355232,0.902582691436339
108.63280088637467,0.6435523114355232,0.9028092433167195
108.63553541296403,0.6435523114355232,0.9030357951971001
108.63563173033116,0.6439578264395782,0.9030357951971001
108.6391563033815,0.6443633414436334,0.9030357951971001
108.6444606374904,0.6447688564476886,0.9030357951971001
108.64513974283429,0.6447688564476886,0.9032623470774808
108.64740687923253,0.6447688564476886,0.9034888989578613
108.64777131340645,0.6451743714517437,0.9034888989578613
108.65215936657046,0.6451743714517437,0.903715450838242
108.6583642033953,0.6451743714517437,0.9039420027186226
108.65942984242527,0.6451743714517437,0.9041685545990031
108.65973712926005,0.6451743714517437,0.9043951064793838
108.6733553680023,0.6451743714517437,0.9046216583597644
108.67499065296286,0.6455798864557989,0.9046216583597644
108.68006878480577,0.6459854014598541,0.9046216583597644
108.68107662975711,0.6463909164639091,0.9046216583597644
108.68375670825378,0.6463909164639091,0.904848210240145
108.6867081045456,0.6463909164639091,0.9050747621205256
108.69043632596069,0.6467964314679643,0.9050747621205256
108.7062115182615,0.6467964314679643,0.9053013140009062
108.70637241996809,0.6467964314679643,0.9055278658812869
108.70915496789372,0.6472019464720195,0.9055278658812869
108.71963535507861,0.6472019464720195,0.9057544177616674
108.73025757448116,0.6472019464720195,0.905980969642048
108.74588451617639,0.6472019464720195,0.9062075215224287
108.75285378550795,0.6472019464720195,0.9064340734028092
108.75802577066662,0.6472019464720195,0.9066606252831898
108.7622661687358,0.6476074614760746,0.9066606252831898
108.76336922159652,0.6476074614760746,0.9068871771635705
108.76458505683333,0.6480129764801298,0.9068871771635705
108.76625584755095,0.648418491484185,0.9068871771635705
108.79615550312224,0.648418491484185,0.907113729043951
108.7967376770159,0.64882400648824,0.907113729043951
108.80061362604565,0.64882400648824,0.9073402809243317
108.80215867388816,0.64882400648824,0.9075668328047123
108.81824122299369,0.6492295214922952,0.9075668328047123
108.83368483096318,0.6496350364963503,0.9075668328047123
108.83934737936534,0.6500405515004055,0.9075668328047123
108.84671153913176,0.6504460665044607,0.9075668328047123
108.84675776414619,0.6504460665044607,0.9077933846850929
108.84744138810747,0.6508515815085159,0.9077933846850929
108.8516324423717,0.6512570965125709,0.9077933846850929
108.85253868753875,0.6516626115166261,0.9077933846850929
108.85445976744838,0.6516626115166261,0.9080199365654735
108.85623048236877,0.6520681265206812,0.9080199365654735
108.86055282035235,0.6524736415247364,0.9080199365654735
108.86387309647925,0.6528791565287916,0.9080199365654735
108.86479794975727,0.6528791565287916,0.9082464884458541
108.86581374482748,0.6528791565287916,0.9084730403262347
108.87030961399253,0.6532846715328468,0.9084730403262347
108.87846052645861,0.6536901865369019,0.9084730403262347
108.88194062593037,0.6536901865369019,0.9086995922066153
108.8923055522195,0.654095701540957,0.9086995922066153
108.89321931978162,0.654095701540957,0.9089261440869959
108.90102980701056,0.6545012165450121,0.9089261440869959
108.90256350875083,0.6549067315490673,0.9089261440869959
108.90451359098185,0.6549067315490673,0.9091526959673766
108.90803469455436,0.6553122465531225,0.9091526959673766
108.90858689080538,0.6557177615571776,0.9091526959673766
108.9119878475863,0.6557177615571776,0.9093792478477571
108.91252499745354,0.6561232765612328,0.9093792478477571
108.91649541184836,0.6565287915652879,0.9093792478477571
108.91703741418155,0.656934306569343,0.9093792478477571
108.92136313959783,0.656934306569343,0.9096057997281377
108.92659220350374,0.656934306569343,0.9098323516085184
108.92761878413565,0.6573398215733982,0.9098323516085184
108.92899896982212,0.6577453365774534,0.9098323516085184
108.9339936902649,0.6581508515815085,0.9098323516085184
108.94635153518396,0.6581508515815085,0.910058903488899
108.95296112847603,0.6581508515815085,0.9102854553692795
108.95401401494738,0.6585563665855637,0.9102854553692795
108.95520143858315,0.6585563665855637,0.9105120072496602
108.95688062708061,0.6589618815896188,0.9105120072496602
108.95826383889094,0.6593673965936739,0.9105120072496602
108.95850411483396,0.6597729115977291,0.9105120072496602
108.95872778464953,0.6597729115977291,0.9107385591300408
108.96177822669674,0.6597729115977291,0.9109651110104214
108.9647916012275,0.6601784266017843,0.9109651110104214
108.96802229944134,0.6601784266017843,0.911191662890802
108.9687596565704,0.6605839416058394,0.911191662890802
108.97067852325829,0.6605839416058394,0.9114182147711826
108.9717379874486,0.6609894566098946,0.9114182147711826
108.97290666031374,0.6613949716139497,0.9114182147711826
108.97733999928477,0.6618004866180048,0.9114182147711826
108.9786219406015,0.66220600162206,0.9114182147711826
108.9804042933238,0.66220600162206,0.9116447666515632
108.98076046391371,0.6626115166261152,0.9116447666515632
108.9848085881191,0.6630170316301703,0.9116447666515632
108.98653134480729,0.6630170316301703,0.9118713185319438
108.99153287626679,0.6630170316301703,0.9120978704123244
108.99372663119226,0.6634225466342255,0.9120978704123244
109.00017105023429,0.6638280616382806,0.9120978704123244
109.00440482243121,0.6642335766423357,0.9120978704123244
109.00670243151185,0.6642335766423357,0.912324422292705
109.0075900148732,0.6646390916463909,0.912324422292705
109.01392079085008,0.6646390916463909,0.9125509741730856
109.01592398081917,0.6646390916463909,0.9127775260534663
109.01720994787999,0.6650446066504461,0.9127775260534663
109.01929294520151,0.6650446066504461,0.9130040779338469
109.023316296537,0.6654501216545012,0.9130040779338469
109.02846301124984,0.6658556366585564,0.9130040779338469
109.0297920167748,0.6662611516626115,0.9130040779338469
109.02981483378134,0.6662611516626115,0.9132306298142274
109.03140929203084,0.6666666666666666,0.9132306298142274
109.036280659775,0.6670721816707218,0.9132306298142274
109.04183062461296,0.667477696674777,0.9132306298142274
109.04831572519635,0.667477696674777,0.9134571816946081
109.04989895597218,0.667477696674777,0.9136837335749887
109.05581918592624,0.667477696674777,0.9139102854553692
109.05892867813127,0.667477696674777,0.9141368373357499
109.06150139889792,0.6678832116788321,0.9141368373357499
109.06194841764325,0.6678832116788321,0.9143633892161305
109.06934668846588,0.6682887266828873,0.9143633892161305
109.07104071188078,0.6682887266828873,0.9145899410965111
109.07430877921306,0.6686942416869425,0.9145899410965111
109.08117935760217,0.6686942416869425,0.9148164929768917
109.08533962106429,0.6686942416869425,0.9150430448572723
109.09006362659454,0.6686942416869425,0.915269596737653
109.09083489466201,0.6690997566909975,0.915269596737653
109.09184531902865,0.6695052716950527,0.915269596737653
109.09755063987336,0.6699107866991079,0.915269596737653
109.10092721663608,0.670316301703163,0.915269596737653
109.10551447361982,0.670316301703163,0.9154961486180335
109.10733173269004,0.6707218167072182,0.9154961486180335
109.11083861095479,0.6707218167072182,0.9157227004984141
109.11847145666212,0.6711273317112734,0.9157227004984141
109.13417699675962,0.6711273317112734,0.9159492523787948
109.13636261663453,0.6715328467153284,0.9159492523787948
109.13942219793452,0.6715328467153284,0.9161758042591753
109.13974502299233,0.6719383617193836,0.9161758042591753
109.14479035556282,0.6719383617193836,0.916402356139556
109.14967436043378,0.6719383617193836,0.9166289080199366
109.15495583216439,0.6719383617193836,0.9168554599003171
109.15604334483395,0.6723438767234388,0.9168554599003171
109.16814497501768,0.6723438767234388,0.9170820117806978
109.1689028898474,0.6727493917274939,0.9170820117806978
109.17343899578113,0.6731549067315491,0.9170820117806978
109.17560660790386,0.6731549067315491,0.9173085636610784
109.17635441324451,0.6731549067315491,0.917535115541459
109.17871195965115,0.6731549067315491,0.9177616674218396
109.18652276194035,0.6735604217356043,0.9177616674218396
109.18905784273511,0.6735604217356043,0.9179882193022202
109.18935597225158,0.6735604217356043,0.9182147711826009
109.19975458226881,0.6739659367396593,0.9182147711826009
109.20021853211541,0.6743714517437145,0.9182147711826009
109.20830474115823,0.6743714517437145,0.9184413230629814
109.21467680505273,0.6743714517437145,0.918667874943362
109.2207622463902,0.6743714517437145,0.9188944268237427
109.22274554582444,0.6747769667477697,0.9188944268237427
109.2233056539846,0.6751824817518248,0.9188944268237427
109.22974917677658,0.67558799675588,0.9188944268237427
109.23082800538987,0.67558799675588,0.9191209787041232
109.24450628286624,0.67558799675588,0.9195740824648845
109.25193452302389,0.67558799675588,0.919800634345265
109.2562548367458,0.6759935117599352,0.919800634345265
109.26683257572033,0.6763990267639902,0.919800634345265
109.27442542419688,0.6768045417680454,0.919800634345265
109.27691179638768,0.6768045417680454,0.9202537381060263
109.28236037433706,0.6772100567721006,0.9202537381060263
109.28272743143086,0.6776155717761557,0.9202537381060263
109.28393883958177,0.6780210867802109,0.9202537381060263
109.28899968323279,0.6784266017842661,0.9202537381060263
109.2909911069626,0.6784266017842661,0.9204802899864069
109.29163474797187,0.6788321167883211,0.9204802899864069
109.30517102067375,0.6788321167883211,0.9207068418667875
109.30757131399962,0.6792376317923763,0.9207068418667875
109.3119679480377,0.6796431467964315,0.9207068418667875
109.31342856176393,0.6796431467964315,0.9209333937471681
109.3168629341268,0.6800486618004866,0.9209333937471681
109.31714652873258,0.6804541768045418,0.9209333937471681
109.31953539576102,0.680859691808597,0.9209333937471681
109.3196911006887,0.681265206812652,0.9209333937471681
109.32152059297178,0.6816707218167072,0.9209333937471681
109.32534770203983,0.6816707218167072,0.9211599456275487
109.33391135106842,0.6820762368207623,0.9211599456275487
109.33504928965785,0.6824817518248175,0.9211599456275487
109.34284396843847,0.6828872668288727,0.9211599456275487
109.34918823576106,0.6828872668288727,0.9213864975079293
109.357002728714,0.6832927818329279,0.9213864975079293
109.3594536370617,0.683698296836983,0.9213864975079293
109.36117301355083,0.6841038118410381,0.9213864975079293
109.36250576142271,0.6841038118410381,0.9216130493883099
109.37417821451494,0.6845093268450932,0.9216130493883099
109.38231843868434,0.6849148418491484,0.9216130493883099
109.38989979289525,0.6849148418491484,0.9218396012686906
109.39216448487973,0.6849148418491484,0.9220661531490711
109.39363857129777,0.6853203568532036,0.9220661531490711
109.40442528975596,0.6857258718572588,0.9220661531490711
109.40561305289505,0.6861313868613139,0.9220661531490711
109.40750298618809,0.6861313868613139,0.9222927050294517
109.41740935022571,0.686536901865369,0.9222927050294517
109.43138814948483,0.6869424168694241,0.9222927050294517
109.43338807000877,0.6873479318734793,0.9222927050294517
109.44083071041972,0.6873479318734793,0.9225192569098324
109.44155982531986,0.6877534468775345,0.9225192569098324
109.44161743073818,0.6881589618815896,0.9225192569098324
109.44296196349381,0.6885644768856448,0.9225192569098324
109.4492014889541,0.6885644768856448,0.922745808790213
109.45755342560193,0.6885644768856448,0.9229723606705935
109.460014442516,0.6889699918896999,0.9229723606705935
109.46048830245823,0.6889699918896999,0.9231989125509742
109.46107845237827,0.689375506893755,0.9231989125509742
109.46160200739679,0.6897810218978102,0.9231989125509742
109.46908373177916,0.6901865369018654,0.9231989125509742
109.47038812269052,0.6905920519059205,0.9231989125509742
109.47329187610545,0.6909975669099757,0.9231989125509742
109.47530118511696,0.6914030819140308,0.9231989125509742
109.47652290671915,0.6914030819140308,0.9234254644313548
109.47901953956651,0.6914030819140308,0.9236520163117354
109.48225339526812,0.6914030819140308,0.923878568192116
109.48751712020245,0.6914030819140308,0.9241051200724966
109.48961937396741,0.6918085969180859,0.9241051200724966
109.493006580901,0.6922141119221411,0.9241051200724966
109.49667039597082,0.6926196269261963,0.9241051200724966
109.49888538243225,0.6930251419302514,0.9241051200724966
109.50548082334163,0.6930251419302514,0.9243316719528772
109.50795388871427,0.6934306569343066,0.9243316719528772
109.50839854537969,0.6934306569343066,0.9245582238332578
109.51463064249405,0.6938361719383617,0.9245582238332578
109.5148531771306,0.6942416869424168,0.9245582238332578
109.52044831465881,0.694647201946472,0.9245582238332578
109.52398362885562,0.694647201946472,0.9247847757136384
109.5242885849464,0.694647201946472,0.925011327594019
109.52511293538356,0.694647201946472,0.9252378794743996
109.52688630177515,0.6950527169505272,0.9252378794743996
109.52946564399936,0.6954582319545823,0.9252378794743996
109.52997219730216,0.6954582319545823,0.9254644313547803
109.53182408636431,0.6954582319545823,0.9256909832351609
109.53251600352519,0.6958637469586375,0.9256909832351609
109.5400553126138,0.6962692619626926,0.9256909832351609
109.54333684113402,0.6962692619626926,0.9259175351155414
109.54638599711181,0.6966747769667477,0.9259175351155414
109.54735275775323,0.6966747769667477,0.9261440869959221
109.55113742892594,0.6966747769667477,0.9263706388763027
109.55285161962706,0.6966747769667477,0.9265971907566832
109.56150965947829,0.6966747769667477,0.9268237426370639
109.56198182227041,0.6970802919708029,0.9268237426370639
109.56366846764809,0.6974858069748581,0.9268237426370639
109.56422041632744,0.6974858069748581,0.9270502945174445
109.56474055757195,0.6974858069748581,0.9272768463978251
109.56556353160397,0.6974858069748581,0.9275033982782057
109.5728991823058,0.6978913219789132,0.9275033982782057
109.578072560365,0.6982968369829684,0.9275033982782057
109.58005047798912,0.6987023519870236,0.9275033982782057
109.58387138934722,0.6987023519870236,0.9277299501585863
109.58957623987793,0.6991078669910786,0.9277299501585863
109.59285377110619,0.6991078669910786,0.927956502038967
109.59431958509556,0.6995133819951338,0.927956502038967
109.59568254742182,0.699918896999189,0.927956502038967
109.60169268032607,0.699918896999189,0.9281830539193475
109.61027494446427,0.699918896999189,0.9284096057997281
109.61041777832955,0.699918896999189,0.9286361576801088
109.61116062086623,0.7003244120032441,0.9286361576801088
109.6114411202773,0.7003244120032441,0.9288627095604893
109.61165277142213,0.7007299270072993,0.9288627095604893
109.61247105627565,0.7007299270072993,0.92908926144087
109.61711672918902,0.7011354420113545,0.92908926144087
109.61805157382153,0.7011354420113545,0.9293158133212506
109.6205943581305,0.7015409570154095,0.9293158133212506
109.62103888675156,0.7015409570154095,0.9295423652016311
109.62191148931066,0.7019464720194647,0.9295423652016311
109.62191697525695,0.7023519870235199,0.9295423652016311
109.62822236043677,0.702757502027575,0.9295423652016311
109.62997217003903,0.702757502027575,0.9297689170820118
109.6319448262433,0.702757502027575,0.9299954689623924
109.63281278347444,0.702757502027575,0.930222020842773
109.63949712014664,0.7031630170316302,0.930222020842773
109.64350367340376,0.7035685320356854,0.930222020842773
109.64604482725568,0.7039740470397404,0.930222020842773
109.64776075019495,0.7043795620437956,0.930222020842773
109.65693388172993,0.7047850770478508,0.930222020842773
109.65901490872825,0.7051905920519059,0.930222020842773
109.65917267322664,0.7055961070559611,0.930222020842773
109.6632046118742,0.7055961070559611,0.9304485727231536
109.66553708918542,0.7060016220600163,0.9304485727231536
109.66654715702369,0.7064071370640713,0.9304485727231536
109.66817936209208,0.7068126520681265,0.9304485727231536
109.66824727347426,0.7072181670721817,0.9304485727231536
109.67161855133239,0.7076236820762368,0.9304485727231536
109.67176950548722,0.7076236820762368,0.9306751246035342
109.67718530473343,0.708029197080292,0.9306751246035342
109.67949979408932,0.7084347120843472,0.9306751246035342
109.68253039594563,0.7088402270884022,0.9306751246035342
109.69103182022259,0.7092457420924574,0.9306751246035342
109.69644655074129,0.7096512570965126,0.9306751246035342
109.69750473995252,0.7100567721005677,0.9306751246035342
109.69765231704511,0.7104622871046229,0.9306751246035342
109.6978452497691,0.7108678021086781,0.9306751246035342
109.69877213874906,0.7112733171127331,0.9306751246035342
109.70197763136933,0.7116788321167883,0.9306751246035342
109.70255185566391,0.7116788321167883,0.9309016764839149
109.70347259053791,0.7120843471208435,0.9309016764839149
109.70414902003627,0.7120843471208435,0.9311282283642954
109.70487341947096,0.7120843471208435,0.931354780244676
109.70536486078481,0.7124898621248986,0.931354780244676
109.70688795426898,0.7124898621248986,0.9315813321250567
109.71461546828495,0.7128953771289538,0.9315813321250567
109.71478402894645,0.713300892133009,0.9315813321250567
109.71838651415446,0.7137064071370641,0.9315813321250567
109.71948179336772,0.7137064071370641,0.9318078840054372
109.72041236382972,0.7137064071370641,0.9320344358858178
109.72159033091592,0.7141119221411192,0.9320344358858178
109.72252504128578,0.7145174371451744,0.9320344358858178
109.73041592135425,0.7145174371451744,0.9322609877661985
109.73058882716394,0.7149229521492295,0.9322609877661985
109.73265182567366,0.7149229521492295,0.932487539646579
109.73412193807053,0.7149229521492295,0.9327140915269597
109.73626186119698,0.7153284671532847,0.9327140915269597
109.73860900243066,0.7157339821573399,0.9327140915269597
109.74029331083867,0.716139497161395,0.9327140915269597
109.74829648083984,0.716139497161395,0.9329406434073403
109.75155751444613,0.7165450121654501,0.9329406434073403
109.75245268565381,0.7169505271695052,0.9329406434073403
109.75303932645468,0.7173560421735604,0.9329406434073403
109.75745196262002,0.7173560421735604,0.9331671952877209
109.75913250771225,0.7177615571776156,0.9331671952877209
109.76229295127824,0.7181670721816708,0.9331671952877209
109.76264562232062,0.7185725871857259,0.9331671952877209
109.76477621269115,0.7185725871857259,0.9333937471681015
109.76912940371052,0.718978102189781,0.9333937471681015
109.76960309869315,0.7193836171938361,0.9333937471681015
109.77012128044512,0.7197891321978913,0.9333937471681015
109.77045193871794,0.7197891321978913,0.9336202990484821
109.77247203259682,0.7197891321978913,0.9338468509288627
109.77311406907361,0.7201946472019465,0.9338468509288627
109.77731880180924,0.7201946472019465,0.9340734028092433
109.78533572847272,0.7206001622060016,0.9340734028092433
109.79445632275556,0.7210056772100568,0.9340734028092433
109.80434880021545,0.7210056772100568,0.9342999546896239
109.80578937147561,0.7214111922141119,0.9342999546896239
109.80975885227453,0.721816707218167,0.9342999546896239
109.81180743512887,0.7222222222222222,0.9342999546896239
109.81416248105029,0.7226277372262774,0.9342999546896239
109.8145291567261,0.7230332522303325,0.9342999546896239
109.81561523126558,0.7230332522303325,0.9345265065700046
109.81569922051719,0.7234387672343877,0.9345265065700046
109.81571217836165,0.7234387672343877,0.9347530584503851
109.81758005864789,0.7238442822384428,0.9347530584503851
109.82117810556362,0.7242497972424979,0.9347530584503851
109.82564155997498,0.7246553122465531,0.9347530584503851
109.83223994473758,0.7250608272506083,0.9347530584503851
109.83389887151554,0.7250608272506083,0.9349796103307657
109.84175627330453,0.7254663422546634,0.9349796103307657
109.84364646171488,0.7254663422546634,0.9352061622111464
109.84432898004752,0.7254663422546634,0.935432714091527
109.84621828240442,0.7254663422546634,0.9356592659719075
109.84810154133304,0.7254663422546634,0.9358858178522882
109.85628308475933,0.7254663422546634,0.9361123697326688
109.86209379555744,0.7258718572587186,0.9361123697326688
109.86530672961673,0.7258718572587186,0.9363389216130494
109.87557843399395,0.7262773722627737,0.9363389216130494
109.87918856010246,0.7266828872668288,0.9363389216130494
109.89428854298211,0.7266828872668288,0.93656547349343
109.89507343362237,0.7266828872668288,0.9367920253738106
109.89822549037768,0.727088402270884,0.9367920253738106
109.89964513891411,0.727088402270884,0.9370185772541912
109.90187342193667,0.7274939172749392,0.9370185772541912
109.90470328918448,0.7278994322789943,0.9370185772541912
109.90509103779073,0.7283049472830495,0.9370185772541912
109.910610629483,0.7283049472830495,0.9372451291345718
109.91612335952055,0.7283049472830495,0.9374716810149524
109.91924614834089,0.7287104622871047,0.9374716810149524
109.92714818828082,0.7291159772911597,0.9374716810149524
109.92765200369077,0.7295214922952149,0.9374716810149524
109.93448723488629,0.7299270072992701,0.9374716810149524
109.93705639788877,0.7299270072992701,0.937698232895333
109.93940472969955,0.7303325223033252,0.937698232895333
109.93950521001611,0.7303325223033252,0.9379247847757136
109.93978906493615,0.7303325223033252,0.9381513366560943
109.94999260577313,0.7307380373073804,0.9381513366560943
109.95118226446304,0.7311435523114356,0.9381513366560943
109.95154191915445,0.7311435523114356,0.9383778885364749
109.95495427895415,0.7315490673154906,0.9383778885364749
109.95693950720464,0.7319545823195458,0.9383778885364749
109.96154108873061,0.732360097323601,0.9383778885364749
109.96209624467357,0.7327656123276561,0.9383778885364749
109.96255931701242,0.7331711273317113,0.9383778885364749
109.96743596470051,0.7331711273317113,0.9386044404168554
109.96950103318807,0.7331711273317113,0.9388309922972361
109.97072170567058,0.7331711273317113,0.9390575441776167
109.97172297365721,0.7331711273317113,0.9392840960579972
109.97299870549841,0.7335766423357665,0.9392840960579972
109.98219031154315,0.7339821573398215,0.9392840960579972
109.98259451989256,0.7343876723438767,0.9392840960579972
109.98462906904439,0.7347931873479319,0.9392840960579972
109.9870592426444,0.735198702351987,0.9392840960579972
109.99297068474766,0.7356042173560422,0.9392840960579972
109.99727392389694,0.7360097323600974,0.9392840960579972
109.99778206032454,0.7364152473641524,0.9392840960579972
109.99940476642223,0.7368207623682076,0.9392840960579972
110.00591937778074,0.7372262773722628,0.9392840960579972
110.00758636165907,0.7376317923763179,0.9392840960579972
110.00849652472253,0.7380373073803731,0.9392840960579972
110.00997420415939,0.7384428223844283,0.9392840960579972
110.01007037538214,0.7384428223844283,0.9395106479383779
110.0155867688688,0.7384428223844283,0.9397371998187585
110.01736708708007,0.7388483373884833,0.9397371998187585
110.01749399754412,0.7392538523925385,0.9397371998187585
110.01931415502092,0.7396593673965937,0.9397371998187585
110.0276923242934,0.7400648824006488,0.9397371998187585
110.03117187122658,0.7400648824006488,0.9399637516991391
110.03119880811782,0.740470397404704,0.9399637516991391
110.0371276964006,0.740470397404704,0.9401903035795197
110.05072325945348,0.7408759124087592,0.9401903035795197
110.05485052006172,0.7412814274128142,0.9401903035795197
110.0658379878161,0.7416869424168694,0.9401903035795197
110.07496100419047,0.7416869424168694,0.9404168554599003
110.07536622803586,0.7420924574209246,0.9404168554599003
110.07929530224094,0.7420924574209246,0.940643407340281
110.08141572134954,0.7424979724249797,0.940643407340281
110.08405202967377,0.7429034874290349,0.940643407340281
110.09602105319354,0.7433090024330901,0.940643407340281
110.09954929301406,0.7437145174371452,0.940643407340281
110.10245417713575,0.7441200324412003,0.940643407340281
110.1072531195718,0.7445255474452555,0.940643407340281
110.11298387707181,0.7445255474452555,0.9408699592206615
110.12181739430852,0.7449310624493106,0.9408699592206615
110.12397597124028,0.7449310624493106,0.9410965111010421
110.12520545391568,0.7449310624493106,0.9413230629814228
110.12819091360356,0.7449310624493106,0.9415496148618033
110.12866089938068,0.7453365774533658,0.9415496148618033
110.13562567106855,0.745742092457421,0.9415496148618033
110.13875193558457,0.7461476074614761,0.9415496148618033
110.14088017619927,0.7465531224655312,0.9415496148618033
110.14791888729033,0.7465531224655312,0.941776166742184
110.14973365574558,0.7465531224655312,0.9420027186225646
110.1519989082839,0.7469586374695864,0.9420027186225646
110.15409774620295,0.7473641524736415,0.9420027186225646
110.1651842809941,0.7477696674776967,0.9420027186225646
110.16520208410587,0.7481751824817519,0.9420027186225646
110.17026122016708,0.7481751824817519,0.9422292705029451
110.17036407543688,0.748580697485807,0.9422292705029451
110.17080954222119,0.7489862124898621,0.9422292705029451
110.17220532472538,0.7489862124898621,0.9424558223833258
110.17725534326829,0.7493917274939172,0.9424558223833258
110.18568491422582,0.7497972424979724,0.9424558223833258
110.18837351559007,0.7502027575020276,0.9424558223833258
110.18967870838819,0.7502027575020276,0.9426823742637064
110.19036858884951,0.7506082725060828,0.9426823742637064
110.19491676710031,0.7510137875101379,0.9426823742637064
110.20621001648895,0.7510137875101379,0.942908926144087
110.20672555004995,0.7510137875101379,0.9431354780244676
110.20758809692828,0.7510137875101379,0.9433620299048482
110.20825306344426,0.751419302514193,0.9433620299048482
110.21323761712013,0.7518248175182481,0.9433620299048482
110.2221842627354,0.7522303325223033,0.9433620299048482
110.22224291710701,0.7522303325223033,0.9435885817852289
110.22593062027666,0.7526358475263585,0.9435885817852289
110.23627799819266,0.7530413625304136,0.9435885817852289
110.24187232021946,0.7530413625304136,0.9438151336656094
110.24858515098327,0.7534468775344688,0.9438151336656094
110.251077521582,0.7538523925385239,0.9438151336656094
110.2558984942428,0.7538523925385239,0.94404168554599
110.26958950833351,0.7538523925385239,0.9442682374263707
110.27412530584476,0.754257907542579,0.9442682374263707
110.27497458829005,0.754257907542579,0.9444947893067512
110.27821304419925,0.7546634225466342,0.9444947893067512
110.28077062790342,0.7546634225466342,0.9447213411871318
110.29148143741764,0.7546634225466342,0.9449478930675125
110.2918305997619,0.7550689375506894,0.9449478930675125
110.29332687757103,0.7554744525547445,0.9449478930675125
110.29745700233151,0.7554744525547445,0.945174444947893
110.31597383269833,0.7558799675587997,0.945174444947893
110.31693520992253,0.7562854825628548,0.945174444947893
110.33062072696083,0.7562854825628548,0.9454009968282737
110.33466685875807,0.7566909975669099,0.9454009968282737
110.33691850378386,0.7566909975669099,0.9456275487086543
110.3413100977579,0.7566909975669099,0.9458541005890349
110.34676161156023,0.7566909975669099,0.9460806524694155
110.3506755181613,0.7570965125709651,0.9460806524694155
110.35328421982447,0.7570965125709651,0.9463072043497961
110.35436619819004,0.7575020275750203,0.9463072043497961
110.3600188532259,0.7575020275750203,0.9465337562301767
110.36148776401413,0.7575020275750203,0.9467603081105573
110.36931559703322,0.7575020275750203,0.9469868599909379
110.37216721150111,0.7575020275750203,0.9472134118713186
110.38019778700027,0.7579075425790754,0.9472134118713186
110.38362659533982,0.7579075425790754,0.9474399637516991
110.38510115177863,0.7579075425790754,0.9476665156320797
110.39808854704766,0.7583130575831306,0.9476665156320797
110.39863306892978,0.7587185725871858,0.9476665156320797
110.39957252251259,0.7587185725871858,0.9478930675124604
110.40460311350317,0.7591240875912408,0.9478930675124604
110.407150552934,0.759529602595296,0.9478930675124604
110.40907473941829,0.7599351175993512,0.9478930675124604
110.41572587024403,0.7599351175993512,0.948119619392841
110.41588697891328,0.7603406326034063,0.948119619392841
110.41666141938371,0.7607461476074615,0.948119619392841
110.41736351448074,0.7607461476074615,0.9483461712732215
110.42238894971713,0.7611516626115167,0.9483461712732215
110.42341135423047,0.7615571776155717,0.9483461712732215
110.42600955895456,0.7615571776155717,0.9485727231536022
110.45305887534114,0.7615571776155717,0.9487992750339828
110.453478820815,0.7619626926196269,0.9487992750339828
110.45680787376247,0.7623682076236821,0.9487992750339828
110.45791445183907,0.7627737226277372,0.9487992750339828
110.46104010640292,0.7631792376317924,0.9487992750339828
110.46242974456597,0.7635847526358476,0.9487992750339828
110.46372369968336,0.7635847526358476,0.9490258269143634
110.47109287446258,0.7639902676399026,0.9490258269143634
110.48202484577429,0.7643957826439578,0.9490258269143634
110.48400455213591,0.7643957826439578,0.949252378794744
110.49953167434198,0.764801297648013,0.949252378794744
110.50458327392656,0.764801297648013,0.9494789306751246
110.50957370101229,0.764801297648013,0.9497054825555052
110.51386882753485,0.764801297648013,0.9499320344358858
110.5209692532809,0.7652068126520681,0.9499320344358858
110.5262073895749,0.7652068126520681,0.9501585863162664
110.52862103039064,0.7656123276561233,0.9501585863162664
110.53602006075114,0.7660178426601785,0.9501585863162664
110.54841235407616,0.7660178426601785,0.950385138196647
110.55206167919854,0.7664233576642335,0.950385138196647
110.55338532797694,0.7664233576642335,0.9506116900770276
110.5562240860442,0.7668288726682887,0.9506116900770276
110.56026432451203,0.7672343876723439,0.9506116900770276
110.56175221647298,0.767639902676399,0.9506116900770276
110.56217560237495,0.767639902676399,0.9508382419574083
110.56586858523656,0.7680454176804542,0.9508382419574083
110.56618348428644,0.7684509326845094,0.9508382419574083
110.56734475223257,0.7688564476885644,0.9508382419574083
110.57705521569315,0.7692619626926196,0.9508382419574083
110.57799213648589,0.7696674776966748,0.9508382419574083
110.57897925802136,0.7700729927007299,0.9508382419574083
110.5837898722289,0.7704785077047851,0.9508382419574083
110.58802914782284,0.7708840227088403,0.9508382419574083
110.5922789750025,0.7708840227088403,0.9510647938377889
110.5956504942333,0.7708840227088403,0.9512913457181694
110.59859836063906,0.7712895377128953,0.9512913457181694
110.60010047910497,0.7716950527169505,0.9512913457181694
110.60180679642757,0.7716950527169505,0.9515178975985501
110.60571722933727,0.7716950527169505,0.9517444494789307
110.61323485391172,0.7721005677210057,0.9517444494789307
110.62204804523303,0.7725060827250608,0.9517444494789307
110.6227070086178,0.772911597729116,0.9517444494789307
110.62301663065493,0.7733171127331712,0.9517444494789307
110.62615275650388,0.7737226277372263,0.9517444494789307
110.62659477761157,0.7741281427412814,0.9517444494789307
110.62716220009852,0.7741281427412814,0.9519710013593112
110.62845316556022,0.7745336577453366,0.9519710013593112
110.62956663074085,0.7749391727493917,0.9519710013593112
110.62957302156697,0.7753446877534469,0.9519710013593112
110.63510838983001,0.7753446877534469,0.9521975532396919
110.63982418385358,0.7753446877534469,0.9524241051200725
110.64176710502574,0.7757502027575021,0.9524241051200725
110.65475898432754,0.7757502027575021,0.9526506570004531
110.65945481237529,0.7757502027575021,0.9528772088808337
110.65999917669347,0.7757502027575021,0.9531037607612143
110.66377992879256,0.7761557177615572,0.9531037607612143
110.66616709540142,0.7765612327656123,0.9531037607612143
110.66816553902447,0.7765612327656123,0.953330312641595
110.66884279213045,0.7769667477696675,0.953330312641595
110.66997566552905,0.7773722627737226,0.953330312641595
110.6732637196958,0.7777777777777778,0.953330312641595
110.6793119758542,0.778183292781833,0.953330312641595
110.68985275664781,0.7785888077858881,0.953330312641595
110.69116271066922,0.7789943227899432,0.953330312641595
110.69133506847406,0.7789943227899432,0.9535568645219755
110.70489351201229,0.7793998377939984,0.9535568645219755
110.70948641601746,0.7798053527980535,0.9535568645219755
110.71109563967472,0.7798053527980535,0.9537834164023561
110.7122577890663,0.7802108678021087,0.9537834164023561
110.71623852383686,0.7806163828061639,0.9537834164023561
110.7178042490997,0.7806163828061639,0.9540099682827368
110.72073141675448,0.781021897810219,0.9540099682827368
110.72098667686043,0.7814274128142741,0.9540099682827368
110.7226176902047,0.7818329278183292,0.9540099682827368
110.72528718987903,0.7822384428223844,0.9540099682827368
110.73213749070304,0.7822384428223844,0.9542365201631173
110.732619707199,0.7826439578264396,0.9542365201631173
110.73351484535937,0.7830494728304948,0.9542365201631173
110.73674278002484,0.7834549878345499,0.9542365201631173
110.74425955897763,0.783860502838605,0.9542365201631173
110.74507734301726,0.7842660178426601,0.9542365201631173
110.74557903224583,0.7842660178426601,0.954463072043498
110.7465525503515,0.7846715328467153,0.954463072043498
110.75150822600506,0.7850770478507705,0.954463072043498
110.75348075970335,0.7854825628548256,0.954463072043498
110.7620760643003,0.7858880778588808,0.954463072043498
110.76854588320107,0.7862935928629359,0.954463072043498
110.76916257942533,0.7862935928629359,0.9546896239238786
110.76927618666264,0.786699107866991,0.9546896239238786
110.76968424207513,0.786699107866991,0.9549161758042591
110.76989431639207,0.786699107866991,0.9551427276846398
110.77640896148972,0.7871046228710462,0.9551427276846398
110.78110405863082,0.7875101378751014,0.9551427276846398
110.78128902150173,0.7879156528791565,0.9551427276846398
110.78343887844943,0.7879156528791565,0.9553692795650204
110.79858841761613,0.7883211678832117,0.9553692795650204
110.80402450518679,0.7887266828872669,0.9553692795650204
110.80962228902618,0.7891321978913219,0.9553692795650204
110.81528098780224,0.7891321978913219,0.955595831445401
110.816726745691,0.7895377128953771,0.955595831445401
110.8230099294488,0.7899432278994323,0.955595831445401
110.82358483264258,0.7903487429034874,0.955595831445401
110.84776270858961,0.7907542579075426,0.955595831445401
110.85224676817666,0.7911597729115978,0.955595831445401
110.8544145282518,0.7915652879156528,0.955595831445401
110.85715682330363,0.7915652879156528,0.9558223833257816
110.86329575324389,0.7915652879156528,0.9560489352061622
110.86345190430661,0.791970802919708,0.9560489352061622
110.86450407871835,0.791970802919708,0.9562754870865429
110.87316179964519,0.791970802919708,0.9565020389669234
110.87465815806306,0.791970802919708,0.956728590847304
110.87517111643805,0.791970802919708,0.9569551427276847
110.87656257565104,0.7923763179237632,0.9569551427276847
110.8765911706265,0.7927818329278183,0.9569551427276847
110.87877023714894,0.7931873479318735,0.9569551427276847
110.88019650914698,0.7935928629359287,0.9569551427276847
110.8804306322004,0.7939983779399837,0.9569551427276847
110.88099350808422,0.7944038929440389,0.9569551427276847
110.88152651324624,0.7948094079480941,0.9569551427276847
110.8845732031643,0.7952149229521492,0.9569551427276847
110.8860601089645,0.7956204379562044,0.9569551427276847
110.88732678877601,0.7956204379562044,0.9571816946080652
110.90438443626115,0.7960259529602596,0.9571816946080652
110.90888712541508,0.7960259529602596,0.9574082464884458
110.91087769740759,0.7964314679643146,0.9574082464884458
110.91231406349871,0.7968369829683698,0.9574082464884458
110.92554123180899,0.797242497972425,0.9574082464884458
110.9355037510996,0.797242497972425,0.9576347983688265
110.93733792752319,0.797242497972425,0.957861350249207
110.93759666882592,0.7976480129764801,0.957861350249207
110.94058988879635,0.7976480129764801,0.9580879021295877
110.94662212177579,0.7980535279805353,0.9580879021295877
110.94699774791329,0.7984590429845905,0.9580879021295877
110.9628053932079,0.7988645579886455,0.9580879021295877
110.96284594108533,0.7988645579886455,0.9583144540099683
110.963310486805,0.7992700729927007,0.9583144540099683
110.96454558295797,0.7992700729927007,0.9585410058903489
110.96609926740675,0.7996755879967559,0.9585410058903489
110.96841545111822,0.7996755879967559,0.9587675577707295
110.97492584101703,0.800081103000811,0.9587675577707295
110.98403684464675,0.8004866180048662,0.9587675577707295
110.9863405605498,0.8008921330089214,0.9587675577707295
110.9867702814925,0.8012976480129764,0.9587675577707295
110.98849338884952,0.8017031630170316,0.9587675577707295
110.98889499786983,0.8021086780210868,0.9587675577707295
110.98963864340801,0.8021086780210868,0.9589941096511101
110.99029093174421,0.8021086780210868,0.9592206615314907
111.00304152660287,0.8025141930251419,0.9592206615314907
111.00551489468153,0.8025141930251419,0.9594472134118713
111.00776676669409,0.8029197080291971,0.9594472134118713
111.0086039635279,0.8029197080291971,0.9596737652922519
111.01045900752544,0.8029197080291971,0.9599003171726326
111.01586904218327,0.8033252230332523,0.9599003171726326
111.02737731235618,0.8037307380373074,0.9599003171726326
111.03404917342225,0.8041362530413625,0.9599003171726326
111.03866584161479,0.8041362530413625,0.9601268690530131
111.04144958515782,0.8045417680454177,0.9601268690530131
111.04297970762676,0.8045417680454177,0.9603534209333937
111.04299085072279,0.8049472830494728,0.9603534209333937
111.04493452597251,0.805352798053528,0.9603534209333937
111.05484253948886,0.8057583130575832,0.9603534209333937
111.05819437436325,0.8057583130575832,0.9605799728137744
111.06397915550757,0.8057583130575832,0.960806524694155
111.06689353158893,0.8061638280616383,0.960806524694155
111.07619326053552,0.8061638280616383,0.9610330765745355
111.09163777949789,0.8065693430656934,0.9610330765745355
111.0940773081774,0.8065693430656934,0.9612596284549162
111.0954416518535,0.8065693430656934,0.9614861803352968
111.09574142883027,0.8069748580697486,0.9614861803352968
111.09837390893436,0.8073803730738037,0.9614861803352968
111.10950094107746,0.8077858880778589,0.9614861803352968
111.11877772926968,0.8081914030819141,0.9614861803352968
111.11886724244302,0.8085969180859692,0.9614861803352968
111.12683601126255,0.8090024330900243,0.9614861803352968
111.12894008567868,0.8094079480940795,0.9614861803352968
111.1297678090385,0.8094079480940795,0.9617127322156774
111.13039000901864,0.8094079480940795,0.961939284096058
111.13121972330701,0.8094079480940795,0.9621658359764386
111.13536082511214,0.8098134630981346,0.9621658359764386
111.13648085976801,0.8098134630981346,0.9623923878568192
111.13980694611907,0.8098134630981346,0.9626189397371998
111.14050796882489,0.8102189781021898,0.9626189397371998
111.14089524501695,0.810624493106245,0.9626189397371998
111.14579894659421,0.810624493106245,0.9628454916175804
111.15226778695995,0.8110300081103001,0.9628454916175804
111.15758507831212,0.8110300081103001,0.963072043497961
111.15863226036048,0.8110300081103001,0.9632985953783416
111.15975109765265,0.8110300081103001,0.9635251472587223
111.16123619781197,0.8114355231143552,0.9635251472587223
111.16842470082436,0.8118410381184104,0.9635251472587223
111.17247567344664,0.8122465531224655,0.9635251472587223
111.17815950504291,0.8126520681265207,0.9635251472587223
111.18038343031648,0.8130575831305759,0.9635251472587223
111.18489146120484,0.813463098134631,0.9635251472587223
111.18504775827004,0.813463098134631,0.9637516991391029
111.1856946548422,0.8138686131386861,0.9637516991391029
111.1968412887404,0.8142741281427412,0.9637516991391029
111.19742710002217,0.8142741281427412,0.9639782510194834
111.19954915145667,0.8146796431467964,0.9639782510194834
111.20027566128314,0.8146796431467964,0.9642048028998641
111.20550509270966,0.8146796431467964,0.9644313547802447
111.2061759961791,0.8146796431467964,0.9646579066606252
111.2082709454954,0.8150851581508516,0.9646579066606252
111.21420796042341,0.8154906731549068,0.9646579066606252
111.21837439997209,0.8158961881589619,0.9646579066606252
111.22161199700311,0.8158961881589619,0.9648844585410059
111.22802803801055,0.8158961881589619,0.9651110104213865
111.22861112486612,0.8158961881589619,0.9653375623017671
111.23562773030208,0.816301703163017,0.9653375623017671
111.23785680904558,0.816301703163017,0.9655641141821477
111.24137154536307,0.816301703163017,0.9657906660625283
111.25205447090707,0.816301703163017,0.966017217942909
111.25496994866057,0.816301703163017,0.9662437698232895
111.2645615890527,0.8167072181670721,0.9662437698232895
111.27420818526475,0.8167072181670721,0.9664703217036701
111.2753155618257,0.8171127331711273,0.9664703217036701
111.27669697819609,0.8175182481751825,0.9664703217036701
111.28012824153755,0.8179237631792377,0.9664703217036701
111.2821759868217,0.8183292781832928,0.9664703217036701
111.28565206794883,0.8183292781832928,0.9669234254644313
111.29500082781196,0.8183292781832928,0.967149977344812
111.3006343105068,0.8183292781832928,0.9673765292251926
111.30170233041883,0.818734793187348,0.9673765292251926
111.3024894962354,0.818734793187348,0.9676030811055731
111.303089754609,0.819140308191403,0.9676030811055731
111.3041552472044,0.8195458231954582,0.9676030811055731
111.3063198947668,0.8195458231954582,0.9678296329859538
111.31046407583167,0.8195458231954582,0.9680561848663344
111.31990254382258,0.8199513381995134,0.9680561848663344
111.33103456684468,0.8199513381995134,0.968282736746715
111.33187241003037,0.8199513381995134,0.9685092886270956
111.33267121862922,0.8199513381995134,0.9687358405074762
111.3329250580687,0.8203568532035685,0.9687358405074762
111.33442712591423,0.8207623682076237,0.9687358405074762
111.33772032541526,0.8207623682076237,0.9689623923878569
111.3378914969965,0.8207623682076237,0.9691889442682374
111.34227698218726,0.8211678832116789,0.9691889442682374
111.34765603799738,0.8215733982157339,0.9691889442682374
111.35099712120999,0.8215733982157339,0.969415496148618
111.3598754011193,0.8219789132197891,0.969415496148618
111.36236886624216,0.8223844282238443,0.969415496148618
111.36858060292738,0.8227899432278994,0.969415496148618
111.37458549042994,0.8231954582319546,0.969415496148618
111.37598367053964,0.8236009732360098,0.969415496148618
111.37683482560594,0.8236009732360098,0.9696420480289987
111.37706266847768,0.8240064882400648,0.9696420480289987
111.38217338981566,0.8240064882400648,0.9698685999093792
111.3845534426024,0.82441200324412,0.9698685999093792
111.39001629355472,0.8248175182481752,0.9698685999093792
111.39014734878704,0.8248175182481752,0.9700951517897598
111.39161549237764,0.8252230332522303,0.9700951517897598
111.39389435032834,0.8256285482562855,0.9700951517897598
111.39422163838441,0.8260340632603407,0.9700951517897598
111.39597279373986,0.8260340632603407,0.9703217036701405
111.39621377770554,0.8264395782643957,0.9703217036701405
111.40042055129611,0.8268450932684509,0.9703217036701405
111.40827351753259,0.8272506082725061,0.9703217036701405
111.40922373779887,0.8272506082725061,0.970548255550521
111.41061047992788,0.8276561232765612,0.970548255550521
111.41105923850698,0.8280616382806164,0.970548255550521
111.41642951210065,0.8280616382806164,0.9707748074309017
111.41758473935042,0.8284671532846716,0.9707748074309017
111.42211367882526,0.8288726682887266,0.9707748074309017
111.42278184032833,0.8292781832927818,0.9707748074309017
111.42580609971525,0.8292781832927818,0.9710013593112823
111.42598519658532,0.829683698296837,0.9710013593112823
111.42680295182535,0.8300892133008921,0.9710013593112823
111.4306152981593,0.8304947283049473,0.9710013593112823
111.43508342061875,0.8309002433090025,0.9710013593112823
111.44031252477882,0.8309002433090025,0.9712279111916629
111.44680271201496,0.8313057583130575,0.9712279111916629
111.44792069623072,0.8317112733171127,0.9712279111916629
111.45456727397779,0.8321167883211679,0.9712279111916629
111.46410943564183,0.832522303325223,0.9712279111916629
111.46412559569207,0.8329278183292782,0.9712279111916629
111.47015352255711,0.8333333333333334,0.9712279111916629
111.47885627028185,0.8337388483373885,0.9712279111916629
111.47993401694369,0.8341443633414436,0.9712279111916629
111.48466819270077,0.8345498783454988,0.9712279111916629
111.48725072901618,0.8349553933495539,0.9712279111916629
111.48945892079098,0.8353609083536091,0.9712279111916629
111.49366456529114,0.8357664233576643,0.9712279111916629
111.49508860238544,0.8361719383617194,0.9712279111916629
111.50030099790003,0.8361719383617194,0.9714544630720435
111.50268710169537,0.8361719383617194,0.9716810149524241
111.50657907646503,0.8365774533657745,0.9716810149524241
111.50863987560012,0.8365774533657745,0.9719075668328047
111.5138299188559,0.8369829683698297,0.9719075668328047
111.51772086622728,0.8373884833738848,0.9719075668328047
111.52441492645919,0.83779399837794,0.9719075668328047
111.52845352357565,0.8381995133819952,0.9719075668328047
111.52847829756013,0.8386050283860503,0.9719075668328047
111.53072187426592,0.8390105433901054,0.9719075668328047
111.53262396274366,0.8390105433901054,0.9721341187131853
111.54131286933259,0.8394160583941606,0.9721341187131853
111.54612522770677,0.8398215733982157,0.9721341187131853
111.55710770644042,0.8402270884022709,0.9721341187131853
111.55805169190826,0.8402270884022709,0.9723606705935659
111.56007273156656,0.8406326034063261,0.9723606705935659
111.56417219426913,0.8410381184103812,0.9723606705935659
111.56666504429268,0.8414436334144363,0.9723606705935659
111.57555856740092,0.8418491484184915,0.9723606705935659
111.57746265844253,0.8418491484184915,0.9725872224739466
111.58016765044142,0.8418491484184915,0.9728137743543271
111.58600934865564,0.8422546634225466,0.9728137743543271
111.59107519357048,0.8426601784266018,0.9728137743543271
111.59372003220241,0.8426601784266018,0.9730403262347077
111.60305370643957,0.843065693430657,0.9730403262347077
111.60449801986502,0.843065693430657,0.9732668781150884
111.60540388575279,0.8434712084347121,0.9732668781150884
111.60568758395034,0.8438767234387672,0.9732668781150884
111.60596961681702,0.8442822384428224,0.9732668781150884
111.6104459142752,0.8442822384428224,0.973493429995469
111.61372669819171,0.8446877534468775,0.973493429995469
111.61556444208568,0.8446877534468775,0.9737199818758495
111.62505083010682,0.8450932684509327,0.9737199818758495
111.63313994089373,0.8450932684509327,0.9739465337562302
111.63759512633717,0.8450932684509327,0.9741730856366108
111.63769974904615,0.8454987834549879,0.9741730856366108
111.64675841932004,0.845904298459043,0.9741730856366108
111.64836111300868,0.8463098134630981,0.9741730856366108
111.65260651013165,0.8467153284671532,0.9741730856366108
111.6550863088477,0.8471208434712084,0.9741730856366108
111.65977465116055,0.8475263584752636,0.9741730856366108
111.6631363769071,0.8475263584752636,0.9743996375169914
111.66454471659779,0.8475263584752636,0.974626189397372
111.66591976447917,0.8479318734793188,0.974626189397372
111.6679991541405,0.8483373884833739,0.974626189397372
111.6696410013045,0.8487429034874291,0.974626189397372
111.67326477068477,0.8491484184914841,0.974626189397372
111.67715701926889,0.8495539334955393,0.974626189397372
111.67956461616106,0.8499594484995945,0.974626189397372
111.68167329086141,0.8503649635036497,0.974626189397372
111.68222325835039,0.8503649635036497,0.9748527412777526
111.68916008657678,0.8503649635036497,0.9750792931581332
111.69570739436368,0.8507704785077048,0.9750792931581332
111.69576535125607,0.85117599351176,0.9750792931581332
111.69677940967111,0.85117599351176,0.9753058450385138
111.70404115726733,0.851581508515815,0.9753058450385138
111.7073726900581,0.8519870235198702,0.9753058450385138
111.72314367476972,0.8519870235198702,0.9755323969188944
111.72644195524114,0.8523925385239254,0.9755323969188944
111.72644778255699,0.8527980535279805,0.9755323969188944
111.7338986341511,0.8532035685320357,0.9755323969188944
111.7366167198957,0.8536090835360909,0.9755323969188944
111.74365164317331,0.8536090835360909,0.975758948799275
111.7453348902512,0.8540145985401459,0.975758948799275
111.7491409413356,0.8544201135442011,0.975758948799275
111.74953402453096,0.8548256285482563,0.975758948799275
111.75594690299673,0.8552311435523114,0.975758948799275
111.75932431028583,0.8556366585563666,0.975758948799275
111.76232799441127,0.8560421735604218,0.975758948799275
111.76405737125056,0.8564476885644768,0.975758948799275
111.76557915589628,0.856853203568532,0.975758948799275
111.77507194201687,0.8572587185725872,0.975758948799275
111.79390911913167,0.8576642335766423,0.975758948799275
111.79620244337949,0.8580697485806975,0.975758948799275
111.79666596021787,0.8584752635847527,0.975758948799275
111.79819148117679,0.8588807785888077,0.975758948799275
111.79882696706922,0.8592862935928629,0.975758948799275
111.80163646040025,0.8596918085969181,0.975758948799275
111.80726637140262,0.8600973236009732,0.975758948799275
111.81634637694066,0.8605028386050284,0.975758948799275
111.81661540490512,0.8609083536090836,0.975758948799275
111.81772011781295,0.8613138686131386,0.975758948799275
111.82006958428664,0.8613138686131386,0.9759855006796556
111.82107462670488,0.8617193836171938,0.9759855006796556
111.82413996194049,0.862124898621249,0.9759855006796556
111.82476394260947,0.8625304136253041,0.9759855006796556
111.82700805318753,0.8629359286293593,0.9759855006796556
111.83116669705966,0.8633414436334145,0.9759855006796556
111.8315765416407,0.8633414436334145,0.9762120525600363
111.83164030047743,0.8633414436334145,0.9764386044404169
111.83708375541556,0.8637469586374696,0.9764386044404169
111.83876337488091,0.8641524736415247,0.9764386044404169
111.84355732660936,0.8641524736415247,0.9766651563207974
111.84416557628,0.8645579886455799,0.9766651563207974
111.84632034332394,0.864963503649635,0.9766651563207974
111.84685208977213,0.864963503649635,0.9768917082011781
111.84854225364587,0.8653690186536902,0.9768917082011781
111.85650093760212,0.8657745336577454,0.9768917082011781
111.85945890064508,0.8657745336577454,0.9771182600815587
111.86043207989472,0.8657745336577454,0.9773448119619392
111.86304660021685,0.8657745336577454,0.9775713638423199
111.86412239280146,0.8661800486618005,0.9775713638423199
111.86568371018294,0.8665855636658556,0.9775713638423199
111.86617329332513,0.8669910786699108,0.9775713638423199
111.87498460665935,0.8669910786699108,0.9777979157227005
111.87520165985754,0.8673965936739659,0.9777979157227005
111.88685966837775,0.8673965936739659,0.9780244676030811
111.89186721602788,0.8673965936739659,0.9782510194834617
111.89844217067368,0.8678021086780211,0.9782510194834617
111.91483862210369,0.8678021086780211,0.9784775713638423
111.91566171940157,0.8682076236820763,0.9784775713638423
111.91717982419364,0.8686131386861314,0.9784775713638423
111.92411395251972,0.8690186536901865,0.9784775713638423
111.9279780067849,0.8694241686942417,0.9784775713638423
111.93656378699451,0.8694241686942417,0.978704123244223
111.9382015992178,0.8694241686942417,0.9789306751246035
111.94148409988938,0.8698296836982968,0.9789306751246035
111.94576222717471,0.8698296836982968,0.9791572270049841
111.94637551858922,0.870235198702352,0.9791572270049841
111.94736694577257,0.8706407137064072,0.9791572270049841
111.9508144214895,0.8710462287104623,0.9791572270049841
111.95436944547613,0.8710462287104623,0.9793837788853648
111.95657212290611,0.8710462287104623,0.9796103307657453
111.95704762625427,0.8714517437145174,0.9796103307657453
111.95950702273497,0.8714517437145174,0.9800634345265066
111.96050254818745,0.8714517437145174,0.9802899864068871
111.97861048809165,0.8718572587185726,0.9802899864068871
111.98343612005162,0.8722627737226277,0.9802899864068871
111.98366340765887,0.8726682887266829,0.9802899864068871
111.98393125148469,0.8730738037307381,0.9802899864068871
111.98544579304968,0.8734793187347932,0.9802899864068871
111.99075205144743,0.8738848337388483,0.9802899864068871
111.99390810521459,0.8738848337388483,0.9805165382872678
112.00599319204954,0.8742903487429035,0.9805165382872678
112.00962255482797,0.8746958637469586,0.9805165382872678
112.0191990684164,0.8751013787510138,0.9805165382872678
112.02805954887536,0.875506893755069,0.9805165382872678
112.02965648204948,0.8759124087591241,0.9805165382872678
112.03063390676013,0.8759124087591241,0.9807430901676484
112.03686811683093,0.8763179237631792,0.9807430901676484
112.03728180136461,0.8767234387672344,0.9807430901676484
112.03825795718434,0.8771289537712895,0.9807430901676484
112.04129924456176,0.8775344687753447,0.9807430901676484
112.0419133023852,0.8775344687753447,0.980969642048029
112.04259648080452,0.8779399837793999,0.980969642048029
112.0430826510035,0.878345498783455,0.980969642048029
112.04578474541646,0.878345498783455,0.9811961939284096
112.04619665895706,0.8787510137875101,0.9811961939284096
112.05018878600039,0.8791565287915653,0.9811961939284096
112.05110106788969,0.8791565287915653,0.9814227458087902
112.05347473740586,0.8795620437956204,0.9814227458087902
112.06209438125892,0.8799675587996756,0.9814227458087902
112.06532339605704,0.8803730738037308,0.9814227458087902
112.06934068508868,0.8803730738037308,0.9816492976891709
112.07022730504593,0.8807785888077859,0.9816492976891709
112.0714618280439,0.8807785888077859,0.9818758495695514
112.07371294148719,0.8811841038118411,0.9818758495695514
112.07743557022785,0.8815896188158961,0.9818758495695514
112.09357981725282,0.8815896188158961,0.982102401449932
112.09824208181892,0.8819951338199513,0.982102401449932
112.11121375707468,0.8824006488240065,0.982102401449932
112.12189143683818,0.8828061638280617,0.982102401449932
112.12254636213905,0.8828061638280617,0.9823289533303127
112.12299799573137,0.8832116788321168,0.9823289533303127
112.12842643007895,0.883617193836172,0.9823289533303127
112.13960908123764,0.883617193836172,0.9825555052106932
112.14613881869347,0.883617193836172,0.9827820570910738
112.14796870146375,0.884022708840227,0.9827820570910738
112.15323172634804,0.8844282238442822,0.9827820570910738
112.16068312438003,0.8848337388483374,0.9827820570910738
112.16431843697497,0.8852392538523925,0.9827820570910738
112.16694141953397,0.8856447688564477,0.9827820570910738
112.16778940672948,0.8860502838605029,0.9827820570910738
112.18629465935125,0.8864557988645579,0.9827820570910738
112.19225424843967,0.8868613138686131,0.9827820570910738
112.19498076569282,0.8872668288726683,0.9827820570910738
112.21915117193795,0.8876723438767234,0.9827820570910738
112.22522828430792,0.8880778588807786,0.9827820570910738
112.23526482452962,0.8884833738848338,0.9827820570910738
112.23536360851547,0.8888888888888888,0.9827820570910738
112.24023799403379,0.889294403892944,0.9827820570910738
112.24330292260429,0.8896999188969992,0.9827820570910738
112.24444419765084,0.8901054339010543,0.9827820570910738
112.2517581101572,0.8905109489051095,0.9827820570910738
112.25948764640377,0.8905109489051095,0.9830086089714545
112.26667100749634,0.8909164639091647,0.9830086089714545
112.27315534243661,0.8909164639091647,0.983235160851835
112.2792185910163,0.8909164639091647,0.9834617127322157
112.28016459093226,0.8913219789132197,0.9834617127322157
112.28204544882031,0.8917274939172749,0.9834617127322157
112.28507076110778,0.8921330089213301,0.9834617127322157
112.28550679858549,0.8925385239253852,0.9834617127322157
112.292930090834,0.8925385239253852,0.9836882646125963
112.29432450890182,0.8929440389294404,0.9836882646125963
112.29512964802319,0.8929440389294404,0.9839148164929769
112.31817272442454,0.8933495539334956,0.9839148164929769
112.32250284042391,0.8937550689375506,0.9839148164929769
112.32912529733412,0.8941605839416058,0.9839148164929769
112.32983922876916,0.8941605839416058,0.9841413683733575
112.33245391982322,0.894566098945661,0.9841413683733575
112.34963336365888,0.8949716139497161,0.9841413683733575
112.3521324960744,0.8953771289537713,0.9841413683733575
112.3642878290388,0.8957826439578265,0.9841413683733575
112.36889997356393,0.8961881589618816,0.9841413683733575
112.37530864325248,0.8961881589618816,0.9843679202537381
112.38420329113461,0.8965936739659367,0.9843679202537381
112.39584557936321,0.8969991889699919,0.9843679202537381
112.3994033545039,0.897404703974047,0.9843679202537381
112.39973856575739,0.8978102189781022,0.9843679202537381
112.40258743706015,0.8982157339821574,0.9843679202537381
112.40439612640758,0.8982157339821574,0.9845944721341187
112.4140958582713,0.8982157339821574,0.9848210240144993
112.41974279540696,0.8986212489862125,0.9848210240144993
112.42021415558953,0.8990267639902676,0.9848210240144993
112.42148512987242,0.8994322789943228,0.9848210240144993
112.42305441017331,0.8998377939983779,0.9848210240144993
112.42479257191759,0.8998377939983779,0.9850475758948799
112.4270164384982,0.9002433090024331,0.9850475758948799
112.43395002013366,0.9006488240064883,0.9850475758948799
112.44596352230973,0.9010543390105434,0.9850475758948799
112.4627466527989,0.9014598540145985,0.9850475758948799
112.46569242353335,0.9018653690186537,0.9850475758948799
112.47193008490197,0.9022708840227088,0.9850475758948799
112.472105972092,0.902676399026764,0.9850475758948799
112.47624193559113,0.9030819140308192,0.9850475758948799
112.48071202109122,0.9034874290348743,0.9850475758948799
112.4865088164466,0.9038929440389294,0.9850475758948799
112.49710157594002,0.9038929440389294,0.9852741277752606
112.50576583509155,0.9038929440389294,0.9855006796556411
112.51205172402842,0.9042984590429846,0.9855006796556411
112.51725607267265,0.9047039740470397,0.9855006796556411
112.52631053034249,0.9051094890510949,0.9855006796556411
112.53919599677764,0.9055150040551501,0.9855006796556411
112.54724664999358,0.9055150040551501,0.9857272315360217
112.55387747490053,0.9055150040551501,0.9859537834164024
112.56536032899047,0.9059205190592052,0.9859537834164024
112.57699393093128,0.9059205190592052,0.986180335296783
112.58153555418467,0.9063260340632603,0.986180335296783
112.58182167785792,0.9067315490673155,0.986180335296783
112.58635075543039,0.9071370640713706,0.986180335296783
112.58789480573742,0.9075425790754258,0.986180335296783
112.59173246580251,0.907948094079481,0.986180335296783
112.60683132083113,0.907948094079481,0.9864068871771635
112.61038452489761,0.9083536090835361,0.9864068871771635
112.61084540329794,0.9087591240875912,0.9864068871771635
112.62781629107917,0.9091646390916464,0.9864068871771635
112.63871733501065,0.9095701540957015,0.9864068871771635
112.64750993977817,0.9095701540957015,0.9866334390575442
112.65276153265084,0.9099756690997567,0.9866334390575442
112.65759702566483,0.9103811841038119,0.9866334390575442
112.66021364367684,0.910786699107867,0.9866334390575442
112.66023176966438,0.9111922141119222,0.9866334390575442
112.67205842804172,0.9115977291159773,0.9866334390575442
112.68397302858136,0.9120032441200324,0.9866334390575442
112.69478678834867,0.9120032441200324,0.9870865428183054
112.69625919133789,0.9120032441200324,0.987313094698686
112.69722161797961,0.9120032441200324,0.9875396465790666
112.70411226105755,0.9124087591240876,0.9875396465790666
112.70482989377065,0.9128142741281428,0.9875396465790666
112.71215610893793,0.9132197891321979,0.9875396465790666
112.71347312091807,0.9136253041362531,0.9875396465790666
112.71825174436611,0.9136253041362531,0.9877661984594472
112.7245209092484,0.9140308191403081,0.9877661984594472
112.72841166857648,0.9144363341443633,0.9877661984594472
112.74243826200282,0.9148418491484185,0.9877661984594472
112.74271206375158,0.9152473641524737,0.9877661984594472
112.74464441556691,0.9156528791565288,0.9877661984594472
112.76080784659645,0.9156528791565288,0.9879927503398278
112.77253674324562,0.916058394160584,0.9879927503398278
112.77573978747544,0.916463909164639,0.9879927503398278
112.7847379267301,0.9168694241686942,0.9879927503398278
112.80006875617096,0.9172749391727494,0.9879927503398278
112.81194140133923,0.9176804541768045,0.9879927503398278
112.81427852088922,0.9176804541768045,0.9882193022202084
112.8183994242472,0.9176804541768045,0.988445854100589
112.82358953132868,0.9180859691808597,0.988445854100589
112.8246418052397,0.9180859691808597,0.9886724059809696
112.82594927131018,0.9184914841849149,0.9886724059809696
112.84883135465158,0.9188969991889699,0.9886724059809696
112.87997659382249,0.9193025141930251,0.9886724059809696
112.88103695353601,0.9197080291970803,0.9886724059809696
112.88400312437169,0.9201135442011354,0.9886724059809696
112.88799809106614,0.9205190592051906,0.9886724059809696
112.88997217868157,0.9209245742092458,0.9886724059809696
112.89093930265258,0.9213300892133008,0.9886724059809696
112.89492877896127,0.921735604217356,0.9886724059809696
112.90643650402149,0.9221411192214112,0.9886724059809696
112.91289588367512,0.9225466342254663,0.9886724059809696
112.91740300526928,0.9225466342254663,0.9888989578613503
112.91956761252152,0.9229521492295215,0.9888989578613503
112.92410234069747,0.9229521492295215,0.9891255097417309
112.92676132274127,0.9233576642335767,0.9891255097417309
112.93959284836465,0.9237631792376317,0.9891255097417309
112.94424294340426,0.9241686942416869,0.9891255097417309
112.95100998958083,0.9245742092457421,0.9891255097417309
112.95525635246497,0.9245742092457421,0.9893520616221114
112.96077964673067,0.9245742092457421,0.9895786135024921
112.9607970598803,0.9249797242497972,0.9895786135024921
112.9731483604378,0.9253852392538524,0.9895786135024921
112.9743713816671,0.9257907542579076,0.9895786135024921
112.97622333817117,0.9261962692619627,0.9895786135024921
112.9793962300906,0.9266017842660178,0.9895786135024921
112.98935275513553,0.927007299270073,0.9895786135024921
112.9991071566878,0.927007299270073,0.9898051653828727
113.0084188044115,0.9274128142741281,0.9898051653828727
113.01087781522524,0.9278183292781833,0.9898051653828727
113.02089509932313,0.9282238442822385,0.9898051653828727
113.02736536212971,0.9286293592862936,0.9898051653828727
113.04485825403984,0.9290348742903487,0.9898051653828727
113.04824656597108,0.9294403892944039,0.9898051653828727
113.0525570859115,0.929845904298459,0.9898051653828727
113.06395914344418,0.9302514193025142,0.9898051653828727
113.06749962388227,0.9306569343065694,0.9898051653828727
113.07088432210601,0.9310624493106245,0.9898051653828727
113.08415590917096,0.9314679643146796,0.9898051653828727
113.08432027875328,0.9318734793187348,0.9898051653828727
113.08901536503103,0.9322789943227899,0.9898051653828727
113.09744456345221,0.9326845093268451,0.9898051653828727
113.10704382951131,0.9330900243309003,0.9898051653828727
113.10876100381284,0.9334955393349554,0.9898051653828727
113.11475789429821,0.9339010543390105,0.9898051653828727
113.11799816521248,0.9343065693430657,0.9898051653828727
113.12267590331741,0.9343065693430657,0.9900317172632532
113.13261492858761,0.9347120843471208,0.9900317172632532
113.13354832646897,0.9347120843471208,0.9902582691436339
113.15098617392185,0.935117599351176,0.9902582691436339
113.15181648205395,0.9355231143552312,0.9902582691436339
113.17179254873113,0.9359286293592863,0.9902582691436339
113.1759340600504,0.9359286293592863,0.9904848210240145
113.18902983852959,0.9363341443633414,0.9904848210240145
113.19634608296293,0.9367396593673966,0.9904848210240145
113.19694592515339,0.9367396593673966,0.9907113729043951
113.19864005698936,0.9371451743714517,0.9907113729043951
113.19952767452303,0.9375506893755069,0.9907113729043951
113.20263810726254,0.9379562043795621,0.9907113729043951
113.20834345977799,0.9383617193836172,0.9907113729043951
113.21159685415275,0.9387672343876723,0.9907113729043951
113.21879154089207,0.9391727493917275,0.9907113729043951
113.21881201129631,0.9395782643957826,0.9907113729043951
113.22189039224574,0.9399837793998378,0.9907113729043951
113.23239889942137,0.940389294403893,0.9907113729043951
113.23751425122586,0.9407948094079481,0.9907113729043951
113.24307540256314,0.9412003244120033,0.9907113729043951
113.2443289940195,0.9416058394160584,0.9907113729043951
113.24612373320626,0.9420113544201135,0.9907113729043951
113.25200868411704,0.9424168694241687,0.9907113729043951
113.25570404063318,0.9424168694241687,0.9909379247847757
113.26082697783384,0.9424168694241687,0.9911644766651563
113.26101707061163,0.9428223844282239,0.9911644766651563
113.265295952566,0.943227899432279,0.9911644766651563
113.26677333948261,0.9436334144363342,0.9911644766651563
113.27516332554296,0.9440389294403893,0.9911644766651563
113.27537403640201,0.9444444444444444,0.9911644766651563
113.28056813998683,0.9448499594484996,0.9911644766651563
113.28791406924469,0.9452554744525548,0.9911644766651563
113.3011768888063,0.9456609894566099,0.9911644766651563
113.3176388509422,0.9456609894566099,0.991391028545537
113.32195936477432,0.9460665044606651,0.991391028545537
113.32609334185261,0.9464720194647201,0.991391028545537
113.33302701148945,0.9468775344687753,0.991391028545537
113.3355709228262,0.9472830494728305,0.991391028545537
113.33936089216076,0.9476885644768857,0.991391028545537
113.34630354061947,0.9480940794809408,0.991391028545537
113.35361157045995,0.948499594484996,0.991391028545537
113.35386312328374,0.948499594484996,0.9916175804259175
113.35527576468338,0.948905109489051,0.9916175804259175
113.35539305220642,0.9493106244931062,0.9916175804259175
113.36614825033696,0.9497161394971614,0.9916175804259175
113.37342221471211,0.9497161394971614,0.9918441323062981
113.37821358518853,0.9501216545012166,0.9918441323062981
113.38504803356138,0.9505271695052717,0.9918441323062981
113.38985998424302,0.9509326845093269,0.9918441323062981
113.39422014746475,0.9509326845093269,0.9920706841866788
113.40950524610601,0.9513381995133819,0.9920706841866788
113.41409889772045,0.9513381995133819,0.9922972360670593
113.41436289249903,0.9517437145174371,0.9922972360670593
113.42436084705918,0.9521492295214923,0.9922972360670593
113.4281444067295,0.9521492295214923,0.99252378794744
113.43876280167605,0.9525547445255474,0.99252378794744
113.45693238032254,0.9529602595296026,0.99252378794744
113.45837577834025,0.9533657745336578,0.99252378794744
113.45993054300652,0.9533657745336578,0.9927503398278206
113.46282126758715,0.9537712895377128,0.9927503398278206
113.46723327296853,0.954176804541768,0.9927503398278206
113.4764967949421,0.9545823195458232,0.9927503398278206
113.47726360558063,0.9545823195458232,0.9929768917082011
113.48224503389395,0.9549878345498783,0.9929768917082011
113.49543222264901,0.9549878345498783,0.9934299954689624
113.49794572449687,0.9553933495539335,0.9934299954689624
113.49828304202349,0.9553933495539335,0.993656547349343
113.4987293381163,0.9557988645579887,0.993656547349343
113.50021382797931,0.9562043795620438,0.993656547349343
113.51321516244806,0.9562043795620438,0.9938830992297236
113.51543486158597,0.9566098945660989,0.9938830992297236
113.55201374995353,0.9570154095701541,0.9938830992297236
113.55429325423911,0.9574209245742092,0.9938830992297236
113.5597904624285,0.9578264395782644,0.9938830992297236
113.56849122861594,0.9582319545823196,0.9938830992297236
113.5751369930889,0.9582319545823196,0.9941096511101042
113.57516499217813,0.9582319545823196,0.9943362029904849
113.59375572903386,0.9586374695863747,0.9943362029904849
113.6111654610938,0.9590429845904298,0.9943362029904849
113.63140947019694,0.959448499594485,0.9943362029904849
113.63560955218662,0.9598540145985401,0.9943362029904849
113.64053901228493,0.9602595296025953,0.9943362029904849
113.6483212512975,0.9606650446066505,0.9943362029904849
113.65497128856437,0.9610705596107056,0.9943362029904849
113.65570772422494,0.9614760746147607,0.9943362029904849
113.65889722925891,0.9618815896188159,0.9943362029904849
113.67250180954042,0.962287104622871,0.9943362029904849
113.67870329702023,0.9626926196269262,0.9943362029904849
113.68174769758946,0.9630981346309814,0.9943362029904849
113.69792945066347,0.9635036496350365,0.9943362029904849
113.70377896304817,0.9639091646390916,0.9943362029904849
113.70549547803863,0.9643146796431468,0.9943362029904849
113.70606033893637,0.9647201946472019,0.9943362029904849
113.7094153004267,0.9651257096512571,0.9943362029904849
113.72033061695484,0.9655312246553123,0.9943362029904849
113.72321860631602,0.9659367396593674,0.9943362029904849
113.7288933035689,0.9663422546634225,0.9943362029904849
113.73836327314098,0.9667477696674777,0.9943362029904849
113.74324451880136,0.9671532846715328,0.9943362029904849
113.744178697932,0.967558799675588,0.9943362029904849
113.74710065179607,0.9679643146796432,0.9943362029904849
113.74963404795949,0.9683698296836983,0.9943362029904849
113.75434533621134,0.9683698296836983,0.9945627548708654
113.75450569361115,0.9683698296836983,0.994789306751246
113.76315990213722,0.9687753446877534,0.994789306751246
113.79175932002163,0.9691808596918086,0.994789306751246
113.81689831227904,0.9695863746958637,0.994789306751246
113.83152740073929,0.9695863746958637,0.9950158586316267
113.83422970665075,0.9699918896999189,0.9950158586316267
113.85074342876274,0.9703974047039741,0.9950158586316267
113.85697038612308,0.9708029197080292,0.9950158586316267
113.86314398105208,0.9712084347120844,0.9950158586316267
113.86417459535271,0.9716139497161395,0.9950158586316267
113.87241246279487,0.9720194647201946,0.9950158586316267
113.87359877359292,0.9724249797242498,0.9950158586316267
113.87596348848166,0.972830494728305,0.9950158586316267
113.89391313693228,0.972830494728305,0.9952424105120072
113.8979606611701,0.972830494728305,0.9954689623923878
113.90763648587459,0.972830494728305,0.9956955142727685
113.90998711849342,0.9732360097323601,0.9956955142727685
113.91045226494242,0.9732360097323601,0.995922066153149
113.91418747054558,0.9732360097323601,0.9961486180335297
113.92263962249422,0.9736415247364153,0.9961486180335297
113.9233484328683,0.9740470397404704,0.9961486180335297
113.92338136522122,0.9744525547445255,0.9961486180335297
113.93617506909241,0.9744525547445255,0.9963751699139103
113.95878789889062,0.9744525547445255,0.9966017217942909
113.97173425891592,0.9744525547445255,0.9968282736746715
113.97228013655723,0.9748580697485807,0.9968282736746715
113.98542372395565,0.9752635847526359,0.9968282736746715
113.99064488894246,0.975669099756691,0.9968282736746715
113.9952716116878,0.9760746147607462,0.9968282736746715
113.99742540461548,0.9764801297648013,0.9968282736746715
114.01933496372513,0.9768856447688564,0.9968282736746715
114.02844979875991,0.9772911597729116,0.9968282736746715
114.05973800845508,0.9772911597729116,0.9970548255550521
114.09273417499513,0.9776966747769668,0.9970548255550521
114.09675950375133,0.9781021897810219,0.9970548255550521
114.10524258647885,0.9785077047850771,0.9970548255550521
114.12762683590091,0.9789132197891321,0.9970548255550521
114.14872005939539,0.9793187347931873,0.9970548255550521
114.18698311112936,0.9797242497972425,0.9970548255550521
114.19148925295575,0.9801297648012977,0.9970548255550521
114.20916154096365,0.9805352798053528,0.9970548255550521
114.21187711992035,0.980940794809408,0.9970548255550521
114.218847673515,0.981346309813463,0.9970548255550521
114.24202923170239,0.981346309813463,0.9972813774354327
114.26361736468606,0.9817518248175182,0.9972813774354327
114.28189277507843,0.9817518248175182,0.9977344811961939
114.29592436906111,0.9821573398215734,0.9977344811961939
114.32500878565466,0.9825628548256286,0.9977344811961939
114.32543909691461,0.9825628548256286,0.9979610330765746
114.37240949973508,0.9825628548256286,0.9981875849569551
114.38877901173691,0.9829683698296837,0.9981875849569551
114.39251242282677,0.9833738848337389,0.9981875849569551
114.39301839921177,0.9837793998377939,0.9981875849569551
114.3942327581347,0.9841849148418491,0.9981875849569551
114.39897482142152,0.9845904298459043,0.9981875849569551
114.4146154300568,0.9849959448499594,0.9981875849569551
114.45019638504536,0.9854014598540146,0.9981875849569551
114.46715451647859,0.9854014598540146,0.9984141368373357
114.4738500636999,0.9858069748580698,0.9984141368373357
114.47651828763142,0.986212489862125,0.9984141368373357
114.48357139964243,0.98661800486618,0.9984141368373357
114.49962191628565,0.9870235198702352,0.9984141368373357
114.52216666688625,0.9874290348742903,0.9984141368373357
114.56908363255239,0.9878345498783455,0.9984141368373357
114.58469888136743,0.9882400648824007,0.9984141368373357
114.61407516304882,0.9886455798864558,0.9984141368373357
114.61498620434085,0.9890510948905109,0.9984141368373357
114.62558185700573,0.9894566098945661,0.9984141368373357
114.63021751149044,0.9898621248986212,0.9984141368373357
114.63882187840275,0.9898621248986212,0.9986406887177164
114.63927465371403,0.9902676399026764,0.9986406887177164
114.6565550799519,0.9906731549067316,0.9986406887177164
114.70030969399073,0.9906731549067316,0.998867240598097
114.71125337568988,0.9910786699107867,0.998867240598097
114.77261720136845,0.9914841849148418,0.998867240598097
114.81239935063385,0.991889699918897,0.998867240598097
114.87893860044736,0.991889699918897,0.9990937924784775
114.91721097070725,0.9922952149229521,0.9990937924784775
114.93497634691674,0.9927007299270073,0.9990937924784775
114.94582355214467,0.9931062449310625,0.9990937924784775
114.97375912014378,0.9935117599351176,0.9990937924784775
114.99032167090992,0.9939172749391727,0.9990937924784775
115.03971900358081,0.9943227899432279,0.9990937924784775
115.04388466355833,0.994728304947283,0.9990937924784775
115.13527038731112,0.9951338199513382,0.9990937924784775
115.16654871110384,0.9955393349553934,0.9990937924784775
115.32204763838544,0.9959448499594485,0.9990937924784775
115.36338330376441,0.9963503649635036,0.9990937924784775
115.36476009416947,0.9967558799675588,0.9990937924784775
115.38819920634879,0.9967558799675588,0.9993203443588582
115.40113865155327,0.9967558799675588,0.9995468962392388
115.44704859643116,0.9971613949716139,0.9995468962392388
115.57690992491307,0.9975669099756691,0.9995468962392388
115.62443625491368,0.9979724249797243,0.9995468962392388
115.68478830230036,0.9983779399837794,0.9995468962392388
115.71203089190738,0.9987834549878345,0.9995468962392388
115.71688232973439,0.9987834549878345,1.0
115.72656238384667,0.9991889699918897,1.0
116.1140108586218,0.9995944849959448,1.0
