threshold,fpr,tpr
-45133644.48205771,0.0,0.0
-44587641.97632898,0.0,0.0021645021645021645
-41487687.696766056,0.0,0.004329004329004329
-29157774.486992776,0.0,0.006493506493506494
-22221229.29353953,0.0,0.008658008658008658
-20748338.72265869,0.0,0.010822510822510822
-11339841.38643214,0.0007246376811594203,0.010822510822510822
-10470269.883054676,0.0014492753623188406,0.010822510822510822
-10129506.245932704,0.0014492753623188406,0.012987012987012988
-6231236.5495595075,0.0014492753623188406,0.015151515151515152
-4517054.302004153,0.0014492753623188406,0.017316017316017316
-3867082.4208926507,0.0014492753623188406,0.01948051948051948
-3461593.9471188216,0.0014492753623188406,0.021645021645021644
-2302700.358568093,0.0014492753623188406,0.023809523809523808
-2216143.067745683,0.0014492753623188406,0.025974025974025976
-1358954.2811165901,0.0014492753623188406,0.02813852813852814
-577349.8456992739,0.0014492753623188406,0.030303030303030304
-576427.8454843832,0.0014492753623188406,0.032467532467532464
-576091.713949818,0.0014492753623188406,0.03463203463203463
-573601.7458733282,0.0014492753623188406,0.0367965367965368
-571610.1705016261,0.0014492753623188406,0.03896103896103896
-520165.1782449319,0.0014492753623188406,0.04112554112554113
-489919.7613679425,0.0014492753623188406,0.04329004329004329
-422488.45992575196,0.0014492753623188406,0.045454545454545456
-418971.52133263566,0.0014492753623188406,0.047619047619047616
-409426.96541895607,0.0014492753623188406,0.049783549783549784
-403069.81521634024,0.0014492753623188406,0.05194805194805195
-399563.5597701927,0.002173913043478261,0.05194805194805195
-388280.5096454566,0.002173913043478261,0.05411255411255411
-372824.81559402094,0.002898550724637681,0.05411255411255411
-371424.52070580644,0.002898550724637681,0.05627705627705628
-363820.9243190796,0.002898550724637681,0.05844155844155844
-362904.14453313366,0.002898550724637681,0.06060606060606061
-324193.11865931033,0.002898550724637681,0.06277056277056277
-321388.56153660105,0.0036231884057971015,0.06277056277056277
-313326.4082518918,0.0036231884057971015,0.06493506493506493
-311018.87963585637,0.0036231884057971015,0.0670995670995671
-277553.61283610424,0.0036231884057971015,0.06926406926406926
-272057.3257518734,0.0036231884057971015,0.07142857142857142
-270635.6963171114,0.0036231884057971015,0.0735930735930736
-247988.41363818344,0.0036231884057971015,0.07575757575757576
-247860.5383182672,0.0036231884057971015,0.07792207792207792
-243670.31071248412,0.0036231884057971015,0.08008658008658008
-234842.73520078143,0.004347826086956522,0.08008658008658008
-234032.17256925226,0.004347826086956522,0.08225108225108226
-233728.01454933314,0.004347826086956522,0.08441558441558442
-232838.5860259015,0.005072463768115942,0.08441558441558442
-232488.1391440428,0.005072463768115942,0.08658008658008658
-231703.399493116,0.005072463768115942,0.08874458874458875
-231067.28853041062,0.005072463768115942,0.09090909090909091
-230252.87005473068,0.005072463768115942,0.09307359307359307
-229909.15613906062,0.005072463768115942,0.09523809523809523
-228480.328856598,0.005072463768115942,0.09740259740259741
-228161.68596764607,0.005072463768115942,0.09956709956709957
-226519.99472852598,0.005072463768115942,0.10173160173160173
-226131.70994057908,0.005072463768115942,0.1038961038961039
-225932.58728119376,0.005072463768115942,0.10606060606060606
-223037.3248023913,0.005072463768115942,0.10822510822510822
-221622.19942534485,0.005072463768115942,0.11038961038961038
-220018.22853364193,0.005072463768115942,0.11255411255411256
-217549.25591682896,0.005797101449275362,0.11255411255411256
-214784.213217071,0.006521739130434782,0.11255411255411256
-212885.76303833583,0.006521739130434782,0.11471861471861472
-212117.8728413908,0.006521739130434782,0.11688311688311688
-210442.3338219509,0.007246376811594203,0.11688311688311688
-208785.69699925827,0.007246376811594203,0.11904761904761904
-208573.07537472993,0.007246376811594203,0.12121212121212122
-202440.50017445863,0.007246376811594203,0.12337662337662338
-199011.2545257955,0.007246376811594203,0.12554112554112554
-197180.38470768588,0.007246376811594203,0.1277056277056277
-197152.2008165738,0.007246376811594203,0.12987012987012986
-196871.17307271005,0.007246376811594203,0.13203463203463203
-189165.60719058386,0.007971014492753623,0.13203463203463203
-187314.40103865936,0.007971014492753623,0.1341991341991342
-182988.6896883068,0.007971014492753623,0.13636363636363635
-182749.68729339135,0.007971014492753623,0.13852813852813853
-182474.29465397517,0.007971014492753623,0.1406926406926407
-180857.40066027103,0.007971014492753623,0.14285714285714285
-178838.6463681183,0.008695652173913044,0.14285714285714285
-178785.1617451348,0.008695652173913044,0.14502164502164502
-177378.19748289217,0.008695652173913044,0.1471861471861472
-176703.5545024597,0.008695652173913044,0.14935064935064934
-176327.26895539538,0.008695652173913044,0.15151515151515152
-175830.94969796936,0.008695652173913044,0.15367965367965367
-171720.69935214406,0.009420289855072464,0.15367965367965367
-171353.04226358538,0.010144927536231883,0.15367965367965367
-169635.52198869115,0.010144927536231883,0.15584415584415584
-169389.20034548567,0.010144927536231883,0.15800865800865802
-167771.12747100918,0.010144927536231883,0.16017316017316016
-166862.34041307488,0.010869565217391304,0.16017316017316016
-163552.75345677798,0.010869565217391304,0.16233766233766234
-160349.45210841903,0.010869565217391304,0.1645021645021645
-154879.16272797374,0.010869565217391304,0.16666666666666666
-153284.58120292798,0.010869565217391304,0.16883116883116883
-149235.34713206394,0.010869565217391304,0.170995670995671
-147500.09863500204,0.010869565217391304,0.17316017316017315
-145644.36899703645,0.010869565217391304,0.17532467532467533
-145360.5895310367,0.010869565217391304,0.1774891774891775
-145259.05905484405,0.011594202898550725,0.1774891774891775
-144821.7964970265,0.011594202898550725,0.17965367965367965
-144520.36643580507,0.011594202898550725,0.18181818181818182
-143930.71454032077,0.011594202898550725,0.18398268398268397
-143794.3641210949,0.011594202898550725,0.18614718614718614
-142063.63287158828,0.011594202898550725,0.18831168831168832
-138145.99645510773,0.011594202898550725,0.19047619047619047
-137880.22139873792,0.011594202898550725,0.19264069264069264
-137763.65662195935,0.012318840579710146,0.19264069264069264
-137642.15967252228,0.013043478260869565,0.19264069264069264
-137167.96262393784,0.013043478260869565,0.19480519480519481
-137015.74193990376,0.013043478260869565,0.19696969696969696
-136518.3055754687,0.013768115942028985,0.19696969696969696
-135442.6882666265,0.014492753623188406,0.19696969696969696
-134903.2401728406,0.015217391304347827,0.19696969696969696
-134800.29599505966,0.015942028985507246,0.19696969696969696
-134614.45748128693,0.016666666666666666,0.19696969696969696
-134585.01579400408,0.017391304347826087,0.19696969696969696
-134267.818232235,0.017391304347826087,0.19913419913419914
-133914.27559533782,0.018115942028985508,0.19913419913419914
-131247.90780041667,0.01884057971014493,0.19913419913419914
-131093.9539754968,0.01884057971014493,0.2012987012987013
-130988.6868709398,0.01956521739130435,0.2012987012987013
-130870.21785083698,0.020289855072463767,0.2012987012987013
-128537.89604013003,0.021014492753623187,0.2012987012987013
-128419.51611618215,0.021014492753623187,0.20346320346320346
-128345.3762044221,0.021014492753623187,0.20562770562770563
-127869.57108099994,0.021014492753623187,0.2077922077922078
-127366.89823478929,0.021014492753623187,0.20995670995670995
-127260.23675290542,0.021014492753623187,0.21212121212121213
-126982.18238023474,0.021014492753623187,0.21428571428571427
-126951.79098911173,0.021014492753623187,0.21645021645021645
-126880.49740997524,0.021014492753623187,0.21861471861471862
-126486.54345831441,0.021014492753623187,0.22077922077922077
-126270.8559262768,0.021014492753623187,0.22294372294372294
-126248.12014066844,0.021739130434782608,0.22294372294372294
-125958.19336061337,0.021739130434782608,0.22510822510822512
-125951.27330463225,0.021739130434782608,0.22727272727272727
-125879.60882422456,0.021739130434782608,0.22943722943722944
-125817.70235315131,0.02246376811594203,0.22943722943722944
-125771.31940115141,0.02246376811594203,0.23160173160173161
-125630.818197157,0.02246376811594203,0.23376623376623376
-125610.1993870296,0.02246376811594203,0.23593073593073594
-125410.9339883246,0.02246376811594203,0.23809523809523808
-125401.85725572548,0.02246376811594203,0.24025974025974026
-125145.7077915759,0.02318840579710145,0.24025974025974026
-125126.1227517571,0.02318840579710145,0.24242424242424243
-125081.06084022755,0.02318840579710145,0.24458874458874458
-124934.91662675177,0.02318840579710145,0.24675324675324675
-124908.51099136885,0.02318840579710145,0.24891774891774893
-124896.43523593203,0.02318840579710145,0.2510822510822511
-124890.00077433666,0.02318840579710145,0.2532467532467532
-124824.95603138441,0.02318840579710145,0.2554112554112554
-124550.54147366225,0.02318840579710145,0.25757575757575757
-124544.62782620228,0.02318840579710145,0.2597402597402597
-124460.2779664381,0.02318840579710145,0.2619047619047619
-124302.83418570753,0.02318840579710145,0.26406926406926406
-124194.38311119107,0.02318840579710145,0.2662337662337662
-124125.99961770975,0.02318840579710145,0.2683982683982684
-123723.22623685343,0.02318840579710145,0.27056277056277056
-123583.16007778991,0.02318840579710145,0.2727272727272727
-123547.1573353972,0.02318840579710145,0.2748917748917749
-123476.76717753208,0.02391304347826087,0.2748917748917749
-123053.80318230469,0.02391304347826087,0.27705627705627706
-122831.98671506811,0.02391304347826087,0.2792207792207792
-122568.93947355627,0.02391304347826087,0.2813852813852814
-122261.23549915603,0.02391304347826087,0.28354978354978355
-121028.8035396029,0.02463768115942029,0.28354978354978355
-120959.27408707651,0.02463768115942029,0.2857142857142857
-120721.16811106686,0.02463768115942029,0.2878787878787879
-120113.35779190421,0.025362318840579712,0.2878787878787879
-120047.08363648166,0.025362318840579712,0.29004329004329005
-119969.48185607287,0.025362318840579712,0.2922077922077922
-119906.04878847889,0.025362318840579712,0.2943722943722944
-119860.58159943714,0.025362318840579712,0.29653679653679654
-119682.52745140114,0.025362318840579712,0.2987012987012987
-119625.67031418384,0.02608695652173913,0.2987012987012987
-119503.75690103427,0.02608695652173913,0.3008658008658009
-119479.23560717647,0.02608695652173913,0.30303030303030304
-119477.92817491479,0.02608695652173913,0.3051948051948052
-119470.62559174091,0.02608695652173913,0.30735930735930733
-119013.96058198952,0.02681159420289855,0.30735930735930733
-118610.13232648725,0.02681159420289855,0.30952380952380953
-118475.07002335184,0.02681159420289855,0.3116883116883117
-118461.10636411016,0.02681159420289855,0.31385281385281383
-118412.5195622347,0.02681159420289855,0.31601731601731603
-118379.40480598444,0.02753623188405797,0.31601731601731603
-118275.41379884863,0.02753623188405797,0.3181818181818182
-118268.6340287023,0.02753623188405797,0.3203463203463203
-117932.3236698299,0.02753623188405797,0.3225108225108225
-117851.91030109883,0.02753623188405797,0.3246753246753247
-117523.02158023333,0.02753623188405797,0.3268398268398268
-117494.8985706846,0.02753623188405797,0.329004329004329
-117430.30933884601,0.02826086956521739,0.329004329004329
-116886.71110649582,0.028985507246376812,0.329004329004329
-116828.67788823464,0.029710144927536233,0.329004329004329
-116761.26168941404,0.030434782608695653,0.329004329004329
-116560.35016613294,0.031159420289855074,0.329004329004329
-116046.9031444698,0.03188405797101449,0.329004329004329
-115541.86081316261,0.03188405797101449,0.33116883116883117
-114465.2990609965,0.03188405797101449,0.3333333333333333
-113112.19005273262,0.03188405797101449,0.3354978354978355
-112573.08663841072,0.03188405797101449,0.33766233766233766
-111625.7171115363,0.03260869565217391,0.33766233766233766
-111315.5715789794,0.03333333333333333,0.33766233766233766
-109452.96725398576,0.03333333333333333,0.3398268398268398
-109220.61631975116,0.03333333333333333,0.341991341991342
-109220.04762651684,0.03333333333333333,0.34415584415584416
-109168.43973427772,0.034057971014492754,0.34415584415584416
-107765.37126582413,0.034057971014492754,0.3463203463203463
-107573.15766428912,0.034782608695652174,0.3463203463203463
-106434.89845955712,0.034782608695652174,0.3484848484848485
-106418.26104510395,0.034782608695652174,0.35064935064935066
-105682.26601400491,0.034782608695652174,0.3528138528138528
-104029.63005040836,0.034782608695652174,0.354978354978355
-103572.19746269018,0.034782608695652174,0.35714285714285715
-102908.43483259881,0.034782608695652174,0.3593073593073593
-102613.01628263152,0.034782608695652174,0.36147186147186144
-102121.38106964531,0.034782608695652174,0.36363636363636365
-101968.44298501418,0.034782608695652174,0.3658008658008658
-101335.94657184987,0.034782608695652174,0.36796536796536794
-100534.26814134701,0.034782608695652174,0.37012987012987014
-99909.38931479401,0.034782608695652174,0.3722943722943723
-99034.37247241053,0.035507246376811595,0.3722943722943723
-98186.57817656008,0.036231884057971016,0.3722943722943723
-98103.78912329933,0.03695652173913044,0.3722943722943723
-97615.92602446539,0.03695652173913044,0.37445887445887444
-97074.83794573776,0.03768115942028986,0.37445887445887444
-95855.73200320205,0.03768115942028986,0.37662337662337664
-93257.2600373672,0.03840579710144928,0.37662337662337664
-93146.6667903231,0.03840579710144928,0.3787878787878788
-92725.44613155883,0.0391304347826087,0.3787878787878788
-92333.72696353236,0.0391304347826087,0.38095238095238093
-90978.57314309137,0.03985507246376811,0.38095238095238093
-90411.06226655023,0.03985507246376811,0.38311688311688313
-90390.4443211123,0.03985507246376811,0.3852813852813853
-90113.53606146661,0.04057971014492753,0.3852813852813853
-89654.31701617484,0.04057971014492753,0.3874458874458874
-89290.02222283799,0.041304347826086954,0.3874458874458874
-89071.00062838092,0.041304347826086954,0.38961038961038963
-88939.75629683677,0.041304347826086954,0.3917748917748918
-88814.65262458514,0.041304347826086954,0.3939393939393939
-88109.49258560454,0.042028985507246375,0.3939393939393939
-87779.90763829931,0.042753623188405795,0.3939393939393939
-85124.45914654748,0.042753623188405795,0.3961038961038961
-84757.00071326384,0.042753623188405795,0.39826839826839827
-84097.25913681625,0.042753623188405795,0.4004329004329004
-83967.3954977241,0.042753623188405795,0.4025974025974026
-82567.67480413133,0.043478260869565216,0.4025974025974026
-81482.31549982887,0.043478260869565216,0.40476190476190477
-81263.30166813941,0.04420289855072464,0.40476190476190477
-80477.44905914582,0.04420289855072464,0.4069264069264069
-80300.31038094524,0.04420289855072464,0.4090909090909091
-78601.24456708477,0.04492753623188406,0.4090909090909091
-75521.39968370216,0.04565217391304348,0.4090909090909091
-75205.39363742794,0.0463768115942029,0.4090909090909091
-74365.465718867,0.0463768115942029,0.41125541125541126
-74329.32077611575,0.0463768115942029,0.4134199134199134
-73853.99691543134,0.0463768115942029,0.4155844155844156
-73538.92266049504,0.0463768115942029,0.41774891774891776
-73458.80382446427,0.04710144927536232,0.41774891774891776
-73001.21357620062,0.04710144927536232,0.4199134199134199
-72423.95558158815,0.04710144927536232,0.42207792207792205
-72418.7747570663,0.04710144927536232,0.42424242424242425
-71938.27650960413,0.04710144927536232,0.4264069264069264
-71791.81137347012,0.04710144927536232,0.42857142857142855
-71704.2424639503,0.04710144927536232,0.43073593073593075
-71575.3201955875,0.04710144927536232,0.4329004329004329
-71345.94102764348,0.04710144927536232,0.43506493506493504
-71198.91406075284,0.04710144927536232,0.43722943722943725
-71069.12976037306,0.04710144927536232,0.4393939393939394
-70625.74919711504,0.04710144927536232,0.44155844155844154
-70084.84965096213,0.04710144927536232,0.44372294372294374
-68671.57302931813,0.04710144927536232,0.4458874458874459
-68637.82351510308,0.04710144927536232,0.44805194805194803
-68438.41577161389,0.04710144927536232,0.45021645021645024
-68381.74065848076,0.04710144927536232,0.4523809523809524
-68372.0899199195,0.04710144927536232,0.45454545454545453
-68270.6668241772,0.04782608695652174,0.45454545454545453
-68209.87775101073,0.04855072463768116,0.45454545454545453
-67944.9135802211,0.04855072463768116,0.45670995670995673
-67853.55658722983,0.04927536231884058,0.45670995670995673
-67673.87521786283,0.05,0.45670995670995673
-67588.42442029307,0.05,0.4588744588744589
-67453.46991603344,0.050724637681159424,0.4588744588744589
-67395.18531844224,0.050724637681159424,0.461038961038961
-67234.95866874294,0.05144927536231884,0.461038961038961
-67194.96362759804,0.05217391304347826,0.461038961038961
-66818.8752652446,0.05217391304347826,0.46320346320346323
-66810.53750348507,0.05289855072463768,0.46320346320346323
-66795.55262450251,0.0536231884057971,0.46320346320346323
-66722.4024810681,0.05434782608695652,0.46320346320346323
-66508.57717823674,0.05507246376811594,0.46320346320346323
-66180.8568291521,0.05507246376811594,0.4653679653679654
-66116.22384126208,0.05579710144927536,0.4653679653679654
-65993.41122146617,0.05652173913043478,0.4653679653679654
-65937.12798332344,0.05652173913043478,0.4675324675324675
-65919.09048062513,0.0572463768115942,0.4675324675324675
-65911.53910787939,0.0572463768115942,0.4696969696969697
-65718.97630944164,0.0572463768115942,0.47186147186147187
-65705.34540761868,0.057971014492753624,0.47186147186147187
-65623.09765570023,0.057971014492753624,0.474025974025974
-65472.72740561993,0.057971014492753624,0.47619047619047616
-64979.309140906036,0.058695652173913045,0.47619047619047616
-64866.82557854088,0.058695652173913045,0.47835497835497837
-64798.608958692574,0.058695652173913045,0.4805194805194805
-64356.94021362933,0.058695652173913045,0.48268398268398266
-64091.95453174324,0.058695652173913045,0.48484848484848486
-64013.97853868819,0.058695652173913045,0.487012987012987
-64007.653184353905,0.058695652173913045,0.48917748917748916
-63549.429691327685,0.058695652173913045,0.49134199134199136
-62234.818133789064,0.058695652173913045,0.4935064935064935
-62075.0060451775,0.058695652173913045,0.49567099567099565
-60785.37164372774,0.058695652173913045,0.49783549783549785
-60030.44843741069,0.058695652173913045,0.5
-59963.547473525185,0.059420289855072465,0.5
-59817.327331011074,0.060144927536231886,0.5
-58879.7903765546,0.060144927536231886,0.5021645021645021
-58602.6440984688,0.060144927536231886,0.5043290043290043
-57979.38856833672,0.060144927536231886,0.5064935064935064
-57702.049268745024,0.060144927536231886,0.5086580086580087
-56945.103223441234,0.06086956521739131,0.5086580086580087
-55977.86610373518,0.06159420289855073,0.5086580086580087
-55437.633387120346,0.06159420289855073,0.5108225108225108
-55379.20101385323,0.06231884057971015,0.5108225108225108
-54964.501507299145,0.06231884057971015,0.512987012987013
-54363.50321540383,0.06231884057971015,0.5151515151515151
-54328.97854975645,0.06304347826086956,0.5151515151515151
-53610.5650097626,0.06376811594202898,0.5151515151515151
-53306.28013939487,0.0644927536231884,0.5151515151515151
-51588.866854373795,0.06521739130434782,0.5151515151515151
-51581.023627458715,0.06521739130434782,0.5173160173160173
-51198.00853748267,0.06594202898550725,0.5173160173160173
-49542.67169538633,0.06666666666666667,0.5173160173160173
-48778.82588502204,0.06666666666666667,0.5194805194805194
-47396.88053920857,0.06739130434782609,0.5194805194805194
-46784.02106954165,0.06739130434782609,0.5216450216450217
-46735.36642311772,0.06739130434782609,0.5238095238095238
-46711.96480731952,0.06739130434782609,0.525974025974026
-46544.56053616199,0.06811594202898551,0.525974025974026
-46046.86865459303,0.06811594202898551,0.5281385281385281
-45878.569098960514,0.06884057971014493,0.5281385281385281
-45570.241912565,0.06956521739130435,0.5281385281385281
-45471.3247009149,0.06956521739130435,0.5303030303030303
-45268.68801115435,0.06956521739130435,0.5324675324675324
-44990.02719930602,0.07028985507246377,0.5324675324675324
-44413.50510897788,0.07028985507246377,0.5346320346320347
-44331.77287314021,0.07101449275362319,0.5346320346320347
-43887.19613521665,0.07101449275362319,0.5367965367965368
-43300.52963459625,0.07101449275362319,0.538961038961039
-43041.88358124531,0.07173913043478261,0.538961038961039
-40491.88039390885,0.07246376811594203,0.538961038961039
-40353.03818975323,0.07246376811594203,0.5411255411255411
-39916.39971273812,0.07246376811594203,0.5432900432900433
-39707.93703362265,0.07246376811594203,0.5454545454545454
-39695.46974918138,0.07318840579710145,0.5454545454545454
-38973.18400435124,0.07318840579710145,0.5476190476190477
-38908.14138530875,0.07318840579710145,0.5497835497835498
-38280.41881346082,0.07318840579710145,0.551948051948052
-37928.593825411655,0.07318840579710145,0.5541125541125541
-37287.61692572751,0.07391304347826087,0.5541125541125541
-36710.94478069785,0.0746376811594203,0.5541125541125541
-34916.378337184775,0.0746376811594203,0.5562770562770563
-34033.15603312034,0.0746376811594203,0.5584415584415584
-33637.673648141244,0.0746376811594203,0.5606060606060606
-33426.178040599996,0.0746376811594203,0.5627705627705628
-33247.82309331386,0.0746376811594203,0.564935064935065
-32839.378830852984,0.07536231884057971,0.564935064935065
-32524.85900977054,0.07608695652173914,0.564935064935065
-32475.669304728122,0.07681159420289856,0.564935064935065
-32468.46821912766,0.07681159420289856,0.5670995670995671
-32257.82756966685,0.07681159420289856,0.5692640692640693
-31506.346770095442,0.07681159420289856,0.5714285714285714
-31192.717434012833,0.07681159420289856,0.5735930735930735
-30552.61126062298,0.07753623188405798,0.5735930735930735
-30270.101546979808,0.07753623188405798,0.5757575757575758
-29937.921045730523,0.07753623188405798,0.577922077922078
-29740.173810079978,0.07753623188405798,0.5800865800865801
-29585.66216418708,0.0782608695652174,0.5800865800865801
-29352.758206991617,0.0782608695652174,0.5822510822510822
-29293.490640605036,0.07898550724637682,0.5822510822510822
-27220.963660614863,0.07898550724637682,0.5844155844155844
-27177.36728996867,0.07898550724637682,0.5865800865800865
-27038.31701007786,0.07971014492753623,0.5865800865800865
-25921.77209533305,0.08043478260869565,0.5865800865800865
-24674.387756950593,0.08043478260869565,0.5887445887445888
-24546.094254547053,0.08043478260869565,0.5909090909090909
-24267.421244008292,0.08115942028985507,0.5909090909090909
-23388.83864740352,0.08115942028985507,0.5930735930735931
-22944.10768000893,0.08188405797101449,0.5930735930735931
-21768.59857895987,0.08260869565217391,0.5930735930735931
-21680.132743096583,0.08260869565217391,0.5952380952380952
-21566.650633855672,0.08260869565217391,0.5974025974025974
-20764.673396098246,0.08260869565217391,0.5995670995670995
-20735.83720468889,0.08333333333333333,0.5995670995670995
-20612.673462388688,0.08405797101449275,0.5995670995670995
-20411.8993625711,0.08405797101449275,0.6017316017316018
-18630.185293843853,0.08405797101449275,0.6038961038961039
-18437.373248541124,0.08405797101449275,0.6060606060606061
-18044.234023504316,0.08405797101449275,0.6082251082251082
-17659.735101592443,0.08405797101449275,0.6103896103896104
-17345.21806007286,0.08478260869565217,0.6103896103896104
-16499.375986938663,0.08478260869565217,0.6125541125541125
-16238.283179749895,0.08550724637681159,0.6125541125541125
-16050.746550270313,0.08550724637681159,0.6147186147186147
-16014.753620945201,0.08550724637681159,0.6168831168831169
-15996.20506555761,0.08550724637681159,0.6190476190476191
-15586.151522759887,0.08623188405797101,0.6190476190476191
-15101.553950257236,0.08695652173913043,0.6190476190476191
-14491.15442531911,0.08695652173913043,0.6212121212121212
-14017.912335303234,0.08768115942028985,0.6212121212121212
-13938.111217593207,0.08768115942028985,0.6233766233766234
-12770.413302577588,0.08840579710144927,0.6233766233766234
-11706.847389069088,0.0891304347826087,0.6233766233766234
-11552.579894165508,0.08985507246376812,0.6233766233766234
-11484.695241720416,0.09057971014492754,0.6233766233766234
-11373.006361014683,0.09130434782608696,0.6233766233766234
-10973.186921461878,0.09202898550724638,0.6233766233766234
-10910.568128597748,0.09202898550724638,0.6255411255411255
-10244.275995588854,0.0927536231884058,0.6255411255411255
-9916.088665138494,0.09347826086956522,0.6255411255411255
-9289.713052150073,0.09420289855072464,0.6255411255411255
-8950.883768545755,0.09492753623188406,0.6255411255411255
-7452.830940385422,0.09492753623188406,0.6277056277056277
-6452.064480470632,0.09565217391304348,0.6277056277056277
-5491.422294589007,0.0963768115942029,0.6277056277056277
-5437.719725175026,0.0963768115942029,0.6298701298701299
-4574.565831016123,0.09710144927536232,0.6298701298701299
-3543.198903475488,0.09782608695652174,0.6298701298701299
-3443.008731327078,0.09782608695652174,0.6320346320346321
-3424.6496379015225,0.09782608695652174,0.6341991341991342
-3144.882689185164,0.09782608695652174,0.6363636363636364
-3117.996861251173,0.09782608695652174,0.6385281385281385
-2865.7760959951993,0.09782608695652174,0.6406926406926406
-2650.644650752285,0.09855072463768116,0.6406926406926406
-2510.107935940934,0.09855072463768116,0.6428571428571429
-2227.2485144740203,0.09855072463768116,0.645021645021645
-1906.9274085692232,0.09927536231884058,0.645021645021645
-1489.2342319941454,0.09927536231884058,0.6471861471861472
-1275.9838603962562,0.09927536231884058,0.6493506493506493
-898.9642477346133,0.1,0.6493506493506493
-695.6204202126974,0.10072463768115943,0.6493506493506493
-632.4001272340392,0.10144927536231885,0.6493506493506493
-343.72028297283396,0.10217391304347827,0.6493506493506493
343.8745942929454,0.10217391304347827,0.6515151515151515
996.4480240032863,0.10289855072463767,0.6515151515151515
1009.642917291174,0.10289855072463767,0.6536796536796536
1514.4700678841837,0.1036231884057971,0.6536796536796536
1727.9436580413967,0.1036231884057971,0.6558441558441559
2154.9134899661585,0.10434782608695652,0.6558441558441559
3917.9244281339707,0.10507246376811594,0.6558441558441559
4045.3395494276047,0.10579710144927536,0.6558441558441559
4426.182597213934,0.10652173913043478,0.6558441558441559
4749.245803457154,0.1072463768115942,0.6558441558441559
5133.13586428803,0.10797101449275362,0.6558441558441559
5574.3155139304,0.10797101449275362,0.658008658008658
6050.25666910674,0.10869565217391304,0.658008658008658
6260.953547003344,0.10869565217391304,0.6601731601731602
6680.782838864405,0.10869565217391304,0.6623376623376623
7034.035347882324,0.10869565217391304,0.6645021645021645
7264.419689061739,0.10869565217391304,0.6666666666666666
7312.394300805507,0.10869565217391304,0.6688311688311688
7860.509169183519,0.10942028985507246,0.6688311688311688
7973.868529197422,0.11014492753623188,0.6688311688311688
8192.807986170788,0.1108695652173913,0.6688311688311688
8498.616753973136,0.11159420289855072,0.6688311688311688
9047.582577645873,0.11231884057971014,0.6688311688311688
9210.267663657316,0.11304347826086956,0.6688311688311688
9504.160564049518,0.11304347826086956,0.670995670995671
9517.575625719357,0.11376811594202899,0.670995670995671
9636.24477404464,0.11376811594202899,0.6731601731601732
9731.349975020443,0.1144927536231884,0.6731601731601732
10049.261839068771,0.11521739130434783,0.6731601731601732
10250.412559248256,0.11521739130434783,0.6753246753246753
10254.89228958486,0.11594202898550725,0.6753246753246753
11066.8958635448,0.11594202898550725,0.6774891774891775
11791.531147365953,0.11594202898550725,0.6796536796536796
11916.108620189367,0.11666666666666667,0.6796536796536796
12579.98328828198,0.11739130434782609,0.6796536796536796
12732.83531566161,0.11739130434782609,0.6818181818181818
13104.638953071903,0.11811594202898551,0.6818181818181818
13701.883050169425,0.11811594202898551,0.683982683982684
13876.54807772367,0.11884057971014493,0.683982683982684
14838.550538487387,0.11884057971014493,0.6861471861471862
15378.480098652595,0.11956521739130435,0.6861471861471862
15441.756612428453,0.12028985507246377,0.6861471861471862
15598.990573421732,0.12028985507246377,0.6883116883116883
15620.056488681632,0.12101449275362319,0.6883116883116883
15868.649830391478,0.12101449275362319,0.6904761904761905
15951.378329230443,0.12101449275362319,0.6926406926406926
17196.178204992313,0.12101449275362319,0.6948051948051948
17604.461447866805,0.12173913043478261,0.6948051948051948
18167.419819126822,0.12246376811594203,0.6948051948051948
18213.96436336115,0.12318840579710146,0.6948051948051948
18339.368789002638,0.12391304347826088,0.6948051948051948
18949.634504744918,0.12391304347826088,0.696969696969697
19088.26831003345,0.12391304347826088,0.6991341991341992
19446.742428993824,0.1246376811594203,0.6991341991341992
19789.66297503197,0.12536231884057972,0.6991341991341992
20012.173810593646,0.12536231884057972,0.7012987012987013
20422.244126071935,0.12608695652173912,0.7012987012987013
20476.494205766638,0.12681159420289856,0.7012987012987013
20485.030002042902,0.12753623188405797,0.7012987012987013
20691.53524749956,0.12753623188405797,0.7034632034632035
20724.83292393789,0.12753623188405797,0.7056277056277056
20775.930268654665,0.1282608695652174,0.7056277056277056
21094.592733315865,0.1282608695652174,0.7077922077922078
21302.085919028454,0.1289855072463768,0.7077922077922078
21603.49505048151,0.12971014492753624,0.7077922077922078
21801.692433219014,0.13043478260869565,0.7077922077922078
21859.715106063726,0.13115942028985508,0.7077922077922078
21987.752955578315,0.1318840579710145,0.7077922077922078
22343.53393389605,0.13260869565217392,0.7077922077922078
22349.44062550043,0.13333333333333333,0.7077922077922078
22480.167471557485,0.13405797101449277,0.7077922077922078
22934.80601950846,0.13478260869565217,0.7077922077922078
23074.641392097314,0.1355072463768116,0.7077922077922078
23233.91616880053,0.13623188405797101,0.7077922077922078
24138.732572731547,0.13695652173913042,0.7077922077922078
24223.93422627459,0.13695652173913042,0.70995670995671
24646.779726902525,0.13695652173913042,0.7121212121212122
24925.645120951547,0.13695652173913042,0.7142857142857143
25666.50310108572,0.13695652173913042,0.7164502164502164
25787.163150433815,0.13695652173913042,0.7186147186147186
26104.134019176807,0.13768115942028986,0.7186147186147186
26249.16749072275,0.13768115942028986,0.7207792207792207
26765.6852049344,0.13840579710144926,0.7207792207792207
27074.81563194128,0.13840579710144926,0.7229437229437229
27182.56517438638,0.1391304347826087,0.7229437229437229
27279.239649420237,0.1398550724637681,0.7229437229437229
27635.13349711115,0.1398550724637681,0.7251082251082251
27903.90333936468,0.14057971014492754,0.7251082251082251
28213.05996630677,0.14057971014492754,0.7272727272727273
28223.63552106474,0.14130434782608695,0.7272727272727273
28479.63500438824,0.14202898550724638,0.7272727272727273
28537.442970756623,0.1427536231884058,0.7272727272727273
28697.967868148822,0.1427536231884058,0.7294372294372294
28855.384210216347,0.14347826086956522,0.7294372294372294
29143.247462879877,0.14347826086956522,0.7316017316017316
29204.38236396335,0.14420289855072463,0.7316017316017316
29590.874953188682,0.14420289855072463,0.7337662337662337
30334.483873626355,0.14420289855072463,0.7359307359307359
30375.636675165333,0.14420289855072463,0.7380952380952381
30488.050236844567,0.14492753623188406,0.7380952380952381
30544.643605841942,0.14565217391304347,0.7380952380952381
30660.877122995124,0.14565217391304347,0.7402597402597403
30847.471768874526,0.1463768115942029,0.7402597402597403
30876.536772356714,0.1471014492753623,0.7402597402597403
30926.100007855257,0.14782608695652175,0.7402597402597403
31009.11729285906,0.14855072463768115,0.7402597402597403
31076.16239355359,0.14855072463768115,0.7424242424242424
31109.28784302886,0.14855072463768115,0.7445887445887446
31214.15878908077,0.1492753623188406,0.7445887445887446
31323.64380024207,0.1492753623188406,0.7467532467532467
31366.94015067668,0.1492753623188406,0.7489177489177489
31443.23108515877,0.15,0.7489177489177489
31776.56147580165,0.15,0.7510822510822511
31787.355570259613,0.15,0.7532467532467533
31833.135662823253,0.15072463768115943,0.7532467532467533
31853.48635129495,0.15072463768115943,0.7554112554112554
31856.068186987774,0.15072463768115943,0.7575757575757576
31994.16215748763,0.15072463768115943,0.7597402597402597
32069.821467780566,0.15072463768115943,0.7619047619047619
32255.78550154865,0.15144927536231884,0.7619047619047619
32327.27006039642,0.15217391304347827,0.7619047619047619
32476.24357282951,0.15289855072463768,0.7619047619047619
32562.193830215027,0.1536231884057971,0.7619047619047619
33162.83098427919,0.1536231884057971,0.7640692640692641
33395.77975421901,0.15434782608695652,0.7640692640692641
33401.588058127156,0.15507246376811595,0.7640692640692641
33409.09303136532,0.15507246376811595,0.7662337662337663
33418.95753736223,0.15507246376811595,0.7683982683982684
33512.84298649812,0.15579710144927536,0.7683982683982684
33522.07740702373,0.15579710144927536,0.7705627705627706
33533.04135588101,0.15579710144927536,0.7727272727272727
33536.9339093905,0.15579710144927536,0.7748917748917749
33559.235995815965,0.1565217391304348,0.7748917748917749
33561.42792280046,0.1565217391304348,0.7770562770562771
33565.68474768576,0.1565217391304348,0.7792207792207793
33603.636669469604,0.1565217391304348,0.7813852813852814
33607.364274757274,0.1565217391304348,0.7835497835497836
33639.15284768603,0.1565217391304348,0.7857142857142857
33644.34986263744,0.1565217391304348,0.7878787878787878
33646.164530756534,0.1565217391304348,0.79004329004329
33657.82926846032,0.1565217391304348,0.7922077922077922
33678.76708559955,0.1565217391304348,0.7943722943722944
33711.58839255954,0.1572463768115942,0.7943722943722944
33712.65666944799,0.1572463768115942,0.7965367965367965
33715.60198425442,0.1572463768115942,0.7987012987012987
33730.65627584801,0.15797101449275364,0.7987012987012987
33733.32792118989,0.15869565217391304,0.7987012987012987
33737.65409399408,0.15869565217391304,0.8008658008658008
33743.27284971242,0.15869565217391304,0.803030303030303
33744.89988051503,0.15869565217391304,0.8051948051948052
33748.129035418875,0.15869565217391304,0.8073593073593074
33761.733097382414,0.15869565217391304,0.8095238095238095
33764.33362646979,0.15942028985507245,0.8095238095238095
33775.72234190977,0.16014492753623188,0.8095238095238095
33790.05870101428,0.1608695652173913,0.8095238095238095
33793.807532935294,0.16159420289855073,0.8095238095238095
33800.58892599113,0.16231884057971013,0.8095238095238095
33808.47348235202,0.16304347826086957,0.8095238095238095
33892.84404712855,0.16376811594202897,0.8095238095238095
33918.27304396172,0.1644927536231884,0.8095238095238095
34252.130505198584,0.1644927536231884,0.8116883116883117
34289.82927842458,0.1644927536231884,0.8138528138528138
34351.621125281534,0.16521739130434782,0.8138528138528138
34374.68187940699,0.16594202898550725,0.8138528138528138
34390.30420125468,0.16594202898550725,0.816017316017316
34452.19808468093,0.16594202898550725,0.8181818181818182
34529.73614259447,0.16666666666666666,0.8181818181818182
34553.333154949534,0.16666666666666666,0.8203463203463204
34638.12993697412,0.16666666666666666,0.8225108225108225
34710.14721378931,0.1673913043478261,0.8225108225108225
34710.75651854203,0.1673913043478261,0.8246753246753247
34893.121047368244,0.1681159420289855,0.8246753246753247
34961.904137845195,0.16884057971014493,0.8246753246753247
35049.21272006089,0.16956521739130434,0.8246753246753247
35122.08486709528,0.17028985507246377,0.8246753246753247
35148.56969406967,0.17101449275362318,0.8246753246753247
35244.80304993971,0.17173913043478262,0.8246753246753247
35299.998736465786,0.17173913043478262,0.8268398268398268
35336.119452098224,0.17246376811594202,0.8268398268398268
35414.786268511874,0.17318840579710146,0.8268398268398268
35635.25507203208,0.17391304347826086,0.8268398268398268
35676.06344451747,0.1746376811594203,0.8268398268398268
35731.1095893071,0.1753623188405797,0.8268398268398268
35895.18496850174,0.17608695652173914,0.8268398268398268
35918.34677126578,0.17608695652173914,0.829004329004329
35997.838244253486,0.17608695652173914,0.8311688311688312
36058.37174487726,0.17681159420289855,0.8311688311688312
36063.4768135395,0.17681159420289855,0.8333333333333334
36150.29597688612,0.17681159420289855,0.8354978354978355
36194.89748169411,0.17753623188405798,0.8354978354978355
36209.432082148945,0.17753623188405798,0.8376623376623377
36324.83308331606,0.17753623188405798,0.8398268398268398
36403.98529819315,0.1782608695652174,0.8398268398268398
36436.931327304046,0.17898550724637682,0.8398268398268398
36439.27188699737,0.17971014492753623,0.8398268398268398
36507.66992449563,0.18043478260869567,0.8398268398268398
36543.3045482958,0.18043478260869567,0.841991341991342
36596.02063176419,0.18115942028985507,0.841991341991342
36686.966142457415,0.18188405797101448,0.841991341991342
36716.92564139306,0.1826086956521739,0.841991341991342
36720.0182481097,0.1826086956521739,0.8441558441558441
36865.896578017186,0.18333333333333332,0.8441558441558441
36979.53400637476,0.18333333333333332,0.8463203463203464
37021.38527213093,0.18333333333333332,0.8484848484848485
37130.52597810407,0.18405797101449275,0.8484848484848485
37185.82137348233,0.18478260869565216,0.8484848484848485
37194.97374481447,0.1855072463768116,0.8484848484848485
37275.65109488049,0.186231884057971,0.8484848484848485
37315.76319207423,0.186231884057971,0.8506493506493507
37366.10569609462,0.186231884057971,0.8528138528138528
37444.30203589856,0.18695652173913044,0.8528138528138528
37556.69438995675,0.18695652173913044,0.854978354978355
37712.42866764484,0.18768115942028984,0.854978354978355
37919.20986564447,0.18768115942028984,0.8571428571428571
37929.79812896997,0.18840579710144928,0.8571428571428571
37935.407641455204,0.1891304347826087,0.8571428571428571
37940.84272608476,0.1891304347826087,0.8593073593073594
37960.60366577789,0.18985507246376812,0.8593073593073594
38010.140053489784,0.18985507246376812,0.8614718614718615
38020.04057281998,0.19057971014492753,0.8614718614718615
38047.72494547047,0.19057971014492753,0.8636363636363636
38047.93244848405,0.19130434782608696,0.8636363636363636
38100.2768709475,0.19130434782608696,0.8658008658008658
38110.98572100611,0.19202898550724637,0.8658008658008658
38131.79076797568,0.1927536231884058,0.8658008658008658
38136.36234746539,0.1934782608695652,0.8658008658008658
38151.33676374962,0.19420289855072465,0.8658008658008658
38222.2266194072,0.19492753623188405,0.8658008658008658
38242.14341994977,0.19492753623188405,0.8679653679653679
38274.95326735458,0.1956521739130435,0.8679653679653679
38276.492314223695,0.1956521739130435,0.8701298701298701
38279.68991242058,0.1963768115942029,0.8701298701298701
38287.82042874468,0.1963768115942029,0.8722943722943723
38302.99495033936,0.19710144927536233,0.8722943722943723
38369.04811564691,0.19782608695652174,0.8722943722943723
38372.02822970567,0.19782608695652174,0.8744588744588745
38407.69191221032,0.19855072463768117,0.8744588744588745
38488.359006873725,0.19927536231884058,0.8744588744588745
38523.22055677214,0.19927536231884058,0.8766233766233766
38560.29684816991,0.19927536231884058,0.8787878787878788
38640.13429071401,0.19927536231884058,0.8809523809523809
38711.25846402499,0.19927536231884058,0.8831168831168831
38716.063345374845,0.2,0.8831168831168831
38737.01053993706,0.20072463768115942,0.8831168831168831
38742.730106995754,0.20144927536231885,0.8831168831168831
38751.48842893259,0.20144927536231885,0.8852813852813853
38753.027057907755,0.20217391304347826,0.8852813852813853
38850.66000384933,0.2028985507246377,0.8852813852813853
38887.56867392823,0.2028985507246377,0.8874458874458875
38982.786154639754,0.2036231884057971,0.8874458874458875
38990.08173505367,0.20434782608695654,0.8874458874458875
39102.283725606205,0.20507246376811594,0.8874458874458875
39207.14457373207,0.20507246376811594,0.8896103896103896
39208.643815852214,0.20579710144927535,0.8896103896103896
39231.65553949941,0.20652173913043478,0.8896103896103896
39287.317711699,0.20652173913043478,0.8917748917748918
39300.42587625218,0.2072463768115942,0.8917748917748918
39304.032771768245,0.20797101449275363,0.8917748917748918
39314.3500047974,0.20797101449275363,0.8939393939393939
39357.674437065485,0.20869565217391303,0.8939393939393939
39382.971737383865,0.20942028985507247,0.8939393939393939
39384.957753054245,0.21014492753623187,0.8939393939393939
39411.84279206219,0.2108695652173913,0.8939393939393939
39427.41393304311,0.2108695652173913,0.8961038961038961
39432.665790652354,0.21159420289855072,0.8961038961038961
39438.14841660166,0.21231884057971015,0.8961038961038961
39460.12338668814,0.21231884057971015,0.8982683982683982
39471.783908397185,0.21304347826086956,0.8982683982683982
39497.837419841446,0.213768115942029,0.8982683982683982
39501.33071431786,0.2144927536231884,0.8982683982683982
39510.9586906715,0.21521739130434783,0.8982683982683982
39523.01104834408,0.21594202898550724,0.8982683982683982
39525.04047517884,0.21666666666666667,0.8982683982683982
39531.424344267885,0.21739130434782608,0.8982683982683982
39535.4793119136,0.21811594202898552,0.8982683982683982
39548.28291462448,0.21884057971014492,0.8982683982683982
39549.22768253381,0.21956521739130436,0.8982683982683982
39561.02970436293,0.22028985507246376,0.8982683982683982
39573.19334252047,0.2210144927536232,0.8982683982683982
39576.577873995964,0.2217391304347826,0.8982683982683982
39578.615937373586,0.22246376811594204,0.8982683982683982
39579.46662010869,0.22318840579710145,0.8982683982683982
39585.658010235406,0.22391304347826088,0.8982683982683982
39586.08974536949,0.2246376811594203,0.8982683982683982
39589.617092533095,0.22536231884057972,0.8982683982683982
39592.971652080945,0.22608695652173913,0.8982683982683982
39596.043087775324,0.22681159420289856,0.8982683982683982
39596.40953608781,0.22753623188405797,0.8982683982683982
39597.08961476644,0.22826086956521738,0.8982683982683982
39600.051294427176,0.2289855072463768,0.8982683982683982
39602.84900266108,0.22971014492753622,0.8982683982683982
39604.10807639368,0.23043478260869565,0.8982683982683982
39607.527355709644,0.23115942028985506,0.8982683982683982
39609.67484239321,0.2318840579710145,0.8982683982683982
39609.81694265029,0.2326086956521739,0.8982683982683982
39610.50596012568,0.23333333333333334,0.8982683982683982
39612.24309596062,0.23405797101449274,0.8982683982683982
39618.17778477561,0.23478260869565218,0.8982683982683982
39623.68744334466,0.23550724637681159,0.8982683982683982
39628.64565096626,0.23623188405797102,0.8982683982683982
39642.2796408182,0.23695652173913043,0.8982683982683982
39643.39520973027,0.23768115942028986,0.8982683982683982
39648.46960249859,0.23840579710144927,0.8982683982683982
39657.98938261031,0.2391304347826087,0.8982683982683982
39658.25216929098,0.2391304347826087,0.9004329004329005
39658.386644816164,0.2398550724637681,0.9004329004329005
39682.47323428392,0.24057971014492754,0.9004329004329005
39684.31985318328,0.24130434782608695,0.9004329004329005
39688.93118794626,0.24202898550724639,0.9004329004329005
39700.99870544607,0.2427536231884058,0.9004329004329005
39701.6866145311,0.24347826086956523,0.9004329004329005
39713.00387998874,0.24420289855072463,0.9004329004329005
39717.390150818035,0.24492753623188407,0.9004329004329005
39725.06163307547,0.24565217391304348,0.9004329004329005
39735.50926290122,0.2463768115942029,0.9004329004329005
39740.07302600994,0.2463768115942029,0.9025974025974026
39741.493578855276,0.24710144927536232,0.9025974025974026
39755.43224433551,0.24782608695652175,0.9025974025974026
39759.64787767966,0.24855072463768116,0.9025974025974026
39774.68485238376,0.2492753623188406,0.9025974025974026
39777.66364211728,0.25,0.9025974025974026
39782.001133670805,0.25072463768115943,0.9025974025974026
39790.39398128293,0.2514492753623188,0.9025974025974026
39791.97267739323,0.25217391304347825,0.9025974025974026
39798.89472130301,0.25217391304347825,0.9047619047619048
39813.31619486793,0.2528985507246377,0.9047619047619048
39823.468329322146,0.2536231884057971,0.9047619047619048
39838.89168404931,0.2543478260869565,0.9047619047619048
39841.986525341745,0.25507246376811593,0.9047619047619048
39848.28833138694,0.25579710144927537,0.9047619047619048
39854.833037133154,0.2565217391304348,0.9047619047619048
39862.48152656595,0.2572463768115942,0.9047619047619048
39873.40869115749,0.2579710144927536,0.9047619047619048
39877.55534517803,0.25869565217391305,0.9047619047619048
39882.86229388859,0.2594202898550725,0.9047619047619048
39885.901806023874,0.2594202898550725,0.9069264069264069
39905.425334518295,0.26014492753623186,0.9069264069264069
39906.66496766006,0.26014492753623186,0.9090909090909091
39913.43299946848,0.2608695652173913,0.9090909090909091
39937.033277380986,0.26159420289855073,0.9090909090909091
39937.41991448822,0.26159420289855073,0.9112554112554112
39937.825062219854,0.26231884057971017,0.9112554112554112
39941.652683067834,0.26304347826086955,0.9112554112554112
39944.33536491278,0.263768115942029,0.9112554112554112
39963.589777589135,0.2644927536231884,0.9112554112554112
39964.28571873948,0.26521739130434785,0.9112554112554112
39965.29690854033,0.26594202898550723,0.9112554112554112
39982.126271150126,0.26594202898550723,0.9134199134199135
39988.6668099574,0.26666666666666666,0.9134199134199135
39999.77204298953,0.2673913043478261,0.9134199134199135
40003.93695592919,0.26811594202898553,0.9134199134199135
40005.945496657565,0.2688405797101449,0.9134199134199135
40009.212128897714,0.2688405797101449,0.9155844155844156
40010.49473330272,0.26956521739130435,0.9155844155844156
40014.65189920868,0.2702898550724638,0.9155844155844156
40015.37592127783,0.2710144927536232,0.9155844155844156
40017.71995169997,0.2717391304347826,0.9155844155844156
40020.37582608654,0.27246376811594203,0.9155844155844156
40025.681664637275,0.27246376811594203,0.9177489177489178
40030.657995418056,0.27318840579710146,0.9177489177489178
40031.50632241063,0.27391304347826084,0.9177489177489178
40032.61528433152,0.27391304347826084,0.9199134199134199
40041.269576330844,0.2746376811594203,0.9199134199134199
40055.12599408127,0.2753623188405797,0.9199134199134199
40059.82184610839,0.27608695652173915,0.9199134199134199
40061.455213584726,0.2768115942028985,0.9199134199134199
40074.19556793994,0.27753623188405796,0.9199134199134199
40079.49580141313,0.2782608695652174,0.9199134199134199
40087.46371349003,0.27898550724637683,0.9199134199134199
40104.47442865586,0.2797101449275362,0.9199134199134199
40109.497066315686,0.28043478260869564,0.9199134199134199
40111.67936529972,0.2811594202898551,0.9199134199134199
40112.657269898635,0.2818840579710145,0.9199134199134199
40113.783465469525,0.2826086956521739,0.9199134199134199
40115.83640178819,0.2833333333333333,0.9199134199134199
40116.0442314451,0.2833333333333333,0.922077922077922
40116.1573670906,0.28405797101449276,0.922077922077922
40116.51940891717,0.2847826086956522,0.922077922077922
40117.45937680589,0.2855072463768116,0.922077922077922
40119.13060063637,0.286231884057971,0.922077922077922
40119.452305502644,0.28695652173913044,0.922077922077922
40124.228868850485,0.2876811594202899,0.922077922077922
40124.67419565065,0.28840579710144926,0.922077922077922
40137.50770969025,0.2891304347826087,0.922077922077922
40140.22413096226,0.2898550724637681,0.922077922077922
40140.90223563937,0.29057971014492756,0.922077922077922
40141.75463529202,0.29130434782608694,0.922077922077922
40146.14338369131,0.2920289855072464,0.922077922077922
40157.729108249616,0.2920289855072464,0.9242424242424242
40158.72335942286,0.2927536231884058,0.9242424242424242
40163.89740119562,0.29347826086956524,0.9242424242424242
40164.963689456905,0.2942028985507246,0.9242424242424242
40168.68346696763,0.29492753623188406,0.9242424242424242
40170.2775439988,0.2956521739130435,0.9242424242424242
40171.75812697783,0.2956521739130435,0.9264069264069265
40171.8861185334,0.29637681159420287,0.9264069264069265
40172.04091269583,0.2971014492753623,0.9264069264069265
40173.85121484281,0.29782608695652174,0.9264069264069265
40178.972660817715,0.29782608695652174,0.9285714285714286
40179.51144737255,0.2985507246376812,0.9285714285714286
40181.77597152884,0.29927536231884055,0.9285714285714286
40182.56823050904,0.3,0.9285714285714286
40184.00812865756,0.3007246376811594,0.9285714285714286
40189.824448106614,0.30144927536231886,0.9285714285714286
40190.44141291252,0.30217391304347824,0.9285714285714286
40191.61158738,0.30289855072463767,0.9285714285714286
40193.75762451504,0.3036231884057971,0.9285714285714286
40197.14946232893,0.30434782608695654,0.9285714285714286
40198.2218022579,0.3050724637681159,0.9285714285714286
40198.64064945087,0.30579710144927535,0.9285714285714286
40204.01529596978,0.3065217391304348,0.9285714285714286
40205.19448185606,0.3072463768115942,0.9285714285714286
40205.755861473124,0.3079710144927536,0.9285714285714286
40208.33822045436,0.30869565217391304,0.9285714285714286
40210.37372340377,0.3094202898550725,0.9285714285714286
40211.4168485123,0.3101449275362319,0.9285714285714286
40213.02286424737,0.3108695652173913,0.9285714285714286
40213.313670306736,0.3115942028985507,0.9285714285714286
40214.23995544559,0.31231884057971016,0.9285714285714286
40214.62071725326,0.3130434782608696,0.9285714285714286
40219.82512692433,0.31376811594202897,0.9285714285714286
40220.34843596536,0.3144927536231884,0.9285714285714286
40221.471020489276,0.31521739130434784,0.9285714285714286
40223.82362621971,0.3159420289855073,0.9285714285714286
40223.97233789911,0.31666666666666665,0.9285714285714286
40225.24168387922,0.3173913043478261,0.9285714285714286
40225.50583292245,0.3181159420289855,0.9285714285714286
40225.73943469751,0.3188405797101449,0.9285714285714286
40226.33183908203,0.31956521739130433,0.9285714285714286
40229.35266911485,0.32028985507246377,0.9285714285714286
40230.2248784548,0.3210144927536232,0.9285714285714286
40234.052097753345,0.3217391304347826,0.9285714285714286
40234.612390166985,0.322463768115942,0.9285714285714286
40235.60166830619,0.32318840579710145,0.9285714285714286
40235.81436250423,0.3239130434782609,0.9285714285714286
40236.31391906148,0.32463768115942027,0.9285714285714286
40237.014199109806,0.3253623188405797,0.9285714285714286
40238.49361282316,0.32608695652173914,0.9285714285714286
40238.71474455183,0.32681159420289857,0.9285714285714286
40239.94010057123,0.32753623188405795,0.9285714285714286
40241.91316079869,0.3282608695652174,0.9285714285714286
40243.596777612955,0.3289855072463768,0.9285714285714286
40245.268357512396,0.32971014492753625,0.9285714285714286
40247.0928525822,0.33043478260869563,0.9285714285714286
40249.50245319528,0.33115942028985507,0.9285714285714286
40250.94462646134,0.33115942028985507,0.9307359307359307
40252.43406328435,0.3318840579710145,0.9307359307359307
40252.62362573228,0.33260869565217394,0.9307359307359307
40253.50213716844,0.3333333333333333,0.9307359307359307
40255.64896237185,0.33405797101449275,0.9307359307359307
40257.10931664114,0.3347826086956522,0.9307359307359307
40258.13559444165,0.3355072463768116,0.9307359307359307
40261.39907270758,0.336231884057971,0.9307359307359307
40264.232786832545,0.33695652173913043,0.9307359307359307
40264.246742649644,0.33768115942028987,0.9307359307359307
40264.33089398483,0.3384057971014493,0.9307359307359307
40265.6390790721,0.3391304347826087,0.9307359307359307
40267.15423198086,0.3398550724637681,0.9307359307359307
40268.01300187599,0.34057971014492755,0.9307359307359307
40268.838532263355,0.34130434782608693,0.9307359307359307
40268.878662719835,0.34130434782608693,0.9329004329004329
40269.775891491314,0.34202898550724636,0.9329004329004329
40269.859271737994,0.3427536231884058,0.9329004329004329
40270.6537138055,0.34347826086956523,0.9329004329004329
40270.768327430014,0.3442028985507246,0.9329004329004329
40272.253687239994,0.34492753623188405,0.9329004329004329
40272.294598270004,0.3456521739130435,0.9329004329004329
40273.54576045848,0.3463768115942029,0.9329004329004329
40273.60151743366,0.3471014492753623,0.9329004329004329
40274.46572861501,0.34782608695652173,0.9329004329004329
40274.77868033988,0.34855072463768116,0.9329004329004329
40274.792713866664,0.3492753623188406,0.9329004329004329
40278.79635206004,0.35,0.9329004329004329
40279.507636688104,0.3507246376811594,0.9329004329004329
40280.432642578846,0.35144927536231885,0.9329004329004329
40280.51641362331,0.3521739130434783,0.9329004329004329
40283.30463259711,0.3521739130434783,0.935064935064935
40284.233883017485,0.35289855072463766,0.935064935064935
40285.24560000273,0.3536231884057971,0.935064935064935
40287.25987118803,0.3536231884057971,0.9372294372294372
40292.59863686494,0.35434782608695653,0.9372294372294372
40292.7393413669,0.35507246376811596,0.9372294372294372
40292.75414837166,0.35579710144927534,0.9372294372294372
40293.10693447221,0.3565217391304348,0.9372294372294372
40293.59025549478,0.3572463768115942,0.9372294372294372
40294.20196640446,0.35797101449275365,0.9372294372294372
40294.20212429461,0.358695652173913,0.9372294372294372
40294.82809828242,0.35942028985507246,0.9372294372294372
40295.891013019056,0.3601449275362319,0.9372294372294372
40296.34582820202,0.36086956521739133,0.9372294372294372
40296.63751033978,0.3615942028985507,0.9372294372294372
40296.924946568855,0.36231884057971014,0.9372294372294372
40297.18534643069,0.3630434782608696,0.9372294372294372
40297.26433657485,0.36376811594202896,0.9372294372294372
40297.500783943375,0.3644927536231884,0.9372294372294372
40297.613911588196,0.3644927536231884,0.9393939393939394
40298.63935623732,0.3652173913043478,0.9393939393939394
40298.81543513215,0.36594202898550726,0.9393939393939394
40298.88952097925,0.36594202898550726,0.9415584415584416
40299.61853925296,0.36666666666666664,0.9415584415584416
40300.3091746022,0.3673913043478261,0.9415584415584416
40302.105573386245,0.3673913043478261,0.9437229437229437
40303.484321901684,0.3673913043478261,0.9458874458874459
40304.45379144138,0.3681159420289855,0.9458874458874459
40305.327284364175,0.36884057971014494,0.9458874458874459
40305.72512209541,0.3695652173913043,0.9458874458874459
40306.507114534405,0.37028985507246376,0.9458874458874459
40307.0568889738,0.3710144927536232,0.9458874458874459
40307.35300797602,0.3710144927536232,0.948051948051948
40307.922815021135,0.3717391304347826,0.948051948051948
40308.34375652792,0.372463768115942,0.948051948051948
40308.764614564076,0.37318840579710144,0.948051948051948
40309.559479828415,0.3739130434782609,0.948051948051948
40310.217960260474,0.3746376811594203,0.948051948051948
40310.59378372862,0.3753623188405797,0.948051948051948
40310.81573536788,0.3760869565217391,0.948051948051948
40311.38998168168,0.37681159420289856,0.948051948051948
40312.89728547046,0.377536231884058,0.948051948051948
40313.7148486604,0.3782608695652174,0.948051948051948
40315.22993451372,0.3789855072463768,0.948051948051948
40315.40726078783,0.37971014492753624,0.948051948051948
40316.17938488382,0.3804347826086957,0.948051948051948
40316.202667613725,0.38115942028985506,0.948051948051948
40316.26305933517,0.3818840579710145,0.948051948051948
40316.72387886029,0.3818840579710145,0.9502164502164502
40317.15421906749,0.3826086956521739,0.9502164502164502
40317.89235946557,0.38333333333333336,0.9502164502164502
40318.44565610194,0.38405797101449274,0.9502164502164502
40318.5535005371,0.3847826086956522,0.9502164502164502
40318.938388871284,0.3855072463768116,0.9502164502164502
40319.88662744191,0.3855072463768116,0.9523809523809523
40319.984252290975,0.38623188405797104,0.9523809523809523
40320.19100660272,0.3869565217391304,0.9523809523809523
40322.9993143193,0.38768115942028986,0.9523809523809523
40323.0904478574,0.3884057971014493,0.9523809523809523
40323.278280238745,0.38913043478260867,0.9523809523809523
40323.41357953767,0.3898550724637681,0.9523809523809523
40325.24762920307,0.39057971014492754,0.9523809523809523
40325.43195273115,0.391304347826087,0.9523809523809523
40325.43598298869,0.39202898550724635,0.9523809523809523
40325.54747974932,0.3927536231884058,0.9523809523809523
40326.33003153513,0.3934782608695652,0.9523809523809523
40326.746223265916,0.39420289855072466,0.9523809523809523
40326.85039912277,0.39492753623188404,0.9523809523809523
40326.972869587145,0.39565217391304347,0.9523809523809523
40327.45900100213,0.3963768115942029,0.9523809523809523
40327.688121673935,0.39710144927536234,0.9523809523809523
40328.1132645975,0.3978260869565217,0.9523809523809523
40329.07497826406,0.39855072463768115,0.9523809523809523
40329.335941791505,0.3992753623188406,0.9523809523809523
40330.10678285935,0.4,0.9523809523809523
40330.124028688006,0.4007246376811594,0.9523809523809523
40330.8274305693,0.40144927536231884,0.9523809523809523
40331.011677944116,0.40144927536231884,0.9545454545454546
40331.71769656469,0.40217391304347827,0.9545454545454546
40331.74787502591,0.4028985507246377,0.9545454545454546
40332.17953124933,0.4036231884057971,0.9545454545454546
40332.29318520356,0.4043478260869565,0.9545454545454546
40332.80602312163,0.40507246376811595,0.9545454545454546
40333.373902442654,0.40507246376811595,0.9567099567099567
40333.702599601194,0.4057971014492754,0.9567099567099567
40334.08783771098,0.40652173913043477,0.9567099567099567
40334.40933510012,0.4072463768115942,0.9567099567099567
40334.74102443644,0.40797101449275364,0.9567099567099567
40335.21381042778,0.40869565217391307,0.9567099567099567
40335.31574297785,0.40942028985507245,0.9567099567099567
40335.431284055674,0.4101449275362319,0.9567099567099567
40335.44602756074,0.4108695652173913,0.9567099567099567
40335.7959290048,0.4115942028985507,0.9567099567099567
40335.90559299638,0.41231884057971013,0.9567099567099567
40336.40035243387,0.41304347826086957,0.9567099567099567
40337.04410436927,0.413768115942029,0.9567099567099567
40337.110946605055,0.4144927536231884,0.9567099567099567
40337.29523134199,0.4152173913043478,0.9567099567099567
40337.335637370794,0.41594202898550725,0.9567099567099567
40337.43828202143,0.4166666666666667,0.9567099567099567
40338.31600696067,0.41739130434782606,0.9567099567099567
40338.7406028215,0.4181159420289855,0.9567099567099567
40338.87590549367,0.41884057971014493,0.9567099567099567
40339.45516330121,0.41884057971014493,0.9588744588744589
40341.387477191136,0.41956521739130437,0.9588744588744589
40341.84319626779,0.42028985507246375,0.9588744588744589
40341.87780348435,0.4210144927536232,0.9588744588744589
40342.080557269925,0.4217391304347826,0.9588744588744589
40342.3984171252,0.42246376811594205,0.9588744588744589
40342.846985504955,0.42318840579710143,0.9588744588744589
40342.95298717752,0.42391304347826086,0.9588744588744589
40343.53125556025,0.4246376811594203,0.9588744588744589
40343.78334354929,0.42536231884057973,0.9588744588744589
40344.02056947275,0.4260869565217391,0.9588744588744589
40344.795334497656,0.42681159420289855,0.9588744588744589
40345.13632978799,0.427536231884058,0.9588744588744589
40345.40312516192,0.4282608695652174,0.9588744588744589
40346.860058274055,0.4289855072463768,0.9588744588744589
40347.392361163715,0.42971014492753623,0.9588744588744589
40347.750780048125,0.43043478260869567,0.9588744588744589
40347.94935268857,0.4311594202898551,0.9588744588744589
40348.06704022958,0.4318840579710145,0.9588744588744589
40348.48531715724,0.4326086956521739,0.9588744588744589
40348.78126520415,0.43333333333333335,0.9588744588744589
40349.26280345707,0.4340579710144927,0.9588744588744589
40349.298437287594,0.43478260869565216,0.9588744588744589
40349.999479534534,0.4355072463768116,0.9588744588744589
40350.71009845076,0.43623188405797103,0.9588744588744589
40350.94174096928,0.4369565217391304,0.9588744588744589
40351.01312225645,0.43768115942028984,0.9588744588744589
40351.0186980752,0.4384057971014493,0.9588744588744589
40351.22758942567,0.4391304347826087,0.9588744588744589
40351.37234059322,0.4398550724637681,0.9588744588744589
40351.833027059176,0.4405797101449275,0.9588744588744589
40352.579068374405,0.44130434782608696,0.9588744588744589
40352.81718934886,0.4420289855072464,0.9588744588744589
40352.846342813296,0.4427536231884058,0.9588744588744589
40353.214087781795,0.4434782608695652,0.9588744588744589
40353.755410378326,0.44420289855072465,0.9588744588744589
40354.345071530064,0.4449275362318841,0.9588744588744589
40354.664476557875,0.4449275362318841,0.961038961038961
40355.321147277886,0.44565217391304346,0.961038961038961
40355.481495191205,0.4463768115942029,0.961038961038961
40355.579368760176,0.44710144927536233,0.961038961038961
40355.79768372622,0.44782608695652176,0.961038961038961
40356.03254065914,0.44782608695652176,0.9632034632034632
40356.38524379277,0.44782608695652176,0.9653679653679653
40356.39925566039,0.44782608695652176,0.9675324675324676
40356.40480846982,0.44855072463768114,0.9675324675324676
40357.25106184441,0.4492753623188406,0.9675324675324676
40357.51434018942,0.45,0.9675324675324676
40357.64695473127,0.45072463768115945,0.9675324675324676
40357.73689960648,0.4514492753623188,0.9675324675324676
40357.95051660634,0.45217391304347826,0.9675324675324676
40358.29197869292,0.4528985507246377,0.9675324675324676
40358.48955207915,0.45362318840579713,0.9675324675324676
40358.89895658868,0.4543478260869565,0.9675324675324676
40359.527351112614,0.45507246376811594,0.9675324675324676
40360.493936814826,0.4557971014492754,0.9675324675324676
40361.13868391611,0.45652173913043476,0.9675324675324676
40361.29411431221,0.4572463768115942,0.9675324675324676
40361.5376022027,0.4579710144927536,0.9675324675324676
40361.60336725833,0.45869565217391306,0.9675324675324676
40361.71887019343,0.45942028985507244,0.9675324675324676
40361.74104951908,0.4601449275362319,0.9675324675324676
40361.875718465846,0.4608695652173913,0.9675324675324676
40362.06828144857,0.46159420289855074,0.9675324675324676
40362.69565552722,0.4623188405797101,0.9675324675324676
40362.87421560535,0.46304347826086956,0.9675324675324676
40363.08673436572,0.463768115942029,0.9675324675324676
40363.14810284117,0.4644927536231884,0.9675324675324676
40363.148294220104,0.4652173913043478,0.9675324675324676
40363.77989629722,0.46594202898550724,0.9675324675324676
40364.30302915005,0.4666666666666667,0.9675324675324676
40364.576479065116,0.4673913043478261,0.9675324675324676
40364.604485321994,0.4673913043478261,0.9696969696969697
40364.653069925625,0.4681159420289855,0.9696969696969697
40365.530009361486,0.4688405797101449,0.9696969696969697
40365.836642102746,0.46956521739130436,0.9696969696969697
40366.05458922657,0.4702898550724638,0.9696969696969697
40366.36704149925,0.47101449275362317,0.9696969696969697
40367.15082266388,0.4717391304347826,0.9696969696969697
40367.21411666112,0.47246376811594204,0.9696969696969697
40367.28885969974,0.4731884057971015,0.9696969696969697
40367.38258588682,0.47391304347826085,0.9696969696969697
40367.63516035305,0.4746376811594203,0.9696969696969697
40367.68885978864,0.4753623188405797,0.9696969696969697
40367.925562769655,0.47608695652173916,0.9696969696969697
40368.19427868116,0.47681159420289854,0.9696969696969697
40368.53485110989,0.47753623188405797,0.9696969696969697
40368.61969247183,0.4782608695652174,0.9696969696969697
40368.68669099813,0.4789855072463768,0.9696969696969697
40368.874392629594,0.4797101449275362,0.9696969696969697
40368.87853414344,0.48043478260869565,0.9696969696969697
40369.039652641724,0.4811594202898551,0.9696969696969697
40369.4301998938,0.4811594202898551,0.9718614718614719
40369.51675108092,0.48188405797101447,0.9718614718614719
40369.65668547652,0.4826086956521739,0.9718614718614719
40369.77469820182,0.48333333333333334,0.9718614718614719
40370.03435738276,0.48405797101449277,0.9718614718614719
40370.35129984515,0.48478260869565215,0.9718614718614719
40370.80666388767,0.4855072463768116,0.9718614718614719
40371.05323859659,0.486231884057971,0.9718614718614719
40371.073361117924,0.48695652173913045,0.9718614718614719
40371.42986007468,0.48768115942028983,0.9718614718614719
40371.65437853601,0.48840579710144927,0.9718614718614719
40371.73567570296,0.4891304347826087,0.9718614718614719
40372.08935757522,0.48985507246376814,0.9718614718614719
40372.0940571626,0.4905797101449275,0.9718614718614719
40372.288336970545,0.49130434782608695,0.9718614718614719
40372.31376613568,0.4920289855072464,0.9718614718614719
40372.34417368063,0.4927536231884058,0.9718614718614719
40372.6242886519,0.4934782608695652,0.9718614718614719
40372.750740278105,0.49420289855072463,0.9718614718614719
40372.847908113916,0.49492753623188407,0.9718614718614719
40372.942113002326,0.4956521739130435,0.9718614718614719
40373.17311316971,0.4956521739130435,0.974025974025974
40373.40242672847,0.4963768115942029,0.974025974025974
40373.49585492928,0.4971014492753623,0.974025974025974
40373.55863076262,0.49782608695652175,0.974025974025974
40373.76099940239,0.4985507246376812,0.974025974025974
40373.84874525338,0.49927536231884057,0.974025974025974
40374.00687326822,0.5,0.974025974025974
40374.2665616429,0.5007246376811594,0.974025974025974
40374.31423893433,0.5014492753623189,0.974025974025974
40374.46645820342,0.5021739130434782,0.974025974025974
40374.60955082778,0.5028985507246376,0.974025974025974
40374.82356813158,0.5036231884057971,0.974025974025974
40374.98778343191,0.5043478260869565,0.974025974025974
40375.024402285766,0.505072463768116,0.974025974025974
40375.63071164011,0.5057971014492754,0.974025974025974
40375.687284154235,0.5065217391304347,0.974025974025974
40377.1149081143,0.5072463768115942,0.974025974025974
40377.27209277354,0.5079710144927536,0.974025974025974
40377.523358966006,0.508695652173913,0.974025974025974
40377.72838242857,0.5094202898550725,0.974025974025974
40377.94564740648,0.5094202898550725,0.9761904761904762
40378.22584661671,0.5101449275362319,0.9761904761904762
40378.29783270497,0.5108695652173914,0.9761904761904762
40378.61442987125,0.5115942028985507,0.9761904761904762
40379.030344782215,0.5123188405797101,0.9761904761904762
40379.042396513556,0.5130434782608696,0.9761904761904762
40379.24794873395,0.513768115942029,0.9761904761904762
40379.38867547119,0.5144927536231884,0.9761904761904762
40379.64577267622,0.5152173913043478,0.9761904761904762
40380.097410626906,0.5159420289855072,0.9761904761904762
40380.386007303256,0.5166666666666667,0.9761904761904762
40380.517632743366,0.5173913043478261,0.9761904761904762
40381.03361924858,0.5181159420289855,0.9761904761904762
40381.12851538908,0.518840579710145,0.9761904761904762
40382.022629942054,0.5195652173913043,0.9761904761904762
40382.58984666476,0.5202898550724637,0.9761904761904762
40382.61056106468,0.5210144927536232,0.9761904761904762
40382.74470128965,0.5217391304347826,0.9761904761904762
40383.094638662566,0.5217391304347826,0.9783549783549783
40383.371703261975,0.5224637681159421,0.9783549783549783
40383.397378887836,0.5231884057971015,0.9783549783549783
40383.400274464875,0.5231884057971015,0.9805194805194806
40383.4911910728,0.5231884057971015,0.9826839826839827
40383.91570487478,0.5239130434782608,0.9826839826839827
40384.014649144614,0.5246376811594203,0.9826839826839827
40384.16477665085,0.5253623188405797,0.9826839826839827
40384.368173982,0.5260869565217391,0.9826839826839827
40384.583394630936,0.5268115942028986,0.9826839826839827
40384.68237242696,0.527536231884058,0.9826839826839827
40384.74674421284,0.527536231884058,0.9848484848484849
40384.81227735614,0.5282608695652173,0.9848484848484849
40385.058898844094,0.5289855072463768,0.9848484848484849
40385.07712406693,0.5289855072463768,0.987012987012987
40385.200946202705,0.5297101449275362,0.987012987012987
40385.45142652108,0.5304347826086957,0.987012987012987
40385.59502092885,0.5311594202898551,0.987012987012987
40385.80578294365,0.5318840579710145,0.987012987012987
40385.90462024891,0.532608695652174,0.987012987012987
40386.098113214306,0.5333333333333333,0.987012987012987
40386.14043622057,0.5340579710144927,0.987012987012987
40386.42188227634,0.5347826086956522,0.987012987012987
40386.566709618564,0.5355072463768116,0.987012987012987
40386.77006406289,0.5362318840579711,0.987012987012987
40386.77809889106,0.5369565217391304,0.987012987012987
40386.86746952766,0.5376811594202898,0.987012987012987
40387.08328597882,0.5384057971014493,0.987012987012987
40387.19049631984,0.5391304347826087,0.987012987012987
40387.26034194704,0.5398550724637681,0.987012987012987
40387.46228135786,0.5405797101449276,0.987012987012987
40387.516186614084,0.5413043478260869,0.987012987012987
40387.67049521145,0.5420289855072464,0.987012987012987
40387.76730491774,0.5427536231884058,0.987012987012987
40388.08168018398,0.5434782608695652,0.987012987012987
40388.2533954324,0.5442028985507247,0.987012987012987
40388.26790550388,0.5449275362318841,0.987012987012987
40388.35530676256,0.5456521739130434,0.987012987012987
40388.383233067565,0.5463768115942029,0.987012987012987
40388.442807000225,0.5471014492753623,0.987012987012987
40388.80938751827,0.5478260869565217,0.987012987012987
40389.2917443579,0.5485507246376812,0.987012987012987
40389.29540162,0.5492753623188406,0.987012987012987
40389.6835801611,0.55,0.987012987012987
40389.71505987025,0.5507246376811594,0.987012987012987
40389.76778618227,0.5514492753623188,0.987012987012987
40389.826299597575,0.5521739130434783,0.987012987012987
40389.84059369846,0.5528985507246377,0.987012987012987
40390.40544632802,0.553623188405797,0.987012987012987
40390.7436105391,0.5543478260869565,0.987012987012987
40390.83722481854,0.5550724637681159,0.987012987012987
40391.38913836754,0.5557971014492754,0.987012987012987
40391.394276230814,0.5565217391304348,0.987012987012987
40391.74914359345,0.5572463768115942,0.987012987012987
40392.27375183788,0.5579710144927537,0.987012987012987
40392.3791206724,0.558695652173913,0.987012987012987
40392.52430007608,0.5594202898550724,0.987012987012987
40392.54262558483,0.5601449275362319,0.987012987012987
40392.65110930888,0.5608695652173913,0.987012987012987
40392.73211661461,0.5615942028985508,0.987012987012987
40393.10839256718,0.5623188405797102,0.987012987012987
40393.37243969731,0.5630434782608695,0.987012987012987
40393.425308363396,0.563768115942029,0.987012987012987
40393.63617201721,0.5644927536231884,0.987012987012987
40393.688149848975,0.5652173913043478,0.987012987012987
40393.929162590306,0.5659420289855073,0.987012987012987
40393.934108582675,0.5666666666666667,0.987012987012987
40394.41428103242,0.5673913043478261,0.987012987012987
40394.555612427066,0.5681159420289855,0.987012987012987
40394.60461054272,0.5688405797101449,0.987012987012987
40394.71636588509,0.5695652173913044,0.987012987012987
40394.74233485526,0.5702898550724638,0.987012987012987
40394.77120584144,0.5710144927536231,0.987012987012987
40394.78691684891,0.5717391304347826,0.987012987012987
40394.96823639405,0.572463768115942,0.987012987012987
40395.01996466411,0.5731884057971014,0.987012987012987
40395.37950305426,0.5739130434782609,0.987012987012987
40395.4635887012,0.5746376811594203,0.987012987012987
40395.595525527046,0.5753623188405798,0.987012987012987
40395.66505412596,0.5760869565217391,0.987012987012987
40395.68346421648,0.5768115942028985,0.987012987012987
40395.76575217658,0.577536231884058,0.987012987012987
40395.813622696536,0.5782608695652174,0.987012987012987
40395.96225187895,0.5789855072463768,0.987012987012987
40395.96746500952,0.5797101449275363,0.987012987012987
40396.24576596927,0.5804347826086956,0.987012987012987
40396.276273772346,0.5811594202898551,0.987012987012987
40396.32239797481,0.5818840579710145,0.987012987012987
40396.41371611411,0.5826086956521739,0.987012987012987
40396.51296463195,0.5833333333333334,0.987012987012987
40396.52939196353,0.5840579710144927,0.987012987012987
40396.53555034383,0.5847826086956521,0.987012987012987
40396.63694212372,0.5855072463768116,0.987012987012987
40396.838848245075,0.586231884057971,0.987012987012987
40397.12335111122,0.5869565217391305,0.987012987012987
40397.1388102803,0.5876811594202899,0.987012987012987
40397.359653346306,0.5884057971014492,0.987012987012987
40397.402901983645,0.5891304347826087,0.987012987012987
40397.436435396776,0.5898550724637681,0.987012987012987
40397.471554457145,0.5905797101449275,0.987012987012987
40397.53677134982,0.591304347826087,0.987012987012987
40397.6232163965,0.5920289855072464,0.987012987012987
40397.879856908505,0.5927536231884057,0.987012987012987
40397.99554508515,0.5934782608695652,0.987012987012987
40398.11387406441,0.5942028985507246,0.987012987012987
40398.192069332035,0.5949275362318841,0.987012987012987
40398.27627291889,0.5956521739130435,0.987012987012987
40398.34770602619,0.5963768115942029,0.987012987012987
40398.41153097477,0.5971014492753624,0.987012987012987
40398.461037547946,0.5978260869565217,0.987012987012987
40398.49894083996,0.5985507246376811,0.987012987012987
40398.72778833534,0.5992753623188406,0.987012987012987
40398.740467163545,0.6,0.987012987012987
40398.780474759944,0.6007246376811595,0.987012987012987
40398.78730416697,0.6014492753623188,0.987012987012987
40398.82842683803,0.6021739130434782,0.987012987012987
40398.93507831106,0.6028985507246377,0.987012987012987
40399.1351722047,0.6028985507246377,0.9891774891774892
40399.536639950114,0.6036231884057971,0.9891774891774892
40399.66327753912,0.6043478260869565,0.9891774891774892
40399.70548590712,0.605072463768116,0.9891774891774892
40399.765226466676,0.6057971014492753,0.9891774891774892
40399.810773315774,0.6065217391304348,0.9891774891774892
40399.83730819091,0.6072463768115942,0.9891774891774892
40399.88755512053,0.6079710144927536,0.9891774891774892
40399.96594189038,0.6086956521739131,0.9891774891774892
40400.24213832944,0.6094202898550725,0.9891774891774892
40400.292464567814,0.6101449275362318,0.9891774891774892
40400.40424635461,0.6108695652173913,0.9891774891774892
40400.4082550432,0.6115942028985507,0.9891774891774892
40400.419024580966,0.6123188405797102,0.9891774891774892
40400.43886670714,0.6130434782608696,0.9891774891774892
40400.52934729166,0.613768115942029,0.9891774891774892
40400.641828552725,0.6144927536231884,0.9891774891774892
40400.70567137205,0.6152173913043478,0.9891774891774892
40400.73559975685,0.6159420289855072,0.9891774891774892
40400.744576305704,0.6166666666666667,0.9891774891774892
40400.94736022803,0.6173913043478261,0.9891774891774892
40401.06167683034,0.6181159420289855,0.9891774891774892
40401.08531440585,0.618840579710145,0.9891774891774892
40401.22749347661,0.6195652173913043,0.9891774891774892
40401.39161018207,0.6202898550724638,0.9891774891774892
40401.48818597649,0.6210144927536232,0.9891774891774892
40401.530307439934,0.6217391304347826,0.9891774891774892
40401.5525459308,0.6224637681159421,0.9891774891774892
40401.69802417396,0.6231884057971014,0.9891774891774892
40401.71042534761,0.6239130434782608,0.9891774891774892
40401.72146535837,0.6246376811594203,0.9891774891774892
40401.75927653555,0.6253623188405797,0.9891774891774892
40401.797023828825,0.6260869565217392,0.9891774891774892
40401.805484386416,0.6268115942028986,0.9891774891774892
40401.84693537924,0.6275362318840579,0.9891774891774892
40401.88498820075,0.6282608695652174,0.9891774891774892
40402.06941237404,0.6289855072463768,0.9891774891774892
40402.31434056911,0.6297101449275362,0.9891774891774892
40402.3443985762,0.6304347826086957,0.9891774891774892
40402.50105873911,0.631159420289855,0.9891774891774892
40402.5491843656,0.6318840579710145,0.9891774891774892
40402.77432805716,0.6326086956521739,0.9891774891774892
40403.365243481385,0.6333333333333333,0.9891774891774892
40403.39232880997,0.6340579710144928,0.9891774891774892
40403.42106555034,0.6347826086956522,0.9891774891774892
40403.53546745757,0.6355072463768116,0.9891774891774892
40403.73249375981,0.636231884057971,0.9891774891774892
40404.00917449295,0.6369565217391304,0.9891774891774892
40404.190362360205,0.6376811594202898,0.9891774891774892
40404.234231819784,0.6384057971014493,0.9891774891774892
40404.244475023275,0.6391304347826087,0.9891774891774892
40404.5538311528,0.6398550724637682,0.9891774891774892
40404.70136814154,0.6405797101449275,0.9891774891774892
40404.72679151188,0.6413043478260869,0.9891774891774892
40404.77813766221,0.6420289855072464,0.9891774891774892
40404.850450799066,0.6427536231884058,0.9891774891774892
40404.85899479945,0.6434782608695652,0.9891774891774892
40405.06816221222,0.6442028985507247,0.9891774891774892
40405.151416657296,0.644927536231884,0.9891774891774892
40405.189968526574,0.6456521739130435,0.9891774891774892
40405.367637651114,0.6463768115942029,0.9891774891774892
40405.568675111426,0.6471014492753623,0.9891774891774892
40405.784238207074,0.6478260869565218,0.9891774891774892
40405.78942118081,0.6485507246376812,0.9891774891774892
40405.85382193067,0.6492753623188405,0.9891774891774892
40406.09449152563,0.65,0.9891774891774892
40406.19070007877,0.6507246376811594,0.9891774891774892
40406.410640131035,0.6514492753623189,0.9891774891774892
40406.53082530058,0.6521739130434783,0.9891774891774892
40406.60945094133,0.6528985507246376,0.9891774891774892
40406.61773038014,0.6536231884057971,0.9891774891774892
40406.68282397986,0.6543478260869565,0.9891774891774892
40406.90135788322,0.6550724637681159,0.9891774891774892
40407.00874913441,0.6557971014492754,0.9891774891774892
40407.0763877343,0.6565217391304348,0.9891774891774892
40407.107353185864,0.6572463768115943,0.9891774891774892
40407.347338815925,0.6579710144927536,0.9891774891774892
40407.38253761032,0.658695652173913,0.9891774891774892
40407.39243918493,0.6594202898550725,0.9891774891774892
40407.4125290549,0.6601449275362319,0.9891774891774892
40407.45733611689,0.6608695652173913,0.9891774891774892
40407.52640643092,0.6615942028985508,0.9891774891774892
40407.54410635109,0.6623188405797101,0.9891774891774892
40407.81658645044,0.6630434782608695,0.9891774891774892
40408.07663608701,0.663768115942029,0.9891774891774892
40408.28196137614,0.6644927536231884,0.9891774891774892
40408.46728397889,0.6652173913043479,0.9891774891774892
40408.489739949015,0.6659420289855073,0.9891774891774892
40408.50592257201,0.6666666666666666,0.9891774891774892
40408.63245796588,0.6673913043478261,0.9891774891774892
40408.78552539027,0.6681159420289855,0.9891774891774892
40408.82524717508,0.6688405797101449,0.9891774891774892
40408.90627469619,0.6695652173913044,0.9891774891774892
40408.95349452544,0.6702898550724637,0.9891774891774892
40409.05255911753,0.6710144927536232,0.9891774891774892
40409.08263229675,0.6717391304347826,0.9891774891774892
40409.178339240156,0.672463768115942,0.9891774891774892
40409.240440352,0.6731884057971015,0.9891774891774892
40409.534219730245,0.6739130434782609,0.9891774891774892
40409.62265276824,0.6746376811594202,0.9891774891774892
40409.6591269986,0.6753623188405797,0.9891774891774892
40409.66267772312,0.6760869565217391,0.9891774891774892
40409.85453879172,0.6768115942028986,0.9891774891774892
40409.95987346082,0.677536231884058,0.9891774891774892
40409.96285777039,0.6782608695652174,0.9891774891774892
40409.9629863175,0.6789855072463769,0.9891774891774892
40410.03944516514,0.6797101449275362,0.9891774891774892
40410.21931517703,0.6804347826086956,0.9891774891774892
40410.2822786981,0.6811594202898551,0.9891774891774892
40410.38297842892,0.6818840579710145,0.9891774891774892
40410.385371453944,0.6826086956521739,0.9891774891774892
40410.46287347893,0.6826086956521739,0.9913419913419913
40410.46905082191,0.6833333333333333,0.9913419913419913
40410.52460627954,0.6840579710144927,0.9913419913419913
40410.61916981844,0.6847826086956522,0.9913419913419913
40410.63554859377,0.6855072463768116,0.9913419913419913
40410.687628222324,0.6855072463768116,0.9935064935064936
40410.945620659826,0.686231884057971,0.9935064935064936
40410.972351362514,0.6869565217391305,0.9935064935064936
40411.04735704574,0.6876811594202898,0.9935064935064936
40411.17532789052,0.6884057971014492,0.9935064935064936
40411.207652865465,0.6891304347826087,0.9935064935064936
40411.21554861469,0.6898550724637681,0.9935064935064936
40411.29060769252,0.6905797101449276,0.9935064935064936
40411.333343100974,0.691304347826087,0.9935064935064936
40411.54021634958,0.6920289855072463,0.9935064935064936
40411.58389682397,0.6927536231884058,0.9935064935064936
40411.590147399904,0.6934782608695652,0.9935064935064936
40411.708687264545,0.6942028985507246,0.9935064935064936
40411.84601410888,0.6949275362318841,0.9935064935064936
40411.92459575858,0.6956521739130435,0.9935064935064936
40411.945354987925,0.696376811594203,0.9935064935064936
40412.054136669256,0.6971014492753623,0.9935064935064936
40412.06694818523,0.6978260869565217,0.9935064935064936
40412.106807482145,0.6985507246376812,0.9935064935064936
40412.148237359776,0.6992753623188406,0.9935064935064936
40412.192159236205,0.7,0.9935064935064936
40412.215764520486,0.7007246376811594,0.9935064935064936
40412.260801146476,0.7014492753623188,0.9935064935064936
40412.26190327751,0.7021739130434783,0.9935064935064936
40412.26194113603,0.7028985507246377,0.9935064935064936
40412.264934788254,0.7036231884057971,0.9935064935064936
40412.275515194706,0.7043478260869566,0.9935064935064936
40412.34117913643,0.7050724637681159,0.9935064935064936
40412.34662628779,0.7057971014492753,0.9935064935064936
40412.478399200045,0.7065217391304348,0.9935064935064936
40412.50623215966,0.7072463768115942,0.9935064935064936
40412.53589742758,0.7079710144927536,0.9935064935064936
40412.610342843465,0.7086956521739131,0.9935064935064936
40412.69624647975,0.7094202898550724,0.9935064935064936
40412.800880434734,0.7101449275362319,0.9935064935064936
40412.82820509557,0.7108695652173913,0.9935064935064936
40412.836108331954,0.7115942028985507,0.9935064935064936
40412.86921077118,0.7123188405797102,0.9935064935064936
40413.10472777463,0.7130434782608696,0.9935064935064936
40413.13366422128,0.7137681159420289,0.9935064935064936
40413.18452191198,0.7144927536231884,0.9935064935064936
40413.18962713793,0.7152173913043478,0.9935064935064936
40413.26153163279,0.7159420289855073,0.9935064935064936
40413.28313745482,0.7166666666666667,0.9935064935064936
40413.28463544754,0.717391304347826,0.9935064935064936
40413.63235764504,0.7181159420289855,0.9935064935064936
40413.74320226382,0.7188405797101449,0.9935064935064936
40413.79208752079,0.7195652173913043,0.9935064935064936
40413.81915998641,0.7202898550724638,0.9935064935064936
40413.85255487347,0.7210144927536232,0.9935064935064936
40413.88759643762,0.7217391304347827,0.9935064935064936
40413.97879994809,0.722463768115942,0.9935064935064936
40413.98267034559,0.7231884057971014,0.9935064935064936
40413.994920236386,0.7239130434782609,0.9935064935064936
40413.99867540079,0.7246376811594203,0.9935064935064936
40414.054538032055,0.7253623188405797,0.9935064935064936
40414.12617816704,0.7260869565217392,0.9935064935064936
40414.14157560183,0.7268115942028985,0.9935064935064936
40414.36477422222,0.7275362318840579,0.9935064935064936
40414.412054781154,0.7282608695652174,0.9935064935064936
40414.42823233018,0.7289855072463768,0.9935064935064936
40414.436739795,0.7297101449275363,0.9935064935064936
40414.45494835254,0.7304347826086957,0.9935064935064936
40414.62357109253,0.731159420289855,0.9935064935064936
40414.72940282146,0.7318840579710145,0.9935064935064936
40414.97819872205,0.7326086956521739,0.9935064935064936
40415.049546942166,0.7333333333333333,0.9935064935064936
40415.09448631709,0.7340579710144928,0.9935064935064936
40415.20661210748,0.7347826086956522,0.9935064935064936
40415.36387282218,0.7355072463768116,0.9935064935064936
40415.37268666116,0.736231884057971,0.9935064935064936
40415.443087559426,0.7369565217391304,0.9935064935064936
40415.456817423415,0.7376811594202899,0.9935064935064936
40415.49905191523,0.7384057971014493,0.9935064935064936
40415.75010636387,0.7391304347826086,0.9935064935064936
40415.94083477835,0.7398550724637681,0.9935064935064936
40415.99030355214,0.7405797101449275,0.9935064935064936
40415.99521737572,0.741304347826087,0.9935064935064936
40416.04007910911,0.7420289855072464,0.9935064935064936
40416.042158578086,0.7427536231884058,0.9935064935064936
40416.14373672537,0.7434782608695653,0.9935064935064936
40416.16885888348,0.7442028985507246,0.9935064935064936
40416.237326011644,0.744927536231884,0.9935064935064936
40416.30221569107,0.7456521739130435,0.9935064935064936
40416.30381708572,0.7463768115942029,0.9935064935064936
40416.37859836829,0.7471014492753624,0.9935064935064936
40416.43916673153,0.7478260869565218,0.9935064935064936
40416.47555447644,0.7485507246376811,0.9935064935064936
40416.55414725516,0.7492753623188406,0.9935064935064936
40416.568892485615,0.75,0.9935064935064936
40416.58565456215,0.7507246376811594,0.9935064935064936
40416.67427428072,0.7514492753623189,0.9935064935064936
40416.73154590221,0.7521739130434782,0.9935064935064936
40416.79544995905,0.7528985507246376,0.9935064935064936
40416.80718406152,0.7536231884057971,0.9935064935064936
40416.82062835608,0.7543478260869565,0.9935064935064936
40416.90831920144,0.755072463768116,0.9935064935064936
40417.053346783054,0.7557971014492754,0.9935064935064936
40417.14710060319,0.7565217391304347,0.9935064935064936
40417.16691972297,0.7572463768115942,0.9935064935064936
40417.2162834702,0.7579710144927536,0.9935064935064936
40417.28928625047,0.758695652173913,0.9935064935064936
40417.42939330063,0.7594202898550725,0.9935064935064936
40417.51289529762,0.7601449275362319,0.9935064935064936
40417.57952545028,0.7608695652173914,0.9935064935064936
40417.608557114145,0.7615942028985507,0.9935064935064936
40417.62428040716,0.7615942028985507,0.9956709956709957
40417.62859371485,0.7623188405797101,0.9956709956709957
40417.65186514535,0.7630434782608696,0.9956709956709957
40417.66141573744,0.763768115942029,0.9956709956709957
40417.81183076058,0.7644927536231884,0.9956709956709957
40417.83520452621,0.7652173913043478,0.9956709956709957
40417.919313197766,0.7659420289855072,0.9956709956709957
40417.97456528776,0.7666666666666667,0.9956709956709957
40418.072463058495,0.7673913043478261,0.9956709956709957
40418.11284497686,0.7681159420289855,0.9956709956709957
40418.14308090434,0.768840579710145,0.9956709956709957
40418.19209463466,0.7695652173913043,0.9956709956709957
40418.36191270505,0.7702898550724637,0.9956709956709957
40418.401301325976,0.7710144927536232,0.9956709956709957
40418.47991626747,0.7717391304347826,0.9956709956709957
40418.77489265692,0.7724637681159421,0.9956709956709957
40418.80479982089,0.7731884057971015,0.9956709956709957
40418.85643288317,0.7739130434782608,0.9956709956709957
40418.85893760145,0.7746376811594203,0.9956709956709957
40418.96967102841,0.7753623188405797,0.9956709956709957
40419.08921606142,0.7760869565217391,0.9956709956709957
40419.098062590056,0.7768115942028986,0.9956709956709957
40419.2590934484,0.777536231884058,0.9956709956709957
40419.306418737026,0.777536231884058,0.9978354978354979
40419.32012319299,0.7782608695652173,0.9978354978354979
40419.35259668389,0.7789855072463768,0.9978354978354979
40419.42998559016,0.7797101449275362,0.9978354978354979
40419.43155514868,0.7804347826086957,0.9978354978354979
40419.56220163216,0.7811594202898551,0.9978354978354979
40419.57696001866,0.7818840579710145,0.9978354978354979
40419.60835693171,0.782608695652174,0.9978354978354979
40419.64118707367,0.782608695652174,1.0
40419.66848399215,0.7833333333333333,1.0
40419.77054974574,0.7840579710144927,1.0
40419.82876622208,0.7847826086956522,1.0
40419.88197399673,0.7855072463768116,1.0
40419.92193234512,0.7862318840579711,1.0
40419.937283090054,0.7869565217391304,1.0
40420.051656578,0.7876811594202898,1.0
40420.09326245671,0.7884057971014493,1.0
40420.12522199062,0.7891304347826087,1.0
40420.13271057145,0.7898550724637681,1.0
40420.23333716232,0.7905797101449276,1.0
40420.24944223411,0.7913043478260869,1.0
40420.52516888642,0.7920289855072464,1.0
40420.57157602732,0.7927536231884058,1.0
40420.64336555016,0.7934782608695652,1.0
40420.734088138095,0.7942028985507247,1.0
40420.74914623886,0.7949275362318841,1.0
40420.89818251437,0.7956521739130434,1.0
40421.03172808482,0.7963768115942029,1.0
40421.03873597868,0.7971014492753623,1.0
40421.108282051566,0.7978260869565217,1.0
40421.21868089737,0.7985507246376812,1.0
40421.22177238168,0.7992753623188406,1.0
40421.283948181044,0.8,1.0
40421.32753541008,0.8007246376811594,1.0
40421.329670831605,0.8014492753623188,1.0
40421.334431860654,0.8021739130434783,1.0
40421.38582134598,0.8028985507246377,1.0
40421.511087085986,0.803623188405797,1.0
40421.55914467897,0.8043478260869565,1.0
40421.570266797025,0.8050724637681159,1.0
40421.59933138739,0.8057971014492754,1.0
40421.609943894575,0.8065217391304348,1.0
40421.65139629494,0.8072463768115942,1.0
40421.895039684474,0.8079710144927537,1.0
40422.11197175817,0.808695652173913,1.0
40422.151392162865,0.8094202898550724,1.0
40422.180117945856,0.8101449275362319,1.0
40422.22297449081,0.8108695652173913,1.0
40422.31507094393,0.8115942028985508,1.0
40422.31689035624,0.8123188405797102,1.0
40422.35275359644,0.8130434782608695,1.0
40422.397674316926,0.813768115942029,1.0
40422.402323465634,0.8144927536231884,1.0
40422.47934280978,0.8152173913043478,1.0
40422.624180105035,0.8159420289855073,1.0
40422.66754098182,0.8166666666666667,1.0
40422.734142253226,0.8173913043478261,1.0
40422.81141337579,0.8181159420289855,1.0
40422.86815778846,0.8188405797101449,1.0
40422.951645283094,0.8195652173913044,1.0
40422.98525534804,0.8202898550724638,1.0
40423.00243647091,0.8210144927536231,1.0
40423.005921398384,0.8217391304347826,1.0
40423.0556878511,0.822463768115942,1.0
40423.09385785377,0.8231884057971014,1.0
40423.149038721735,0.8239130434782609,1.0
40423.28434831456,0.8246376811594203,1.0
40423.33334307057,0.8253623188405798,1.0
40423.360833171115,0.8260869565217391,1.0
40423.432297223684,0.8268115942028985,1.0
40423.51842218882,0.827536231884058,1.0
40423.66626271579,0.8282608695652174,1.0
40423.710710570165,0.8289855072463768,1.0
40423.75558299637,0.8297101449275363,1.0
40423.86194642693,0.8304347826086956,1.0
40423.99776511102,0.8311594202898551,1.0
40424.081973660446,0.8318840579710145,1.0
40424.08830229283,0.8326086956521739,1.0
40424.1139089336,0.8333333333333334,1.0
40424.13556269405,0.8340579710144927,1.0
40424.19206399373,0.8347826086956521,1.0
40424.20004025503,0.8355072463768116,1.0
40424.20176870219,0.836231884057971,1.0
40424.35851882717,0.8369565217391305,1.0
40424.40532748398,0.8376811594202899,1.0
40424.47072053209,0.8384057971014492,1.0
40424.53721846781,0.8391304347826087,1.0
40424.582826362996,0.8398550724637681,1.0
40424.61070519178,0.8405797101449275,1.0
40424.84408956909,0.841304347826087,1.0
40424.87251183703,0.8420289855072464,1.0
40424.90516515268,0.8427536231884057,1.0
40424.95182995881,0.8434782608695652,1.0
40425.01544138788,0.8442028985507246,1.0
40425.038760525225,0.8449275362318841,1.0
40425.096403719566,0.8456521739130435,1.0
40425.11814122589,0.8463768115942029,1.0
40425.186003051174,0.8471014492753624,1.0
40425.21154091,0.8478260869565217,1.0
40425.241480950295,0.8485507246376811,1.0
40425.31687715894,0.8492753623188406,1.0
40425.35475544955,0.85,1.0
40425.375476061556,0.8507246376811595,1.0
40425.39167253031,0.8514492753623188,1.0
40425.399608375345,0.8521739130434782,1.0
40425.42427643161,0.8528985507246377,1.0
40425.54138769405,0.8536231884057971,1.0
40425.57577951838,0.8543478260869565,1.0
40425.59360829645,0.855072463768116,1.0
40425.756988331435,0.8557971014492753,1.0
40425.75784760095,0.8565217391304348,1.0
40425.88086069531,0.8572463768115942,1.0
40425.8981728283,0.8579710144927536,1.0
40425.91756677965,0.8586956521739131,1.0
40425.93104521121,0.8594202898550725,1.0
40425.949458867995,0.8601449275362318,1.0
40425.967568775304,0.8608695652173913,1.0
40426.03088361006,0.8615942028985507,1.0
40426.05936056893,0.8623188405797102,1.0
40426.09518256838,0.8630434782608696,1.0
40426.13116733867,0.863768115942029,1.0
40426.21488354174,0.8644927536231884,1.0
40426.2214248205,0.8652173913043478,1.0
40426.234166177754,0.8659420289855072,1.0
40426.27201612997,0.8666666666666667,1.0
40426.343665255474,0.8673913043478261,1.0
40426.344383489304,0.8681159420289855,1.0
40426.461070368234,0.868840579710145,1.0
40426.466044407454,0.8695652173913043,1.0
40426.475672119894,0.8702898550724638,1.0
40426.56015402117,0.8710144927536232,1.0
40426.609337788235,0.8717391304347826,1.0
40426.746156937574,0.8724637681159421,1.0
40426.75762312296,0.8731884057971014,1.0
40426.77735554298,0.8739130434782608,1.0
40426.782317714904,0.8746376811594203,1.0
40426.79306083373,0.8753623188405797,1.0
40426.8529334545,0.8760869565217392,1.0
40427.043041214645,0.8768115942028986,1.0
40427.05061825841,0.8775362318840579,1.0
40427.05428832335,0.8782608695652174,1.0
40427.083827750525,0.8789855072463768,1.0
40427.10887146815,0.8797101449275362,1.0
40427.330067362294,0.8804347826086957,1.0
40427.365903525584,0.881159420289855,1.0
40427.49644492346,0.8818840579710145,1.0
40427.49925114212,0.8826086956521739,1.0
40427.55619661646,0.8833333333333333,1.0
40427.57036144091,0.8840579710144928,1.0
40427.60416447854,0.8847826086956522,1.0
40427.621098166645,0.8855072463768116,1.0
40427.704679495466,0.886231884057971,1.0
40427.89303561058,0.8869565217391304,1.0
40427.92705854004,0.8876811594202898,1.0
40427.96369593215,0.8884057971014493,1.0
40427.983661780534,0.8891304347826087,1.0
40428.02591647015,0.8898550724637682,1.0
40428.05065556674,0.8905797101449275,1.0
40428.06862417108,0.8913043478260869,1.0
40428.20025580773,0.8920289855072464,1.0
40428.23802427072,0.8927536231884058,1.0
40428.26398373441,0.8934782608695652,1.0
40428.315296947854,0.8942028985507247,1.0
40428.38979090909,0.894927536231884,1.0
40428.44054339463,0.8956521739130435,1.0
40428.46291585963,0.8963768115942029,1.0
40428.525475627066,0.8971014492753623,1.0
40428.810181370485,0.8978260869565218,1.0
40428.8294461034,0.8985507246376812,1.0
40428.85225166163,0.8992753623188405,1.0
40428.860356137215,0.9,1.0
40428.89027284613,0.9007246376811594,1.0
40428.99960071985,0.9014492753623189,1.0
40429.21734425519,0.9021739130434783,1.0
40429.35209123257,0.9028985507246376,1.0
40429.36353714351,0.9036231884057971,1.0
40429.477518902975,0.9043478260869565,1.0
40429.48805275379,0.9050724637681159,1.0
40429.538415780204,0.9057971014492754,1.0
40429.55713522405,0.9065217391304348,1.0
40429.60867488429,0.9072463768115943,1.0
40429.609443122245,0.9079710144927536,1.0
40429.72338829221,0.908695652173913,1.0
40429.725190093515,0.9094202898550725,1.0
40429.777799223884,0.9101449275362319,1.0
40429.793330947556,0.9108695652173913,1.0
40429.855546465835,0.9115942028985508,1.0
40429.877412541806,0.9123188405797101,1.0
40429.98644794019,0.9130434782608695,1.0
40430.03912474314,0.913768115942029,1.0
40430.107541922516,0.9144927536231884,1.0
40430.12810008731,0.9152173913043479,1.0
40430.132447347474,0.9159420289855073,1.0
40430.134952920314,0.9166666666666666,1.0
40430.174297335245,0.9173913043478261,1.0
40430.19169561004,0.9181159420289855,1.0
40430.20337590495,0.9188405797101449,1.0
40430.25666327537,0.9195652173913044,1.0
40430.25747416854,0.9202898550724637,1.0
40430.340998900785,0.9210144927536232,1.0
40430.358824310264,0.9217391304347826,1.0
40430.38647000142,0.922463768115942,1.0
40430.39252303767,0.9231884057971015,1.0
40430.497699450796,0.9239130434782609,1.0
40430.50496203518,0.9246376811594202,1.0
40430.583590249116,0.9253623188405797,1.0
40430.62857456276,0.9260869565217391,1.0
40430.780339352736,0.9268115942028986,1.0
40430.942923110466,0.927536231884058,1.0
40430.96133174954,0.9282608695652174,1.0
40430.96831349043,0.9289855072463769,1.0
40431.00113987861,0.9297101449275362,1.0
40431.007797001344,0.9304347826086956,1.0
40431.090112143276,0.9311594202898551,1.0
40431.10540650927,0.9318840579710145,1.0
40431.11673261955,0.9326086956521739,1.0
40431.12777120613,0.9333333333333333,1.0
40431.16920448606,0.9340579710144927,1.0
40431.2361371206,0.9347826086956522,1.0
40431.238455364735,0.9355072463768116,1.0
40431.366527546095,0.936231884057971,1.0
40431.540612309705,0.9369565217391305,1.0
40431.54172207404,0.9376811594202898,1.0
40431.77852205801,0.9384057971014492,1.0
40431.878870272216,0.9391304347826087,1.0
40431.91405205807,0.9398550724637681,1.0
40431.95499251284,0.9405797101449276,1.0
40431.962727019105,0.941304347826087,1.0
40432.03638860524,0.9420289855072463,1.0
40432.11433006831,0.9427536231884058,1.0
40432.29184164864,0.9434782608695652,1.0
40432.57600714472,0.9442028985507246,1.0
40432.59246670571,0.9449275362318841,1.0
40432.64741147822,0.9456521739130435,1.0
40432.64786975563,0.946376811594203,1.0
40432.66718855176,0.9471014492753623,1.0
40432.8112858271,0.9478260869565217,1.0
40432.847005905285,0.9485507246376812,1.0
40432.94369944202,0.9492753623188406,1.0
40432.9536324253,0.95,1.0
40433.0220854261,0.9507246376811594,1.0
40433.07376312661,0.9514492753623188,1.0
40433.15687724571,0.9521739130434783,1.0
40433.188928351345,0.9528985507246377,1.0
40433.29094440941,0.9536231884057971,1.0
40433.31917213437,0.9543478260869566,1.0
40433.43950139341,0.9550724637681159,1.0
40433.46096301248,0.9557971014492753,1.0
40433.6300381504,0.9565217391304348,1.0
40433.81986770227,0.9572463768115942,1.0
40433.87326956323,0.9579710144927536,1.0
40433.918823840875,0.9586956521739131,1.0
40433.93241599419,0.9594202898550724,1.0
40434.122387257325,0.9601449275362319,1.0
40434.13461637524,0.9608695652173913,1.0
40434.18140175461,0.9615942028985507,1.0
40434.236006391395,0.9623188405797102,1.0
40434.2760011906,0.9630434782608696,1.0
40434.456824549256,0.9637681159420289,1.0
40434.492323568826,0.9644927536231884,1.0
40434.59383366205,0.9652173913043478,1.0
40434.680476703106,0.9659420289855073,1.0
40434.716358798316,0.9666666666666667,1.0
40434.72764365623,0.967391304347826,1.0
40434.96242993737,0.9681159420289855,1.0
40434.96332980838,0.9688405797101449,1.0
40435.00619962292,0.9695652173913043,1.0
40435.19127778724,0.9702898550724638,1.0
40435.33141489933,0.9710144927536232,1.0
40435.44694338376,0.9717391304347827,1.0
40435.45192014586,0.972463768115942,1.0
40435.47830790458,0.9731884057971014,1.0
40435.593166193845,0.9739130434782609,1.0
40435.603416981976,0.9746376811594203,1.0
40435.69076449475,0.9753623188405797,1.0
40435.99278057596,0.9760869565217392,1.0
40436.05468765729,0.9768115942028985,1.0
40436.39115470171,0.9775362318840579,1.0
40436.50032092446,0.9782608695652174,1.0
40436.52646023879,0.9789855072463768,1.0
40436.61310348107,0.9797101449275363,1.0
40436.915722759935,0.9804347826086957,1.0
40437.0210855402,0.981159420289855,1.0
40437.10450841271,0.9818840579710145,1.0
40437.1524790923,0.9826086956521739,1.0
40437.29560824621,0.9833333333333333,1.0
40437.3602275125,0.9840579710144928,1.0
40437.41860502148,0.9847826086956522,1.0
40437.783811388384,0.9855072463768116,1.0
40437.85733862151,0.986231884057971,1.0
40437.90363281947,0.9869565217391304,1.0
40437.96973282021,0.9876811594202899,1.0
40437.97401651151,0.9884057971014493,1.0
40438.02506074886,0.9891304347826086,1.0
40438.10104899252,0.9898550724637681,1.0
40438.43368071831,0.9905797101449275,1.0
40438.50436371192,0.991304347826087,1.0
40438.76837871156,0.9920289855072464,1.0
40438.77090339636,0.9927536231884058,1.0
40438.89369399639,0.9934782608695653,1.0
40439.70227304012,0.9942028985507246,1.0
40439.955978923506,0.994927536231884,1.0
40440.592728723335,0.9956521739130435,1.0
40441.060630917804,0.9963768115942029,1.0
40441.500508651734,0.9971014492753624,1.0
40442.08574473151,0.9978260869565218,1.0
40442.13163118217,0.9985507246376811,1.0
40445.26610184515,0.9992753623188406,1.0
