threshold,tp,fp,fn,tn,tpr,fpr,precision,recall,f1
0.6870356051595264,3,0,1104,522,0.0027100271002710027,0.0,1.0,0.0027100271002710027,0.005405405405405406
0.6729163416907926,5,0,1102,522,0.004516711833785004,0.0,1.0,0.004516711833785004,0.008992805755395683
0.6640538835176665,6,0,1101,522,0.005420054200542005,0.0,1.0,0.005420054200542005,0.010781671159029648
0.6620181023865476,12,0,1095,522,0.01084010840108401,0.0,1.0,0.01084010840108401,0.021447721179624665
0.6609966877239336,16,0,1091,522,0.014453477868112014,0.0,1.0,0.014453477868112014,0.028495102404274265
0.6606448412981979,18,0,1089,522,0.016260162601626018,0.0,1.0,0.016260162601626018,0.032
0.6599065733034739,19,0,1088,522,0.017163504968383016,0.0,1.0,0.017163504968383016,0.03374777975133215
0.6597894638015737,20,0,1087,522,0.018066847335140017,0.0,1.0,0.018066847335140017,0.0354924578527063
0.6588533356535794,21,0,1086,522,0.018970189701897018,0.0,1.0,0.018970189701897018,0.03723404255319149
0.6584208257025921,21,1,1086,521,0.018970189701897018,0.0019157088122605363,0.9545454545454546,0.018970189701897018,0.03720106288751107
0.6548895860580461,22,1,1085,521,0.01987353206865402,0.0019157088122605363,0.9565217391304348,0.01987353206865402,0.03893805309734513
0.6466661144826568,26,1,1081,521,0.023486901535682024,0.0019157088122605363,0.9629629629629629,0.023486901535682024,0.045855379188712526
0.6456526509501562,27,1,1080,521,0.024390243902439025,0.0019157088122605363,0.9642857142857143,0.024390243902439025,0.04757709251101322
0.6451987260748625,29,1,1078,521,0.026196928635953028,0.0019157088122605363,0.9666666666666667,0.026196928635953028,0.051011433597185574
0.6443404757611897,30,1,1077,521,0.02710027100271003,0.0019157088122605363,0.967741935483871,0.02710027100271003,0.05272407732864675
0.643583959508608,32,1,1075,521,0.028906955736224028,0.0019157088122605363,0.9696969696969697,0.028906955736224028,0.05614035087719298
0.6429915636700795,33,1,1074,521,0.02981029810298103,0.0019157088122605363,0.9705882352941176,0.02981029810298103,0.05784399649430324
0.6419206576781035,34,1,1073,521,0.03071364046973803,0.0019157088122605363,0.9714285714285714,0.03071364046973803,0.0595446584938704
0.6395666796840992,35,1,1072,521,0.031616982836495035,0.0019157088122605363,0.9722222222222222,0.031616982836495035,0.061242344706911644
0.6375720209525991,38,1,1069,521,0.03432700993676603,0.0019157088122605363,0.9743589743589743,0.03432700993676603,0.0663176265270506
0.636663199122001,39,1,1068,521,0.03523035230352303,0.0019157088122605363,0.975,0.03523035230352303,0.06800348735832606
0.6365197315224738,40,1,1067,521,0.036133694670280034,0.0019157088122605363,0.975609756097561,0.036133694670280034,0.06968641114982578
0.6355948635009849,41,1,1066,521,0.037037037037037035,0.0019157088122605363,0.9761904761904762,0.037037037037037035,0.07136640557006092
0.6351438033711391,42,1,1065,521,0.037940379403794036,0.0019157088122605363,0.9767441860465116,0.037940379403794036,0.07304347826086956
0.6324624177597695,43,1,1064,521,0.03884372177055104,0.0019157088122605363,0.9772727272727273,0.03884372177055104,0.07471763683753258
0.6323094760790927,44,1,1063,521,0.03974706413730804,0.0019157088122605363,0.9777777777777777,0.03974706413730804,0.0763888888888889
0.6312666725509228,45,1,1062,521,0.04065040650406504,0.0019157088122605363,0.9782608695652174,0.04065040650406504,0.07805724197745013
0.6300690152859746,46,1,1061,521,0.04155374887082204,0.0019157088122605363,0.9787234042553191,0.04155374887082204,0.07972270363951472
0.6291072619925017,47,1,1060,521,0.04245709123757904,0.0019157088122605363,0.9791666666666666,0.04245709123757904,0.08138528138528138
0.6286329129095886,48,1,1059,521,0.04336043360433604,0.0019157088122605363,0.9795918367346939,0.04336043360433604,0.08304498269896195
0.6265007786405273,50,1,1057,521,0.045167118337850046,0.0019157088122605363,0.9803921568627451,0.045167118337850046,0.08635578583765112
0.6264155546276249,51,1,1056,521,0.04607046070460705,0.0019157088122605363,0.9807692307692307,0.04607046070460705,0.08800690250215704
0.6260390601358563,52,1,1055,521,0.04697380307136405,0.0019157088122605363,0.9811320754716981,0.04697380307136405,0.08965517241379312
0.6231620617954713,53,1,1054,521,0.04787714543812105,0.0019157088122605363,0.9814814814814815,0.04787714543812105,0.0913006029285099
0.6198276032662132,56,1,1051,521,0.05058717253839205,0.0019157088122605363,0.9824561403508771,0.05058717253839205,0.09621993127147768
0.6170536226109363,57,1,1050,521,0.051490514905149054,0.0019157088122605363,0.9827586206896551,0.051490514905149054,0.09785407725321889
0.6159010675447403,58,1,1049,521,0.052393857271906055,0.0019157088122605363,0.9830508474576272,0.052393857271906055,0.09948542024013722
0.6148970172936967,61,1,1046,521,0.05510388437217705,0.0019157088122605363,0.9838709677419355,0.05510388437217705,0.10436270316509838
0.6134837459272664,64,1,1043,521,0.057813911472448055,0.0019157088122605363,0.9846153846153847,0.057813911472448055,0.10921501706484642
0.6133859824142986,65,1,1042,521,0.05871725383920506,0.0019157088122605363,0.9848484848484849,0.05871725383920506,0.11082693947144075
0.6128425465583319,66,1,1041,521,0.05962059620596206,0.0019157088122605363,0.9850746268656716,0.05962059620596206,0.11243611584327086
0.6127913558755572,67,1,1040,521,0.06052393857271906,0.0019157088122605363,0.9852941176470589,0.06052393857271906,0.11404255319148936
0.612253331619216,70,1,1037,521,0.06323396567299007,0.0019157088122605363,0.9859154929577465,0.06323396567299007,0.11884550084889645
0.612168384147318,71,1,1036,521,0.06413730803974707,0.0019157088122605363,0.9861111111111112,0.06413730803974707,0.12044105173876167
0.6116624702717869,72,1,1035,521,0.06504065040650407,0.0019157088122605363,0.9863013698630136,0.06504065040650407,0.12203389830508478
0.6112885493429308,73,1,1034,521,0.06594399277326106,0.0019157088122605363,0.9864864864864865,0.06594399277326106,0.12362404741744283
0.6109482730291145,75,1,1032,521,0.06775067750677506,0.0019157088122605363,0.9868421052631579,0.06775067750677506,0.12679628064243448
0.610917167328933,76,1,1031,521,0.06865401987353206,0.0019157088122605363,0.987012987012987,0.06865401987353206,0.12837837837837837
0.6092796329457293,77,1,1030,521,0.06955736224028906,0.0019157088122605363,0.9871794871794872,0.06955736224028906,0.129957805907173
0.6083748065177896,79,1,1028,521,0.07136404697380307,0.0019157088122605363,0.9875,0.07136404697380307,0.13310867733782644
0.6058867240526142,82,1,1025,521,0.07407407407407407,0.0019157088122605363,0.9879518072289156,0.07407407407407407,0.13781512605042015
0.6058507081681245,83,1,1024,521,0.07497741644083107,0.0019157088122605363,0.9880952380952381,0.07497741644083107,0.13937867338371118
0.6031159915985477,93,1,1014,521,0.08401084010840108,0.0019157088122605363,0.9893617021276596,0.08401084010840108,0.15487094088259784
0.6023711610293768,94,1,1013,521,0.08491418247515808,0.0019157088122605363,0.9894736842105263,0.08491418247515808,0.15640599001663893
0.5998549169520404,95,1,1012,521,0.08581752484191509,0.0019157088122605363,0.9895833333333334,0.08581752484191509,0.15793848711554445
0.5997003965915461,96,1,1011,521,0.08672086720867209,0.0019157088122605363,0.9896907216494846,0.08672086720867209,0.15946843853820597
0.5995432165214007,97,1,1010,521,0.08762420957542909,0.0019157088122605363,0.9897959183673469,0.08762420957542909,0.16099585062240665
0.5995198126758385,98,1,1009,521,0.08852755194218609,0.0019157088122605363,0.98989898989899,0.08852755194218609,0.1625207296849088
0.5993871328781066,99,1,1008,521,0.08943089430894309,0.0019157088122605363,0.99,0.08943089430894309,0.16404308202154103
0.5986248420541518,101,1,1006,521,0.09123757904245709,0.0019157088122605363,0.9901960784313726,0.09123757904245709,0.16708023159636065
0.598481133485099,102,1,1005,521,0.0921409214092141,0.0019157088122605363,0.9902912621359223,0.0921409214092141,0.16859504132231404
0.5977492614203238,103,1,1004,521,0.0930442637759711,0.0019157088122605363,0.9903846153846154,0.0930442637759711,0.17010734929810076
0.5972228271013355,104,1,1003,521,0.0939476061427281,0.0019157088122605363,0.9904761904761905,0.0939476061427281,0.17161716171617164
0.5965940173321197,105,1,1002,521,0.0948509485094851,0.0019157088122605363,0.9905660377358491,0.0948509485094851,0.1731244847485573
0.5964936096612476,106,1,1001,521,0.0957542908762421,0.0019157088122605363,0.9906542056074766,0.0957542908762421,0.17462932454695224
0.5952125037515212,109,1,998,521,0.0984643179765131,0.0019157088122605363,0.990909090909091,0.0984643179765131,0.17912900575184884
0.5939461964183044,112,1,995,521,0.1011743450767841,0.0019157088122605363,0.9911504424778761,0.1011743450767841,0.18360655737704917
0.5935940594574566,113,1,994,521,0.1020776874435411,0.0019157088122605363,0.9912280701754386,0.1020776874435411,0.1850941850941851
0.5933100525896806,116,1,991,521,0.10478771454381211,0.0019157088122605363,0.9914529914529915,0.10478771454381211,0.18954248366013074
0.5932979799325996,117,1,990,521,0.10569105691056911,0.0019157088122605363,0.9915254237288136,0.10569105691056911,0.1910204081632653
0.5931111898597518,118,1,989,521,0.10659439927732611,0.0019157088122605363,0.9915966386554622,0.10659439927732611,0.19249592169657423
0.5922751371743968,120,1,987,521,0.10840108401084012,0.0019157088122605363,0.9917355371900827,0.10840108401084012,0.1954397394136808
0.5916181262805661,121,1,986,521,0.1093044263775971,0.0019157088122605363,0.9918032786885246,0.1093044263775971,0.1969080553295362
0.5916116437273221,122,1,985,521,0.1102077687443541,0.0019157088122605363,0.991869918699187,0.1102077687443541,0.19837398373983742
0.5915836464851102,123,1,984,521,0.1111111111111111,0.0019157088122605363,0.9919354838709677,0.1111111111111111,0.19983753046303818
0.5909432343732159,125,1,982,521,0.11291779584462511,0.0019157088122605363,0.9920634920634921,0.11291779584462511,0.20275750202757503
0.5908262097072958,129,1,978,521,0.11653116531165311,0.0019157088122605363,0.9923076923076923,0.11653116531165311,0.20856911883589327
0.5903014061640796,130,1,977,521,0.11743450767841011,0.0019157088122605363,0.9923664122137404,0.11743450767841011,0.21001615508885296
0.5887873893149623,131,1,976,521,0.11833785004516711,0.0019157088122605363,0.9924242424242424,0.11833785004516711,0.21146085552865215
0.5885557125799954,132,1,975,521,0.11924119241192412,0.0019157088122605363,0.9924812030075187,0.11924119241192412,0.21290322580645163
0.5879951973835897,135,1,972,521,0.12195121951219512,0.0019157088122605363,0.9926470588235294,0.12195121951219512,0.21721641190667737
0.585629346367751,136,1,971,521,0.12285456187895212,0.0019157088122605363,0.9927007299270073,0.12285456187895212,0.21864951768488744
0.585074607238297,137,1,970,521,0.12375790424570912,0.0019157088122605363,0.9927536231884058,0.12375790424570912,0.22008032128514057
0.5850563346000665,138,1,969,521,0.12466124661246612,0.0019157088122605363,0.9928057553956835,0.12466124661246612,0.2215088282504013
0.5828254793731797,139,1,968,521,0.12556458897922312,0.0019157088122605363,0.9928571428571429,0.12556458897922312,0.22293504410585405
0.582813870197577,140,1,967,521,0.12646793134598014,0.0019157088122605363,0.9929078014184397,0.12646793134598014,0.2243589743589744
0.5822909236725342,141,1,966,521,0.12737127371273713,0.0019157088122605363,0.9929577464788732,0.12737127371273713,0.22578062449959968
0.5819323747408427,142,1,965,521,0.12827461607949414,0.0019157088122605363,0.993006993006993,0.12827461607949414,0.22720000000000004
0.5815032624339443,145,1,962,521,0.13098464317976513,0.0019157088122605363,0.9931506849315068,0.13098464317976513,0.23144453312051078
0.5812643708546212,146,1,961,521,0.13188798554652212,0.0019157088122605363,0.9931972789115646,0.13188798554652212,0.2328548644338118
0.580385218987669,147,1,960,521,0.13279132791327913,0.0019157088122605363,0.9932432432432432,0.13279132791327913,0.23426294820717133
0.5803366493487396,148,1,959,521,0.13369467028003612,0.0019157088122605363,0.9932885906040269,0.13369467028003612,0.23566878980891723
0.5797507794821514,149,1,958,521,0.13459801264679314,0.0019157088122605363,0.9933333333333333,0.13459801264679314,0.2370723945902944
0.5779129173806444,151,1,956,521,0.13640469738030714,0.0019157088122605363,0.993421052631579,0.13640469738030714,0.2398729150119142
0.5778124599727609,152,1,955,521,0.13730803974706413,0.0019157088122605363,0.9934640522875817,0.13730803974706413,0.24126984126984125
0.5769839231385755,153,1,954,521,0.13821138211382114,0.0019157088122605363,0.9935064935064936,0.13821138211382114,0.24266455194290246
0.575983036544551,154,1,953,521,0.13911472448057813,0.0019157088122605363,0.9935483870967742,0.13911472448057813,0.24405705229793978
0.5757845903218423,154,2,953,520,0.13911472448057813,0.0038314176245210726,0.9871794871794872,0.13911472448057813,0.24386381631037213
0.575280646259397,155,2,952,520,0.14001806684733514,0.0038314176245210726,0.9872611464968153,0.14001806684733514,0.245253164556962
0.573098126964775,156,2,951,520,0.14092140921409213,0.0038314176245210726,0.9873417721518988,0.14092140921409213,0.2466403162055336
0.5729096360230466,157,2,950,520,0.14182475158084915,0.0038314176245210726,0.9874213836477987,0.14182475158084915,0.24802527646129544
0.5723807887272792,158,2,949,520,0.14272809394760613,0.0038314176245210726,0.9875,0.14272809394760613,0.24940805051302287
0.571970937217316,159,2,948,520,0.14363143631436315,0.0038314176245210726,0.9875776397515528,0.14363143631436315,0.250788643533123
0.570949295699368,161,2,946,520,0.14543812104787715,0.0038314176245210726,0.9877300613496932,0.14543812104787715,0.2535433070866142
0.5696738341370061,162,2,945,520,0.14634146341463414,0.0038314176245210726,0.9878048780487805,0.14634146341463414,0.2549173878835562
0.5695592199772612,163,2,944,520,0.14724480578139115,0.0038314176245210726,0.9878787878787879,0.14724480578139115,0.2562893081761006
0.5694734618692044,164,2,943,520,0.14814814814814814,0.0038314176245210726,0.9879518072289156,0.14814814814814814,0.25765907305577374
0.5684101646563052,169,2,938,520,0.15266485998193316,0.0038314176245210726,0.9883040935672515,0.15266485998193316,0.2644757433489828
0.5678291710959374,170,2,937,520,0.15356820234869015,0.0038314176245210726,0.9883720930232558,0.15356820234869015,0.26583268178264263
0.5670501425980633,171,2,936,520,0.15447154471544716,0.0038314176245210726,0.9884393063583815,0.15447154471544716,0.2671875
0.5670408375878985,172,2,935,520,0.15537488708220415,0.0038314176245210726,0.9885057471264368,0.15537488708220415,0.26854020296643244
0.5662947978199653,173,2,934,520,0.15627822944896116,0.0038314176245210726,0.9885714285714285,0.15627822944896116,0.2698907956318253
0.5660814326179285,174,2,933,520,0.15718157181571815,0.0038314176245210726,0.9886363636363636,0.15718157181571815,0.2712392829306313
0.5658344651304227,177,2,930,520,0.15989159891598917,0.0038314176245210726,0.9888268156424581,0.15989159891598917,0.27527216174183516
0.5652137689410319,179,2,928,520,0.16169828364950317,0.0038314176245210726,0.988950276243094,0.16169828364950317,0.27795031055900626
0.5651852168700413,183,2,924,520,0.16531165311653118,0.0038314176245210726,0.9891891891891892,0.16531165311653118,0.28328173374613
0.564201569474469,184,2,923,520,0.16621499548328816,0.0038314176245210726,0.989247311827957,0.16621499548328816,0.2846094354215004
0.5637679886706876,185,2,922,520,0.16711833785004518,0.0038314176245210726,0.9893048128342246,0.16711833785004518,0.285935085007728
0.5633692870982929,188,2,919,520,0.16982836495031617,0.0038314176245210726,0.9894736842105263,0.16982836495031617,0.2898997686969931
0.5630612943762353,189,2,918,520,0.17073170731707318,0.0038314176245210726,0.9895287958115183,0.17073170731707318,0.29121725731895226
0.5629884877459415,190,2,917,520,0.17163504968383017,0.0038314176245210726,0.9895833333333334,0.17163504968383017,0.2925327174749807
0.5621423650765821,191,2,916,520,0.17253839205058719,0.0038314176245210726,0.9896373056994818,0.17253839205058719,0.29384615384615387
0.5615429126840732,192,2,915,520,0.17344173441734417,0.0038314176245210726,0.9896907216494846,0.17344173441734417,0.29515757109915447
0.5611424594117121,193,2,914,520,0.17434507678410116,0.0038314176245210726,0.9897435897435898,0.17434507678410116,0.2964669738863287
0.5598397828741052,194,2,913,520,0.17524841915085818,0.0038314176245210726,0.9897959183673469,0.17524841915085818,0.2977743668457406
0.5592969416642044,195,2,912,520,0.17615176151761516,0.0038314176245210726,0.9898477157360406,0.17615176151761516,0.299079754601227
0.5589853894932066,196,2,911,520,0.17705510388437218,0.0038314176245210726,0.98989898989899,0.17705510388437218,0.3003831417624521
0.5586385536005873,197,2,910,520,0.17795844625112917,0.0038314176245210726,0.9899497487437185,0.17795844625112917,0.30168453292496167
0.5576655634175652,199,2,908,520,0.17976513098464317,0.0038314176245210726,0.9900497512437811,0.17976513098464317,0.30428134556574926
0.5572867842352959,201,2,906,520,0.18157181571815717,0.0038314176245210726,0.9901477832512315,0.18157181571815717,0.30687022900763355
0.5571085329183714,202,2,905,520,0.18247515808491419,0.0038314176245210726,0.9901960784313726,0.18247515808491419,0.30816170861937453
0.5557230833530724,203,2,904,520,0.18337850045167117,0.0038314176245210726,0.9902439024390244,0.18337850045167117,0.30945121951219506
0.5553713223559319,203,3,904,519,0.18337850045167117,0.005747126436781609,0.9854368932038835,0.18337850045167117,0.3092155369383092
0.5553671559935919,204,3,903,519,0.1842818428184282,0.005747126436781609,0.9855072463768116,0.1842818428184282,0.31050228310502287
0.5547967029516144,205,3,902,519,0.18518518518518517,0.005747126436781609,0.9855769230769231,0.18518518518518517,0.311787072243346
0.5546119980107382,206,3,901,519,0.1860885275519422,0.005747126436781609,0.9856459330143541,0.1860885275519422,0.3130699088145897
0.5544747850372782,207,3,900,519,0.18699186991869918,0.005747126436781609,0.9857142857142858,0.18699186991869918,0.31435079726651477
0.5542665415684032,208,3,899,519,0.1878952122854562,0.005747126436781609,0.985781990521327,0.1878952122854562,0.3156297420333839
0.5539886218342129,209,3,898,519,0.18879855465221318,0.005747126436781609,0.9858490566037735,0.18879855465221318,0.3169067475360121
0.5535954748878683,210,3,897,519,0.1897018970189702,0.005747126436781609,0.9859154929577465,0.1897018970189702,0.3181818181818182
0.5533499461060134,211,3,896,519,0.19060523938572718,0.005747126436781609,0.985981308411215,0.19060523938572718,0.3194549583648751
0.5533265690014033,212,3,895,519,0.1915085817524842,0.005747126436781609,0.986046511627907,0.1915085817524842,0.32072617246596064
0.5526313438740941,213,3,894,519,0.19241192411924118,0.005747126436781609,0.9861111111111112,0.19241192411924118,0.32199546485260766
0.5523159557636499,215,3,892,519,0.1942186088527552,0.005747126436781609,0.9862385321100917,0.1942186088527552,0.32452830188679244
0.5515816168185215,216,3,891,519,0.1951219512195122,0.005747126436781609,0.9863013698630136,0.1951219512195122,0.3257918552036199
0.5507684658410248,218,3,889,519,0.1969286359530262,0.005747126436781609,0.9864253393665159,0.1969286359530262,0.32831325301204817
0.550161351712038,219,3,888,519,0.1978319783197832,0.005747126436781609,0.9864864864864865,0.1978319783197832,0.3295711060948081
0.5494652059378402,222,3,885,519,0.2005420054200542,0.005747126436781609,0.9866666666666667,0.2005420054200542,0.3333333333333333
0.5492056465774251,223,3,884,519,0.2014453477868112,0.005747126436781609,0.9867256637168141,0.2014453477868112,0.3345836459114779
0.548850048109618,223,4,884,518,0.2014453477868112,0.007662835249042145,0.9823788546255506,0.2014453477868112,0.33433283358320837
0.5483230342359144,224,4,883,518,0.2023486901535682,0.007662835249042145,0.9824561403508771,0.2023486901535682,0.3355805243445693
0.5482444918644591,225,4,882,518,0.2032520325203252,0.007662835249042145,0.982532751091703,0.2032520325203252,0.33682634730538924
0.5474190023811528,226,4,881,518,0.2041553748870822,0.007662835249042145,0.9826086956521739,0.2041553748870822,0.3380703066566941
0.5470840342244101,226,5,881,517,0.2041553748870822,0.009578544061302681,0.9783549783549783,0.2041553748870822,0.3378176382660688
0.5468623924228608,226,6,881,516,0.2041553748870822,0.011494252873563218,0.9741379310344828,0.2041553748870822,0.33756534727408516
0.5461607120858977,227,6,880,516,0.2050587172538392,0.011494252873563218,0.9742489270386266,0.2050587172538392,0.33880597014925373
0.546000021532673,229,6,878,516,0.2068654019873532,0.011494252873563218,0.9744680851063829,0.2068654019873532,0.3412816691505216
0.5451043189124614,230,6,877,516,0.20776874435411022,0.011494252873563218,0.9745762711864406,0.20776874435411022,0.3425167535368578
0.5447927067568147,231,6,876,516,0.2086720867208672,0.011494252873563218,0.9746835443037974,0.2086720867208672,0.34374999999999994
0.5440333222434991,232,6,875,516,0.20957542908762422,0.011494252873563218,0.9747899159663865,0.20957542908762422,0.3449814126394052
0.5439674249604368,233,6,874,516,0.2104787714543812,0.011494252873563218,0.9748953974895398,0.2104787714543812,0.3462109955423477
0.5438481758306485,234,6,873,516,0.21138211382113822,0.011494252873563218,0.975,0.21138211382113822,0.3474387527839644
0.5436577800973125,236,6,871,516,0.21318879855465223,0.011494252873563218,0.9752066115702479,0.21318879855465223,0.34988880652335064
0.5435936423891888,237,6,870,516,0.2140921409214092,0.011494252873563218,0.9753086419753086,0.2140921409214092,0.3511111111111111
0.5435365934012476,238,6,869,516,0.21499548328816623,0.011494252873563218,0.9754098360655737,0.21499548328816623,0.35233160621761656
0.543178414804036,238,7,869,515,0.21499548328816623,0.013409961685823755,0.9714285714285714,0.21499548328816623,0.35207100591715973
0.5426124597690026,239,7,868,515,0.21589882565492322,0.013409961685823755,0.9715447154471545,0.21589882565492322,0.35328898743532894
0.5418454721721484,245,7,862,515,0.22131887985546522,0.013409961685823755,0.9722222222222222,0.22131887985546522,0.3605592347314202
0.5415110532231903,246,7,861,515,0.2222222222222222,0.013409961685823755,0.9723320158102767,0.2222222222222222,0.36176470588235293
0.5414148328576837,247,7,860,515,0.22312556458897922,0.013409961685823755,0.9724409448818898,0.22312556458897922,0.36296840558412935
0.5410955980042872,248,7,859,515,0.2240289069557362,0.013409961685823755,0.9725490196078431,0.2240289069557362,0.3641703377386196
0.5410692810964568,249,7,858,515,0.22493224932249323,0.013409961685823755,0.97265625,0.22493224932249323,0.36537050623624356
0.5409205677611374,250,7,857,515,0.22583559168925021,0.013409961685823755,0.9727626459143969,0.22583559168925021,0.36656891495601174
0.5406371161817849,251,7,856,515,0.22673893405600723,0.013409961685823755,0.9728682170542635,0.22673893405600723,0.36776556776556774
0.5404780235643627,252,7,855,515,0.22764227642276422,0.013409961685823755,0.972972972972973,0.22764227642276422,0.3689604685212299
0.5400310958651963,253,7,854,515,0.22854561878952123,0.013409961685823755,0.9730769230769231,0.22854561878952123,0.3701536210680322
0.5397696933570868,254,7,853,515,0.22944896115627822,0.013409961685823755,0.9731800766283525,0.22944896115627822,0.37134502923976603
0.5384115887691092,254,8,853,514,0.22944896115627822,0.01532567049808429,0.9694656488549618,0.22944896115627822,0.3710737764791819
0.5382216060901468,254,9,853,513,0.22944896115627822,0.017241379310344827,0.9657794676806084,0.22944896115627822,0.3708029197080292
0.5382042338994758,255,9,852,513,0.23035230352303523,0.017241379310344827,0.9659090909090909,0.23035230352303523,0.3719912472647703
0.538136322239263,256,9,851,513,0.23125564588979222,0.017241379310344827,0.9660377358490566,0.23125564588979222,0.37317784256559766
0.5372180138201407,257,9,850,513,0.23215898825654924,0.017241379310344827,0.9661654135338346,0.23215898825654924,0.3743627093954843
0.53662094112368,258,9,849,513,0.23306233062330622,0.017241379310344827,0.9662921348314607,0.23306233062330622,0.37554585152838427
0.535943656687367,259,9,848,513,0.23396567299006324,0.017241379310344827,0.9664179104477612,0.23396567299006324,0.37672727272727274
0.5358353933148493,260,9,847,513,0.23486901535682023,0.017241379310344827,0.966542750929368,0.23486901535682023,0.377906976744186
0.535517127778957,261,9,846,513,0.23577235772357724,0.017241379310344827,0.9666666666666667,0.23577235772357724,0.3790849673202615
0.5351755497488274,265,9,842,513,0.23938572719060525,0.017241379310344827,0.9671532846715328,0.23938572719060525,0.3837798696596669
0.5346766561336017,266,9,841,513,0.24028906955736223,0.017241379310344827,0.9672727272727273,0.24028906955736223,0.38494934876989867
0.5340693592759529,267,9,840,513,0.24119241192411925,0.017241379310344827,0.967391304347826,0.24119241192411925,0.38611713665943603
0.5335009437707211,268,9,839,513,0.24209575429087624,0.017241379310344827,0.9675090252707581,0.24209575429087624,0.3872832369942197
0.5330332254612926,269,9,838,513,0.24299909665763325,0.017241379310344827,0.9676258992805755,0.24299909665763325,0.3884476534296029
0.5327252654925152,270,9,837,513,0.24390243902439024,0.017241379310344827,0.967741935483871,0.24390243902439024,0.3896103896103896
0.5322492177363163,271,9,836,513,0.24480578139114725,0.017241379310344827,0.9678571428571429,0.24480578139114725,0.3907714491708724
0.5317812667701027,271,10,836,512,0.24480578139114725,0.019157088122605363,0.9644128113879004,0.24480578139114725,0.3904899135446686
0.5317545233133201,272,10,835,512,0.24570912375790424,0.019157088122605363,0.9645390070921985,0.24570912375790424,0.39164866810655147
0.5316765154269708,273,10,834,512,0.24661246612466126,0.019157088122605363,0.9646643109540636,0.24661246612466126,0.39280575539568346
0.5304167860534377,274,10,833,512,0.24751580849141824,0.019157088122605363,0.9647887323943662,0.24751580849141824,0.393961179007908
0.5303377911973299,275,10,832,512,0.24841915085817526,0.019157088122605363,0.9649122807017544,0.24841915085817526,0.39511494252873564
0.5302686620579482,276,10,831,512,0.24932249322493225,0.019157088122605363,0.965034965034965,0.24932249322493225,0.39626704953338115
0.5299641544430542,277,10,830,512,0.25022583559168926,0.019157088122605363,0.9651567944250871,0.25022583559168926,0.3974175035868006
0.5299622561717257,278,10,829,512,0.25112917795844625,0.019157088122605363,0.9652777777777778,0.25112917795844625,0.3985663082437276
0.5299048578474412,279,10,828,512,0.25203252032520324,0.019157088122605363,0.9653979238754326,0.25203252032520324,0.3997134670487106
0.5298908548502712,280,10,827,512,0.2529358626919603,0.019157088122605363,0.9655172413793104,0.2529358626919603,0.4008589835361489
0.5297757171726024,281,10,826,512,0.25383920505871727,0.019157088122605363,0.9656357388316151,0.25383920505871727,0.402002861230329
0.5292280675866521,282,10,825,512,0.25474254742547425,0.019157088122605363,0.9657534246575342,0.25474254742547425,0.4031451036454611
0.5290659019936541,283,10,824,512,0.25564588979223124,0.019157088122605363,0.9658703071672355,0.25564588979223124,0.40428571428571425
0.5284925415575098,284,10,823,512,0.2565492321589883,0.019157088122605363,0.9659863945578231,0.2565492321589883,0.4054246966452534
0.5278858985540742,285,10,822,512,0.25745257452574527,0.019157088122605363,0.9661016949152542,0.25745257452574527,0.4065620542082739
0.5273669814415572,286,10,821,512,0.25835591689250226,0.019157088122605363,0.9662162162162162,0.25835591689250226,0.40769779044903776
0.5262818395398887,288,10,819,512,0.2601626016260163,0.019157088122605363,0.9664429530201343,0.2601626016260163,0.4099644128113879
0.5259614950729796,290,10,817,512,0.26196928635953026,0.019157088122605363,0.9666666666666667,0.26196928635953026,0.4122245913290689
0.5254707484996383,291,10,816,512,0.26287262872628725,0.019157088122605363,0.9667774086378738,0.26287262872628725,0.4133522727272727
0.5251283295266875,292,10,815,512,0.26377597109304424,0.019157088122605363,0.9668874172185431,0.26377597109304424,0.41447835344215744
0.5250957943943751,293,10,814,512,0.2646793134598013,0.019157088122605363,0.966996699669967,0.2646793134598013,0.41560283687943267
0.5246348736520541,294,10,813,512,0.26558265582655827,0.019157088122605363,0.9671052631578947,0.26558265582655827,0.4167257264351524
0.524450179285113,296,10,811,512,0.26738934056007224,0.019157088122605363,0.9673202614379085,0.26738934056007224,0.418966737438075
0.5243454602281182,297,10,810,512,0.2682926829268293,0.019157088122605363,0.9674267100977199,0.2682926829268293,0.4200848656294201
0.524289360218278,298,10,809,512,0.26919602529358627,0.019157088122605363,0.9675324675324676,0.26919602529358627,0.42120141342756184
0.5238920015719571,299,10,808,512,0.27009936766034326,0.019157088122605363,0.9676375404530745,0.27009936766034326,0.4223163841807909
0.5233298627682172,300,10,807,512,0.27100271002710025,0.019157088122605363,0.967741935483871,0.27100271002710025,0.4234297812279464
0.5233268594462084,301,10,806,512,0.2719060523938573,0.019157088122605363,0.9678456591639871,0.2719060523938573,0.42454160789844847
0.5227919848118849,302,10,805,512,0.2728093947606143,0.019157088122605363,0.967948717948718,0.2728093947606143,0.4256518675123327
0.5227550955708438,303,10,804,512,0.27371273712737126,0.019157088122605363,0.9680511182108626,0.27371273712737126,0.4267605633802816
0.5222352998223064,304,10,803,512,0.27461607949412825,0.019157088122605363,0.9681528662420382,0.27461607949412825,0.4278676988036593
0.5221820688321167,304,11,803,511,0.27461607949412825,0.0210727969348659,0.9650793650793651,0.27461607949412825,0.42756680731364277
0.5219074334982544,305,11,802,511,0.2755194218608853,0.0210727969348659,0.9651898734177216,0.2755194218608853,0.4286718200983838
0.521446154291332,306,11,801,511,0.2764227642276423,0.0210727969348659,0.9652996845425867,0.2764227642276423,0.42977528089887646
0.5203644684796266,307,11,800,511,0.27732610659439927,0.0210727969348659,0.9654088050314465,0.27732610659439927,0.4308771929824561
0.5197592736711278,308,11,799,511,0.27822944896115626,0.0210727969348659,0.9655172413793104,0.27822944896115626,0.4319775596072931
0.519575399908755,309,11,798,511,0.2791327913279133,0.0210727969348659,0.965625,0.2791327913279133,0.43307638402242465
0.5194873064010403,311,11,796,511,0.2809394760614273,0.0210727969348659,0.9658385093167702,0.2809394760614273,0.4352694191742477
0.5189143128187472,313,11,794,511,0.2827461607949413,0.0210727969348659,0.9660493827160493,0.2827461607949413,0.437456324248777
0.518895834089358,314,11,793,511,0.2836495031616983,0.0210727969348659,0.9661538461538461,0.2836495031616983,0.4385474860335195
0.5188218053171173,315,11,792,511,0.2845528455284553,0.0210727969348659,0.9662576687116564,0.2845528455284553,0.43963712491277035
0.5185998142576846,316,11,791,511,0.28545618789521227,0.0210727969348659,0.9663608562691132,0.28545618789521227,0.44072524407252434
0.5184106671800112,317,11,790,511,0.2863595302619693,0.0210727969348659,0.9664634146341463,0.2863595302619693,0.4418118466898954
0.5182047709960843,318,11,789,511,0.2872628726287263,0.0210727969348659,0.9665653495440729,0.2872628726287263,0.44289693593314766
0.5181990134758971,319,11,788,511,0.2881662149954833,0.0210727969348659,0.9666666666666667,0.2881662149954833,0.4439805149617258
0.5179668739840514,320,11,787,511,0.28906955736224027,0.0210727969348659,0.9667673716012085,0.28906955736224027,0.44506258692628653
0.5176611164843317,321,11,786,511,0.2899728997289973,0.0210727969348659,0.9668674698795181,0.2899728997289973,0.4461431549687283
0.5175057298385461,322,11,785,511,0.2908762420957543,0.0210727969348659,0.9669669669669669,0.2908762420957543,0.4472222222222223
0.5174004065408235,323,11,784,511,0.2917795844625113,0.0210727969348659,0.9670658682634731,0.2917795844625113,0.44829979181124224
0.5170576196312934,324,11,783,511,0.2926829268292683,0.0210727969348659,0.9671641791044776,0.2926829268292683,0.449375866851595
0.517051920284943,325,11,782,511,0.2935862691960253,0.0210727969348659,0.9672619047619048,0.2935862691960253,0.45045045045045046
0.517033965760691,325,12,782,510,0.2935862691960253,0.022988505747126436,0.9643916913946587,0.2935862691960253,0.45013850415512474
0.5169111379957181,326,12,781,510,0.2944896115627823,0.022988505747126436,0.9644970414201184,0.2944896115627823,0.4512110726643598
0.516744404627145,327,12,780,510,0.2953929539295393,0.022988505747126436,0.9646017699115044,0.2953929539295393,0.45228215767634855
0.516617849038583,328,12,779,510,0.2962962962962963,0.022988505747126436,0.9647058823529412,0.2962962962962963,0.4533517622667587
0.5164347865078773,329,12,778,510,0.2971996386630533,0.022988505747126436,0.9648093841642229,0.2971996386630533,0.4544198895027624
0.5164066085043026,330,12,777,510,0.2981029810298103,0.022988505747126436,0.9649122807017544,0.2981029810298103,0.4554865424430642
0.516062645695573,331,12,776,510,0.2990063233965673,0.022988505747126436,0.9650145772594753,0.2990063233965673,0.45655172413793105
0.5157523994208781,332,12,775,510,0.2999096657633243,0.022988505747126436,0.9651162790697675,0.2999096657633243,0.4576154376292212
0.5157466015011418,333,12,774,510,0.3008130081300813,0.022988505747126436,0.9652173913043478,0.3008130081300813,0.45867768595041325
0.5157371458683928,333,13,774,509,0.3008130081300813,0.02490421455938697,0.9624277456647399,0.3008130081300813,0.4583620096352375
0.5152028887819979,334,13,773,509,0.3017163504968383,0.02490421455938697,0.962536023054755,0.3017163504968383,0.45942228335625857
0.5150455551060006,335,13,772,509,0.3026196928635953,0.02490421455938697,0.9626436781609196,0.3026196928635953,0.46048109965635736
0.5149125406613536,335,14,772,508,0.3026196928635953,0.02681992337164751,0.9598853868194842,0.3026196928635953,0.4601648351648352
0.5146272454660896,336,14,771,508,0.3035230352303523,0.02681992337164751,0.96,0.3035230352303523,0.46122168840082367
0.5142864708840522,337,14,770,508,0.3044263775971093,0.02681992337164751,0.9601139601139601,0.3044263775971093,0.46227709190672156
0.514258583298275,338,14,769,508,0.3053297199638663,0.02681992337164751,0.9602272727272727,0.3053297199638663,0.4633310486634682
0.5142242232883971,343,14,764,508,0.3098464317976513,0.02681992337164751,0.9607843137254902,0.3098464317976513,0.4685792349726776
0.5134847407915024,344,14,763,508,0.3107497741644083,0.02681992337164751,0.9608938547486033,0.3107497741644083,0.4696245733788396
0.5131663819858691,345,14,762,508,0.3116531165311653,0.02681992337164751,0.9610027855153204,0.3116531165311653,0.4706684856753069
0.5124045219753904,346,14,761,508,0.31255645889792233,0.02681992337164751,0.9611111111111111,0.31255645889792233,0.4717109747784595
0.511942088452313,347,14,760,508,0.3134598012646793,0.02681992337164751,0.961218836565097,0.3134598012646793,0.47275204359673023
0.5116512045132,348,14,759,508,0.3143631436314363,0.02681992337164751,0.9613259668508287,0.3143631436314363,0.4737916950306331
0.5116334911879241,349,14,758,508,0.3152664859981933,0.02681992337164751,0.9614325068870524,0.3152664859981933,0.47482993197278905
0.5111963704415622,350,14,757,508,0.31616982836495033,0.02681992337164751,0.9615384615384616,0.31616982836495033,0.4758667573079538
0.5108869024420233,351,14,756,508,0.3170731707317073,0.02681992337164751,0.9616438356164384,0.3170731707317073,0.47690217391304346
0.5108006776961319,352,14,755,508,0.3179765130984643,0.02681992337164751,0.9617486338797814,0.3179765130984643,0.4779361846571623
0.5101999351345352,352,15,755,507,0.3179765130984643,0.028735632183908046,0.9591280653950953,0.3179765130984643,0.4776119402985074
0.5101163598205785,353,15,754,507,0.3188798554652213,0.028735632183908046,0.9592391304347826,0.3188798554652213,0.4786440677966101
0.5087494455542096,355,15,752,507,0.3206865401987353,0.028735632183908046,0.9594594594594594,0.3206865401987353,0.48070412999322953
0.50851366106605,356,15,751,507,0.3215898825654923,0.028735632183908046,0.9595687331536388,0.3215898825654923,0.4817320703653586
0.5082996313698344,357,15,750,507,0.3224932249322493,0.028735632183908046,0.9596774193548387,0.3224932249322493,0.4827586206896552
0.5082457194680112,358,15,749,507,0.32339656729900634,0.028735632183908046,0.9597855227882037,0.32339656729900634,0.4837837837837837
0.5080455950983734,360,15,747,507,0.3252032520325203,0.028735632183908046,0.96,0.3252032520325203,0.4858299595141701
0.507999109017609,360,16,747,506,0.3252032520325203,0.03065134099616858,0.9574468085106383,0.3252032520325203,0.48550236008091696
0.5071671735189742,360,17,747,505,0.3252032520325203,0.032567049808429116,0.9549071618037135,0.3252032520325203,0.4851752021563342
0.5070679053203087,361,17,746,505,0.3261065943992773,0.032567049808429116,0.955026455026455,0.3261065943992773,0.4861952861952862
0.5065239111356077,362,17,745,505,0.32700993676603435,0.032567049808429116,0.9551451187335093,0.32700993676603435,0.48721399730821
0.5063865554858358,363,17,744,505,0.32791327913279134,0.032567049808429116,0.9552631578947368,0.32791327913279134,0.48823133826496307
0.5061896851212319,364,17,743,505,0.3288166214995483,0.032567049808429116,0.9553805774278216,0.3288166214995483,0.489247311827957
0.50589986933784,365,17,742,505,0.3297199638663053,0.032567049808429116,0.9554973821989529,0.3297199638663053,0.4902619207521827
0.5056319030069757,366,17,741,505,0.33062330623306235,0.032567049808429116,0.9556135770234987,0.33062330623306235,0.49127516778523495
0.5056031638623478,367,17,740,505,0.33152664859981934,0.032567049808429116,0.9557291666666666,0.33152664859981934,0.4922870556673374
0.5055532913085898,368,17,739,505,0.3324299909665763,0.032567049808429116,0.9558441558441558,0.3324299909665763,0.49329758713136723
0.5054621805631366,369,17,738,505,0.3333333333333333,0.032567049808429116,0.9559585492227979,0.3333333333333333,0.49430676490288006
0.5054616160901867,370,17,737,505,0.33423667570009036,0.032567049808429116,0.9560723514211886,0.33423667570009036,0.4953145917001339
0.5052203614529152,372,17,735,505,0.33604336043360433,0.032567049808429116,0.9562982005141388,0.33604336043360433,0.4973262032085562
0.5050601806047422,372,18,735,504,0.33604336043360433,0.034482758620689655,0.9538461538461539,0.33604336043360433,0.4969939879759519
0.5040467236604723,373,18,734,504,0.3369467028003613,0.034482758620689655,0.9539641943734015,0.3369467028003613,0.49799732977303074
0.5036028840413697,374,18,733,504,0.33785004516711836,0.034482758620689655,0.9540816326530612,0.33785004516711836,0.4989993328885925
0.5033214887606321,375,18,732,504,0.33875338753387535,0.034482758620689655,0.9541984732824428,0.33875338753387535,0.5
0.5030339054236065,376,18,731,504,0.33965672990063234,0.034482758620689655,0.9543147208121827,0.33965672990063234,0.5009993337774816
0.5030276689554994,377,18,730,504,0.3405600722673893,0.034482758620689655,0.9544303797468354,0.3405600722673893,0.5019973368841544
0.5027983718543342,378,18,729,504,0.34146341463414637,0.034482758620689655,0.9545454545454546,0.34146341463414637,0.5029940119760479
0.5025301323097096,380,18,727,504,0.34327009936766034,0.034482758620689655,0.9547738693467337,0.34327009936766034,0.5049833887043189
0.5023723755843285,381,18,726,504,0.34417344173441733,0.034482758620689655,0.9548872180451128,0.34417344173441733,0.5059760956175299
0.5022087654862207,381,19,726,503,0.34417344173441733,0.03639846743295019,0.9525,0.34417344173441733,0.5056403450564035
0.5020246744094846,382,19,725,503,0.34507678410117437,0.03639846743295019,0.9526184538653366,0.34507678410117437,0.506631299734748
0.5020107921028556,383,19,724,503,0.34598012646793136,0.03639846743295019,0.9527363184079602,0.34598012646793136,0.5076209410205434
0.5017966136618283,384,19,723,503,0.34688346883468835,0.03639846743295019,0.9528535980148883,0.34688346883468835,0.5086092715231788
0.500601947390298,385,19,722,503,0.34778681120144533,0.03639846743295019,0.9529702970297029,0.34778681120144533,0.5095962938451356
0.5005343911527987,386,19,721,503,0.3486901535682023,0.03639846743295019,0.9530864197530864,0.3486901535682023,0.5105820105820106
0.5005213499307074,387,19,720,503,0.34959349593495936,0.03639846743295019,0.9532019704433498,0.34959349593495936,0.5115664243225381
0.5003681952275968,388,19,719,503,0.35049683830171635,0.03639846743295019,0.9533169533169533,0.35049683830171635,0.512549537648613
0.5003409073736085,389,19,718,503,0.35140018066847334,0.03639846743295019,0.9534313725490197,0.35140018066847334,0.5135313531353135
0.5003195268253143,392,19,715,503,0.35411020776874436,0.03639846743295019,0.9537712895377128,0.35411020776874436,0.5164690382081686
0.49965361461810187,393,19,714,503,0.35501355013550134,0.03639846743295019,0.9538834951456311,0.35501355013550134,0.5174456879526005
0.4993996122170953,394,19,713,503,0.35591689250225833,0.03639846743295019,0.9539951573849879,0.35591689250225833,0.518421052631579
0.4992211840305556,394,20,713,502,0.35591689250225833,0.038314176245210725,0.9516908212560387,0.35591689250225833,0.5180802103879028
0.49888942633075173,395,20,712,502,0.3568202348690154,0.038314176245210725,0.9518072289156626,0.3568202348690154,0.519053876478318
0.4985225904159341,395,21,712,501,0.3568202348690154,0.040229885057471264,0.9495192307692307,0.3568202348690154,0.5187130663164806
0.49757932387916803,396,21,711,501,0.35772357723577236,0.040229885057471264,0.9496402877697842,0.35772357723577236,0.5196850393700787
0.49694026768278365,397,21,710,501,0.35862691960252935,0.040229885057471264,0.9497607655502392,0.35862691960252935,0.5206557377049181
0.4968613009629286,398,21,709,501,0.35953026196928634,0.040229885057471264,0.9498806682577565,0.35953026196928634,0.5216251638269986
0.496562663161134,399,21,708,501,0.3604336043360434,0.040229885057471264,0.95,0.3604336043360434,0.5225933202357564
0.496405714860817,401,21,706,501,0.36224028906955735,0.040229885057471264,0.9502369668246445,0.36224028906955735,0.5245258338783518
0.49638179426513424,403,21,704,501,0.3640469738030714,0.040229885057471264,0.9504716981132075,0.3640469738030714,0.5264532984977139
0.4962576842983997,405,21,702,501,0.36585365853658536,0.040229885057471264,0.9507042253521126,0.36585365853658536,0.5283757338551859
0.4957696511489464,406,21,701,501,0.36675700090334235,0.040229885057471264,0.9508196721311475,0.36675700090334235,0.529335071707953
0.4951778240924016,407,21,700,501,0.3676603432700994,0.040229885057471264,0.9509345794392523,0.3676603432700994,0.5302931596091205
0.49513620809695724,409,21,698,501,0.36946702800361336,0.040229885057471264,0.9511627906976744,0.36946702800361336,0.5322055953155498
0.49444896556028295,409,22,698,500,0.36946702800361336,0.0421455938697318,0.9489559164733179,0.36946702800361336,0.5318595578673602
0.4942864539660396,411,22,696,500,0.3712737127371274,0.0421455938697318,0.9491916859122402,0.3712737127371274,0.5337662337662337
0.49401811936024737,412,22,695,500,0.3721770551038844,0.0421455938697318,0.9493087557603687,0.3721770551038844,0.5347177157689812
0.4939771195278787,413,22,694,500,0.37308039747064137,0.0421455938697318,0.9494252873563218,0.37308039747064137,0.5356679636835279
0.4935864176338656,414,22,693,500,0.37398373983739835,0.0421455938697318,0.9495412844036697,0.37398373983739835,0.5366169799092676
0.4930783497283459,415,22,692,500,0.3748870822041554,0.0421455938697318,0.9496567505720824,0.3748870822041554,0.5375647668393783
0.49303182377046423,415,23,692,499,0.3748870822041554,0.044061302681992334,0.9474885844748858,0.3748870822041554,0.5372168284789645
0.49292900113532095,416,23,691,499,0.3757904245709124,0.044061302681992334,0.9476082004555809,0.3757904245709124,0.5381630012936611
0.49263119309813674,417,23,690,499,0.37669376693766937,0.044061302681992334,0.9477272727272728,0.37669376693766937,0.5391079508726567
0.4924798790665646,417,24,690,498,0.37669376693766937,0.04597701149425287,0.9455782312925171,0.37669376693766937,0.5387596899224806
0.4924346060063617,418,24,689,498,0.37759710930442636,0.04597701149425287,0.9457013574660633,0.37759710930442636,0.5397030342156229
0.4920989959224564,419,24,688,498,0.3785004516711834,0.04597701149425287,0.945823927765237,0.3785004516711834,0.5406451612903226
0.492063218259836,419,25,688,497,0.3785004516711834,0.04789272030651341,0.9436936936936937,0.3785004516711834,0.5402965828497743
0.49163515046116674,420,25,687,497,0.3794037940379404,0.04789272030651341,0.9438202247191011,0.3794037940379404,0.5412371134020618
0.4913924598588316,420,26,687,496,0.3794037940379404,0.04980842911877394,0.9417040358744395,0.3794037940379404,0.540888602704443
0.4909139732830094,421,26,686,496,0.3803071364046974,0.04980842911877394,0.941834451901566,0.3803071364046974,0.5418275418275418
0.4904775349921197,422,26,685,496,0.38121047877145436,0.04980842911877394,0.9419642857142857,0.38121047877145436,0.5427652733118971
0.4904155905231653,423,26,684,496,0.3821138211382114,0.04980842911877394,0.9420935412026726,0.3821138211382114,0.5437017994858612
0.49004265900418253,429,26,678,496,0.3875338753387534,0.04980842911877394,0.9428571428571428,0.3875338753387534,0.5492957746478874
0.48983872364225695,430,26,677,496,0.3884372177055104,0.04980842911877394,0.9429824561403509,0.3884372177055104,0.5502239283429302
0.4898172158319232,431,26,676,496,0.3893405600722674,0.04980842911877394,0.9431072210065645,0.3893405600722674,0.551150895140665
0.48979860968635086,432,26,675,496,0.3902439024390244,0.04980842911877394,0.9432314410480349,0.3902439024390244,0.552076677316294
0.4896925847870576,432,27,675,495,0.3902439024390244,0.05172413793103448,0.9411764705882353,0.3902439024390244,0.5517241379310345
0.48963346194144863,432,28,675,494,0.3902439024390244,0.05363984674329502,0.9391304347826087,0.3902439024390244,0.5513720485003192
0.48962794690874795,433,28,674,494,0.3911472448057814,0.05363984674329502,0.9392624728850325,0.3911472448057814,0.5522959183673469
0.4895846999813046,434,28,673,494,0.3920505871725384,0.05363984674329502,0.9393939393939394,0.3920505871725384,0.5532186105799872
0.48956456362284057,434,29,673,493,0.3920505871725384,0.05555555555555555,0.937365010799136,0.3920505871725384,0.5528662420382165
0.4895253371788656,435,29,672,493,0.39295392953929537,0.05555555555555555,0.9375,0.39295392953929537,0.5537873965626988
0.48950555432083737,436,29,671,493,0.3938572719060524,0.05555555555555555,0.9376344086021505,0.3938572719060524,0.5547073791348601
0.4883767782936312,437,29,670,493,0.3947606142728094,0.05555555555555555,0.9377682403433476,0.3947606142728094,0.5556261919898284
0.4881786566398937,438,29,669,493,0.3956639566395664,0.05555555555555555,0.9379014989293362,0.3956639566395664,0.5565438373570522
0.48807695844296506,439,29,668,493,0.39656729900632337,0.05555555555555555,0.938034188034188,0.39656729900632337,0.5574603174603174
0.48774661247290224,440,29,667,493,0.3974706413730804,0.05555555555555555,0.9381663113006397,0.3974706413730804,0.5583756345177665
0.4874226652899125,441,29,666,493,0.3983739837398374,0.05555555555555555,0.9382978723404255,0.3983739837398374,0.5592897907419151
0.4869951705859102,442,29,665,493,0.3992773261065944,0.05555555555555555,0.9384288747346072,0.3992773261065944,0.5602027883396704
0.4868021898554412,443,29,664,493,0.4001806684733514,0.05555555555555555,0.9385593220338984,0.4001806684733514,0.5611146295123496
0.4867285488278721,446,29,661,493,0.4028906955736224,0.05555555555555555,0.9389473684210526,0.4028906955736224,0.5638432364096081
0.48642021849295003,447,29,660,493,0.4037940379403794,0.05555555555555555,0.9390756302521008,0.4037940379403794,0.5647504737839545
0.48568652401974816,450,29,657,493,0.4065040650406504,0.05555555555555555,0.9394572025052192,0.4065040650406504,0.5674653215636822
0.485220314039358,451,29,656,493,0.4074074074074074,0.05555555555555555,0.9395833333333333,0.4074074074074074,0.5683679899180845
0.48520360508576194,457,29,650,493,0.4128274616079494,0.05555555555555555,0.9403292181069959,0.4128274616079494,0.573760200878845
0.48499712826610164,458,29,649,493,0.4137308039747064,0.05555555555555555,0.9404517453798767,0.4137308039747064,0.5746549560853199
0.4845447436321892,459,29,648,493,0.4146341463414634,0.05555555555555555,0.9405737704918032,0.4146341463414634,0.5755485893416927
0.4843803318179111,460,29,647,493,0.41553748870822044,0.05555555555555555,0.9406952965235174,0.41553748870822044,0.5764411027568923
0.4843379829235572,460,30,647,492,0.41553748870822044,0.05747126436781609,0.9387755102040817,0.41553748870822044,0.5760801502817784
0.48422305318298275,462,30,645,492,0.4173441734417344,0.05747126436781609,0.9390243902439024,0.4173441734417344,0.5778611632270169
0.4842071729004191,463,30,644,492,0.4182475158084914,0.05747126436781609,0.9391480730223124,0.4182475158084914,0.57875
0.4841875686085398,463,31,644,491,0.4182475158084914,0.05938697318007663,0.937246963562753,0.4182475158084914,0.5783885071830106
0.484085659405469,464,31,643,491,0.41915085817524844,0.05938697318007663,0.9373737373737374,0.41915085817524844,0.5792759051186017
0.4839584792192463,465,31,642,491,0.42005420054200543,0.05938697318007663,0.9375,0.42005420054200543,0.5801621958827199
0.48379936614843405,466,31,641,491,0.4209575429087624,0.05938697318007663,0.937625754527163,0.4209575429087624,0.5810473815461346
0.48365704950866134,467,31,640,491,0.4218608852755194,0.05938697318007663,0.9377510040160643,0.4218608852755194,0.5819314641744548
0.48344870455353306,468,31,639,491,0.42276422764227645,0.05938697318007663,0.9378757515030061,0.42276422764227645,0.5828144458281445
0.48306806854913137,469,31,638,491,0.42366757000903343,0.05938697318007663,0.938,0.42366757000903343,0.5836963285625388
0.48294448406230434,470,31,637,491,0.4245709123757904,0.05938697318007663,0.93812375249501,0.4245709123757904,0.5845771144278606
0.482810932959101,474,31,633,491,0.4281842818428184,0.05938697318007663,0.9386138613861386,0.4281842818428184,0.5880893300248139
0.48249881730761013,474,32,633,490,0.4281842818428184,0.06130268199233716,0.9367588932806324,0.4281842818428184,0.587724736515809
0.48248498079017016,475,32,632,490,0.4290876242095754,0.06130268199233716,0.9368836291913215,0.4290876242095754,0.5885997521685253
0.4820708696755356,477,32,630,490,0.43089430894308944,0.06130268199233716,0.93713163064833,0.43089430894308944,0.5903465346534653
0.48186435913145054,477,33,630,489,0.43089430894308944,0.06321839080459771,0.9352941176470588,0.43089430894308944,0.5899814471243042
0.48169825943771954,478,33,629,489,0.43179765130984643,0.06321839080459771,0.9354207436399217,0.43179765130984643,0.5908529048207664
0.4811511524693104,481,33,626,489,0.43450767841011745,0.06321839080459771,0.9357976653696498,0.43450767841011745,0.5934608266502159
0.48113637635181167,484,33,623,489,0.4372177055103884,0.06321839080459771,0.9361702127659575,0.4372177055103884,0.5960591133004927
0.48113548711103316,485,33,622,489,0.43812104787714545,0.06321839080459771,0.9362934362934363,0.43812104787714545,0.596923076923077
0.48095810018128304,486,33,621,489,0.43902439024390244,0.06321839080459771,0.9364161849710982,0.43902439024390244,0.5977859778597786
0.48071794653623906,488,33,619,489,0.4408310749774164,0.06321839080459771,0.9366602687140115,0.4408310749774164,0.5995085995085995
0.48064258766370005,489,33,618,489,0.44173441734417346,0.06321839080459771,0.9367816091954023,0.44173441734417346,0.6003683241252302
0.48014643349669267,490,33,617,489,0.44263775971093045,0.06321839080459771,0.9369024856596558,0.44263775971093045,0.6012269938650306
0.4801293135577626,491,33,616,489,0.44354110207768743,0.06321839080459771,0.9370229007633588,0.44354110207768743,0.6020846106683017
0.48005986749821794,492,33,615,489,0.4444444444444444,0.06321839080459771,0.9371428571428572,0.4444444444444444,0.6029411764705883
0.4788985518769986,493,33,614,489,0.44534778681120146,0.06321839080459771,0.9372623574144486,0.44534778681120146,0.6037966932026944
0.4785289312196485,494,33,613,489,0.44625112917795845,0.06321839080459771,0.937381404174573,0.44625112917795845,0.6046511627906976
0.47808080521838464,495,33,612,489,0.44715447154471544,0.06321839080459771,0.9375,0.44715447154471544,0.6055045871559632
0.4776209725655074,495,34,612,488,0.44715447154471544,0.06513409961685823,0.9357277882797732,0.44715447154471544,0.6051344743276285
0.477423589280898,497,34,610,488,0.44896115627822947,0.06513409961685823,0.935969868173258,0.44896115627822947,0.6068376068376069
0.4770080665324642,497,35,610,487,0.44896115627822947,0.06704980842911877,0.9342105263157895,0.44896115627822947,0.6064673581452105
0.47683887836264227,498,35,609,487,0.44986449864498645,0.06704980842911877,0.9343339587242027,0.44986449864498645,0.6073170731707317
0.476519570957559,499,35,608,487,0.45076784101174344,0.06704980842911877,0.9344569288389513,0.45076784101174344,0.6081657525898843
0.4763970917371015,500,35,607,487,0.45167118337850043,0.06704980842911877,0.9345794392523364,0.45167118337850043,0.6090133982947624
0.47561761320927165,502,35,605,487,0.45347786811201446,0.06704980842911877,0.9348230912476723,0.45347786811201446,0.610705596107056
0.47501351108362594,503,35,604,487,0.45438121047877145,0.06704980842911877,0.9349442379182156,0.45438121047877145,0.6115501519756839
0.47483116783983403,504,35,603,487,0.45528455284552843,0.06704980842911877,0.935064935064935,0.45528455284552843,0.6123936816524909
0.47469721054298075,504,36,603,486,0.45528455284552843,0.06896551724137931,0.9333333333333333,0.45528455284552843,0.6120218579234973
0.4743102868925319,505,36,602,486,0.4561878952122855,0.06896551724137931,0.933456561922366,0.4561878952122855,0.6128640776699029
0.4742441084769925,506,36,601,486,0.45709123757904246,0.06896551724137931,0.933579335793358,0.45709123757904246,0.613705275924803
0.47402149600524873,506,37,601,485,0.45709123757904246,0.07088122605363985,0.9318600368324125,0.45709123757904246,0.6133333333333333
0.47377515723920516,507,37,600,485,0.45799457994579945,0.07088122605363985,0.9319852941176471,0.45799457994579945,0.6141732283464566
0.47342381573219694,509,37,598,485,0.4598012646793135,0.07088122605363985,0.9322344322344323,0.4598012646793135,0.6158499697519662
0.4732352021084893,510,37,597,485,0.46070460704607047,0.07088122605363985,0.9323583180987203,0.46070460704607047,0.6166868198307134
0.4729637220970985,511,37,596,485,0.46160794941282746,0.07088122605363985,0.9324817518248175,0.46160794941282746,0.6175226586102719
0.472782600670273,512,37,595,485,0.46251129177958444,0.07088122605363985,0.9326047358834244,0.46251129177958444,0.6183574879227054
0.4727351821688224,513,37,594,485,0.4634146341463415,0.07088122605363985,0.9327272727272727,0.4634146341463415,0.6191913095956548
0.4726167173565643,514,37,593,485,0.4643179765130985,0.07088122605363985,0.9328493647912885,0.4643179765130985,0.6200241254523522
0.47254315134702096,515,37,592,485,0.46522131887985546,0.07088122605363985,0.9329710144927537,0.46522131887985546,0.6208559373116335
0.47238492760576506,516,37,591,485,0.46612466124661245,0.07088122605363985,0.9330922242314648,0.46612466124661245,0.6216867469879519
0.4721799597886581,518,37,589,485,0.4679313459801265,0.07088122605363985,0.9333333333333333,0.4679313459801265,0.6233453670276776
0.4720962328605035,519,37,588,485,0.46883468834688347,0.07088122605363985,0.9334532374100719,0.46883468834688347,0.624173180998196
0.4717736801457079,519,38,588,484,0.46883468834688347,0.07279693486590039,0.9317773788150808,0.46883468834688347,0.623798076923077
0.4714199256496605,520,38,587,484,0.46973803071364045,0.07279693486590039,0.931899641577061,0.46973803071364045,0.6246246246246246
0.4712475337405126,521,38,586,484,0.4706413730803975,0.07279693486590039,0.9320214669051878,0.4706413730803975,0.6254501800720288
0.4705444955329297,522,38,585,484,0.4715447154471545,0.07279693486590039,0.9321428571428572,0.4715447154471545,0.6262747450509899
0.4700680244239161,523,38,584,484,0.47244805781391147,0.07279693486590039,0.9322638146167558,0.47244805781391147,0.6270983213429256
0.4699870641558135,524,38,583,484,0.47335140018066846,0.07279693486590039,0.9323843416370107,0.47335140018066846,0.6279209107249849
0.4699799114608255,525,38,582,484,0.4742547425474255,0.07279693486590039,0.9325044404973357,0.4742547425474255,0.6287425149700598
0.46992750066193845,526,38,581,484,0.4751580849141825,0.07279693486590039,0.9326241134751773,0.4751580849141825,0.6295631358467983
0.4696379652920712,527,38,580,484,0.4760614272809395,0.07279693486590039,0.9327433628318584,0.4760614272809395,0.6303827751196173
0.4687632409456313,528,38,579,484,0.47696476964769646,0.07279693486590039,0.9328621908127208,0.47696476964769646,0.6312014345487149
0.4687034753144726,529,38,578,484,0.4778681120144535,0.07279693486590039,0.9329805996472663,0.4778681120144535,0.6320191158900836
0.46866123492967615,530,38,577,484,0.4787714543812105,0.07279693486590039,0.9330985915492958,0.4787714543812105,0.6328358208955224
0.4681923170099767,530,39,577,483,0.4787714543812105,0.07471264367816093,0.9314586994727593,0.4787714543812105,0.6324582338902147
0.4672290449729722,530,40,577,482,0.4787714543812105,0.07662835249042145,0.9298245614035088,0.4787714543812105,0.6320810971973763
0.46694202082170666,533,40,574,482,0.48148148148148145,0.07662835249042145,0.9301919720767888,0.48148148148148145,0.6345238095238095
0.46661527910107564,534,40,573,482,0.4823848238482385,0.07662835249042145,0.9303135888501742,0.4823848238482385,0.6353361094586556
0.46644382762173103,535,40,572,482,0.4832881662149955,0.07662835249042145,0.9304347826086956,0.4832881662149955,0.6361474435196195
0.46608053233885083,536,40,571,482,0.48419150858175247,0.07662835249042145,0.9305555555555556,0.48419150858175247,0.6369578134284016
0.46600717896471205,537,40,570,482,0.48509485094850946,0.07662835249042145,0.9306759098786829,0.48509485094850946,0.6377672209026127
0.4658742769551035,539,40,568,482,0.4869015356820235,0.07662835249042145,0.9309153713298791,0.4869015356820235,0.6393831553973902
0.46587054219459956,540,40,567,482,0.4878048780487805,0.07662835249042145,0.9310344827586207,0.4878048780487805,0.6401896858328394
0.4654160527568827,541,40,566,482,0.48870822041553746,0.07662835249042145,0.9311531841652324,0.48870822041553746,0.6409952606635072
0.4652163810145083,541,41,566,481,0.48870822041553746,0.07854406130268199,0.929553264604811,0.48870822041553746,0.640615748963884
0.4651207999942064,542,41,565,481,0.4896115627822945,0.07854406130268199,0.9296740994854202,0.4896115627822945,0.6414201183431952
0.46496101349664826,544,41,563,481,0.4914182475158085,0.07854406130268199,0.9299145299145299,0.4914182475158085,0.6430260047281324
0.4648163516466222,545,41,562,481,0.49232158988256547,0.07854406130268199,0.9300341296928327,0.49232158988256547,0.6438275251033668
0.46457622965543593,545,42,562,480,0.49232158988256547,0.08045977011494253,0.9284497444633731,0.49232158988256547,0.6434474616292798
0.4645087922938383,546,42,561,480,0.4932249322493225,0.08045977011494253,0.9285714285714286,0.4932249322493225,0.6442477876106195
0.46446287386223195,547,42,560,480,0.4941282746160795,0.08045977011494253,0.9286926994906621,0.4941282746160795,0.6450471698113207
0.4643926850836931,548,42,559,480,0.4950316169828365,0.08045977011494253,0.9288135593220339,0.4950316169828365,0.6458456098998232
0.4643081741035116,550,42,557,480,0.4968383017163505,0.08045977011494253,0.9290540540540541,0.4968383017163505,0.6474396703943496
0.4639353802615054,551,42,556,480,0.4977416440831075,0.08045977011494253,0.9291736930860034,0.4977416440831075,0.648235294117647
0.4635045484954576,552,42,555,480,0.4986449864498645,0.08045977011494253,0.9292929292929293,0.4986449864498645,0.6490299823633157
0.46347412420801126,557,42,550,480,0.5031616982836495,0.08045977011494253,0.9298831385642737,0.5031616982836495,0.6529894490035171
0.4632803973985128,560,42,547,480,0.5058717253839206,0.08045977011494253,0.9302325581395349,0.5058717253839206,0.6553540081919251
0.4629789112537332,562,42,545,480,0.5076784101174345,0.08045977011494253,0.9304635761589404,0.5076784101174345,0.6569257744009351
0.46293807317833874,564,42,543,480,0.5094850948509485,0.08045977011494253,0.9306930693069307,0.5094850948509485,0.658493870402802
0.46263243940894677,565,42,542,480,0.5103884372177055,0.08045977011494253,0.9308072487644151,0.5103884372177055,0.6592765460910152
0.46256719722135714,566,42,541,480,0.5112917795844625,0.08045977011494253,0.930921052631579,0.5112917795844625,0.6600583090379009
0.4624884457508511,567,42,540,480,0.5121951219512195,0.08045977011494253,0.9310344827586207,0.5121951219512195,0.6608391608391609
0.462092139924686,567,43,540,479,0.5121951219512195,0.08237547892720307,0.9295081967213115,0.5121951219512195,0.6604542807221899
0.4613458172862608,567,44,540,478,0.5121951219512195,0.0842911877394636,0.9279869067103109,0.5121951219512195,0.660069848661234
0.4609131042689373,568,44,539,478,0.5130984643179766,0.0842911877394636,0.9281045751633987,0.5130984643179766,0.6608493310063991
0.46062822025807537,569,44,538,478,0.5140018066847335,0.0842911877394636,0.9282218597063622,0.5140018066847335,0.6616279069767441
0.4600959951280355,572,44,535,478,0.5167118337850045,0.0842911877394636,0.9285714285714286,0.5167118337850045,0.6639582124201974
0.46007589350538564,573,44,534,478,0.5176151761517616,0.0842911877394636,0.9286871961102107,0.5176151761517616,0.6647331786542925
0.45973248751036,573,45,534,477,0.5176151761517616,0.08620689655172414,0.9271844660194175,0.5176151761517616,0.6643478260869566
0.4595648808076764,574,45,533,477,0.5185185185185185,0.08620689655172414,0.9273021001615509,0.5185185185185185,0.6651216685979142
0.4595057645804342,575,45,532,477,0.5194218608852755,0.08620689655172414,0.9274193548387096,0.5194218608852755,0.665894614939201
0.45903587903282805,575,46,532,476,0.5194218608852755,0.08812260536398467,0.9259259259259259,0.5194218608852755,0.6655092592592593
0.4589774335737181,576,46,531,476,0.5203252032520326,0.08812260536398467,0.9260450160771704,0.5203252032520326,0.6662810873337189
0.45872064639801746,577,46,530,476,0.5212285456187895,0.08812260536398467,0.9261637239165329,0.5212285456187895,0.6670520231213873
0.4586775323178467,578,46,529,476,0.5221318879855466,0.08812260536398467,0.9262820512820513,0.5221318879855466,0.6678220681686887
0.45839553498264096,579,46,528,476,0.5230352303523035,0.08812260536398467,0.9264,0.5230352303523035,0.6685912240184757
0.4582231624117188,580,46,527,476,0.5239385727190605,0.08812260536398467,0.9265175718849841,0.5239385727190605,0.6693594922100404
0.4581689737756746,581,46,526,476,0.5248419150858176,0.08812260536398467,0.9266347687400319,0.5248419150858176,0.6701268742791234
0.4580201013241602,582,46,525,476,0.5257452574525745,0.08812260536398467,0.9267515923566879,0.5257452574525745,0.670893371757925
0.45775195629420873,583,46,524,476,0.5266485998193315,0.08812260536398467,0.9268680445151033,0.5266485998193315,0.6716589861751153
0.45774238513515714,583,47,524,475,0.5266485998193315,0.09003831417624521,0.9253968253968254,0.5266485998193315,0.6712723085780081
0.4574864020320231,584,47,523,475,0.5275519421860885,0.09003831417624521,0.9255150554675119,0.5275519421860885,0.6720368239355581
0.4572791552948261,585,47,522,475,0.5284552845528455,0.09003831417624521,0.9256329113924051,0.5284552845528455,0.6728004600345026
0.45711975420178746,586,47,521,475,0.5293586269196026,0.09003831417624521,0.9257503949447078,0.5293586269196026,0.6735632183908046
0.45614963405489767,587,47,520,475,0.5302619692863595,0.09003831417624521,0.9258675078864353,0.5302619692863595,0.6743251005169443
0.45578403046129956,588,47,519,475,0.5311653116531165,0.09003831417624521,0.925984251968504,0.5311653116531165,0.6750861079219288
0.45530939691269207,589,47,518,475,0.5320686540198736,0.09003831417624521,0.9261006289308176,0.5320686540198736,0.6758462421113024
0.4551525314587129,589,48,518,474,0.5320686540198736,0.09195402298850575,0.9246467817896389,0.5320686540198736,0.6754587155963303
0.4546174454273017,589,49,518,473,0.5320686540198736,0.09386973180076628,0.9231974921630094,0.5320686540198736,0.6750716332378223
0.4543831558891387,590,49,517,473,0.5329719963866305,0.09386973180076628,0.9233176838810642,0.5329719963866305,0.6758304696449027
0.45422395924737685,590,50,517,472,0.5329719963866305,0.09578544061302682,0.921875,0.5329719963866305,0.6754436176302233
0.4538030880281475,590,51,517,471,0.5329719963866305,0.09770114942528736,0.9204368174726989,0.5329719963866305,0.6750572082379863
0.4535968122663318,590,52,517,470,0.5329719963866305,0.09961685823754789,0.9190031152647975,0.5329719963866305,0.6746712407089764
0.453171916049109,590,53,517,469,0.5329719963866305,0.10153256704980843,0.9175738724727839,0.5329719963866305,0.6742857142857143
0.4529424003209626,591,53,516,469,0.5338753387533876,0.10153256704980843,0.9177018633540373,0.5338753387533876,0.6750428326670473
0.4524570731973843,593,53,514,469,0.5356820234869015,0.10153256704980843,0.9179566563467493,0.5356820234869015,0.6765544780376497
0.45185102187279363,594,53,513,469,0.5365853658536586,0.10153256704980843,0.9180834621329211,0.5365853658536586,0.677309007981756
0.45180228878024686,594,54,513,468,0.5365853658536586,0.10344827586206896,0.9166666666666666,0.5365853658536586,0.676923076923077
0.451789500742818,595,54,512,468,0.5374887082204155,0.10344827586206896,0.9167950693374423,0.5374887082204155,0.6776765375854213
0.4517364952003897,596,54,511,468,0.5383920505871725,0.10344827586206896,0.916923076923077,0.5383920505871725,0.6784291405805349
0.4515405389189684,597,54,510,468,0.5392953929539296,0.10344827586206896,0.9170506912442397,0.5392953929539296,0.6791808873720137
0.451415096787781,598,54,509,468,0.5401987353206865,0.10344827586206896,0.9171779141104295,0.5401987353206865,0.6799317794201251
0.4513922187681429,598,55,509,467,0.5401987353206865,0.1053639846743295,0.9157733537519143,0.5401987353206865,0.6795454545454545
0.4512670772384231,599,55,508,467,0.5411020776874436,0.1053639846743295,0.9159021406727829,0.5411020776874436,0.6802952867688814
0.45082988286828113,599,56,508,466,0.5411020776874436,0.10727969348659004,0.9145038167938931,0.5411020776874436,0.6799091940976163
0.4507491045286692,601,56,506,466,0.5429087624209575,0.10727969348659004,0.9147640791476408,0.5429087624209575,0.6814058956916099
0.45068498157174547,602,56,505,466,0.5438121047877146,0.10727969348659004,0.9148936170212766,0.5438121047877146,0.6821529745042494
0.45064324223006674,603,56,504,466,0.5447154471544715,0.10727969348659004,0.9150227617602428,0.5447154471544715,0.6828992072480181
0.4506171538229719,604,56,503,466,0.5456187895212286,0.10727969348659004,0.9151515151515152,0.5456187895212286,0.6836445953593662
0.45045602409044544,605,56,502,466,0.5465221318879856,0.10727969348659004,0.9152798789712556,0.5465221318879856,0.6843891402714933
0.45004624827522993,606,56,501,466,0.5474254742547425,0.10727969348659004,0.9154078549848943,0.5474254742547425,0.6851328434143584
0.4497671078719766,606,57,501,465,0.5474254742547425,0.10919540229885058,0.9140271493212669,0.5474254742547425,0.6847457627118644
0.44954910649314755,607,57,500,465,0.5483288166214996,0.10919540229885058,0.9141566265060241,0.5483288166214996,0.6854884246188595
0.4492238429522111,608,57,499,465,0.5492321589882565,0.10919540229885058,0.9142857142857143,0.5492321589882565,0.6862302483069976
0.4491020587343038,610,57,497,465,0.5510388437217706,0.10919540229885058,0.9145427286356822,0.5510388437217706,0.6877113866967307
0.4489787427404115,611,57,496,465,0.5519421860885275,0.10919540229885058,0.9146706586826348,0.5519421860885275,0.688450704225352
0.4488527458629734,612,57,495,465,0.5528455284552846,0.10919540229885058,0.9147982062780269,0.5528455284552846,0.6891891891891893
0.4486447778874523,613,57,494,465,0.5537488708220416,0.10919540229885058,0.9149253731343283,0.5537488708220416,0.6899268429938099
0.44858462467873383,613,58,494,464,0.5537488708220416,0.1111111111111111,0.9135618479880775,0.5537488708220416,0.6895388076490439
0.44854738233210534,614,58,493,464,0.5546522131887985,0.1111111111111111,0.9136904761904762,0.5546522131887985,0.6902754356379989
0.44823378143669695,615,58,492,464,0.5555555555555556,0.1111111111111111,0.9138187221396731,0.5555555555555556,0.6910112359550561
0.44813655399866503,616,58,491,464,0.5564588979223125,0.1111111111111111,0.913946587537092,0.5564588979223125,0.6917462099943851
0.448110576162046,617,58,490,464,0.5573622402890696,0.1111111111111111,0.914074074074074,0.5573622402890696,0.6924803591470258
0.44786385974194276,619,58,488,464,0.5591689250225835,0.1111111111111111,0.914327917282127,0.5591689250225835,0.6939461883408072
0.44769571403994246,620,58,487,464,0.5600722673893406,0.1111111111111111,0.9144542772861357,0.5600722673893406,0.6946778711484595
0.4476746528212135,622,58,485,464,0.5618789521228545,0.1111111111111111,0.9147058823529411,0.5618789521228545,0.6961387800783435
0.44668622684625414,625,58,482,464,0.5645889792231256,0.1111111111111111,0.9150805270863837,0.5645889792231256,0.6983240223463686
0.44664152637157506,626,58,481,464,0.5654923215898826,0.1111111111111111,0.9152046783625731,0.5654923215898826,0.6990508096035735
0.4465312737399126,627,58,480,464,0.5663956639566395,0.1111111111111111,0.9153284671532846,0.5663956639566395,0.6997767857142858
0.44634408798251746,628,58,479,464,0.5672990063233966,0.1111111111111111,0.9154518950437318,0.5672990063233966,0.7005019520356944
0.4459642770571724,629,58,478,464,0.5682023486901535,0.1111111111111111,0.9155749636098981,0.5682023486901535,0.7012263099219621
0.445864113499861,630,58,477,464,0.5691056910569106,0.1111111111111111,0.9156976744186046,0.5691056910569106,0.701949860724234
0.445609693907728,630,59,477,463,0.5691056910569106,0.11302681992337164,0.9143686502177069,0.5691056910569106,0.7015590200445434
0.44526607684668557,631,59,476,463,0.5700090334236676,0.11302681992337164,0.9144927536231884,0.5700090334236676,0.7022815804117974
0.44526321157096227,632,59,475,463,0.5709123757904245,0.11302681992337164,0.914616497829233,0.5709123757904245,0.7030033370411569
0.445179394495963,633,59,474,463,0.5718157181571816,0.11302681992337164,0.9147398843930635,0.5718157181571816,0.7037242912729295
0.44511896389182704,634,59,473,463,0.5727190605239386,0.11302681992337164,0.9148629148629148,0.5727190605239386,0.7044444444444444
0.44459219635225217,635,59,472,463,0.5736224028906955,0.11302681992337164,0.9149855907780979,0.5736224028906955,0.705163797890061
0.4438967234871716,636,59,471,463,0.5745257452574526,0.11302681992337164,0.9151079136690647,0.5745257452574526,0.7058823529411764
0.44362787550268884,637,59,470,463,0.5754290876242095,0.11302681992337164,0.9152298850574713,0.5754290876242095,0.706600110926234
0.44350498162058516,638,59,469,463,0.5763324299909666,0.11302681992337164,0.9153515064562411,0.5763324299909666,0.7073170731707318
0.44322130228870826,639,59,468,463,0.5772357723577236,0.11302681992337164,0.9154727793696275,0.5772357723577236,0.7080332409972299
0.44312735852622986,642,59,465,463,0.5799457994579946,0.11302681992337164,0.9158345221112696,0.5799457994579946,0.7101769911504425
0.4430414043793336,643,59,464,463,0.5808491418247516,0.11302681992337164,0.915954415954416,0.5808491418247516,0.710889994472084
0.44288582509618657,644,59,463,463,0.5817524841915086,0.11302681992337164,0.9160739687055477,0.5817524841915086,0.7116022099447515
0.4428840603389958,645,59,462,463,0.5826558265582655,0.11302681992337164,0.9161931818181818,0.5826558265582655,0.7123136388735504
0.4428555151870541,646,59,461,463,0.5835591689250226,0.11302681992337164,0.9163120567375886,0.5835591689250226,0.7130242825607064
0.4426485828467849,647,59,460,463,0.5844625112917796,0.11302681992337164,0.9164305949008499,0.5844625112917796,0.713734142305571
0.44262688635635045,648,59,459,463,0.5853658536585366,0.11302681992337164,0.9165487977369166,0.5853658536585366,0.7144432194046307
0.4421809076208136,649,59,458,463,0.5862691960252936,0.11302681992337164,0.9166666666666666,0.5862691960252936,0.7151515151515151
0.4418456351347171,653,59,454,463,0.5898825654923215,0.11302681992337164,0.9171348314606742,0.5898825654923215,0.7179769103903243
0.4415598724666682,655,59,452,463,0.5916892502258356,0.11302681992337164,0.9173669467787114,0.5916892502258356,0.7193849533223504
0.4414689107007795,656,59,451,463,0.5925925925925926,0.11302681992337164,0.9174825174825175,0.5925925925925926,0.7200878155872668
0.44114355871822786,657,59,450,463,0.5934959349593496,0.11302681992337164,0.9175977653631285,0.5934959349593496,0.7207899067471202
0.4409581329289421,658,59,449,463,0.5943992773261066,0.11302681992337164,0.9177126917712691,0.5943992773261066,0.7214912280701756
0.44064912465399964,658,60,449,462,0.5943992773261066,0.11494252873563218,0.9164345403899722,0.5943992773261066,0.7210958904109591
0.44018902335705656,659,60,448,462,0.5953026196928636,0.11494252873563218,0.9165507649513213,0.5953026196928636,0.7217962760131434
0.4395083156697638,659,61,448,461,0.5953026196928636,0.11685823754789272,0.9152777777777777,0.5953026196928636,0.7214012041598249
0.439477799812341,660,61,447,461,0.5962059620596206,0.11685823754789272,0.9153952843273232,0.5962059620596206,0.7221006564551422
0.4394731902422239,661,61,446,461,0.5971093044263776,0.11685823754789272,0.9155124653739612,0.5971093044263776,0.7227993439037725
0.43946160364301523,661,62,446,460,0.5971093044263776,0.11877394636015326,0.9142461964038727,0.5971093044263776,0.7224043715846994
0.4390978182625635,661,63,446,459,0.5971093044263776,0.1206896551724138,0.9129834254143646,0.5971093044263776,0.7220098306936099
0.4388867984559126,662,63,445,459,0.5980126467931346,0.1206896551724138,0.9131034482758621,0.5980126467931346,0.7227074235807861
0.43830151017525276,663,63,444,459,0.5989159891598916,0.1206896551724138,0.9132231404958677,0.5989159891598916,0.723404255319149
0.4380177650956687,663,64,444,458,0.5989159891598916,0.12260536398467432,0.9119669876203577,0.5989159891598916,0.7230098146128682
0.437640577437921,664,64,443,458,0.5998193315266486,0.12260536398467432,0.9120879120879121,0.5998193315266486,0.7237057220708447
0.43735627357192247,666,64,441,458,0.6016260162601627,0.12260536398467432,0.9123287671232877,0.6016260162601627,0.7250952640174197
0.43682379668509175,667,64,440,458,0.6025293586269196,0.12260536398467432,0.9124487004103967,0.6025293586269196,0.7257889009793252
0.4367615958956132,667,65,440,457,0.6025293586269196,0.12452107279693486,0.9112021857923497,0.6025293586269196,0.7253942359978249
0.436724065830682,668,65,439,457,0.6034327009936766,0.12452107279693486,0.9113233287858117,0.6034327009936766,0.7260869565217392
0.4364847323280289,669,65,438,457,0.6043360433604336,0.12452107279693486,0.9114441416893733,0.6043360433604336,0.7267789244975555
0.43640795560529083,670,65,437,457,0.6052393857271906,0.12452107279693486,0.9115646258503401,0.6052393857271906,0.7274701411509229
0.43595320068491134,671,65,436,457,0.6061427280939476,0.12452107279693486,0.9116847826086957,0.6061427280939476,0.7281606077048292
0.43581139587633333,672,65,435,457,0.6070460704607046,0.12452107279693486,0.9118046132971506,0.6070460704607046,0.7288503253796094
0.43566631417107915,672,66,435,456,0.6070460704607046,0.12643678160919541,0.9105691056910569,0.6070460704607046,0.7284552845528456
0.43545613989454973,672,67,435,455,0.6070460704607046,0.12835249042145594,0.9093369418132612,0.6070460704607046,0.7280606717226435
0.4353042224900231,673,67,434,455,0.6079494128274616,0.12835249042145594,0.9094594594594595,0.6079494128274616,0.7287493232268545
0.4346693738807196,674,67,433,455,0.6088527551942186,0.12835249042145594,0.9095816464237517,0.6088527551942186,0.7294372294372294
0.4344358298906728,675,67,432,455,0.6097560975609756,0.12835249042145594,0.9097035040431267,0.6097560975609756,0.7301243915630069
0.43431859700604664,675,68,432,454,0.6097560975609756,0.13026819923371646,0.9084791386271871,0.6097560975609756,0.7297297297297298
0.43408260973814916,675,69,432,453,0.6097560975609756,0.13218390804597702,0.907258064516129,0.6097560975609756,0.7293354943273905
0.4329971521954725,675,70,432,452,0.6097560975609756,0.13409961685823754,0.9060402684563759,0.6097560975609756,0.7289416846652267
0.43286391819773506,676,70,431,452,0.6106594399277326,0.13409961685823754,0.9061662198391421,0.6106594399277326,0.7296276308688613
0.43286154659427556,677,70,430,452,0.6115627822944896,0.13409961685823754,0.9062918340026773,0.6115627822944896,0.7303128371089536
0.432805693473107,678,70,429,452,0.6124661246612466,0.13409961685823754,0.9064171122994652,0.6124661246612466,0.7309973045822103
0.432409287964489,678,71,429,451,0.6124661246612466,0.1360153256704981,0.9052069425901201,0.6124661246612466,0.7306034482758621
0.43234751722592984,679,71,428,451,0.6133694670280037,0.1360153256704981,0.9053333333333333,0.6133694670280037,0.7312870220786215
0.4323315507785709,680,71,427,451,0.6142728093947606,0.1360153256704981,0.9054593874833555,0.6142728093947606,0.7319698600645856
0.4322491731255484,680,72,427,450,0.6142728093947606,0.13793103448275862,0.9042553191489362,0.6142728093947606,0.7315761161915008
0.432134578600311,680,73,427,449,0.6142728093947606,0.13984674329501914,0.9030544488711819,0.6142728093947606,0.7311827956989246
0.43187182526274104,681,73,426,449,0.6151761517615176,0.13984674329501914,0.903183023872679,0.6151761517615176,0.7318645889306823
0.4318666998298702,682,73,425,449,0.6160794941282746,0.13984674329501914,0.9033112582781457,0.6160794941282746,0.7325456498388829
0.431544021212366,682,74,425,448,0.6160794941282746,0.1417624521072797,0.9021164021164021,0.6160794941282746,0.7321524422973698
0.43143385515535826,683,74,424,448,0.6169828364950316,0.1417624521072797,0.9022457067371202,0.6169828364950316,0.7328326180257512
0.4310270608099977,684,74,423,448,0.6178861788617886,0.1417624521072797,0.9023746701846965,0.6178861788617886,0.7335120643431635
0.4307768883386913,685,74,422,448,0.6187895212285456,0.1417624521072797,0.9025032938076416,0.6187895212285456,0.7341907824222936
0.430690355037317,686,74,421,448,0.6196928635953026,0.1417624521072797,0.9026315789473685,0.6196928635953026,0.7348687734333155
0.43037153374867093,687,74,420,448,0.6205962059620597,0.1417624521072797,0.9027595269382391,0.6205962059620597,0.7355460385438972
0.42975573690667535,688,74,419,448,0.6214995483288166,0.1417624521072797,0.9028871391076115,0.6214995483288166,0.7362225789192082
0.42967388690835684,689,74,418,448,0.6224028906955736,0.1417624521072797,0.9030144167758847,0.6224028906955736,0.7368983957219252
0.42959884789012714,690,74,417,448,0.6233062330623306,0.1417624521072797,0.9031413612565445,0.6233062330623306,0.7375734901122394
0.429541119856629,690,75,417,447,0.6233062330623306,0.14367816091954022,0.9019607843137255,0.6233062330623306,0.7371794871794871
0.4293531858274448,690,76,417,446,0.6233062330623306,0.14559386973180077,0.9007832898172323,0.6233062330623306,0.7367859049652964
0.42928301843631694,691,76,416,446,0.6242095754290876,0.14559386973180077,0.9009126466753585,0.6242095754290876,0.7374599786552829
0.4292628527419925,692,76,415,446,0.6251129177958447,0.14559386973180077,0.9010416666666666,0.6251129177958447,0.7381333333333333
0.42919676458669775,693,76,414,446,0.6260162601626016,0.14559386973180077,0.9011703511053316,0.6260162601626016,0.7388059701492538
0.42905647192005614,693,77,414,445,0.6260162601626016,0.1475095785440613,0.9,0.6260162601626016,0.7384123601491742
0.42894534276880203,694,77,413,445,0.6269196025293586,0.1475095785440613,0.9001297016861219,0.6269196025293586,0.7390841320553779
0.4288146484362206,694,78,413,444,0.6269196025293586,0.14942528735632185,0.8989637305699482,0.6269196025293586,0.7386907929749867
0.42847209189701607,695,78,412,444,0.6278229448961157,0.14942528735632185,0.8990944372574385,0.6278229448961157,0.7393617021276596
0.4283635286309099,696,78,411,444,0.6287262872628726,0.14942528735632185,0.8992248062015504,0.6287262872628726,0.7400318979266347
0.4282507719166936,696,79,411,443,0.6287262872628726,0.15134099616858238,0.8980645161290323,0.6287262872628726,0.7396386822529224
0.428181904117795,697,79,410,443,0.6296296296296297,0.15134099616858238,0.8981958762886598,0.6296296296296297,0.7403080191184281
0.42795467662042913,697,80,410,442,0.6296296296296297,0.1532567049808429,0.8970398970398971,0.6296296296296297,0.7399150743099788
0.4276042238371247,697,81,410,441,0.6296296296296297,0.15517241379310345,0.8958868894601543,0.6296296296296297,0.7395225464190981
0.4275955516367874,699,81,408,441,0.6314363143631436,0.15517241379310345,0.8961538461538462,0.6314363143631436,0.7408585055643879
0.427445343247302,700,81,407,441,0.6323396567299007,0.15517241379310345,0.8962868117797695,0.6323396567299007,0.7415254237288137
0.4272530285048253,701,81,406,441,0.6332429990966576,0.15517241379310345,0.8964194373401535,0.6332429990966576,0.7421916357861302
0.4272469853622694,701,82,406,440,0.6332429990966576,0.15708812260536398,0.8952745849297573,0.6332429990966576,0.7417989417989418
0.42715518174816625,702,82,405,440,0.6341463414634146,0.15708812260536398,0.8954081632653061,0.6341463414634146,0.7424643046007404
0.4271281052598114,702,83,405,439,0.6341463414634146,0.15900383141762453,0.8942675159235669,0.6341463414634146,0.7420718816067653
0.42679640022415016,703,83,404,439,0.6350496838301717,0.15900383141762453,0.8944020356234097,0.6350496838301717,0.7427363972530375
0.4266317895590104,704,83,403,439,0.6359530261969286,0.15900383141762453,0.8945362134688691,0.6359530261969286,0.7434002111932418
0.42660090845100235,705,83,402,439,0.6368563685636857,0.15900383141762453,0.8946700507614214,0.6368563685636857,0.7440633245382586
0.42658389923702456,707,83,400,439,0.6386630532971996,0.15900383141762453,0.8949367088607595,0.6386630532971996,0.7453874538745389
0.4264573028555273,708,83,399,439,0.6395663956639567,0.15900383141762453,0.8950695322376738,0.6395663956639567,0.7460484720758693
0.4260899477053492,708,84,399,438,0.6395663956639567,0.16091954022988506,0.8939393939393939,0.6395663956639567,0.7456556082148499
0.4255840670592167,708,85,399,437,0.6395663956639567,0.16283524904214558,0.89281210592686,0.6395663956639567,0.7452631578947368
0.4254920510304761,709,85,398,437,0.6404697380307136,0.16283524904214558,0.8929471032745592,0.6404697380307136,0.7459231983166753
0.42529566200035107,710,85,397,437,0.6413730803974707,0.16283524904214558,0.8930817610062893,0.6413730803974707,0.7465825446898002
0.4252331715795496,711,85,396,437,0.6422764227642277,0.16283524904214558,0.8932160804020101,0.6422764227642277,0.7472411981082503
0.4246040950531127,712,85,395,437,0.6431797651309846,0.16283524904214558,0.8933500627352572,0.6431797651309846,0.7478991596638654
0.4245479925482874,712,86,395,436,0.6431797651309846,0.16475095785440613,0.8922305764411027,0.6431797651309846,0.7475065616797901
0.4236905037334867,712,87,395,435,0.6431797651309846,0.16666666666666666,0.8911138923654568,0.6431797651309846,0.7471143756558237
0.4234553028152844,713,87,394,435,0.6440831074977417,0.16666666666666666,0.89125,0.6440831074977417,0.7477713686418459
0.4234434689995467,713,89,394,433,0.6440831074977417,0.17049808429118773,0.8890274314214464,0.6440831074977417,0.7469879518072289
0.42344061138382993,713,90,394,432,0.6440831074977417,0.1724137931034483,0.887920298879203,0.6440831074977417,0.7465968586387435
0.423204556624397,714,90,393,432,0.6449864498644986,0.1724137931034483,0.8880597014925373,0.6449864498644986,0.7472527472527473
0.4229825091478296,715,90,392,432,0.6458897922312556,0.1724137931034483,0.8881987577639752,0.6458897922312556,0.747907949790795
0.4229358315268069,715,91,392,431,0.6458897922312556,0.1743295019157088,0.8870967741935484,0.6458897922312556,0.7475169890224778
0.4228361278848476,715,92,392,430,0.6458897922312556,0.17624521072796934,0.885997521685254,0.6458897922312556,0.7471264367816092
0.4228220656635504,716,92,391,430,0.6467931345980127,0.17624521072796934,0.8861386138613861,0.6467931345980127,0.7477806788511749
0.4226754507535371,716,93,391,429,0.6467931345980127,0.1781609195402299,0.8850432632880099,0.6467931345980127,0.7473903966597077
0.42221356851961656,717,93,390,429,0.6476964769647696,0.1781609195402299,0.8851851851851852,0.6476964769647696,0.7480438184663537
0.4216708660534125,718,93,389,429,0.6485998193315267,0.1781609195402299,0.8853267570900123,0.6485998193315267,0.748696558915537
0.4214384615238236,718,94,389,428,0.6485998193315267,0.18007662835249041,0.8842364532019704,0.6485998193315267,0.7483064095883272
0.4213426870467017,718,95,389,427,0.6485998193315267,0.18199233716475097,0.8831488314883149,0.6485998193315267,0.7479166666666668
0.42132645570192256,718,96,389,426,0.6485998193315267,0.1839080459770115,0.8820638820638821,0.6485998193315267,0.7475273295158772
0.4204090116147733,718,97,389,425,0.6485998193315267,0.18582375478927204,0.8809815950920246,0.6485998193315267,0.7471383975026014
0.42029311057465135,719,97,388,425,0.6495031616982837,0.18582375478927204,0.8811274509803921,0.6495031616982837,0.747789911596464
0.4200976275306257,719,98,388,424,0.6495031616982837,0.18773946360153257,0.8800489596083231,0.6495031616982837,0.7474012474012474
0.4196227316929944,720,98,387,424,0.6504065040650406,0.18773946360153257,0.8801955990220048,0.6504065040650406,0.748051948051948
0.41905126815922256,720,99,387,423,0.6504065040650406,0.1896551724137931,0.8791208791208791,0.6504065040650406,0.7476635514018691
0.4188169845197043,721,99,386,423,0.6513098464317977,0.1896551724137931,0.8792682926829268,0.6513098464317977,0.7483134405812144
0.4183829853798271,721,100,386,422,0.6513098464317977,0.19157088122605365,0.8781973203410475,0.6513098464317977,0.7479253112033196
0.41809071042651247,722,100,385,422,0.6522131887985546,0.19157088122605365,0.878345498783455,0.6522131887985546,0.7485743908761016
0.4173918468473895,724,100,383,422,0.6540198735320687,0.19157088122605365,0.8786407766990292,0.6540198735320687,0.7498705334023823
0.4173821473107258,725,100,382,422,0.6549232158988256,0.19157088122605365,0.8787878787878788,0.6549232158988256,0.7505175983436853
0.4170912558868205,725,101,382,421,0.6549232158988256,0.19348659003831417,0.8777239709443099,0.6549232158988256,0.7501293326435592
0.41700839315412613,726,101,381,421,0.6558265582655827,0.19348659003831417,0.8778718258766627,0.6558265582655827,0.750775594622544
0.4169910295182917,727,101,380,421,0.6567299006323396,0.19348659003831417,0.8780193236714976,0.6567299006323396,0.751421188630491
0.4169669862719699,728,101,379,421,0.6576332429990966,0.19348659003831417,0.8781664656212304,0.6576332429990966,0.7520661157024793
0.41686522511191365,728,102,379,420,0.6576332429990966,0.19540229885057472,0.8771084337349397,0.6576332429990966,0.7516778523489933
0.416403485736461,729,102,378,420,0.6585365853658537,0.19540229885057472,0.8772563176895307,0.6585365853658537,0.7523219814241485
0.41552931825115347,730,102,377,420,0.6594399277326106,0.19540229885057472,0.8774038461538461,0.6594399277326106,0.7529654461062402
0.41542006712211355,731,102,376,420,0.6603432700993677,0.19540229885057472,0.8775510204081632,0.6603432700993677,0.7536082474226803
0.415345181815707,732,102,375,420,0.6612466124661247,0.19540229885057472,0.8776978417266187,0.6612466124661247,0.7542503863987636
0.4152876438737596,733,102,374,420,0.6621499548328816,0.19540229885057472,0.8778443113772455,0.6621499548328816,0.7548918640576725
0.4152830701276045,734,102,373,420,0.6630532971996387,0.19540229885057472,0.8779904306220095,0.6630532971996387,0.7555326814204838
0.41526377036938183,735,102,372,420,0.6639566395663956,0.19540229885057472,0.8781362007168458,0.6639566395663956,0.7561728395061728
0.415238054773011,736,102,371,420,0.6648599819331527,0.19540229885057472,0.8782816229116945,0.6648599819331527,0.7568123393316195
0.4151287161531124,737,102,370,420,0.6657633242999097,0.19540229885057472,0.8784266984505363,0.6657633242999097,0.7574511819116136
0.4147568177783608,737,103,370,419,0.6657633242999097,0.19731800766283525,0.8773809523809524,0.6657633242999097,0.7570621468926554
0.4146976876340981,737,104,370,418,0.6657633242999097,0.19923371647509577,0.8763376932223543,0.6657633242999097,0.7566735112936345
0.4146909732078942,738,104,369,418,0.6666666666666666,0.19923371647509577,0.8764845605700713,0.6666666666666666,0.7573114417650076
0.4145758769072221,738,105,369,417,0.6666666666666666,0.20114942528735633,0.8754448398576512,0.6666666666666666,0.7569230769230768
0.414420639154367,738,106,369,416,0.6666666666666666,0.20306513409961685,0.8744075829383886,0.6666666666666666,0.7565351101998974
0.4140994979467522,738,107,369,415,0.6666666666666666,0.2049808429118774,0.8733727810650888,0.6666666666666666,0.7561475409836066
0.4140928209017411,739,107,368,415,0.6675700090334237,0.2049808429118774,0.8735224586288416,0.6675700090334237,0.756784434203789
0.4140102812021605,739,108,368,414,0.6675700090334237,0.20689655172413793,0.872491145218418,0.6675700090334237,0.7563971340839305
0.4139457461551973,740,108,367,414,0.6684733514001807,0.20689655172413793,0.8726415094339622,0.6684733514001807,0.7570332480818415
0.4138865160480582,741,108,366,414,0.6693766937669376,0.20689655172413793,0.872791519434629,0.6693766937669376,0.7576687116564418
0.4138629756591862,742,108,365,414,0.6702800361336947,0.20689655172413793,0.8729411764705882,0.6702800361336947,0.7583035258048032
0.41384602157115175,742,109,365,413,0.6702800361336947,0.20881226053639848,0.8719153936545241,0.6702800361336947,0.7579162410623085
0.4138436397478786,743,109,364,413,0.6711833785004516,0.20881226053639848,0.8720657276995305,0.6711833785004516,0.7585502807554876
0.4137230679466116,743,110,364,412,0.6711833785004516,0.210727969348659,0.8710433763188745,0.6711833785004516,0.7581632653061224
0.41345576731391137,745,110,362,412,0.6729900632339657,0.210727969348659,0.8713450292397661,0.6729900632339657,0.7594291539245668
0.41331033462588834,745,111,362,411,0.6729900632339657,0.21264367816091953,0.8703271028037384,0.6729900632339657,0.7590422822210902
0.41326240712265977,746,111,361,411,0.6738934056007226,0.21264367816091953,0.8704784130688448,0.6738934056007226,0.759674134419552
0.4130524038926344,747,111,360,411,0.6747967479674797,0.21264367816091953,0.8706293706293706,0.6747967479674797,0.7603053435114503
0.4124192668835685,748,111,359,411,0.6757000903342367,0.21264367816091953,0.8707799767171129,0.6757000903342367,0.7609359104781283
0.4124073172017509,749,111,358,411,0.6766034327009937,0.21264367816091953,0.8709302325581395,0.6766034327009937,0.7615658362989324
0.4123125809597892,749,112,358,410,0.6766034327009937,0.21455938697318008,0.8699186991869918,0.6766034327009937,0.7611788617886179
0.4119437674105358,750,112,357,410,0.6775067750677507,0.21455938697318008,0.8700696055684455,0.6775067750677507,0.7618080243778568
0.4119217179329524,751,112,356,410,0.6784101174345076,0.21455938697318008,0.8702201622247973,0.6784101174345076,0.7624365482233504
0.41184327737390375,751,113,356,409,0.6784101174345076,0.2164750957854406,0.8692129629629629,0.6784101174345076,0.7620497209538305
0.4116393896220217,752,113,355,409,0.6793134598012647,0.2164750957854406,0.869364161849711,0.6793134598012647,0.7626774847870182
0.4114733711376715,752,114,355,408,0.6793134598012647,0.21839080459770116,0.8683602771362586,0.6793134598012647,0.7622909275215408
0.4112456218835339,755,114,352,408,0.6820234869015357,0.21839080459770116,0.8688147295742232,0.6820234869015357,0.76417004048583
0.41118752319852614,756,114,351,408,0.6829268292682927,0.21839080459770116,0.8689655172413793,0.6829268292682927,0.7647951441578148
0.41088038132618077,757,114,350,408,0.6838301716350497,0.21839080459770116,0.8691159586681975,0.6838301716350497,0.7654196157735086
0.4108574037660953,758,114,349,408,0.6847335140018067,0.21839080459770116,0.8692660550458715,0.6847335140018067,0.7660434562910561
0.41076292859909314,759,114,348,408,0.6856368563685636,0.21839080459770116,0.8694158075601375,0.6856368563685636,0.7666666666666666
0.4106768771418219,759,115,348,407,0.6856368563685636,0.22030651340996169,0.868421052631579,0.6856368563685636,0.7662796567390207
0.40999027955052264,760,115,347,407,0.6865401987353207,0.22030651340996169,0.8685714285714285,0.6865401987353207,0.7669021190716447
0.4095240143722158,760,116,347,406,0.6865401987353207,0.2222222222222222,0.867579908675799,0.6865401987353207,0.7665153807362581
0.40932848642984143,760,117,347,405,0.6865401987353207,0.22413793103448276,0.8665906499429875,0.6865401987353207,0.7661290322580645
0.40899759734056695,761,117,346,405,0.6874435411020777,0.22413793103448276,0.8667425968109339,0.6874435411020777,0.7667506297229219
0.4088239114031353,762,117,345,405,0.6883468834688347,0.22413793103448276,0.8668941979522184,0.6883468834688347,0.7673716012084592
0.408670277217727,762,118,345,404,0.6883468834688347,0.2260536398467433,0.865909090909091,0.6883468834688347,0.7669854051333669
0.4084514498648333,763,118,344,404,0.6892502258355917,0.2260536398467433,0.8660612939841089,0.6892502258355917,0.7676056338028168
0.4083097830508295,764,118,343,404,0.6901535682023487,0.2260536398467433,0.8662131519274376,0.6901535682023487,0.7682252388134742
0.4083078488921171,764,119,343,403,0.6901535682023487,0.22796934865900384,0.8652321630804077,0.6901535682023487,0.7678391959798997
0.40803852468946067,764,120,343,402,0.6901535682023487,0.22988505747126436,0.8642533936651584,0.6901535682023487,0.7674535409342039
0.40789529022631055,765,120,342,402,0.6910569105691057,0.22988505747126436,0.864406779661017,0.6910569105691057,0.7680722891566266
0.4076236816767206,766,120,341,402,0.6919602529358627,0.22988505747126436,0.8645598194130926,0.6919602529358627,0.7686904164576016
0.40760918888562625,766,121,341,401,0.6919602529358627,0.23180076628352492,0.8635851183765502,0.6919602529358627,0.7683049147442328
0.40662045962537235,767,121,340,401,0.6928635953026197,0.23180076628352492,0.8637387387387387,0.6928635953026197,0.768922305764411
0.40657028988806704,767,122,340,400,0.6928635953026197,0.23371647509578544,0.8627671541057368,0.6928635953026197,0.7685370741482965
0.40652435175298296,767,123,340,399,0.6928635953026197,0.23563218390804597,0.8617977528089887,0.6928635953026197,0.7681522283425137
0.4064665680556154,767,124,340,398,0.6928635953026197,0.23754789272030652,0.8608305274971941,0.6928635953026197,0.7677677677677678
0.40640560152975436,767,125,340,397,0.6928635953026197,0.23946360153256704,0.8598654708520179,0.6928635953026197,0.7673836918459228
0.40608541735898956,768,125,339,397,0.6937669376693767,0.23946360153256704,0.8600223964165733,0.6937669376693767,0.768
0.40585609402253076,768,126,339,396,0.6937669376693767,0.2413793103448276,0.8590604026845637,0.6937669376693767,0.7676161919040481
0.405682668805911,768,127,339,395,0.6937669376693767,0.24329501915708812,0.8581005586592179,0.6937669376693767,0.7672327672327672
0.4055647999095478,769,127,338,395,0.6946702800361337,0.24329501915708812,0.8582589285714286,0.6946702800361337,0.7678482276585122
0.40539281192924104,769,128,338,394,0.6946702800361337,0.24521072796934865,0.8573021181716833,0.6946702800361337,0.7674650698602795
0.40531601864963446,770,128,337,394,0.6955736224028907,0.24521072796934865,0.8574610244988864,0.6955736224028907,0.768079800498753
0.40493265956770286,770,129,337,393,0.6955736224028907,0.2471264367816092,0.8565072302558399,0.6955736224028907,0.7676969092721836
0.4035736980749913,770,130,337,392,0.6955736224028907,0.24904214559386972,0.8555555555555555,0.6955736224028907,0.767314399601395
0.4034855024128457,772,130,335,392,0.6973803071364046,0.24904214559386972,0.8558758314855875,0.6973803071364046,0.76854156296665
0.4034579899160698,773,130,334,392,0.6982836495031617,0.24904214559386972,0.8560354374307863,0.6982836495031617,0.7691542288557214
0.40343389604819857,774,130,333,392,0.6991869918699187,0.24904214559386972,0.8561946902654868,0.6991869918699187,0.7697662854301343
0.40268927894665957,775,130,332,392,0.7000903342366757,0.24904214559386972,0.856353591160221,0.7000903342366757,0.7703777335984094
0.40250941630717324,776,130,331,392,0.7009936766034327,0.24904214559386972,0.8565121412803532,0.7009936766034327,0.7709885742672629
0.40228924756504236,776,131,331,391,0.7009936766034327,0.2509578544061303,0.8555678059536935,0.7009936766034327,0.7706057596822244
0.4018397241890172,777,131,330,391,0.7018970189701897,0.2509578544061303,0.8557268722466961,0.7018970189701897,0.7712158808933003
0.40133567528426434,778,131,329,391,0.7028003613369467,0.2509578544061303,0.8558855885588559,0.7028003613369467,0.7718253968253967
0.4010391433591283,779,131,328,391,0.7037037037037037,0.2509578544061303,0.856043956043956,0.7037037037037037,0.7724343083787804
0.4007066339113185,780,131,327,391,0.7046070460704607,0.2509578544061303,0.8562019758507134,0.7046070460704607,0.7730426164519326
0.4005665741096572,781,131,326,391,0.7055103884372177,0.2509578544061303,0.856359649122807,0.7055103884372177,0.7736503219415553
0.4004254801466567,781,132,326,390,0.7055103884372177,0.25287356321839083,0.8554216867469879,0.7055103884372177,0.7732673267326732
0.40035209937771854,782,132,325,390,0.7064137308039747,0.25287356321839083,0.8555798687089715,0.7064137308039747,0.7738743196437408
0.40033868094366626,782,133,325,389,0.7064137308039747,0.2547892720306513,0.8546448087431694,0.7064137308039747,0.7734915924826904
0.40025017043000255,782,134,325,388,0.7064137308039747,0.2567049808429119,0.8537117903930131,0.7064137308039747,0.773109243697479
0.3999131351193964,783,134,324,388,0.7073170731707317,0.2567049808429119,0.8538713195201745,0.7073170731707317,0.7737154150197629
0.3996551512008192,784,134,323,388,0.7082204155374887,0.2567049808429119,0.8540305010893247,0.7082204155374887,0.7743209876543211
0.3996100995202216,785,134,322,388,0.7091237579042458,0.2567049808429119,0.8541893362350381,0.7091237579042458,0.7749259624876604
0.39899356852322954,786,134,321,388,0.7100271002710027,0.2567049808429119,0.8543478260869565,0.7100271002710027,0.7755303404045386
0.3986445343909951,786,135,321,387,0.7100271002710027,0.25862068965517243,0.8534201954397395,0.7100271002710027,0.7751479289940828
0.3983441015866203,787,135,320,387,0.7109304426377597,0.25862068965517243,0.8535791757049892,0.7109304426377597,0.775751601774273
0.3982873106640479,788,135,319,387,0.7118337850045167,0.25862068965517243,0.8537378114842904,0.7118337850045167,0.7763546798029557
0.3982740479606452,789,135,318,387,0.7127371273712737,0.25862068965517243,0.8538961038961039,0.7127371273712737,0.7769571639586411
0.3981083992612074,789,136,318,386,0.7127371273712737,0.26053639846743293,0.8529729729729729,0.7127371273712737,0.7765748031496063
0.39808215149987003,790,136,317,386,0.7136404697380307,0.26053639846743293,0.8531317494600432,0.7136404697380307,0.7771765863256271
0.3979819056367294,790,137,317,385,0.7136404697380307,0.2624521072796935,0.8522114347357066,0.7136404697380307,0.7767944936086528
0.39787480448840284,790,138,317,384,0.7136404697380307,0.26436781609195403,0.8512931034482759,0.7136404697380307,0.7764127764127764
0.3975809419308744,790,139,317,383,0.7136404697380307,0.2662835249042146,0.8503767491926802,0.7136404697380307,0.7760314341846758
0.39752700273166014,792,139,315,383,0.7154471544715447,0.2662835249042146,0.8506981740064447,0.7154471544715447,0.7772325809617271
0.39729453900201955,794,139,313,383,0.7172538392050587,0.2662835249042146,0.8510182207931404,0.7172538392050587,0.7784313725490195
0.39722021985936895,795,139,312,383,0.7181571815718157,0.2662835249042146,0.8511777301927195,0.7181571815718157,0.7790298873101421
0.3970679917942012,795,140,312,382,0.7181571815718157,0.2681992337164751,0.8502673796791443,0.7181571815718157,0.7786483839373163
0.396983774012567,796,140,311,382,0.7190605239385727,0.2681992337164751,0.8504273504273504,0.7190605239385727,0.7792462065589818
0.3969620235632106,797,140,310,382,0.7199638663053297,0.2681992337164751,0.8505869797225186,0.7199638663053297,0.7798434442270058
0.39655983380192444,798,140,309,382,0.7208672086720868,0.2681992337164751,0.8507462686567164,0.7208672086720868,0.780440097799511
0.39642164943037667,799,140,308,382,0.7217705510388437,0.2681992337164751,0.8509052183173589,0.7217705510388437,0.7810361681329422
0.39624357208943617,800,140,307,382,0.7226738934056007,0.2681992337164751,0.851063829787234,0.7226738934056007,0.7816316560820713
0.39618865533090447,800,141,307,381,0.7226738934056007,0.27011494252873564,0.8501594048884166,0.7226738934056007,0.7812500000000001
0.3956376055650668,801,141,306,381,0.7235772357723578,0.27011494252873564,0.8503184713375797,0.7235772357723578,0.7818448023426062
0.3953977294380991,802,141,305,381,0.7244805781391147,0.27011494252873564,0.8504772004241782,0.7244805781391147,0.7824390243902438
0.39527752337374733,802,142,305,380,0.7244805781391147,0.2720306513409962,0.8495762711864406,0.7244805781391147,0.7820575329107752
0.39502560828995015,803,142,304,380,0.7253839205058717,0.2720306513409962,0.8497354497354498,0.7253839205058717,0.7826510721247564
0.39501778706227664,804,142,303,380,0.7262872628726287,0.2720306513409962,0.8498942917547568,0.7262872628726287,0.7832440331222601
0.3947640197667112,805,142,302,380,0.7271906052393857,0.2720306513409962,0.8500527983104541,0.7271906052393857,0.783836416747809
0.39443075150973406,807,142,300,380,0.7289972899728997,0.2720306513409962,0.8503688092729189,0.7289972899728997,0.7850194552529183
0.3942684021023162,808,142,299,380,0.7299006323396567,0.2720306513409962,0.8505263157894737,0.7299006323396567,0.7856101118133203
0.3934649843377884,809,142,298,380,0.7308039747064138,0.2720306513409962,0.85068349106204,0.7308039747064138,0.7862001943634598
0.39342036974692923,810,142,297,380,0.7317073170731707,0.2720306513409962,0.8508403361344538,0.7317073170731707,0.7867897037396794
0.39319188208465455,811,142,296,380,0.7326106594399278,0.2720306513409962,0.85099685204617,0.7326106594399278,0.7873786407766992
0.3930755727022738,811,143,296,379,0.7326106594399278,0.2739463601532567,0.850104821802935,0.7326106594399278,0.7869966035904902
0.3926755259216978,811,144,296,378,0.7326106594399278,0.27586206896551724,0.8492146596858638,0.7326106594399278,0.7866149369544132
0.3924822828091463,811,145,296,377,0.7326106594399278,0.2777777777777778,0.8483263598326359,0.7326106594399278,0.7862336403296172
0.39240123901283014,811,146,296,376,0.7326106594399278,0.2796934865900383,0.8474399164054337,0.7326106594399278,0.7858527131782946
0.3920846576165525,811,147,296,375,0.7326106594399278,0.28160919540229884,0.8465553235908142,0.7326106594399278,0.7854721549636805
0.39204994478399846,811,148,296,374,0.7326106594399278,0.2835249042145594,0.8456725755995829,0.7326106594399278,0.7850919651500484
0.39190819249985315,811,149,296,373,0.7326106594399278,0.28544061302681994,0.8447916666666667,0.7326106594399278,0.7847121432027093
0.3918790748533201,811,150,296,372,0.7326106594399278,0.28735632183908044,0.8439125910509886,0.7326106594399278,0.7843326885880078
0.3911033520643558,811,151,296,371,0.7326106594399278,0.289272030651341,0.843035343035343,0.7326106594399278,0.7839536007733204
0.39088904357089943,811,152,296,370,0.7326106594399278,0.29118773946360155,0.842159916926272,0.7326106594399278,0.7835748792270533
0.3908166029800616,811,153,296,369,0.7326106594399278,0.29310344827586204,0.8412863070539419,0.7326106594399278,0.7831965234186383
0.3904818934945121,811,154,296,368,0.7326106594399278,0.2950191570881226,0.8404145077720208,0.7326106594399278,0.7828185328185328
0.39032541381140706,812,154,295,368,0.7335140018066847,0.2950191570881226,0.8405797101449275,0.7335140018066847,0.7834056922334779
0.3902177567103569,813,154,294,368,0.7344173441734417,0.2950191570881226,0.8407445708376422,0.7344173441734417,0.7839922854387658
0.3901846275669068,814,154,293,368,0.7353206865401988,0.2950191570881226,0.8409090909090909,0.7353206865401988,0.7845783132530121
0.39006423127150736,814,155,293,367,0.7353206865401988,0.29693486590038315,0.8400412796697626,0.7353206865401988,0.7842003853564546
0.3898795648772145,814,156,293,366,0.7353206865401988,0.2988505747126437,0.8391752577319588,0.7353206865401988,0.7838228213769861
0.3893509215621919,816,156,291,366,0.7371273712737128,0.2988505747126437,0.8395061728395061,0.7371273712737128,0.784992784992785
0.38906125749724807,816,157,291,365,0.7371273712737128,0.3007662835249042,0.8386433710174718,0.7371273712737128,0.7846153846153847
0.38901957847825896,818,157,289,365,0.7389340560072267,0.3007662835249042,0.838974358974359,0.7389340560072267,0.7857829010566763
0.38878882656598707,818,158,289,364,0.7389340560072267,0.30268199233716475,0.8381147540983607,0.7389340560072267,0.785405664906385
0.3884696145562463,819,158,288,364,0.7398373983739838,0.30268199233716475,0.8382804503582395,0.7398373983739838,0.7859884836852207
0.3883146744439437,819,159,288,363,0.7398373983739838,0.3045977011494253,0.8374233128834356,0.7398373983739838,0.7856115107913669
0.3881038791401233,820,159,287,363,0.7407407407407407,0.3045977011494253,0.8375893769152196,0.7407407407407407,0.7861936720997124
0.38809605799289104,820,160,287,362,0.7407407407407407,0.3065134099616858,0.8367346938775511,0.7407407407407407,0.7858169621466219
0.388007142858401,820,161,287,361,0.7407407407407407,0.30842911877394635,0.835881753312946,0.7407407407407407,0.7854406130268199
0.3879974756662356,821,161,286,361,0.7416440831074977,0.30842911877394635,0.8360488798370672,0.7416440831074977,0.7860220201053136
0.3875739673276641,822,161,285,361,0.7425474254742548,0.30842911877394635,0.8362156663275687,0.7425474254742548,0.7866028708133972
0.3873993065608869,822,162,285,360,0.7425474254742548,0.3103448275862069,0.8353658536585366,0.7425474254742548,0.7862266857962698
0.3872796177299756,823,162,284,360,0.7434507678410117,0.3103448275862069,0.8355329949238579,0.7434507678410117,0.7868068833652008
0.3871987551861467,823,163,284,359,0.7434507678410117,0.31226053639846746,0.834685598377282,0.7434507678410117,0.7864309603440038
0.3871601024927807,825,163,282,359,0.7452574525745257,0.31226053639846746,0.8350202429149798,0.7452574525745257,0.7875894988066826
0.38692661442914295,825,164,282,358,0.7452574525745257,0.31417624521072796,0.8341759352881699,0.7452574525745257,0.7872137404580153
0.38690643659486185,825,165,282,357,0.7452574525745257,0.3160919540229885,0.8333333333333334,0.7452574525745257,0.7868383404864092
0.3867269967071079,825,166,282,356,0.7452574525745257,0.31800766283524906,0.8324924318869829,0.7452574525745257,0.786463298379409
0.386587140359314,826,166,281,356,0.7461607949412827,0.31800766283524906,0.8326612903225806,0.7461607949412827,0.7870414483087185
0.3865805798659306,827,166,280,356,0.7470641373080398,0.31800766283524906,0.8328298086606244,0.7470641373080398,0.7876190476190477
0.385262630491976,828,166,279,356,0.7479674796747967,0.31800766283524906,0.8329979879275654,0.7479674796747967,0.7881960970966206
0.3850376766322998,829,166,278,356,0.7488708220415538,0.31800766283524906,0.8331658291457287,0.7488708220415538,0.7887725975261657
0.3845670647950753,830,166,277,356,0.7497741644083108,0.31800766283524906,0.8333333333333334,0.7497741644083108,0.7893485496909177
0.38444915136577007,831,166,276,356,0.7506775067750677,0.31800766283524906,0.8335005015045135,0.7506775067750677,0.7899239543726235
0.3842591529013344,833,166,274,356,0.7524841915085817,0.31800766283524906,0.8338338338338338,0.7524841915085817,0.7910731244064576
0.38375341811173314,834,166,273,356,0.7533875338753387,0.31800766283524906,0.834,0.7533875338753387,0.7916468913146654
0.3835738517620513,835,166,272,356,0.7542908762420958,0.31800766283524906,0.8341658341658341,0.7542908762420958,0.7922201138519924
0.38354462007909357,835,167,272,355,0.7542908762420958,0.31992337164750956,0.8333333333333334,0.7542908762420958,0.7918444760550024
0.38346416185713084,836,167,271,355,0.7551942186088527,0.31992337164750956,0.8334995014955134,0.7551942186088527,0.7924170616113745
0.38304005554274,837,167,270,355,0.7560975609756098,0.31992337164750956,0.8336653386454184,0.7560975609756098,0.7929891046897205
0.38286163180740096,838,167,269,355,0.7570009033423668,0.31992337164750956,0.8338308457711443,0.7570009033423668,0.7935606060606061
0.38258913187996785,838,168,269,354,0.7570009033423668,0.3218390804597701,0.8330019880715706,0.7570009033423668,0.7931850449597728
0.3825633200791342,838,169,269,353,0.7570009033423668,0.32375478927203066,0.8321747765640516,0.7570009033423668,0.7928098391674552
0.38237574037806804,839,169,268,353,0.7579042457091237,0.32375478927203066,0.8323412698412699,0.7579042457091237,0.7933806146572103
0.3823721517029049,839,170,268,352,0.7579042457091237,0.32567049808429116,0.8315163528245788,0.7579042457091237,0.7930056710775047
0.38230276891500925,840,170,267,352,0.7588075880758808,0.32567049808429116,0.8316831683168316,0.7588075880758808,0.7935758148323099
0.3822943205823293,840,171,267,351,0.7588075880758808,0.3275862068965517,0.8308605341246291,0.7588075880758808,0.793201133144476
0.3822404689101299,840,172,267,350,0.7588075880758808,0.32950191570881227,0.8300395256916996,0.7588075880758808,0.7928268050967439
0.3817749186096667,840,173,267,349,0.7588075880758808,0.3314176245210728,0.8292201382033564,0.7588075880758808,0.7924528301886794
0.3817451560015487,841,173,266,349,0.7597109304426377,0.3314176245210728,0.8293885601577909,0.7597109304426377,0.7930221593587928
0.3817157296576198,841,174,266,348,0.7597109304426377,0.3333333333333333,0.8285714285714286,0.7597109304426377,0.7926484448633364
0.3814474670696209,841,175,266,347,0.7597109304426377,0.33524904214559387,0.827755905511811,0.7597109304426377,0.7922750824305227
0.381433375023936,841,176,266,346,0.7597109304426377,0.3371647509578544,0.8269419862340216,0.7597109304426377,0.7919020715630884
0.3813933812367924,841,177,266,345,0.7597109304426377,0.3390804597701149,0.8261296660117878,0.7597109304426377,0.7915294117647058
0.3813056771990413,842,177,265,345,0.7606142728093948,0.3390804597701149,0.8263002944062807,0.7606142728093948,0.7920978363123237
0.38128224810604877,843,177,264,345,0.7615176151761518,0.3390804597701149,0.8264705882352941,0.7615176151761518,0.7926657263751763
0.3812525702648836,844,177,263,345,0.7624209575429087,0.3390804597701149,0.8266405484818805,0.7624209575429087,0.793233082706767
0.3811883692988348,845,177,262,345,0.7633242999096658,0.3390804597701149,0.8268101761252447,0.7633242999096658,0.7937999060591826
0.3809341333655616,846,177,261,345,0.7642276422764228,0.3390804597701149,0.8269794721407625,0.7642276422764228,0.7943661971830986
0.3808896001255442,847,177,260,345,0.7651309846431797,0.3390804597701149,0.8271484375,0.7651309846431797,0.7949319568277803
0.38068961106908794,847,178,260,344,0.7651309846431797,0.34099616858237547,0.8263414634146341,0.7651309846431797,0.7945590994371482
0.38065232379837044,847,179,260,343,0.7651309846431797,0.342911877394636,0.8255360623781677,0.7651309846431797,0.794186591654946
0.3806095729251081,847,180,260,342,0.7651309846431797,0.3448275862068966,0.824732229795521,0.7651309846431797,0.7938144329896908
0.3802827070707481,848,180,259,342,0.7660343270099368,0.3448275862068966,0.8249027237354085,0.7660343270099368,0.7943793911007025
0.3801877173986404,848,181,259,341,0.7660343270099368,0.34674329501915707,0.8241010689990281,0.7660343270099368,0.7940074906367042
0.3799558483979973,849,181,258,341,0.7669376693766937,0.34674329501915707,0.8242718446601942,0.7669376693766937,0.7945718296677585
0.3797216704527384,849,182,258,340,0.7669376693766937,0.3486590038314176,0.8234723569350145,0.7669376693766937,0.7942001870907389
0.3796088815345557,849,183,258,339,0.7669376693766937,0.3505747126436782,0.8226744186046512,0.7669376693766937,0.79382889200561
0.37840044547527013,849,184,258,338,0.7669376693766937,0.3524904214559387,0.8218780251694094,0.7669376693766937,0.7934579439252336
0.37835658982868503,850,184,257,338,0.7678410117434508,0.3524904214559387,0.8220502901353965,0.7678410117434508,0.7940214852872489
0.3772337714897868,851,184,256,338,0.7687443541102078,0.3524904214559387,0.8222222222222222,0.7687443541102078,0.7945845004668534
0.3761198456432708,853,184,254,338,0.7705510388437218,0.3524904214559387,0.8225650916104147,0.7705510388437218,0.7957089552238805
0.3760943758444117,854,184,253,338,0.7714543812104788,0.3524904214559387,0.8227360308285164,0.7714543812104788,0.7962703962703964
0.3758292248075022,855,184,252,338,0.7723577235772358,0.3524904214559387,0.8229066410009624,0.7723577235772358,0.7968313140726935
0.37549373559842136,856,184,251,338,0.7732610659439928,0.3524904214559387,0.823076923076923,0.7732610659439928,0.7973917093619002
0.3754550466718161,857,184,250,338,0.7741644083107497,0.3524904214559387,0.8232468780019212,0.7741644083107497,0.7979515828677839
0.3752329050313313,858,184,249,338,0.7750677506775068,0.3524904214559387,0.8234165067178503,0.7750677506775068,0.798510935318753
0.37498221354356476,858,185,249,337,0.7750677506775068,0.3544061302681992,0.822627037392138,0.7750677506775068,0.7981395348837208
0.37496961537567786,858,186,249,336,0.7750677506775068,0.3563218390804598,0.8218390804597702,0.7750677506775068,0.797768479776848
0.3748833973087291,859,186,248,336,0.7759710930442638,0.3563218390804598,0.8220095693779904,0.7759710930442638,0.7983271375464684
0.37480383269920164,859,187,248,335,0.7759710930442638,0.35823754789272033,0.8212237093690249,0.7759710930442638,0.7979563399907107
0.37461130511598695,860,187,247,335,0.7768744354110207,0.35823754789272033,0.8213944603629417,0.7768744354110207,0.798514391829155
0.3745077110211228,860,188,247,334,0.7768744354110207,0.36015325670498083,0.8206106870229007,0.7768744354110207,0.7981438515081206
0.37442855439245093,861,188,246,334,0.7777777777777778,0.36015325670498083,0.8207816968541468,0.7777777777777778,0.7987012987012987
0.3743843536762546,861,189,246,333,0.7777777777777778,0.3620689655172414,0.82,0.7777777777777778,0.7983310152990264
0.37438148535352195,863,189,244,333,0.7795844625112918,0.3620689655172414,0.8203422053231939,0.7795844625112918,0.7994441871236684
0.3742494837966763,863,190,244,332,0.7795844625112918,0.36398467432950193,0.8195631528964862,0.7795844625112918,0.799074074074074
0.37394077058723296,863,191,244,331,0.7795844625112918,0.36590038314176243,0.818785578747628,0.7795844625112918,0.7987043035631651
0.37338805234732436,864,191,243,331,0.7804878048780488,0.36590038314176243,0.818957345971564,0.7804878048780488,0.7992599444958373
0.3733130568676289,864,192,243,330,0.7804878048780488,0.367816091954023,0.8181818181818182,0.7804878048780488,0.7988904299583912
0.3732759652529346,865,192,242,330,0.7813911472448057,0.367816091954023,0.8183538315988647,0.7813911472448057,0.799445471349353
0.37327501005902736,865,193,242,329,0.7813911472448057,0.36973180076628354,0.8175803402646503,0.7813911472448057,0.7990762124711317
0.37316451569614656,865,194,242,328,0.7813911472448057,0.3716475095785441,0.8168083097261567,0.7813911472448057,0.7987072945521697
0.37275437137495837,865,195,242,327,0.7813911472448057,0.3735632183908046,0.8160377358490566,0.7813911472448057,0.798338717120443
0.37273355418818055,865,196,242,326,0.7813911472448057,0.37547892720306514,0.8152686145146089,0.7813911472448057,0.7979704797047971
0.37262252118378436,865,197,242,325,0.7813911472448057,0.3773946360153257,0.8145009416195856,0.7813911472448057,0.7976025818349469
0.3717562113175976,866,197,241,325,0.7822944896115628,0.3773946360153257,0.8146754468485419,0.7822944896115628,0.7981566820276499
0.3713735985916841,867,197,240,325,0.7831978319783198,0.3773946360153257,0.8148496240601504,0.7831978319783198,0.798710271764164
0.37067435762953876,868,197,239,325,0.7841011743450768,0.3773946360153257,0.8150234741784037,0.7841011743450768,0.7992633517495396
0.3706683232254264,869,197,238,325,0.7850045167118338,0.3773946360153257,0.8151969981238274,0.7850045167118338,0.7998159226875288
0.37063543611969646,870,197,237,325,0.7859078590785907,0.3773946360153257,0.8153701968134958,0.7859078590785907,0.8003679852805887
0.3704395710757301,870,198,237,324,0.7859078590785907,0.3793103448275862,0.8146067415730337,0.7859078590785907,0.7999999999999999
0.3702873964588179,871,198,236,324,0.7868112014453478,0.3793103448275862,0.8147801683816651,0.7868112014453478,0.8005514705882352
0.37013742260458904,871,199,236,323,0.7868112014453478,0.38122605363984674,0.814018691588785,0.7868112014453478,0.8001837390904915
0.3701118010399733,872,199,235,323,0.7877145438121048,0.38122605363984674,0.8141923436041083,0.7877145438121048,0.8007346189164372
0.369194646837247,873,199,234,323,0.7886178861788617,0.38122605363984674,0.8143656716417911,0.7886178861788617,0.8012849931161082
0.36849116012858485,874,199,233,323,0.7895212285456188,0.38122605363984674,0.8145386766076421,0.7895212285456188,0.8018348623853211
0.36827336367594576,876,199,231,323,0.7913279132791328,0.38122605363984674,0.8148837209302325,0.7913279132791328,0.8029330889092575
0.368220392390926,877,199,230,323,0.7922312556458898,0.38122605363984674,0.8150557620817844,0.7922312556458898,0.8034814475492441
0.36820910802614715,877,200,230,322,0.7922312556458898,0.3831417624521073,0.8142989786443825,0.7922312556458898,0.8031135531135531
0.36808432406265124,878,200,229,322,0.7931345980126467,0.3831417624521073,0.8144712430426716,0.7931345980126467,0.8036613272311213
0.3678199541210877,879,200,228,322,0.7940379403794038,0.3831417624521073,0.8146431881371641,0.7940379403794038,0.8042086001829827
0.3676741602517266,879,201,228,321,0.7940379403794038,0.3850574712643678,0.8138888888888889,0.7940379403794038,0.803840877914952
0.36725974467624967,880,201,227,321,0.7949412827461608,0.3850574712643678,0.8140610545790934,0.7949412827461608,0.8043875685557588
0.367125780890424,880,202,227,320,0.7949412827461608,0.38697318007662834,0.8133086876155268,0.7949412827461608,0.8040201005025125
0.3664306456844327,881,202,226,320,0.7958446251129178,0.38697318007662834,0.8134810710987996,0.7958446251129178,0.8045662100456622
0.36630663650317036,882,202,225,320,0.7967479674796748,0.38697318007662834,0.8136531365313653,0.7967479674796748,0.8051118210862619
0.36625181745099894,883,202,224,320,0.7976513098464318,0.38697318007662834,0.8138248847926267,0.7976513098464318,0.8056569343065694
0.3662061323053381,883,203,224,319,0.7976513098464318,0.3888888888888889,0.8130755064456722,0.7976513098464318,0.8052895576835385
0.3656426838435396,883,204,224,318,0.7976513098464318,0.39080459770114945,0.812327506899724,0.7976513098464318,0.804922515952598
0.36543998752071943,884,204,223,318,0.7985546522131888,0.39080459770114945,0.8125,0.7985546522131888,0.8054669703872437
0.36534676608416705,884,205,223,317,0.7985546522131888,0.39272030651340994,0.8117539026629935,0.7985546522131888,0.8051001821493624
0.36522111727823725,886,205,221,317,0.8003613369467028,0.39272030651340994,0.8120989917506874,0.8003613369467028,0.8061874431301183
0.3652175820026962,886,206,221,316,0.8003613369467028,0.3946360153256705,0.8113553113553114,0.8003613369467028,0.8058208276489311
0.36502095333949514,886,207,221,315,0.8003613369467028,0.39655172413793105,0.8106129917657823,0.8003613369467028,0.8054545454545455
0.3650100053273901,886,208,221,314,0.8003613369467028,0.39846743295019155,0.8098720292504571,0.8003613369467028,0.8050885960926851
0.364944356171719,886,209,221,313,0.8003613369467028,0.4003831417624521,0.8091324200913242,0.8003613369467028,0.8047229791099001
0.36486772115212307,886,210,221,312,0.8003613369467028,0.40229885057471265,0.8083941605839416,0.8003613369467028,0.8043576940535633
0.36476323071782457,887,210,220,312,0.8012646793134598,0.40229885057471265,0.8085688240656336,0.8012646793134598,0.8049001814882033
0.3646445842340815,888,210,219,312,0.8021680216802168,0.40229885057471265,0.8087431693989071,0.8021680216802168,0.8054421768707484
0.3640217512905896,890,210,217,312,0.8039747064137308,0.40229885057471265,0.8090909090909091,0.8039747064137308,0.8065246941549615
0.36363610722797324,891,210,216,312,0.8048780487804879,0.40229885057471265,0.8092643051771117,0.8048780487804879,0.8070652173913043
0.3634864562476062,892,210,215,312,0.8057813911472448,0.40229885057471265,0.809437386569873,0.8057813911472448,0.8076052512449072
0.36329629509638917,893,210,214,312,0.8066847335140018,0.40229885057471265,0.8096101541251133,0.8066847335140018,0.8081447963800905
0.3632088296229117,894,210,213,312,0.8075880758807588,0.40229885057471265,0.8097826086956522,0.8075880758807588,0.808683853459973
0.3629534057525211,895,210,212,312,0.8084914182475158,0.40229885057471265,0.8099547511312217,0.8084914182475158,0.8092224231464737
0.362912763218043,895,211,212,311,0.8084914182475158,0.4042145593869732,0.8092224231464737,0.8084914182475158,0.8088567555354722
0.3627568303824278,895,212,212,310,0.8084914182475158,0.4061302681992337,0.8084914182475158,0.8084914182475158,0.8084914182475158
0.3626031358173735,895,213,212,309,0.8084914182475158,0.40804597701149425,0.8077617328519856,0.8084914182475158,0.8081264108352145
0.3614848155303014,895,214,212,308,0.8084914182475158,0.4099616858237548,0.8070333633904418,0.8084914182475158,0.8077617328519855
0.3611393747135212,896,214,211,308,0.8093947606142728,0.4099616858237548,0.8072072072072072,0.8093947606142728,0.80829950383401
0.3611093487329063,896,215,211,307,0.8093947606142728,0.4118773946360153,0.8064806480648065,0.8093947606142728,0.8079350766456267
0.3607432377551869,896,216,211,306,0.8093947606142728,0.41379310344827586,0.8057553956834532,0.8093947606142728,0.8075709779179809
0.36073890315088675,896,217,211,305,0.8093947606142728,0.4157088122605364,0.8050314465408805,0.8093947606142728,0.8072072072072073
0.36061154859756456,897,217,210,305,0.8102981029810298,0.4157088122605364,0.8052064631956912,0.8102981029810298,0.8077442593426384
0.3605508835987131,898,217,209,305,0.8112014453477868,0.4157088122605364,0.8053811659192825,0.8112014453477868,0.8082808280828083
0.3604463807393057,899,217,208,305,0.8121047877145439,0.4157088122605364,0.8055555555555556,0.8121047877145439,0.8088169140800721
0.3601269312441538,900,217,207,305,0.8130081300813008,0.4157088122605364,0.8057296329453895,0.8130081300813008,0.8093525179856116
0.3600725034598436,902,217,205,305,0.8148148148148148,0.4157088122605364,0.8060768543342269,0.8148148148148148,0.8104222821203951
0.3599937628162149,905,217,202,305,0.8175248419150858,0.4157088122605364,0.8065953654188949,0.8175248419150858,0.8120233288470167
0.35987592389626194,905,218,202,304,0.8175248419150858,0.41762452107279696,0.8058771148708815,0.8175248419150858,0.8116591928251121
0.3597132555865293,905,219,202,303,0.8175248419150858,0.41954022988505746,0.8051601423487544,0.8175248419150858,0.8112953832362169
0.3589927148184868,905,220,202,302,0.8175248419150858,0.421455938697318,0.8044444444444444,0.8175248419150858,0.810931899641577
0.3587851625685411,906,220,201,302,0.8184281842818428,0.421455938697318,0.8046181172291297,0.8184281842818428,0.8114643976712941
0.35876505450344315,906,221,201,301,0.8184281842818428,0.42337164750957856,0.8039041703637977,0.8184281842818428,0.811101163831692
0.35875285861642003,906,222,201,300,0.8184281842818428,0.42528735632183906,0.8031914893617021,0.8184281842818428,0.810738255033557
0.3587293654260334,906,223,201,299,0.8184281842818428,0.4272030651340996,0.8024800708591674,0.8184281842818428,0.8103756708407872
0.358710692074146,906,224,201,298,0.8184281842818428,0.42911877394636017,0.8017699115044248,0.8184281842818428,0.8100134108180599
0.3586305526335659,906,225,201,297,0.8184281842818428,0.43103448275862066,0.8010610079575596,0.8184281842818428,0.8096514745308312
0.3581364874729259,907,225,200,297,0.8193315266485999,0.43103448275862066,0.8012367491166078,0.8193315266485999,0.8101831174631533
0.35795252557412166,908,225,199,297,0.8202348690153568,0.43103448275862066,0.8014121800529568,0.8202348690153568,0.8107142857142856
0.3576574337232779,908,226,199,296,0.8202348690153568,0.4329501915708812,0.800705467372134,0.8202348690153568,0.8103525211958946
0.3575010113273599,908,227,199,295,0.8202348690153568,0.43486590038314177,0.8,0.8202348690153568,0.8099910793933988
0.3569420512892109,908,228,199,294,0.8202348690153568,0.4367816091954023,0.7992957746478874,0.8202348690153568,0.8096299598751672
0.3567715849611782,908,229,199,293,0.8202348690153568,0.4386973180076628,0.7985927880386984,0.8202348690153568,0.8092691622103387
0.35675270259511266,909,229,198,293,0.8211382113821138,0.4386973180076628,0.7987697715289982,0.8211382113821138,0.8097995545657015
0.3565837950085247,909,230,198,292,0.8211382113821138,0.44061302681992337,0.7980684811237928,0.8211382113821138,0.8094390026714159
0.35649126699859107,914,230,193,292,0.8256549232158988,0.44061302681992337,0.798951048951049,0.8256549232158988,0.8120835184362506
0.35630682984651135,914,231,193,291,0.8256549232158988,0.4425287356321839,0.7982532751091703,0.8256549232158988,0.8117229129662523
0.35623714832927694,914,232,193,290,0.8256549232158988,0.4444444444444444,0.7975567190226877,0.8256549232158988,0.8113626276076342
0.3561668525194065,915,232,192,290,0.8265582655826558,0.4444444444444444,0.7977332170880558,0.8265582655826558,0.8118899733806566
0.35604857954300845,917,232,190,290,0.8283649503161699,0.4444444444444444,0.7980852915578764,0.8283649503161699,0.8129432624113476
0.3560355246081976,917,233,190,289,0.8283649503161699,0.446360153256705,0.7973913043478261,0.8283649503161699,0.8125830748781568
0.3558376654949309,918,233,189,289,0.8292682926829268,0.446360153256705,0.7975673327541268,0.8292682926829268,0.8131089459698849
0.35545982027402273,919,233,188,289,0.8301716350496838,0.446360153256705,0.7977430555555556,0.8301716350496838,0.8136343514829572
0.355395383322973,919,234,188,288,0.8301716350496838,0.4482758620689655,0.7970511708586296,0.8301716350496838,0.8132743362831857
0.3553675813472397,920,234,187,288,0.8310749774164409,0.4482758620689655,0.7972270363951474,0.8310749774164409,0.8137992038920832
0.35535816165317885,921,234,186,288,0.8319783197831978,0.4482758620689655,0.7974025974025974,0.8319783197831978,0.8143236074270558
0.3552272920607867,922,234,185,288,0.8328816621499548,0.4482758620689655,0.7975778546712803,0.8328816621499548,0.8148475475033141
0.35521431227587524,923,234,184,288,0.8337850045167118,0.4482758620689655,0.797752808988764,0.8337850045167118,0.8153710247349824
0.3552012391447481,923,235,184,287,0.8337850045167118,0.4501915708812261,0.7970639032815199,0.8337850045167118,0.815011037527594
0.3550856147354057,924,235,183,287,0.8346883468834688,0.4501915708812261,0.7972389991371872,0.8346883468834688,0.8155339805825242
0.354780798200375,926,235,181,287,0.8364950316169828,0.4501915708812261,0.797588285960379,0.8364950316169828,0.81657848324515
0.3547278398804521,926,236,181,286,0.8364950316169828,0.4521072796934866,0.7969018932874354,0.8364950316169828,0.8162185985015424
0.3547104871522694,926,237,181,285,0.8364950316169828,0.4540229885057471,0.7962166809974205,0.8364950316169828,0.8158590308370044
0.35447066812622746,927,237,180,285,0.8373983739837398,0.4540229885057471,0.7963917525773195,0.8373983739837398,0.8163804491413474
0.3544633222864929,927,238,180,284,0.8373983739837398,0.4559386973180077,0.7957081545064377,0.8373983739837398,0.8160211267605633
0.35434036441521766,927,239,180,283,0.8373983739837398,0.4578544061302682,0.7950257289879932,0.8373983739837398,0.8156621205455346
0.3536952309781638,927,240,180,282,0.8373983739837398,0.45977011494252873,0.794344473007712,0.8373983739837398,0.8153034300791556
0.3532237772779209,928,240,179,282,0.8383017163504969,0.45977011494252873,0.7945205479452054,0.8383017163504969,0.8158241758241758
0.35304710842812353,928,241,179,281,0.8383017163504969,0.4616858237547893,0.7938408896492729,0.8383017163504969,0.8154657293497364
0.35279755034725,928,242,179,280,0.8383017163504969,0.46360153256704983,0.7931623931623931,0.8383017163504969,0.8151075977162934
0.3523708934761057,928,243,179,279,0.8383017163504969,0.46551724137931033,0.7924850555081128,0.8383017163504969,0.8147497805092188
0.3521986995568618,929,243,178,279,0.8392050587172538,0.46551724137931033,0.7926621160409556,0.8392050587172538,0.8152698551996489
0.3519293279011927,929,244,178,278,0.8392050587172538,0.4674329501915709,0.7919863597612958,0.8392050587172538,0.8149122807017544
0.351929114195336,929,245,178,277,0.8392050587172538,0.46934865900383144,0.7913117546848382,0.8392050587172538,0.8145550197281894
0.3517006327650953,931,245,176,277,0.8410117434507678,0.46934865900383144,0.7916666666666666,0.8410117434507678,0.8155935173017957
0.35141045363709295,932,245,175,277,0.8419150858175248,0.46934865900383144,0.7918436703483432,0.8419150858175248,0.8161120840630472
0.3510195562433844,933,245,174,277,0.8428184281842819,0.46934865900383144,0.7920203735144312,0.8428184281842819,0.8166301969365427
0.3510094953956174,934,245,173,277,0.8437217705510388,0.46934865900383144,0.7921967769296013,0.8437217705510388,0.8171478565179352
0.3509199823544329,934,246,173,276,0.8437217705510388,0.47126436781609193,0.7915254237288135,0.8437217705510388,0.8167905553126367
0.3507863205027595,934,247,173,275,0.8437217705510388,0.4731800766283525,0.7908552074513124,0.8437217705510388,0.8164335664335665
0.35059252270930574,935,247,172,275,0.8446251129177959,0.4731800766283525,0.7910321489001692,0.8446251129177959,0.8169506334643949
0.3502607362857304,936,247,171,275,0.8455284552845529,0.4731800766283525,0.7912087912087912,0.8455284552845529,0.817467248908297
0.3493665952691229,937,247,170,275,0.8464317976513098,0.4731800766283525,0.7913851351351351,0.8464317976513098,0.8179834133566128
0.34934353772939253,937,248,170,274,0.8464317976513098,0.47509578544061304,0.790717299578059,0.8464317976513098,0.8176265270506108
0.3493304295699254,938,248,169,274,0.8473351400180669,0.47509578544061304,0.790893760539629,0.8473351400180669,0.8181421718273005
0.3492976280473089,938,250,169,272,0.8473351400180669,0.4789272030651341,0.7895622895622896,0.8473351400180669,0.8174291938997821
0.34924985618697657,939,250,168,272,0.8482384823848238,0.4789272030651341,0.7897392767031118,0.8482384823848238,0.81794425087108
0.3490992944520804,939,251,168,271,0.8482384823848238,0.48084291187739464,0.7890756302521008,0.8482384823848238,0.8175881584675664
0.34872082617708744,939,252,168,270,0.8482384823848238,0.4827586206896552,0.7884130982367759,0.8482384823848238,0.8172323759791122
0.3485435161141373,941,252,166,270,0.8500451671183379,0.4827586206896552,0.7887678122380554,0.8500451671183379,0.8182608695652175
0.34843600371957517,942,252,165,270,0.8509485094850948,0.4827586206896552,0.7889447236180904,0.8509485094850948,0.8187744458930899
0.3482519487022132,942,253,165,269,0.8509485094850948,0.4846743295019157,0.7882845188284519,0.8509485094850948,0.8184187662901825
0.348022715344056,945,253,162,269,0.8536585365853658,0.4846743295019157,0.7888146911519198,0.8536585365853658,0.8199566160520607
0.3479555224438723,946,253,161,269,0.8545618789521229,0.4846743295019157,0.7889908256880734,0.8545618789521229,0.8204683434518648
0.3479141170047233,946,254,161,268,0.8545618789521229,0.48659003831417624,0.7883333333333333,0.8545618789521229,0.8201127004768098
0.34788564027904245,946,255,161,267,0.8545618789521229,0.4885057471264368,0.787676935886761,0.8545618789521229,0.8197573656845755
0.3478770039401114,947,255,160,267,0.8554652213188798,0.4885057471264368,0.7878535773710482,0.8554652213188798,0.8202685145084452
0.34760081248001207,948,255,159,267,0.8563685636856369,0.4885057471264368,0.7880299251870324,0.8563685636856369,0.8207792207792208
0.34735199954319884,949,255,158,267,0.8572719060523939,0.4885057471264368,0.7882059800664452,0.8572719060523939,0.8212894850713977
0.34730263599816324,950,255,157,267,0.8581752484191508,0.4885057471264368,0.7883817427385892,0.8581752484191508,0.8217993079584774
0.3471887883659995,950,256,157,266,0.8581752484191508,0.4904214559386973,0.7877280265339967,0.8581752484191508,0.8214440121054907
0.3470605152408776,950,257,157,265,0.8581752484191508,0.49233716475095785,0.7870753935376967,0.8581752484191508,0.8210890233362143
0.3469492899991717,950,258,157,264,0.8581752484191508,0.4942528735632184,0.7864238410596026,0.8581752484191508,0.8207343412526997
0.3469241503632814,950,259,157,263,0.8581752484191508,0.49616858237547895,0.7857733664185277,0.8581752484191508,0.8203799654576857
0.34664289428992334,950,260,157,262,0.8581752484191508,0.49808429118773945,0.7851239669421488,0.8581752484191508,0.8200258955545965
0.34637944597871106,951,260,156,262,0.8590785907859079,0.49808429118773945,0.7853014037985137,0.8590785907859079,0.82053494391717
0.3462744565544663,951,261,156,261,0.8590785907859079,0.5,0.7846534653465347,0.8590785907859079,0.8201811125485122
0.34619606839397987,952,261,155,261,0.8599819331526649,0.5,0.7848309975267931,0.8599819331526649,0.8206896551724138
0.34599386932669796,952,262,155,260,0.8599819331526649,0.5019157088122606,0.7841845140032949,0.8599819331526649,0.8203360620422232
0.3459733462439885,953,262,154,260,0.8608852755194218,0.5019157088122606,0.7843621399176954,0.8608852755194218,0.8208440999138674
0.34594350217402,953,263,154,259,0.8608852755194218,0.5038314176245211,0.7837171052631579,0.8608852755194218,0.8204907447266466
0.3459186337970785,954,263,153,259,0.8617886178861789,0.5038314176245211,0.7838948233360723,0.8617886178861789,0.8209982788296041
0.3457859504158548,955,263,152,259,0.8626919602529358,0.5038314176245211,0.784072249589491,0.8626919602529358,0.821505376344086
0.34571798979546703,955,265,152,257,0.8626919602529358,0.5076628352490421,0.7827868852459017,0.8626919602529358,0.8207993124194242
0.3456984434886715,955,267,152,255,0.8626919602529358,0.5114942528735632,0.7815057283142389,0.8626919602529358,0.8200944611421211
0.34562266827806204,955,268,152,254,0.8626919602529358,0.5134099616858238,0.7808667211774325,0.8626919602529358,0.8197424892703863
0.345550551648216,955,269,152,253,0.8626919602529358,0.5153256704980843,0.7802287581699346,0.8626919602529358,0.8193908193908194
0.3455090268402042,955,270,152,252,0.8626919602529358,0.5172413793103449,0.7795918367346939,0.8626919602529358,0.8190394511149228
0.34548393418237217,955,271,152,251,0.8626919602529358,0.5191570881226054,0.7789559543230016,0.8626919602529358,0.8186883840548649
0.3449888943114959,956,271,151,251,0.8635953026196929,0.5191570881226054,0.7791361043194784,0.8635953026196929,0.8191945158526136
0.3448836866398864,956,272,151,250,0.8635953026196929,0.5210727969348659,0.7785016286644951,0.8635953026196929,0.8188436830835117
0.3448372303463023,956,273,151,249,0.8635953026196929,0.5229885057471264,0.7778681855166802,0.8635953026196929,0.8184931506849316
0.3445505235993083,956,274,151,248,0.8635953026196929,0.524904214559387,0.7772357723577236,0.8635953026196929,0.818142918271288
0.34448024200838084,956,275,151,247,0.8635953026196929,0.5268199233716475,0.776604386677498,0.8635953026196929,0.8177929854576561
0.34415703129804537,956,276,151,246,0.8635953026196929,0.5287356321839081,0.775974025974026,0.8635953026196929,0.8174433518597691
0.34323911950296376,959,276,148,246,0.8663053297199639,0.5287356321839081,0.7765182186234818,0.8663053297199639,0.8189581554227157
0.34316859624621027,960,276,147,246,0.8672086720867209,0.5287356321839081,0.7766990291262136,0.8672086720867209,0.8194622279129321
0.342388351857179,960,277,147,245,0.8672086720867209,0.5306513409961686,0.7760711398544866,0.8672086720867209,0.8191126279863481
0.34238546520563823,960,278,147,244,0.8672086720867209,0.5325670498084292,0.7754442649434572,0.8672086720867209,0.8187633262260128
0.34236832546256507,960,279,147,243,0.8672086720867209,0.5344827586206896,0.774818401937046,0.8672086720867209,0.8184143222506394
0.3423443268971806,960,280,147,242,0.8672086720867209,0.5363984674329502,0.7741935483870968,0.8672086720867209,0.8180656156795909
0.34213103235612286,960,281,147,241,0.8672086720867209,0.5383141762452107,0.7735697018533441,0.8672086720867209,0.817717206132879
0.34211149033732985,960,282,147,240,0.8672086720867209,0.5402298850574713,0.7729468599033816,0.8672086720867209,0.8173690932311621
0.3420197221550309,961,282,146,240,0.8681120144534779,0.5402298850574713,0.7731295253419147,0.8681120144534779,0.8178723404255319
0.3418502402433298,961,283,146,239,0.8681120144534779,0.5421455938697318,0.772508038585209,0.8681120144534779,0.817524457677584
0.3417425429194763,961,284,146,238,0.8681120144534779,0.5440613026819924,0.7718875502008032,0.8681120144534779,0.8171768707482994
0.34148939067666595,962,284,145,238,0.8690153568202349,0.5440613026819924,0.7720706260032103,0.8690153568202349,0.8176795580110497
0.3414428861834845,962,285,145,237,0.8690153568202349,0.5459770114942529,0.7714514835605453,0.8690153568202349,0.8173322005097706
0.34102106361320483,963,285,144,237,0.8699186991869918,0.5459770114942529,0.7716346153846154,0.8699186991869918,0.8178343949044585
0.34055511989344545,963,286,144,236,0.8699186991869918,0.5478927203065134,0.7710168134507606,0.8699186991869918,0.8174872665534804
0.3405174491737701,963,287,144,235,0.8699186991869918,0.5498084291187739,0.7704,0.8699186991869918,0.8171404327535002
0.34018457866779506,964,287,143,235,0.8708220415537489,0.5498084291187739,0.7705835331734612,0.8708220415537489,0.8176420695504665
0.3398286215311109,965,287,142,235,0.8717253839205059,0.5498084291187739,0.7707667731629393,0.8717253839205059,0.818143281051293
0.3394949494466528,966,287,141,235,0.8726287262872628,0.5498084291187739,0.770949720670391,0.8726287262872628,0.8186440677966103
0.3393989319232979,967,287,140,235,0.8735320686540199,0.5498084291187739,0.7711323763955343,0.8735320686540199,0.819144430326133
0.3393841370651018,967,288,140,234,0.8735320686540199,0.5517241379310345,0.7705179282868526,0.8735320686540199,0.8187976291278578
0.3393343078292658,968,288,139,234,0.8744354110207768,0.5517241379310345,0.7707006369426752,0.8744354110207768,0.8192975031739314
0.33926396240546386,969,288,138,234,0.8753387533875339,0.5517241379310345,0.7708830548926014,0.8753387533875339,0.8197969543147208
0.33924031581797287,970,288,137,234,0.8762420957542909,0.5517241379310345,0.7710651828298887,0.8762420957542909,0.8202959830866808
0.3391755174954346,970,289,137,233,0.8762420957542909,0.553639846743295,0.7704527402700556,0.8762420957542909,0.8199492814877432
0.33869844542455657,970,290,137,232,0.8762420957542909,0.5555555555555556,0.7698412698412699,0.8762420957542909,0.8196028728348119
0.33846533670382256,970,291,137,231,0.8762420957542909,0.5574712643678161,0.7692307692307693,0.8762420957542909,0.8192567567567567
0.3382425569044742,970,292,137,230,0.8762420957542909,0.5593869731800766,0.768621236133122,0.8762420957542909,0.818910932883073
0.3379952092388948,970,293,137,229,0.8762420957542909,0.5613026819923371,0.768012668250198,0.8762420957542909,0.818565400843882
0.33777737552940207,971,293,136,229,0.8771454381210478,0.5613026819923371,0.7681962025316456,0.8771454381210478,0.819063686208351
0.3375801197044081,972,293,135,229,0.8780487804878049,0.5613026819923371,0.7683794466403162,0.8780487804878049,0.8195615514333896
0.33747827233217687,974,293,133,229,0.8798554652213189,0.5613026819923371,0.7687450670876085,0.8798554652213189,0.8205560235888795
0.3371465413218154,974,294,133,228,0.8798554652213189,0.5632183908045977,0.7681388012618297,0.8798554652213189,0.8202105263157894
0.33658604180273255,974,295,133,227,0.8798554652213189,0.5651340996168582,0.7675334909377463,0.8798554652213189,0.8198653198653199
0.33630214611854237,975,295,132,227,0.8807588075880759,0.5651340996168582,0.7677165354330708,0.8807588075880759,0.8203618005889777
0.33591156583849596,976,295,131,227,0.8816621499548328,0.5651340996168582,0.7678992918961448,0.8816621499548328,0.8208578637510514
0.3357090037705542,976,296,131,226,0.8816621499548328,0.5670498084291188,0.7672955974842768,0.8816621499548328,0.8205128205128205
0.33559503244041994,978,296,129,226,0.8834688346883469,0.5670498084291188,0.7676609105180534,0.8834688346883469,0.8215035699286015
0.335519142392942,979,296,128,226,0.8843721770551038,0.5670498084291188,0.7678431372549019,0.8843721770551038,0.8219983207388748
0.33543220306673016,980,296,127,226,0.8852755194218609,0.5670498084291188,0.768025078369906,0.8852755194218609,0.8224926563155686
0.33540784374296995,980,297,127,225,0.8852755194218609,0.5689655172413793,0.7674236491777604,0.8852755194218609,0.8221476510067114
0.3351328884801753,981,297,126,225,0.8861788617886179,0.5689655172413793,0.7676056338028169,0.8861788617886179,0.8226415094339623
0.3350707709099552,982,297,125,225,0.8870822041553749,0.5689655172413793,0.7677873338545739,0.8870822041553749,0.8231349538977367
0.33501821600734444,982,298,125,224,0.8870822041553749,0.5708812260536399,0.7671875,0.8870822041553749,0.8227901131126937
0.3348917684522747,983,298,124,224,0.8879855465221319,0.5708812260536399,0.7673692427790788,0.8879855465221319,0.823283082077052
0.33403681967109533,983,299,124,223,0.8879855465221319,0.5727969348659003,0.766770670826833,0.8879855465221319,0.8229384679782337
0.3325867769405287,983,300,124,222,0.8879855465221319,0.5747126436781609,0.7661730319563523,0.8879855465221319,0.8225941422594142
0.33228972785001765,984,300,123,222,0.8888888888888888,0.5747126436781609,0.7663551401869159,0.8888888888888888,0.823086574654956
0.33225508740052173,984,301,123,221,0.8888888888888888,0.5766283524904214,0.7657587548638133,0.8888888888888888,0.8227424749163881
0.3317825495486802,985,301,122,221,0.8897922312556459,0.5766283524904214,0.7659409020217729,0.8897922312556459,0.8232344337651483
0.3317655670645555,986,301,121,221,0.8906955736224029,0.5766283524904214,0.7661227661227661,0.8906955736224029,0.8237259816207184
0.3315762080291084,986,302,121,220,0.8906955736224029,0.578544061302682,0.765527950310559,0.8906955736224029,0.8233820459290188
0.33156016039611286,986,303,121,219,0.8906955736224029,0.5804597701149425,0.764934057408844,0.8906955736224029,0.8230383973288814
0.3313547136832846,986,304,121,218,0.8906955736224029,0.5823754789272031,0.7643410852713178,0.8906955736224029,0.8226950354609929
0.3309691534423878,987,304,120,218,0.8915989159891599,0.5823754789272031,0.7645236250968241,0.8915989159891599,0.823185988323603
0.3307618441587354,987,305,120,217,0.8915989159891599,0.5842911877394636,0.7639318885448917,0.8915989159891599,0.8228428511879949
0.33057186726134025,987,306,120,216,0.8915989159891599,0.5862068965517241,0.7633410672853829,0.8915989159891599,0.8224999999999999
0.33034668491467617,989,306,118,216,0.8934056007226739,0.5862068965517241,0.7637065637065638,0.8934056007226739,0.8234804329725229
0.33026774375420265,990,306,117,216,0.8943089430894309,0.5862068965517241,0.7638888888888888,0.8943089430894309,0.8239700374531834
0.33024496993196173,990,307,117,215,0.8943089430894309,0.5881226053639846,0.7632999228989977,0.8943089430894309,0.8236272878535773
0.33016607931748837,991,307,116,215,0.8952122854561879,0.5881226053639846,0.763482280431433,0.8952122854561879,0.824116424116424
0.32990769209884363,991,308,116,214,0.8952122854561879,0.5900383141762452,0.7628945342571208,0.8952122854561879,0.8237738985868661
0.3298913607485505,991,309,116,213,0.8952122854561879,0.5919540229885057,0.7623076923076924,0.8952122854561879,0.8234316576651434
0.32981692960122705,992,309,115,213,0.8961156278229448,0.5919540229885057,0.7624903920061491,0.8961156278229448,0.8239202657807309
0.3297363311542722,992,310,115,212,0.8961156278229448,0.5938697318007663,0.7619047619047619,0.8961156278229448,0.8235782482357825
0.32942623758176703,993,310,114,212,0.8970189701897019,0.5938697318007663,0.7620874904067536,0.8970189701897019,0.8240663900414937
0.32940928441352535,993,311,114,211,0.8970189701897019,0.5957854406130269,0.7615030674846626,0.8970189701897019,0.8237245956034839
0.3291394906714242,994,311,113,211,0.8979223125564589,0.5957854406130269,0.7616858237547893,0.8979223125564589,0.824212271973466
0.3290849107571344,994,312,113,210,0.8979223125564589,0.5977011494252874,0.7611026033690659,0.8979223125564589,0.8238707003729797
0.3289612636134614,994,313,113,209,0.8979223125564589,0.5996168582375478,0.7605202754399388,0.8979223125564589,0.8235294117647058
0.3280672260350376,994,314,113,208,0.8979223125564589,0.6015325670498084,0.7599388379204893,0.8979223125564589,0.8231884057971015
0.3276387261040972,995,314,112,208,0.8988256549232159,0.6015325670498084,0.760122230710466,0.8988256549232159,0.8236754966887417
0.3275789726968157,995,315,112,207,0.8988256549232159,0.603448275862069,0.7595419847328244,0.8988256549232159,0.8233347124534547
0.3268482402996745,996,315,111,207,0.8997289972899729,0.603448275862069,0.7597254004576659,0.8997289972899729,0.8238213399503722
0.3265143391493547,996,316,111,206,0.8997289972899729,0.6053639846743295,0.7591463414634146,0.8997289972899729,0.8234807771806532
0.32641292045688836,996,317,111,205,0.8997289972899729,0.60727969348659,0.7585681645087585,0.8997289972899729,0.8231404958677685
0.32621211544564005,997,317,110,205,0.90063233965673,0.60727969348659,0.758751902587519,0.90063233965673,0.8236266005782734
0.32601578864248776,998,317,109,205,0.9015356820234869,0.60727969348659,0.75893536121673,0.9015356820234869,0.82411230388109
0.3254417848015335,999,317,108,205,0.9024390243902439,0.60727969348659,0.7591185410334347,0.9024390243902439,0.824597606273215
0.32543951519017067,1000,317,107,205,0.9033423667570009,0.60727969348659,0.7593014426727411,0.9033423667570009,0.8250825082508251
0.3251838131666697,1000,318,107,204,0.9033423667570009,0.6091954022988506,0.7587253414264037,0.9033423667570009,0.8247422680412372
0.3251690228966655,1000,319,107,203,0.9033423667570009,0.6111111111111112,0.7581501137225171,0.9033423667570009,0.8244023083264632
0.3248315155387399,1000,320,107,202,0.9033423667570009,0.6130268199233716,0.7575757575757576,0.9033423667570009,0.8240626287597856
0.3247263874282502,1001,320,106,202,0.9042457091237579,0.6130268199233716,0.7577592732778198,0.9042457091237579,0.8245469522240527
0.32464032984491503,1001,321,106,201,0.9042457091237579,0.6149425287356322,0.7571860816944024,0.9042457091237579,0.8242074927953891
0.32457951484938774,1001,322,106,200,0.9042457091237579,0.6168582375478927,0.7566137566137566,0.9042457091237579,0.8238683127572015
0.3243764606616056,1003,322,104,200,0.9060523938572719,0.6168582375478927,0.7569811320754717,0.9060523938572719,0.8248355263157894
0.32411385961177697,1003,323,104,199,0.9060523938572719,0.6187739463601533,0.7564102564102564,0.9060523938572719,0.8244965063707357
0.324001766168314,1006,323,101,199,0.9087624209575429,0.6187739463601533,0.7569601203912716,0.9087624209575429,0.8259441707717571
0.3239329632660919,1006,324,101,198,0.9087624209575429,0.6206896551724138,0.7563909774436091,0.9087624209575429,0.8256052523594584
0.32384041307318395,1007,324,100,198,0.9096657633242999,0.6206896551724138,0.7565740045078888,0.9096657633242999,0.8260869565217391
0.3237287999255222,1008,324,99,198,0.9105691056910569,0.6206896551724138,0.7567567567567568,0.9105691056910569,0.8265682656826568
0.32346098401234924,1008,325,99,197,0.9105691056910569,0.6226053639846744,0.7561890472618155,0.9105691056910569,0.8262295081967214
0.32289164890539845,1009,325,98,197,0.9114724480578139,0.6226053639846744,0.7563718140929535,0.9114724480578139,0.8267103646046702
0.32271108631151896,1013,325,94,197,0.9150858175248419,0.6226053639846744,0.7571001494768311,0.9150858175248419,0.8286298568507158
0.3220145954463836,1013,326,94,196,0.9150858175248419,0.6245210727969349,0.7565347274085138,0.9150858175248419,0.8282910874897792
0.3219956941470331,1013,327,94,195,0.9150858175248419,0.6264367816091954,0.7559701492537313,0.9150858175248419,0.8279525950143032
0.32185853441110984,1014,327,93,195,0.9159891598915989,0.6264367816091954,0.756152125279642,0.9159891598915989,0.8284313725490197
0.32173477043019194,1015,327,92,195,0.916892502258356,0.6264367816091954,0.7563338301043219,0.916892502258356,0.8289097590853408
0.3216942491687453,1015,328,92,194,0.916892502258356,0.6283524904214559,0.7557706626954579,0.916892502258356,0.8285714285714286
0.3215720385249032,1015,329,92,193,0.916892502258356,0.6302681992337165,0.7552083333333334,0.916892502258356,0.828233374133007
0.32133738930410904,1015,330,92,192,0.916892502258356,0.632183908045977,0.7546468401486989,0.916892502258356,0.8278955954323002
0.32133341026334294,1016,330,91,192,0.9177958446251129,0.632183908045977,0.7548291233283804,0.9177958446251129,0.8283734203016715
0.32097323397633437,1016,331,91,191,0.9177958446251129,0.6340996168582376,0.7542687453600594,0.9177958446251129,0.8280358598207008
0.3206710644982311,1017,331,90,191,0.9186991869918699,0.6340996168582376,0.7544510385756676,0.9186991869918699,0.8285132382892056
0.3206365132232801,1017,332,90,190,0.9186991869918699,0.6360153256704981,0.7538917716827279,0.9186991869918699,0.8281758957654722
0.3205593983141678,1017,333,90,189,0.9186991869918699,0.6379310344827587,0.7533333333333333,0.9186991869918699,0.8278388278388279
0.32011605020597445,1017,334,90,188,0.9186991869918699,0.6398467432950191,0.7527757216876387,0.9186991869918699,0.8275020341741253
0.3198199985698794,1018,334,89,188,0.919602529358627,0.6398467432950191,0.7529585798816568,0.919602529358627,0.8279788531923545
0.3194352568840439,1018,335,89,187,0.919602529358627,0.6417624521072797,0.7524020694752402,0.919602529358627,0.8276422764227642
0.31942481506883574,1018,336,89,186,0.919602529358627,0.6436781609195402,0.7518463810930576,0.919602529358627,0.8273059731816336
0.3192757284239623,1020,336,87,186,0.9214092140921409,0.6436781609195402,0.7522123893805309,0.9214092140921409,0.828258221680877
0.3191156099291938,1020,337,87,185,0.9214092140921409,0.6455938697318008,0.7516580692704495,0.9214092140921409,0.8279220779220781
0.31893539812407806,1021,337,86,185,0.9223125564588979,0.6455938697318008,0.751840942562592,0.9223125564588979,0.8283975659229208
0.31881196539245754,1021,338,86,184,0.9223125564588979,0.6475095785440613,0.7512877115526122,0.9223125564588979,0.8280616382806163
0.3178970029038014,1022,338,85,184,0.9232158988256549,0.6475095785440613,0.7514705882352941,0.9232158988256549,0.8285366842318606
0.31761923719910407,1022,339,85,183,0.9232158988256549,0.6494252873563219,0.7509184423218221,0.9232158988256549,0.8282009724473257
0.31722061145238684,1023,339,84,183,0.924119241192412,0.6494252873563219,0.751101321585903,0.924119241192412,0.8286755771567436
0.31711725038180016,1024,339,83,183,0.9250225835591689,0.6494252873563219,0.7512839325018342,0.9250225835591689,0.8291497975708503
0.31706608168221234,1024,340,83,182,0.9250225835591689,0.6513409961685823,0.750733137829912,0.9250225835591689,0.82881424524484
0.3169673321160009,1024,341,83,181,0.9250225835591689,0.6532567049808429,0.7501831501831502,0.9250225835591689,0.8284789644012945
0.31675459672250345,1024,342,83,180,0.9250225835591689,0.6551724137931034,0.7496339677891655,0.9250225835591689,0.8281439547108775
0.3164974618895727,1024,343,83,179,0.9250225835591689,0.657088122605364,0.7490855888807608,0.9250225835591689,0.8278092158447857
0.31627083751406226,1024,344,83,178,0.9250225835591689,0.6590038314176245,0.7485380116959064,0.9250225835591689,0.8274747474747475
0.3161584074692289,1025,344,82,178,0.9259259259259259,0.6590038314176245,0.7487216946676406,0.9259259259259259,0.8279483037156704
0.31615133556128155,1026,344,81,178,0.926829268292683,0.6590038314176245,0.7489051094890511,0.926829268292683,0.8284214775938635
0.31590713974021256,1027,344,80,178,0.9277326106594399,0.6590038314176245,0.7490882567469,0.9277326106594399,0.8288942695722357
0.3158862291087669,1027,345,80,177,0.9277326106594399,0.6609195402298851,0.7485422740524781,0.9277326106594399,0.8285599031867689
0.3157605236000034,1028,345,79,177,0.928635953026197,0.6609195402298851,0.7487254187909687,0.928635953026197,0.8290322580645162
0.3155618700860944,1028,346,79,176,0.928635953026197,0.6628352490421456,0.7481804949053857,0.928635953026197,0.8286981056025796
0.3155079549963547,1028,348,79,174,0.928635953026197,0.6666666666666666,0.747093023255814,0.928635953026197,0.8280306081353201
0.3152836990059268,1028,349,79,173,0.928635953026197,0.6685823754789272,0.7465504720406682,0.928635953026197,0.8276972624798712
0.3150603247120369,1028,350,79,172,0.928635953026197,0.6704980842911877,0.7460087082728593,0.928635953026197,0.827364185110664
0.31489873099417715,1028,351,79,171,0.928635953026197,0.6724137931034483,0.7454677302393038,0.928635953026197,0.827031375703942
0.31470807444172244,1029,351,78,171,0.9295392953929539,0.6724137931034483,0.7456521739130435,0.9295392953929539,0.827503015681544
0.3143581507441772,1029,352,78,170,0.9295392953929539,0.6743295019157088,0.7451122375090514,0.9295392953929539,0.8271704180064309
0.3137789824859099,1029,353,78,169,0.9295392953929539,0.6762452107279694,0.7445730824891461,0.9295392953929539,0.8268380875853757
0.3136957213500276,1031,353,76,169,0.931345980126468,0.6762452107279694,0.744942196531792,0.931345980126468,0.8277800080289041
0.31363104232279176,1031,354,76,168,0.931345980126468,0.6781609195402298,0.7444043321299639,0.931345980126468,0.8274478330658106
0.31316644097119767,1031,355,76,167,0.931345980126468,0.6800766283524904,0.7438672438672439,0.931345980126468,0.8271159245888487
0.3131600882976031,1032,355,75,167,0.9322493224932249,0.6800766283524904,0.7440519105984138,0.9322493224932249,0.8275862068965517
0.3128133303411528,1032,356,75,166,0.9322493224932249,0.6819923371647509,0.7435158501440923,0.9322493224932249,0.8272545090180362
0.31265178128935345,1032,357,75,165,0.9322493224932249,0.6839080459770115,0.7429805615550756,0.9322493224932249,0.826923076923077
0.31253965977651627,1032,358,75,164,0.9322493224932249,0.685823754789272,0.7424460431654676,0.9322493224932249,0.8265919102923508
0.3122338024104907,1032,359,75,163,0.9322493224932249,0.6877394636015326,0.7419122933141624,0.9322493224932249,0.8262610088070456
0.31215922266404966,1032,360,75,162,0.9322493224932249,0.6896551724137931,0.7413793103448276,0.9322493224932249,0.8259303721488594
0.31182166935826083,1032,361,75,161,0.9322493224932249,0.6915708812260536,0.7408470926058865,0.9322493224932249,0.8256
0.31108457844610127,1032,362,75,160,0.9322493224932249,0.6934865900383141,0.7403156384505022,0.9322493224932249,0.8252698920431827
0.3110817359988466,1033,362,74,160,0.9331526648599819,0.6934865900383141,0.7405017921146954,0.9331526648599819,0.8257394084732215
0.3110007063028628,1035,362,72,160,0.9349593495934959,0.6934865900383141,0.740873299928418,0.9349593495934959,0.8266773162939297
0.3107718625116596,1035,363,72,159,0.9349593495934959,0.6954022988505747,0.740343347639485,0.9349593495934959,0.8263473053892214
0.3103276785097868,1035,364,72,158,0.9349593495934959,0.6973180076628352,0.7398141529664046,0.9349593495934959,0.8260175578611334
0.31032539299972406,1035,365,72,157,0.9349593495934959,0.6992337164750958,0.7392857142857143,0.9349593495934959,0.8256880733944953
0.31019208834623724,1036,365,71,157,0.935862691960253,0.6992337164750958,0.7394718058529621,0.935862691960253,0.8261562998405104
0.310018949869063,1037,365,70,157,0.9367660343270099,0.6992337164750958,0.739657631954351,0.9367660343270099,0.8266241530490234
0.3093781600659184,1040,365,67,157,0.9394760614272809,0.6992337164750958,0.7402135231316725,0.9394760614272809,0.8280254777070063
0.30893842746936045,1041,365,66,157,0.940379403794038,0.6992337164750958,0.7403982930298719,0.940379403794038,0.828491842419419
0.30892716874712783,1041,366,66,156,0.940379403794038,0.7011494252873564,0.7398720682302772,0.940379403794038,0.8281622911694511
0.308752077492371,1041,367,66,155,0.940379403794038,0.7030651340996169,0.7393465909090909,0.940379403794038,0.8278330019880716
0.308498979781817,1042,367,65,155,0.941282746160795,0.7030651340996169,0.7395315826827538,0.941282746160795,0.8282988871224166
0.3083293329936065,1042,368,65,154,0.941282746160795,0.7049808429118773,0.7390070921985815,0.941282746160795,0.8279698053237982
0.30829100179484586,1042,369,65,153,0.941282746160795,0.7068965517241379,0.738483345145287,0.941282746160795,0.8276409849086576
0.30822673020024804,1042,370,65,152,0.941282746160795,0.7088122605363985,0.7379603399433428,0.941282746160795,0.8273124255657007
0.30817582592533965,1042,371,65,151,0.941282746160795,0.710727969348659,0.7374380750176929,0.941282746160795,0.8269841269841269
0.3078765661135344,1042,372,65,150,0.941282746160795,0.7126436781609196,0.7369165487977369,0.941282746160795,0.8266560888536295
0.30784627650380714,1043,372,64,150,0.9421860885275519,0.7126436781609196,0.7371024734982332,0.9421860885275519,0.8271213322759715
0.3077742796497179,1043,373,64,149,0.9421860885275519,0.7145593869731801,0.7365819209039548,0.9421860885275519,0.8267934998018233
0.3077501637233605,1043,374,64,148,0.9421860885275519,0.7164750957854407,0.7360621030345801,0.9421860885275519,0.8264659270998416
0.30771046787684864,1044,374,63,148,0.943089430894309,0.7164750957854407,0.7362482369534555,0.943089430894309,0.8269306930693069
0.3075634627709081,1045,374,62,148,0.9439927732610659,0.7164750957854407,0.7364341085271318,0.9439927732610659,0.8273950910530482
0.3074419696423045,1045,375,62,147,0.9439927732610659,0.7183908045977011,0.7359154929577465,0.9439927732610659,0.8270676691729323
0.30743982202680636,1046,375,61,147,0.9448961156278229,0.7183908045977011,0.7361013370865588,0.9448961156278229,0.8275316455696203
0.3074017282821575,1047,375,60,147,0.94579945799458,0.7183908045977011,0.7362869198312236,0.94579945799458,0.8279952550415184
0.3071585531871817,1047,376,60,146,0.94579945799458,0.7203065134099617,0.735769501054111,0.94579945799458,0.8276679841897232
0.3071028331786317,1049,376,58,146,0.947606142728094,0.7203065134099617,0.736140350877193,0.947606142728094,0.8285939968404423
0.30689472335570034,1049,377,58,145,0.947606142728094,0.7222222222222222,0.7356241234221599,0.947606142728094,0.8282668772206869
0.30672431078138707,1050,377,57,145,0.948509485094851,0.7222222222222222,0.7358093903293623,0.948509485094851,0.8287292817679558
0.30652566859509806,1050,378,57,144,0.948509485094851,0.7241379310344828,0.7352941176470589,0.948509485094851,0.8284023668639054
0.30646625971800934,1050,379,57,143,0.948509485094851,0.7260536398467433,0.7347795661301609,0.948509485094851,0.8280757097791798
0.3064651623061549,1050,380,57,142,0.948509485094851,0.7279693486590039,0.7342657342657343,0.948509485094851,0.8277493102089082
0.30630617084166745,1051,380,56,142,0.9494128274616079,0.7279693486590039,0.7344514325646401,0.9494128274616079,0.8282111899133175
0.30627707114488906,1052,380,55,142,0.950316169828365,0.7279693486590039,0.7346368715083799,0.950316169828365,0.8286727057896809
0.30620102295455437,1052,381,55,141,0.950316169828365,0.7298850574712644,0.7341242149337055,0.950316169828365,0.8283464566929133
0.30571685314895386,1054,381,53,141,0.952122854561879,0.7298850574712644,0.7344947735191638,0.952122854561879,0.8292682926829269
0.30568849720313124,1054,382,53,140,0.952122854561879,0.7318007662835249,0.733983286908078,0.952122854561879,0.8289421942587495
0.30532884054875803,1054,383,53,139,0.952122854561879,0.7337164750957854,0.7334725121781489,0.952122854561879,0.8286163522012578
0.3053175970613753,1054,384,53,138,0.952122854561879,0.735632183908046,0.7329624478442281,0.952122854561879,0.8282907662082515
0.30507966738474057,1055,384,52,138,0.953026196928636,0.735632183908046,0.7331480194579569,0.953026196928636,0.8287509819324431
0.3049115552929557,1055,385,52,137,0.953026196928636,0.7375478927203065,0.7326388888888888,0.953026196928636,0.82842559874362
0.3047433062574406,1055,386,52,136,0.953026196928636,0.7394636015325671,0.7321304649548924,0.953026196928636,0.8281004709576137
0.3046845906917234,1055,387,52,135,0.953026196928636,0.7413793103448276,0.731622746185853,0.953026196928636,0.8277755982738328
0.30445869004592213,1056,387,51,135,0.9539295392953929,0.7413793103448276,0.7318087318087318,0.9539295392953929,0.8282352941176472
0.3044369472036669,1056,388,51,134,0.9539295392953929,0.7432950191570882,0.7313019390581718,0.9539295392953929,0.8279106232849863
0.30439184013221027,1056,389,51,133,0.9539295392953929,0.7452107279693486,0.730795847750865,0.9539295392953929,0.8275862068965517
0.3039954017317629,1056,390,51,132,0.9539295392953929,0.7471264367816092,0.7302904564315352,0.9539295392953929,0.827262044653349
0.3038705923285561,1056,391,51,131,0.9539295392953929,0.7490421455938697,0.7297857636489288,0.9539295392953929,0.826938136256852
0.30372050454180677,1057,391,50,131,0.95483288166215,0.7490421455938697,0.7299723756906077,0.95483288166215,0.8273972602739725
0.30368406412636983,1057,392,50,130,0.95483288166215,0.7509578544061303,0.7294685990338164,0.95483288166215,0.8270735524256652
0.3036399932466834,1057,393,50,129,0.95483288166215,0.7528735632183908,0.7289655172413793,0.95483288166215,0.8267500977708252
0.3035953834920667,1057,394,50,128,0.95483288166215,0.7547892720306514,0.7284631288766368,0.95483288166215,0.8264268960125098
0.3034776029771572,1057,395,50,127,0.95483288166215,0.7567049808429118,0.727961432506887,0.95483288166215,0.82610394685424
0.30305192102812245,1057,396,50,126,0.95483288166215,0.7586206896551724,0.7274604267033723,0.95483288166215,0.8257812499999999
0.3030494351875911,1057,397,50,125,0.95483288166215,0.7605363984674329,0.7269601100412655,0.95483288166215,0.8254588051542366
0.3030146208389542,1057,398,50,124,0.95483288166215,0.7624521072796935,0.7264604810996563,0.95483288166215,0.8251366120218578
0.3030115504113653,1057,399,50,123,0.95483288166215,0.764367816091954,0.7259615384615384,0.95483288166215,0.8248146703082325
0.30285644505824694,1057,400,50,122,0.95483288166215,0.7662835249042146,0.7254632807137955,0.95483288166215,0.8244929797191888
0.30255804263529046,1060,400,47,122,0.957542908762421,0.7662835249042146,0.726027397260274,0.957542908762421,0.8258667705492794
0.3024417867689101,1060,401,47,121,0.957542908762421,0.7681992337164751,0.7255304585900069,0.957542908762421,0.8255451713395638
0.30176057931283073,1061,401,46,121,0.9584462511291779,0.7681992337164751,0.725718194254446,0.9584462511291779,0.8260023355391203
0.3011584928061931,1062,401,45,121,0.959349593495935,0.7681992337164751,0.7259056732740943,0.959349593495935,0.8264591439688714
0.30102048022991545,1063,401,44,121,0.960252935862692,0.7681992337164751,0.7260928961748634,0.960252935862692,0.8269155970439517
0.30060479394867523,1063,402,44,120,0.960252935862692,0.7701149425287356,0.7255972696245734,0.960252935862692,0.8265940902021774
0.3006046598103655,1064,402,43,120,0.9611562782294489,0.7701149425287356,0.7257844474761255,0.9611562782294489,0.8270501360279829
0.3005070689152979,1065,402,42,120,0.962059620596206,0.7701149425287356,0.7259713701431493,0.962059620596206,0.8275058275058275
0.3004278275186843,1065,403,42,119,0.962059620596206,0.7720306513409961,0.7254768392370572,0.962059620596206,0.8271844660194175
0.29990753818571086,1066,403,41,119,0.9629629629629629,0.7720306513409961,0.7256637168141593,0.9629629629629629,0.827639751552795
0.2996516375172778,1066,404,41,118,0.9629629629629629,0.7739463601532567,0.7251700680272108,0.9629629629629629,0.8273185875048507
0.2995031525486844,1067,404,40,118,0.96386630532972,0.7739463601532567,0.7253569000679809,0.96386630532972,0.8277734678044997
0.29944976206986534,1067,405,40,117,0.96386630532972,0.7758620689655172,0.7248641304347826,0.96386630532972,0.8274525009693681
0.2993900510880992,1067,406,40,116,0.96386630532972,0.7777777777777778,0.7243720298710116,0.96386630532972,0.8271317829457364
0.29937711690924146,1067,407,40,115,0.96386630532972,0.7796934865900383,0.7238805970149254,0.96386630532972,0.8268113134444014
0.2990888652969796,1067,408,40,114,0.96386630532972,0.7816091954022989,0.7233898305084746,0.96386630532972,0.8264910921766072
0.2984822644401412,1067,409,40,113,0.96386630532972,0.7835249042145593,0.7228997289972899,0.96386630532972,0.8261711188540457
0.29823438861209484,1067,410,40,112,0.96386630532972,0.7854406130268199,0.7224102911306702,0.96386630532972,0.8258513931888544
0.2981833208407959,1067,411,40,111,0.96386630532972,0.7873563218390804,0.7219215155615697,0.96386630532972,0.8255319148936171
0.29801555455030954,1068,411,39,111,0.964769647696477,0.7873563218390804,0.7221095334685599,0.964769647696477,0.8259860788863108
0.29773432834909447,1068,412,39,110,0.964769647696477,0.789272030651341,0.7216216216216216,0.964769647696477,0.8256667955160417
0.297573554747909,1069,412,38,110,0.9656729900632339,0.789272030651341,0.7218095881161377,0.9656729900632339,0.8261205564142196
0.29734478208421233,1069,413,38,109,0.9656729900632339,0.7911877394636015,0.7213225371120108,0.9656729900632339,0.8258014677481652
0.29730383865117693,1070,413,37,109,0.966576332429991,0.7911877394636015,0.7215104517869184,0.966576332429991,0.8262548262548263
0.2969590548888557,1070,414,37,108,0.966576332429991,0.7931034482758621,0.7210242587601078,0.966576332429991,0.8259359320725588
0.29693576499385754,1070,415,37,107,0.966576332429991,0.7950191570881227,0.7205387205387206,0.966576332429991,0.8256172839506173
0.29687871964494594,1070,416,37,106,0.966576332429991,0.7969348659003831,0.7200538358008075,0.966576332429991,0.8252988816043194
0.296725609682573,1071,416,36,106,0.967479674796748,0.7969348659003831,0.7202420981842637,0.967479674796748,0.8257517347725521
0.2966419160422295,1073,416,34,106,0.969286359530262,0.7969348659003831,0.7206178643384822,0.969286359530262,0.8266563944530045
0.29639747086002954,1074,416,33,106,0.9701897018970189,0.7969348659003831,0.7208053691275168,0.9701897018970189,0.8271082017712745
0.2963350164446337,1075,416,32,106,0.971093044263776,0.7969348659003831,0.7209926224010731,0.971093044263776,0.827559661277906
0.29584328201562243,1075,417,32,105,0.971093044263776,0.7988505747126436,0.7205093833780161,0.971093044263776,0.8272412466333205
0.2957745781532856,1075,418,32,104,0.971093044263776,0.8007662835249042,0.7200267916945747,0.971093044263776,0.8269230769230771
0.2954106065577582,1075,419,32,103,0.971093044263776,0.8026819923371648,0.7195448460508701,0.971093044263776,0.8266051518646673
0.29539863223175417,1075,420,32,102,0.971093044263776,0.8045977011494253,0.7190635451505016,0.971093044263776,0.8262874711760184
0.2953943175970329,1075,421,32,101,0.971093044263776,0.8065134099616859,0.7185828877005348,0.971093044263776,0.8259700345754899
0.29534351469038816,1076,421,31,101,0.971996386630533,0.8065134099616859,0.7187708750835003,0.971996386630533,0.8264208909370201
0.29476716565621724,1076,422,31,100,0.971996386630533,0.8084291187739464,0.7182910547396528,0.971996386630533,0.8261036468330134
0.2945198795553899,1077,422,30,100,0.9728997289972899,0.8084291187739464,0.7184789859906604,0.9728997289972899,0.8265541059094397
0.2944468094319833,1077,423,30,99,0.9728997289972899,0.8103448275862069,0.718,0.9728997289972899,0.8262370540851554
0.2943614400567313,1077,424,30,98,0.9728997289972899,0.8122605363984674,0.7175216522318454,0.9728997289972899,0.825920245398773
0.29424146166920834,1077,425,30,97,0.9728997289972899,0.814176245210728,0.7170439414114514,0.9728997289972899,0.8256036795707168
0.2940925432684553,1077,426,30,96,0.9728997289972899,0.8160919540229885,0.716566866267465,0.9728997289972899,0.825287356321839
0.29407086792910603,1077,427,30,95,0.9728997289972899,0.8180076628352491,0.7160904255319149,0.9728997289972899,0.8249712753734201
0.2940663570647869,1077,428,30,94,0.9728997289972899,0.8199233716475096,0.7156146179401993,0.9728997289972899,0.8246554364471669
0.2934526938141007,1077,429,30,93,0.9728997289972899,0.8218390804597702,0.7151394422310757,0.9728997289972899,0.8243398392652125
0.2929058730496684,1077,430,30,92,0.9728997289972899,0.8237547892720306,0.7146648971466489,0.9728997289972899,0.8240244835501146
0.29265610341377335,1077,431,30,91,0.9728997289972899,0.8256704980842912,0.7141909814323607,0.9728997289972899,0.8237093690248566
0.29251829628393156,1077,433,30,89,0.9728997289972899,0.8295019157088123,0.7132450331125828,0.9728997289972899,0.823079862437906
0.29249000622907945,1077,434,30,88,0.9728997289972899,0.8314176245210728,0.7127729980145598,0.9728997289972899,0.8227654698242933
0.29236732556361916,1077,435,30,87,0.9728997289972899,0.8333333333333334,0.7123015873015873,0.9728997289972899,0.8224513172966781
0.2911093508954891,1078,435,29,87,0.973803071364047,0.8333333333333334,0.712491738268341,0.973803071364047,0.8229007633587786
0.2909775983639166,1079,435,28,87,0.974706413730804,0.8333333333333334,0.7126816380449141,0.974706413730804,0.823349866463182
0.2908730244982238,1080,435,27,87,0.975609756097561,0.8333333333333334,0.7128712871287128,0.975609756097561,0.8237986270022883
0.2908369230532098,1080,436,27,86,0.975609756097561,0.8352490421455939,0.712401055408971,0.975609756097561,0.8234845596645064
0.29083235925003786,1081,436,26,86,0.976513098464318,0.8352490421455939,0.7125906394199077,0.976513098464318,0.8239329268292683
0.29040386141386665,1081,437,26,85,0.976513098464318,0.8371647509578544,0.7121212121212122,0.976513098464318,0.8236190476190476
0.2900392525419524,1081,438,26,84,0.976513098464318,0.8390804597701149,0.7116524028966426,0.976513098464318,0.8233054074638233
0.2896219406820897,1081,440,26,82,0.976513098464318,0.842911877394636,0.7107166337935569,0.976513098464318,0.8226788432267885
0.28929884408543116,1081,441,26,81,0.976513098464318,0.8448275862068966,0.7102496714848883,0.976513098464318,0.8223659186002282
0.28903916958108095,1081,442,26,80,0.976513098464318,0.8467432950191571,0.7097833223900197,0.976513098464318,0.8220532319391636
0.2884403482823567,1081,443,26,79,0.976513098464318,0.8486590038314177,0.7093175853018373,0.976513098464318,0.821740782972254
0.28817638328284456,1082,443,25,79,0.9774164408310749,0.8486590038314177,0.7095081967213115,0.9774164408310749,0.8221884498480244
0.2880135876076848,1083,443,24,79,0.978319783197832,0.8486590038314177,0.7096985583224116,0.978319783197832,0.8226357766805924
0.28771149794802886,1083,444,24,78,0.978319783197832,0.8505747126436781,0.7092337917485265,0.978319783197832,0.8223234624145787
0.28747691309090523,1083,445,24,77,0.978319783197832,0.8524904214559387,0.7087696335078534,0.978319783197832,0.822011385199241
0.28684179515017877,1083,446,24,76,0.978319783197832,0.8544061302681992,0.7083060824068018,0.978319783197832,0.8216995447647952
0.28680687395214,1083,447,24,75,0.978319783197832,0.8563218390804598,0.707843137254902,0.978319783197832,0.8213879408418657
0.2867071444159328,1083,448,24,74,0.978319783197832,0.8582375478927203,0.7073807968647943,0.978319783197832,0.821076573161486
0.28661604674401603,1084,448,23,74,0.979223125564589,0.8582375478927203,0.7075718015665796,0.979223125564589,0.8215233042819249
0.2863304215064591,1086,448,21,74,0.981029810298103,0.8582375478927203,0.7079530638852672,0.981029810298103,0.8224157516092389
0.2854041407476943,1087,448,20,74,0.98193315266486,0.8582375478927203,0.70814332247557,0.98193315266486,0.8228614685844057
0.28538147421018556,1088,448,19,74,0.982836495031617,0.8582375478927203,0.7083333333333334,0.982836495031617,0.8233068482784714
0.28511006693396646,1088,449,19,73,0.982836495031617,0.8601532567049809,0.7078724788549121,0.982836495031617,0.8229954614220877
0.2847629930167217,1088,450,19,72,0.982836495031617,0.8620689655172413,0.7074122236671001,0.982836495031617,0.8226843100189035
0.28474645767723045,1088,451,19,71,0.982836495031617,0.8639846743295019,0.7069525666016894,0.982836495031617,0.8223733938019653
0.2843965892801832,1088,452,19,70,0.982836495031617,0.8659003831417624,0.7064935064935065,0.982836495031617,0.8220627125047222
0.28425601889075913,1088,453,19,69,0.982836495031617,0.867816091954023,0.7060350421804024,0.982836495031617,0.8217522658610272
0.2840785435096841,1089,453,18,69,0.983739837398374,0.867816091954023,0.7062256809338522,0.983739837398374,0.8221970554926389
0.2837270745811373,1089,454,18,68,0.983739837398374,0.8697318007662835,0.7057679844458846,0.983739837398374,0.8218867924528301
0.28351258651131217,1089,455,18,67,0.983739837398374,0.8716475095785441,0.7053108808290155,0.983739837398374,0.8215767634854771
0.2832175565586328,1089,456,18,66,0.983739837398374,0.8735632183908046,0.7048543689320388,0.983739837398374,0.8212669683257917
0.2830246157942747,1090,456,17,66,0.9846431797651309,0.8735632183908046,0.705045278137128,0.9846431797651309,0.8217112702600828
0.28272978759046213,1090,457,17,65,0.9846431797651309,0.8754789272030651,0.7045895281189399,0.9846431797651309,0.8214016578749058
0.28240884812270595,1090,458,17,64,0.9846431797651309,0.8773946360153256,0.7041343669250646,0.9846431797651309,0.8210922787193974
0.2817687867862678,1090,459,17,63,0.9846431797651309,0.8793103448275862,0.7036797934151066,0.9846431797651309,0.8207831325301204
0.28162218767358194,1090,460,17,62,0.9846431797651309,0.8812260536398467,0.7032258064516129,0.9846431797651309,0.8204742190440346
0.2813516078514961,1090,461,17,61,0.9846431797651309,0.8831417624521073,0.7027724049000644,0.9846431797651309,0.820165537998495
0.2808425163160888,1090,462,17,60,0.9846431797651309,0.8850574712643678,0.7023195876288659,0.9846431797651309,0.8198570891312523
0.2805178976373484,1090,464,17,58,0.9846431797651309,0.8888888888888888,0.7014157014157014,0.9846431797651309,0.8192408868846299
0.2804276649196687,1090,465,17,57,0.9846431797651309,0.8908045977011494,0.7009646302250804,0.9846431797651309,0.8189331329827197
0.2802701044023583,1090,466,17,56,0.9846431797651309,0.89272030651341,0.7005141388174807,0.9846431797651309,0.8186256102140443
0.28009975238816126,1090,467,17,55,0.9846431797651309,0.8946360153256705,0.7000642260757868,0.9846431797651309,0.8183183183183182
0.27967161381897226,1090,468,17,54,0.9846431797651309,0.896551724137931,0.699614890885751,0.9846431797651309,0.8180112570356474
0.27963854180499237,1090,469,17,53,0.9846431797651309,0.8984674329501916,0.6991661321359846,0.9846431797651309,0.8177044261065266
0.2795787495557845,1090,471,17,51,0.9846431797651309,0.9022988505747126,0.6982703395259449,0.9846431797651309,0.8170914542728634
0.278918497885189,1091,471,16,51,0.985546522131888,0.9022988505747126,0.6984635083226632,0.985546522131888,0.817534657174972
0.2787554844798344,1091,472,16,50,0.985546522131888,0.9042145593869731,0.6980166346769033,0.985546522131888,0.8172284644194757
0.2785879993708059,1091,473,16,49,0.985546522131888,0.9061302681992337,0.6975703324808185,0.985546522131888,0.8169225009359791
0.278575472232482,1091,474,16,48,0.985546522131888,0.9080459770114943,0.6971246006389776,0.985546522131888,0.8166167664670659
0.27857465040724894,1092,474,15,48,0.986449864498645,0.9080459770114943,0.6973180076628352,0.986449864498645,0.8170594837261503
0.2779987381406478,1092,475,15,47,0.986449864498645,0.9099616858237548,0.6968730057434588,0.986449864498645,0.8167539267015708
0.2772128954002615,1092,476,15,46,0.986449864498645,0.9118773946360154,0.6964285714285714,0.986449864498645,0.8164485981308411
0.2767895976338712,1092,477,15,45,0.986449864498645,0.9137931034482759,0.6959847036328872,0.986449864498645,0.8161434977578477
0.27657185456572214,1094,477,13,45,0.988256549232159,0.9137931034482759,0.6963717377466582,0.988256549232159,0.8170276325616131
0.27652551714394197,1095,477,12,45,0.989159891598916,0.9137931034482759,0.6965648854961832,0.989159891598916,0.8174692049272116
0.27609901027365874,1095,478,12,44,0.989159891598916,0.9157088122605364,0.6961220597584233,0.989159891598916,0.8171641791044776
0.27582973445785264,1095,479,12,43,0.989159891598916,0.9176245210727969,0.6956797966963151,0.989159891598916,0.8168593808280491
0.27577869041289116,1097,479,10,43,0.99096657633243,0.9176245210727969,0.6960659898477157,0.99096657633243,0.8177413343272456
0.2757172250743722,1097,481,10,41,0.99096657633243,0.921455938697318,0.6951837769328264,0.99096657633243,0.8171322160148976
0.275537771625009,1097,483,10,39,0.99096657633243,0.9252873563218391,0.6943037974683545,0.99096657633243,0.8165240044659472
0.275301579917478,1097,484,10,38,0.99096657633243,0.9272030651340997,0.693864642631246,0.99096657633243,0.8162202380952381
0.27527574207572164,1097,485,10,37,0.99096657633243,0.9291187739463601,0.6934260429835651,0.99096657633243,0.8159166976571216
0.27458960405026595,1097,486,10,36,0.99096657633243,0.9310344827586207,0.6929879974731522,0.99096657633243,0.8156133828996283
0.2740665119227684,1098,486,9,36,0.991869918699187,0.9310344827586207,0.6931818181818182,0.991869918699187,0.8160535117056857
0.27404081353767995,1099,486,8,36,0.992773261065944,0.9310344827586207,0.6933753943217665,0.992773261065944,0.8164933135215453
0.2739794234961517,1099,488,8,34,0.992773261065944,0.9348659003831418,0.6925015752993069,0.992773261065944,0.8158871566443949
0.27385685070724275,1100,488,7,34,0.993676603432701,0.9348659003831418,0.6926952141057935,0.993676603432701,0.8163265306122449
0.2735981467978517,1100,490,7,32,0.993676603432701,0.9386973180076629,0.6918238993710691,0.993676603432701,0.8157211716722284
0.27332549445838217,1101,491,6,31,0.994579945799458,0.9406130268199234,0.6915829145728644,0.994579945799458,0.8158577250833642
0.27328467309431564,1101,497,6,25,0.994579945799458,0.9521072796934866,0.6889862327909887,0.994579945799458,0.8140480591497227
0.27325854197054766,1101,498,6,24,0.994579945799458,0.9540229885057471,0.6885553470919324,0.994579945799458,0.8137472283813748
0.2729479455283663,1101,499,6,23,0.994579945799458,0.9559386973180076,0.688125,0.994579945799458,0.8134466198743996
0.27078196525410464,1101,501,6,21,0.994579945799458,0.9597701149425287,0.6872659176029963,0.994579945799458,0.8128460686600221
0.2707702150719335,1101,502,6,20,0.994579945799458,0.9616858237547893,0.686837180286962,0.994579945799458,0.8125461254612546
0.27052205412951197,1102,502,5,20,0.995483288166215,0.9616858237547893,0.6870324189526185,0.995483288166215,0.8129841386942087
0.2702465976089957,1102,503,5,19,0.995483288166215,0.9636015325670498,0.6866043613707166,0.995483288166215,0.8126843657817111
0.2700736689576441,1102,504,5,18,0.995483288166215,0.9655172413793104,0.6861768368617683,0.995483288166215,0.8123848138591965
0.26799845794476146,1102,507,5,15,0.995483288166215,0.9712643678160919,0.6848974518334369,0.995483288166215,0.8114874815905744
0.2669250332112662,1102,508,5,14,0.995483288166215,0.9731800766283525,0.684472049689441,0.995483288166215,0.8111888111888111
0.26587545508763016,1104,513,3,9,0.997289972899729,0.9827586206896551,0.6827458256029685,0.997289972899729,0.8105726872246696
0.26534978818751376,1105,513,2,9,0.998193315266486,0.9827586206896551,0.6829419035846724,0.998193315266486,0.8110091743119267
0.2622830475825396,1107,522,0,0,1.0,1.0,0.6795580110497238,1.0,0.8092105263157895